ticker,baseline,model,family,feature_count,seed,offset,suite,n_obs,delta_smape_pp,delta_mae,win_rate_pct,dm_abs_stat,dm_abs_p,dm_smape_stat,dm_smape_p
AAPL,HAR,PM_FC3,PM_FC,3.0,,,capacity,36739,1.3426486055026334,1.2951607194180012e-05,51.10917553553445,7.942699606762974,1.978276388815256e-15,13.456635489122425,2.814424051578298e-41
AAPL,HAR,CP_FC3,CP_FC,3.0,,,capacity,36739,1.1653823732730324,1.0940391465757361e-05,51.24527069326873,7.473022553253791,7.837340865213857e-14,13.352322682255357,1.1481237123884444e-40
AAPL,HAR,EQWIN_FC3,EQWIN,3.0,,,capacity,36739,1.8631602452089981,2.0442368227083585e-05,53.21048477095185,11.488563140791182,1.5059588479118567e-30,17.628262312374275,1.4949131081614196e-69
AAPL,HAR,PREFIX_FC3,PREFIX,3.0,,,capacity,36739,1.9347973765054034,2.154929732889963e-05,53.294863768747106,11.910978077321774,1.0375303215406762e-32,18.049515621578422,7.958560937893312e-73
AAPL,HAR,PM_FC6,PM_FC,6.0,,,capacity,36739,1.3422839048579442,1.2855845678260702e-05,51.049293666131355,7.8580741246074,3.900844535847285e-15,13.448998027369864,3.1207227609145043e-41
AAPL,HAR,CP_FC6,CP_FC,6.0,,,capacity,36739,1.8395051628947572,2.0039406811991614e-05,52.98728871226762,11.12671355784285,9.30014376874684e-29,16.15788102169632,9.993824736509133e-59
AAPL,HAR,EQWIN_FC6,EQWIN,6.0,,,capacity,36739,2.001696891376289,2.2350760749803797e-05,53.439124635945454,12.09682248420141,1.0977867054762305e-33,18.16325243149092,1.0086794315962773e-73
AAPL,HAR,PREFIX_FC6,PREFIX,6.0,,,capacity,36739,2.062719333900076,2.3056131082066572e-05,53.44729034540951,12.582861252573569,2.623523974767165e-36,18.98750929876009,2.163495695271341e-80
AAPL,HAR,PM_FC9,PM_FC,9.0,,,capacity,36739,1.3362296577742023,1.2818455973383742e-05,51.220773564876566,7.840835012231132,4.475601772720975e-15,13.34970179970206,1.1892402444734803e-40
AAPL,HAR,CP_FC9,CP_FC,9.0,,,capacity,36739,2.0363673339554453,2.279417771817164e-05,53.033561065897274,12.245136328984948,1.783770966718177e-34,16.49342565983911,4.090837134386397e-61
AAPL,HAR,EQWIN_FC9,EQWIN,9.0,,,capacity,36739,2.04029301335121,2.2857363766703884e-05,53.433680829636074,12.354781295701251,4.5900273454755474e-35,18.56906410161512,5.7191123678847234e-77
AAPL,HAR,PREFIX_FC9,PREFIX,9.0,,,capacity,36739,2.058601814042564,2.2938650346021396e-05,53.460899861182945,12.298520473454294,9.224836579772552e-35,18.46737368679069,3.780339030075741e-76
AAPL,HAR,SHIFTWIN_FC6_O1,SHIFTWIN,6.0,,1.0,contiguous,36739,1.7268329899974606,1.8523716174084695e-05,52.36941669615395,10.689916584601555,1.1347298859368023e-26,16.663332877323946,2.4214653583759583e-62
AAPL,HAR,SHIFTWIN_FC6_O3,SHIFTWIN,6.0,,3.0,contiguous,36739,1.9975605245349408,2.2253810451772233e-05,53.455456054873565,12.189326157583146,3.5433914943587463e-34,18.34331566117107,3.733180141915293e-75
AAPL,HAR,SHIFTWIN_FC6_O5,SHIFTWIN,6.0,,5.0,contiguous,36739,1.7978427150417442,1.9326010500635793e-05,52.317700536214915,11.026613805635147,2.8437154732798485e-28,17.033721439171977,4.6172271801237255e-65
AAPL,HAR,SHIFTWIN_FC9_O1,SHIFTWIN,9.0,,1.0,contiguous,36739,1.7982454447579777,1.9090917794236144e-05,52.72054220310841,10.863798075154754,1.7146607976068586e-27,16.815549469676746,1.877437286874275e-63
AAPL,HAR,SHIFTWIN_FC9_O3,SHIFTWIN,9.0,,3.0,contiguous,36739,1.8032512513582457,1.934934468653204e-05,52.68243555894281,10.992467800848937,4.15409919968044e-28,16.756785604670462,5.052100521729933e-63
AAPL,HAR,SHIFTWIN_FC9_O5,SHIFTWIN,9.0,,5.0,contiguous,36739,1.799145672009598,1.9324238698418548e-05,52.6661041400147,11.012766945402172,3.3165869920950644e-28,16.89105841034639,5.235531161160146e-64
AAPL,HAR,PM,PM,10.0,,,core,36739,1.3359452211565626,1.2827073299618192e-05,51.160891695473474,7.8518554772238405,4.099267166993493e-15,13.363830184794184,9.836933060346782e-41
AAPL,HAR,CP,CP,10.0,,,core,36739,2.0799649011563743,2.353443484724336e-05,53.087999128990994,12.44227182488638,1.540588884181162e-35,16.720331327126644,9.319963804905834e-63
AAPL,HAR,EWMA,EWMA,,,,external,36739,-11.744500792714984,-0.0004323872571416049,29.687797708157543,-25.346874392921986,9.72855316072162e-142,-36.948421677317775,7.721164034358606e-299
AAPL,HAR,HARQ,HARQ,4.0,,,external,35719,0.25913585312618265,-0.00011927532422629849,50.62851703575129,-1.567944239188351,0.11689414616603443,3.0699715745096006,0.0021407914491908555
AAPL,HAR,HAR_TCJ,HAR_TCJ,,,,external,32682,1.2272708700440105,9.319584636091143e-06,53.093445933541396,5.57111227172455,2.5311814203760948e-08,12.62521124995896,1.533294259105455e-36
AAPL,HAR,GARCH11,GARCH11,,,,external,36739,-18.448536080095323,-0.0005107743726863278,23.541740384877105,-47.308368420700226,0.0,-60.22886736948776,0.0
AAPL,HAR,COMP_COPRIME_FC6,COMP_COPRIME,6.0,,,modulo,36739,1.338205833246241,1.2860527200313857e-05,51.27248972481559,7.856953130565995,3.9359004329421544e-15,13.339676370033251,1.360488671739604e-40
AAPL,HAR,COMP_NONCOPRIME_FC6,COMP_NONCOPRIME,6.0,,,modulo,36739,1.327425254964776,1.2608213072068998e-05,51.06562508505947,7.717505349647735,1.1862855150459589e-14,13.286197740962416,2.7836820236851852e-40
AAPL,HAR,COMP_COPRIME_FC9,COMP_COPRIME,9.0,,,modulo,36739,1.3443282323092078,1.2943016492019601e-05,51.098287922915695,7.829813444382935,4.885944150909918e-15,13.305580568087072,2.1481797120983967e-40
AAPL,HAR,COMP_NONCOPRIME_FC9,COMP_NONCOPRIME,9.0,,,modulo,36739,1.3332449941160252,1.2653605728249059e-05,51.29698685320776,7.652222675072377,1.9753478883719125e-14,13.284522375055621,2.846690455135875e-40
AAPL,HAR,RAND_FC3_S0,RAND,3.0,0.0,,random,36739,1.1498855586700152,1.0735403379572837e-05,50.66278341816598,7.07527774607507,1.4914972685172812e-12,12.438846944838781,1.6080849692990782e-35
AAPL,HAR,CRS_FC3_S0,CRS,3.0,0.0,,random,36739,1.8023289377166485,1.9728153133355393e-05,53.8882386564686,11.656835732264387,2.117668055964703e-31,18.000840932253368,1.9188327489649503e-72
AAPL,HAR,RAND_FC3_S1,RAND,3.0,1.0,,random,36739,1.3987026117244403,1.3545136194336167e-05,51.201720242793755,8.331540808684142,7.979692152628173e-17,14.153024746707082,1.7889399612140924e-45
AAPL,HAR,CRS_FC3_S1,CRS,3.0,1.0,,random,36739,1.0542300390888828,1.0278378540173473e-05,51.80870464628868,7.52059088632356,5.4529231306792356e-14,13.36406716975196,9.805656243660673e-41
AAPL,HAR,RAND_FC3_S2,RAND,3.0,2.0,,random,36739,1.293496696159012,1.2968746746869513e-05,51.51746100873731,8.726134609413506,2.6352499353753124e-18,14.177604532960972,1.2607723479554794e-45
AAPL,HAR,CRS_FC3_S2,CRS,3.0,2.0,,random,36739,1.5987358764700859,1.6754230038064466e-05,52.505511853888244,10.065577951363922,7.842533928231078e-24,16.124570556855087,1.7144668547704405e-58
AAPL,HAR,RAND_FC6_S0,RAND,6.0,0.0,,random,36739,1.1598767837905994,1.0809044643922823e-05,50.92952992732519,7.020059739163986,2.2177340263959363e-12,12.353059179039946,4.689371206265642e-35
AAPL,HAR,CRS_FC6_S0,CRS,6.0,0.0,,random,36739,1.9456017171450026,2.1504897988758276e-05,53.20231906148779,11.891792538488705,1.3057371316811024e-32,17.997430231946623,2.0407044266991656e-72
AAPL,HAR,RAND_FC6_S1,RAND,6.0,1.0,,random,36739,1.421650517944264,1.3915628592135252e-05,51.34325920683742,8.530604055116282,1.4558551555386026e-17,14.426758082111968,3.512052718024368e-47
AAPL,HAR,CRS_FC6_S1,CRS,6.0,1.0,,random,36739,1.612345680901144,1.78015213398177e-05,52.65521652739595,10.727458565943742,7.56481023436984e-27,16.452314908238574,8.072306936414273e-61
AAPL,HAR,RAND_FC6_S2,RAND,6.0,2.0,,random,36739,1.5502448044723138,1.5861652137696145e-05,52.20610250687281,9.79350007921341,1.2006612733406055e-22,15.66064465444932,2.8103408767613286e-55
AAPL,HAR,CRS_FC6_S2,CRS,6.0,2.0,,random,36739,1.6705891383726388,1.8032835204641558e-05,52.86752497346144,10.629705820297335,2.1679523725391024e-26,16.781345721986796,3.341766332235489e-63
AAPL,HAR,RAND_FC9_S0,RAND,9.0,0.0,,random,36739,1.2002825398528056,1.105821566277582e-05,50.627398677155064,6.988606723224492,2.7762944679938786e-12,12.479251651851785,9.689301728694471e-36
AAPL,HAR,CRS_FC9_S0,CRS,9.0,0.0,,random,36739,1.971279601556006,2.1755247594684116e-05,53.28397615612837,11.962510004836227,5.584787291842951e-33,18.150694688896834,1.2678722091945158e-73
AAPL,HAR,RAND_FC9_S1,RAND,9.0,1.0,,random,36739,1.543198119602293,1.5196951811623092e-05,51.707994229565315,9.124634918997174,7.197844646996738e-20,15.196161608429612,3.749574123712882e-52
AAPL,HAR,CRS_FC9_S1,CRS,9.0,1.0,,random,36739,1.5759674307830391,1.743310921716376e-05,52.67154794632407,10.529789709998614,6.297500727711054e-26,15.796236553618401,3.3025312229940892e-56
AAPL,HAR,RAND_FC9_S2,RAND,9.0,2.0,,random,36739,1.5951032566219177,1.6461001317424313e-05,52.61710988323035,9.879301521715165,5.118845488875649e-23,15.865292438323822,1.1020298111016783e-56
AAPL,HAR,CRS_FC9_S2,CRS,9.0,2.0,,random,36739,1.751994866934681,1.858333676403707e-05,52.64432891477722,10.644532303121931,1.8491051554841808e-26,16.795489955263115,2.633209873917515e-63
AAPL,PM,PM_FC3,PM_FC,3.0,,,capacity,36739,0.006703384346071236,1.2453389456181939e-07,46.90655706469964,0.669236401859182,0.5033446888566848,0.4880645546369983,0.625504116636044
AAPL,PM,CP_FC3,CP_FC,3.0,,,capacity,36739,-0.17056284788352977,-1.886681833860831e-06,43.349029641525355,-3.7411205060452613,0.00018320164739490767,-5.575262214501786,2.4715729619316342e-08
AAPL,PM,EQWIN_FC3,EQWIN,3.0,,,capacity,36739,0.5272150240524359,7.615294927465395e-06,48.50159231334549,9.560005617204832,1.1775031334738642e-21,11.557459175771625,6.768184947296621e-31
AAPL,PM,PREFIX_FC3,PREFIX,3.0,,,capacity,36739,0.5988521553488411,8.722224029281438e-06,49.33721658183402,10.285976634805753,8.151147562504205e-25,12.560857902462256,3.4655460128893946e-36
AAPL,PM,PM_FC6,PM_FC,6.0,,,capacity,36739,0.006338683701381711,2.8772378642509635e-08,47.453659598791475,0.2176225115958246,0.827723243124169,0.6042303425380439,0.5456905104352241
AAPL,PM,CP_FC6,CP_FC,6.0,,,capacity,36739,0.5035599417381946,7.212333512373425e-06,47.03448651296987,5.111340791782385,3.1988033929161146e-07,6.401667129652371,1.5368945301179182e-10
AAPL,PM,EQWIN_FC6,EQWIN,6.0,,,capacity,36739,0.6657516702197269,9.523687450185607e-06,48.305615286208116,10.298227171775054,7.177177093037441e-25,11.697332477293502,1.3152314445276407e-31
AAPL,PM,PREFIX_FC6,PREFIX,6.0,,,capacity,36739,0.7267741127435134,1.0229057782448382e-05,48.41449141239555,11.242070271243426,2.533697453288404e-29,13.314499447429101,1.9064587629315216e-40
AAPL,PM,PM_FC9,PM_FC,9.0,,,capacity,36739,0.0002844366176398819,-8.617326234449216e-09,50.35248645853181,-0.7885970066812436,0.430347581003657,0.28907592246621167,0.7725232784768725
AAPL,PM,CP_FC9,CP_FC,9.0,,,capacity,36739,0.7004221127988829,9.967104418553447e-06,46.86572851737935,6.480004389213815,9.171995013663667e-11,7.436245184019545,1.035874945227694e-13
AAPL,PM,EQWIN_FC9,EQWIN,9.0,,,capacity,36739,0.7043477921946476,1.0030290467085696e-05,48.43898854078772,10.53796184583162,5.773659897023973e-26,12.160043546013153,5.073163972881422e-34
AAPL,PM,PREFIX_FC9,PREFIX,9.0,,,capacity,36739,0.722656592886002,1.0111577046403206e-05,48.553308473284524,10.611596553966601,2.632124834710519e-26,12.355631996097676,4.541727393297278e-35
AAPL,PM,SHIFTWIN_FC6_O1,SHIFTWIN,6.0,,1.0,contiguous,36739,0.39088776884089804,5.696642874466503e-06,48.15318870954572,8.809819196085195,1.253478689292537e-18,10.243520292029963,1.2654634514427952e-24
AAPL,PM,SHIFTWIN_FC6_O3,SHIFTWIN,6.0,,3.0,contiguous,36739,0.6616153033783783,9.426737152154038e-06,48.324668608290914,10.53845136984473,5.743689769166398e-26,12.009893513595514,3.152507232548254e-33
AAPL,PM,SHIFTWIN_FC6_O5,SHIFTWIN,6.0,,5.0,contiguous,36739,0.46189749388518164,6.4989372010175974e-06,47.94360216663491,9.42944185941303,4.122768849028996e-21,10.887276039793036,1.3254553537564308e-27
AAPL,PM,SHIFTWIN_FC9_O1,SHIFTWIN,9.0,,1.0,contiguous,36739,0.4623002236014151,6.263844494617951e-06,47.766678461580334,9.038832589198366,1.583538613961444e-19,9.871929739866799,5.509432884122025e-23
AAPL,PM,SHIFTWIN_FC9_O3,SHIFTWIN,9.0,,3.0,contiguous,36739,0.46730603020168326,6.522271386913849e-06,47.48904433980239,9.18131466089566,4.2586004677191206e-20,9.635898406016898,5.6396486403582425e-22
AAPL,PM,SHIFTWIN_FC9_O5,SHIFTWIN,9.0,,5.0,contiguous,36739,0.4632004508530354,6.497165398800358e-06,47.9463240697896,9.262415188328786,1.998593454815961e-20,9.922514328102672,3.3227846712836356e-23
AAPL,PM,HAR,HAR,0.0,,,core,36739,-1.3359452211565626,-1.2827073299618192e-05,42.45352350363374,-7.8518554772238405,4.099267166993493e-15,-13.363830184794184,9.836933060346782e-41
AAPL,PM,CP,CP,10.0,,,core,36739,0.7440196799998118,1.070736154762517e-05,46.97460464356678,6.8121825380467,9.612902123825213e-12,7.791038822274386,6.64604882180601e-15
AAPL,PM,EWMA,EWMA,,,,external,36739,-13.080446013871544,-0.00044521433044122314,26.870627943057784,-26.719865170926926,2.7667346097625262e-157,-44.029775870701755,0.0
AAPL,PM,HARQ,HARQ,4.0,,,external,35719,-1.0711932689099657,-0.0001320963052786278,42.996724432374926,-1.7372694795217805,0.08233961608072221,-9.000409568814407,2.248771763317616e-19
AAPL,PM,HAR_TCJ,HAR_TCJ,,,,external,32682,-0.11135217029757553,-2.8302739478971403e-06,44.58417477510556,-3.747303435901321,0.0001787458088538358,-2.214944086470829,0.02676390257187905
AAPL,PM,GARCH11,GARCH11,,,,external,36739,-19.784481301251887,-0.0005236014459859459,23.506355643866193,-48.712859305132866,0.0,-59.45024544397794,0.0
AAPL,PM,COMP_COPRIME_FC6,COMP_COPRIME,6.0,,,modulo,36739,0.002260612089678488,3.345390069566665e-08,46.96371703094804,0.1314861092431267,0.895390774391195,0.1308354480999878,0.8959054804840796
AAPL,PM,COMP_NONCOPRIME_FC6,COMP_NONCOPRIME,6.0,,,modulo,36739,-0.008519966191786554,-2.1886022754919318e-07,46.38939546530935,-0.987815918339195,0.32324281010684874,-0.5587626114624713,0.5763237422732833
AAPL,PM,COMP_COPRIME_FC9,COMP_COPRIME,9.0,,,modulo,36739,0.008383011152645385,1.1594319240140732e-07,46.340401208525,0.36198237184124854,0.7173652036797222,0.4083440175488767,0.6830211274603515
AAPL,PM,COMP_NONCOPRIME_FC9,COMP_NONCOPRIME,9.0,,,modulo,36739,-0.002700227040537227,-1.7346757136913435e-07,46.14986798769699,-0.7168578762401169,0.47346179590721826,-0.1744882393866666,0.8614817726034381
AAPL,PM,RAND_FC3_S0,RAND,3.0,0.0,,random,36739,-0.18605966248654746,-2.091669920045355e-06,42.75021094749449,-6.799936288871784,1.0466542743722088e-11,-9.478012332745543,2.5917265999923923e-21
AAPL,PM,CRS_FC3_S0,CRS,3.0,0.0,,random,36739,0.466383716560086,6.901079833737199e-06,48.20218296633006,8.770547142577023,1.778001722214921e-18,10.38566823408713,2.881443535292983e-25
AAPL,PM,RAND_FC3_S1,RAND,3.0,1.0,,random,36739,0.06275739056787774,7.180628947179741e-07,46.17708701924386,2.1949037880133355,0.028170500048393762,2.769953198358058,0.005606434792781276
AAPL,PM,CRS_FC3_S1,CRS,3.0,1.0,,random,36739,-0.2817151820676795,-2.5486947594447177e-06,43.33814202890661,-3.75300871773599,0.00017472477628661132,-6.273620293568586,3.527481572141727e-10
AAPL,PM,RAND_FC3_S2,RAND,3.0,2.0,,random,36739,-0.04244852499755052,1.416734472513237e-07,44.09483110590925,0.30665399725740966,0.7591067485555002,-1.4085743376432143,0.1589610714717804
AAPL,PM,CRS_FC3_S2,CRS,3.0,2.0,,random,36739,0.2627906553135233,3.9271567384462735e-06,46.63164484607638,6.432479586915807,1.2553889590003315e-10,6.857535547532643,7.005859554882279e-12
AAPL,PM,RAND_FC6_S0,RAND,6.0,0.0,,random,36739,-0.1760684373659631,-2.018028655695372e-06,43.37624867307221,-6.653707911048974,2.8579960016235335e-11,-8.578099512633285,9.645348739398948e-18
AAPL,PM,CRS_FC6_S0,CRS,6.0,0.0,,random,36739,0.6096564959884402,8.677824689140081e-06,48.03886877704892,10.290698887390546,7.761098560710076e-25,11.857217109155314,1.974283734204417e-32
AAPL,PM,RAND_FC6_S1,RAND,6.0,1.0,,random,36739,0.08570529678770149,1.0885552925170595e-06,45.3850132012303,2.9559893667933617,0.0031166783559817674,3.2800654986586237,0.001037829893105708
AAPL,PM,CRS_FC6_S1,CRS,6.0,1.0,,random,36739,0.2764004597445817,4.974448040199504e-06,45.65448161354419,6.122006110645257,9.240447918495813e-10,5.383143019580235,7.319633330425526e-08
AAPL,PM,RAND_FC6_S2,RAND,6.0,2.0,,random,36739,0.2142995833157515,3.0345788380779527e-06,46.70785813440757,6.102224672203709,1.0460219700128637e-09,5.761489130459723,8.33750336151247e-09
AAPL,PM,CRS_FC6_S2,CRS,6.0,2.0,,random,36739,0.33464391721607595,5.205761905023365e-06,46.23696888864694,7.0665666293265135,1.5881393608957563e-12,7.177253634456452,7.112566627981849e-13
AAPL,PM,RAND_FC9_S0,RAND,9.0,0.0,,random,36739,-0.13566268130375683,-1.768857636842372e-06,43.61033234437519,-6.1498162445738584,7.757276715688182e-10,-6.98963689198431,2.755985903535259e-12
AAPL,PM,CRS_FC9_S0,CRS,9.0,0.0,,random,36739,0.6353343803994435,8.92817429506592e-06,48.281118157815946,10.429613947854406,1.816247060888733e-25,12.117639251916026,8.517740252273917e-34
AAPL,PM,RAND_FC9_S1,RAND,9.0,1.0,,random,36739,0.20725289844573072,2.369878512004901e-06,47.01271128773239,5.076603527397921,3.8424147793000196e-07,6.4309583599471845,1.2680189751924802e-10
AAPL,PM,CRS_FC9_S1,CRS,9.0,1.0,,random,36739,0.24002220962647675,4.606035917545565e-06,45.30063420343504,5.568675832823825,2.5668251928702325e-08,4.374172229864841,1.2189411722643073e-05
AAPL,PM,RAND_FC9_S2,RAND,9.0,2.0,,random,36739,0.25915803546535504,3.6339280178061203e-06,47.05081793189798,6.52371567059317,6.858667160118478e-11,6.532688018539706,6.459962079040352e-11
AAPL,PM,CRS_FC9_S2,CRS,9.0,2.0,,random,36739,0.41604964577811854,5.756263464418881e-06,48.594137020604805,9.035714422469937,1.6293460816921505e-19,10.317010597262398,5.903257148958784e-25
AAPL,CP,PM_FC3,PM_FC,3.0,,,capacity,36739,-0.7373162956537404,-1.058282765306335e-05,46.27235362965786,-6.689626146070982,2.2374144646505888e-11,-7.453700714836081,9.075775221944867e-14
AAPL,CP,CP_FC3,CP_FC,3.0,,,capacity,36739,-0.9145825278833415,-1.2594043381486e-05,44.93045537439777,-8.136900062737707,4.0552718864554197e-16,-9.581070284133958,9.604442415199061e-22
AAPL,CP,EQWIN_FC3,EQWIN,3.0,,,capacity,36739,-0.21680465594737566,-3.0920666201597746e-06,47.51626337134925,-1.768776644737321,0.07693115579105164,-2.236680903583233,0.02530720297911469
AAPL,CP,PREFIX_FC3,PREFIX,3.0,,,capacity,36739,-0.14516752465097055,-1.9851375183437313e-06,47.766678461580334,-1.1395730726374185,0.25446420900113276,-1.5509881817924938,0.12090451617435118
AAPL,CP,PM_FC6,PM_FC,6.0,,,capacity,36739,-0.7376809962984299,-1.067858916898266e-05,46.17980892239854,-6.74418106595552,1.5389252970558787e-11,-7.5278571373917575,5.157978015239791e-14
AAPL,CP,CP_FC6,CP_FC,6.0,,,capacity,36739,-0.24045973826161696,-3.4950280352517443e-06,45.316965622363156,-5.987603497758334,2.1295543226811585e-09,-5.645649634114577,1.6455867145227623e-08
AAPL,CP,EQWIN_FC6,EQWIN,6.0,,,capacity,36739,-0.07826800978008465,-1.1836740974395616e-06,46.87389422684341,-0.6465663843969355,0.5179126199947588,-0.7876100844523658,0.43092481416283124
AAPL,CP,PREFIX_FC6,PREFIX,6.0,,,capacity,36739,-0.017245567256298205,-4.78303765176788e-07,47.630583303846045,-0.26813970547801536,0.788591783945686,-0.17298657195349665,0.8626619825293802
AAPL,CP,PM_FC9,PM_FC,9.0,,,capacity,36739,-0.7437352433821717,-1.0715978873859618e-05,46.29685075805003,-6.818293190638897,9.21284775021123e-12,-7.794705977787663,6.4558624138650606e-15
AAPL,CP,CP_FC9,CP_FC,9.0,,,capacity,36739,-0.043597567200928736,-7.402571290717213e-07,46.41117069054683,-2.511019614795591,0.012038300778355856,-2.1182042519185695,0.034157773255005706
AAPL,CP,EQWIN_FC9,EQWIN,9.0,,,capacity,36739,-0.039671887805163945,-6.77071080539474e-07,47.30395492528376,-0.3722249517489503,0.7097253698880479,-0.4034120893527124,0.6866450946340614
AAPL,CP,PREFIX_FC9,PREFIX,9.0,,,capacity,36739,-0.02136308711380966,-5.957845012219624e-07,47.445493889327416,-0.3235555137250977,0.7462745724762464,-0.21947275031436597,0.8262818045195928
AAPL,CP,SHIFTWIN_FC6_O1,SHIFTWIN,6.0,,1.0,contiguous,36739,-0.3531319111589135,-5.0107186731586675e-06,47.118865510765126,-2.933025566754039,0.0033567624851789124,-3.6599835787350377,0.00025223141202755
AAPL,CP,SHIFTWIN_FC6_O3,SHIFTWIN,6.0,,3.0,contiguous,36739,-0.08240437662143332,-1.2806243954711317e-06,46.86845042053404,-0.7088842493080622,0.4783963101190908,-0.830016304167149,0.4065295655223342
AAPL,CP,SHIFTWIN_FC6_O5,SHIFTWIN,6.0,,5.0,contiguous,36739,-0.28212218611462997,-4.208424346607573e-06,47.208688314869754,-2.4520126657115213,0.014205966151230152,-2.9347039576911396,0.0033386605444215454
AAPL,CP,SHIFTWIN_FC9_O1,SHIFTWIN,9.0,,1.0,contiguous,36739,-0.2817194563983965,-4.443517053007217e-06,46.83306567952312,-2.544136167004612,0.010954837025663446,-2.8962497593197685,0.003776517019135197
AAPL,CP,SHIFTWIN_FC9_O3,SHIFTWIN,9.0,,3.0,contiguous,36739,-0.27671364979812846,-4.1850901607113195e-06,47.023598900351125,-2.3991697214920196,0.016432296315009153,-2.8814722060554057,0.003958221426438256
AAPL,CP,SHIFTWIN_FC9_O5,SHIFTWIN,9.0,,5.0,contiguous,36739,-0.2808192291467762,-4.21019614882481e-06,46.94738561201993,-2.413295143512143,0.01580901208538034,-2.8825764996423433,0.003944373466082476
AAPL,CP,HAR,HAR,0.0,,,core,36739,-2.0799649011563743,-2.353443484724336e-05,40.39032091238194,-12.44227182488638,1.540588884181162e-35,-16.720331327126644,9.319963804905834e-63
AAPL,CP,PM,PM,10.0,,,core,36739,-0.7440196799998118,-1.070736154762517e-05,46.2641879201938,-6.8121825380467,9.612902123825213e-12,-7.791038822274386,6.64604882180601e-15
AAPL,CP,EWMA,EWMA,,,,external,36739,-13.824465693871357,-0.00045592169198884825,26.52766814556738,-26.38994248273884,1.7874356684187552e-153,-43.050435358294514,0.0
AAPL,CP,HARQ,HARQ,4.0,,,external,35719,-1.801149248878081,-0.00014296355446051967,41.26655281502842,-1.8779538637092033,0.060387476817190054,-13.713256077400453,8.457552500700253e-43
AAPL,CP,HAR_TCJ,HAR_TCJ,,,,external,32682,-0.7831744015637954,-1.0727249322718877e-05,45.08598005018053,-6.503469919020231,7.848812262282356e-11,-7.797418937324255,6.31862003210624e-15
AAPL,CP,GARCH11,GARCH11,,,,external,36739,-20.528500981251696,-0.0005343088075335713,23.571681319578648,-47.22570834843966,0.0,-59.123887801195835,0.0
AAPL,CP,COMP_COPRIME_FC6,COMP_COPRIME,6.0,,,modulo,36739,-0.741759067910133,-1.0673907646929503e-05,46.354010724298426,-6.759083256461314,1.3886758378269656e-11,-7.805335339571858,5.934353824431036e-15
AAPL,CP,COMP_NONCOPRIME_FC6,COMP_NONCOPRIME,6.0,,,modulo,36739,-0.7525396461915981,-1.0926221775174363e-05,46.217915566564145,-6.856692949409115,7.047287599591161e-12,-7.6438906016958645,2.107544911237743e-14
AAPL,CP,COMP_COPRIME_FC9,COMP_COPRIME,9.0,,,modulo,36739,-0.7356366688471662,-1.059141835522376e-05,46.1117613435314,-6.584174036405656,4.5742107415157183e-11,-7.755278032610488,8.81501341208411e-15
AAPL,CP,COMP_NONCOPRIME_FC9,COMP_NONCOPRIME,9.0,,,modulo,36739,-0.7467199070403487,-1.0880829118994302e-05,46.09815182775797,-6.66752186914235,2.601587056648885e-11,-7.5212872210470065,5.423954482802224e-14
AAPL,CP,RAND_FC3_S0,RAND,3.0,0.0,,random,36739,-0.9300793424863592,-1.2799031467670525e-05,45.02572198481178,-8.339465662213902,7.462698206364969e-17,-9.681517258370215,3.6131346899631824e-22
AAPL,CP,CRS_FC3_S0,CRS,3.0,0.0,,random,36739,-0.2776359634397257,-3.8062817138879683e-06,47.32028634421187,-2.2515619975027383,0.024349964871542586,-2.974846079695956,0.002931355916099207
AAPL,CP,RAND_FC3_S1,RAND,3.0,1.0,,random,36739,-0.6812622894319339,-9.989298652907194e-06,46.23969079180163,-6.158541808509944,7.341780334469721e-10,-7.125995332304709,1.0333121905889608e-12
AAPL,CP,CRS_FC3_S1,CRS,3.0,1.0,,random,36739,-1.0257348620674913,-1.3256056307069889e-05,43.349029641525355,-7.639481856234475,2.180976366827623e-14,-9.911795332216046,3.6993792842125417e-23
AAPL,CP,RAND_FC3_S2,RAND,3.0,2.0,,random,36739,-0.786468204997362,-1.0565688100373843e-05,45.82051770598002,-6.948042463369169,3.703895310424296e-12,-8.730016066451567,2.5463644758041636e-18
AAPL,CP,CRS_FC3_S2,CRS,3.0,2.0,,random,36739,-0.48122902468628825,-6.780204809178894e-06,46.17980892239854,-4.026524544725558,5.660733291355568e-05,-5.025521496627749,5.020663212809415e-07
AAPL,CP,RAND_FC6_S0,RAND,6.0,0.0,,random,36739,-0.9200881173657748,-1.2725390203320541e-05,45.49388932741773,-8.130985381517178,4.2581470057815453e-16,-9.76268313872901,1.6279022870150047e-22
AAPL,CP,CRS_FC6_S0,CRS,6.0,0.0,,random,36739,-0.13436318401137134,-2.029536858485086e-06,47.22501973379787,-1.1581660602841624,0.24679627578231056,-1.3724082219973655,0.16993639200313948
AAPL,CP,RAND_FC6_S1,RAND,6.0,1.0,,random,36739,-0.6583143832121101,-9.618806255108107e-06,46.22335937287351,-5.793656798854005,6.887012535695913e-09,-6.816929938657876,9.300659258838616e-12
AAPL,CP,CRS_FC6_S1,CRS,6.0,1.0,,random,36739,-0.46761922025522984,-5.732913507425665e-06,45.548327390511446,-3.1864297285614454,0.0014404047437290264,-4.606325912232831,4.098458703796729e-06
AAPL,CP,RAND_FC6_S2,RAND,6.0,2.0,,random,36739,-0.5297200966840602,-7.672782709547217e-06,46.250578404420374,-4.813173646454512,1.485521032999427e-06,-5.776459439593017,7.628888192970153e-09
AAPL,CP,CRS_FC6_S2,CRS,6.0,2.0,,random,36739,-0.4093757627837356,-5.5015996426018035e-06,45.589155937831734,-3.1306715947825787,0.0017440707497829455,-4.155869651795062,3.24052546134644e-05
AAPL,CP,RAND_FC9_S0,RAND,9.0,0.0,,random,36739,-0.8796823613035685,-1.247621918446754e-05,45.62181877568796,-7.848679355282757,4.2044102595612915e-15,-9.266629955989906,1.9212018337569122e-20
AAPL,CP,CRS_FC9_S0,CRS,9.0,0.0,,random,36739,-0.10868529960036814,-1.7791872525592467e-06,47.3529491820681,-0.9995629094919495,0.31752208030478957,-1.1015763898333801,0.27064587741880086
AAPL,CP,RAND_FC9_S1,RAND,9.0,1.0,,random,36739,-0.5367667815540809,-8.337483035620268e-06,46.70785813440757,-5.0262268737256495,5.002240645264258e-07,-5.674889483993625,1.3877822080825869e-08
AAPL,CP,CRS_FC9_S1,CRS,9.0,1.0,,random,36739,-0.5039974703733349,-6.101325630079604e-06,45.22714281825853,-3.352501037773861,0.0008008494119455829,-4.992643195476182,5.955852547919093e-07
AAPL,CP,RAND_FC9_S2,RAND,9.0,2.0,,random,36739,-0.48486164453445657,-7.073433529819048e-06,46.56359726720923,-4.340974546428929,1.4185215685654284e-05,-5.198852888948695,2.0052214223433874e-07
AAPL,CP,CRS_FC9_S2,CRS,9.0,2.0,,random,36739,-0.32797003422169313,-4.951098083206288e-06,46.77862761642941,-2.9115464591172757,0.003596444189105941,-3.478663682287313,0.0005039205839113517
AMZN,HAR,PM_FC3,PM_FC,3.0,,,capacity,36739,1.4103386619076472,1.5769243406528078e-05,49.97414192003048,7.938642959052106,2.0440523424585108e-15,13.177520969631873,1.182117402466337e-39
AMZN,HAR,CP_FC3,CP_FC,3.0,,,capacity,36739,1.1767610845074286,1.3056238161546963e-05,50.03946759574295,7.506845559474666,6.056911296339015e-14,12.766242135414567,2.5308093618324757e-37
AMZN,HAR,EQWIN_FC3,EQWIN,3.0,,,capacity,36739,2.053994834744368,2.84107769789924e-05,52.325866245678974,12.110465918715004,9.296458806896728e-34,16.784879892409048,3.1486570187921874e-63
AMZN,HAR,PREFIX_FC3,PREFIX,3.0,,,capacity,36739,2.1225245659981855,2.9006741036095798e-05,52.010125479735436,12.50461196325501,7.044295698949581e-36,17.921650324293694,7.992160129750775e-72
AMZN,HAR,PM_FC6,PM_FC,6.0,,,capacity,36739,1.4260390416187083,1.5863341051490706e-05,50.13201230300226,7.9639458004283545,1.6663826944240834e-15,13.288019834833555,2.716728881861452e-40
AMZN,HAR,CP_FC6,CP_FC,6.0,,,capacity,36739,1.8631459632453662,2.45116868416042e-05,51.94207790086829,10.971539843301898,5.237277535459956e-28,16.204528885106697,4.684632658845053e-59
AMZN,HAR,EQWIN_FC6,EQWIN,6.0,,,capacity,36739,2.1136862246885837,3.0409057706990333e-05,52.42113285609298,12.631529785707249,1.415002733635583e-36,16.586940229274,8.662240741754183e-62
AMZN,HAR,PREFIX_FC6,PREFIX,6.0,,,capacity,36739,2.180683363216515,3.0997206365765935e-05,52.696045074716245,13.016469594536595,9.86264052023796e-39,17.391247039161474,9.611994711980706e-68
AMZN,HAR,PM_FC9,PM_FC,9.0,,,capacity,36739,1.432569261051722,1.57145715809134e-05,50.30349220174746,7.837240636216813,4.6055493326968474e-15,13.296587281864046,2.4227663053017412e-40
AMZN,HAR,CP_FC9,CP_FC,9.0,,,capacity,36739,1.949554730587466,2.882651956911218e-05,51.83047987152617,12.045906855789854,2.038224480568678e-33,14.323101846908745,1.5695822272190648e-46
AMZN,HAR,EQWIN_FC9,EQWIN,9.0,,,capacity,36739,2.149193203627986,3.077259638124369e-05,52.385748115082066,12.708352982040555,5.314192202912111e-37,16.748842606144294,5.773869551660777e-63
AMZN,HAR,PREFIX_FC9,PREFIX,9.0,,,capacity,36739,2.1564643097959335,3.087434776074173e-05,52.39935763085549,12.753158506252632,2.99365636752964e-37,17.03075220606006,4.857579057658929e-65
AMZN,HAR,SHIFTWIN_FC6_O1,SHIFTWIN,6.0,,1.0,contiguous,36739,1.9029942219693314,2.542651479964114e-05,51.79509513051526,11.443369565259259,2.5383177652400898e-30,16.231389997412183,3.0253027778726572e-59
AMZN,HAR,SHIFTWIN_FC6_O3,SHIFTWIN,6.0,,3.0,contiguous,36739,2.1324306811124827,3.060536518727514e-05,52.61710988323035,12.682529411234915,7.390772270595325e-37,16.67519608100159,1.985588509662908e-62
AMZN,HAR,SHIFTWIN_FC6_O5,SHIFTWIN,6.0,,5.0,contiguous,36739,1.9555088947345027,2.639851806388573e-05,51.623615231770046,11.767216502917215,5.759358862951222e-32,16.253206986515597,2.1197960977622072e-59
AMZN,HAR,SHIFTWIN_FC9_O1,SHIFTWIN,9.0,,1.0,contiguous,36739,1.899069540249995,2.642780001933316e-05,51.64266855385286,11.55447563833804,7.007388287641227e-31,15.527388708286704,2.2641346540180274e-54
AMZN,HAR,SHIFTWIN_FC9_O3,SHIFTWIN,9.0,,3.0,contiguous,36739,1.9216603940004364,2.6756524127325386e-05,51.716159939029374,11.711537922966711,1.1124328339454309e-31,15.749907310177583,6.878205492745993e-56
AMZN,HAR,SHIFTWIN_FC9_O5,SHIFTWIN,9.0,,5.0,contiguous,36739,1.901200741328627,2.6425986135188484e-05,51.784207517896505,11.48883585185724,1.5012128041710738e-30,15.482397706470843,4.5614994256712146e-54
AMZN,HAR,PM,PM,10.0,,,core,36739,1.430062787470524,1.567009078607424e-05,50.314379814366205,7.813635515099683,5.5561616076479004e-15,13.272336364099083,3.349716665589278e-40
AMZN,HAR,CP,CP,10.0,,,core,36739,1.9929306752532814,2.9701648784165496e-05,51.92302457878548,12.413123474537754,2.2182700230093598e-35,14.316943743505965,1.715011192413593e-46
AMZN,HAR,EWMA,EWMA,,,,external,36739,-11.10829655619005,-0.0004928430971548186,29.91643757315115,-26.08636896180361,5.205796540969931e-150,-35.37061556265912,4.833749025250768e-274
AMZN,HAR,HARQ,HARQ,4.0,,,external,35719,0.7974275212536411,-9.853421772795042e-05,52.061927825527036,-1.2117769500856173,0.2255977739125269,5.988892842266407,2.112742997419423e-09
AMZN,HAR,HAR_TCJ,HAR_TCJ,,,,external,31879,1.305011538777993,1.0308287017438235e-05,53.36742055898868,4.86855371722308,1.1241796589738586e-06,12.567870071128517,3.171534426818729e-36
AMZN,HAR,GARCH11,GARCH11,,,,external,36739,-15.034878782634989,-0.0005727957628070173,23.683279348920767,-42.97324802652563,0.0,-62.21042784716723,0.0
AMZN,HAR,COMP_COPRIME_FC6,COMP_COPRIME,6.0,,,modulo,36739,1.4012193057886064,1.5352661185889315e-05,50.03402378943357,7.6401224591757275,2.1701523550895105e-14,12.890626541750008,5.082917484817322e-38
AMZN,HAR,COMP_NONCOPRIME_FC6,COMP_NONCOPRIME,6.0,,,modulo,36739,1.3894683314405998,1.5206204963544956e-05,49.906094341163346,7.612786767683984,2.682481488372239e-14,12.901308860560533,4.4251664587035105e-38
AMZN,HAR,COMP_COPRIME_FC9,COMP_COPRIME,9.0,,,modulo,36739,1.4261042153131718,1.5726109297145754e-05,50.06396472413511,7.74784334510049,9.346634563423031e-15,13.064818354997852,5.230933692003419e-39
AMZN,HAR,COMP_NONCOPRIME_FC9,COMP_NONCOPRIME,9.0,,,modulo,36739,1.4163989839679527,1.549530200798398e-05,50.13201230300226,7.721783727528779,1.14712916238676e-14,13.150134730285608,1.698714943770582e-39
AMZN,HAR,RAND_FC3_S0,RAND,3.0,0.0,,random,36739,1.2341659268984408,1.3417655359110674e-05,49.88976292223523,7.31267140034208,2.6188289937864145e-13,12.503215632021615,7.169156900836423e-36
AMZN,HAR,CRS_FC3_S0,CRS,3.0,0.0,,random,36739,2.039938192228494,2.8181047674582998e-05,53.15332480470345,12.459450907202609,1.242229643820337e-35,17.503999789333587,1.3355238907156153e-68
AMZN,HAR,RAND_FC3_S1,RAND,3.0,1.0,,random,36739,1.4878614208107148,1.7019093014309668e-05,50.273551267045924,8.241573870715069,1.6995994657305086e-16,13.544589837447479,8.528895626716271e-42
AMZN,HAR,CRS_FC3_S1,CRS,3.0,1.0,,random,36739,1.1348760759416983,1.3758061623180008e-05,51.03296224720324,8.3412238024699,7.352558952539487e-17,13.138573273867818,1.9792334088947713e-39
AMZN,HAR,RAND_FC3_S2,RAND,3.0,2.0,,random,36739,1.424146991335099,1.652294847534068e-05,50.474972100492664,8.705892237425985,3.150861112279739e-18,14.031489471618787,1.0002840999330046e-44
AMZN,HAR,CRS_FC3_S2,CRS,3.0,2.0,,random,36739,1.8022225852509715,2.3672366978796496e-05,51.85497699991834,11.018896996880537,3.0983228879122158e-28,16.15533149088461,1.0415715339993592e-58
AMZN,HAR,RAND_FC6_S0,RAND,6.0,0.0,,random,36739,1.2659468487139867,1.3506652150986907e-05,50.23544462288032,7.237917184006807,4.556274996098435e-13,12.699783291198429,5.929366653286983e-37
AMZN,HAR,CRS_FC6_S0,CRS,6.0,0.0,,random,36739,2.1822686548284027,3.0415081604805435e-05,52.42657666240235,12.86080828595886,7.479048379659787e-38,17.49613067636423,1.5333891324093975e-68
AMZN,HAR,RAND_FC6_S1,RAND,6.0,1.0,,random,36739,1.490892459675728,1.7697676587258624e-05,50.48313780995672,8.579067171317885,9.564561322383761e-18,13.433294629923045,3.8585521044996285e-41
AMZN,HAR,CRS_FC6_S1,CRS,6.0,1.0,,random,36739,1.6567329386013254,2.4081640983175644e-05,51.86586461253708,11.395728488935472,4.391414588331342e-30,14.906440262413092,2.992886873606651e-50
AMZN,HAR,RAND_FC6_S2,RAND,6.0,2.0,,random,36739,1.6453419427999745,2.0158926038922464e-05,51.0220746345845,9.763191386976574,1.6197620081771423e-22,15.016454390384787,5.72913188411686e-51
AMZN,HAR,CRS_FC6_S2,CRS,6.0,2.0,,random,36739,1.8679894772724368,2.5758315597943154e-05,52.26326247312121,11.607987752435267,3.7534474482283428e-31,16.254970173523986,2.0596853645486412e-59
AMZN,HAR,RAND_FC9_S0,RAND,9.0,0.0,,random,36739,1.2945026863288218,1.3654564919612344e-05,50.306214104902146,7.079143870320553,1.4504774043914395e-12,12.661555222776693,9.656711728858387e-37
AMZN,HAR,CRS_FC9_S0,CRS,9.0,0.0,,random,36739,2.1610770337142347,3.0325736989774718e-05,52.65249462424128,12.735139431583642,3.771716825126645e-37,17.251082277377616,1.0982275763779485e-66
AMZN,HAR,RAND_FC9_S1,RAND,9.0,1.0,,random,36739,1.5933549709315544,1.9151612047450143e-05,50.752606222270614,9.09922405935629,9.097947881080302e-20,14.143536232171039,2.0473238837944455e-45
AMZN,HAR,CRS_FC9_S1,CRS,9.0,1.0,,random,36739,1.5913886087460287,2.3409585266780355e-05,51.707994229565315,10.938845072394898,7.515112155910723e-28,14.0319907206869,9.932382585548409e-45
AMZN,HAR,RAND_FC9_S2,RAND,9.0,2.0,,random,36739,1.711153886670021,2.1729916952894187e-05,51.62089332861537,10.320876024422924,5.670341047393567e-25,15.48201110959007,4.588997217625655e-54
AMZN,HAR,CRS_FC9_S2,CRS,9.0,2.0,,random,36739,1.970818790563813,2.63515310551928e-05,52.0727292522932,11.595346280775512,4.351022553950501e-31,16.57126587087079,1.1243373241076107e-61
AMZN,PM,PM_FC3,PM_FC,3.0,,,capacity,36739,-0.01972412556287653,9.915262045384156e-08,45.87223386591905,0.5114758129498126,0.6090179205927473,-1.5478315952394652,0.12166284738650626
AMZN,PM,CP_FC3,CP_FC,3.0,,,capacity,36739,-0.2533017029630953,-2.613852624527274e-06,42.616837692914885,-4.983778377791228,6.235449593541064e-07,-8.330018085628549,8.083000579977338e-17
AMZN,PM,EQWIN_FC3,EQWIN,3.0,,,capacity,36739,0.6239320472738441,1.274068619291816e-05,47.17874738016821,9.883056313730362,4.9305698512059563e-23,9.189497370731424,3.9468121074533966e-20
AMZN,PM,PREFIX_FC3,PREFIX,3.0,,,capacity,36739,0.692461778527662,1.3336650250021558e-05,47.731293720569425,10.519441217966628,7.028919587826929e-26,10.882925460711842,1.390280824797288e-27
AMZN,PM,PM_FC6,PM_FC,6.0,,,capacity,36739,-0.004023745851815473,1.9325026541646765e-07,46.41117069054683,1.3523127907327526,0.1762752743361633,-0.37337218604598194,0.7088714575162852
AMZN,PM,CP_FC6,CP_FC,6.0,,,capacity,36739,0.43308317577484207,8.841596055529963e-06,45.21897710879447,4.922454954258404,8.546524102499793e-07,5.679179496975207,1.3534239364356318e-08
AMZN,PM,EQWIN_FC6,EQWIN,6.0,,,capacity,36739,0.6836234372180594,1.473896692091609e-05,47.39377772938839,10.559896262648818,4.57166769792713e-26,8.819061377258281,1.154231619230616e-18
AMZN,PM,PREFIX_FC6,PREFIX,6.0,,,capacity,36739,0.7506205757459908,1.532711557969169e-05,46.920166580473065,10.994787841952865,4.048645003675467e-28,9.83559731411188,7.909682814448162e-23
AMZN,PM,PM_FC9,PM_FC,9.0,,,capacity,36739,0.0025064735811980684,4.4480794839160564e-08,47.61152998176325,3.255849536882555,0.0011305364535609246,1.9276880128281364,0.05389394399770129
AMZN,PM,CP_FC9,CP_FC,9.0,,,capacity,36739,0.5194919431169421,1.3156428783037936e-05,44.974005824872755,6.522596884045729,6.910039895226611e-11,4.945427726928504,7.59768552033671e-07
AMZN,PM,EQWIN_FC9,EQWIN,9.0,,,capacity,36739,0.7191304161574619,1.5102505595169454e-05,47.28217970004627,10.642299096168548,1.8939735737451278e-26,9.1093874819148,8.284837887299165e-20
AMZN,PM,PREFIX_FC9,PREFIX,9.0,,,capacity,36739,0.72640152232541,1.520425697466749e-05,47.42371866408993,10.653625638621325,1.6770339079152277e-26,9.278761497542323,1.714599187198076e-20
AMZN,PM,SHIFTWIN_FC6_O1,SHIFTWIN,6.0,,1.0,contiguous,36739,0.4729314344988071,9.756424013566902e-06,47.469991017719586,9.260837606630046,2.0283470698809886e-20,8.27754202312739,1.2574376534331876e-16
AMZN,PM,SHIFTWIN_FC6_O3,SHIFTWIN,6.0,,3.0,contiguous,36739,0.7023678936419584,1.493527440120089e-05,47.48360053349302,10.59899026629729,3.012147398289074e-26,8.966342068457298,3.065249566156132e-19
AMZN,PM,SHIFTWIN_FC6_O5,SHIFTWIN,6.0,,5.0,contiguous,36739,0.5254461072639788,1.0728427277811492e-05,47.22501973379787,9.724874005495817,2.3619762566547344e-22,8.456359264072153,2.7585483766421103e-17
AMZN,PM,SHIFTWIN_FC9_O1,SHIFTWIN,9.0,,1.0,contiguous,36739,0.469006752779471,1.0757709233258923e-05,46.8766161299981,9.186265534348546,4.067163355256082e-20,6.933154273396052,4.115589498829151e-12
AMZN,PM,SHIFTWIN_FC9_O3,SHIFTWIN,9.0,,3.0,contiguous,36739,0.4915976065299123,1.1086433341251144e-05,47.19507879909633,9.486526716014149,2.3886052925598725e-21,7.2926719574788175,3.038673483280451e-13
AMZN,PM,SHIFTWIN_FC9_O5,SHIFTWIN,9.0,,5.0,contiguous,36739,0.4711379538581029,1.0755895349114246e-05,46.98549225618552,9.082618268996615,1.0599382039707359e-19,6.852241256318519,7.2701807687679975e-12
AMZN,PM,HAR,HAR,0.0,,,core,36739,-1.430062787470524,-1.567009078607424e-05,41.46547265848281,-7.813635515099683,5.5561616076479004e-15,-13.272336364099083,3.349716665589278e-40
AMZN,PM,CP,CP,10.0,,,core,36739,0.5628678877827574,1.4031557998091252e-05,45.023000081657095,6.952762323614253,3.5820190648803624e-12,5.153759817414118,2.5531491476142106e-07
AMZN,PM,EWMA,EWMA,,,,external,36739,-12.538359343660574,-0.0005085131879408927,27.110155420670136,-27.870248096760267,6.122999076527924e-171,-42.72774768967994,0.0
AMZN,PM,HARQ,HARQ,4.0,,,external,35719,-0.6454483390825623,-0.00011419785131214799,44.676502701643386,-1.405647703952877,0.1598287631264731,-4.17105244950044,3.0319605970409534e-05
AMZN,PM,HAR_TCJ,HAR_TCJ,,,,external,31879,-0.20610722919327545,-5.397313253486599e-06,44.210922550895575,-4.629672802203168,3.6624398283389414e-06,-3.5260823759425834,0.0004217557622211158
AMZN,PM,GARCH11,GARCH11,,,,external,36739,-16.46494157010551,-0.0005884658535930915,24.094286725278312,-46.18937134889288,0.0,-64.40614759268168,0.0
AMZN,PM,COMP_COPRIME_FC6,COMP_COPRIME,6.0,,,modulo,36739,-0.028843481681917374,-3.17429600184923e-07,46.29685075805003,-1.0705195857461536,0.2843854978539757,-1.3650453690407331,0.17223879092169825
AMZN,PM,COMP_NONCOPRIME_FC6,COMP_NONCOPRIME,6.0,,,modulo,36739,-0.040594456029924404,-4.6388582252928563e-07,45.325131331827215,-1.9678808774112515,0.049081745537351625,-2.578696216242816,0.009917395849601352
AMZN,PM,COMP_COPRIME_FC9,COMP_COPRIME,9.0,,,modulo,36739,-0.003958572157352045,5.601851107151499e-08,45.65448161354419,0.16891584466589588,0.8658628360438206,-0.16969669104212828,0.8652486764951568
AMZN,PM,COMP_NONCOPRIME_FC9,COMP_NONCOPRIME,9.0,,,modulo,36739,-0.013663803502571332,-1.747887780902605e-07,44.96856201856338,-0.7126334027928821,0.47607263652224197,-0.8637103768723159,0.38774701176832105
AMZN,PM,RAND_FC3_S0,RAND,3.0,0.0,,random,36739,-0.1958968605720832,-2.252435426963564e-06,42.26026837965105,-6.0803939015556345,1.1988766035526018e-09,-8.87982274894978,6.696698647265146e-19
AMZN,PM,CRS_FC3_S0,CRS,3.0,0.0,,random,36739,0.6098754047579698,1.251095688850876e-05,47.883720297231825,9.567785295345466,1.0922017604949642e-21,9.17883075364872,4.3579751407275265e-20
AMZN,PM,RAND_FC3_S1,RAND,3.0,1.0,,random,36739,0.057798633340190766,1.3490022282354273e-06,45.66809112931762,3.371863945421184,0.0007466132112836659,2.2688438771295623,0.02327782165970203
AMZN,PM,CRS_FC3_S1,CRS,3.0,1.0,,random,36739,-0.2951867115288254,-1.912029162894229e-06,42.7855956885054,-2.2388376377250783,0.02516648235543222,-5.377449238901267,7.554850307185533e-08
AMZN,PM,RAND_FC3_S2,RAND,3.0,2.0,,random,36739,-0.005915796135424642,8.528576892664385e-07,43.88524456299845,1.669555303580174,0.09500737988661943,-0.18821714848251306,0.8507064301793331
AMZN,PM,CRS_FC3_S2,CRS,3.0,2.0,,random,36739,0.3721597977804478,8.002276192722256e-06,46.80312474482158,7.925172311147093,2.27830185574397e-15,6.998012674551858,2.5961861040645913e-12
AMZN,PM,RAND_FC6_S0,RAND,6.0,0.0,,random,36739,-0.16411593875653738,-2.1634386350873316e-06,42.38003211845722,-5.843403131295,5.114504452210126e-09,-6.951502732834497,3.6141540860473435e-12
AMZN,PM,CRS_FC6_S0,CRS,6.0,0.0,,random,36739,0.7522058673578789,1.4744990818731196e-05,47.76940036473502,10.977969311656132,4.877649662039984e-28,10.34890553741189,4.232969439690074e-25
AMZN,PM,RAND_FC6_S1,RAND,6.0,1.0,,random,36739,0.06082967220520403,2.0275858011843854e-06,44.47045374125589,3.7476355472614156,0.00017850937451655168,1.6057998385766685,0.10831789613775947
AMZN,PM,CRS_FC6_S1,CRS,6.0,1.0,,random,36739,0.22667015113080158,8.411550197101405e-06,45.390457007539666,7.15541006368348,8.342316792571151e-13,3.3151693876149255,0.0009158760840809196
AMZN,PM,RAND_FC6_S2,RAND,6.0,2.0,,random,36739,0.21527915532945066,4.488835252848225e-06,45.66536922616293,6.489853316621062,8.591998532241723e-11,5.0492646310252765,4.435140051875461e-07
AMZN,PM,CRS_FC6_S2,CRS,6.0,2.0,,random,36739,0.4379266898019128,1.0088224811868913e-05,46.3022945643594,8.412237636436322,4.0226186837522456e-17,6.679032794147424,2.405243412915263e-11
AMZN,PM,RAND_FC9_S0,RAND,9.0,0.0,,random,36739,-0.13556010114170217,-2.0155258664618926e-06,43.06050790712867,-5.6443466510961,1.6580969334585487e-08,-5.703230944627844,1.1755753413155779e-08
AMZN,PM,CRS_FC9_S0,CRS,9.0,0.0,,random,36739,0.7310142462437108,1.465564620370048e-05,47.3529491820681,10.815575043380369,2.904652870962843e-27,9.974923745233587,1.962521434476864e-23
AMZN,PM,RAND_FC9_S1,RAND,9.0,1.0,,random,36739,0.1632921834610304,3.481521261375905e-06,46.12537085930482,5.278317084966702,1.3037571938654795e-07,3.745760272917731,0.00017984827425682716
AMZN,PM,CRS_FC9_S1,CRS,9.0,1.0,,random,36739,0.16132582127550482,7.739494480706113e-06,45.126432401535155,6.421358337346815,1.3506366963198937e-10,2.2361038291140494,0.025344970693302372
AMZN,PM,RAND_FC9_S2,RAND,9.0,2.0,,random,36739,0.2810910991994969,6.059826166819949e-06,46.04915757097363,7.4926067597591794,6.751896792598864e-14,5.956644344866735,2.5746971070669263e-09
AMZN,PM,CRS_FC9_S2,CRS,9.0,2.0,,random,36739,0.5407560030932892,1.0681440269118564e-05,47.97082119818177,9.46719962996118,2.874463672149769e-21,8.914988849001032,4.87865356881969e-19
AMZN,CP,PM_FC3,PM_FC,3.0,,,capacity,36739,-0.5825920133456338,-1.3932405377637413e-05,46.76229619750129,-6.893138632298007,5.457464151426897e-12,-5.275998701673887,1.3203502231045966e-07
AMZN,CP,CP_FC3,CP_FC,3.0,,,capacity,36739,-0.8161695907458526,-1.664541062261853e-05,44.927733471243094,-8.525863218459431,1.5167440955940336e-17,-7.539618535659641,4.713481933873665e-14
AMZN,CP,EQWIN_FC3,EQWIN,3.0,,,capacity,36739,0.0610641594910867,-1.2908718051730949e-06,47.788453686817824,-0.5574694550704222,0.5772067228208327,0.5425681953034214,0.5874271419822356
AMZN,CP,PREFIX_FC3,PREFIX,3.0,,,capacity,36739,0.1295938907449047,-6.949077480696945e-07,47.93271455401617,-0.30655831633752456,0.7591795855420842,1.1859861588745273,0.23562776561161924
AMZN,CP,PM_FC6,PM_FC,6.0,,,capacity,36739,-0.5668916336345728,-1.3838307732674787e-05,46.8766161299981,-6.85816081827709,6.97527120751923e-12,-5.1660383290600125,2.39107778475607e-07
AMZN,CP,CP_FC6,CP_FC,6.0,,,capacity,36739,-0.12978471200791525,-5.189961942561292e-06,45.50205503688179,-5.717132987623584,1.0833633059121914e-08,-1.799605968921487,0.07192287792561881
AMZN,CP,EQWIN_FC6,EQWIN,6.0,,,capacity,36739,0.12075554943530212,7.074089228248385e-07,47.32845205367593,0.29847817581989605,0.7653382305957386,1.0263820942137545,0.3047115147567342
AMZN,CP,PREFIX_FC6,PREFIX,6.0,,,capacity,36739,0.18775268796323347,1.2955575816004364e-06,47.59247665968045,0.5486595581871546,0.5832391048578346,1.601343381991518,0.10930088543739784
AMZN,CP,PM_FC9,PM_FC,9.0,,,capacity,36739,-0.5603614142015593,-1.3987077203252092e-05,47.11614360761044,-6.933251150288773,4.112770827522071e-12,-5.129241715010185,2.9091161129739107e-07
AMZN,CP,CP_FC9,CP_FC,9.0,,,capacity,36739,-0.04337594466581519,-8.75129215053318e-07,46.22880317918289,-2.5305872951052106,0.011387174525812067,-2.010577389177276,0.044370114330493204
AMZN,CP,EQWIN_FC9,EQWIN,9.0,,,capacity,36739,0.15626252837470445,1.0709475970781982e-06,47.627861400691366,0.4503562973025847,0.652453551607348,1.3396552192374722,0.1803574625359925
AMZN,CP,PREFIX_FC9,PREFIX,9.0,,,capacity,36739,0.16353363454265266,1.1726989765762351e-06,47.57614524075233,0.49460936587763754,0.6208758896799906,1.40743991130737,0.1592969834109874
AMZN,CP,SHIFTWIN_FC6_O1,SHIFTWIN,6.0,,1.0,contiguous,36739,-0.08993645328395031,-4.275133984524352e-06,47.382890116769644,-1.9275193819210374,0.0539149349812017,-0.815682451503658,0.41468177826276276
AMZN,CP,SHIFTWIN_FC6_O3,SHIFTWIN,6.0,,3.0,contiguous,36739,0.13950000585920103,9.037164031096394e-07,47.333895859985304,0.3819510355300125,0.7024976839944043,1.1816198219143204,0.23735658482449395
AMZN,CP,SHIFTWIN_FC6_O5,SHIFTWIN,6.0,,5.0,contiguous,36739,-0.037421780518778515,-3.303130720279763e-06,47.51898527450393,-1.4990163961854668,0.1338693785491897,-0.3375660462674348,0.7356902328101228
AMZN,CP,SHIFTWIN_FC9_O1,SHIFTWIN,9.0,,1.0,contiguous,36739,-0.09386113500328633,-3.2738487648323324e-06,47.031764609815184,-1.437708679660061,0.15051672933609467,-0.8112363391952679,0.41722996073881724
AMZN,CP,SHIFTWIN_FC9_O3,SHIFTWIN,9.0,,3.0,contiguous,36739,-0.07127028125284503,-2.9451246568401094e-06,47.19235689594164,-1.3013090820915776,0.1931526797486648,-0.6188002888045255,0.5360479319414422
AMZN,CP,SHIFTWIN_FC9_O5,SHIFTWIN,9.0,,5.0,contiguous,36739,-0.09172993392465441,-3.2756626489770075e-06,47.13791883284792,-1.4428088613080148,0.14907432225069941,-0.7960969413145609,0.4259756918495533
AMZN,CP,HAR,HAR,0.0,,,core,36739,-1.9929306752532814,-2.9701648784165496e-05,39.859549797218214,-12.413123474537754,2.2182700230093598e-35,-14.316943743505965,1.715011192413593e-46
AMZN,CP,PM,PM,10.0,,,core,36739,-0.5628678877827574,-1.4031557998091252e-05,47.078036963444845,-6.952762323614253,3.5820190648803624e-12,-5.153759817414118,2.5531491476142106e-07
AMZN,CP,EWMA,EWMA,,,,external,36739,-13.10122723144333,-0.000522544745938984,27.06388306704047,-27.29715438058593,4.584702562753824e-164,-40.852655923605525,0.0
AMZN,CP,HARQ,HARQ,4.0,,,external,35719,-1.2298425672528075,-0.00012831226266235736,43.06391556314566,-1.576789942758997,0.11484386654971523,-7.145824128137571,8.945753608767785e-13
AMZN,CP,HAR_TCJ,HAR_TCJ,,,,external,31879,-0.6970011456657862,-1.4380911510317706e-05,45.58173092004141,-6.568712979051836,5.075200306242131e-11,-6.189604169420047,6.031548270690619e-10
AMZN,CP,GARCH11,GARCH11,,,,external,36739,-17.027809457888267,-0.0006024974115911828,24.18138762622826,-44.62987409894922,0.0,-61.88331884790643,0.0
AMZN,CP,COMP_COPRIME_FC6,COMP_COPRIME,6.0,,,modulo,36739,-0.5917113694646747,-1.4348987598276176e-05,46.72146765018101,-7.117016188865414,1.1028853682470446e-12,-5.386142941913944,7.198572121916133e-08
AMZN,CP,COMP_NONCOPRIME_FC6,COMP_NONCOPRIME,6.0,,,modulo,36739,-0.6034623438126817,-1.449544382062054e-05,46.68880481232478,-7.149503485403493,8.709233733531751e-13,-5.465756487295068,4.609367599556729e-08
AMZN,CP,COMP_COPRIME_FC9,COMP_COPRIME,9.0,,,modulo,36739,-0.5668264599401094,-1.397553948701974e-05,46.990936062494896,-6.805439669926825,1.0074109019226535e-11,-5.126543326739499,2.9511016741534655e-07
AMZN,CP,COMP_NONCOPRIME_FC9,COMP_NONCOPRIME,9.0,,,modulo,36739,-0.5765316912853286,-1.4206346776181512e-05,46.81129045428564,-6.893661046521849,5.437449688755837e-12,-5.185717085097085,2.1518526613079117e-07
AMZN,CP,RAND_FC3_S0,RAND,3.0,0.0,,random,36739,-0.7587647483548405,-1.628399342505482e-05,45.88584338169248,-8.154517094625506,3.5057782863756954e-16,-6.8514669552599745,7.309648525413282e-12
AMZN,CP,CRS_FC3_S0,CRS,3.0,0.0,,random,36739,0.047007516975212424,-1.5206011095824952e-06,47.55437001551485,-0.6684150454614923,0.5038686941702697,0.4241674344946694,0.6714437087757744
AMZN,CP,RAND_FC3_S1,RAND,3.0,1.0,,random,36739,-0.5050692544425666,-1.2682555769855828e-05,47.094368382372956,-6.076731784651379,1.2265666446918641e-09,-4.529732109343243,5.905852138682437e-06
AMZN,CP,CRS_FC3_S1,CRS,3.0,1.0,,random,36739,-0.8580545993115828,-1.594358716098548e-05,43.51778763711587,-7.25596705134642,3.9880216177472165e-13,-7.372689616491226,1.6721950268738287e-13
AMZN,CP,RAND_FC3_S2,RAND,3.0,2.0,,random,36739,-0.5687836839181819,-1.3178700308824814e-05,46.642532458695115,-6.6151985303274,3.710534303166415e-11,-5.52189738295961,3.3535833986425433e-08
AMZN,CP,CRS_FC3_S2,CRS,3.0,2.0,,random,36739,-0.19070809000230957,-6.029281805368999e-06,46.93921990255587,-2.708418875102394,0.006760463766895202,-1.710969969121753,0.08708665673674358
AMZN,CP,RAND_FC6_S0,RAND,6.0,0.0,,random,36739,-0.7269838265392946,-1.6194996633178584e-05,46.15803369716105,-7.949792568810413,1.868240684985762e-15,-6.5430347742544175,6.028280574012039e-11
AMZN,CP,CRS_FC6_S0,CRS,6.0,0.0,,random,36739,0.18933797957512158,7.134328206399409e-07,47.83200413729279,0.30751902188131597,0.7584483466586172,1.6318805236346026,0.1027046576974882
AMZN,CP,RAND_FC6_S1,RAND,6.0,1.0,,random,36739,-0.5020382155775533,-1.2003972196906868e-05,46.86845042053404,-5.659738236267237,1.5160405736586768e-08,-4.584053911991828,4.560465708235608e-06
AMZN,CP,CRS_FC6_S1,CRS,6.0,1.0,,random,36739,-0.3361977366519558,-5.620007800989849e-06,45.65448161354419,-2.440259821481564,0.014676701771534108,-2.9124721088798724,0.0035858022169865103
AMZN,CP,RAND_FC6_S2,RAND,6.0,2.0,,random,36739,-0.3475887324533067,-9.542722745243029e-06,46.86845042053404,-4.589737796421885,4.438031443760141e-06,-3.233345860423716,0.001223493407808966
AMZN,CP,CRS_FC6_S2,CRS,6.0,2.0,,random,36739,-0.12494119798084448,-3.943333186222342e-06,46.3213478864422,-1.699002168083365,0.08931877510912634,-1.0814475474370062,0.2794980810074498
AMZN,CP,RAND_FC9_S0,RAND,9.0,0.0,,random,36739,-0.6984279889244596,-1.6047083864553144e-05,46.3594545306078,-7.776217811334119,7.472500358048121e-15,-6.316598697485007,2.673827096512072e-10
AMZN,CP,CRS_FC9_S0,CRS,9.0,0.0,,random,36739,0.1681463584609535,6.240882056092252e-07,47.79661939628188,0.2655368596173398,0.790595918770647,1.4481861767171191,0.14756498948483374
AMZN,CP,RAND_FC9_S1,RAND,9.0,1.0,,random,36739,-0.399575704321727,-1.055003673671535e-05,47.37472440730559,-4.9401288906632965,7.807094719614831e-07,-3.5932421237870193,0.0003265888535894329
AMZN,CP,CRS_FC9_S1,CRS,9.0,1.0,,random,36739,-0.4015420665072525,-6.292063517385142e-06,45.382291298075614,-2.6901443609599003,0.007142111564192039,-3.371197560864656,0.0007484216537257787
AMZN,CP,RAND_FC9_S2,RAND,9.0,2.0,,random,36739,-0.2817767885832605,-7.971731831271306e-06,47.19235689594164,-3.739658997829295,0.00018427006241585785,-2.5957706302989596,0.009437904533361293
AMZN,CP,CRS_FC9_S2,CRS,9.0,2.0,,random,36739,-0.022111884689468085,-3.350117728972688e-06,47.52715098396799,-1.4962098582790184,0.13459897637353563,-0.19984099194988975,0.841604940971239
EEM,HAR,PM_FC3,PM_FC,3.0,,,capacity,36739,0.02077254501979831,7.4212595238099314e-06,31.339992923051796,12.866704977277687,6.929578190031535e-38,0.4926637106132207,0.6222502231016421
EEM,HAR,CP_FC3,CP_FC,3.0,,,capacity,36739,-0.03749628990668296,5.93663656910572e-06,31.334549116742426,12.188473172282023,3.580671449940648e-34,-0.9499088025606418,0.34215859369510104
EEM,HAR,EQWIN_FC3,EQWIN,3.0,,,capacity,36739,0.13768595794553576,1.0866064308010642e-05,31.789106943574946,15.922811465196835,4.401465911789058e-57,2.8798046248140357,0.003979216758910506
EEM,HAR,PREFIX_FC3,PREFIX,3.0,,,capacity,36739,0.1310775793175406,1.0194321483310397e-05,31.693840333160946,15.361275435702069,2.9766051754487093e-53,2.8097570879583,0.0049578904230075495
EEM,HAR,PM_FC6,PM_FC,6.0,,,capacity,36739,0.015020303853144401,7.350794987190667e-06,31.339992923051796,12.731524743561206,3.95048276241354e-37,0.3525751769389005,0.7244069498928891
EEM,HAR,CP_FC6,CP_FC,6.0,,,capacity,36739,-0.15355502175166216,9.713571191523831e-06,30.56697242712104,13.586783033504918,4.797058150904188e-42,-2.7012455069327226,0.006908032518614678
EEM,HAR,EQWIN_FC6,EQWIN,6.0,,,capacity,36739,0.1361426238523323,1.1396149880170387e-05,31.98780587386701,16.106214855619633,2.3072166939954756e-58,2.6436442004847374,0.008201882111425385
EEM,HAR,PREFIX_FC6,PREFIX,6.0,,,capacity,36739,0.1496501905118039,1.0702465506489165e-05,31.908870682381117,15.61246287913765,5.988011322358924e-55,3.065174878934637,0.0021754275494113413
EEM,HAR,PM_FC9,PM_FC,9.0,,,capacity,36739,0.006490639682184831,7.277442826969739e-06,31.42981572715643,12.532430742787538,4.961824263082027e-36,0.15138748390961365,0.8796700620666746
EEM,HAR,CP_FC9,CP_FC,9.0,,,capacity,36739,-0.16859235062354944,1.0160499792072843e-05,30.520700073491387,13.47119694550732,2.310891800137234e-41,-2.8488597111423752,0.004387622281257646
EEM,HAR,EQWIN_FC9,EQWIN,9.0,,,capacity,36739,0.11615471270566292,1.1268852392945229e-05,31.933367810773294,15.780704040546734,4.224495654784385e-56,2.2075309102159064,0.027276989964909775
EEM,HAR,PREFIX_FC9,PREFIX,9.0,,,capacity,36739,0.1298491841159787,1.069442833824341e-05,31.949699229701405,15.481439248289394,4.629975444135304e-54,2.552532688463713,0.010694287386743962
EEM,HAR,SHIFTWIN_FC6_O1,SHIFTWIN,6.0,,1.0,contiguous,36739,0.07385109239349624,9.896536489154535e-06,31.492419499714202,15.176932482350125,5.027494455018635e-52,1.584975740224133,0.11297184630980357
EEM,HAR,SHIFTWIN_FC6_O3,SHIFTWIN,6.0,,3.0,contiguous,36739,0.14230235156257126,1.1356260862201153e-05,31.949699229701405,16.113220292927338,2.060100396404975e-58,2.783761060844916,0.005373260163805547
EEM,HAR,SHIFTWIN_FC6_O5,SHIFTWIN,6.0,,5.0,contiguous,36739,0.11041498133980732,1.0492359438793278e-05,31.721059364707806,15.664552332201865,2.6428394793443397e-55,2.3133451455397287,0.020703670424018047
EEM,HAR,SHIFTWIN_FC9_O1,SHIFTWIN,9.0,,1.0,contiguous,36739,0.08105639624710656,1.055939321029169e-05,31.67750891423283,15.516416431973386,2.686406370508631e-54,1.593924998895395,0.11095283447501363
EEM,HAR,SHIFTWIN_FC9_O3,SHIFTWIN,9.0,,3.0,contiguous,36739,0.08941055265117206,1.0545190607392877e-05,31.941533520237346,15.386471757381615,2.0173667293600638e-53,1.7766546468027082,0.07562507859989083
EEM,HAR,SHIFTWIN_FC9_O5,SHIFTWIN,9.0,,5.0,contiguous,36739,0.0923547904353153,1.0552373158719746e-05,31.437981436620483,15.383336153055032,2.117500019341201e-53,1.8303923669340938,0.06719128828145357
EEM,HAR,PM,PM,10.0,,,core,36739,0.005175187244493846,7.285610075672905e-06,31.323661504123685,12.514298359156566,6.235644249388929e-36,0.12033193734790294,0.9042202055704004
EEM,HAR,CP,CP,10.0,,,core,36739,-0.18256647256426073,1.0392994536377509e-05,30.689458069081905,13.5020951605775,1.519913951153215e-41,-2.9953149178212306,0.0027416162670083196
EEM,HAR,EWMA,EWMA,,,,external,36739,-5.386329916057852,-0.0003779780055334964,26.731810882168812,-29.768673408381012,9.941934707658342e-195,-19.84463596220616,1.2261343101087555e-87
EEM,HAR,HARQ,HARQ,4.0,,,external,35719,-0.14707690246110605,-0.03487375352480918,31.74500965872505,-1.001534119999284,0.31656865309118776,-2.3185955505195963,0.02041697660180859
EEM,HAR,HAR_TCJ,HAR_TCJ,,,,external,14893,0.1621443199690211,-2.2911498996188138e-05,44.48398576512456,-10.869576089314638,1.6094690338608776e-27,0.6289618335575301,0.5293740432413654
EEM,HAR,GARCH11,GARCH11,,,,external,36739,-9.15593007840298,-0.0005039271022683309,23.002803560249326,-110.5709032452609,0.0,-26.798693460438383,3.3465400741429244e-158
EEM,HAR,COMP_COPRIME_FC6,COMP_COPRIME,6.0,,,modulo,36739,0.027530775697687807,8.05694781330459e-06,31.24200440948311,13.545216126122808,8.456463983080613e-42,0.6252662005042628,0.5317963594020276
EEM,HAR,COMP_NONCOPRIME_FC6,COMP_NONCOPRIME,6.0,,,modulo,36739,0.015404111923166994,7.977789833569518e-06,31.467922371322025,13.396854436409921,6.308051945714359e-41,0.35095605519392226,0.7256213168242136
EEM,HAR,COMP_COPRIME_FC9,COMP_COPRIME,9.0,,,modulo,36739,0.02348058740215915,8.015868712058408e-06,31.173956830615968,13.428160513133962,4.1355696235164977e-41,0.531997522501885,0.594727711419197
EEM,HAR,COMP_NONCOPRIME_FC9,COMP_NONCOPRIME,9.0,,,modulo,36739,0.0031469926276274274,7.98783284671168e-06,31.413484308228313,13.269611993068903,3.473747014627407e-40,0.07056046809871448,0.9437475738418076
EEM,HAR,RAND_FC3_S0,RAND,3.0,0.0,,random,36739,0.0053638570134022685,6.110836242282267e-06,31.49514140286889,12.010039123032458,3.146961415114971e-33,0.14187194628601138,0.8871811537635091
EEM,HAR,CRS_FC3_S0,CRS,3.0,0.0,,random,36739,0.15097341196974462,9.72896832066299e-06,31.993249680176376,15.38980178742271,1.9161835851478528e-53,3.3643366090245332,0.0007672790049910033
EEM,HAR,RAND_FC3_S1,RAND,3.0,1.0,,random,36739,0.03626980475626558,7.984042879411275e-06,31.65845559215003,13.57792123105951,5.414131755312028e-42,0.8403960559681395,0.40068635978263034
EEM,HAR,CRS_FC3_S1,CRS,3.0,1.0,,random,36739,0.008973212401683129,5.469214960010085e-06,31.805438362503065,12.201034193248141,3.0690103739332545e-34,0.2653503213706026,0.7907396025330985
EEM,HAR,RAND_FC3_S2,RAND,3.0,2.0,,random,36739,0.07455476966852431,7.401533520039028e-06,32.13478864422004,14.366447082576856,8.403295525732859e-47,1.923963648354348,0.05435914015171403
EEM,HAR,CRS_FC3_S2,CRS,3.0,2.0,,random,36739,0.06273619733873974,9.19522337998924e-06,31.66662130161409,14.846559956589292,7.323126784063159e-50,1.4121786633145554,0.15789736131394982
EEM,HAR,RAND_FC6_S0,RAND,6.0,0.0,,random,36739,0.0010632976980623952,6.283828341711512e-06,31.492419499714202,12.111542148360122,9.175268347427661e-34,0.027246667555208312,0.9782629941806067
EEM,HAR,CRS_FC6_S0,CRS,6.0,0.0,,random,36739,0.1375008496292243,1.1114228490669514e-05,31.884373553988947,16.032094610130365,7.626805874764155e-58,2.7758078892375395,0.0055064734614928505
EEM,HAR,RAND_FC6_S1,RAND,6.0,1.0,,random,36739,0.03302522292640719,7.989042269103562e-06,31.60129562590163,13.523576992308126,1.1351904905274374e-41,0.7530379976361407,0.45142708086216154
EEM,HAR,CRS_FC6_S1,CRS,6.0,1.0,,random,36739,0.06179575342433788,8.613011289781723e-06,31.922480198154553,14.563891739600383,4.766518804012744e-48,1.412380113478229,0.15783806873596518
EEM,HAR,RAND_FC6_S2,RAND,6.0,2.0,,random,36739,0.07702903036626746,8.914984775966219e-06,32.1429543536841,14.82497113737891,1.0102332206100547e-49,1.6610695973075145,0.09669946966767573
EEM,HAR,CRS_FC6_S2,CRS,6.0,2.0,,random,36739,0.09455305390198038,9.62303404257154e-06,31.889817360298323,15.165817746912591,5.955254510453665e-52,2.03276217313445,0.04207655650617982
EEM,HAR,RAND_FC9_S0,RAND,9.0,0.0,,random,36739,-0.0018085660201172325,7.187330590092777e-06,31.301886278886197,12.70256023783654,5.722643908879806e-37,-0.04333945600309002,0.9654309394132358
EEM,HAR,CRS_FC9_S0,CRS,9.0,0.0,,random,36739,0.1304177770108938,1.1134398074137476e-05,31.797272653039006,16.004946140120104,1.1801531469069415e-57,2.613105949553007,0.008972348282437809
EEM,HAR,RAND_FC9_S1,RAND,9.0,1.0,,random,36739,0.03171855850211197,8.22367052951829e-06,31.59857372274694,13.539138288902466,9.186015817105434e-42,0.7065287386118247,0.47985938726399524
EEM,HAR,CRS_FC9_S1,CRS,9.0,1.0,,random,36739,0.028301135508294998,8.509076640766957e-06,31.696562236315636,14.110640065449275,3.26600126597259e-45,0.6088098273542619,0.5426504989467322
EEM,HAR,RAND_FC9_S2,RAND,9.0,2.0,,random,36739,0.08835675084249034,9.068118037936019e-06,32.0286344211873,14.636083165394233,1.6532169009332696e-48,1.8766025082062407,0.06057259336032693
EEM,HAR,CRS_FC9_S2,CRS,9.0,2.0,,random,36739,0.09778119018754827,1.035034967563288e-05,31.68567462369689,15.463775141338582,6.092104850689588e-54,2.0119944821414206,0.044220518650432646
EEM,PM,PM_FC3,PM_FC,3.0,,,capacity,36739,0.015597357775304462,1.356494481370277e-07,31.386265276681456,2.0744325317047747,0.03803915863942786,1.827233426976085,0.06766467995586659
EEM,PM,CP_FC3,CP_FC,3.0,,,capacity,36739,-0.04267147715117682,-1.3489735065671849e-06,32.01502490541387,-4.447177745510444,8.700584245497652e-06,-1.5898956039570808,0.11185833873839171
EEM,PM,EQWIN_FC3,EQWIN,3.0,,,capacity,36739,0.1325107707010419,3.5804542323377386e-06,32.121179128446606,10.768470994427906,4.8498833995513995e-27,4.790836344147019,1.6608755614800727e-06
EEM,PM,PREFIX_FC3,PREFIX,3.0,,,capacity,36739,0.12590239207304676,2.9087114076374907e-06,32.49952366694793,8.923716724405987,4.508961785806658e-19,4.611028311168488,4.006819581135863e-06
EEM,PM,PM_FC6,PM_FC,6.0,,,capacity,36739,0.009845116608650527,6.51849115177624e-08,31.584964206973513,1.4604039430381435,0.14417908975612342,1.605521464027347,0.1083790934392647
EEM,PM,CP_FC6,CP_FC,6.0,,,capacity,36739,-0.15873020899615597,2.427961115850925e-06,30.58330384604916,4.069502222164549,4.71136903295695e-05,-3.6680371912255025,0.0002444196370993747
EEM,PM,EQWIN_FC6,EQWIN,6.0,,,capacity,36739,0.13096743660783847,4.110539804497486e-06,32.32259996189335,10.849683952429267,2.001160987907517e-27,4.036862187730962,5.4170868336950925e-05
EEM,PM,PREFIX_FC6,PREFIX,6.0,,,capacity,36739,0.14447500326731003,3.416855430816262e-06,32.733607338250906,9.515154887870045,1.8144239700555083e-21,4.912017888232944,9.014382650393113e-07
EEM,PM,PM_FC9,PM_FC,9.0,,,capacity,36739,0.0013154524376909895,-8.167248703166093e-09,31.19301015269877,-0.8579028154145123,0.3909461294697091,1.0138002022006087,0.3106780988094636
EEM,PM,CP_FC9,CP_FC,9.0,,,capacity,36739,-0.1737675378680433,2.8748897163999395e-06,30.60235716813196,4.4189780713696605,9.916870791139297e-06,-3.698949373860143,0.0002164937744042597
EEM,PM,EQWIN_FC9,EQWIN,9.0,,,capacity,36739,0.11097952546116907,3.983242317272323e-06,32.1429543536841,10.362376244632769,3.6771144480425195e-25,3.285173378380213,0.0010191963424389747
EEM,PM,PREFIX_FC9,PREFIX,9.0,,,capacity,36739,0.12467399687148484,3.408818262570507e-06,32.91325294646016,9.236918662468097,2.53697785044934e-20,3.940591219356599,8.128103446595469e-05
EEM,PM,SHIFTWIN_FC6_O1,SHIFTWIN,6.0,,1.0,contiguous,36739,0.06867590514900239,2.6109264134816313e-06,31.323661504123685,9.578698488542527,9.827550612591442e-22,2.8173865463455994,0.00484162166699652
EEM,PM,SHIFTWIN_FC6_O3,SHIFTWIN,6.0,,3.0,contiguous,36739,0.1371271643180774,4.070650786528251e-06,32.30899044611993,10.959927172307168,5.954726880016442e-28,4.324349196086943,1.5298281056695957e-05
EEM,PM,SHIFTWIN_FC6_O5,SHIFTWIN,6.0,,5.0,contiguous,36739,0.10523979409531345,3.2067493631203733e-06,31.729225074171865,10.057914569724254,8.47750573307474e-24,3.966570399246569,7.291424566383055e-05
EEM,PM,SHIFTWIN_FC9_O1,SHIFTWIN,9.0,,1.0,contiguous,36739,0.07588120900261272,3.2737831346187846e-06,31.821769781431176,9.955600053748805,2.3838042224200013e-23,2.5815276455888996,0.009836411276466265
EEM,PM,SHIFTWIN_FC9_O3,SHIFTWIN,9.0,,3.0,contiguous,36739,0.08423536540667821,3.2595805317199715e-06,31.876207844524888,9.76097745030364,1.655518294118346e-22,2.815409935355828,0.0048715049517631115
EEM,PM,SHIFTWIN_FC9_O5,SHIFTWIN,9.0,,5.0,contiguous,36739,0.08717960319082144,3.266763083046842e-06,31.930645907618604,9.740943516669041,2.016730587175191e-22,2.976211761726387,0.002918332716943017
EEM,PM,HAR,HAR,0.0,,,core,36739,-0.005175187244493846,-7.285610075672905e-06,32.869702495985194,-12.514298359156566,6.235644249388929e-36,-0.12033193734790294,0.9042202055704004
EEM,PM,CP,CP,10.0,,,core,36739,-0.1877416598087546,3.1073844607046044e-06,30.841884645744305,4.666588815183115,3.062413055125542e-06,-3.862568443794311,0.00011220111553795775
EEM,PM,EWMA,EWMA,,,,external,36739,-5.391505103302346,-0.0003852636156091694,26.002340836713028,-30.77849075358297,5.084987233784081e-208,-20.196986533684658,1.0405656487440925e-90
EEM,PM,HARQ,HARQ,4.0,,,external,35719,-0.16435346680332125,-0.03488125823148097,31.918586746549455,-1.0017497899579777,0.3164644528322301,-2.351859902956183,0.01867980894594164
EEM,PM,HAR_TCJ,HAR_TCJ,,,,external,14893,-0.12830179604423764,-2.341829521704657e-05,43.9535352178876,-12.326382805340211,6.531338086441505e-35,-0.541966341491227,0.5878416931122521
EEM,PM,GARCH11,GARCH11,,,,external,36739,-9.161105265647471,-0.0005112127123440038,21.870491847900052,-109.45290814087953,0.0,-27.177009969090395,1.2145061209340318e-162
EEM,PM,COMP_COPRIME_FC6,COMP_COPRIME,6.0,,,modulo,36739,0.022355588453193954,7.713377376316846e-07,30.855494161517733,6.609587643706939,3.853920016313283e-11,1.63458350988232,0.10213638681935738
EEM,PM,COMP_NONCOPRIME_FC6,COMP_NONCOPRIME,6.0,,,modulo,36739,0.010228924678673153,6.921797578966131e-07,30.752061841639673,6.110178065022,9.952003858190087e-10,0.7956802065501042,0.42621793435102506
EEM,PM,COMP_COPRIME_FC9,COMP_COPRIME,9.0,,,modulo,36739,0.018305400157665307,7.302586363855026e-07,30.48259342932578,6.348777116798853,2.170332024805336e-10,1.3329686718009526,0.18254208486376133
EEM,PM,COMP_NONCOPRIME_FC9,COMP_NONCOPRIME,9.0,,,modulo,36739,-0.0020281946168664395,7.022227710387758e-07,30.673126650153787,5.983594917078276,2.1826574647824616e-09,-0.1554153990722139,0.8764938449622935
EEM,PM,RAND_FC3_S0,RAND,3.0,0.0,,random,36739,0.00018866976890840343,-1.1747738333906376e-06,32.224611448324666,-8.991118690632018,2.447265946620156e-19,0.013107320775345226,0.9895421705664732
EEM,PM,CRS_FC3_S0,CRS,3.0,0.0,,random,36739,0.14579822472525078,2.4433582449900857e-06,32.88331201175862,7.104000931017928,1.2119603874533948e-12,5.256664584367187,1.4669149913644537e-07
EEM,PM,RAND_FC3_S1,RAND,3.0,1.0,,random,36739,0.031094617511771734,6.984328037383698e-07,31.42709382400174,5.326972650740427,9.986319328032379e-08,1.9599834230110167,0.049997727877698246
EEM,PM,CRS_FC3_S1,CRS,3.0,1.0,,random,36739,0.0037980251571892616,-1.8163951156628196e-06,32.630175018372846,-7.0940850927880215,1.3020999874983665e-12,0.15685491794939638,0.8753591902187491
EEM,PM,RAND_FC3_S2,RAND,3.0,2.0,,random,36739,0.06937958242403047,1.1592344436612256e-07,33.11195187675223,0.6269111657184906,0.530717467716758,3.356456864684423,0.0007894803505516709
EEM,PM,CRS_FC3_S2,CRS,3.0,2.0,,random,36739,0.057561010094245864,1.909613304316337e-06,31.84626690982335,7.7950768853486325,6.436927324884018e-15,2.5518671747343005,0.010714735809885552
EEM,PM,RAND_FC6_S0,RAND,6.0,0.0,,random,36739,-0.004111889546431445,-1.0017817339613932e-06,31.824491684585865,-7.1759874855363694,7.178712126981544e-13,-0.2526521476634152,0.8005370289471132
EEM,PM,CRS_FC6_S0,CRS,6.0,0.0,,random,36739,0.13232566238473042,3.82861841499661e-06,32.3525408965949,10.76024201994179,5.303070986507399e-27,4.548182616182527,5.411117222378025e-06
EEM,PM,RAND_FC6_S1,RAND,6.0,1.0,,random,36739,0.02785003568191332,7.034321934306588e-07,31.897983069762375,4.640767314183665,3.471178186989282e-06,1.5823615169340883,0.11356706460774849
EEM,PM,CRS_FC6_S1,CRS,6.0,1.0,,random,36739,0.05662056617984402,1.327401214108819e-06,32.847927270747704,4.539325245843112,5.6434529552237674e-06,1.9834932610860148,0.04731235906584343
EEM,PM,RAND_FC6_S2,RAND,6.0,2.0,,random,36739,0.07185384312177359,1.6293747002933139e-06,32.57301505212445,7.177361427194152,7.106963089927491e-13,2.6739121781362623,0.007497208199139874
EEM,PM,CRS_FC6_S2,CRS,6.0,2.0,,random,36739,0.08937786665748652,2.3374239668986344e-06,32.6002340836713,7.3824228617613175,1.554345915598298e-13,3.0603653318311266,0.002210671523502811
EEM,PM,RAND_FC9_S0,RAND,9.0,0.0,,random,36739,-0.006983753264611088,-9.827948558012805e-08,31.470644274476715,-0.7226563292517166,0.4698910518675695,-0.4170442405454945,0.6766460485716808
EEM,PM,CRS_FC9_S0,CRS,9.0,0.0,,random,36739,0.12524258976639993,3.848787998464573e-06,32.06401916219821,10.734184582014247,7.033716518443978e-27,4.1657004155096615,3.103980988146143e-05
EEM,PM,RAND_FC9_S1,RAND,9.0,1.0,,random,36739,0.026543371257618114,9.380604538453844e-07,31.79182884672963,5.836449181598745,5.3325016544900005e-09,1.4844209880774224,0.13769727016718436
EEM,PM,CRS_FC9_S1,CRS,9.0,1.0,,random,36739,0.02312594826380113,1.2234665650940543e-06,32.49407986063856,3.9271559391492663,8.595625447971943e-05,0.7321379048054233,0.4640844001943967
EEM,PM,RAND_FC9_S2,RAND,9.0,2.0,,random,36739,0.0831815635979965,1.7825079622631163e-06,32.70638830670405,7.011993284004341,2.3494648496107085e-12,2.965702768355956,0.0030199219755874893
EEM,PM,CRS_FC9_S2,CRS,9.0,2.0,,random,36739,0.09260600294305439,3.064739599959974e-06,31.729225074171865,10.018245442780168,1.2673271912060866e-23,3.4301971100009854,0.0006031429342090249
EEM,CP,PM_FC3,PM_FC,3.0,,,capacity,36739,0.20333901758405906,-2.9717350125675767e-06,31.707449848934377,-4.5097505272932255,6.490390577448618e-06,4.24029650617338,2.2322472375345654e-05
EEM,CP,CP_FC3,CP_FC,3.0,,,capacity,36739,0.14507018265757773,-4.45635796727179e-06,32.94591578431639,-7.801507510219187,6.11719658181317e-15,3.408874726932333,0.0006523142726068182
EEM,CP,EQWIN_FC3,EQWIN,3.0,,,capacity,36739,0.3202524305097965,4.730697716331346e-07,32.254552383026216,0.60714519741514,0.5437545576136152,6.353877284249385,2.0995434947806674e-10
EEM,CP,PREFIX_FC3,PREFIX,3.0,,,capacity,36739,0.3136440518818013,-1.9867305306711341e-07,32.319878058738674,-0.26351355218322364,0.7921547794372148,6.44473417772992,1.1580320169033676e-10
EEM,CP,PM_FC6,PM_FC,6.0,,,capacity,36739,0.19758677641740516,-3.042199549186842e-06,31.797272653039006,-4.62632606371091,3.7220917071859966e-06,4.100283839921356,4.1264371255467764e-05
EEM,CP,CP_FC6,CP_FC,6.0,,,capacity,36739,0.02901145081259861,-6.794233448536788e-07,30.96164838455048,-3.2135014680790057,0.001311271276709034,1.396339237179807,0.1626123634290586
EEM,CP,EQWIN_FC6,EQWIN,6.0,,,capacity,36739,0.31870909641659306,1.0031553437928814e-06,32.61112169629005,1.2410037106183136,0.21460437811762512,6.095931725462547,1.0880184672954736e-09
EEM,CP,PREFIX_FC6,PREFIX,6.0,,,capacity,36739,0.3322166630760646,3.094709701116573e-07,32.42058847546204,0.39248251472101875,0.6947017283373069,6.552335052262367,5.664427187444624e-11
EEM,CP,PM_FC9,PM_FC,9.0,,,capacity,36739,0.18905711224644556,-3.1155517094077705e-06,31.661177495304717,-4.686156116570718,2.7838394671386373e-06,3.8937577069967095,9.870323876129512e-05
EEM,CP,CP_FC9,CP_FC,9.0,,,capacity,36739,0.013974121940711294,-2.324947443046648e-07,31.111353058058196,-2.417387314930066,0.01563237338412753,1.3842080818917772,0.16629474940053912
EEM,CP,EQWIN_FC9,EQWIN,9.0,,,capacity,36739,0.29872118526992364,8.758578565677185e-07,32.4287541849261,1.075541151066493,0.2821325186691026,5.64559570683538,1.6461026584976603e-08
EEM,CP,PREFIX_FC9,PREFIX,9.0,,,capacity,36739,0.3124156566802394,3.014338018659027e-07,32.72544162878685,0.3784475516982248,0.705098149091067,6.060452920108113,1.3573877905528233e-09
EEM,CP,SHIFTWIN_FC6_O1,SHIFTWIN,6.0,,1.0,contiguous,36739,0.2564175649577569,-4.964580472229733e-07,32.04224393696072,-0.6572344499467945,0.5110301775567518,5.097268278075185,3.445898210423803e-07
EEM,CP,SHIFTWIN_FC6_O3,SHIFTWIN,6.0,,3.0,contiguous,36739,0.32486882412683205,9.632663258236462e-07,32.52946460164947,1.2043929187815798,0.2284377477029762,6.275130078033283,3.4934210795608287e-10
EEM,CP,SHIFTWIN_FC6_O5,SHIFTWIN,6.0,,5.0,contiguous,36739,0.29298145390406805,9.936490241576863e-08,32.20555812624187,0.1293952358439107,0.8970449172371585,5.783271795662591,7.326154989472544e-09
EEM,CP,SHIFTWIN_FC9_O1,SHIFTWIN,9.0,,1.0,contiguous,36739,0.26362286881136726,1.663986739141802e-07,32.07490677481695,0.21240442218693398,0.8317915360831964,4.973868172523501,6.562994807042726e-07
EEM,CP,SHIFTWIN_FC9_O3,SHIFTWIN,9.0,,3.0,contiguous,36739,0.27197702521543277,1.5219607101536765e-07,32.126622934755986,0.19282342349103407,0.847097258436564,5.182068941393791,2.194380705562405e-07
EEM,CP,SHIFTWIN_FC9_O5,SHIFTWIN,9.0,,5.0,contiguous,36739,0.27492126299957603,1.5937862234223775e-07,32.058575355888834,0.20131649779545252,0.8404511032665768,5.2157433954018995,1.830814803786581e-07
EEM,CP,HAR,HAR,0.0,,,core,36739,0.18256647256426073,-1.0392994536377509e-05,33.28343177549743,-13.5020951605775,1.519913951153215e-41,2.9953149178212306,0.0027416162670083196
EEM,CP,PM,PM,10.0,,,core,36739,0.1877416598087546,-3.1073844607046044e-06,31.51963853126106,-4.666588815183115,3.062413055125542e-06,3.862568443794311,0.00011220111553795775
EEM,CP,EWMA,EWMA,,,,external,36739,-5.2037634434935915,-0.000388371000069874,25.721984811780395,-30.347198841974752,2.7356567538911146e-202,-20.090981610704528,8.849515293542136e-90
EEM,CP,HARQ,HARQ,4.0,,,external,35719,0.03172597626407801,-0.03488446812050507,32.65208992413001,-1.0018416407394137,0.316420082252147,0.396686557038831,0.6915986145134545
EEM,CP,HAR_TCJ,HAR_TCJ,,,,external,14893,0.024273097004287186,-2.064792310701182e-05,43.812529376217014,-12.068512781151158,1.549085490603685e-33,0.10842865085730018,0.9136556750104877
EEM,CP,GARCH11,GARCH11,,,,external,36739,-8.973363605838719,-0.0005143200968047083,21.72350907754702,-108.94981500639024,0.0,-26.885586410841416,3.237790311598685e-159
EEM,CP,COMP_COPRIME_FC6,COMP_COPRIME,6.0,,,modulo,36739,0.21009724826194853,-2.3360467230729197e-06,31.59857372274694,-3.4801695892019806,0.0005010964824957043,4.269570590713385,1.958496589129957e-05
EEM,CP,COMP_NONCOPRIME_FC6,COMP_NONCOPRIME,6.0,,,modulo,36739,0.19797058448742774,-2.4152047028079907e-06,31.72650317101717,-3.602383704777099,0.0003153124769085953,4.059611343424621,4.9154464566135416e-05
EEM,CP,COMP_COPRIME_FC9,COMP_COPRIME,9.0,,,modulo,36739,0.20604705996641987,-2.3771258243191016e-06,31.516916628106372,-3.4969704288987065,0.00047057399192030393,4.142537205858515,3.434846236088869e-05
EEM,CP,COMP_NONCOPRIME_FC9,COMP_NONCOPRIME,9.0,,,modulo,36739,0.18571346519188817,-2.4051616896658286e-06,31.740112686790606,-3.529257319803816,0.00041672771638922283,3.7313910183453762,0.0001904253866769285
EEM,CP,RAND_FC3_S0,RAND,3.0,0.0,,random,36739,0.18793032957766298,-4.282158294095242e-06,32.12390103160129,-6.587822536777335,4.4632365479163234e-11,3.8794391948221234,0.00010469756813487495
EEM,CP,CRS_FC3_S0,CRS,3.0,0.0,,random,36739,0.3335398845340053,-6.640262157145182e-07,32.616565502599414,-0.8702705818588564,0.3841525516405311,6.619805018235504,3.596729655394308e-11
EEM,CP,RAND_FC3_S1,RAND,3.0,1.0,,random,36739,0.2188362773205263,-2.4089516569662343e-06,31.753722202564035,-3.519414007835362,0.00043250121666627033,4.3521812696293125,1.3478974385990808e-05
EEM,CP,CRS_FC3_S1,CRS,3.0,1.0,,random,36739,0.19153968496594384,-4.923779576367424e-06,32.97857862217262,-6.936330686641214,4.024150179283776e-12,3.591515215881674,0.00032876097787746356
EEM,CP,RAND_FC3_S2,RAND,3.0,2.0,,random,36739,0.25712124223278504,-2.9914610163384817e-06,32.48863605432919,-4.704108822017097,2.5497722880977234e-06,5.450203926559057,5.031209608336103e-08
EEM,CP,CRS_FC3_S2,CRS,3.0,2.0,,random,36739,0.2453026699030005,-1.1977711563882676e-06,31.963308745474833,-1.5943179794954034,0.11086483267729234,4.8527786866189455,1.217435265672463e-06
EEM,CP,RAND_FC6_S0,RAND,6.0,0.0,,random,36739,0.18362977026232316,-4.109166194665998e-06,32.32259996189335,-6.2422563661246855,4.3130326765846405e-10,3.714223748494352,0.00020382839357003195
EEM,CP,CRS_FC6_S0,CRS,6.0,0.0,,random,36739,0.32006732219348505,7.212339542920051e-07,32.464138925937014,0.9183414410034662,0.3584401379095614,6.320981393119497,2.599073233486437e-10
EEM,CP,RAND_FC6_S1,RAND,6.0,1.0,,random,36739,0.21559169549066787,-2.4039522672739456e-06,32.04768774327009,-3.3960669489317588,0.0006836163654081464,4.161465743182471,3.162114380677034e-05
EEM,CP,CRS_FC6_S1,CRS,6.0,1.0,,random,36739,0.24436222598859864,-1.7799832465957857e-06,32.687334984621245,-2.339296291877523,0.01932010448758009,4.744149802121373,2.093838630952345e-06
EEM,CP,RAND_FC6_S2,RAND,6.0,2.0,,random,36739,0.2595955029305282,-1.4780097604112903e-06,32.43419799123547,-2.1165077707260065,0.0343016450116412,5.097217559801492,3.4468212276403956e-07
EEM,CP,CRS_FC6_S2,CRS,6.0,2.0,,random,36739,0.2771195264662411,-7.699604938059696e-07,32.28449331772775,-0.9728394225150913,0.33063311609362056,5.194127326817853,2.0568234153540206e-07
EEM,CP,RAND_FC9_S0,RAND,9.0,0.0,,random,36739,0.18075790654414345,-3.205663946284732e-06,31.840823103513976,-4.73274827079431,2.2150012301177045e-06,3.629652108583628,0.0002838034548288458
EEM,CP,CRS_FC9_S0,CRS,9.0,0.0,,random,36739,0.31298424957515447,7.414035377599688e-07,32.33893138082147,0.9390113990478791,0.3477248918174245,6.056863868093053,1.3880095541815315e-09
EEM,CP,RAND_FC9_S1,RAND,9.0,1.0,,random,36739,0.2142850310663727,-2.1693240068592202e-06,31.854432619287405,-3.0401117755559364,0.002364903626385775,4.136776271998494,3.522192220025593e-05
EEM,CP,CRS_FC9_S1,CRS,9.0,1.0,,random,36739,0.21086760807255572,-1.8839178956105503e-06,32.592068374207244,-2.4274588839479767,0.015205010212504769,3.9920640096307447,6.550068567084992e-05
EEM,CP,RAND_FC9_S2,RAND,9.0,2.0,,random,36739,0.27092322340675107,-1.3248764984414879e-06,32.37975992814175,-1.8207107496283177,0.06865083726990452,5.231241213465297,1.6837562773779476e-07
EEM,CP,CRS_FC9_S2,CRS,9.0,2.0,,random,36739,0.280347662751809,-4.264486074463008e-08,32.12390103160129,-0.055062418774252046,0.956088736173528,5.4231567758587795,5.855559213594248e-08
FXI,HAR,PM_FC3,PM_FC,3.0,,,capacity,36817,0.2736740144009116,4.0486803840148306e-06,42.26580112448054,4.921746931848361,8.57750858155524e-07,5.444519632543994,5.194537494430857e-08
FXI,HAR,CP_FC3,CP_FC,3.0,,,capacity,36817,0.30749499109251743,5.302365665622727e-06,44.80267267838227,7.788863687761796,6.76145028548894e-15,7.103489463200903,1.2164562690425638e-12
FXI,HAR,EQWIN_FC3,EQWIN,3.0,,,capacity,36817,0.41316685785115914,5.940065577283035e-06,44.44414265149252,6.36798001224923,1.9153386938106845e-10,7.402595498797505,1.3354808454125293e-13
FXI,HAR,PREFIX_FC3,PREFIX,3.0,,,capacity,36817,0.4131879988749812,5.979738436740357e-06,44.60167857239862,7.035387087082415,1.987085766056981e-12,8.115194981998776,4.850054428424897e-16
FXI,HAR,PM_FC6,PM_FC,6.0,,,capacity,36817,0.26375172909025896,3.83032050435827e-06,42.58630523942744,4.542042215912134,5.57118808069528e-06,5.095304552188326,3.481810671109577e-07
FXI,HAR,CP_FC6,CP_FC,6.0,,,capacity,36817,0.6917903927278967,1.2470390092209656e-05,43.64831463725996,9.259084688788812,2.0619214361159716e-20,7.624178258889772,2.4559379532593628e-14
FXI,HAR,EQWIN_FC6,EQWIN,6.0,,,capacity,36817,0.4171594439995676,6.61366211191694e-06,43.92536056712932,6.453795864693644,1.0908272552014759e-10,6.254284112104668,3.993434495570295e-10
FXI,HAR,PREFIX_FC6,PREFIX,6.0,,,capacity,36817,0.36003133374157165,6.50332267186382e-06,44.52019447537822,6.54440845802558,5.97313383144599e-11,5.211878333400169,1.8693813975474855e-07
FXI,HAR,PM_FC9,PM_FC,9.0,,,capacity,36817,0.26413885089526934,3.7367742260171527e-06,42.87421571556618,4.432173340714658,9.328797106795096e-06,5.069991838140569,3.9783276264020944e-07
FXI,HAR,CP_FC9,CP_FC,9.0,,,capacity,36817,0.5225337795653188,1.5029891466490804e-05,42.705815248390685,9.377723294453517,6.741259547633533e-21,4.160253687889539,3.178942913574019e-05
FXI,HAR,EQWIN_FC9,EQWIN,9.0,,,capacity,36817,0.358862751513556,6.172663238816637e-06,44.229567862672134,5.825584017642398,5.691321778060218e-09,4.949738454426008,7.431327878435258e-07
FXI,HAR,PREFIX_FC9,PREFIX,9.0,,,capacity,36817,0.3957848175308996,6.668120087420688e-06,44.61254311866801,6.6994853423470175,2.0915484525980636e-11,5.914662861530182,3.325560420816174e-09
FXI,HAR,SHIFTWIN_FC6_O1,SHIFTWIN,6.0,,1.0,contiguous,36817,0.40881605152316536,5.450245426276122e-06,44.24043240894152,5.651448666659414,1.5910120341736726e-08,6.836907649387297,8.092086829238512e-12
FXI,HAR,SHIFTWIN_FC6_O3,SHIFTWIN,6.0,,3.0,contiguous,36817,0.41607122045218314,6.599243622122783e-06,44.07746421490072,6.526549409235036,6.730212222295895e-11,6.275158530674966,3.492782285213011e-10
FXI,HAR,SHIFTWIN_FC6_O5,SHIFTWIN,6.0,,5.0,contiguous,36817,0.4047853933037061,5.651540329158963e-06,43.911779884292585,5.94315374090462,2.7958998057307596e-09,6.774004379927176,1.2526587713980907e-11
FXI,HAR,SHIFTWIN_FC9_O1,SHIFTWIN,9.0,,1.0,contiguous,36817,0.3853041793804193,5.77584934067392e-06,44.41969742238639,5.839993239039773,5.2202940699317945e-09,6.000677036332891,1.9649647915238655e-09
FXI,HAR,SHIFTWIN_FC9_O3,SHIFTWIN,9.0,,3.0,contiguous,36817,0.394111894312126,5.792272210793526e-06,44.52562674851291,5.8827914754349235,4.034040448453351e-09,6.149379457332493,7.778667794163809e-10
FXI,HAR,SHIFTWIN_FC9_O5,SHIFTWIN,9.0,,5.0,contiguous,36817,0.3739289202815465,5.601991621972401e-06,44.058451258929296,5.677072977380013,1.370190279527205e-08,5.8470907919933754,5.002444999768147e-09
FXI,HAR,PM,PM,10.0,,,core,36817,0.2609291980344256,3.682820637578426e-06,43.01817095363555,4.359425684065607,1.3040422867915147e-05,4.998520354191378,5.777190937099761e-07
FXI,HAR,CP,CP,10.0,,,core,36817,0.49781006916213233,1.555605756367449e-05,42.605318195398866,9.502143468373383,2.0561364805566346e-21,3.7695401153991948,0.00016354862152799342
FXI,HAR,EWMA,EWMA,,,,external,36817,-17.52319685048655,-0.0006804311329128842,24.776597767335744,-30.484360973414386,4.200269285490824e-204,-42.586761490614734,0.0
FXI,HAR,HARQ,HARQ,4.0,,,external,35797,0.15116041854830745,-1.5472496544239764e-05,44.83615945470291,-1.432183310747829,0.15209136670941606,1.3137073880212617,0.18894469376558942
FXI,HAR,HAR_TCJ,HAR_TCJ,,,,external,24501,-4.46831034612704,-6.939123920344367e-05,31.827272356230356,-38.07725013441403,0.0,-30.94961743690007,2.5709269887361657e-210
FXI,HAR,GARCH11,GARCH11,,,,external,36817,-30.824236987920553,-0.0009241957931334695,16.875356492924464,-115.7933545903961,0.0,-91.23993982175108,0.0
FXI,HAR,COMP_COPRIME_FC6,COMP_COPRIME,6.0,,,modulo,36817,0.259519027718173,3.7298004666850744e-06,42.466795230464186,4.450001312940145,8.586976444032154e-06,5.074839586609366,3.8782303679949766e-07
FXI,HAR,COMP_NONCOPRIME_FC6,COMP_NONCOPRIME,6.0,,,modulo,36817,0.2461233248729648,3.6164522366173616e-06,42.32283999239482,4.289866559506829,1.7878050544579722e-05,4.780486128145749,1.7487182534198195e-06
FXI,HAR,COMP_COPRIME_FC9,COMP_COPRIME,9.0,,,modulo,36817,0.2491497978611565,3.5547295133962952e-06,42.904093217806995,4.053248124754117,5.051137888065142e-05,4.652017786583164,3.2870271933491587e-06
FXI,HAR,COMP_NONCOPRIME_FC9,COMP_NONCOPRIME,9.0,,,modulo,36817,0.2583295892237551,3.6592259504044654e-06,42.94211912974985,4.174245577762775,2.9897512254671636e-05,4.809628122026938,1.5121134913745309e-06
FXI,HAR,RAND_FC3_S0,RAND,3.0,0.0,,random,36817,0.21466494712904885,3.0646403360998585e-06,42.637911834207024,4.240289597866261,2.2323159421340085e-05,4.8485031852923,1.2439653403944456e-06
FXI,HAR,CRS_FC3_S0,CRS,3.0,0.0,,random,36817,0.4272030796880633,6.1572715158516616e-06,45.16120270527202,7.144073308795811,9.060503973539505e-13,8.198615559508028,2.431712358661154e-16
FXI,HAR,RAND_FC3_S1,RAND,3.0,1.0,,random,36817,0.2917962041445422,4.269286298739936e-06,42.971996631990656,5.035347870566121,4.769818137732765e-07,5.670933620815217,1.4202142152125035e-08
FXI,HAR,CRS_FC3_S1,CRS,3.0,1.0,,random,36817,0.1752895296813958,2.5220169832283533e-06,43.86288942608034,3.66295030795567,0.0002493269201529156,3.996808195115667,6.420227906689171e-05
FXI,HAR,RAND_FC3_S2,RAND,3.0,2.0,,random,36817,0.2917437152441815,4.12161957629312e-06,43.17570687454165,5.506814087337888,3.6538577131314745e-08,6.3031105472507845,2.9173065715989623e-10
FXI,HAR,CRS_FC3_S2,CRS,3.0,2.0,,random,36817,0.3419499594976354,4.751913014693069e-06,43.656463046962,5.210518221153136,1.8831388380171888e-07,6.217047274732315,5.065971724099833e-10
FXI,HAR,RAND_FC6_S0,RAND,6.0,0.0,,random,36817,0.20832775995696984,3.031046399443744e-06,43.19200369394573,3.972527524877909,7.11140158088256e-05,4.335437971242514,1.4547019206964296e-05
FXI,HAR,CRS_FC6_S0,CRS,6.0,0.0,,random,36817,0.46939613309896433,6.683871600411679e-06,44.23500013580683,6.7633395181445595,1.3484672763437329e-11,7.4629467791653505,8.460852902369025e-14
FXI,HAR,RAND_FC6_S1,RAND,6.0,1.0,,random,36817,0.2963706825999553,4.371040439071524e-06,42.80631230138251,5.024391790636457,5.050304504145846e-07,5.50226486182026,3.749431085139884e-08
FXI,HAR,CRS_FC6_S1,CRS,6.0,1.0,,random,36817,0.29433567276558065,4.80730950111145e-06,43.99598011788033,5.326294419608807,1.0023661016651669e-07,5.187673151116534,2.129379076141901e-07
FXI,HAR,RAND_FC6_S2,RAND,6.0,2.0,,random,36817,0.3383279862486919,4.780968452873922e-06,43.80313442159871,5.659978569965019,1.51391898753519e-08,6.441897992111118,1.17988575811173e-10
FXI,HAR,CRS_FC6_S2,CRS,6.0,2.0,,random,36817,0.3634357855597531,5.146495815743777e-06,44.15623217535378,5.484569489654761,4.1447753915869984e-08,6.311922376273641,2.7559045753462206e-10
FXI,HAR,RAND_FC9_S0,RAND,9.0,0.0,,random,36817,0.22100010173705964,3.1287810345751155e-06,43.30879756634163,3.839945455322355,0.00012306164867042463,4.280007302374161,1.8688718133062424e-05
FXI,HAR,CRS_FC9_S0,CRS,9.0,0.0,,random,36817,0.422977353250405,6.419222340063013e-06,44.3789553738762,6.29812501889399,3.012674926810749e-10,6.447245506151638,1.1390120450569277e-10
FXI,HAR,RAND_FC9_S1,RAND,9.0,1.0,,random,36817,0.29406789045629816,4.45159253240175e-06,43.968818752206865,4.851821943514598,1.2233242911444574e-06,5.007035431962079,5.527475501686357e-07
FXI,HAR,CRS_FC9_S1,CRS,9.0,1.0,,random,36817,0.23546372686802233,4.336080784414885e-06,43.92264443056197,4.759979147852793,1.9361296137453815e-06,3.9618098631796417,7.438376652660419e-05
FXI,HAR,RAND_FC9_S2,RAND,9.0,2.0,,random,36817,0.353136903143945,5.033546161388449e-06,44.35179400820273,5.543809872607235,2.9596019220039574e-08,6.06366286712478,1.3305591146877107e-09
FXI,HAR,CRS_FC9_S2,CRS,9.0,2.0,,random,36817,0.39511361761783215,5.377738001683374e-06,44.23500013580683,5.637505399101661,1.7253119738426344e-08,6.649165730222998,2.947589540594748e-11
FXI,PM,PM_FC3,PM_FC,3.0,,,capacity,36817,0.012744816366485959,3.658597464364048e-07,40.220550289268544,2.5081754406141137,0.012135639667465175,0.9752508570068487,0.3294358407083271
FXI,PM,CP_FC3,CP_FC,3.0,,,capacity,36817,0.046565793058091824,1.619545028044301e-06,39.383980226525786,2.032490689042118,0.04210400543374887,0.9361294747405327,0.3492065289939257
FXI,PM,EQWIN_FC3,EQWIN,3.0,,,capacity,36817,0.1522376598167335,2.2572449397046097e-06,42.03764565282342,5.879678861745863,4.110632038261801e-09,5.964997307990532,2.446380750669349e-09
FXI,PM,PREFIX_FC3,PREFIX,3.0,,,capacity,36817,0.15225880084055562,2.296917799161931e-06,41.12230762962762,6.04818775247003,1.4648419076500517e-09,6.021448362140872,1.7286317375067326e-09
FXI,PM,PM_FC6,PM_FC,6.0,,,capacity,36817,0.0028225310558333046,1.4749986677984384e-07,40.277589157182824,1.5423983820955154,0.12297681449461695,0.32069482026599805,0.7484416729650811
FXI,PM,CP_FC6,CP_FC,6.0,,,capacity,36817,0.430861194693471,8.78756945463123e-06,39.280767036966616,6.189483137338947,6.036180946575528e-10,4.678633706583092,2.887928232737173e-06
FXI,PM,EQWIN_FC6,EQWIN,6.0,,,capacity,36817,0.15623024596514198,2.9308414743385136e-06,41.548741070701034,5.554342399069061,2.786587952348762e-08,3.6529886941658303,0.0002592056482356441
FXI,PM,PREFIX_FC6,PREFIX,6.0,,,capacity,36817,0.09910213570714595,2.8205020342853945e-06,40.644267593774615,4.885340628377493,1.0325019431016923e-06,1.9536333638444603,0.05074459199626136
FXI,PM,PM_FC9,PM_FC,9.0,,,capacity,36817,0.003209652860843702,5.3953588438726984e-08,40.43240894152158,3.649541117281576,0.00026270918849348446,2.2207344129732385,0.02636895516345127
FXI,PM,CP_FC9,CP_FC,9.0,,,capacity,36817,0.26160458153089305,1.1347070828912378e-05,38.6207458511014,6.839639515592661,7.939270587320442e-12,2.1203457589370625,0.033976897363352666
FXI,PM,EQWIN_FC9,EQWIN,9.0,,,capacity,36817,0.0979335534791304,2.489842601238212e-06,41.22552081918679,4.462703960211005,8.09318314714202e-06,1.9827281925045754,0.047397798702301465
FXI,PM,PREFIX_FC9,PREFIX,9.0,,,capacity,36817,0.13485561949647404,2.985299449842262e-06,40.782790558709294,5.172756875138513,2.3066506656817335e-07,2.8269267226920305,0.004699708088088082
FXI,PM,SHIFTWIN_FC6_O1,SHIFTWIN,6.0,,1.0,contiguous,36817,0.1478868534887397,1.7674247886976965e-06,41.79590949832958,4.320656571297914,1.5556562845286574e-05,4.511632674741342,6.433052433783993e-06
FXI,PM,SHIFTWIN_FC6_O3,SHIFTWIN,6.0,,3.0,contiguous,36817,0.1551420224177575,2.9164229845443577e-06,41.32873400874596,5.645660007635461,1.6454874848883473e-08,3.6736439761301214,0.0002391158430351805
FXI,PM,SHIFTWIN_FC6_O5,SHIFTWIN,6.0,,5.0,contiguous,36817,0.14385619526928053,1.968719691580536e-06,41.64652198712551,4.8830528966817095,1.044558347241936e-06,4.329216564026143,1.4964072580155854e-05
FXI,PM,SHIFTWIN_FC9_O1,SHIFTWIN,9.0,,1.0,contiguous,36817,0.12437498134599359,2.0930287030954942e-06,41.98060678490915,4.458352402456779,8.259203796056743e-06,3.194940252764511,0.0013985979098562573
FXI,PM,SHIFTWIN_FC9_O3,SHIFTWIN,9.0,,3.0,contiguous,36817,0.13318269627770035,2.109451573215101e-06,41.972458375207104,4.633412572822988,3.596866989512421e-06,3.4321248718075914,0.0005988717446830039
FXI,PM,SHIFTWIN_FC9_O5,SHIFTWIN,9.0,,5.0,contiguous,36817,0.11299972224712085,1.919170984393975e-06,41.627509031154084,4.1623163116493345,3.1503554174949866e-05,2.872899915866901,0.004067229432130026
FXI,PM,HAR,HAR,0.0,,,core,36817,-0.2609291980344256,-3.682820637578426e-06,39.04717929217481,-4.359425684065607,1.3040422867915147e-05,-4.998520354191378,5.777190937099761e-07
FXI,PM,CP,CP,10.0,,,core,36817,0.23688087112770664,1.1873236926096065e-05,38.69408153841975,7.038296719493609,1.9460394271532712e-12,1.834570530058353,0.06656934853466279
FXI,PM,EWMA,EWMA,,,,external,36817,-17.784126048520974,-0.0006841139535504627,24.2496672732705,-31.104437489639565,2.0977202205513892e-212,-44.42198751483644,0.0
FXI,PM,HARQ,HARQ,4.0,,,external,35797,-0.11304037649198038,-1.9249779351966953e-05,40.41958823365086,-1.7873822595159155,0.07387572693789199,-0.9341434644169713,0.3502298940605043
FXI,PM,HAR_TCJ,HAR_TCJ,,,,external,24501,-4.748871163892706,-7.111007995329195e-05,32.47214399412269,-39.664595190078245,0.0,-32.53410255716918,3.5141730429005226e-232
FXI,PM,GARCH11,GARCH11,,,,external,36817,-31.085166185954986,-0.0009278786137710479,16.829182171279573,-117.24726883040408,0.0,-91.58237449389105,0.0
FXI,PM,COMP_COPRIME_FC6,COMP_COPRIME,6.0,,,modulo,36817,-0.001410170316252686,4.6979829106648935e-08,39.78053616535839,0.31177835954666366,0.7552089714360636,-0.09809298064050415,0.9218584612836458
FXI,PM,COMP_NONCOPRIME_FC6,COMP_NONCOPRIME,6.0,,,modulo,36817,-0.01480587316146084,-6.63684009610642e-08,39.68818752206861,-0.37358182969967485,0.7087154545049847,-0.8944218601253552,0.37109622068386583
FXI,PM,COMP_COPRIME_FC9,COMP_COPRIME,9.0,,,modulo,36817,-0.011779400173269084,-1.280911241821301e-07,40.39709916614607,-0.5949706893911667,0.5518630636326453,-0.6457474707593277,0.5184429120345458
FXI,PM,COMP_NONCOPRIME_FC9,COMP_NONCOPRIME,9.0,,,modulo,36817,-0.002599608810670545,-2.359468717396067e-08,40.633403047505226,-0.10929728407663829,0.9129667006845659,-0.14537165372082084,0.8844174439520383
FXI,PM,RAND_FC3_S0,RAND,3.0,0.0,,random,36817,-0.0462642509053768,-6.181803014785672e-07,37.81948556373415,-2.686071239856961,0.007229767209624227,-2.647233482123014,0.00811533006754566
FXI,PM,CRS_FC3_S0,CRS,3.0,0.0,,random,36817,0.16627388165363766,2.474450878273236e-06,40.47315099003178,5.801476842045065,6.5733376235865825e-09,5.85376930438526,4.805550977240885e-09
FXI,PM,RAND_FC3_S1,RAND,3.0,1.0,,random,36817,0.030867006110116574,5.864656611615094e-07,40.693158051986856,2.724248501622411,0.006444799422593501,1.7123374616374227,0.08683449677919683
FXI,PM,CRS_FC3_S1,CRS,3.0,1.0,,random,36817,-0.08563966835302983,-1.160803654350072e-06,38.00418285031371,-2.607163404223283,0.00912957809539305,-2.3835769591962683,0.01714529911885403
FXI,PM,RAND_FC3_S2,RAND,3.0,2.0,,random,36817,0.030814517209755827,4.387989387146948e-07,38.87063041529728,1.8753313585623628,0.06074715184666848,1.6459240123591965,0.09977940452338907
FXI,PM,CRS_FC3_S2,CRS,3.0,2.0,,random,36817,0.08102076146320977,1.0690923771146432e-06,41.307004916207184,3.8055441217047203,0.00014149278727861993,3.5654933251291254,0.00036317240552876203
FXI,PM,RAND_FC6_S0,RAND,6.0,0.0,,random,36817,-0.05260143807745581,-6.517742381346817e-07,39.27805090039927,-2.782529481300566,0.005393696470944274,-2.700563732632246,0.006922207301773273
FXI,PM,CRS_FC6_S0,CRS,6.0,0.0,,random,36817,0.2084669350645387,3.001050962833252e-06,41.76331585952141,6.215709693979224,5.109319015849219e-10,5.647416617717866,1.6287678835172643e-08
FXI,PM,RAND_FC6_S1,RAND,6.0,1.0,,random,36817,0.03544148456552968,6.882198014930984e-07,40.20425346986446,2.7588225109117355,0.005801003243981993,1.601899531082541,0.109177828219898
FXI,PM,CRS_FC6_S1,CRS,6.0,1.0,,random,36817,0.03340647473115496,1.124488863533024e-06,39.21286362278295,2.55483425052215,0.01062383736393882,0.9217308188049123,0.3566690009350364
FXI,PM,RAND_FC6_S2,RAND,6.0,2.0,,random,36817,0.07739878821426631,1.0981478152954966e-06,40.611673954966456,4.035197875132962,5.455630001458149e-05,3.192832850055546,0.0014088447176563493
FXI,PM,CRS_FC6_S2,CRS,6.0,2.0,,random,36817,0.10250658752532746,1.4636751781653506e-06,40.22598256240324,3.802412093895217,0.00014329411743362579,3.2927084919040364,0.0009922729689637803
FXI,PM,RAND_FC9_S0,RAND,9.0,0.0,,random,36817,-0.03992909629736602,-5.540396030033103e-07,38.764701089170764,-2.626436895391838,0.008628398978086767,-2.0294971247431,0.04240768154773987
FXI,PM,CRS_FC9_S0,CRS,9.0,0.0,,random,36817,0.16204815521597934,2.736401702484588e-06,41.353179237852075,5.398953899561529,6.703059395950761e-08,4.043131025360062,5.274212728241178e-05
FXI,PM,RAND_FC9_S1,RAND,9.0,1.0,,random,36817,0.03313869242187249,7.687718948233235e-07,41.00279762066437,2.219401378073062,0.026459429995162275,1.0662737069792556,0.2862999315660788
FXI,PM,CRS_FC9_S1,CRS,9.0,1.0,,random,36817,-0.02546547116640333,6.532601468364584e-07,39.24817339815846,1.376763138249926,0.16858549092621722,-0.6221359194074879,0.5338524978824174
FXI,PM,RAND_FC9_S2,RAND,9.0,2.0,,random,36817,0.09220770510951934,1.3507255238100218e-06,40.99464921096232,4.055966827443709,4.9927345650637654e-05,3.111207721751466,0.0018632382171512485
FXI,PM,CRS_FC9_S2,CRS,9.0,2.0,,random,36817,0.13418441958340654,1.6949173641049486e-06,41.98060678490915,4.51734370377004,6.2620217529641256e-06,4.351058280916902,1.3548203149780775e-05
FXI,CP,PM_FC3,PM_FC,3.0,,,capacity,36817,-0.22413605476122073,-1.150737717965966e-05,42.51025341554173,-6.865463173636534,6.627586113510752e-12,-1.71970912006626,0.0854853292078732
FXI,CP,CP_FC3,CP_FC,3.0,,,capacity,36817,-0.19031507806961484,-1.0253691898051765e-05,40.345492571366485,-8.167408037248602,3.1508576318978124e-16,-1.600712478961977,0.10944061594607289
FXI,CP,EQWIN_FC3,EQWIN,3.0,,,capacity,36817,-0.08464321131097316,-9.615991986391457e-06,42.99372572452943,-6.000832509626993,1.9630840534493653e-09,-0.6645361835879715,0.5063471983021811
FXI,CP,PREFIX_FC3,PREFIX,3.0,,,capacity,36817,-0.08462207028715103,-9.576319126934135e-06,42.72482820436211,-6.113236660709687,9.763041810745633e-10,-0.670491216057176,0.5025447041257857
FXI,CP,PM_FC6,PM_FC,6.0,,,capacity,36817,-0.23405834007187337,-1.1725737059316221e-05,42.56186001032132,-6.959884568243437,3.405516586896603e-12,-1.8045064809570885,0.07115194409047743
FXI,CP,CP_FC6,CP_FC,6.0,,,capacity,36817,0.1939803235657644,-3.0856674714648354e-06,40.46228644376239,-4.815999421567682,1.4646494714405149e-06,2.329085892856134,0.019854515876989606
FXI,CP,EQWIN_FC6,EQWIN,6.0,,,capacity,36817,-0.0806506251625647,-8.942395451757552e-06,42.627047287937636,-5.467084234855499,4.5749867512606066e-08,-0.6396318763783368,0.5224119537708927
FXI,CP,PREFIX_FC6,PREFIX,6.0,,,capacity,36817,-0.13777873542056074,-9.05273489181067e-06,42.4613629573295,-5.532634593118476,3.1545620736110914e-08,-1.1026901573415908,0.27016174257016556
FXI,CP,PM_FC9,PM_FC,9.0,,,capacity,36817,-0.23367121826686296,-1.1819283337657339e-05,42.74655729690089,-7.011920680504531,2.350684686633335e-12,-1.8087521687308568,0.07048951422131655
FXI,CP,CP_FC9,CP_FC,9.0,,,capacity,36817,0.024723710403186428,-5.261660971836863e-07,40.921313523643974,-2.569074114087761,0.010197064626578555,1.3388946014361824,0.18060498739644837
FXI,CP,EQWIN_FC9,EQWIN,9.0,,,capacity,36817,-0.1389473176485762,-9.383394324857853e-06,42.73840888719885,-5.566840328493162,2.59399884585533e-08,-1.116452377305778,0.26422854416957897
FXI,CP,PREFIX_FC9,PREFIX,9.0,,,capacity,36817,-0.10202525163123262,-8.887937476253803e-06,42.40432408941522,-5.46458433522304,4.639927498849851e-08,-0.8247951660216181,0.40948789155111787
FXI,CP,SHIFTWIN_FC6_O1,SHIFTWIN,6.0,,1.0,contiguous,36817,-0.08899401763896693,-1.0105812137398368e-05,42.45864682076215,-6.009696498999587,1.8587095613028667e-09,-0.6872302966420429,0.4919376153511923
FXI,CP,SHIFTWIN_FC6_O3,SHIFTWIN,6.0,,3.0,contiguous,36817,-0.08173884870994917,-8.956813941551706e-06,42.79544775511312,-5.480285175713096,4.2464082931857224e-08,-0.6483220626160051,0.5167766671683811
FXI,CP,SHIFTWIN_FC6_O5,SHIFTWIN,6.0,,5.0,contiguous,36817,-0.09302467585842614,-9.904517234515532e-06,42.55099546405193,-5.9446860630033225,2.769871874514602e-09,-0.7303385994162733,0.465183239657611
FXI,CP,SHIFTWIN_FC9_O1,SHIFTWIN,9.0,,1.0,contiguous,36817,-0.11250588978171305,-9.780208223000568e-06,42.477659776733574,-5.7661166079486605,8.111894369652124e-09,-0.8778611031485972,0.3800191000157457
FXI,CP,SHIFTWIN_FC9_O3,SHIFTWIN,9.0,,3.0,contiguous,36817,-0.10369817485000633,-9.763785352880963e-06,42.616182741668254,-5.728868734289986,1.0110258810077342e-08,-0.8066253414119713,0.41988236914942456
FXI,CP,SHIFTWIN_FC9_O5,SHIFTWIN,9.0,,5.0,contiguous,36817,-0.1238811488805858,-9.95406594170209e-06,42.24678816850911,-5.891399463650051,3.829386090466761e-09,-0.9642693423430252,0.33491090707104454
FXI,CP,HAR,HAR,0.0,,,core,36817,-0.49781006916213233,-1.555605756367449e-05,39.22372816905234,-9.502143468373383,2.0561364805566346e-21,-3.7695401153991948,0.00016354862152799342
FXI,CP,PM,PM,10.0,,,core,36817,-0.23688087112770664,-1.1873236926096065e-05,42.800880028247825,-7.038296719493609,1.9460394271532712e-12,-1.834570530058353,0.06656934853466279
FXI,CP,EWMA,EWMA,,,,external,36817,-18.021006919648677,-0.0006959871904765588,23.893853382948095,-30.988966154558142,7.591139922040848e-211,-43.67158573900994,0.0
FXI,CP,HARQ,HARQ,4.0,,,external,35797,-0.3490754184404154,-3.0872743005560444e-05,39.87205631756851,-2.887069237762302,0.003888486514156694,-2.0775680915925028,0.0377491576351683
FXI,CP,HAR_TCJ,HAR_TCJ,,,,external,24501,-4.836669874184506,-7.112028699967074e-05,34.035345496102195,-28.46045524124664,3.617750985899855e-178,-23.04385324231081,1.6952071592250943e-117
FXI,CP,GARCH11,GARCH11,,,,external,36817,-31.322047057082685,-0.000939751850697144,16.66078170410408,-114.43580757684295,0.0,-89.26625089700997,0.0
FXI,CP,COMP_COPRIME_FC6,COMP_COPRIME,6.0,,,modulo,36817,-0.23829104144395935,-1.1826257096989417e-05,42.39889181628052,-6.998433788581994,2.588396311027152e-12,-1.8231833889119957,0.06827562006488558
FXI,CP,COMP_NONCOPRIME_FC6,COMP_NONCOPRIME,6.0,,,modulo,36817,-0.25168674428916754,-1.1939605327057128e-05,42.559143873753975,-7.021033951135987,2.2023232612331076e-12,-1.93773690602214,0.05265532886197909
FXI,CP,COMP_COPRIME_FC9,COMP_COPRIME,9.0,,,modulo,36817,-0.24866027130097576,-1.2001328050278197e-05,42.67865388271722,-7.003413672201161,2.497998562961197e-12,-1.8967818154730045,0.057856740306746035
FXI,CP,COMP_NONCOPRIME_FC9,COMP_NONCOPRIME,9.0,,,modulo,36817,-0.2394804799383772,-1.1896831613270023e-05,42.627047287937636,-6.786366476729541,1.1499282906174443e-11,-1.8194363297956697,0.06884488832202344
FXI,CP,RAND_FC3_S0,RAND,3.0,0.0,,random,36817,-0.28314512203308345,-1.2491417227574634e-05,42.09196838417036,-7.548817808121369,4.392267926066401e-14,-2.177364364067708,0.029453392340879837
FXI,CP,CRS_FC3_S0,CRS,3.0,0.0,,random,36817,-0.07060698947406897,-9.39878604782283e-06,42.75470570660293,-6.102015769306247,1.0473903851219647e-09,-0.5587952172120192,0.5763014869695755
FXI,CP,RAND_FC3_S1,RAND,3.0,1.0,,random,36817,-0.20601386501759011,-1.1286771264934554e-05,42.56729228345601,-6.787416431576649,1.1415934358185309e-11,-1.5835413716239584,0.11329812478080535
FXI,CP,CRS_FC3_S1,CRS,3.0,1.0,,random,36817,-0.32252053948073645,-1.3034040580446138e-05,40.736616237064396,-7.6836028497407565,1.5467567741894518e-14,-2.457590925403448,0.013987239811174244
FXI,CP,RAND_FC3_S2,RAND,3.0,2.0,,random,36817,-0.2060663539179509,-1.1434437987381372e-05,42.30382703642339,-7.08074459043486,1.4338195231066762e-12,-1.6072097754586343,0.1080083583589688
FXI,CP,CRS_FC3_S2,CRS,3.0,2.0,,random,36817,-0.15586010966449684,-1.0804144548981422e-05,42.52926637151316,-6.4342242675084105,1.241055054323348e-10,-1.1985130145304959,0.2307173594649431
FXI,CP,RAND_FC6_S0,RAND,6.0,0.0,,random,36817,-0.28948230920516244,-1.2525011164230747e-05,42.27938180731727,-7.351055553309281,1.9664766255068596e-13,-2.222133583717173,0.02627427926362053
FXI,CP,CRS_FC6_S0,CRS,6.0,0.0,,random,36817,-0.028413936063167958,-8.872185963262812e-06,42.980145041692694,-5.5157516026005595,3.472924952801676e-08,-0.22596753388879284,0.8212266714635689
FXI,CP,RAND_FC6_S1,RAND,6.0,1.0,,random,36817,-0.20143938656217697,-1.1185017124602967e-05,42.35814976777033,-6.641020188585481,3.115193615039533e-11,-1.5491585967303267,0.12134359965902355
FXI,CP,CRS_FC6_S1,CRS,6.0,1.0,,random,36817,-0.20347439639655174,-1.074874806256304e-05,41.847516093109164,-6.454005413006285,1.0893191681917737e-10,-1.60021217571101,0.10955152197422624
FXI,CP,RAND_FC6_S2,RAND,6.0,2.0,,random,36817,-0.15948208291344032,-1.0775089110800569e-05,42.58630523942744,-6.595643766488389,4.2341450013274946e-11,-1.2482844770464414,0.21192689682790322
FXI,CP,CRS_FC6_S2,CRS,6.0,2.0,,random,36817,-0.13437428360237916,-1.0409561747930714e-05,42.08110383790097,-6.12737692725569,8.933965520298975e-10,-1.034602372945016,0.3008546453598018
FXI,CP,RAND_FC9_S0,RAND,9.0,0.0,,random,36817,-0.27680996742507274,-1.2427276529099374e-05,42.47222750359888,-7.260408219735272,3.859238343702189e-13,-2.1404349156635627,0.032319635340463046
FXI,CP,CRS_FC9_S0,CRS,9.0,0.0,,random,36817,-0.07483271591172728,-9.136835223611476e-06,42.92310617377842,-5.512604128041279,3.5356288228044326e-08,-0.5895767814655324,0.5554744218038471
FXI,CP,RAND_FC9_S1,RAND,9.0,1.0,,random,36817,-0.20374217870583416,-1.110446503127274e-05,42.78458320884374,-6.6221175805707375,3.5408921324588885e-11,-1.6005359837419182,0.10947973084646419
FXI,CP,CRS_FC9_S1,CRS,9.0,1.0,,random,36817,-0.26234634229410997,-1.1219976779259605e-05,41.66281880652959,-6.633001389986843,3.2892871145866476e-11,-2.0385925947376955,0.041490704922300295
FXI,CP,RAND_FC9_S2,RAND,9.0,2.0,,random,36817,-0.14467316601818733,-1.0522511402286043e-05,42.49124045957031,-6.266520462344744,3.69204890209404e-10,-1.1333583406317904,0.25706380115500416
FXI,CP,CRS_FC9_S2,CRS,9.0,2.0,,random,36817,-0.10269645154430011,-1.0178319561991118e-05,42.36086590433767,-5.993464502402786,2.0541702025960553e-09,-0.7937361110038036,0.427349073153089
GLD,HAR,PM_FC3,PM_FC,3.0,,,capacity,36739,-0.006656106648271706,5.594920353887687e-06,39.29611584419826,7.517955416022655,5.563946788262538e-14,-0.09678069672376859,0.9229005537457073
GLD,HAR,CP_FC3,CP_FC,3.0,,,capacity,36739,-0.01733124495358319,5.235437833308774e-06,39.43765480824192,7.490358726154174,6.868562260782062e-14,-0.2648782384449694,0.7911032629487185
GLD,HAR,EQWIN_FC3,EQWIN,3.0,,,capacity,36739,0.18496433586333763,1.0476622210314733e-05,40.39576471869131,11.17505353969063,5.401778996662795e-29,2.2067202484362984,0.02733360972360585
GLD,HAR,PREFIX_FC3,PREFIX,3.0,,,capacity,36739,0.21234041357220318,1.0224149043888851e-05,40.46925610386782,11.013656501277262,3.2839924117257737e-28,2.5598663697241846,0.010471241856981154
GLD,HAR,PM_FC6,PM_FC,6.0,,,capacity,36739,-0.029740823737729967,5.51596895594575e-06,39.421323389313805,7.3802321330519955,1.580137853842745e-13,-0.4283794718993998,0.6683748677055975
GLD,HAR,CP_FC6,CP_FC,6.0,,,capacity,36739,0.07161079856216242,8.111437405161071e-06,39.67990418900896,9.772064090865916,1.4839741084388129e-22,0.9055151049281932,0.3651925613496002
GLD,HAR,EQWIN_FC6,EQWIN,6.0,,,capacity,36739,0.17852287657124832,1.0777573488612395e-05,40.338604752442905,11.36271835156378,6.411792542606047e-30,2.0645150388365003,0.0389689095012984
GLD,HAR,PREFIX_FC6,PREFIX,6.0,,,capacity,36739,0.1762364738599709,1.0881654584703015e-05,40.273279076730454,11.36353785124576,6.351911280955617e-30,2.0125033732756474,0.04416690145007877
GLD,HAR,PM_FC9,PM_FC,9.0,,,capacity,36739,-0.03889268534175202,5.403794123978392e-06,39.301559650507635,7.2139295173132645,5.435990062809646e-13,-0.5597303458214722,0.5756633804276816
GLD,HAR,CP_FC9,CP_FC,9.0,,,capacity,36739,0.045419825652023973,9.265297013020156e-06,39.5383652249653,10.521249784663324,6.89528141691862e-26,0.5318511644176477,0.5948290830365092
GLD,HAR,EQWIN_FC9,EQWIN,9.0,,,capacity,36739,0.17769028921570376,1.079701168342325e-05,40.50191894172405,11.258749702868727,2.097128912455378e-29,2.006436960576859,0.04480964823915771
GLD,HAR,PREFIX_FC9,PREFIX,9.0,,,capacity,36739,0.17503685009366146,1.0888144105739343e-05,40.53458177958028,11.26768256190101,1.8949177616210454e-29,1.9689920147029845,0.04895400806875712
GLD,HAR,SHIFTWIN_FC6_O1,SHIFTWIN,6.0,,1.0,contiguous,36739,0.16303390338839904,9.300376954590849e-06,40.12085250006805,10.54992256485442,5.083897661000767e-26,2.0212674112284392,0.04325209075439704
GLD,HAR,SHIFTWIN_FC6_O3,SHIFTWIN,6.0,,3.0,contiguous,36739,0.1588529867722231,1.0746326801397943e-05,40.35765807452571,11.292430402565174,1.430262016370095e-29,1.837647899303679,0.06611430575817817
GLD,HAR,SHIFTWIN_FC6_O5,SHIFTWIN,6.0,,5.0,contiguous,36739,0.1232969090913363,9.423027514772839e-06,40.00381066441656,10.548424008740747,5.1656263361004654e-26,1.4505530062798522,0.14690436908106558
GLD,HAR,SHIFTWIN_FC9_O1,SHIFTWIN,9.0,,1.0,contiguous,36739,0.07741893866729371,9.43184333276697e-06,39.85410599090884,10.422009481205476,1.9675155441835058e-25,0.9010051218045159,0.367585596473633
GLD,HAR,SHIFTWIN_FC9_O3,SHIFTWIN,9.0,,3.0,contiguous,36739,0.08939733795679317,9.486334786240177e-06,40.06097063066496,10.427366583016871,1.8597101645511553e-25,1.0425744549603426,0.2971454254074293
GLD,HAR,SHIFTWIN_FC9_O5,SHIFTWIN,9.0,,5.0,contiguous,36739,0.11274361997205022,9.603798000695128e-06,40.02286398649936,10.57560748542187,3.866634727533585e-26,1.313876641980724,0.18888772038084012
GLD,HAR,PM,PM,10.0,,,core,36739,-0.038892685341774515,5.403794123978281e-06,39.30428155366232,7.213929517313113,5.435990062815703e-13,-0.559730345821797,0.57566338042746
GLD,HAR,CP,CP,10.0,,,core,36739,0.04317081876103468,9.495241959854669e-06,39.59280328805901,10.684597418591471,1.2016928673265208e-26,0.49830459893160667,0.6182693668706061
GLD,HAR,EWMA,EWMA,,,,external,36739,-8.393497791866825,-0.000263829244393262,29.429216908462397,-30.51885927030034,1.4648698862578791e-204,-28.195564417831005,6.627680404995822e-175
GLD,HAR,HARQ,HARQ,4.0,,,external,35719,-0.17698968269490822,-1.2471968178806044e-05,39.169629608891626,-0.950465699026991,0.3418756748512495,-2.664530623464885,0.007709584655240144
GLD,HAR,HAR_TCJ,HAR_TCJ,,,,external,25472,-0.0847216006100354,-1.2722656178828935e-05,42.996231155778894,-13.577621781550574,5.436308279032822e-42,-0.771932475843924,0.44015442144522055
GLD,HAR,GARCH11,GARCH11,,,,external,36739,-8.751135967903364,-0.00024318005483625233,27.341517188818422,-67.34512879300578,0.0,-33.368035655653955,3.9891374622875195e-244
GLD,HAR,COMP_COPRIME_FC6,COMP_COPRIME,6.0,,,modulo,36739,-0.01947174471979242,5.575265541920464e-06,39.40771387354038,7.5077408174084495,6.015645545379165e-14,-0.2803563342419234,0.7792041344173708
GLD,HAR,COMP_NONCOPRIME_FC6,COMP_NONCOPRIME,6.0,,,modulo,36739,-0.021161543512449876,5.404676100061566e-06,39.30428155366232,7.2490296353701975,4.197680446215832e-13,-0.3068473409530379,0.758959572419887
GLD,HAR,COMP_COPRIME_FC9,COMP_COPRIME,9.0,,,modulo,36739,-0.04220908770549025,5.5054064380843515e-06,39.35055390729198,7.390800489264328,1.459474711701676e-13,-0.6008527000217926,0.5479380996639336
GLD,HAR,COMP_NONCOPRIME_FC9,COMP_NONCOPRIME,9.0,,,modulo,36739,-0.020498374969942484,5.418144219450889e-06,39.36688532622009,7.21219347918549,5.505766665909874e-13,-0.29621931048263433,0.7670626026196137
GLD,HAR,RAND_FC3_S0,RAND,3.0,0.0,,random,36739,-0.001921605194928584,4.727123733296633e-06,39.30428155366232,6.890696357602355,5.5519932584829205e-12,-0.030265324773510016,0.9758554507189389
GLD,HAR,CRS_FC3_S0,CRS,3.0,0.0,,random,36739,0.20414444117141053,1.0176521846979553e-05,40.32499523666948,11.057059236202408,2.0263257827630503e-28,2.4803717205455498,0.013124547936542948
GLD,HAR,RAND_FC3_S1,RAND,3.0,1.0,,random,36739,-0.023111732244273535,5.739668082354792e-06,39.50298048395438,7.6778281900476655,1.618083022936855e-14,-0.334093475061184,0.7383090236210617
GLD,HAR,CRS_FC3_S1,CRS,3.0,1.0,,random,36739,0.10742165423201704,4.837659928096399e-06,40.22428481994611,7.775479557419313,7.516211697651108e-15,1.820135936440391,0.06873830616125506
GLD,HAR,RAND_FC3_S2,RAND,3.0,2.0,,random,36739,-0.004068828529262964,5.711729195557458e-06,39.57919377228558,8.15720416682034,3.428685421714101e-16,-0.06007938616259803,0.9520924077601922
GLD,HAR,CRS_FC3_S2,CRS,3.0,2.0,,random,36739,0.19174107907315277,8.524435479206669e-06,40.33043904297885,10.300533411442588,7.00716655701942e-25,2.5857309998926787,0.009717273487248115
GLD,HAR,RAND_FC6_S0,RAND,6.0,0.0,,random,36739,-0.005468295332153997,4.7819189268125275e-06,39.63090993222461,6.919901560371906,4.519575939123069e-12,-0.08464672919988137,0.9325422478229652
GLD,HAR,CRS_FC6_S0,CRS,6.0,0.0,,random,36739,0.15447666838601254,1.0451988046194578e-05,40.34132665559759,11.015648179705392,3.2121621570325303e-28,1.7998776382192807,0.07187996131760792
GLD,HAR,RAND_FC6_S1,RAND,6.0,1.0,,random,36739,-0.026327336519320725,6.161152023980253e-06,39.698957511091756,8.046789306628714,8.499431937777745e-16,-0.3603049360380452,0.718619108446563
GLD,HAR,CRS_FC6_S1,CRS,6.0,1.0,,random,36739,0.13164739620842117,8.592163762708885e-06,40.16712485369771,10.29093395694888,7.742173044404691e-25,1.6928324224006124,0.090487369329782
GLD,HAR,RAND_FC6_S2,RAND,6.0,2.0,,random,36739,-0.0033970082342443825,6.979584616362766e-06,39.9194316666213,8.900272711432468,5.570963608923799e-19,-0.045814568727699116,0.9634580468385259
GLD,HAR,CRS_FC6_S2,CRS,6.0,2.0,,random,36739,0.15726334464496333,8.968583107095564e-06,40.335882849288225,10.493325245131546,9.270710566768414e-26,1.9515435742399243,0.05099241801599532
GLD,HAR,RAND_FC9_S0,RAND,9.0,0.0,,random,36739,-0.0010097417286236649,5.120810555288283e-06,39.66629467323553,7.159005204912547,8.126460123173722e-13,-0.01516541753342345,0.9879002112985734
GLD,HAR,CRS_FC9_S0,CRS,9.0,0.0,,random,36739,0.15767268428805015,1.0427263723971091e-05,40.216119110482055,10.963427664076432,5.728764247714777e-28,1.8345655525610782,0.06657008662866203
GLD,HAR,RAND_FC9_S1,RAND,9.0,1.0,,random,36739,-0.008273921915897401,6.62063399427976e-06,39.685347995318324,8.406238870709377,4.233684389997561e-17,-0.10861169759304694,0.9135104823085924
GLD,HAR,CRS_FC9_S1,CRS,9.0,1.0,,random,36739,0.11904679755097856,8.619795625676858e-06,40.29233239881325,10.177114467358983,2.5089080148989468e-24,1.4917301547298414,0.1357699005828363
GLD,HAR,RAND_FC9_S2,RAND,9.0,2.0,,random,36739,0.008296695804364183,7.51032713873088e-06,39.8432183782901,9.236112317716838,2.5561615261832506e-20,0.10669558251048898,0.915030487248438
GLD,HAR,CRS_FC9_S2,CRS,9.0,2.0,,random,36739,0.13857274740177689,9.317085780448041e-06,39.79966792781513,10.496825343682751,8.933413115461724e-26,1.667011707870082,0.09551207685833643
GLD,PM,PM_FC3,PM_FC,3.0,,,capacity,36739,0.03223657869350282,1.9112622990940578e-07,40.139905822150844,2.877517029862502,0.004008182751192054,2.7962608604041916,0.005169765431189824
GLD,PM,CP_FC3,CP_FC,3.0,,,capacity,36739,0.021561440388191324,-1.6835629066950712e-07,40.768665450883255,-0.778734083093854,0.43613637439600195,0.8685084088069257,0.38511607100287504
GLD,PM,EQWIN_FC3,EQWIN,3.0,,,capacity,36739,0.22385702120511214,5.072828086336451e-06,41.340265113367266,9.444193122977294,3.581530161409078e-21,4.259375306411607,2.049990193075772e-05
GLD,PM,PREFIX_FC3,PREFIX,3.0,,,capacity,36739,0.2512330989139777,4.820354919910568e-06,41.12523476414709,9.302153394863762,1.3762952644664003e-20,4.854271296415426,1.2083022585584641e-06
GLD,PM,PM_FC6,PM_FC,6.0,,,capacity,36739,0.009151861604044534,1.1217483196746889e-07,40.455646588094396,3.250265002678393,0.0011529751414231819,1.6164131592202866,0.10600501512821824
GLD,PM,CP_FC6,CP_FC,6.0,,,capacity,36739,0.110503483903937,2.707643281182791e-06,39.27434061896078,4.597213504375869,4.281787963963797e-06,2.056869615116374,0.039698769448213066
GLD,PM,EQWIN_FC6,EQWIN,6.0,,,capacity,36739,0.21741556191302286,5.373779364634113e-06,41.40014698277035,9.696840758146521,3.109786635139368e-22,3.929148088882511,8.52473315679157e-05
GLD,PM,PREFIX_FC6,PREFIX,6.0,,,capacity,36739,0.21512915920174538,5.477860460724735e-06,41.43280982062658,9.758389291084045,1.6983099936759578e-22,3.9121791718296577,9.14670084316849e-05
GLD,PM,PM_FC9,PM_FC,9.0,,,capacity,36739,2.2513614950466745e-14,1.1135434177560267e-19,0.6859195949808106,2.1343754682633782e-08,0.9999999829701477,0.004315279196660114,0.9965569160394097
GLD,PM,CP_FC9,CP_FC,9.0,,,capacity,36739,0.08431251099379848,3.861502889041873e-06,39.070197882359345,5.768471667735721,7.999365791424374e-09,1.3504019484647587,0.1768870861886741
GLD,PM,EQWIN_FC9,EQWIN,9.0,,,capacity,36739,0.21658297455747827,5.393217559444969e-06,41.5825144941343,9.423613410595499,4.358256677131026e-21,3.7599528942780767,0.00016994535415008855
GLD,PM,PREFIX_FC9,PREFIX,9.0,,,capacity,36739,0.213929535435436,5.484349981761062e-06,41.4491412395547,9.517136796595702,1.7801613558308773e-21,3.721695021957094,0.00019788994321010044
GLD,PM,SHIFTWIN_FC6_O1,SHIFTWIN,6.0,,1.0,contiguous,36739,0.20192658873017358,3.896582830612565e-06,41.39198127330629,8.816397419925083,1.1820139401284976e-18,4.399173281007712,1.0866403739258232e-05
GLD,PM,SHIFTWIN_FC6_O3,SHIFTWIN,6.0,,3.0,contiguous,36739,0.1977456721139976,5.342532677419662e-06,41.334821307057894,9.536795080437638,1.4731455158221485e-21,3.588215282082694,0.0003329493220669805
GLD,PM,SHIFTWIN_FC6_O5,SHIFTWIN,6.0,,5.0,contiguous,36739,0.16218959443311093,4.019233390794558e-06,41.16334140831269,8.522598386883583,1.5601302272775993e-17,3.096624550698745,0.001957376137101997
GLD,PM,SHIFTWIN_FC9_O1,SHIFTWIN,9.0,,1.0,contiguous,36739,0.11631162400906825,4.028049208788689e-06,41.174229020931435,8.250597015392138,1.5760517125772265e-16,2.1320131418883346,0.03300576620547589
GLD,PM,SHIFTWIN_FC9_O3,SHIFTWIN,9.0,,3.0,contiguous,36739,0.12829002329856765,4.082540662261896e-06,41.20416995563298,8.138853588668402,3.990381674113223e-16,2.33010428273208,0.019800640135677634
GLD,PM,SHIFTWIN_FC9_O5,SHIFTWIN,9.0,,5.0,contiguous,36739,0.15163630531382474,4.200003876716847e-06,41.2586080187267,8.530775077650572,1.4537043055123885e-17,2.806176813171161,0.005013317485069096
GLD,PM,HAR,HAR,0.0,,,core,36739,0.038892685341774515,-5.403794123978281e-06,40.97825199379406,-7.213929517313113,5.435990062815703e-13,0.559730345821797,0.57566338042746
GLD,PM,CP,CP,10.0,,,core,36739,0.08206350410280921,4.091447835876386e-06,39.17090829908272,6.016152440753046,1.7861138313641108e-09,1.2957166570687286,0.1950731204906364
GLD,PM,EWMA,EWMA,,,,external,36739,-8.35460510652505,-0.00026923303851724025,28.939274340618958,-32.040391865111864,2.987778224494014e-225,-29.496586461754642,3.184305910493501e-191
GLD,PM,HARQ,HARQ,4.0,,,external,35719,-0.17189963650871265,-1.774818774242584e-05,40.77661748649179,-1.351108344461557,0.17666072884576212,-1.9821296270747417,0.04746473439459545
GLD,PM,HAR_TCJ,HAR_TCJ,,,,external,25472,-0.3132867869662073,-1.2473783388409295e-05,43.565483668341706,-15.234168130018315,2.0978016537544457e-52,-3.1965576273209497,0.0013907804202796376
GLD,PM,GARCH11,GARCH11,,,,external,36739,-8.712243282561593,-0.00024858384896023065,27.385067639293393,-67.59719297055894,0.0,-34.059692804944575,2.9168680520889708e-254
GLD,PM,COMP_COPRIME_FC6,COMP_COPRIME,6.0,,,modulo,36739,0.019420940621982106,1.714714179421824e-07,40.058248727510275,1.673896723380799,0.09415089828102846,1.2129152681642708,0.22516221754880927
GLD,PM,COMP_NONCOPRIME_FC6,COMP_NONCOPRIME,6.0,,,modulo,36739,0.017731141829324625,8.819760832841548e-10,39.96570402025096,0.00922803630353296,0.9926371968056451,1.1651097494992237,0.2439745709331932
GLD,PM,COMP_COPRIME_FC9,COMP_COPRIME,9.0,,,modulo,36739,-0.003316402363715709,1.016123141060707e-07,40.01197637388062,0.980874358162659,0.3266547037848102,-0.20596487839903146,0.8368183460596055
GLD,PM,COMP_NONCOPRIME_FC9,COMP_NONCOPRIME,9.0,,,modulo,36739,0.018394310371832045,1.4350095472607759e-08,40.25422575464765,0.15691642778521306,0.87531071274729,1.2574046655021582,0.2086071406843788
GLD,PM,RAND_FC3_S0,RAND,3.0,0.0,,random,36739,0.03697108014684596,-6.76670390681649e-07,40.30594191458668,-5.0698784129763945,3.9806992415424873e-07,2.0274457025780754,0.04261685203043503
GLD,PM,CRS_FC3_S0,CRS,3.0,0.0,,random,36739,0.24303712651318504,4.772727723001272e-06,41.54168594681401,8.63773600641626,5.7337923391815895e-18,4.468166559140158,7.88928687478012e-06
GLD,PM,RAND_FC3_S1,RAND,3.0,1.0,,random,36739,0.01578095309750097,3.358739583765116e-07,39.8051117341245,2.0209809898379154,0.04328173302076882,0.629362031759672,0.5291120689945554
GLD,PM,CRS_FC3_S1,CRS,3.0,1.0,,random,36739,0.14631433957379156,-5.661341958818836e-07,40.90748251177223,-1.6997173378849335,0.08918410651503282,3.4554115242120385,0.0005494534886761517
GLD,PM,RAND_FC3_S2,RAND,3.0,2.0,,random,36739,0.03482385681251154,3.0793507157917715e-07,40.463812297558455,1.2909754912036835,0.19671217623807602,1.1106314814834062,0.26672700617106515
GLD,PM,CRS_FC3_S2,CRS,3.0,2.0,,random,36739,0.23063376441492728,3.1206413552283876e-06,41.394703176460986,8.052560866380336,8.107939363854699e-16,5.557865794408827,2.730932303181522e-08
GLD,PM,RAND_FC6_S0,RAND,6.0,0.0,,random,36739,0.0334243900096205,-6.218751971657538e-07,40.35765807452571,-3.9342844668248054,8.344490918998688e-05,1.5374174118864192,0.1241911251968173
GLD,PM,CRS_FC6_S0,CRS,6.0,0.0,,random,36739,0.19336935372778705,5.048193922216296e-06,41.43553172378127,9.119826676370623,7.524456998945319e-20,3.6052455793749782,0.00031185788306591425
GLD,PM,RAND_FC6_S1,RAND,6.0,1.0,,random,36739,0.01256534882245382,7.573579000019713e-07,40.368545687144454,3.394665846599971,0.0006871240901536234,0.38573985868426586,0.6996893401476825
GLD,PM,CRS_FC6_S1,CRS,6.0,1.0,,random,36739,0.17054008155019568,3.188369638730603e-06,41.09529382944555,7.156448832895337,8.279376248156528e-13,3.3316210639670745,0.000863417359197492
GLD,PM,RAND_FC6_S2,RAND,6.0,2.0,,random,36739,0.035495677107530155,1.5757904923844846e-06,40.16168104738833,4.953453890848449,7.290764055097545e-07,0.8816138334965217,0.37798567173687025
GLD,PM,CRS_FC6_S2,CRS,6.0,2.0,,random,36739,0.19615602998673787,3.5647889831172824e-06,41.141566183075206,7.87474987585711,3.4142519952963678e-15,3.7993581972760126,0.00014507128983373224
GLD,PM,RAND_FC9_S0,RAND,9.0,0.0,,random,36739,0.03788294361315084,-2.8298356868999895e-07,40.559078907972456,-1.7256241217475918,0.08441505685233011,1.5366207959482265,0.12438619695836413
GLD,PM,CRS_FC9_S0,CRS,9.0,0.0,,random,36739,0.19656536962982463,5.023469599992809e-06,41.33754321021258,9.043519458233623,1.5170698484353883e-19,3.6530703966536398,0.0002591231533786527
GLD,PM,RAND_FC9_S1,RAND,9.0,1.0,,random,36739,0.03061876342587712,1.2168398703014787e-06,40.37943329976319,4.96686625858862,6.804347935222161e-07,0.8609034558701494,0.38929121814758016
GLD,PM,CRS_FC9_S1,CRS,9.0,1.0,,random,36739,0.15793948289275306,3.2160015016985744e-06,40.975530090639374,6.970432715959434,3.1596761140472788e-12,2.941473474645103,0.003266548175555685
GLD,PM,RAND_FC9_S2,RAND,9.0,2.0,,random,36739,0.04718938114613865,2.1065330147525987e-06,40.60535126160211,6.014748727330293,1.8016594008647646e-09,1.0911369954486438,0.2752126061620357
GLD,PM,CRS_FC9_S2,CRS,9.0,2.0,,random,36739,0.1774654327435514,3.913291656469761e-06,41.25316421241732,8.596843454328058,8.193863907138323e-18,3.527244016471734,0.0004199095775401396
GLD,CP,PM_FC3,PM_FC,3.0,,,capacity,36739,-0.04982692540930638,-3.90032160596698e-06,41.10618144206429,-5.791543937144973,6.974230848383974e-09,-0.7834596090139911,0.4333572636423909
GLD,CP,CP_FC3,CP_FC,3.0,,,capacity,36739,-0.06050206371461788,-4.259804126545894e-06,41.166063311467376,-6.64618336893291,3.007904948058657e-11,-1.0150538780706333,0.31008014545382323
GLD,CP,EQWIN_FC3,EQWIN,3.0,,,capacity,36739,0.14179351710230292,9.813802504600644e-07,41.79754484335447,1.1875589884679623,0.2350072035095041,1.9954381757713453,0.04599511075406271
GLD,CP,PREFIX_FC3,PREFIX,3.0,,,capacity,36739,0.16916959481116847,7.289070840341826e-07,41.48996978687498,0.9020366045282003,0.36703742327696276,2.416172589736154,0.015684624927483376
GLD,CP,PM_FC6,PM_FC,6.0,,,capacity,36739,-0.07291164249876468,-3.979273003908918e-06,41.21505756825172,-5.882734273911609,4.035435386801594e-09,-1.1491531069949865,0.25049285311733616
GLD,CP,CP_FC6,CP_FC,6.0,,,capacity,36739,0.028439979801127762,-1.383804554693595e-06,40.232450529410166,-5.08456085118631,3.684776221414721e-07,0.8887979530172929,0.37411167619896646
GLD,CP,EQWIN_FC6,EQWIN,6.0,,,capacity,36739,0.13535205781021362,1.2823315287577275e-06,41.48180407741093,1.5414949748334719,0.12319636501700121,1.8893990208119626,0.05883838200849393
GLD,CP,PREFIX_FC6,PREFIX,6.0,,,capacity,36739,0.13306565509893617,1.3864126248483478e-06,41.484525980565614,1.6621253537693192,0.09648764297390118,1.8730046459892822,0.061067743434549966
GLD,CP,PM_FC9,PM_FC,9.0,,,capacity,36739,-0.08206350410278672,-4.091447835876275e-06,41.166063311467376,-6.016152440752863,1.7861138313661304e-09,-1.2957166570683663,0.19507312049076142
GLD,CP,CP_FC9,CP_FC,9.0,,,capacity,36739,0.002249006890989273,-2.2994494683451285e-07,39.74250796156672,-1.7758319856096552,0.07576061401764113,0.15837910554924775,0.8741580773250017
GLD,CP,EQWIN_FC9,EQWIN,9.0,,,capacity,36739,0.13451947045466905,1.3017697235685818e-06,41.60973352568116,1.5474903226903234,0.1217450562277972,1.8525195213639207,0.06395125699359636
GLD,CP,PREFIX_FC9,PREFIX,9.0,,,capacity,36739,0.1318660313326268,1.3929021458846748e-06,41.59884591306241,1.6498060538429777,0.09898261019302512,1.8076767268970828,0.07065682882195343
GLD,CP,SHIFTWIN_FC6_O1,SHIFTWIN,6.0,,1.0,contiguous,36739,0.11986308462736435,-1.9486500526382144e-07,41.66417158877487,-0.25074248118138653,0.8020132143737038,1.7277451800098838,0.08403391961987809
GLD,CP,SHIFTWIN_FC6_O3,SHIFTWIN,6.0,,3.0,contiguous,36739,0.11568216801118836,1.2510848415432756e-06,41.430087917471894,1.4951615773156282,0.13487227846473687,1.605937739682238,0.10828759036645087
GLD,CP,SHIFTWIN_FC6_O5,SHIFTWIN,6.0,,5.0,contiguous,36739,0.08012609033030164,-7.221444508182828e-08,41.47091646479218,-0.09119577130815455,0.9273370349609685,1.1113534946274035,0.26641622164124645
GLD,CP,SHIFTWIN_FC9_O1,SHIFTWIN,9.0,,1.0,contiguous,36739,0.034248119906259,-6.339862708769718e-08,41.479082174256234,-0.07843961969889689,0.9374783586386091,0.4634912924805654,0.6430122548564965
GLD,CP,SHIFTWIN_FC9_O3,SHIFTWIN,9.0,,3.0,contiguous,36739,0.04622651919575846,-8.907173614491618e-09,41.68322491085767,-0.010963624728617182,0.9912524683427243,0.6287982514342769,0.529481144929535
GLD,CP,SHIFTWIN_FC9_O5,SHIFTWIN,9.0,,5.0,contiguous,36739,0.06957280121101551,1.0855604084046046e-07,41.849261003293506,0.13381306402307078,0.8935503965101725,0.9452813466205012,0.34451525893944357
GLD,CP,HAR,HAR,0.0,,,core,36739,-0.04317081876103468,-9.495241959854669e-06,40.741446419336405,-10.684597418591471,1.2016928673265208e-26,-0.49830459893160667,0.6182693668706061
GLD,CP,PM,PM,10.0,,,core,36739,-0.08206350410280921,-4.091447835876386e-06,41.16334140831269,-6.016152440753046,1.7861138313641108e-09,-1.2957166570687286,0.1950731204906364
GLD,CP,EWMA,EWMA,,,,external,36739,-8.436668610627859,-0.00027332448635311666,28.925664824845533,-31.145584259426485,5.8207162001905335e-213,-28.868850126960737,2.9389940548653803e-183
GLD,CP,HARQ,HARQ,4.0,,,external,35719,-0.26913884072762506,-2.2016659794575905e-05,40.35947254962345,-1.6749178997457006,0.09395034111090442,-2.7682631044173176,0.005635593945677681
GLD,CP,HAR_TCJ,HAR_TCJ,,,,external,25472,-0.5257213326142249,-1.3208558865342782e-05,44.41739949748744,-14.020580594083873,1.1665636829100384e-44,-4.898247882321445,9.669500347667262e-07
GLD,CP,GARCH11,GARCH11,,,,external,36739,-8.7943067866644,-0.00025267529679610706,26.946841231388984,-66.16030060914791,0.0,-34.31675118231394,4.414858645081036e-258
GLD,CP,COMP_COPRIME_FC6,COMP_COPRIME,6.0,,,modulo,36739,-0.0626425634808271,-3.919976417934204e-06,41.15789760200332,-5.882180994502603,4.048952126015685e-09,-0.9912486350986056,0.3215641875011048
GLD,CP,COMP_NONCOPRIME_FC6,COMP_NONCOPRIME,6.0,,,modulo,36739,-0.0643323622734846,-4.090565859793102e-06,41.149731892539265,-6.003016349361072,1.9368510658212535e-09,-0.9953613463675604,0.3195605511147914
GLD,CP,COMP_COPRIME_FC9,COMP_COPRIME,9.0,,,modulo,36739,-0.08537990646652494,-3.989835521770315e-06,41.08168431367212,-5.959342280007387,2.53255153997417e-09,-1.3554681377744633,0.17526845339313046
GLD,CP,COMP_NONCOPRIME_FC9,COMP_NONCOPRIME,9.0,,,modulo,36739,-0.06366919373097715,-4.077097740403778e-06,41.23683279348921,-5.868708089950686,4.392039212449316e-09,-0.9680788065174032,0.33300501347346045
GLD,CP,RAND_FC3_S0,RAND,3.0,0.0,,random,36739,-0.045092423955963246,-4.7681182265580354e-06,41.23955469664389,-7.086523287985734,1.3752308365655921e-12,-0.718356967818881,0.4725372127590255
GLD,CP,CRS_FC3_S0,CRS,3.0,0.0,,random,36739,0.16097362241037588,6.812798871248855e-07,41.78393532758105,0.8228796084727305,0.41057645980735513,2.236991518900519,0.025286894352135044
GLD,CP,RAND_FC3_S1,RAND,3.0,1.0,,random,36739,-0.06628255100530825,-3.755573877499874e-06,41.25044230926264,-5.399321412231072,6.689343597361929e-08,-1.0126243066085543,0.3112396452366083
GLD,CP,CRS_FC3_S1,CRS,3.0,1.0,,random,36739,0.0642508354709823,-4.65758203175827e-06,41.3538746291407,-6.101492294199683,1.0508270722536353e-09,0.8857523935677535,0.37575096839373856
GLD,CP,RAND_FC3_S2,RAND,3.0,2.0,,random,36739,-0.04723964729029767,-3.7835127642972086e-06,41.356596532295384,-5.6560755408262375,1.5487332432729328e-08,-0.7356658118031835,0.46193410051994743
GLD,CP,CRS_FC3_S2,CRS,3.0,2.0,,random,36739,0.1485702603121181,-9.70806480647999e-07,41.6015678162171,-1.2710029717405524,0.20372759141619257,2.1651439310233074,0.030376664580856583
GLD,CP,RAND_FC6_S0,RAND,6.0,0.0,,random,36739,-0.048639114093188704,-4.71332303304214e-06,41.326655597593835,-7.002877278796684,2.5075847157580197e-12,-0.7572208453629505,0.4489175636186925
GLD,CP,CRS_FC6_S0,CRS,6.0,0.0,,random,36739,0.11130584962497783,9.567460863399092e-07,41.6777811045483,1.1550851970313079,0.24805553949244807,1.5844335973119084,0.11309508140382786
GLD,CP,RAND_FC6_S1,RAND,6.0,1.0,,random,36739,-0.06949815528035538,-3.3340899358744154e-06,41.20416995563298,-4.526036573259375,6.010018330916383e-06,-0.9998224982977486,0.31739641591764467
GLD,CP,CRS_FC6_S1,CRS,6.0,1.0,,random,36739,0.08847657744738645,-9.03078197145783e-07,41.533520237349954,-1.1178277567483466,0.2636405643466947,1.1977003500904133,0.23103369299434573
GLD,CP,RAND_FC6_S2,RAND,6.0,2.0,,random,36739,-0.046567826995279046,-2.515657343491902e-06,41.21233566509704,-3.4887751559062146,0.00048523912270801854,-0.7037789567849382,0.48157044046398867
GLD,CP,CRS_FC6_S2,CRS,6.0,2.0,,random,36739,0.11409252588392861,-5.266588527591043e-07,41.64784016984676,-0.6526737245224943,0.5139666453242309,1.556242040038154,0.11965054804398739
GLD,CP,RAND_FC9_S0,RAND,9.0,0.0,,random,36739,-0.04418056048965836,-4.3744314045663855e-06,41.48724788372029,-6.364962063194285,1.9533801045386787e-10,-0.6735598082880121,0.5005912128151658
GLD,CP,CRS_FC9_S0,CRS,9.0,0.0,,random,36739,0.11450186552701545,9.320217641164237e-07,41.479082174256234,1.1188938503124652,0.26318542683905566,1.6127969379095692,0.10678863160614624
GLD,CP,RAND_FC9_S1,RAND,9.0,1.0,,random,36739,-0.051444740676932076,-2.874607965574908e-06,41.09257192629086,-3.9634170080906705,7.388455623899617e-05,-0.7457574185531133,0.4558139667923178
GLD,CP,CRS_FC9_S1,CRS,9.0,1.0,,random,36739,0.07587597878994386,-8.754463341778121e-07,41.48724788372029,-1.0638577598428764,0.2873931407445297,1.0026138229126158,0.3160472237741526
GLD,CP,RAND_FC9_S2,RAND,9.0,2.0,,random,36739,-0.03487412295667055,-1.984914821123788e-06,41.51174501211246,-2.6516698892524873,0.008009480745869163,-0.5018339568427577,0.6157843248320518
GLD,CP,CRS_FC9_S2,CRS,9.0,2.0,,random,36739,0.09540192864074222,-1.781561794066259e-07,41.66961539508424,-0.2272170245499934,0.8202549902011499,1.3544188982586904,0.1756027717245764
GOOGL,HAR,PM_FC3,PM_FC,3.0,,,capacity,36739,1.0156415929564615,1.1953429726094172e-05,47.048096028743295,6.4470377299471116,1.1405740159398877e-10,9.58405923100576,9.33040574120978e-22
GOOGL,HAR,CP_FC3,CP_FC,3.0,,,capacity,36739,0.8943322691078377,1.0456776375682345e-05,47.36928060099622,6.37293530375639,1.854441281341964e-10,9.448121015608455,3.4496737306479445e-21
GOOGL,HAR,EQWIN_FC3,EQWIN,3.0,,,capacity,36739,1.3415862796524325,2.267724248304919e-05,48.67035030893601,10.567590017546344,4.21178857730382e-26,11.101966105053023,1.2271425277217171e-28
GOOGL,HAR,PREFIX_FC3,PREFIX,3.0,,,capacity,36739,1.3972189137547661,2.3095250710909842e-05,48.58869321429544,10.718731571146073,8.31356011644044e-27,11.335721927613024,8.73091664772414e-30
GOOGL,HAR,PM_FC6,PM_FC,6.0,,,capacity,36739,1.013687753683494,1.1962997182217293e-05,46.990936062494896,6.408488571702225,1.4696929382995894e-10,9.419317307991596,4.540303982684411e-21
GOOGL,HAR,CP_FC6,CP_FC,6.0,,,capacity,36739,1.3130318182443081,1.9071794946999003e-05,48.4036037997768,9.432919926283514,3.988286890286202e-21,11.523084948836525,1.0093143927904042e-30
GOOGL,HAR,EQWIN_FC6,EQWIN,6.0,,,capacity,36739,1.4037046227676198,2.448396992741399e-05,48.904433980238984,10.978632177358486,4.8419954620707265e-28,10.835608379573042,2.3340872839573112e-27
GOOGL,HAR,PREFIX_FC6,PREFIX,6.0,,,capacity,36739,1.4621002219821675,2.5566295437972367e-05,48.809167369824976,11.531901698846038,9.1108645044015e-31,11.44265044622656,2.5594499423304515e-30
GOOGL,HAR,PM_FC9,PM_FC,9.0,,,capacity,36739,1.0115887553933867,1.1925440322645397e-05,46.96371703094804,6.351609901271513,2.1307310368851237e-10,9.383124628429574,6.40460057974493e-21
GOOGL,HAR,CP_FC9,CP_FC,9.0,,,capacity,36739,1.3459816953039947,2.177260607722399e-05,48.37366286507526,10.19687368082126,2.047576013804222e-24,10.725062775769114,7.763434027432964e-27
GOOGL,HAR,EQWIN_FC9,EQWIN,9.0,,,capacity,36739,1.4394827172868254,2.4959693731337044e-05,48.92620920547647,11.171692801320953,5.61013774058236e-29,11.436740987656329,2.7398515576160723e-30
GOOGL,HAR,PREFIX_FC9,PREFIX,9.0,,,capacity,36739,1.4464202343402395,2.522369492157354e-05,49.007866300117044,11.226885022408224,3.0090038195593464e-29,11.333735616018574,8.931258201082552e-30
GOOGL,HAR,SHIFTWIN_FC6_O1,SHIFTWIN,6.0,,1.0,contiguous,36739,1.219209080608254,1.8917117875389647e-05,48.106916355916056,9.192279705393446,3.846024868094404e-20,10.442121683023707,1.5921189089759002e-25
GOOGL,HAR,SHIFTWIN_FC6_O3,SHIFTWIN,6.0,,3.0,contiguous,36739,1.4068686024907844,2.4622687354093963e-05,48.85271782029995,11.117984993946612,1.0256222237925074e-28,11.067315679493946,1.8073341277484925e-28
GOOGL,HAR,SHIFTWIN_FC6_O5,SHIFTWIN,6.0,,5.0,contiguous,36739,1.2187028960665054,1.965744688846531e-05,47.87011078145839,9.638304088968788,5.509056836788467e-22,10.033258436310815,1.0886349036524036e-23
GOOGL,HAR,SHIFTWIN_FC9_O1,SHIFTWIN,9.0,,1.0,contiguous,36739,1.1877220141071145,1.9775832229560276e-05,48.10963825907074,9.422041015888135,4.4240335333586966e-21,9.695673279960436,3.1455610121849994e-22
GOOGL,HAR,SHIFTWIN_FC9_O3,SHIFTWIN,9.0,,3.0,contiguous,36739,1.1904850586091515,1.9819979153064575e-05,48.10963825907074,9.394077256394452,5.772153378955832e-21,9.676851938548301,3.7818164548708923e-22
GOOGL,HAR,SHIFTWIN_FC9_O5,SHIFTWIN,9.0,,5.0,contiguous,36739,1.203035587747617,1.9801792793310488e-05,48.188573450556625,9.442905769358848,3.625820974271892e-21,9.91920955013693,3.434653677787113e-23
GOOGL,HAR,PM,PM,10.0,,,core,36739,1.0070578972791513,1.1814171308595489e-05,46.96643893410272,6.307142776859123,2.842336109674073e-10,9.369694007233427,7.274310894685893e-21
GOOGL,HAR,CP,CP,10.0,,,core,36739,1.2976698076923123,2.3131312228181765e-05,48.2702305451972,10.539252818423664,5.694955239109304e-26,9.563104053306152,1.142767577249339e-21
GOOGL,HAR,EWMA,EWMA,,,,external,36739,-11.381994175963559,-0.0005145814299944519,29.423773102153028,-25.95411192933579,1.6339988317264526e-148,-34.32044804988882,3.8883968762380147e-258
GOOGL,HAR,HARQ,HARQ,4.0,,,external,35719,0.15112394939134652,-0.0007329837039506144,46.031523838853275,-1.4214855793873649,0.15517564292718497,2.1529563851200804,0.03132210644308911
GOOGL,HAR,HAR_TCJ,HAR_TCJ,,,,external,29866,0.008483303763966861,-1.3108268348792174e-05,46.61153150739972,-7.112028621383374,1.1434953939904528e-12,0.08078826304588779,0.935610342290477
GOOGL,HAR,GARCH11,GARCH11,,,,external,36739,-18.399623167791223,-0.0006473856053688539,22.64895615014018,-70.78861894623628,0.0,-59.22748477878024,0.0
GOOGL,HAR,COMP_COPRIME_FC6,COMP_COPRIME,6.0,,,modulo,36739,1.0248573743589966,1.1935513426430098e-05,47.143362639157296,6.3883907808690275,1.6764049177216892e-10,9.59701448600695,8.229355548211172e-22
GOOGL,HAR,COMP_NONCOPRIME_FC6,COMP_NONCOPRIME,6.0,,,modulo,36739,0.988229577141505,1.1568036638989502e-05,47.031764609815184,6.1925953363453266,5.918153077105167e-10,9.224559232602877,2.847295040887594e-20
GOOGL,HAR,COMP_COPRIME_FC9,COMP_COPRIME,9.0,,,modulo,36739,1.046209166542971,1.2334731268572303e-05,47.358392988377474,6.520366584215207,7.013576715720377e-11,9.682285210967736,3.586091101726276e-22
GOOGL,HAR,COMP_NONCOPRIME_FC9,COMP_NONCOPRIME,9.0,,,modulo,36739,0.9957605143784168,1.1648639447699497e-05,47.09164647921827,6.180509908370418,6.389488576843365e-10,9.196131165097965,3.7106960422108923e-20
GOOGL,HAR,RAND_FC3_S0,RAND,3.0,0.0,,random,36739,0.8389632836563176,9.199137895343718e-06,46.80584664797626,5.293732013437319,1.1984502160099174e-07,8.444722753052034,3.047678964096076e-17
GOOGL,HAR,CRS_FC3_S0,CRS,3.0,0.0,,random,36739,1.3534045033957516,2.2324889974442007e-05,49.421595579629276,10.840492833097615,2.212757919546596e-27,11.96318891465723,5.5393029161618924e-33
GOOGL,HAR,RAND_FC3_S1,RAND,3.0,1.0,,random,36739,1.049522529212174,1.3213268121747203e-05,47.05898364136204,7.027859226997454,2.0972632824314954e-12,9.71951518386774,2.4896403864510894e-22
GOOGL,HAR,CRS_FC3_S1,CRS,3.0,1.0,,random,36739,0.7810325077246429,1.008654475742532e-05,47.763956558425654,6.726456126183636,1.7384503344740006e-11,9.6335730513065,5.768790009964624e-22
GOOGL,HAR,RAND_FC3_S2,RAND,3.0,2.0,,random,36739,1.0327585567361983,1.2898300623603958e-05,47.75034704265222,7.3999546867384245,1.3623097665291525e-13,10.371324737742349,3.348501114020298e-25
GOOGL,HAR,CRS_FC3_S2,CRS,3.0,2.0,,random,36739,1.1690124290690695,1.752247436353049e-05,48.24028961049566,8.701010296115943,3.2894241717086464e-18,10.101990320892408,5.413220984119736e-24
GOOGL,HAR,RAND_FC6_S0,RAND,6.0,0.0,,random,36739,0.8555518569335517,9.441687996820125e-06,47.045374125588616,5.392546889943608,6.946596415000495e-08,8.548960694572983,1.242018010506312e-17
GOOGL,HAR,CRS_FC6_S0,CRS,6.0,0.0,,random,36739,1.415635205719708,2.4503561499715077e-05,48.61863414899698,11.128867445818681,9.078157854528745e-29,11.192328017633855,4.446045617407797e-29
GOOGL,HAR,RAND_FC6_S1,RAND,6.0,1.0,,random,36739,1.0492909398665364,1.3715781100202547e-05,47.105255994991694,7.360848397080023,1.827450172368219e-13,9.81184496267311,1.0012099613961021e-22
GOOGL,HAR,CRS_FC6_S1,CRS,6.0,1.0,,random,36739,1.0912987755424044,1.86354089372217e-05,48.44443234709709,9.347026633758228,9.014625295359741e-21,9.826003876777154,8.700282387718147e-23
GOOGL,HAR,RAND_FC6_S2,RAND,6.0,2.0,,random,36739,1.1620317203426054,1.6181913558906038e-05,47.9653773918724,8.543893267690281,1.2977390835429391e-17,10.548190102300092,5.17850016364584e-26
GOOGL,HAR,CRS_FC6_S2,CRS,6.0,2.0,,random,36739,1.1837973727706559,1.9048880878704775e-05,48.49070470072675,9.381659054423338,6.4942684070551e-21,10.326974740199363,5.321240435549178e-25
GOOGL,HAR,RAND_FC9_S0,RAND,9.0,0.0,,random,36739,0.8656794372444033,9.668235682218895e-06,46.87933803315278,5.399153681017034,6.695600053324438e-08,8.363718296561428,6.077192534565057e-17
GOOGL,HAR,CRS_FC9_S0,CRS,9.0,0.0,,random,36739,1.3915674643529323,2.43652218775825e-05,48.90987778654836,11.000569682251733,3.7972535581566102e-28,11.017421382992394,3.1495239515388597e-28
GOOGL,HAR,RAND_FC9_S1,RAND,9.0,1.0,,random,36739,1.1227866735141945,1.5143104410587158e-05,47.987152617109885,7.865977000895492,3.6622782755589564e-15,10.083434528377355,6.539931290525888e-24
GOOGL,HAR,CRS_FC9_S1,CRS,9.0,1.0,,random,36739,0.9849224788429445,1.7873223795962244e-05,48.19946106317537,8.83867254701168,9.686255603410261e-19,8.723058575010379,2.7078610732312103e-18
GOOGL,HAR,RAND_FC9_S2,RAND,9.0,2.0,,random,36739,1.2255406047944641,1.7335384973135177e-05,48.44443234709709,8.896690944140486,5.753643267979943e-19,10.792025798955631,3.754214602471531e-27
GOOGL,HAR,CRS_FC9_S2,CRS,9.0,2.0,,random,36739,1.2529932631525138,1.979780352206954e-05,48.31105909251749,9.624372022228481,6.309111047120995e-22,10.611979656297247,2.621352888193073e-26
GOOGL,PM,PM_FC3,PM_FC,3.0,,,capacity,36739,0.008583695677310063,1.3925841749868225e-07,44.49222896649337,0.586901141607578,0.5572701030339562,0.5077536739784657,0.6116261017974234
GOOGL,PM,CP_FC3,CP_FC,3.0,,,capacity,36739,-0.11272562817131382,-1.3573949329131409e-06,42.76382046326791,-2.5610940165342466,0.010434311494656527,-3.7088597424000422,0.00020819470802790045
GOOGL,PM,EQWIN_FC3,EQWIN,3.0,,,capacity,36739,0.3345283823732809,1.0863071174453708e-05,45.126432401535155,9.130358734566855,6.827268352880181e-20,5.526073859096553,3.274763133720988e-08
GOOGL,PM,PREFIX_FC3,PREFIX,3.0,,,capacity,36739,0.3901610164756144,1.128107940231435e-05,46.13625847192357,9.547183980946853,1.3326948353604604e-21,6.2689552113811535,3.6347865186449023e-10
GOOGL,PM,PM_FC6,PM_FC,6.0,,,capacity,36739,0.006629856404342639,1.4882587362180503e-07,44.184653910013886,1.2019182955485221,0.22939518524472735,0.8056406778832561,0.4204500636404981
GOOGL,PM,CP_FC6,CP_FC,6.0,,,capacity,36739,0.3059739209651565,7.25762363840351e-06,43.53684095919867,4.778013994813594,1.7703506204573642e-06,3.8966794057678347,9.752057374022893e-05
GOOGL,PM,EQWIN_FC6,EQWIN,6.0,,,capacity,36739,0.39664672548846835,1.2669798618818498e-05,45.23530852772259,9.760582652612234,1.6619760758914866e-22,5.3439198608093115,9.095779425651699e-08
GOOGL,PM,PREFIX_FC6,PREFIX,6.0,,,capacity,36739,0.4550423247030159,1.375212412937688e-05,45.4421731674787,10.507313553880373,7.993824264746828e-26,6.261768350109477,3.8063609747057944e-10
GOOGL,PM,PM_FC9,PM_FC,9.0,,,capacity,36739,0.004530858114235248,1.1126901404990885e-07,49.46514603010425,7.277672091075934,3.396296200630351e-13,4.877955651934539,1.0719101672356325e-06
GOOGL,PM,CP_FC9,CP_FC,9.0,,,capacity,36739,0.33892379802484307,9.958434768628499e-06,43.21837829010044,6.058935402616435,1.3702540330100433e-09,3.5884608527960293,0.00033263592722959943
GOOGL,PM,EQWIN_FC9,EQWIN,9.0,,,capacity,36739,0.4324248200076741,1.3145522422741557e-05,45.03388769427584,9.898206153551017,4.238083575428155e-23,5.949099183826006,2.6962222869662048e-09
GOOGL,PM,PREFIX_FC9,PREFIX,9.0,,,capacity,36739,0.439362337061088,1.3409523612978054e-05,45.35507226652876,10.087505648102484,6.274359537736337e-24,6.105151937333039,1.027029348697276e-09
GOOGL,PM,SHIFTWIN_FC6_O1,SHIFTWIN,6.0,,1.0,contiguous,36739,0.21215118332910265,7.102946566794156e-06,45.82323960913471,7.300440329146743,2.8682747794103997e-13,4.182724717803455,2.8803607976934888e-05
GOOGL,PM,SHIFTWIN_FC6_O3,SHIFTWIN,6.0,,3.0,contiguous,36739,0.399810705211633,1.2808516045498478e-05,44.98217153433681,10.00155722575424,1.5001917856468186e-23,5.581650616426749,2.382466062565942e-08
GOOGL,PM,SHIFTWIN_FC6_O5,SHIFTWIN,6.0,,5.0,contiguous,36739,0.21164499878735404,7.843275579869828e-06,44.97944963118212,8.100454044067257,5.475444478168664e-16,3.692619591551128,0.0002219559077331891
GOOGL,PM,SHIFTWIN_FC9_O1,SHIFTWIN,9.0,,1.0,contiguous,36739,0.18066411682796304,7.961660920964788e-06,45.031165791121154,7.699757639107153,1.3632454483869974e-14,2.9781556012947985,0.0028998872434041704
GOOGL,PM,SHIFTWIN_FC9_O3,SHIFTWIN,9.0,,3.0,contiguous,36739,0.1834271613299999,8.005807844469088e-06,44.93045537439777,7.672175303754693,1.691036169178872e-14,3.0012322724815412,0.0026888937407055806
GOOGL,PM,SHIFTWIN_FC9_O5,SHIFTWIN,9.0,,5.0,contiguous,36739,0.19597769046846558,7.987621484715003e-06,45.15365143308201,7.73511296156634,1.0331133170477508e-14,3.321733729542953,0.0008946002092793847
GOOGL,PM,HAR,HAR,0.0,,,core,36739,-1.0070578972791513,-1.1814171308595489e-05,41.5444078499687,-6.307142776859123,2.842336109674073e-10,-9.369694007233427,7.274310894685893e-21
GOOGL,PM,CP,CP,10.0,,,core,36739,0.2906119104131609,1.131714091958628e-05,43.14216500176924,6.58229318760648,4.632469339112526e-11,2.719069990713238,0.006546575400754608
GOOGL,PM,EWMA,EWMA,,,,external,36739,-12.38905207324271,-0.0005263956013030474,27.172759193227904,-27.69428467251722,8.181388965565853e-169,-41.133468636662364,0.0
GOOGL,PM,HARQ,HARQ,4.0,,,external,35719,-0.8455617064207995,-0.0007443875518047795,42.03085192754556,-1.4435655130260796,0.14886123171826,-7.187255809631745,6.610648583349404e-13
GOOGL,PM,HAR_TCJ,HAR_TCJ,,,,external,29866,-1.0279888337595573,-1.9721813888523505e-05,40.993102524609924,-14.851421127631875,6.810935217019643e-50,-12.485854781681738,8.918038612487158e-36
GOOGL,PM,GARCH11,GARCH11,,,,external,36739,-19.406681065070373,-0.0006591997766774494,23.016413076022754,-71.98200938279213,0.0,-58.76491759984241,0.0
GOOGL,PM,COMP_COPRIME_FC6,COMP_COPRIME,6.0,,,modulo,36739,0.01779947707984507,1.2134211783461108e-07,44.93589918070715,0.3853202777154965,0.7000001397827157,0.8344682790434732,0.40401715523123927
GOOGL,PM,COMP_NONCOPRIME_FC6,COMP_NONCOPRIME,6.0,,,modulo,36739,-0.018828320137646515,-2.46134669605985e-07,43.629385666457985,-0.9398919804352366,0.3472729713254441,-1.083687792780616,0.278503249911058
GOOGL,PM,COMP_COPRIME_FC9,COMP_COPRIME,9.0,,,modulo,36739,0.03915126926381948,5.205599599768155e-07,44.584773673752686,1.4508888807054297,0.14681080464251178,1.6112000843432857,0.10713611944499477
GOOGL,PM,COMP_NONCOPRIME_FC9,COMP_NONCOPRIME,9.0,,,modulo,36739,-0.011297382900734607,-1.65531860895993e-07,43.700155148479816,-0.6172755611612096,0.537052983606988,-0.6153944042159702,0.5382942859864415
GOOGL,PM,RAND_FC3_S0,RAND,3.0,0.0,,random,36739,-0.16809461362283398,-2.6150334132517707e-06,41.732219167642015,-7.479999812839662,7.43227171312661e-14,-7.458206691970357,8.770800746374845e-14
GOOGL,PM,CRS_FC3_S0,CRS,3.0,0.0,,random,36739,0.34634660611659995,1.0510718665846522e-05,45.97022237948774,8.864638559176942,7.675264652155557e-19,6.041390457644414,1.527917251907459e-09
GOOGL,PM,RAND_FC3_S1,RAND,3.0,1.0,,random,36739,0.042464631933022454,1.3990968131517149e-06,44.62832412422766,3.567943793656366,0.0003597936567405091,1.6068952645776735,0.10807734538276734
GOOGL,PM,CRS_FC3_S1,CRS,3.0,1.0,,random,36739,-0.22602538955450854,-1.7276265511701694e-06,42.15139225346362,-2.1485514003276345,0.031669977717852085,-4.279163417161718,1.8759709302520467e-05
GOOGL,PM,RAND_FC3_S2,RAND,3.0,2.0,,random,36739,0.025700659457047005,1.084129315008469e-06,43.534119056043984,2.1143621108927957,0.03448435117874611,0.7642296923475441,0.4447303750459449
GOOGL,PM,CRS_FC3_S2,CRS,3.0,2.0,,random,36739,0.16195453178991817,5.708303054935003e-06,45.134598110999214,6.09156062633659,1.1181522386859086e-09,3.0271197584195355,0.0024689612071738627
GOOGL,PM,RAND_FC6_S0,RAND,6.0,0.0,,random,36739,-0.1515060403455996,-2.3724833117753637e-06,42.14322654399956,-6.81703770411232,9.29368798866044e-12,-6.417175407266661,1.3882593845066464e-10
GOOGL,PM,CRS_FC6_S0,CRS,6.0,0.0,,random,36739,0.4085773084405563,1.268939019111959e-05,45.708919676637905,10.123068950226665,4.365097494206965e-24,5.962825294082401,2.4791344882912734e-09
GOOGL,PM,RAND_FC6_S1,RAND,6.0,1.0,,random,36739,0.04223304258738522,1.9016097916070602e-06,43.757315114728215,4.291821525340992,1.7721336402145278e-05,1.3311981437711544,0.18312382203438193
GOOGL,PM,CRS_FC6_S1,CRS,6.0,1.0,,random,36739,0.08424087826325309,6.821237628626212e-06,43.789977952584444,6.111836526484335,9.849104747451434e-10,1.3159675424643646,0.18818493691393223
GOOGL,PM,RAND_FC6_S2,RAND,6.0,2.0,,random,36739,0.15497382306345384,4.367742250310555e-06,44.40240616238874,6.289951480282,3.175652117688177e-10,3.5853084526198447,0.000336680040082487
GOOGL,PM,CRS_FC6_S2,CRS,6.0,2.0,,random,36739,0.17673947549150462,7.234709570109284e-06,44.497672772802744,6.719744868126246,1.8204302180781067e-11,2.943273858983087,0.0032476099248031757
GOOGL,PM,RAND_FC9_S0,RAND,9.0,0.0,,random,36739,-0.1413784600347481,-2.1459356263765937e-06,42.505239663572766,-5.902751905015084,3.5748766692789345e-09,-5.560299564878276,2.6931198559493814e-08
GOOGL,PM,CRS_FC9_S0,CRS,9.0,0.0,,random,36739,0.3845095670737809,1.2551050568987014e-05,45.52927406842864,9.873272907287863,5.436131817340655e-23,5.571231929431943,2.5294433247057634e-08
GOOGL,PM,RAND_FC9_S1,RAND,9.0,1.0,,random,36739,0.11572877623504303,3.3289331019916707e-06,44.745365959879145,5.514881545133794,3.490149505501358e-08,2.8287452106651028,0.004673088638531517
GOOGL,PM,CRS_FC9_S1,CRS,9.0,1.0,,random,36739,-0.022135418436207147,6.059052487366759e-06,43.29459157843164,5.288719514630558,1.231756033210213e-07,-0.32957678143833374,0.7417197689589138
GOOGL,PM,RAND_FC9_S2,RAND,9.0,2.0,,random,36739,0.21848270751531265,5.5212136645396915e-06,44.97672772802744,7.017933202510568,2.251741414595962e-12,4.431979999108659,9.337168085058283e-06
GOOGL,PM,CRS_FC9_S2,CRS,9.0,2.0,,random,36739,0.24593536587336237,7.983632213474051e-06,46.02193853942676,8.094609304000242,5.744843749091857e-16,4.589166423351683,4.4501953276449434e-06
GOOGL,CP,PM_FC3,PM_FC,3.0,,,capacity,36739,-0.2820282147358508,-1.1177882502087596e-05,45.66809112931762,-6.48388224388116,8.939200099353863e-11,-2.566585845295349,0.010270519934932752
GOOGL,CP,CP_FC3,CP_FC,3.0,,,capacity,36739,-0.4033375385844748,-1.2674535852499421e-05,44.745365959879145,-7.576629092583524,3.5464880607373135e-14,-3.6883590444094865,0.00022570500603092658
GOOGL,CP,EQWIN_FC3,EQWIN,3.0,,,capacity,36739,0.043916471960120024,-4.54069745132571e-07,45.74974822395819,-0.22848110007140474,0.8192722475292857,0.40579971366618367,0.6848897690785541
GOOGL,CP,PREFIX_FC3,PREFIX,3.0,,,capacity,36739,0.09954910606245353,-3.606151727192909e-08,46.24785650126568,-0.018611068099537553,0.9851513732993407,0.9615805552616994,0.3362603428852724
GOOGL,CP,PM_FC6,PM_FC,6.0,,,capacity,36739,-0.2839820540088182,-1.1168315045964474e-05,45.62181877568796,-6.5042068719955966,7.81043529485232e-11,-2.663940149978148,0.007723130209207103
GOOGL,CP,CP_FC6,CP_FC,6.0,,,capacity,36739,0.01536201055199563,-4.059517281182767e-06,43.98051117341245,-5.035947272507194,4.7549144520317767e-07,0.20455757906675623,0.8379178014778035
GOOGL,CP,EQWIN_FC6,EQWIN,6.0,,,capacity,36739,0.10603481507530751,1.3526576992322202e-06,45.38773510438499,0.6611833827520505,0.508494716622089,0.9476545401960057,0.34330535086250613
GOOGL,CP,PREFIX_FC6,PREFIX,6.0,,,capacity,36739,0.16443041428985503,2.4349832097906036e-06,45.5945997441411,1.2040721900248885,0.22856167764198465,1.460879541765662,0.14404850193000232
GOOGL,CP,PM_FC9,PM_FC,9.0,,,capacity,36739,-0.2860810522989256,-1.120587190553637e-05,45.76335773973162,-6.515307442683595,7.254092580431266e-11,-2.674956004835976,0.007473905741571534
GOOGL,CP,CP_FC9,CP_FC,9.0,,,capacity,36739,0.04831188761168217,-1.358706150957779e-06,43.98595497972182,-2.647793061893987,0.008101910263146913,1.0600500102805386,0.28912184829059395
GOOGL,CP,EQWIN_FC9,EQWIN,9.0,,,capacity,36739,0.14181290959451315,1.82838150315528e-06,45.3850132012303,0.8960175382515984,0.37024339637841874,1.250856472946345,0.21098684678842072
GOOGL,CP,PREFIX_FC9,PREFIX,9.0,,,capacity,36739,0.14875042664792718,2.0923826933917767e-06,45.57010261574893,1.0173003935311555,0.30901054946128714,1.304196872259779,0.19216646604337417
GOOGL,CP,SHIFTWIN_FC6_O1,SHIFTWIN,6.0,,1.0,contiguous,36739,-0.07846072708405823,-4.214194352792121e-06,45.68170064509105,-2.211555701156,0.026997379145430444,-0.7412795355148794,0.45852396726561273
GOOGL,CP,SHIFTWIN_FC6_O3,SHIFTWIN,6.0,,3.0,contiguous,36739,0.10919879479847215,1.491375125912199e-06,45.55921500313019,0.735819115980243,0.46184078614265434,0.9705690823044354,0.33176290832648436
GOOGL,CP,SHIFTWIN_FC6_O5,SHIFTWIN,6.0,,5.0,contiguous,36739,-0.07896691162580688,-3.473865339716452e-06,45.747026320803506,-1.88922045257864,0.05886229528478051,-0.7611709675106477,0.4465549566392426
GOOGL,CP,SHIFTWIN_FC9_O1,SHIFTWIN,9.0,,1.0,contiguous,36739,-0.10994779358519789,-3.355479998621492e-06,45.55921500313019,-1.7585015979832466,0.07866219991538563,-1.0198513903990856,0.30779894625674276
GOOGL,CP,SHIFTWIN_FC9_O3,SHIFTWIN,9.0,,3.0,contiguous,36739,-0.10718474908316092,-3.311333075117191e-06,45.52927406842864,-1.7235553386211668,0.08478814696614166,-0.9939392348833057,0.3202524515413737
GOOGL,CP,SHIFTWIN_FC9_O5,SHIFTWIN,9.0,,5.0,contiguous,36739,-0.09463421994469529,-3.3295194348712755e-06,45.556493099975505,-1.7388278090254636,0.08206505548050072,-0.861744266620181,0.3888282603741938
GOOGL,CP,HAR,HAR,0.0,,,core,36739,-1.2976698076923123,-2.3131312228181765e-05,40.30866381774136,-10.539252818423664,5.694955239109304e-26,-9.563104053306152,1.142767577249339e-21
GOOGL,CP,PM,PM,10.0,,,core,36739,-0.2906119104131609,-1.131714091958628e-05,45.741582514494134,-6.58229318760648,4.632469339112526e-11,-2.719069990713238,0.006546575400754608
GOOGL,CP,EWMA,EWMA,,,,external,36739,-12.679663983655871,-0.0005377127422226337,27.082936389123276,-27.2812117145989,7.08776611586147e-164,-39.46919497619666,0.0
GOOGL,CP,HARQ,HARQ,4.0,,,external,35719,-1.1949929606047602,-0.000756162722520044,40.80181416053081,-1.4665312466706621,0.14250361506670392,-8.29542531370963,1.0819738741834937e-16
GOOGL,CP,HAR_TCJ,HAR_TCJ,,,,external,29866,-1.3543024862613804,-2.4556288151524875e-05,42.41277707091676,-12.507677202240826,6.77772694217633e-36,-10.785258431401184,4.041058791614187e-27
GOOGL,CP,GARCH11,GARCH11,,,,external,36739,-19.697292975483535,-0.0006705169175970357,22.850376983586923,-69.08126059758602,0.0,-57.72277555614299,0.0
GOOGL,CP,COMP_COPRIME_FC6,COMP_COPRIME,6.0,,,modulo,36739,-0.27281243333331584,-1.1195798801751669e-05,45.73613870818477,-6.529766443181388,6.587232979864679e-11,-2.4888818564813344,0.012814554131234713
GOOGL,CP,COMP_NONCOPRIME_FC6,COMP_NONCOPRIME,6.0,,,modulo,36739,-0.3094402305508074,-1.1563275589192262e-05,45.62998448515202,-6.706215286946413,1.9973698214485615e-11,-2.878748552853568,0.003992565255386168
GOOGL,CP,COMP_COPRIME_FC9,COMP_COPRIME,9.0,,,modulo,36739,-0.2514606411493414,-1.0796580959609462e-05,45.62998448515202,-6.150787873041534,7.709898073703863e-10,-2.280863036361126,0.02255655284034319
GOOGL,CP,COMP_NONCOPRIME_FC9,COMP_NONCOPRIME,9.0,,,modulo,36739,-0.30190929331389554,-1.1482672780482271e-05,45.66536922616293,-6.618104086394629,3.6383482224360665e-11,-2.8503575329250936,0.004367010932175476
GOOGL,CP,RAND_FC3_S0,RAND,3.0,0.0,,random,36739,-0.4587065240359949,-1.3932174332838048e-05,44.816135441900975,-8.307219025502093,9.797101208406365e-17,-4.355512872283001,1.3275571470642777e-05
GOOGL,CP,CRS_FC3_S0,CRS,3.0,0.0,,random,36739,0.055734695703439065,-8.06422253739757e-07,46.07093279621111,-0.41462184296962995,0.6784187554166753,0.5310727181912799,0.5953683887773169
GOOGL,CP,RAND_FC3_S1,RAND,3.0,1.0,,random,36739,-0.24814727848013843,-9.918044106434563e-06,45.50749884319116,-5.58911558023821,2.282290135680183e-08,-2.2989554602694064,0.02150746860743017
GOOGL,CP,CRS_FC3_S1,CRS,3.0,1.0,,random,36739,-0.5166372999676693,-1.3044767470756447e-05,42.712104303328886,-6.795279686686278,1.0810260026622898e-11,-4.597331685153421,4.279360804210238e-06
GOOGL,CP,RAND_FC3_S2,RAND,3.0,2.0,,random,36739,-0.2649112509561139,-1.0233011604577808e-05,45.589155937831734,-6.01690773874587,1.7778033690115536e-09,-2.6396663199227635,0.008298769151674512
GOOGL,CP,CRS_FC3_S2,CRS,3.0,2.0,,random,36739,-0.1286573786232427,-5.608837864651275e-06,45.49116742426305,-2.9061795795618255,0.003658714047807521,-1.2421434101329798,0.21418365449206023
GOOGL,CP,RAND_FC6_S0,RAND,6.0,0.0,,random,36739,-0.4421179507587605,-1.3689624231361641e-05,44.93862108386183,-7.992026677869519,1.3273830447169988e-15,-4.160878264183558,3.17026051374686e-05
GOOGL,CP,CRS_FC6_S0,CRS,6.0,0.0,,random,36739,0.11796539802739545,1.3722492715333102e-06,45.76335773973162,0.687932958511953,0.49149500041050465,1.0933658329165297,0.2742332087223607
GOOGL,CP,RAND_FC6_S1,RAND,6.0,1.0,,random,36739,-0.24837886782577567,-9.415531127979217e-06,45.461226489561504,-5.2925167606768335,1.2064440873121345e-07,-2.3363607505062034,0.019472447756430762
GOOGL,CP,CRS_FC6_S1,CRS,6.0,1.0,,random,36739,-0.20637103214990776,-4.4959032909600656e-06,44.39151854977,-2.2517922555755647,0.024335403322157563,-1.9557211986023464,0.05049800611641616
GOOGL,CP,RAND_FC6_S2,RAND,6.0,2.0,,random,36739,-0.13563808734970706,-6.949398669275723e-06,45.589155937831734,-3.8964878935845704,9.759768376578953e-05,-1.295538652947804,0.19513447629880376
GOOGL,CP,CRS_FC6_S2,CRS,6.0,2.0,,random,36739,-0.11387243492165622,-4.082431349476993e-06,44.617436511608915,-2.064616967929238,0.03895925649249444,-1.0724121883453268,0.2835349358660264
GOOGL,CP,RAND_FC9_S0,RAND,9.0,0.0,,random,36739,-0.43199037044790906,-1.3463076545962873e-05,44.97128392171806,-7.9189462681563265,2.3953182530452354e-15,-4.054384352370377,5.026651054657455e-05
GOOGL,CP,CRS_FC9_S0,CRS,9.0,0.0,,random,36739,0.09389765666062001,1.2339096494007348e-06,45.59732164729579,0.6121490957848288,0.540439117255933,0.860863833678911,0.3893130427452792
GOOGL,CP,RAND_FC9_S1,RAND,9.0,1.0,,random,36739,-0.17488313417811785,-7.988207817594607e-06,45.79057677127848,-4.441815815826394,8.920290133646643e-06,-1.6220858989307654,0.10478495700626024
GOOGL,CP,CRS_FC9_S1,CRS,9.0,1.0,,random,36739,-0.312747328849368,-5.2580884322195205e-06,44.03767113966085,-2.5838260646883424,0.009771105738292003,-2.877234687461047,0.004011771068153095
GOOGL,CP,RAND_FC9_S2,RAND,9.0,2.0,,random,36739,-0.07212920289784826,-5.795927255046587e-06,45.88039957538311,-3.212541530609137,0.0013156612518942234,-0.6847494514292701,0.493502037890866
GOOGL,CP,CRS_FC9_S2,CRS,9.0,2.0,,random,36739,-0.04467654453979847,-3.3335087061122276e-06,45.747026320803506,-1.7860814128307063,0.07408607720976268,-0.42743961269248276,0.6690591601751276
HYG,HAR,PM_FC3,PM_FC,3.0,,,capacity,36739,0.09482872385384389,1.4128400098905867e-05,24.45629984485152,22.03371488517435,1.368745607106697e-107,1.3506256387953886,0.17681538355071713
HYG,HAR,CP_FC3,CP_FC,3.0,,,capacity,36739,0.13942985317359696,1.4342695704938773e-05,24.619614034132667,19.439256313196445,3.593367855652948e-84,1.7249740324573999,0.08453215236535656
HYG,HAR,EQWIN_FC3,EQWIN,3.0,,,capacity,36739,0.37252846909492826,1.6953622212077778e-05,24.916301477993414,23.793531381760452,3.8966027045697557e-125,4.5835019541548645,4.572526089099337e-06
HYG,HAR,PREFIX_FC3,PREFIX,3.0,,,capacity,36739,0.3827608137770246,1.702723628787865e-05,24.946242412694954,24.091367936079145,3.0787597187360336e-128,4.84448291075553,1.2694184293902877e-06
HYG,HAR,PM_FC6,PM_FC,6.0,,,capacity,36739,0.062376883249720703,1.4086481009423717e-05,24.407305588067178,21.814166417340807,1.7024442888757474e-105,0.8802990477706739,0.3786973283365829
HYG,HAR,CP_FC6,CP_FC,6.0,,,capacity,36739,0.0765222762282482,1.3482890325445046e-05,24.676774000381066,17.483448991243066,1.9155424342911265e-68,0.9082055229741486,0.36376964665713063
HYG,HAR,EQWIN_FC6,EQWIN,6.0,,,capacity,36739,0.37519203926628464,1.7251803026727228e-05,24.96257383162307,23.909381728953797,2.4464803508523507e-126,4.553665519261826,5.27191556148952e-06
HYG,HAR,PREFIX_FC6,PREFIX,6.0,,,capacity,36739,0.3746949970549024,1.7507711536487835e-05,24.978905250551186,23.88797351957345,4.084384221474106e-126,4.4757832897432515,7.613167720767483e-06
HYG,HAR,PM_FC9,PM_FC,9.0,,,capacity,36739,0.07492801621229216,1.4103854562197788e-05,24.415471297531234,21.816982364600204,1.6008023713132814e-105,1.052110374928039,0.2927489126781362
HYG,HAR,CP_FC9,CP_FC,9.0,,,capacity,36739,0.03753316258219907,1.3577584364784591e-05,24.676774000381066,17.635679438529205,1.3111066235300728e-69,0.4433403116603478,0.6575196020615774
HYG,HAR,EQWIN_FC9,EQWIN,9.0,,,capacity,36739,0.35801221320662485,1.7367544978488683e-05,24.86730722120907,23.863493584151282,7.335085963638829e-126,4.260529564287873,2.039431016551439e-05
HYG,HAR,PREFIX_FC9,PREFIX,9.0,,,capacity,36739,0.3500817651190611,1.7418830828777895e-05,24.89180434960124,23.684647105005265,5.190884584537001e-124,4.169233630336269,3.0562557621642617e-05
HYG,HAR,SHIFTWIN_FC6_O1,SHIFTWIN,6.0,,1.0,contiguous,36739,0.2870101743697524,1.6186732062995124e-05,24.8999700590653,23.48086127818827,6.399216483668536e-122,3.6281004268156076,0.00028551420679192257
HYG,HAR,SHIFTWIN_FC6_O3,SHIFTWIN,6.0,,3.0,contiguous,36739,0.4115654882719308,1.7468682457659835e-05,24.755709191866952,24.252910724197253,6.160770636947043e-130,4.979802871177099,6.36490717357739e-07
HYG,HAR,SHIFTWIN_FC6_O5,SHIFTWIN,6.0,,5.0,contiguous,36739,0.25785878342753316,1.6324780521648597e-05,24.706714935082612,23.54200462238843,1.515911131686322e-122,3.1781093362202495,0.0014823883818799726
HYG,HAR,SHIFTWIN_FC9_O1,SHIFTWIN,9.0,,1.0,contiguous,36739,0.2749110699198795,1.6401904548860264e-05,24.908135768529355,23.414750540978776,3.023912499484905e-121,3.3793274721290487,0.0007266339877712465
HYG,HAR,SHIFTWIN_FC9_O3,SHIFTWIN,9.0,,3.0,contiguous,36739,0.2959436692964868,1.659102192612721e-05,24.82103486757941,23.73077712611555,1.7355562091203303e-124,3.6524971747755717,0.0002597024544145305
HYG,HAR,SHIFTWIN_FC9_O5,SHIFTWIN,9.0,,5.0,contiguous,36739,0.2729872748549426,1.655339944858694e-05,24.889082446446555,23.608534073860493,3.149803535823822e-123,3.34146404628847,0.0008333780910289796
HYG,HAR,PM,PM,10.0,,,core,36739,0.07492801621233128,1.4103854562197907e-05,24.562454067884264,21.81698236460036,1.6008023713078106e-105,1.052110374928581,0.2927489126778875
HYG,HAR,CP,CP,10.0,,,core,36739,0.035045161774667224,1.3556505633259938e-05,24.614170227823294,17.581009791883393,3.443879363979509e-69,0.41258213611436206,0.6799127915916412
HYG,HAR,EWMA,EWMA,,,,external,36739,-4.479828290402647,-0.0001371172111859612,21.07025232042244,-29.69028620744504,1.024938809635352e-193,-14.700914733246353,6.3594805884063575e-49
HYG,HAR,HARQ,HARQ,4.0,,,external,35719,-0.38576496313047576,4.831635894050309e-07,21.683137825806995,0.21912764059189396,0.8265506198816127,-2.7401328454228353,0.006141435572960546
HYG,HAR,HAR_TCJ,HAR_TCJ,,,,external,11123,-0.8735366294366179,-1.7459469006300078e-05,43.08190236447002,-14.25734583607254,4.0351161041400994e-46,-2.4411785700530615,0.014639413970575792
HYG,HAR,GARCH11,GARCH11,,,,external,36739,-6.551910763929376,-0.00026319403050550883,18.408231035139767,-120.04224803223045,0.0,-18.300682354343266,8.171897159718016e-75
HYG,HAR,COMP_COPRIME_FC6,COMP_COPRIME,6.0,,,modulo,36739,0.09575529434585975,1.4210423326943506e-05,24.478075070089005,22.101404943896387,3.0638443117223912e-108,1.345720277425233,0.17839274434764207
HYG,HAR,COMP_NONCOPRIME_FC6,COMP_NONCOPRIME,6.0,,,modulo,36739,0.07034401936414834,1.407099765912073e-05,24.51345981109992,21.880645695885466,3.9718026548529616e-106,0.996060565327452,0.3192207187559082
HYG,HAR,COMP_COPRIME_FC9,COMP_COPRIME,9.0,,,modulo,36739,0.06894727415451572,1.4195174690505026e-05,24.44269032907809,22.01389642575384,2.1196877635353252e-107,0.9656540420216029,0.33421732355131517
HYG,HAR,COMP_NONCOPRIME_FC9,COMP_NONCOPRIME,9.0,,,modulo,36739,0.0547891856244719,1.4084061968375217e-05,24.53795693949209,21.80448070002439,2.103802116160148e-105,0.7700072922700122,0.44129556699936856
HYG,HAR,RAND_FC3_S0,RAND,3.0,0.0,,random,36739,0.018015286802457144,1.2992103427911118e-05,24.30387326818912,21.230200259269598,5.024797838794274e-100,0.263985798198121,0.79179086209467
HYG,HAR,CRS_FC3_S0,CRS,3.0,0.0,,random,36739,0.3580179786591193,1.642424791299523e-05,24.908135768529355,23.86829656556961,6.539371973799914e-126,4.532573972999627,5.8269260450860175e-06
HYG,HAR,RAND_FC3_S1,RAND,3.0,1.0,,random,36739,0.09004970003883354,1.412240734561242e-05,24.41819320068592,22.290296318694697,4.589448321664356e-110,1.2803025010801616,0.20043876842943553
HYG,HAR,CRS_FC3_S1,CRS,3.0,1.0,,random,36739,-0.0728799477571455,9.665911258498955e-06,23.62884128582705,20.16929436326474,1.8222004569020641e-90,-1.165723659528509,0.24372619114203542
HYG,HAR,RAND_FC3_S2,RAND,3.0,2.0,,random,36739,0.1601420077349977,1.3273446641453617e-05,24.818312964424727,22.728697179615846,2.3315113623006397e-114,2.3151426106355677,0.020605128750379738
HYG,HAR,CRS_FC3_S2,CRS,3.0,2.0,,random,36739,0.23650220316741896,1.5198451693858736e-05,24.723046354010727,23.292663482877668,5.261207519524199e-120,3.1704649891770527,0.0015219517228101927
HYG,HAR,RAND_FC6_S0,RAND,6.0,0.0,,random,36739,0.0092896265221788,1.3064685886192987e-05,24.129671466289228,21.21531338996764,6.896568756403355e-100,0.1344531536571539,0.8930442526158715
HYG,HAR,CRS_FC6_S0,CRS,6.0,0.0,,random,36739,0.3629301228849472,1.7348371873328965e-05,24.927189090612156,23.982409449557213,4.24389791687543e-127,4.409948728579257,1.0339509643012591e-05
HYG,HAR,RAND_FC6_S1,RAND,6.0,1.0,,random,36739,0.04489634137677412,1.4041104261169041e-05,24.224938076703232,22.158886223731983,8.564275327895538e-109,0.6219460205916145,0.5339773628063553
HYG,HAR,CRS_FC6_S1,CRS,6.0,1.0,,random,36739,0.022195095962534633,1.439558079571514e-05,24.87275102751844,22.255532958795428,9.970151048975316e-110,0.2681049137462979,0.7886185636319551
HYG,HAR,RAND_FC6_S2,RAND,6.0,2.0,,random,36739,0.16544428197400943,1.4521790771249458e-05,24.940798606385584,22.894146109461634,5.313954472418177e-116,2.2645713758061583,0.023538995120532796
HYG,HAR,CRS_FC6_S2,CRS,6.0,2.0,,random,36739,0.18975389051210295,1.5257736951290018e-05,24.551566455265522,23.20259464647578,4.286722670058089e-119,2.406291541534252,0.016115398273540613
HYG,HAR,RAND_FC9_S0,RAND,9.0,0.0,,random,36739,-0.004987601089282714,1.3216416484498961e-05,24.312038977653174,21.22319385497081,5.832447184721478e-100,-0.06998666980151491,0.9442042695772656
HYG,HAR,CRS_FC9_S0,CRS,9.0,0.0,,random,36739,0.3383243497867711,1.731657555400996e-05,24.894526252755927,23.88330796220743,4.566766717293803e-126,4.101022006972058,4.113294350939706e-05
HYG,HAR,RAND_FC9_S1,RAND,9.0,1.0,,random,36739,0.08899041159263746,1.448908273764739e-05,24.510737907945234,22.336336278777875,1.6395150540856425e-110,1.2160903853346956,0.22395049271806233
HYG,HAR,CRS_FC9_S1,CRS,9.0,1.0,,random,36739,0.04789956534338512,1.4431279606287079e-05,24.747543482402897,22.043836712390565,1.0945733174103269e-107,0.5793029014082,0.562384808133706
HYG,HAR,RAND_FC9_S2,RAND,9.0,2.0,,random,36739,0.18220665486982313,1.4940611288001328e-05,24.79109393287787,22.974543112218104,8.377725672385364e-117,2.421112793370353,0.015473075393294195
HYG,HAR,CRS_FC9_S2,CRS,9.0,2.0,,random,36739,0.28662165930668637,1.645377288762488e-05,24.889082446446555,23.710582794611327,2.8044278901666267e-124,3.5981777546041,0.0003204545807716513
HYG,PM,PM_FC3,PM_FC,3.0,,,capacity,36739,0.019900707641512562,2.454553670796321e-08,24.287541849261004,0.3669759770300854,0.7136369373162101,1.1132813292167036,0.265587622619344
HYG,PM,CP_FC3,CP_FC,3.0,,,capacity,36739,0.06450183696126562,2.388411427408685e-07,25.34636217643376,1.080496001494145,0.27992136639869947,1.6845799100858407,0.09206965008312931
HYG,PM,EQWIN_FC3,EQWIN,3.0,,,capacity,36739,0.29760045288259696,2.849767649879876e-06,26.440567244617437,8.761727197604202,1.9228115478886452e-18,6.178628088750185,6.466101651696904e-10
HYG,PM,PREFIX_FC3,PREFIX,3.0,,,capacity,36739,0.30783279756469323,2.9233817256807455e-06,26.331691118430005,9.720527381485752,2.465014414843086e-22,6.744770569944454,1.5326901978344814e-11
HYG,PM,PM_FC6,PM_FC,6.0,,,capacity,36739,-0.012551132962610585,-1.7373552774189116e-08,24.08339911265957,-0.38881633847784003,0.6974120136447746,-1.1815997426654323,0.2373645557028673
HYG,PM,CP_FC6,CP_FC,6.0,,,capacity,36739,0.0015942600159168806,-6.20964236752858e-07,25.392634530063418,-2.1285716757216377,0.03328971399759361,0.03468366095152383,0.9723319897605491
HYG,PM,EQWIN_FC6,EQWIN,6.0,,,capacity,36739,0.30026402305395333,3.14794846452932e-06,26.46234246985492,9.044516549964651,1.5032889229382464e-19,5.966712782762781,2.4208098402902967e-09
HYG,PM,PREFIX_FC6,PREFIX,6.0,,,capacity,36739,0.2997669808425711,3.4038569742899315e-06,26.33441302158469,9.578208998961994,9.874229941710485e-22,5.800869846055856,6.597179315429058e-09
HYG,PM,PM_FC9,PM_FC,9.0,,,capacity,36739,-3.916344129452447e-14,-1.149465601115889e-19,5.41930918097934,-2.2032290268289297e-08,0.9999999824207757,-0.007506621387089922,0.9940106389409495
HYG,PM,CP_FC9,CP_FC,9.0,,,capacity,36739,-0.037394853630132265,-5.262701974133129e-07,25.289202210185362,-1.768683262615394,0.07694674697676922,-0.7752695362105313,0.4381804065385927
HYG,PM,EQWIN_FC9,EQWIN,9.0,,,capacity,36739,0.28308419699429355,3.2636904162907785e-06,26.222814992242576,9.097067313093486,9.28038391616966e-20,5.358109133743779,8.409743929024253e-08
HYG,PM,PREFIX_FC9,PREFIX,9.0,,,capacity,36739,0.2751537489067298,3.3149762665799907e-06,26.271809249026916,9.200581130328713,3.560190807661959e-20,5.237386942227365,1.6286600503224942e-07
HYG,PM,SHIFTWIN_FC6_O1,SHIFTWIN,6.0,,1.0,contiguous,36739,0.21208215815742112,2.0828775007972233e-06,26.293584474264403,7.557710075078964,4.1022715151379387e-14,4.950801490807445,7.390846246928573e-07
HYG,PM,SHIFTWIN_FC6_O3,SHIFTWIN,6.0,,3.0,contiguous,36739,0.3366374720595995,3.364827895461931e-06,26.277253055336292,9.602423829927753,7.808615287621704e-22,6.675443855800145,2.46485015390015e-11
HYG,PM,SHIFTWIN_FC6_O5,SHIFTWIN,6.0,,5.0,contiguous,36739,0.18293076721520182,2.2209259594506906e-06,25.98328751463023,7.821675842260327,5.212469375064129e-15,3.8194530152940165,0.0001337479317468363
HYG,PM,SHIFTWIN_FC9_O1,SHIFTWIN,9.0,,1.0,contiguous,36739,0.19998305370754815,2.2980499866623566e-06,26.255477830098805,7.646832228755011,2.059907998980804e-14,4.155136043689568,3.2509405148218194e-05
HYG,PM,SHIFTWIN_FC9_O3,SHIFTWIN,9.0,,3.0,contiguous,36739,0.2210156530841554,2.4871673639293035e-06,26.28541876480035,8.169335499844472,3.100926931352361e-16,4.613896583801561,3.95189114267393e-06
HYG,PM,SHIFTWIN_FC9_O5,SHIFTWIN,9.0,,5.0,contiguous,36739,0.1980592586426113,2.4495448863890346e-06,26.187430251231664,8.00609599532366,1.184073105402019e-15,4.038066823955245,5.3893502333720106e-05
HYG,PM,HAR,HAR,0.0,,,core,36739,-0.07492801621233128,-1.4103854562197907e-05,25.637605813985136,-21.81698236460036,1.6008023713078106e-105,-1.052110374928581,0.2927489126778875
HYG,PM,CP,CP,10.0,,,core,36739,-0.03988285443766408,-5.473489289379674e-07,25.147663246141704,-1.8073181397339744,0.07071268928986947,-0.8149820915149611,0.41508256111156305
HYG,PM,EWMA,EWMA,,,,external,36739,-4.55475630661498,-0.00015122106574815914,20.863387680666325,-33.547882715654325,9.666332308978348e-247,-15.958896376686049,2.4706150908285212e-57
HYG,PM,HARQ,HARQ,4.0,,,external,35719,-0.4667882632029313,-1.3643607577106263e-05,24.6507461015146,-5.994903564199363,2.036062312559787e-09,-2.9414349126360024,0.0032669549078078197
HYG,PM,HAR_TCJ,HAR_TCJ,,,,external,11123,-1.276379073411954,-1.3809689549779575e-05,41.5085858131799,-14.097256769245929,3.948213888644421e-45,-4.738700684957149,2.1509294158862693e-06
HYG,PM,GARCH11,GARCH11,,,,external,36739,-6.626838780141708,-0.00027729788506770687,17.915566564141646,-115.43945451227819,0.0,-19.27100764127273,9.408626770759111e-83
HYG,PM,COMP_COPRIME_FC6,COMP_COPRIME,6.0,,,modulo,36739,0.02082727813352844,1.0656876474560455e-07,23.990854405400256,1.0393293538170318,0.29865158752149257,0.8869455771844531,0.375108201779373
HYG,PM,COMP_NONCOPRIME_FC6,COMP_NONCOPRIME,6.0,,,modulo,36739,-0.004583996848182999,-3.285690307717341e-08,24.355589428128148,-0.39167590232912874,0.6952976974354529,-0.2071880523388599,0.8358629977279877
HYG,PM,COMP_COPRIME_FC9,COMP_COPRIME,9.0,,,modulo,36739,-0.005980742057815607,9.132012830712181e-08,24.87275102751844,0.9358628953822414,0.3493437834019665,-0.25113525191278396,0.8017095419566483
HYG,PM,COMP_NONCOPRIME_FC9,COMP_NONCOPRIME,9.0,,,modulo,36739,-0.02013883058785943,-1.979259382268738e-08,25.134053730368272,-0.2633672065856482,0.7922675639645889,-1.0448601248925484,0.2960876215307494
HYG,PM,RAND_FC3_S0,RAND,3.0,0.0,,random,36739,-0.05691272940987417,-1.1117511342867872e-06,24.870029124363754,-10.780112396037707,4.273632583764495e-27,-2.257395421912352,0.023983377534214898
HYG,PM,CRS_FC3_S0,CRS,3.0,0.0,,random,36739,0.28308996244678797,2.3203933507973266e-06,26.312637796347204,6.771714661427857,1.2726495343212963e-11,5.718839565271244,1.0725400223581925e-08
HYG,PM,RAND_FC3_S1,RAND,3.0,1.0,,random,36739,0.01512168382650222,1.855278341451931e-08,25.381746917444676,0.1649949702951078,0.8689479409231373,0.5443979328656426,0.5861676679783938
HYG,PM,CRS_FC3_S1,CRS,3.0,1.0,,random,36739,-0.14780796396947682,-4.437943303698951e-06,25.030621410490216,-18.704772020925702,4.526644644214587e-78,-3.407138097270465,0.000656479028507564
HYG,PM,RAND_FC3_S2,RAND,3.0,2.0,,random,36739,0.0852139915226664,-8.30407920744289e-07,26.52222433925801,-5.0315530175278305,4.865225228198054e-07,2.208710061712854,0.027194814134897327
HYG,PM,CRS_FC3_S2,CRS,3.0,2.0,,random,36739,0.1615741869550876,1.0945971316608337e-06,26.032281771414574,4.370286945350623,1.2408337122500221e-05,3.9363551566722026,8.272851354261751e-05
HYG,PM,RAND_FC6_S0,RAND,6.0,0.0,,random,36739,-0.06563838969015248,-1.039168676004917e-06,24.9952366694793,-8.4473506454955,2.979877100815327e-17,-2.146990632029094,0.031794027421748895
HYG,PM,CRS_FC6_S0,CRS,6.0,0.0,,random,36739,0.28800210667261583,3.2445173111310617e-06,26.312637796347204,9.405817739069029,5.162717511608375e-21,5.816164799645058,6.0213105628552606e-09
HYG,PM,RAND_FC6_S1,RAND,6.0,1.0,,random,36739,-0.0300316748355572,-6.275030102886411e-08,25.161272761915132,-0.4992488974316827,0.6176040510666805,-0.940067590716217,0.3471828916216825
HYG,PM,CRS_FC6_S1,CRS,6.0,1.0,,random,36739,-0.05273292024979667,2.917262335172342e-07,26.584828111815785,1.00470010583415,0.3150412771892699,-1.0199582981407775,0.30774823885266134
HYG,PM,RAND_FC6_S2,RAND,6.0,2.0,,random,36739,0.09051626576167815,4.1793620905155345e-07,25.93701516100057,2.0697904253855497,0.038471974383977287,2.109458929998683,0.03490498746233801
HYG,PM,CRS_FC6_S2,CRS,6.0,2.0,,random,36739,0.11482587429977158,1.1538823890921128e-06,26.119382672364516,3.8037808094587926,0.00014250428429904053,2.2924881498716556,0.02187749057800695
HYG,PM,RAND_FC9_S0,RAND,9.0,0.0,,random,36739,-0.07991561730161406,-8.874380776989434e-07,25.417131658455595,-7.177184919977738,7.116140970471978e-13,-2.4494543124273678,0.014307285943763508
HYG,PM,CRS_FC9_S0,CRS,9.0,0.0,,random,36739,0.26339633357443976,3.212720991812059e-06,26.271809249026916,9.291382912613482,1.5229650361772582e-20,5.342894767770568,9.147387240543768e-08
HYG,PM,RAND_FC9_S1,RAND,9.0,1.0,,random,36739,0.014062395380306125,3.8522817544948334e-07,25.37902501428999,2.82294991407331,0.004758400468789703,0.4143073297383032,0.6786490465587456
HYG,PM,CRS_FC9_S1,CRS,9.0,1.0,,random,36739,-0.027028450868946213,3.274250440891737e-07,26.307193990037835,1.0847397945160504,0.27803691739976155,-0.5252924442417194,0.5993799090976266
HYG,PM,RAND_FC9_S2,RAND,9.0,2.0,,random,36739,0.10727863865749182,8.367567258034215e-07,26.271809249026916,3.6570209550033224,0.00025516352791646573,2.5654401820823534,0.010304498725841733
HYG,PM,CRS_FC9_S2,CRS,9.0,2.0,,random,36739,0.2116936430943551,2.349918325426973e-06,26.122104575519202,8.143806409602067,3.830414748205401e-16,4.544577325341217,5.504559779345621e-06
HYG,CP,PM_FC3,PM_FC,3.0,,,capacity,36739,0.05978356207917665,5.718944656459306e-07,24.118783853670486,1.849605996988722,0.06437035784616109,1.274377387527871,0.20252970222090116
HYG,CP,CP_FC3,CP_FC,3.0,,,capacity,36739,0.10438469139892974,7.861900716788361e-07,23.89286589183157,5.112633951423959,3.1769755322954064e-07,3.445124709900008,0.0005707959776976339
HYG,CP,EQWIN_FC3,EQWIN,3.0,,,capacity,36739,0.3374833073202611,3.397116578817843e-06,24.92446718745747,11.115846936179384,1.0504907288177135e-28,6.205978918347661,5.435746533885285e-10
HYG,CP,PREFIX_FC3,PREFIX,3.0,,,capacity,36739,0.3477156520023573,3.470730654618713e-06,24.94352050954027,11.270713683026303,1.8307985536817306e-29,6.421452573053144,1.349800691197782e-10
HYG,CP,PM_FC6,PM_FC,6.0,,,capacity,36739,0.027331721475053524,5.299753761637784e-07,24.224938076703232,1.7608608375848824,0.07826195974901475,0.573888238984325,0.566043432218746
HYG,CP,CP_FC6,CP_FC,6.0,,,capacity,36739,0.04147711445358098,-7.36153078148905e-08,24.2303818830126,-0.7491445638169781,0.4537700777100204,2.145270643874343,0.03193121421029601
HYG,CP,EQWIN_FC6,EQWIN,6.0,,,capacity,36739,0.3401468774916174,3.695297393467288e-06,25.204823212390103,11.74181983038188,7.77942321044049e-32,6.402121848448586,1.5323229572599702e-10
HYG,CP,PREFIX_FC6,PREFIX,6.0,,,capacity,36739,0.3396498352802352,3.951205903227899e-06,25.15855085876045,12.172516108917971,4.354493156248822e-34,6.219963807605799,4.972695719976071e-10
HYG,CP,PM_FC9,PM_FC,9.0,,,capacity,36739,0.03988285443762493,5.473489289378525e-07,24.445412232232776,1.8073181397336022,0.07071268928992748,0.8149820915141629,0.41508256111202013
HYG,CP,CP_FC9,CP_FC,9.0,,,capacity,36739,0.002488000807531829,2.107873152465452e-08,24.407305588067178,0.5885615249235289,0.5561554501952066,0.4340046918283985,0.6642850339850139
HYG,CP,EQWIN_FC9,EQWIN,9.0,,,capacity,36739,0.32296705143195764,3.811039345228745e-06,25.18304798715262,12.047876829577797,1.990101553208177e-33,5.992839947988613,2.062077779754698e-09
HYG,CP,PREFIX_FC9,PREFIX,9.0,,,capacity,36739,0.31503660334439376,3.862325195517958e-06,24.9761833473965,11.899930610284262,1.1844559933383222e-32,5.713184597842247,1.1088128490413515e-08
HYG,CP,SHIFTWIN_FC6_O1,SHIFTWIN,6.0,,1.0,contiguous,36739,0.25196501259508525,2.63022642973519e-06,25.063284248346445,9.204394185847585,3.436039319739915e-20,4.939563995560882,7.829744449906148e-07
HYG,CP,SHIFTWIN_FC6_O3,SHIFTWIN,6.0,,3.0,contiguous,36739,0.3765203264972636,3.912176824399899e-06,24.989792863169928,12.201287675344513,3.059470540280053e-34,6.9712899027659105,3.1404805710552406e-12
HYG,CP,SHIFTWIN_FC6_O5,SHIFTWIN,6.0,,5.0,contiguous,36739,0.2228136216528659,2.7682748883886575e-06,24.709436838237295,9.142378725236208,6.109346077023325e-20,3.93663001630056,8.263385865120707e-05
HYG,CP,SHIFTWIN_FC9_O1,SHIFTWIN,9.0,,1.0,contiguous,36739,0.23986590814521233,2.8453989156003247e-06,25.019733797871474,9.53842999533478,1.4501092462710652e-21,4.365566248385872,1.2679386515167535e-05
HYG,CP,SHIFTWIN_FC9_O3,SHIFTWIN,9.0,,3.0,contiguous,36739,0.2608985075218195,3.034516292867271e-06,24.9952366694793,10.10052581122314,5.494677810278171e-24,4.825584689669526,1.3959312999899725e-06
HYG,CP,SHIFTWIN_FC9_O5,SHIFTWIN,9.0,,5.0,contiguous,36739,0.23794211308027538,2.9968938153270015e-06,24.948964315849643,9.873632923214316,5.416649191924622e-23,4.3397826262668096,1.4262372716991873e-05
HYG,CP,HAR,HAR,0.0,,,core,36739,-0.035045161774667224,-1.3556505633259938e-05,25.24565175971039,-17.581009791883393,3.443879363979509e-69,-0.41258213611436206,0.6799127915916412
HYG,CP,PM,PM,10.0,,,core,36739,0.03988285443766408,5.473489289379674e-07,24.497128392171806,1.8073181397339744,0.07071268928986947,0.8149820915149611,0.41508256111156305
HYG,CP,EWMA,EWMA,,,,external,36739,-4.514873452177316,-0.00015067371681922115,20.51770598002123,-34.0498621982226,4.077882077946262e-254,-16.287777430470243,1.2053051707347909e-59
HYG,CP,HARQ,HARQ,4.0,,,external,35719,-0.4256419086264401,-1.2966874648901756e-05,24.222402642851144,-5.579329075002907,2.4144807273690616e-08,-2.562868256339238,0.0103811431583642
HYG,CP,HAR_TCJ,HAR_TCJ,,,,external,11123,-0.8603667715159464,-1.2132420135820451e-05,42.04800863076508,-12.095793180963513,1.1116337753143376e-33,-3.0724175225604,0.002123325017505555
HYG,CP,GARCH11,GARCH11,,,,external,36739,-6.586955925704045,-0.00027675053613876883,17.803968534799534,-112.64598000839187,0.0,-19.273343359754016,8.993409947579143e-83
HYG,CP,COMP_COPRIME_FC6,COMP_COPRIME,6.0,,,modulo,36739,0.06071013257119254,6.53917693683572e-07,24.29570755872506,2.047135430626261,0.04064478905035013,1.242845473354169,0.21392478193102127
HYG,CP,COMP_NONCOPRIME_FC6,COMP_NONCOPRIME,6.0,,,modulo,36739,0.035298857589481085,5.14492025860794e-07,24.14328098206266,1.6492366951758406,0.09909915302596127,0.7236174073513669,0.4693006515337721
HYG,CP,COMP_COPRIME_FC9,COMP_COPRIME,9.0,,,modulo,36739,0.0339021123798485,6.386690572450893e-07,24.1541685946814,2.062462330945511,0.039163740316170995,0.6874066018515258,0.49182653853949454
HYG,CP,COMP_NONCOPRIME_FC9,COMP_NONCOPRIME,9.0,,,modulo,36739,0.019744023849804653,5.2755633511528e-07,24.33381420289066,1.7607104415907937,0.07828742455626626,0.4107160720280559,0.6812807405131979
HYG,CP,RAND_FC3_S0,RAND,3.0,0.0,,random,36739,-0.017029874972210098,-5.644022053488199e-07,24.224938076703232,-1.708643222693774,0.08751705715102331,-0.35273936181217685,0.7242838472945456
HYG,CP,CRS_FC3_S0,CRS,3.0,0.0,,random,36739,0.32297281688445206,2.8677422797352947e-06,25.261983178638502,8.853554266424439,8.47754366999035e-19,5.847205824985248,4.998988119499233e-09
HYG,CP,RAND_FC3_S1,RAND,3.0,1.0,,random,36739,0.05500453826416629,5.659017123524867e-07,24.16777811045483,1.9173322199696834,0.05519573912634512,1.197180836589157,0.23123607751673714
HYG,CP,CRS_FC3_S1,CRS,3.0,1.0,,random,36739,-0.10792510953181272,-3.890594374760983e-06,24.92991099376684,-9.940420821921425,2.776516965236997e-23,-1.9397038416022874,0.052415692452127294
HYG,CP,RAND_FC3_S2,RAND,3.0,2.0,,random,36739,0.12509684596033055,-2.8305899180632136e-07,25.144941342987014,-0.8880400309550612,0.3745192186288736,2.347416128380205,0.018904128673361942
HYG,CP,CRS_FC3_S2,CRS,3.0,2.0,,random,36739,0.2014570413927517,1.6419460605988012e-06,25.063284248346445,6.034781072211027,1.5917834248044315e-09,4.285619558779639,1.8223061103656038e-05
HYG,CP,RAND_FC6_S0,RAND,6.0,0.0,,random,36739,-0.0257555352524884,-4.918197470669493e-07,24.146002885217342,-1.4857700768821511,0.13733994755383275,-0.510049879792311,0.6100165172672223
HYG,CP,CRS_FC6_S0,CRS,6.0,0.0,,random,36739,0.32788496111028,3.7918662400690294e-06,25.15855085876045,11.892268418686589,1.2983173520695833e-32,5.898131804373123,3.6764025762976018e-09
HYG,CP,RAND_FC6_S1,RAND,6.0,1.0,,random,36739,0.009851179602106895,4.845986279091033e-07,24.10245243474237,1.6748975492555265,0.09395433456164089,0.20826833707287926,0.8350194529155349
HYG,CP,CRS_FC6_S1,CRS,6.0,1.0,,random,36739,-0.012850065812132588,8.390751624552016e-07,25.37358120798062,2.9510262492925823,0.003167199994936955,-0.25014054186767926,0.8024786644252417
HYG,CP,RAND_FC6_S2,RAND,6.0,2.0,,random,36739,0.13039912019934222,9.65285137989521e-07,25.11500040828547,3.4482773070753194,0.0005641744830363471,2.579843719925131,0.009884503624054599
HYG,CP,CRS_FC6_S2,CRS,6.0,2.0,,random,36739,0.15470872873743569,1.70123131803008e-06,25.144941342987014,5.819737615417787,5.8940078462234736e-09,3.158792942634298,0.0015842400255692247
HYG,CP,RAND_FC9_S0,RAND,9.0,0.0,,random,36739,-0.040032762863949946,-3.4008914876097604e-07,24.41002749122186,-1.0787620605187849,0.28069381182675335,-0.7716431184536452,0.4403258288166979
HYG,CP,CRS_FC9_S0,CRS,9.0,0.0,,random,36739,0.3032791880121039,3.7600699207500264e-06,25.057840442037072,11.795475659925593,4.1186687579365647e-32,5.558719364478354,2.717612465805079e-08
HYG,CP,RAND_FC9_S1,RAND,9.0,1.0,,random,36739,0.05394524981797022,9.325771043874508e-07,24.453577941696835,3.280679450275348,0.0010355736453690535,1.1042511631443737,0.2694842012376455
HYG,CP,CRS_FC9_S1,CRS,9.0,1.0,,random,36739,0.012854403568717886,8.747739730271413e-07,25.25109556601976,3.017899789057269,0.002545330584125801,0.24636573044903218,0.8053991319262523
HYG,CP,RAND_FC9_S2,RAND,9.0,2.0,,random,36739,0.1471614930951559,1.3841056547413889e-06,25.120444214594844,4.901300477988167,9.520430944569776e-07,2.865198302233127,0.004167481758644447
HYG,CP,CRS_FC9_S2,CRS,9.0,2.0,,random,36739,0.2515764975320191,2.897267254364941e-06,25.033343313644902,10.014519793844435,1.3159943235375277e-23,4.7502946987776244,2.0312041797100048e-06
QQQ,HAR,PM_FC3,PM_FC,3.0,,,capacity,36739,1.400313322173105,9.315950626144271e-06,52.9709572933395,6.5974977676209985,4.181549852126476e-11,11.291116878321734,1.4518001118948703e-29
QQQ,HAR,CP_FC3,CP_FC,3.0,,,capacity,36739,1.5165355238553921,1.070176778838303e-05,56.34339530199516,8.457831428257725,2.7239549285456917e-17,14.007291811894204,1.4066758742131282e-44
QQQ,HAR,EQWIN_FC3,EQWIN,3.0,,,capacity,36739,2.194437055690781,1.508680317902192e-05,56.54753803859659,9.369501738603429,7.287573544680896e-21,15.817897420424107,2.3418351316159603e-56
QQQ,HAR,PREFIX_FC3,PREFIX,3.0,,,capacity,36739,2.273341553360514,1.560538522134976e-05,56.91771686763385,9.729511903894668,2.256731932806719e-22,16.628292925681595,4.348067356932789e-62
QQQ,HAR,PM_FC6,PM_FC,6.0,,,capacity,36739,1.4140207300912648,9.321150316949412e-06,53.335692316067394,6.586223899397882,4.5115332546520546e-11,11.396089486441157,4.37324939917323e-30
QQQ,HAR,CP_FC6,CP_FC,6.0,,,capacity,36739,2.7105551600897435,1.917500056872501e-05,57.58730504368654,11.547580138639233,7.592823319290979e-31,18.585111867050827,4.241147843569667e-77
QQQ,HAR,EQWIN_FC6,EQWIN,6.0,,,capacity,36739,2.3699088478216495,1.6053300590889246e-05,57.162688151555564,9.687488764989789,3.4080509211966867e-22,16.78541111601349,3.120608221255036e-63
QQQ,HAR,PREFIX_FC6,PREFIX,6.0,,,capacity,36739,2.3563070716134726,1.6056759904984583e-05,57.05925583167751,9.722556055227779,2.4163819023980615e-22,16.606290892200903,6.2755447719690375e-62
QQQ,HAR,PM_FC9,PM_FC,9.0,,,capacity,36739,1.4112135422277725,9.214342645911012e-06,53.39285228231579,6.496780688824032,8.205694512181159e-11,11.343259980993937,8.010377383105268e-30
QQQ,HAR,CP_FC9,CP_FC,9.0,,,capacity,36739,2.9253460367339237,2.1346119286254884e-05,57.636299300470895,12.4432008374612,1.5227707675891166e-35,18.855691111232282,2.638681685938807e-79
QQQ,HAR,EQWIN_FC9,EQWIN,9.0,,,capacity,36739,2.3602941505891666,1.5912863844139652e-05,57.266120471433624,9.559366335006953,1.1847988679616954e-21,16.504943757518024,3.3804787533265106e-61
QQQ,HAR,PREFIX_FC9,PREFIX,9.0,,,capacity,36739,2.3771503017179123,1.606692650497509e-05,57.21984811780397,9.588650089118783,8.924496479772367e-22,16.594929423206015,7.583289955927917e-62
QQQ,HAR,SHIFTWIN_FC6_O1,SHIFTWIN,6.0,,1.0,contiguous,36739,2.0273099041230296,1.3741964196677782e-05,56.02493263289692,8.74239016081903,2.2822973019223094e-18,14.942622971724548,1.7398960292902526e-50
QQQ,HAR,SHIFTWIN_FC6_O3,SHIFTWIN,6.0,,3.0,contiguous,36739,2.3379564736550678,1.5982821078108374e-05,57.361387081847624,9.710901462503855,2.709302261964681e-22,16.513506588377428,2.9333253411801256e-61
QQQ,HAR,SHIFTWIN_FC6_O5,SHIFTWIN,6.0,,5.0,contiguous,36739,2.059824496517775,1.3868143315353471e-05,55.97049456980321,8.814701261036316,1.2000461689567525e-18,15.094349325090443,1.7641963318233014e-51
QQQ,HAR,SHIFTWIN_FC9_O1,SHIFTWIN,9.0,,1.0,contiguous,36739,2.115487868615265,1.421530855946401e-05,56.25085059473584,8.9331119132856,4.141903181422934e-19,15.362314988863531,2.9292515182967665e-53
QQQ,HAR,SHIFTWIN_FC9_O3,SHIFTWIN,9.0,,3.0,contiguous,36739,2.126780917115349,1.4223100459800356e-05,56.4495495250279,8.902687990587484,5.451024632506383e-19,15.431809522815783,1.0002591017719061e-53
QQQ,HAR,SHIFTWIN_FC9_O5,SHIFTWIN,9.0,,5.0,contiguous,36739,2.1182098666318447,1.4216428267040193e-05,56.40599907455292,8.92279127081978,4.54681159614088e-19,15.404818136893633,1.5191590201372394e-53
QQQ,HAR,PM,PM,10.0,,,core,36739,1.4087212003279992,9.195142803480811e-06,53.368355153923616,6.4838750911287715,8.939624127830539e-11,11.324712996003102,9.900259975755168e-30
QQQ,HAR,CP,CP,10.0,,,core,36739,2.9197471829973227,2.1827812389889324e-05,57.67984975094586,12.632357993210306,1.4001856359153061e-36,18.03659692236636,1.0054825554648281e-72
QQQ,HAR,EWMA,EWMA,,,,external,36739,-13.836211021620505,-0.0003371150375790858,30.112414600288524,-25.496542973766534,2.153188678974821e-143,-35.62629793376777,5.487330361456159e-278
QQQ,HAR,HARQ,HARQ,4.0,,,external,35719,1.3757036114603818,-1.9118590412365572e-05,58.21831518239592,-1.3063852370930262,0.19142158367469608,13.288980270209441,2.682084564469782e-40
QQQ,HAR,HAR_TCJ,HAR_TCJ,,,,external,35704,1.963069358699822,1.3444948142998986e-05,56.61270445888415,8.898162862838786,5.677866139994158e-19,15.520921729866453,2.5042773234745702e-54
QQQ,HAR,GARCH11,GARCH11,,,,external,36739,-20.482891896161235,-0.0003667834934690072,21.214513187620785,-45.22987548689166,0.0,-65.1427274816832,0.0
QQQ,HAR,COMP_COPRIME_FC6,COMP_COPRIME,6.0,,,modulo,36739,1.4074354584276747,9.269340516702687e-06,53.31391709082991,6.546121355243295,5.905060219212102e-11,11.30411898003344,1.2520446808917891e-29
QQQ,HAR,COMP_NONCOPRIME_FC6,COMP_NONCOPRIME,6.0,,,modulo,36739,1.399241726205531,9.146153054735078e-06,53.09072103214567,6.442438752065833,1.175688155320385e-10,11.251774039369153,2.269801751938811e-29
QQQ,HAR,COMP_COPRIME_FC9,COMP_COPRIME,9.0,,,modulo,36739,1.4198099504607726,9.230436764104692e-06,53.32480470344865,6.485234481120342,8.859389233842284e-11,11.366491064161442,6.140686073036781e-30
QQQ,HAR,COMP_NONCOPRIME_FC9,COMP_NONCOPRIME,9.0,,,modulo,36739,1.4019450482768419,9.14713348901509e-06,53.33297041291271,6.405731212608946,1.4965040670033416e-10,11.249155380504106,2.3382033666673472e-29
QQQ,HAR,RAND_FC3_S0,RAND,3.0,0.0,,random,36739,1.2297072116190615,8.128664552387409e-06,52.96551348703014,6.121659195863365,9.260593120144636e-10,10.552559300288756,4.943194561823943e-26
QQQ,HAR,CRS_FC3_S0,CRS,3.0,0.0,,random,36739,2.1817746662675686,1.5054072590603435e-05,57.57913933422248,9.623025056512288,6.392303387083141e-22,16.43884894973815,1.0081556890052263e-60
QQQ,HAR,RAND_FC3_S1,RAND,3.0,1.0,,random,36739,1.4609527209515154,9.627073716130339e-06,54.051552845749754,6.936414656549161,4.0217601632503664e-12,12.269716371655306,1.3171391963543564e-34
QQQ,HAR,CRS_FC3_S1,CRS,3.0,1.0,,random,36739,1.2038015811898273,7.719530264044513e-06,55.04776940036473,6.24702037400607,4.1835650804244296e-10,11.706303835150932,1.183262674310447e-31
QQQ,HAR,RAND_FC3_S2,RAND,3.0,2.0,,random,36739,1.4113532393320904,9.55566297752528e-06,54.16859468140124,7.440050813402134,1.0064657849246012e-13,12.620500443671647,1.6278351654362068e-36
QQQ,HAR,CRS_FC3_S2,CRS,3.0,2.0,,random,36739,1.9589938123094643,1.3206515020752611e-05,57.56552981844906,8.92540156379419,4.440851584628072e-19,15.620349029841279,5.291517645294663e-55
QQQ,HAR,RAND_FC6_S0,RAND,6.0,0.0,,random,36739,1.2549701905085113,8.1351916633977e-06,53.16693432047688,6.070785476882528,1.2728612709925263e-09,10.719147963335132,8.276220890290995e-27
QQQ,HAR,CRS_FC6_S0,CRS,6.0,0.0,,random,36739,2.3030474322528574,1.5799204990913857e-05,56.93677018971665,9.707513919014577,2.8008511680104205e-22,16.51655210016693,2.788926936388168e-61
QQQ,HAR,RAND_FC6_S1,RAND,6.0,1.0,,random,36739,1.509089214242369,9.739041352914187e-06,54.340074580146435,6.8008536559875425,1.040010283460902e-11,12.238820016682288,1.9281540415837814e-34
QQQ,HAR,CRS_FC6_S1,CRS,6.0,1.0,,random,36739,1.8707436751368125,1.2789674976812179e-05,56.849669288766705,8.59270212977136,8.494755005126833e-18,14.628628126425895,1.8446925915233133e-48
QQQ,HAR,RAND_FC6_S2,RAND,6.0,2.0,,random,36739,1.6526570526422224,1.1038603972545613e-05,55.415226326247314,7.778732814572202,7.325459030075966e-15,13.63501512141458,2.4793945233417132e-42
QQQ,HAR,CRS_FC6_S2,CRS,6.0,2.0,,random,36739,2.027536534288082,1.343911203475199e-05,56.99393015596505,8.724083739641308,2.6834447972902322e-18,15.467646153354943,5.736661657381976e-54
QQQ,HAR,RAND_FC9_S0,RAND,9.0,0.0,,random,36739,1.3305426030370342,8.569879993649768e-06,53.68953972617654,6.196981740661612,5.755617510167265e-10,11.096281477576648,1.3077222392701876e-28
QQQ,HAR,CRS_FC9_S0,CRS,9.0,0.0,,random,36739,2.2919666656354876,1.566303637261543e-05,56.953101608644765,9.56936297192557,1.0756638928127705e-21,16.29366315590214,1.0947121604775973e-59
QQQ,HAR,RAND_FC9_S1,RAND,9.0,1.0,,random,36739,1.6063193012802468,1.0307810658469827e-05,54.15770706878249,7.025246040866791,2.1368935351662866e-12,12.699212372607919,5.972778311202633e-37
QQQ,HAR,CRS_FC9_S1,CRS,9.0,1.0,,random,36739,1.9116192965838386,1.2874377001306298e-05,56.53392852282316,8.47484235377258,2.3539808685286443e-17,14.69026769251271,7.441922456891816e-49
QQQ,HAR,RAND_FC9_S2,RAND,9.0,2.0,,random,36739,1.760201082371854,1.1548563249786862e-05,55.75546422058303,7.9279248658160455,2.22838055653498e-15,14.341869444673161,1.1978474633281045e-46
QQQ,HAR,CRS_FC9_S2,CRS,9.0,2.0,,random,36739,2.067291772597622,1.3742138949458855e-05,56.59108848907156,8.704885229150594,3.178962833105136e-18,15.274536500049239,1.1302880875975948e-52
QQQ,PM,PM_FC3,PM_FC,3.0,,,capacity,36739,-0.008407878154894114,1.2080782266346094e-07,49.318163259751216,1.3532543897446832,0.17597437479354106,-0.9163725442028737,0.3594715306685188
QQQ,PM,CP_FC3,CP_FC,3.0,,,capacity,36739,0.10781432352739317,1.5066249849022202e-06,47.81839462151937,2.7636744835982663,0.005715452546412455,2.3760225006361773,0.01750039561227804
QQQ,PM,EQWIN_FC3,EQWIN,3.0,,,capacity,36739,0.7857158553627815,5.89166037554111e-06,50.543019679359816,7.670425547995467,1.7142664916645025e-14,11.769180409438393,5.62685101424527e-32
QQQ,PM,PREFIX_FC3,PREFIX,3.0,,,capacity,36739,0.8646203530325154,6.41024241786895e-06,51.40858488254988,8.440154265495709,3.169191149432509e-17,13.222177961702029,6.534405536688603e-40
QQQ,PM,PM_FC6,PM_FC,6.0,,,capacity,36739,0.005299529763265807,1.2600751346859994e-07,48.77922643512344,2.143598709159455,0.032065054306079595,0.7961715524738573,0.42593232983304763
QQQ,PM,CP_FC6,CP_FC,6.0,,,capacity,36739,1.3018339597617443,9.979857765244203e-06,51.318762078445246,7.028701234088308,2.0846480772089048e-12,11.100746391243689,1.244006167354495e-28
QQQ,PM,EQWIN_FC6,EQWIN,6.0,,,capacity,36739,0.96118764749365,6.858157787408435e-06,51.12278505130787,8.151527287905648,3.593565673699657e-16,13.295317124657888,2.4642621114226736e-40
QQQ,PM,PREFIX_FC6,PREFIX,6.0,,,capacity,36739,0.9475858712854741,6.8616171015037675e-06,51.06562508505947,8.295752032782186,1.0790039983756915e-16,12.964064692237825,1.9560169513879992e-38
QQQ,PM,PM_FC9,PM_FC,9.0,,,capacity,36739,0.002492341899773576,1.919984243020173e-08,60.76376602520482,5.471349023709292,4.4662272856359515e-08,6.952033793795083,3.6005711966911844e-12
QQQ,PM,CP_FC9,CP_FC,9.0,,,capacity,36739,1.5166248364059245,1.2150976482774072e-05,50.4314216500177,7.983573788365947,1.4215626889787344e-15,11.480998219101263,1.6437173146732845e-30
QQQ,PM,EQWIN_FC9,EQWIN,9.0,,,capacity,36739,0.9515729502611674,6.717721040658844e-06,51.231661177495305,7.944127849959565,1.9556181247346686e-15,12.658629433148338,1.0023399022755074e-36
QQQ,PM,PREFIX_FC9,PREFIX,9.0,,,capacity,36739,0.9684291013899129,6.871783701494282e-06,51.44941342987016,8.021846357008847,1.0416738488362926e-15,12.831426870682805,1.0933188123478868e-37
QQQ,PM,SHIFTWIN_FC6_O1,SHIFTWIN,6.0,,1.0,contiguous,36739,0.6185887037950303,4.5468213931969735e-06,51.231661177495305,6.968708665966889,3.1986329404249415e-12,10.516299686495065,7.267183070314342e-26
QQQ,PM,SHIFTWIN_FC6_O3,SHIFTWIN,6.0,,3.0,contiguous,36739,0.9292352733270683,6.7876782746275625e-06,51.220773564876566,8.130119185617902,4.288685493128495e-16,12.795981824495088,1.726564621959246e-37
QQQ,PM,SHIFTWIN_FC6_O5,SHIFTWIN,6.0,,5.0,contiguous,36739,0.6511032961897757,4.67300051187266e-06,50.58929203298946,7.08561152316647,1.384316362893942e-12,10.680634858823742,1.2541104200073457e-26
QQQ,PM,SHIFTWIN_FC9_O1,SHIFTWIN,9.0,,1.0,contiguous,36739,0.7067666682872661,5.020165755983199e-06,51.057459375595414,7.170070228372649,7.495930367827659e-13,11.03954346383931,2.4628128586713806e-28
QQQ,PM,SHIFTWIN_FC9_O3,SHIFTWIN,9.0,,3.0,contiguous,36739,0.7180597167873504,5.027957656319544e-06,50.96491466833611,7.153696585111198,8.447166704471901e-13,11.213034824503966,3.5191633695541905e-29
QQQ,PM,SHIFTWIN_FC9_O5,SHIFTWIN,9.0,,5.0,contiguous,36739,0.7094886663038458,5.021285463559381e-06,51.05473747244073,7.213042994299346,5.471512919962761e-13,11.209455321912214,3.6644137066472174e-29
QQQ,PM,HAR,HAR,0.0,,,core,36739,-1.4087212003279992,-9.195142803480811e-06,44.609270802144856,-6.4838750911287715,8.939624127830539e-11,-11.324712996003102,9.900259975755168e-30
QQQ,PM,CP,CP,10.0,,,core,36739,1.5110259826693238,1.2632669586408514e-05,50.06124282098043,8.19507760331459,2.504315408493313e-16,10.80035737041936,3.4286645943364074e-27
QQQ,PM,EWMA,EWMA,,,,external,36739,-15.244932221948503,-0.00034631018038256675,26.65559759383761,-27.021738301043605,8.209004584062876e-161,-42.221392204614375,0.0
QQQ,PM,HARQ,HARQ,4.0,,,external,35719,-0.04392747576900186,-2.837850688548639e-05,48.77516167865842,-1.9427209592653591,0.052049882426137575,-0.29640533812928227,0.7669205491618569
QQQ,PM,HAR_TCJ,HAR_TCJ,,,,external,35704,0.550593995104596,4.125249450958848e-06,53.89592202554335,7.76925398840667,7.894971864903996e-15,13.977137061057542,2.149627909070874e-44
QQQ,PM,GARCH11,GARCH11,,,,external,36739,-21.891613096489234,-0.000375978636272488,21.03758948256621,-48.810856200272774,0.0,-66.18555036513419,0.0
QQQ,PM,COMP_COPRIME_FC6,COMP_COPRIME,6.0,,,modulo,36739,-0.0012857419003240997,7.419771322187463e-08,50.00680475788671,0.5994802881847014,0.5488526510191605,-0.0989742379065049,0.9211587248236517
QQQ,PM,COMP_NONCOPRIME_FC6,COMP_NONCOPRIME,6.0,,,modulo,36739,-0.00947947412246795,-4.89897487457335e-08,49.09768910422167,-0.46542958232488557,0.6416238537022063,-0.8020042384801133,0.42255050647737524
QQQ,PM,COMP_COPRIME_FC9,COMP_COPRIME,9.0,,,modulo,36739,0.011088750132773469,3.5293960623882454e-08,48.991534881188926,0.25296961811037444,0.8002916909829056,0.74396296138201,0.45689888304862736
QQQ,PM,COMP_NONCOPRIME_FC9,COMP_NONCOPRIME,9.0,,,modulo,36739,-0.00677615205115712,-4.800931446572031e-08,48.825498788753094,-0.3980397927541043,0.6906008536154257,-0.632576719404971,0.5270100939308184
QQQ,PM,RAND_FC3_S0,RAND,3.0,0.0,,random,36739,-0.17901398870893753,-1.0664782510934024e-06,42.8808622989194,-5.738415675451806,9.556632532727558e-09,-10.45063137259056,1.455529913746999e-25
QQQ,PM,CRS_FC3_S0,CRS,3.0,0.0,,random,36739,0.7730534659395696,5.858929787122621e-06,51.39225346362176,7.4459891451701115,9.622071795305855e-14,11.870381850328835,1.6869588242774412e-32
QQQ,PM,RAND_FC3_S1,RAND,3.0,1.0,,random,36739,0.05223152062351629,4.31930912649528e-07,45.86679005960968,1.8077159341006392,0.07065072334560812,2.31555467023454,0.020582596288685757
QQQ,PM,CRS_FC3_S1,CRS,3.0,1.0,,random,36739,-0.2049196191381718,-1.4756125394362975e-06,44.08938729959988,-3.04490183422651,0.0023275626737192046,-4.437469470209363,9.102262699314711e-06
QQQ,PM,RAND_FC3_S2,RAND,3.0,2.0,,random,36739,0.0026320390040912253,3.605201740444676e-07,44.65282125261984,1.2029223089685708,0.22900638642333504,0.09520696373243641,0.9241504388568177
QQQ,PM,CRS_FC3_S2,CRS,3.0,2.0,,random,36739,0.5502726119814649,4.011372217271798e-06,49.91970385693677,6.810914836345764,9.698003279937014e-12,10.974073560412196,5.092518987256374e-28
QQQ,PM,RAND_FC6_S0,RAND,6.0,0.0,,random,36739,-0.1537510098194877,-1.059951140083111e-06,43.07411742290209,-5.403029973945569,6.552450511568189e-08,-8.199560264943702,2.4126794561356433e-16
QQQ,PM,CRS_FC6_S0,CRS,6.0,0.0,,random,36739,0.8943262319248586,6.604062187433045e-06,51.008465118811074,8.179913704164438,2.840472214827871e-16,12.816261950504376,1.3295745748155697e-37
QQQ,PM,RAND_FC6_S1,RAND,6.0,1.0,,random,36739,0.10036801391437018,5.43898549433376e-07,46.93377609624649,2.0213610142818026,0.04324240732534478,3.9289722194917496,8.530969310665176e-05
QQQ,PM,CRS_FC6_S1,CRS,6.0,1.0,,random,36739,0.4620224748088133,3.594532173331367e-06,48.594137020604805,5.374268123378158,7.689436496161898e-08,7.555536641572383,4.171363648501329e-14
QQQ,PM,RAND_FC6_S2,RAND,6.0,2.0,,random,36739,0.2439358523142231,1.8434611690647992e-06,48.35188763983778,5.012270810842431,5.379142636795819e-07,7.6451712332769635,2.0866745343643306e-14
QQQ,PM,CRS_FC6_S2,CRS,6.0,2.0,,random,36739,0.6188153339600827,4.243969231271179e-06,49.69922970140722,6.2373054919246265,4.4517210454663615e-10,10.254061275458886,1.1347317594382778e-24
QQQ,PM,RAND_FC9_S0,RAND,9.0,0.0,,random,36739,-0.07817859729096498,-6.252628098310441e-07,45.25980565611476,-3.128706507414603,0.001755775857102065,-3.8703980654861603,0.00010865778408873434
QQQ,PM,CRS_FC9_S0,CRS,9.0,0.0,,random,36739,0.8832454653074885,6.467893569134614e-06,50.98124608726422,7.942070112173756,1.9883448654573664e-15,12.325404540867034,6.611087570888453e-35
QQQ,PM,RAND_FC9_S1,RAND,9.0,1.0,,random,36739,0.19759810095224734,1.112667854989017e-06,48.9779253654155,3.5068293733479785,0.00045347982667067046,6.316376174320959,2.677678080969626e-10
QQQ,PM,CRS_FC9_S1,CRS,9.0,1.0,,random,36739,0.5028980962558396,3.6792341978254875e-06,48.24845531995972,5.195255513249185,2.0443885081204872e-07,7.795872389323012,6.396500450455565e-15
QQQ,PM,RAND_FC9_S2,RAND,9.0,2.0,,random,36739,0.3514798820438551,2.353420446306051e-06,48.817333079289035,5.52664330446642,3.264156519644192e-08,9.560024753455089,1.1772854297909863e-21
QQQ,PM,CRS_FC9_S2,CRS,9.0,2.0,,random,36739,0.6585705722696227,4.546996145978043e-06,51.36503443207491,6.912498569818528,4.761908035248811e-12,11.289344081868819,1.4813801272152718e-29
QQQ,CP,PM_FC3,PM_FC,3.0,,,capacity,36739,-1.5194338608242177,-1.2511861763745054e-05,47.788453686817824,-8.139158274152232,3.9803536220018405e-16,-10.803513406902574,3.312794804310243e-27
QQQ,CP,CP_FC3,CP_FC,3.0,,,capacity,36739,-1.4032116591419301,-1.1126044601506294e-05,45.25708375296007,-8.9550260979797,3.3965527337396306e-19,-11.33726019289756,8.578835450153516e-30
QQQ,CP,EQWIN_FC3,EQWIN,3.0,,,capacity,36739,-0.725310127306542,-6.741009210867405e-06,48.56691798905795,-3.9680310346080008,7.246889831073995e-05,-5.079333251152524,3.7876180269946383e-07
QQQ,CP,PREFIX_FC3,PREFIX,3.0,,,capacity,36739,-0.6464056296368083,-6.2224271685395644e-06,49.127630038923215,-3.7717064297805445,0.00016213494488228938,-4.637864028800534,3.520282381050456e-06
QQQ,CP,PM_FC6,PM_FC,6.0,,,capacity,36739,-1.5057264529060579,-1.2506662072939912e-05,47.875554587767766,-8.119579599471507,4.678012831835416e-16,-10.73479663095864,6.987264467151044e-27
QQQ,CP,CP_FC6,CP_FC,6.0,,,capacity,36739,-0.20919202290757927,-2.6528118211643124e-06,46.74596477857318,-4.790224176361146,1.6659508358510825e-06,-2.418879743623057,0.015568386106165986
QQQ,CP,EQWIN_FC6,EQWIN,6.0,,,capacity,36739,-0.5498383351756736,-5.774511799000078e-06,48.7492855004219,-3.3645318190975257,0.0007667364272218385,-3.8202845632009197,0.00013329779363701095
QQQ,CP,PREFIX_FC6,PREFIX,6.0,,,capacity,36739,-0.5634401113838496,-5.771052484904745e-06,48.93709681809521,-3.402761812747143,0.0006670840791570417,-3.8981996238120895,9.691051395511227e-05
QQQ,CP,PM_FC9,PM_FC,9.0,,,capacity,36739,-1.50853364076955,-1.2613469743978313e-05,47.99259642341925,-8.181642994408298,2.7999956884599855e-16,-10.782484787107302,4.1648085881003816e-27
QQQ,CP,CP_FC9,CP_FC,9.0,,,capacity,36739,0.005598853736600899,-4.816931036344412e-07,48.27839625466126,-1.5311749875867517,0.12572615078100055,0.11990986166559767,0.904554552366073
QQQ,CP,EQWIN_FC9,EQWIN,9.0,,,capacity,36739,-0.5594530324081564,-5.914948545749671e-06,49.024197719045155,-3.443537538823495,0.0005741568812556164,-3.8696852804587487,0.00010897593722185749
QQQ,CP,PREFIX_FC9,PREFIX,9.0,,,capacity,36739,-0.5425968812794107,-5.7608858849142325e-06,48.863605432918696,-3.340529496692839,0.0008361879772757157,-3.74505083423208,0.0001803572533253412
QQQ,CP,SHIFTWIN_FC6_O1,SHIFTWIN,6.0,,1.0,contiguous,36739,-0.8924372788742935,-8.085848193211542e-06,48.65129698685321,-4.863455084053843,1.1535421150344476e-06,-6.299746184310233,2.98133433126617e-10
QQQ,CP,SHIFTWIN_FC6_O3,SHIFTWIN,6.0,,3.0,contiguous,36739,-0.5817907093422553,-5.844991311780952e-06,48.55875227959389,-3.423868871378234,0.0006173640264815637,-4.032152657518147,5.526826547065786e-05
QQQ,CP,SHIFTWIN_FC6_O5,SHIFTWIN,6.0,,5.0,contiguous,36739,-0.859922686479548,-7.959669074535853e-06,48.63496556792509,-4.814506000453053,1.475644700642563e-06,-6.041553100053125,1.5263775595995184e-09
QQQ,CP,SHIFTWIN_FC9_O1,SHIFTWIN,9.0,,1.0,contiguous,36739,-0.8042593143820577,-7.6125038304253165e-06,48.50159231334549,-4.5597471649725945,5.121524548743893e-06,-5.6466076045399145,1.6364475588292747e-08
QQQ,CP,SHIFTWIN_FC9_O3,SHIFTWIN,9.0,,3.0,contiguous,36739,-0.7929662658819732,-7.604711930088972e-06,48.52336753858298,-4.538907100172052,5.654653989501861e-06,-5.563922886152232,2.6377654526847828e-08
QQQ,CP,SHIFTWIN_FC9_O5,SHIFTWIN,9.0,,5.0,contiguous,36739,-0.801537316365478,-7.611384122849132e-06,48.64313127738915,-4.5526878576814465,5.296482935716627e-06,-5.613651126925356,1.9810142597996515e-08
QQQ,CP,HAR,HAR,0.0,,,core,36739,-2.9197471829973227,-2.1827812389889324e-05,40.32499523666948,-12.632357993210306,1.4001856359153061e-36,-18.03659692236636,1.0054825554648281e-72
QQQ,CP,PM,PM,10.0,,,core,36739,-1.5110259826693238,-1.2632669586408514e-05,47.93543645717085,-8.19507760331459,2.504315408493313e-16,-10.80035737041936,3.4286645943364074e-27
QQQ,CP,EWMA,EWMA,,,,external,36739,-16.755958204617826,-0.00035894284996897515,26.41062630991589,-26.52180119650512,5.43329079520468e-155,-40.53823984312295,0.0
QQQ,CP,HARQ,HARQ,4.0,,,external,35719,-1.6019351555456018,-4.139502237535984e-05,43.83101430611159,-2.8283523362685825,0.00467882803792454,-9.673221141935187,3.918465730123465e-22
QQQ,CP,HAR_TCJ,HAR_TCJ,,,,external,35704,-0.9029171764229477,-7.911100056664327e-06,49.137351557248486,-5.165622956379931,2.396394322177902e-07,-6.70030061577983,2.079912133091749e-11
QQQ,CP,GARCH11,GARCH11,,,,external,36739,-23.402639079158554,-0.0003886113058588965,21.361495957973816,-47.05681245402708,0.0,-64.16028636498638,0.0
QQQ,CP,COMP_COPRIME_FC6,COMP_COPRIME,6.0,,,modulo,36739,-1.5123117245696476,-1.2558471873186639e-05,48.0225373581208,-8.18871503121081,2.640298658677114e-16,-10.860232027247273,1.782956074381731e-27
QQQ,CP,COMP_NONCOPRIME_FC6,COMP_NONCOPRIME,6.0,,,modulo,36739,-1.5205054567917913,-1.2681659335154248e-05,47.758512752116275,-8.18987133807086,2.61505579299334e-16,-10.764286024169396,5.075341990570613e-27
QQQ,CP,COMP_COPRIME_FC9,COMP_COPRIME,9.0,,,modulo,36739,-1.49993723253655,-1.2597375625784634e-05,47.954489779253656,-8.17878761836929,2.8671393714379504e-16,-10.771497514302919,4.69305016673356e-27
QQQ,CP,COMP_NONCOPRIME_FC9,COMP_NONCOPRIME,9.0,,,modulo,36739,-1.5178021347204809,-1.2680678900874234e-05,47.84833555622091,-8.11661087553234,4.793827478191727e-16,-10.750112561160764,5.91893426014855e-27
QQQ,CP,RAND_FC3_S0,RAND,3.0,0.0,,random,36739,-1.690039971378261,-1.3699147837501917e-05,46.345845014834374,-8.966738206328351,3.0542493827432065e-19,-12.094615067325988,1.1276958079141706e-33
QQQ,CP,CRS_FC3_S0,CRS,3.0,0.0,,random,36739,-0.737972516729754,-6.773739799285893e-06,48.63496556792509,-4.053071877181093,5.0549463123425657e-05,-5.277164094837155,1.3119839484664414e-07
QQQ,CP,RAND_FC3_S1,RAND,3.0,1.0,,random,36739,-1.4587944620458073,-1.2200738673758987e-05,47.23590734641662,-7.891381343552973,2.9885989957103245e-15,-10.428883031477028,1.830271060514583e-25
QQQ,CP,CRS_FC3_S1,CRS,3.0,1.0,,random,36739,-1.7159456018074954,-1.4108282125844812e-05,44.568442254824575,-8.41203211942927,4.0296749938065165e-17,-11.86993187815932,1.6960567938878685e-32
QQQ,CP,RAND_FC3_S2,RAND,3.0,2.0,,random,36739,-1.5083939436652325,-1.2272149412364046e-05,46.675195296551344,-8.393939585121798,4.701177819339379e-17,-11.183022963720386,4.937879236460893e-29
QQQ,CP,CRS_FC3_S2,CRS,3.0,2.0,,random,36739,-0.9607533706878586,-8.621297369136715e-06,47.73673752687879,-5.283384230667708,1.268190170131389e-07,-6.848608926870416,7.457154327147111e-12
QQQ,CP,RAND_FC6_S0,RAND,6.0,0.0,,random,36739,-1.6647769924888112,-1.3692620726491626e-05,46.63436674923106,-8.926514900766275,4.396403312814512e-19,-11.921445938305304,9.150646601476856e-33
QQQ,CP,CRS_FC6_S0,CRS,6.0,0.0,,random,36739,-0.616699750744465,-6.0286073989754695e-06,49.00242249380767,-3.5766592321583643,0.00034801336322998655,-4.332501438873026,1.4742469933945196e-05
QQQ,CP,RAND_FC6_S1,RAND,6.0,1.0,,random,36739,-1.4106579687549536,-1.2088771036975137e-05,47.382890116769644,-7.5406060308227225,4.67792369384744e-14,-9.94731793206497,2.590712808751545e-23
QQQ,CP,CRS_FC6_S1,CRS,6.0,1.0,,random,36739,-1.0490035078605102,-9.038137413077147e-06,46.9147227741637,-5.26745585654853,1.3832740952275734e-07,-7.322385995891275,2.436002460680481e-13
QQQ,CP,RAND_FC6_S2,RAND,6.0,2.0,,random,36739,-1.2670901303551005,-1.0789208417343713e-05,47.21141021802444,-6.9384159947425985,3.965206612979468e-12,-9.199267927475926,3.6039665539940644e-20
QQQ,CP,CRS_FC6_S2,CRS,6.0,2.0,,random,36739,-0.8922106487092409,-8.388700355137335e-06,47.62513949753668,-4.926144096445511,8.386815880850933e-07,-6.202055858686876,5.573028864774677e-10
QQQ,CP,RAND_FC9_S0,RAND,9.0,0.0,,random,36739,-1.5892045799602885,-1.325793239623956e-05,46.89294754892621,-8.509590243541709,1.7454909596037386e-17,-11.399629676206601,4.199013945170964e-30
QQQ,CP,CRS_FC9_S0,CRS,9.0,0.0,,random,36739,-0.6277805173618349,-6.1647760172739e-06,48.90987778654836,-3.636423558033493,0.000276449630855676,-4.390805726958581,1.1293140732102226e-05
QQQ,CP,RAND_FC9_S1,RAND,9.0,1.0,,random,36739,-1.3134278817170764,-1.1520001731419498e-05,48.06336590544109,-7.176550009730366,7.149250818703222e-13,-9.320848680702337,1.1541339193519777e-20
QQQ,CP,CRS_FC9_S1,CRS,9.0,1.0,,random,36739,-1.0081278864134842,-8.953435388583026e-06,47.09164647921827,-5.157001021760934,2.509364342947203e-07,-6.993332388141104,2.6843251594150773e-12
QQQ,CP,RAND_FC9_S2,RAND,9.0,2.0,,random,36739,-1.1595461006254684,-1.0279249140102464e-05,47.51626337134925,-6.483876636664188,8.939532503948515e-11,-8.419536807379739,3.7797569851956784e-17
QQQ,CP,CRS_FC9_S2,CRS,9.0,2.0,,random,36739,-0.8524554103997009,-8.085673440430472e-06,48.664906502626636,-4.882712779229082,1.046362304338023e-06,-6.0576160216005315,1.3815369235997712e-09
SPY,HAR,PM_FC3,PM_FC,3.0,,,capacity,36739,1.6093381959403457,7.631606787057697e-06,53.19415335202373,7.022024970573679,2.1867544034285484e-12,13.222655394360306,6.493053136908922e-40
SPY,HAR,CP_FC3,CP_FC,3.0,,,capacity,36739,1.6215187281747343,8.218637824121266e-06,56.291679142056125,8.9818069972205,2.663557500917509e-19,15.947790625774118,2.9515538982415457e-57
SPY,HAR,EQWIN_FC3,EQWIN,3.0,,,capacity,36739,2.11591991301018,1.0359432047360186e-05,55.63297857862217,8.734313496065479,2.451403652348995e-18,16.053977738982592,5.361499401296239e-58
SPY,HAR,PREFIX_FC3,PREFIX,3.0,,,capacity,36739,2.1494771320469046,1.0523907599454699e-05,56.0875364054547,8.889509633804021,6.137918363908445e-19,16.59174123126092,7.996793434081135e-62
SPY,HAR,PM_FC6,PM_FC,6.0,,,capacity,36739,1.6122474617946436,7.568248848153444e-06,53.24586951196276,6.9487003028527745,3.6866678636669726e-12,13.236598044881507,5.3937162142650526e-40
SPY,HAR,CP_FC6,CP_FC,6.0,,,capacity,36739,2.9919759363703684,1.6549385260249928e-05,57.15724434524619,12.80764148426583,1.485823117201145e-37,20.83070085410386,2.2809891439914275e-96
SPY,HAR,EQWIN_FC6,EQWIN,6.0,,,capacity,36739,2.1937713862840726,1.0574220181689727e-05,55.799014671058,8.689323206983145,3.646050023550775e-18,16.282883761525927,1.3056827397702882e-59
SPY,HAR,PREFIX_FC6,PREFIX,6.0,,,capacity,36739,2.221644116248248,1.0743642575146232e-05,55.85073083099703,8.851505433174609,8.634656947820809e-19,16.617812490028268,5.178804758514379e-62
SPY,HAR,PM_FC9,PM_FC,9.0,,,capacity,36739,1.6173755237097391,7.525820732094832e-06,53.53439124635946,6.88349901222706,5.840000314478243e-12,13.249788887497042,4.5247427826104045e-40
SPY,HAR,CP_FC9,CP_FC,9.0,,,capacity,36739,3.1111923287969447,1.7594690515001997e-05,56.86327880454013,13.225534349595907,6.249153385511556e-40,20.194326464581817,1.0981394920940534e-90
SPY,HAR,EQWIN_FC9,EQWIN,9.0,,,capacity,36739,2.18896489465307,1.04951660573835e-05,55.769073736356454,8.577467416906613,9.698484093831566e-18,16.160706696920055,9.546102062737924e-59
SPY,HAR,PREFIX_FC9,PREFIX,9.0,,,capacity,36739,2.1994464888474714,1.0577799708171787e-05,55.899725087781384,8.65970022832229,4.73006505832479e-18,16.356408720309375,3.9154793272851333e-60
SPY,HAR,SHIFTWIN_FC6_O1,SHIFTWIN,6.0,,1.0,contiguous,36739,1.9885819455487597,9.49873296434012e-06,55.02055036881788,8.084243281995041,6.255135740738787e-16,15.151961607154252,7.353849424774957e-52
SPY,HAR,SHIFTWIN_FC6_O3,SHIFTWIN,6.0,,3.0,contiguous,36739,2.1728113676435883,1.057180456325305e-05,55.94327553825635,8.787218007017447,1.5330909513946929e-18,16.183861766664474,6.555087796198156e-59
SPY,HAR,SHIFTWIN_FC6_O5,SHIFTWIN,6.0,,5.0,contiguous,36739,2.0291974095256933,9.758357718466546e-06,55.15664552655216,8.272409606932065,1.3127838734680563e-16,15.456251791037937,6.846841058170898e-54
SPY,HAR,SHIFTWIN_FC9_O1,SHIFTWIN,9.0,,1.0,contiguous,36739,2.0315343676429847,9.732692732504129e-06,55.16208933286154,8.254885244630396,1.5204826089746146e-16,15.376181041487396,2.3649134413783483e-53
SPY,HAR,SHIFTWIN_FC9_O3,SHIFTWIN,9.0,,3.0,contiguous,36739,2.035096122445912,9.701372136502184e-06,55.27640926535834,8.17033580290046,3.075322418961963e-16,15.42442046219994,1.1215743160451718e-53
SPY,HAR,SHIFTWIN_FC9_O5,SHIFTWIN,9.0,,5.0,contiguous,36739,2.0364096158831617,9.711690382146673e-06,55.24919023381148,8.19254493993289,2.55759682986851e-16,15.437486817045553,9.160056249649309e-54
SPY,HAR,PM,PM,10.0,,,core,36739,1.6168276169774314,7.5280068292214515e-06,53.57249789052505,6.886920294944745,5.7013143742944236e-12,13.24655968572773,4.723654720312646e-40
SPY,HAR,CP,CP,10.0,,,core,36739,3.069279156553458,1.7740332609046384e-05,56.83061596668391,13.184751304071668,1.0740760678131623e-39,18.807016537448938,6.615781555946208e-79
SPY,HAR,EWMA,EWMA,,,,external,36739,-12.785392528020987,-0.00025313479974502044,30.811943711042762,-23.804558634900005,2.995781857150195e-125,-34.7341268433769,2.406899885236143e-264
SPY,HAR,HARQ,HARQ,4.0,,,external,35719,1.1859118931954655,-3.936623336587618e-05,56.04300232369327,-1.2278533593697731,0.2195020207151427,12.307827947379854,8.220583338675637e-35
SPY,HAR,HAR_TCJ,HAR_TCJ,,,,external,34741,1.9507293665237477,9.368123661483662e-06,56.02314268443626,8.432653704201261,3.37913528494871e-17,16.284584326610016,1.2698907416053311e-59
SPY,HAR,GARCH11,GARCH11,,,,external,36739,-22.488575321276493,-0.0002838392551711076,21.399602602139417,-51.63500770474835,0.0,-66.39287555077912,0.0
SPY,HAR,COMP_COPRIME_FC6,COMP_COPRIME,6.0,,,modulo,36739,1.597852098655833,7.492071018805847e-06,53.25675712458151,6.877197270748467,6.1041556135093716e-12,13.09524138106944,3.5055807944826167e-39
SPY,HAR,COMP_NONCOPRIME_FC6,COMP_NONCOPRIME,6.0,,,modulo,36739,1.6044124420762482,7.531584948419728e-06,53.281254252973675,6.880239217779372,5.975213565882538e-12,13.147393820168912,1.7614154876043476e-39
SPY,HAR,COMP_COPRIME_FC9,COMP_COPRIME,9.0,,,modulo,36739,1.6035526966416962,7.425063757957338e-06,53.26220093089088,6.788501307105972,1.1330435379661838e-11,13.121941232802289,2.4653776251517942e-39
SPY,HAR,COMP_NONCOPRIME_FC9,COMP_NONCOPRIME,9.0,,,modulo,36739,1.5976750910271278,7.466563659003807e-06,53.38740847600643,6.761456790251272,1.3661106205050847e-11,13.066746018741794,5.100086489724285e-39
SPY,HAR,RAND_FC3_S0,RAND,3.0,0.0,,random,36739,1.459774733094513,6.9090337227858e-06,53.24859141511745,6.767820538237429,1.30736776261013e-11,12.846890749334992,8.953723766119545e-38
SPY,HAR,CRS_FC3_S0,CRS,3.0,0.0,,random,36739,2.0817336938224065,1.0277760765566334e-05,56.37605813985138,8.938689231281058,3.9381364010994647e-19,16.566504163609665,1.2169835887647511e-61
SPY,HAR,RAND_FC3_S1,RAND,3.0,1.0,,random,36739,1.5920270536118486,7.553490347422309e-06,54.070606167832544,7.174456116474296,7.259520290127158e-13,13.81269553028175,2.1368359828585703e-43
SPY,HAR,CRS_FC3_S1,CRS,3.0,1.0,,random,36739,1.21644368009951,5.530375955705642e-06,54.062440458368485,5.96315637137071,2.474114430855125e-09,12.283181104232147,1.1152519130594296e-34
SPY,HAR,RAND_FC3_S2,RAND,3.0,2.0,,random,36739,1.5374445837089283,7.387318015447932e-06,53.939954816407635,7.46259627593303,8.48339840130984e-14,13.951983296806374,3.059768491693586e-44
SPY,HAR,CRS_FC3_S2,CRS,3.0,2.0,,random,36739,1.8702939669384748,8.992780192485788e-06,55.891559378317325,8.181291916000832,2.808166922283277e-16,15.476653942476622,4.987476922547023e-54
SPY,HAR,RAND_FC6_S0,RAND,6.0,0.0,,random,36739,1.4835781576836595,6.965357718309649e-06,53.74125588611557,6.73745339328047,1.6118661795506475e-11,12.969136435375265,1.8308134048854828e-38
SPY,HAR,CRS_FC6_S0,CRS,6.0,0.0,,random,36739,2.168930856576907,1.0635914625798564e-05,55.77179563951115,8.872655055001708,7.142229892832987e-19,16.297274297539282,1.0319252687158247e-59
SPY,HAR,RAND_FC6_S1,RAND,6.0,1.0,,random,36739,1.6131369027033973,7.55065260149834e-06,53.8882386564686,6.881229986073198,5.933796097009727e-12,13.448723208946866,3.1323415946967957e-41
SPY,HAR,CRS_FC6_S1,CRS,6.0,1.0,,random,36739,1.8108322078721488,8.608368908928809e-06,55.20291788018182,7.7292155934654865,1.0821127681414775e-14,14.839990250223497,8.076769896866058e-50
SPY,HAR,RAND_FC6_S2,RAND,6.0,2.0,,random,36739,1.7459525629604435,8.271327371549658e-06,55.00421894988976,7.624899940238406,2.442237466448494e-14,14.668037028031975,1.032901802615573e-48
SPY,HAR,CRS_FC6_S2,CRS,6.0,2.0,,random,36739,1.8942049177988605,8.924637350520284e-06,55.48871771142383,7.874519581910116,3.420546332450659e-15,15.260181391301773,1.4085622333985916e-52
SPY,HAR,RAND_FC9_S0,RAND,9.0,0.0,,random,36739,1.5520368494811596,7.1843180776373705e-06,53.99167097634666,6.713161498115578,1.9045212075227702e-11,13.187127287817766,1.0407619275760482e-39
SPY,HAR,CRS_FC9_S0,CRS,9.0,0.0,,random,36739,2.183988761962321,1.061387519607892e-05,55.69830425433463,8.818889941822045,1.1559999323020383e-18,16.340492811796846,5.084031718454959e-60
SPY,HAR,RAND_FC9_S1,RAND,9.0,1.0,,random,36739,1.6848785220798017,7.786542321485857e-06,53.63237975992814,6.909330136746081,4.869475463483818e-12,13.608988869487266,3.541089994108157e-42
SPY,HAR,CRS_FC9_S1,CRS,9.0,1.0,,random,36739,1.848792057047413,8.71599943339459e-06,55.083154141375644,7.658494802513572,1.8812485268179154e-14,14.5886693809582,3.316022930279155e-48
SPY,HAR,RAND_FC9_S2,RAND,9.0,2.0,,random,36739,1.7864747287016782,8.404293952637965e-06,54.93344946786793,7.609611512356332,2.749210227924788e-14,14.841892527859045,7.850940999180947e-50
SPY,HAR,CRS_FC9_S2,CRS,9.0,2.0,,random,36739,1.9858426555232558,9.413932199364799e-06,55.1893083644084,8.019801929318206,1.0591581603984301e-15,15.114719905110814,1.2952063820911069e-51
SPY,PM,PM_FC3,PM_FC,3.0,,,capacity,36739,-0.00748942103708542,1.0359995783624399e-07,48.068809711750454,1.1867173130119302,0.23533914365259345,-0.6179726064290986,0.5365933961585734
SPY,PM,CP_FC3,CP_FC,3.0,,,capacity,36739,0.0046911111973030545,6.906309948998152e-07,46.639810555540436,1.501733087626232,0.13316605509899448,0.0999644899607872,0.9203725170970435
SPY,PM,EQWIN_FC3,EQWIN,3.0,,,capacity,36739,0.4990922960327486,2.8314252181387333e-06,48.74111979095784,5.7235395155618605,1.043272874581808e-08,9.279786369719718,1.6981870724871208e-20
SPY,PM,PREFIX_FC3,PREFIX,3.0,,,capacity,36739,0.5326495150694734,2.995900770233248e-06,49.103132910531045,6.183045417411544,6.287661461143053e-10,10.387089903843615,2.8388270159425734e-25
SPY,PM,PM_FC6,PM_FC,6.0,,,capacity,36739,-0.00458015518278782,4.024201893199251e-08,47.96809929502708,0.6723607584679065,0.5013540583365352,-0.5211302487313183,0.602276040272122
SPY,PM,CP_FC6,CP_FC,6.0,,,capacity,36739,1.3751483193929372,9.021378431028475e-06,50.545741582514495,7.531319518364137,5.0230105069885476e-14,11.827900164013682,2.800603027918554e-32
SPY,PM,EQWIN_FC6,EQWIN,6.0,,,capacity,36739,0.5769437693066417,3.0462133524682727e-06,48.942540624404586,5.667552515828493,1.4485166635788253e-08,9.945952040168292,2.6265041945826795e-23
SPY,PM,PREFIX_FC6,PREFIX,6.0,,,capacity,36739,0.6048164992708166,3.215635745924777e-06,49.127630038923215,5.96419653328962,2.4584069981538183e-09,10.382138764197125,2.990004637259614e-25
SPY,PM,PM_FC9,PM_FC,9.0,,,capacity,36739,0.0005479067323078867,-2.1860971266193116e-09,50.45047497210049,-0.2674514885011046,0.7891215606206654,0.4390451420946756,0.6606288272251702
SPY,PM,CP_FC9,CP_FC,9.0,,,capacity,36739,1.4943647118195138,1.0066683685780546e-05,49.94420098532894,7.96038840998942,1.7150006389024737e-15,11.471981627013585,1.8243309499867813e-30
SPY,PM,EQWIN_FC9,EQWIN,9.0,,,capacity,36739,0.5721372776756388,2.9671592281620485e-06,49.46786793325894,5.474180688837264,4.39540410191278e-08,9.680228847346411,3.6589603990850123e-22
SPY,PM,PREFIX_FC9,PREFIX,9.0,,,capacity,36739,0.5826188718700395,3.0497928789503343e-06,49.00242249380767,5.575836460216734,2.46343274606752e-08,9.972345595121471,2.014149783555469e-23
SPY,PM,SHIFTWIN_FC6_O1,SHIFTWIN,6.0,,1.0,contiguous,36739,0.3717543285713286,1.970726135118669e-06,49.31544135659654,4.545664219597744,5.476228029510841e-06,7.644115769046936,2.1038605530157436e-14
SPY,PM,SHIFTWIN_FC6_O3,SHIFTWIN,6.0,,3.0,contiguous,36739,0.5559837506661571,3.0437977340315977e-06,49.25828139034813,5.789554923679489,7.057317766280828e-09,9.70081579197806,2.990974889655278e-22
SPY,PM,SHIFTWIN_FC6_O5,SHIFTWIN,6.0,,5.0,contiguous,36739,0.4123697925482622,2.2303508892450974e-06,49.007866300117044,4.986118999338069,6.160420981016928e-07,8.150036900644354,3.638132412337599e-16
SPY,PM,SHIFTWIN_FC9_O1,SHIFTWIN,9.0,,1.0,contiguous,36739,0.4147067506655534,2.2046859032826774e-06,48.68123792155475,4.979336276088594,6.380270058019112e-07,8.172583781306521,3.018539375906661e-16
SPY,PM,SHIFTWIN_FC9_O3,SHIFTWIN,9.0,,3.0,contiguous,36739,0.4182685054684804,2.1733653072807316e-06,48.83094259506247,4.774383050421461,1.8025899719033251e-06,8.247672783433256,1.6150888173366875e-16
SPY,PM,SHIFTWIN_FC9_O5,SHIFTWIN,9.0,,5.0,contiguous,36739,0.4195819989057305,2.1836835529252204e-06,48.792835950896865,4.821097489419582,1.4277055815361286e-06,8.229744303786958,1.8761348826746726e-16
SPY,PM,HAR,HAR,0.0,,,core,36739,-1.6168276169774314,-7.5280068292214515e-06,43.133999292305184,-6.886920294944745,5.7013143742944236e-12,-13.24655968572773,4.723654720312646e-40
SPY,PM,CP,CP,10.0,,,core,36739,1.4524515395760262,1.0212325779824932e-05,49.80810582759466,8.01703815936732,1.0832547628905263e-15,10.407988062965456,2.279889956968709e-25
SPY,PM,EWMA,EWMA,,,,external,36739,-14.40222014499842,-0.00026066280657424196,27.093824001742018,-25.23663211594573,1.5879768342112208e-140,-41.41631430472746,0.0
SPY,PM,HARQ,HARQ,4.0,,,external,35719,-0.4497180436397348,-4.702391130996302e-05,46.753828494638704,-1.4698380376032543,0.14160562447304914,-3.359571629175553,0.0007806341169763689
SPY,PM,HAR_TCJ,HAR_TCJ,,,,external,34741,0.2715375742471222,1.3293940606240507e-06,48.98534872341038,3.8093204400957053,0.0001393492632362642,8.03370336625116,9.457368954221457e-16
SPY,PM,GARCH11,GARCH11,,,,external,36739,-24.105402938253924,-0.0002913672620003291,21.130134189825526,-55.32522216818524,0.0,-65.3331994489749,0.0
SPY,PM,COMP_COPRIME_FC6,COMP_COPRIME,6.0,,,modulo,36739,-0.018975518321598096,-3.5935810415605474e-08,48.21579248210349,-0.33714181650551245,0.7360099957802542,-1.3950521942726657,0.1630001007076558
SPY,PM,COMP_NONCOPRIME_FC6,COMP_NONCOPRIME,6.0,,,modulo,36739,-0.01241517490118282,3.578119198276814e-09,47.954489779253656,0.03595225656777567,0.9713204280589027,-0.9631542274178866,0.3354701316769678
SPY,PM,COMP_COPRIME_FC9,COMP_COPRIME,9.0,,,modulo,36739,-0.013274920335735045,-1.0294307126411553e-07,48.06336590544109,-0.9106836739281211,0.3624620686672111,-0.9546817753014818,0.339738648901901
SPY,PM,COMP_NONCOPRIME_FC9,COMP_NONCOPRIME,9.0,,,modulo,36739,-0.019152525950303253,-6.14431702176443e-08,48.20490486948474,-0.5319231499163668,0.5947792229224704,-1.4398160896637497,0.14991943785833686
SPY,PM,RAND_FC3_S0,RAND,3.0,0.0,,random,36739,-0.15705288388291835,-6.189731064356525e-07,42.88902800838346,-4.0979391648460695,4.16844793736072e-05,-7.971383679072265,1.5690753912139986e-15
SPY,PM,CRS_FC3_S0,CRS,3.0,0.0,,random,36739,0.4649060768449753,2.74975393634488e-06,48.686681727864126,5.137715877039149,2.780979157876787e-07,8.573208285130972,1.0064124680788979e-17
SPY,PM,RAND_FC3_S1,RAND,3.0,1.0,,random,36739,-0.02480056336558275,2.5483518200856192e-08,44.19826342578731,0.13822382264405375,0.8900635280612428,-1.1083275628061162,0.26772037598766885
SPY,PM,CRS_FC3_S1,CRS,3.0,1.0,,random,36739,-0.40038393687792123,-1.9976308735158103e-06,42.66038814338986,-6.188722745901757,6.065365539652626e-10,-9.86313399145799,6.01422784197829e-23
SPY,PM,RAND_FC3_S2,RAND,3.0,2.0,,random,36739,-0.07938303326850275,-1.406888137735197e-07,44.75080976618852,-0.6112518492589764,0.5410328626217308,-3.046340960879861,0.0023164498889031524
SPY,PM,CRS_FC3_S2,CRS,3.0,2.0,,random,36739,0.25346634996104334,1.4647733632643333e-06,46.903835161544954,3.5617627732127324,0.00036837316394224776,5.683961462367072,1.3160994617595243e-08
SPY,PM,RAND_FC6_S0,RAND,6.0,0.0,,random,36739,-0.13324945929377183,-5.626491109118032e-07,43.27281635319415,-3.7568445059922286,0.00017206933730329652,-6.742212264624393,1.559929574723634e-11
SPY,PM,CRS_FC6_S0,CRS,6.0,0.0,,random,36739,0.5521032395994758,3.107907796577113e-06,49.33993848498871,6.003725085703045,1.92841113985407e-09,10.0224290731457,1.2147996158083276e-23
SPY,PM,RAND_FC6_S1,RAND,6.0,1.0,,random,36739,-0.0036907142740341577,2.2645772276887437e-08,45.04477530689458,0.12756099457180475,0.89849640070796,-0.16783931730714877,0.8667096904840585
SPY,PM,CRS_FC6_S1,CRS,6.0,1.0,,random,36739,0.1940045908947177,1.0803620797073568e-06,46.28051933912191,2.5278436197026632,0.011476545737505317,4.003161784848404,6.250152935405727e-05
SPY,PM,RAND_FC6_S2,RAND,6.0,2.0,,random,36739,0.12912494598301208,7.433205423282059e-07,47.32845205367593,2.837056552253391,0.004553154651501869,4.689047003633048,2.744803411891484e-06
SPY,PM,CRS_FC6_S2,CRS,6.0,2.0,,random,36739,0.27737730082142925,1.3966305212988323e-06,46.705136231252894,3.158226187066907,0.0015873234646063147,5.59840064284565,2.1633833076670875e-08
SPY,PM,RAND_FC9_S0,RAND,9.0,0.0,,random,36739,-0.06479076749627141,-3.4368875158408263e-07,45.57826832521299,-2.347934931625251,0.01887781882824469,-3.283422310315794,0.0010255490743066443
SPY,PM,CRS_FC9_S0,CRS,9.0,0.0,,random,36739,0.5671611449848896,3.085868366857469e-06,49.4161517733199,5.937889261588353,2.8871493933442803e-09,10.125198021334452,4.271133053968166e-24
SPY,PM,RAND_FC9_S1,RAND,9.0,1.0,,random,36739,0.06805090510237027,2.5853549226440297e-07,47.325730150521245,1.3292095381596256,0.18377884914122333,2.8248482784287603,0.004730300890449031
SPY,PM,CRS_FC9_S1,CRS,9.0,1.0,,random,36739,0.23196444006998196,1.1879926041731377e-06,46.1689213097798,2.5962347579069283,0.00942516444945003,4.243782660057061,2.197832258887605e-05
SPY,PM,RAND_FC9_S2,RAND,9.0,2.0,,random,36739,0.16964711172424737,8.762871234165135e-07,47.524429080813306,3.1499169080754035,0.001633169047051689,5.660392628183635,1.5102705813352745e-08
SPY,PM,CRS_FC9_S2,CRS,9.0,2.0,,random,36739,0.36901503854582457,1.8859253701433448e-06,49.24194997142002,4.599476985743266,4.2355297954263076e-06,7.496854345880007,6.536754584181265e-14
SPY,CP,PM_FC3,PM_FC,3.0,,,capacity,36739,-1.4599409606131117,-1.0108725821988687e-05,46.59898200822015,-7.9471448846638815,1.9085914762679348e-15,-10.375573247486514,3.202842966572742e-25
SPY,CP,CP_FC3,CP_FC,3.0,,,capacity,36739,-1.447760428378723,-9.521694784925118e-06,44.07577778382645,-9.348978218498214,8.849851044688727e-21,-11.467246168336288,1.926941476688558e-30
SPY,CP,EQWIN_FC3,EQWIN,3.0,,,capacity,36739,-0.9533592435432777,-7.380900561686199e-06,47.34478347260405,-5.547044764887291,2.9053837613872277e-08,-6.862243038148942,6.77876040087301e-12
SPY,CP,PREFIX_FC3,PREFIX,3.0,,,capacity,36739,-0.9198020245065527,-7.216425009591685e-06,47.52170717765862,-5.508901166722495,3.610805546366211e-08,-6.751508632565283,1.4631567903060713e-11
SPY,CP,PM_FC6,PM_FC,6.0,,,capacity,36739,-1.4570316947588142,-1.017208376089294e-05,46.74596477857318,-7.988596476797482,1.3648363581488176e-15,-10.395554658536893,2.597711292390088e-25
SPY,CP,CP_FC6,CP_FC,6.0,,,capacity,36739,-0.07730322018308926,-1.190947348796457e-06,46.147146084542314,-3.0399745814388366,0.002365981159447587,-0.9093849404072688,0.3631469682746462
SPY,CP,EQWIN_FC6,EQWIN,6.0,,,capacity,36739,-0.8755077702693846,-7.166112427356657e-06,47.29851111897438,-5.3234194349238155,1.0183456618693731e-07,-6.246878398733365,4.1873679993830583e-10
SPY,CP,PREFIX_FC6,PREFIX,6.0,,,capacity,36739,-0.8476350403052098,-6.996690033900155e-06,47.40466534200713,-5.263459655910084,1.413695408557325e-07,-6.0817254323482075,1.1889604702432203e-09
SPY,CP,PM_FC9,PM_FC,9.0,,,capacity,36739,-1.4519036328437185,-1.0214511876951552e-05,46.77046190696535,-8.018697929310845,1.0687196496791472e-15,-10.40869491588395,2.263027001099403e-25
SPY,CP,CP_FC9,CP_FC,9.0,,,capacity,36739,0.04191317224348783,-1.4564209404438527e-07,47.52170717765862,-0.6543916058042537,0.5128595410736243,1.0331042139913247,0.3015551315186652
SPY,CP,EQWIN_FC9,EQWIN,9.0,,,capacity,36739,-0.8803142619003873,-7.245166551662884e-06,47.49448814611176,-5.371420063613239,7.811899620828355e-08,-6.284742830282692,3.2839685326790926e-10
SPY,CP,PREFIX_FC9,PREFIX,9.0,,,capacity,36739,-0.8698326677059869,-7.162532900874597e-06,47.22774163695256,-5.3234266256364275,1.0183053889930973e-07,-6.251628703849253,4.06194158684981e-10
SPY,CP,SHIFTWIN_FC6_O1,SHIFTWIN,6.0,,1.0,contiguous,36739,-1.0806972110046977,-8.241599644706263e-06,47.06170554451673,-6.284762404402271,3.283554804117116e-10,-7.8373209208428465,4.602606646240627e-15
SPY,CP,SHIFTWIN_FC6_O3,SHIFTWIN,6.0,,3.0,contiguous,36739,-0.8964677889098691,-7.168528045793335e-06,47.34750537575873,-5.371002220139709,7.830024520162969e-08,-6.396529026772452,1.589486283879337e-10
SPY,CP,SHIFTWIN_FC6_O5,SHIFTWIN,6.0,,5.0,contiguous,36739,-1.0400817470277641,-7.981974890579834e-06,47.1624159612401,-6.06981644316282,1.280565297729753e-09,-7.4657981794396315,8.279616833625079e-14
SPY,CP,SHIFTWIN_FC9_O1,SHIFTWIN,9.0,,1.0,contiguous,36739,-1.037744788910473,-8.007639876542255e-06,46.97460464356678,-6.059515543593211,1.3653213444976721e-09,-7.451502034438227,9.228346925353621e-14
SPY,CP,SHIFTWIN_FC9_O3,SHIFTWIN,9.0,,3.0,contiguous,36739,-1.034183034107546,-8.0389604725442e-06,47.072593157135465,-6.07244368776022,1.2597828187132183e-09,-7.4363719099520535,1.0348821750126573e-13
SPY,CP,SHIFTWIN_FC9_O5,SHIFTWIN,9.0,,5.0,contiguous,36739,-1.0328695406702957,-8.028642226899711e-06,47.09981218868233,-6.069469914661204,1.2833312923712815e-09,-7.4431807725836086,9.82894382610091e-14
SPY,CP,HAR,HAR,0.0,,,core,36739,-3.069279156553458,-1.7740332609046384e-05,39.873159312991646,-13.184751304071668,1.0740760678131623e-39,-18.807016537448938,6.615781555946208e-79
SPY,CP,PM,PM,10.0,,,core,36739,-1.4524515395760262,-1.0212325779824932e-05,46.729633359645064,-8.01703815936732,1.0832547628905263e-15,-10.407988062965456,2.279889956968709e-25
SPY,CP,EWMA,EWMA,,,,external,36739,-15.854671684574445,-0.0002708751323540669,26.772639429489097,-24.772940099016235,1.7551262911139868e-135,-40.211543065085074,0.0
SPY,CP,HARQ,HARQ,4.0,,,external,35719,-1.9604970083409992,-5.762268309347202e-05,42.439597973067556,-1.7998798161288245,0.07187961734992707,-11.779936937661029,4.953011510958674e-32
SPY,CP,HAR_TCJ,HAR_TCJ,,,,external,34741,-1.1205937742828174,-7.790666295932099e-06,47.318730030799344,-6.197943953589191,5.720550225492156e-10,-8.307569262233457,9.768236754562649e-17
SPY,CP,GARCH11,GARCH11,,,,external,36739,-25.55785447782995,-0.00030157958778015404,21.35060834535507,-51.61062909505776,0.0,-64.1597290107355,0.0
SPY,CP,COMP_COPRIME_FC6,COMP_COPRIME,6.0,,,modulo,36739,-1.471427057897624,-1.0248261590240538e-05,46.642532458695115,-8.074528696898664,6.773776913132267e-16,-10.529168214527177,6.339214551121214e-26
SPY,CP,COMP_NONCOPRIME_FC6,COMP_NONCOPRIME,6.0,,,modulo,36739,-1.464866714477209,-1.0208747660626657e-05,46.696970521788835,-7.961967232442689,1.6932532291824617e-15,-10.397973577630363,2.532617395022297e-25
SPY,CP,COMP_COPRIME_FC9,COMP_COPRIME,9.0,,,modulo,36739,-1.4657264599117614,-1.0315268851089048e-05,46.650698168159174,-8.090870940410655,5.923959870658368e-16,-10.468223025741864,1.20890979290695e-25
SPY,CP,COMP_NONCOPRIME_FC9,COMP_NONCOPRIME,9.0,,,modulo,36739,-1.4716040655263294,-1.0273768950042576e-05,46.71602384387163,-7.926116125864529,2.2610616570307747e-15,-10.383754561558947,2.939811141784708e-25
SPY,CP,RAND_FC3_S0,RAND,3.0,0.0,,random,36739,-1.6095044234589446,-1.0831298886260585e-05,45.41767603908653,-8.573664231724253,1.0024341003321437e-17,-11.48067602393296,1.6498544231142014e-30
SPY,CP,CRS_FC3_S0,CRS,3.0,0.0,,random,36739,-0.9875454627310509,-7.4625718434800525e-06,46.569041073518605,-5.647844113291577,1.624723965980971e-08,-7.211624247789147,5.52883665413512e-13
SPY,CP,RAND_FC3_S1,RAND,3.0,1.0,,random,36739,-1.4772521029416092,-1.0186842261624075e-05,45.73613870818477,-7.96820647536288,1.6099372068717222e-15,-10.608041613417809,2.7341977749512966e-26
SPY,CP,CRS_FC3_S1,CRS,3.0,1.0,,random,36739,-1.8528354764539474,-1.220995665334074e-05,43.86891314407033,-9.178866885135685,4.35651331360308e-20,-12.86316276343973,7.25464097540227e-38
SPY,CP,RAND_FC3_S2,RAND,3.0,2.0,,random,36739,-1.531834572844529,-1.0353014593598452e-05,45.692588257709794,-8.5351058356689,1.4002718941318275e-17,-11.328259646454613,9.507505143339444e-30
SPY,CP,CRS_FC3_S2,CRS,3.0,2.0,,random,36739,-1.1989851896149828,-8.747552416560598e-06,45.72252919241133,-6.642473512497289,3.084621108159691e-11,-8.624087916050806,6.46054748306247e-18
SPY,CP,RAND_FC6_S0,RAND,6.0,0.0,,random,36739,-1.585700998869798,-1.0774974890736735e-05,45.58371213152236,-8.495172570617488,1.9763904600775777e-17,-11.301669492303434,1.2874682675721068e-29
SPY,CP,CRS_FC6_S0,CRS,6.0,0.0,,random,36739,-0.9003482999765505,-7.104417983247819e-06,47.4672691145649,-5.37665357167034,7.588297738369113e-08,-6.4758710449746735,9.426653179440356e-11
SPY,CP,RAND_FC6_S1,RAND,6.0,1.0,,random,36739,-1.4561422538500604,-1.0189680007548045e-05,46.13625847192357,-7.744758817875515,9.576344325265814e-15,-10.254835857643933,1.125670897340023e-24
SPY,CP,CRS_FC6_S1,CRS,6.0,1.0,,random,36739,-1.2584469486813086,-9.131963700117575e-06,45.499333133727106,-6.74578048396566,1.522065930095087e-11,-8.978413879082927,2.7469802616338797e-19
SPY,CP,RAND_FC6_S2,RAND,6.0,2.0,,random,36739,-1.3233265935930143,-9.469005237496726e-06,46.23152508233757,-7.431284843210716,1.0754782985782384e-13,-9.612400463146761,7.087700519201587e-22
SPY,CP,CRS_FC6_S2,CRS,6.0,2.0,,random,36739,-1.175074238754597,-8.8156952585261e-06,45.962056670023685,-6.501489238318209,7.952872678682204e-11,-8.346762614592837,7.015953435635928e-17
SPY,CP,RAND_FC9_S0,RAND,9.0,0.0,,random,36739,-1.5172423070722976,-1.0556014531409015e-05,45.86951196276436,-8.18288674457451,2.771235953078583e-16,-10.824379074954114,2.63861492124414e-27
SPY,CP,CRS_FC9_S0,CRS,9.0,0.0,,random,36739,-0.8852903945911366,-7.126457412967464e-06,47.46454721141022,-5.370857712858877,7.836302320640496e-08,-6.371023812370752,1.877704828358711e-10
SPY,CP,RAND_FC9_S1,RAND,9.0,1.0,,random,36739,-1.3844006344736561,-9.953790287560527e-06,46.84667519529655,-7.525401933143854,5.255838985506953e-14,-9.770654065964546,1.5047743950302168e-22
SPY,CP,CRS_FC9_S1,CRS,9.0,1.0,,random,36739,-1.2204870995060444,-9.024333175651792e-06,45.82051770598002,-6.595247323979438,4.24547517874232e-11,-8.628955646067944,6.1914694302514795e-18
SPY,CP,RAND_FC9_S2,RAND,9.0,2.0,,random,36739,-1.2828044278517787,-9.33603865640842e-06,46.23152508233757,-7.234132445752015,4.685143776493109e-13,-9.253467348757,2.1732579439837658e-20
SPY,CP,CRS_FC9_S2,CRS,9.0,2.0,,random,36739,-1.0834365010302014,-8.326400409681588e-06,47.24679495903536,-6.328241298163747,2.479711621990505e-10,-7.813849512377325,5.546731503546092e-15
TLT,HAR,PM_FC3,PM_FC,3.0,,,capacity,36739,0.5360620605298984,4.834914662663649e-06,46.09815182775797,8.362053323905153,6.163597258897348e-17,8.601641127769021,7.858419113976455e-18
TLT,HAR,CP_FC3,CP_FC,3.0,,,capacity,36739,0.4849243507448152,4.094219979804594e-06,46.74596477857318,7.968030527543818,1.6122304363709739e-15,9.03520639745265,1.6369322701472023e-19
TLT,HAR,EQWIN_FC3,EQWIN,3.0,,,capacity,36739,1.0329732444653095,8.68483443727576e-06,48.61046843953292,10.080805449801861,6.717319669861476e-24,11.783223116568395,4.7636031877725166e-32
TLT,HAR,PREFIX_FC3,PREFIX,3.0,,,capacity,36739,0.9320173048485844,7.727224048057067e-06,48.46348566917989,11.399006147627443,4.229193913963095e-30,12.822249608296323,1.2307701868904408e-37
TLT,HAR,PM_FC6,PM_FC,6.0,,,capacity,36739,0.5583876145065161,4.9287938321236725e-06,46.19886224448134,7.8150356130344525,5.4947491945879525e-15,8.326676403610925,8.314361149450554e-17
TLT,HAR,CP_FC6,CP_FC,6.0,,,capacity,36739,0.9310432227351786,8.195355175922864e-06,47.82383842782873,11.664887642011191,1.9265726560353396e-31,12.287735615352252,1.0541767042341593e-34
TLT,HAR,EQWIN_FC6,EQWIN,6.0,,,capacity,36739,1.1038430733158153,9.251837784138436e-06,48.63496556792509,10.532485169229956,6.119712156619928e-26,12.349550704305978,4.898422395225382e-35
TLT,HAR,PREFIX_FC6,PREFIX,6.0,,,capacity,36739,0.9522832312491385,8.050061133846321e-06,49.29094422820436,11.198820565439942,4.131978129183588e-29,12.510502282047852,6.540931365388508e-36
TLT,HAR,PM_FC9,PM_FC,9.0,,,capacity,36739,0.5479444368005904,4.793387795404927e-06,46.34312311167969,7.565149742500025,3.874180552093787e-14,8.142965571857804,3.8571196675300463e-16
TLT,HAR,CP_FC9,CP_FC,9.0,,,capacity,36739,1.1461413587324687,1.0079547652923981e-05,47.429162470399305,11.81952218230429,3.0943949036341693e-32,12.102200358056537,1.0281775076938599e-33
TLT,HAR,EQWIN_FC9,EQWIN,9.0,,,capacity,36739,1.089809590132653,9.126047559819602e-06,48.49342660388143,10.388339419726819,2.801887156776156e-25,12.184243558792204,3.771363012577197e-34
TLT,HAR,PREFIX_FC9,PREFIX,9.0,,,capacity,36739,0.9837393769289221,8.198747998692808e-06,49.12218623261385,11.259709826032413,2.0744063124671316e-29,12.742792801579906,3.419316474035758e-37
TLT,HAR,SHIFTWIN_FC6_O1,SHIFTWIN,6.0,,1.0,contiguous,36739,0.9592843108458303,7.94152358461233e-06,48.71934456572035,9.62487843045096,6.278111762500817e-22,11.481582541727592,1.632645010262768e-30
TLT,HAR,SHIFTWIN_FC6_O3,SHIFTWIN,6.0,,3.0,contiguous,36739,1.097618102884007,9.193304607835939e-06,48.79555785405155,10.484557905435086,1.017202657964523e-25,12.302509209671506,8.780346250739021e-35
TLT,HAR,SHIFTWIN_FC6_O5,SHIFTWIN,6.0,,5.0,contiguous,36739,0.9346297624404605,7.776338967885912e-06,47.92999265086148,9.731600575642918,2.2108641169531564e-22,11.310466654950378,1.1646842478627623e-29
TLT,HAR,SHIFTWIN_FC9_O1,SHIFTWIN,9.0,,1.0,contiguous,36739,1.004062313024543,8.273985993950742e-06,48.63224366477041,9.834328502043086,8.010016911673965e-23,11.737129683981525,8.223007140940815e-32
TLT,HAR,SHIFTWIN_FC9_O3,SHIFTWIN,9.0,,3.0,contiguous,36739,1.0111013840009035,8.301277369486658e-06,48.45259805656114,9.844387674522299,7.247922217283943e-23,11.769741562647178,5.589548297268134e-32
TLT,HAR,SHIFTWIN_FC9_O5,SHIFTWIN,9.0,,5.0,contiguous,36739,0.9968495477943807,8.248727051682657e-06,48.664906502626636,9.787849518543378,1.2696749812458164e-22,11.634270466799629,2.759392658340192e-31
TLT,HAR,PM,PM,10.0,,,core,36739,0.547215860480568,4.783323777992272e-06,46.275075532812544,7.543052237317417,4.590971454671084e-14,8.127603243658013,4.3786164514581135e-16
TLT,HAR,CP,CP,10.0,,,core,36739,1.1499229213040516,1.0312950486383089e-05,47.3720025041509,11.746768187497212,7.337159619870067e-32,11.626978919464188,3.005469625578355e-31
TLT,HAR,EWMA,EWMA,,,,external,36739,-11.018602728878495,-0.00022234345185332386,30.006260377255778,-31.66878363570238,4.181518875984363e-220,-35.07597850804673,1.566959068707123e-269
TLT,HAR,HARQ,HARQ,4.0,,,external,35719,0.2787655255522959,-1.2960633115819353e-05,47.81488843472662,-1.0302506695666849,0.30289234957237265,4.807000406123209,1.5321167967646584e-06
TLT,HAR,HAR_TCJ,HAR_TCJ,,,,external,30773,-0.037464456784577924,-5.994417755698011e-06,46.69028044064602,-8.860649734449561,7.95494373671721e-19,-0.5092097050048238,0.6106052411674152
TLT,HAR,GARCH11,GARCH11,,,,external,36739,-18.62264586799033,-0.00030100334137899657,22.496529573477776,-84.40305524023441,0.0,-63.09869102766608,0.0
TLT,HAR,COMP_COPRIME_FC6,COMP_COPRIME,6.0,,,modulo,36739,0.5415360995251142,4.8396926082927955e-06,46.057323280437686,7.706208281972321,1.2961103059907337e-14,8.096150014373587,5.672586388640812e-16
TLT,HAR,COMP_NONCOPRIME_FC6,COMP_NONCOPRIME,6.0,,,modulo,36739,0.5327664531290222,4.7657409348745e-06,46.04915757097363,7.7617342709849835,8.377579407468893e-15,8.122486160062795,4.567295993512739e-16
TLT,HAR,COMP_COPRIME_FC9,COMP_COPRIME,9.0,,,modulo,36739,0.5477242915480055,4.8138118241479784e-06,46.12537085930482,7.590904466411435,3.1768011649138056e-14,8.129618261872578,4.3064443911757444e-16
TLT,HAR,COMP_NONCOPRIME_FC9,COMP_NONCOPRIME,9.0,,,modulo,36739,0.543426362777445,4.792796017516811e-06,46.3213478864422,7.6473918787324,2.050965674297459e-14,8.160527876973834,3.335635642656838e-16
TLT,HAR,RAND_FC3_S0,RAND,3.0,0.0,,random,36739,0.42816086833094136,3.8375088287593756e-06,46.1689213097798,8.037094691042197,9.199357891826688e-16,8.252785727757953,1.547443561186666e-16
TLT,HAR,CRS_FC3_S0,CRS,3.0,0.0,,random,36739,1.0044295949423228,8.327133951744323e-06,49.68017637932442,10.731667832452024,7.22796769070092e-27,12.715467594162034,4.851984254890598e-37
TLT,HAR,RAND_FC3_S1,RAND,3.0,1.0,,random,36739,0.5470484072343283,4.823163598159076e-06,46.514603010424885,9.143472382022674,6.047854653199698e-20,9.517364185198018,1.776271498351305e-21
TLT,HAR,CRS_FC3_S1,CRS,3.0,1.0,,random,36739,0.4375270550282,3.5799716442014804e-06,47.725849914260046,8.427944260822764,3.517905472154656e-17,9.659745441513369,4.469732317905732e-22
TLT,HAR,RAND_FC3_S2,RAND,3.0,2.0,,random,36739,0.5879346763799795,5.047544520024627e-06,47.222297830643186,8.558804413246893,1.1404400315755966e-17,9.295376301581893,1.466863948251695e-20
TLT,HAR,CRS_FC3_S2,CRS,3.0,2.0,,random,36739,0.8417790206796317,7.095304968282528e-06,48.36821905876589,9.385846978982192,6.241277345768651e-21,10.884311710819217,1.369290929625458e-27
TLT,HAR,RAND_FC6_S0,RAND,6.0,0.0,,random,36739,0.43155288176854023,3.848696020893796e-06,46.57448487982798,7.924880077251902,2.2836661476660373e-15,8.152977759629005,3.5507093120256634e-16
TLT,HAR,CRS_FC6_S0,CRS,6.0,0.0,,random,36739,1.0795938835507264,9.044384878905913e-06,48.768338822504695,10.495362542911327,9.072874771971294e-26,12.328386712224711,6.370948883002309e-35
TLT,HAR,RAND_FC6_S1,RAND,6.0,1.0,,random,36739,0.5872706600779072,5.095881338091206e-06,46.816734260595005,8.580825685647381,9.419453271787882e-18,9.162019345512281,5.0935106098362506e-20
TLT,HAR,CRS_FC6_S1,CRS,6.0,1.0,,random,36739,0.8334359558944159,7.3769812031493865e-06,48.52608944173766,9.428365928455246,4.16527172798472e-21,10.321533986489808,5.63161186065968e-25
TLT,HAR,RAND_FC6_S2,RAND,6.0,2.0,,random,36739,0.7220015868333308,6.054518016863235e-06,47.69046517324914,9.107178818769198,8.45519614434128e-20,10.259331902377397,1.07447538647617e-24
TLT,HAR,CRS_FC6_S2,CRS,6.0,2.0,,random,36739,0.9468021024413683,7.881233248456809e-06,48.58597131114075,9.696758821957127,3.112284167334218e-22,11.452036183034542,2.2968595426946655e-30
TLT,HAR,RAND_FC9_S0,RAND,9.0,0.0,,random,36739,0.5473434195183841,4.626032399941808e-06,46.98821415934021,7.5184371251807836,5.543489317156566e-14,8.412872847157775,4.0008860484275754e-17
TLT,HAR,CRS_FC9_S0,CRS,9.0,0.0,,random,36739,1.0811868591240377,8.995325447465126e-06,48.76289501619532,10.340618133859847,4.615507186972094e-25,12.214561237605892,2.5989982007938846e-34
TLT,HAR,RAND_FC9_S1,RAND,9.0,1.0,,random,36739,0.6187784355975601,5.3151736857802e-06,47.16513786439479,8.566140801866137,1.070110237023629e-17,9.289509167253899,1.5500145348251698e-20
TLT,HAR,CRS_FC9_S1,CRS,9.0,1.0,,random,36739,0.8554033813558013,7.366800579304442e-06,48.292005770434685,9.294152588596415,1.48383454864044e-20,10.492023868134927,9.399315094622629e-26
TLT,HAR,RAND_FC9_S2,RAND,9.0,2.0,,random,36739,0.7743378320361259,6.464997204692566e-06,48.18040774109257,9.40529746887407,5.188323664481445e-21,10.660890615676788,1.5510494723399072e-26
TLT,HAR,CRS_FC9_S2,CRS,9.0,2.0,,random,36739,0.9785005161894882,8.121773473975609e-06,48.441710443942405,9.861535859380602,6.110741683701901e-23,11.664093920634148,1.9446228186135372e-31
TLT,PM,PM_FC3,PM_FC,3.0,,,capacity,36739,-0.011153799950669814,5.159088467137634e-08,43.42796483301124,0.4525316974429975,0.650885991609078,-0.9003037080511725,0.3679586483175987
TLT,PM,CP_FC3,CP_FC,3.0,,,capacity,36739,-0.062291509735752836,-6.891037981876778e-07,43.849859821987536,-3.169458544567732,0.0015272324268945717,-2.5392081902125505,0.01111036867386309
TLT,PM,EQWIN_FC3,EQWIN,3.0,,,capacity,36739,0.4857573839847414,3.901510659283486e-06,47.105255994991694,7.816308375371952,5.439502177773283e-15,9.204028571730008,3.447755614594503e-20
TLT,PM,PREFIX_FC3,PREFIX,3.0,,,capacity,36739,0.3848014443680162,2.9439002700647927e-06,45.26252755926944,5.652249170612821,1.583617964303295e-08,6.594388312019716,4.2701272892594026e-11
TLT,PM,PM_FC6,PM_FC,6.0,,,capacity,36739,0.0111717540259481,1.4547005413139938e-07,44.98761534064618,3.42479682519767,0.0006152593468273678,1.941731237843875,0.05216964499172705
TLT,PM,CP_FC6,CP_FC,6.0,,,capacity,36739,0.38382736225461056,3.4120313979305936e-06,44.130215846920166,5.281964738694786,1.2780580077561242e-07,5.459143333706569,4.784374090159421e-08
TLT,PM,EQWIN_FC6,EQWIN,6.0,,,capacity,36739,0.5566272128352473,4.468514006146166e-06,47.10797789814639,8.1982975942656,2.4381516087655933e-16,9.644527536242977,5.184940138602142e-22
TLT,PM,PREFIX_FC6,PREFIX,6.0,,,capacity,36739,0.4050673707685704,3.2667373558540494e-06,46.44111162524837,5.790402722707088,7.02178567013514e-09,6.487249842462947,8.741731313276659e-11
TLT,PM,PM_FC9,PM_FC,9.0,,,capacity,36739,0.0007285763200222855,1.0064017412653976e-08,44.24997958572634,2.948903360550305,0.003189036802644671,1.8612900476725633,0.06270322785082051
TLT,PM,CP_FC9,CP_FC,9.0,,,capacity,36739,0.5989254982519007,5.296223874931711e-06,43.732817986336045,6.588623743465361,4.439221817611658e-11,6.62206898209146,3.542056783983822e-11
TLT,PM,EQWIN_FC9,EQWIN,9.0,,,capacity,36739,0.5425937296520847,4.342723781827327e-06,47.11069980130107,7.994534744200413,1.3006407780823356e-15,9.411984420344398,4.868568838107172e-21
TLT,PM,PREFIX_FC9,PREFIX,9.0,,,capacity,36739,0.436523516448354,3.415424220700537e-06,46.25330030757506,5.940598146291981,2.839839753443634e-09,6.842862561932583,7.762612053627363e-12
TLT,PM,SHIFTWIN_FC6_O1,SHIFTWIN,6.0,,1.0,contiguous,36739,0.4120684503652622,3.1581998066200574e-06,47.53259479027736,6.966833361353175,3.2415423606853468e-12,8.660295624000714,4.705423600917244e-18
TLT,PM,SHIFTWIN_FC6_O3,SHIFTWIN,6.0,,3.0,contiguous,36739,0.5504022424034388,4.409980829843665e-06,47.254960668499415,8.11540398296018,4.841714030057322e-16,9.57943349185087,9.757868069036172e-22
TLT,PM,SHIFTWIN_FC6_O5,SHIFTWIN,6.0,,5.0,contiguous,36739,0.3874139019598926,2.9930151898936387e-06,46.95010751517461,7.117443834042792,1.0994699936740474e-12,8.407010720129778,4.205926477545821e-17
TLT,PM,SHIFTWIN_FC9_O1,SHIFTWIN,9.0,,1.0,contiguous,36739,0.456846452543975,3.4906622159584696e-06,47.382890116769644,7.155848446459094,8.315697468871014e-13,8.843920343197562,9.241750844709503e-19
TLT,PM,SHIFTWIN_FC9_O3,SHIFTWIN,9.0,,3.0,contiguous,36739,0.4638855235203356,3.5179535914943847e-06,47.069871253980786,7.198073705421826,6.106913322983707e-13,8.933318484357846,4.1341736525733377e-19
TLT,PM,SHIFTWIN_FC9_O5,SHIFTWIN,9.0,,5.0,contiguous,36739,0.44963368731381265,3.465403273690384e-06,47.32845205367593,7.115632614861624,1.1140067243780766e-12,8.779913008930313,1.6360114570599459e-18
TLT,PM,HAR,HAR,0.0,,,core,36739,-0.547215860480568,-4.783323777992272e-06,43.00334794088027,-7.543052237317417,4.590971454671084e-14,-8.127603243658013,4.3786164514581135e-16
TLT,PM,CP,CP,10.0,,,core,36739,0.6027070608234835,5.529626708390818e-06,43.67021421377827,6.70103796455975,2.069442626051818e-11,6.34349139227523,2.246155277393044e-10
TLT,PM,EWMA,EWMA,,,,external,36739,-11.565818589359061,-0.0002271267756313161,28.65347450937696,-33.38430452873884,2.3165888694790727e-244,-38.9278351895538,0.0
TLT,PM,HARQ,HARQ,4.0,,,external,35719,-0.27508845732693976,-1.7766895923822905e-05,44.519723396511665,-1.4122580692721125,0.1578739878423202,-3.440815189598007,0.000579964516124333
TLT,PM,HAR_TCJ,HAR_TCJ,,,,external,30773,-0.6033982894779973,-9.315441037378039e-06,41.99460566080655,-19.93954255275907,1.8474639125178715e-88,-10.92856911466233,8.41650785196623e-28
TLT,PM,GARCH11,GARCH11,,,,external,36739,-19.169861728470902,-0.00030578666515698884,22.73605705109012,-83.27720912284062,0.0,-63.369761900799105,0.0
TLT,PM,COMP_COPRIME_FC6,COMP_COPRIME,6.0,,,modulo,36739,-0.005679760955453862,5.636883030052323e-08,44.16832249108577,0.6525070029729934,0.5140741566940588,-0.4978677167800846,0.6185772829306877
TLT,PM,COMP_NONCOPRIME_FC6,COMP_NONCOPRIME,6.0,,,modulo,36739,-0.014449407351545826,-1.758284311777396e-08,43.72465227687199,-0.20646463366505982,0.8364279878181866,-1.3496939219547024,0.17711418279090196
TLT,PM,COMP_COPRIME_FC9,COMP_COPRIME,9.0,,,modulo,36739,0.0005084310674374498,3.048804615570616e-08,44.323470970902854,0.3306524119608138,0.7409070518560124,0.04200326006514804,0.9664960992562078
TLT,PM,COMP_NONCOPRIME_FC9,COMP_NONCOPRIME,9.0,,,modulo,36739,-0.0037894977031230647,9.472239524538133e-09,44.63376793053703,0.14477225500627036,0.8848906887070183,-0.44616285126086275,0.6554796150444071
TLT,PM,RAND_FC3_S0,RAND,3.0,0.0,,random,36739,-0.11905499214962674,-9.458149492328968e-07,42.95707558725061,-4.691069798172021,2.717802277664592e-06,-5.592693895520978,2.2357325597527353e-08
TLT,PM,CRS_FC3_S0,CRS,3.0,0.0,,random,36739,0.4572137344617547,3.54381017375205e-06,46.57992868613734,6.423023543525311,1.3359382038413144e-10,7.851014921474701,4.126838525069204e-15
TLT,PM,RAND_FC3_S1,RAND,3.0,1.0,,random,36739,-0.0001674532462397432,3.983982016680368e-08,43.39258009200033,0.20940881620408613,0.8341291110000958,-0.007854719136366343,0.9937329053148023
TLT,PM,CRS_FC3_S1,CRS,3.0,1.0,,random,36739,-0.10968880545236805,-1.2033521337907918e-06,43.746427502109476,-3.4871957612099447,0.0004881139295234372,-2.772268813951717,0.005566704542008558
TLT,PM,RAND_FC3_S2,RAND,3.0,2.0,,random,36739,0.04071881589941147,2.6422074203235503e-07,43.923351207164046,1.2532267068695242,0.2101232131581674,1.5761036222351927,0.11500192441499912
TLT,PM,CRS_FC3_S2,CRS,3.0,2.0,,random,36739,0.29456316019906376,2.311981190290256e-06,46.77318381012003,6.660118532147923,2.7360683097326436e-11,7.953845304698844,1.808098734453176e-15
TLT,PM,RAND_FC6_S0,RAND,6.0,0.0,,random,36739,-0.11566297871202785,-9.34627757098476e-07,42.28748741119791,-4.516834918941923,6.2770802347291485e-06,-5.185059254090827,2.159461969959464e-07
TLT,PM,CRS_FC6_S0,CRS,6.0,0.0,,random,36739,0.5323780230701582,4.261061100913641e-06,47.342061569449356,8.137385625587363,4.0390464948766873e-16,9.589238821034591,8.873723222971524e-22
TLT,PM,RAND_FC6_S1,RAND,6.0,1.0,,random,36739,0.04005479959733901,3.125575600989332e-07,43.95329214186559,1.646674642212999,0.09962493904830035,1.636771083900161,0.10167830980388377
TLT,PM,CRS_FC6_S1,CRS,6.0,1.0,,random,36739,0.2862200954138478,2.5936574251571147e-06,45.88856528484717,5.656621068463645,1.5438209057950103e-08,5.503417787996299,3.724982730934139e-08
TLT,PM,RAND_FC6_S2,RAND,6.0,2.0,,random,36739,0.17478572635276277,1.2711942388709628e-06,45.38773510438499,4.603203850991015,4.160406438536881e-06,5.314443360686175,1.0698385099894522e-07
TLT,PM,CRS_FC6_S2,CRS,6.0,2.0,,random,36739,0.3995862419608002,3.097909470464535e-06,46.68608290917009,6.701750285372927,2.0593774947863706e-11,8.055051698043979,7.944522319907233e-16
TLT,PM,RAND_FC9_S0,RAND,9.0,0.0,,random,36739,0.00012755903781596479,-1.5729137805046426e-07,43.757315114728215,-1.081317455197567,0.2795559255044271,0.006768789859952921,0.9945993283154496
TLT,PM,CRS_FC9_S0,CRS,9.0,0.0,,random,36739,0.5339709986434694,4.2120016694728524e-06,47.30667682843844,7.926085067938634,2.261626927174163e-15,9.439962896359352,3.7291142820829665e-21
TLT,PM,RAND_FC9_S1,RAND,9.0,1.0,,random,36739,0.07156257511699193,5.318499077879287e-07,44.94406489017121,2.6655813927085243,0.007685532491692836,2.7918448751948275,0.005240847471171162
TLT,PM,CRS_FC9_S1,CRS,9.0,1.0,,random,36739,0.3081875208752332,2.5834768013121697e-06,45.9212281227034,5.563916275569121,2.6378654317390488e-08,5.854603811731688,4.781484699688253e-09
TLT,PM,RAND_FC9_S2,RAND,9.0,2.0,,random,36739,0.2271219715555579,1.681673426700294e-06,45.68170064509105,5.567510230173793,2.584049116662066e-08,6.277662814001897,3.4370027671348525e-10
TLT,PM,CRS_FC9_S2,CRS,9.0,2.0,,random,36739,0.43128465570892016,3.338449695983337e-06,47.135196929693244,7.329419551120966,2.3115168669225414e-13,8.915396817996935,4.860724376660068e-19
TLT,CP,PM_FC3,PM_FC,3.0,,,capacity,36739,-0.6138608607741535,-5.478035823719442e-06,45.978388088951796,-6.8001803831396055,1.0448823834193098e-11,-6.520844150427903,6.99127986548764e-11
TLT,CP,CP_FC3,CP_FC,3.0,,,capacity,36739,-0.6649985705592364,-6.2187305065784945e-06,45.61909687253328,-8.192937439619211,2.5492669676352373e-16,-7.511270949097481,5.855605417671447e-14
TLT,CP,EQWIN_FC3,EQWIN,3.0,,,capacity,36739,-0.11694967683874215,-1.628116049107331e-06,47.33933966629467,-1.9120214731102727,0.05587343987905764,-1.242594897078534,0.21401715128780774
TLT,CP,PREFIX_FC3,PREFIX,3.0,,,capacity,36739,-0.21790561645546735,-2.585726438326025e-06,46.60442581452952,-3.2357906910466343,0.0012130629917021679,-2.411869574482785,0.01587095780849011
TLT,CP,PM_FC6,PM_FC,6.0,,,capacity,36739,-0.5915353067975354,-5.384156654259418e-06,46.10903944037671,-6.526205662965183,6.745668133336831e-11,-6.226845113589226,4.75921192321443e-10
TLT,CP,CP_FC6,CP_FC,6.0,,,capacity,36739,-0.21887969856887307,-2.117595310460223e-06,44.34252429298566,-5.588193764146668,2.2944355344627154e-08,-4.341312317001304,1.4163423144794282e-05
TLT,CP,EQWIN_FC6,EQWIN,6.0,,,capacity,36739,-0.04607984798823629,-1.0611127022446509e-06,47.17058167070415,-1.2389686034319973,0.21535712548740948,-0.4879976683075406,0.625551492650081
TLT,CP,PREFIX_FC6,PREFIX,6.0,,,capacity,36739,-0.19763969005491316,-2.262889352536768e-06,46.31590408013283,-2.820959577656031,0.004788023568725899,-2.1674531617875616,0.030200317427003274
TLT,CP,PM_FC9,PM_FC,9.0,,,capacity,36739,-0.6019784845034613,-5.519562690978163e-06,46.06276708674705,-6.691843842326241,2.2037596814411242e-11,-6.3371505159477435,2.340533214338422e-10
TLT,CP,CP_FC9,CP_FC,9.0,,,capacity,36739,-0.0037815625715829017,-2.3340283345910683e-07,44.90051443969624,-1.399524526573604,0.16165574872440136,-0.16496772064535,0.8689693891052812
TLT,CP,EQWIN_FC9,EQWIN,9.0,,,capacity,36739,-0.060113331171398825,-1.186902926563489e-06,47.230463540107245,-1.3890595028936694,0.16481465692796649,-0.63715047321293,0.5240268344031167
TLT,CP,PREFIX_FC9,PREFIX,9.0,,,capacity,36739,-0.16618354437512955,-2.114202487690281e-06,46.44927733471243,-2.6205645650992215,0.008778430568786227,-1.8091154175625133,0.07043307434068968
TLT,CP,SHIFTWIN_FC6_O1,SHIFTWIN,6.0,,1.0,contiguous,36739,-0.19063861045822136,-2.3714269017707597e-06,46.6833610060154,-2.7861076585950775,0.005334515141316347,-2.0323698849347482,0.04211622443842287
TLT,CP,SHIFTWIN_FC6_O3,SHIFTWIN,6.0,,3.0,contiguous,36739,-0.052304818420044676,-1.1196458785471526e-06,47.15697215493073,-1.311906085465799,0.18955182398966997,-0.5538584130448835,0.5796757480987116
TLT,CP,SHIFTWIN_FC6_O5,SHIFTWIN,6.0,,5.0,contiguous,36739,-0.21529315886359102,-2.5366115184971787e-06,46.87933803315278,-3.050164920132935,0.0022871573650969095,-2.301341481398031,0.021372336803292594
TLT,CP,SHIFTWIN_FC9_O1,SHIFTWIN,9.0,,1.0,contiguous,36739,-0.14586060827950864,-2.0389644924323475e-06,46.83578758267781,-2.3757737176399494,0.017512198494552874,-1.5371348354058554,0.12426029393175919
TLT,CP,SHIFTWIN_FC9_O3,SHIFTWIN,9.0,,3.0,contiguous,36739,-0.13882153730314803,-2.0116731168964324e-06,46.92561038678244,-2.3423490526187667,0.019162783753053376,-1.462871651257815,0.1435025024037296
TLT,CP,SHIFTWIN_FC9_O5,SHIFTWIN,9.0,,5.0,contiguous,36739,-0.1530733735096709,-2.0642234347004333e-06,46.80312474482158,-2.4121741581920224,0.015857704729783123,-1.610895961814562,0.10720240032452466
TLT,CP,HAR,HAR,0.0,,,core,36739,-1.1499229213040516,-1.0312950486383089e-05,42.10784180298865,-11.746768187497212,7.337159619870067e-32,-11.626978919464188,3.005469625578355e-31
TLT,CP,PM,PM,10.0,,,core,36739,-0.6027070608234835,-5.529626708390818e-06,46.03010424889082,-6.70103796455975,2.069442626051818e-11,-6.34349139227523,2.246155277393044e-10
TLT,CP,EWMA,EWMA,,,,external,36739,-12.168525650182545,-0.00023265640233970696,28.884836277525245,-32.15442629990594,7.659482509879924e-227,-36.265942809319306,5.572108504877097e-288
TLT,CP,HARQ,HARQ,4.0,,,external,35719,-0.8839784158873684,-2.341270376259458e-05,42.825946974999304,-1.8605602096586416,0.06280630834145869,-8.578880107396452,9.5801265772802e-18
TLT,CP,HAR_TCJ,HAR_TCJ,,,,external,30773,-1.1617580731128316,-1.2065164796880217e-05,43.94436681506516,-15.27243378432961,1.1673367329805984e-52,-11.540777674752931,8.217886732438371e-31
TLT,CP,GARCH11,GARCH11,,,,external,36739,-19.772568789294386,-0.00031131629186537964,22.831323661504126,-80.85017413485292,0.0,-62.36249879126018,0.0
TLT,CP,COMP_COPRIME_FC6,COMP_COPRIME,6.0,,,modulo,36739,-0.6083868217789375,-5.473257878090294e-06,45.98383189526117,-6.708537245201534,1.9658499788916516e-11,-6.425976944030201,1.3102526238811395e-10
TLT,CP,COMP_NONCOPRIME_FC6,COMP_NONCOPRIME,6.0,,,modulo,36739,-0.6171564681750293,-5.54720955150859e-06,45.83957102806282,-6.754101746391953,1.4372286829602545e-11,-6.480254497418176,9.156803387910324e-11
TLT,CP,COMP_COPRIME_FC9,COMP_COPRIME,9.0,,,modulo,36739,-0.6021986297560462,-5.49913866223511e-06,46.02466044258146,-6.75487393768269,1.429595004751089e-11,-6.426989422237027,1.3015587446387028e-10
TLT,CP,COMP_NONCOPRIME_FC9,COMP_NONCOPRIME,9.0,,,modulo,36739,-0.6064965585266067,-5.520154468866279e-06,46.06548898990174,-6.67546745068115,2.464453596671961e-11,-6.359955719896296,2.0181191822205284e-10
TLT,CP,RAND_FC3_S0,RAND,3.0,0.0,,random,36739,-0.7217620529731102,-6.475441657623715e-06,45.717085386101964,-8.110306835155841,5.049209599569953e-16,-7.792700441592874,6.559200049990916e-15
TLT,CP,CRS_FC3_S0,CRS,3.0,0.0,,random,36739,-0.1454933263617289,-1.985816534638767e-06,46.887503742616836,-2.493863962943164,0.012636096250741842,-1.6373425236127899,0.1015589204338494
TLT,CP,RAND_FC3_S1,RAND,3.0,1.0,,random,36739,-0.6028745140697233,-5.489786888224013e-06,45.94572525109557,-6.867779100482907,6.520908947884871e-12,-6.430624353255945,1.2708086548642471e-10
TLT,CP,CRS_FC3_S1,CRS,3.0,1.0,,random,36739,-0.7123958662758517,-6.732978842181608e-06,44.57116415797926,-8.155719322152732,3.471077106361178e-16,-7.523056689599784,5.351020769864088e-14
TLT,CP,RAND_FC3_S2,RAND,3.0,2.0,,random,36739,-0.5619882449240721,-5.265405966358462e-06,46.38939546530935,-6.771665400371534,1.2730830316239002e-11,-6.195040763530146,5.82699476443368e-10
TLT,CP,CRS_FC3_S2,CRS,3.0,2.0,,random,36739,-0.3081439006244198,-3.217645518100562e-06,46.74596477857318,-3.76442095449202,0.0001669354627486315,-3.223032206603743,0.001268412912117035
TLT,CP,RAND_FC6_S0,RAND,6.0,0.0,,random,36739,-0.7183700395355115,-6.464254465489294e-06,45.50749884319116,-8.155268713970923,3.4840436471827485e-16,-7.780520938445604,7.22265107253154e-15
TLT,CP,CRS_FC6_S0,CRS,6.0,0.0,,random,36739,-0.07032903775332529,-1.2685656074771765e-06,47.263126377963474,-1.5197685320355148,0.12856916054775908,-0.7609320960721631,0.44669762666080304
TLT,CP,RAND_FC6_S1,RAND,6.0,1.0,,random,36739,-0.5626522612261446,-5.217069148291884e-06,45.923950025858076,-6.351478443657344,2.132553031991915e-10,-5.884333389529514,3.996615074244298e-09
TLT,CP,CRS_FC6_S1,CRS,6.0,1.0,,random,36739,-0.3164869654096358,-2.9359692832337027e-06,46.522768719888944,-3.375105525410137,0.0007378739147091971,-3.276838261366181,0.0010497648450786023
TLT,CP,RAND_FC6_S2,RAND,6.0,2.0,,random,36739,-0.4279213344707208,-4.2584324695198535e-06,46.44383352840306,-5.363002383336815,8.184992582878413e-08,-4.6500171532049075,3.3190742298134397e-06
TLT,CP,CRS_FC6_S2,CRS,6.0,2.0,,random,36739,-0.2031208188626834,-2.431717237926282e-06,46.61259152399357,-2.777442122224571,0.005478859678414815,-2.0940169415312235,0.03625847110858946
TLT,CP,RAND_FC9_S0,RAND,9.0,0.0,,random,36739,-0.6025795017856675,-5.686918086441282e-06,45.88039957538311,-6.956604242563793,3.485723613962824e-12,-6.417387086831254,1.386331103926109e-10
TLT,CP,CRS_FC9_S0,CRS,9.0,0.0,,random,36739,-0.06873606218001414,-1.317625038917964e-06,47.30939873159313,-1.5578353091019614,0.11927229353228086,-0.7386917960772877,0.46009416855180474
TLT,CP,RAND_FC9_S1,RAND,9.0,1.0,,random,36739,-0.5311444857064916,-4.997776800602889e-06,46.089986118293915,-6.1688335180276805,6.879561388164356e-10,-5.648963231665921,1.6141837272804183e-08
TLT,CP,CRS_FC9_S1,CRS,9.0,1.0,,random,36739,-0.2945195399482504,-2.9461499070786478e-06,46.520046816734265,-3.369597520214621,0.0007527804863552311,-3.056117425408946,0.002242234231486065
TLT,CP,RAND_FC9_S2,RAND,9.0,2.0,,random,36739,-0.3755850892679257,-3.847953281690523e-06,46.465608753640545,-4.833365148855193,1.3424422546960659e-06,-4.0651207680330055,4.800759657747078e-05
TLT,CP,CRS_FC9_S2,CRS,9.0,2.0,,random,36739,-0.17142240511456341,-2.19117701240748e-06,46.80584664797626,-2.5638408634121563,0.010352099628416852,-1.8120190975868726,0.06998324568909875
