model_name,benchmark_model,asset,condition,condition_label_type,n_obs,model_mean_SMAPE,CP_mean_SMAPE,mean_advantage_vs_CP,median_advantage_vs_CP,win_rate_vs_CP,winsorized_mean_advantage_1_99,trimmed_mean_advantage_10pct,mean_gain_when_model_wins,mean_loss_when_model_loses,median_abs_advantage_vs_CP,mean_abs_error_model,mean_abs_error_CP,mean_abs_error_advantage_vs_CP,run_type,model_status,source,benchmark_source,source_path,seed,phase,is_paper_eligible,alignment_exact,actual_match,n_rows_overlapping_CP,n_rows_used_in_CP_comparison,number_of_assets
CP_REPO_FRESH,CP_REPO_FRESH,POOLED,all_observations,not_conditioned,367248,100.86366052430078,100.86366052430078,0.0,0.0,0.0,0.0,0.0,,,0.0,0.0005861095986443927,0.0005861095986443927,0.0,full,pooled,pooled,pooled,/home/runner/work/money-making/money-making/projects/harv-extension/outputs/cp_repo_ops_hg_math_audited_actions/29058736547/combined/predictions/full,,,True,True,True,367248,367248,10
CP_REPO_FRESH,CP_REPO_FRESH,POOLED,cluster_entry_loose,ex_post_descriptive,73457,93.56088921296094,93.56088921296094,0.0,0.0,0.0,0.0,0.0,,,0.0,0.0007565085520951432,0.0007565085520951432,0.0,full,pooled,pooled,pooled,/home/runner/work/money-making/money-making/projects/harv-extension/outputs/cp_repo_ops_hg_math_audited_actions/29058736547/combined/predictions/full,,,True,True,True,73457,73457,10
CP_REPO_FRESH,CP_REPO_FRESH,POOLED,cluster_entry_strict,ex_post_descriptive,73266,93.51351872765493,93.51351872765493,0.0,0.0,0.0,0.0,0.0,,,0.0,0.0007574764163155195,0.0007574764163155195,0.0,full,pooled,pooled,pooled,/home/runner/work/money-making/money-making/projects/harv-extension/outputs/cp_repo_ops_hg_math_audited_actions/29058736547/combined/predictions/full,,,True,True,True,73266,73266,10
CP_REPO_FRESH,CP_REPO_FRESH,POOLED,cluster_exit_loose,ex_post_descriptive,73455,97.78270324564932,97.78270324564932,0.0,0.0,0.0,0.0,0.0,,,0.0,0.0006171643472764073,0.0006171643472764073,0.0,full,pooled,pooled,pooled,/home/runner/work/money-making/money-making/projects/harv-extension/outputs/cp_repo_ops_hg_math_audited_actions/29058736547/combined/predictions/full,,,True,True,True,73455,73455,10
CP_REPO_FRESH,CP_REPO_FRESH,POOLED,cluster_exit_strict,ex_post_descriptive,73334,97.71189563488281,97.71189563488281,0.0,0.0,0.0,0.0,0.0,,,0.0,0.0006171434139368189,0.0006171434139368189,0.0,full,pooled,pooled,pooled,/home/runner/work/money-making/money-making/projects/harv-extension/outputs/cp_repo_ops_hg_math_audited_actions/29058736547/combined/predictions/full,,,True,True,True,73334,73334,10
CP_REPO_FRESH,CP_REPO_FRESH,POOLED,inflection_points,ex_post_descriptive,144886,91.11849778030444,91.11849778030444,0.0,0.0,0.0,0.0,0.0,,,0.0,0.0006529679144583393,0.0006529679144583393,0.0,full,pooled,pooled,pooled,/home/runner/work/money-making/money-making/projects/harv-extension/outputs/cp_repo_ops_hg_math_audited_actions/29058736547/combined/predictions/full,,,True,True,True,144886,144886,10
CP_REPO_FRESH,CP_REPO_FRESH,POOLED,high_within_block_dispersion,ex_post_descriptive,68970,119.60427234064147,119.60427234064147,0.0,0.0,0.0,0.0,0.0,,,0.0,0.0005686239437191444,0.0005686239437191444,0.0,full,pooled,pooled,pooled,/home/runner/work/money-making/money-making/projects/harv-extension/outputs/cp_repo_ops_hg_math_audited_actions/29058736547/combined/predictions/full,,,True,True,True,68970,68970,10
CP_REPO_FRESH,CP_REPO_FRESH,POOLED,recent_spike_position,ex_post_descriptive,125358,111.53126331543434,111.53126331543434,0.0,0.0,0.0,0.0,0.0,,,0.0,0.0006091827784219505,0.0006091827784219505,0.0,full,pooled,pooled,pooled,/home/runner/work/money-making/money-making/projects/harv-extension/outputs/cp_repo_ops_hg_math_audited_actions/29058736547/combined/predictions/full,,,True,True,True,125358,125358,10
CP_REPO_FRESH,CP_REPO_FRESH,POOLED,older_spike_position,ex_post_descriptive,108871,97.43444157677634,97.43444157677634,0.0,0.0,0.0,0.0,0.0,,,0.0,0.0005701423444680369,0.0005701423444680369,0.0,full,pooled,pooled,pooled,/home/runner/work/money-making/money-making/projects/harv-extension/outputs/cp_repo_ops_hg_math_audited_actions/29058736547/combined/predictions/full,,,True,True,True,108871,108871,10
CP_REPO_FRESH,CP_REPO_FRESH,POOLED,same_average_different_path,ex_post_descriptive,7396,117.3731818015564,117.3731818015564,0.0,0.0,0.0,0.0,0.0,,,0.0,0.000543100371193495,0.000543100371193495,0.0,full,pooled,pooled,pooled,/home/runner/work/money-making/money-making/projects/harv-extension/outputs/cp_repo_ops_hg_math_audited_actions/29058736547/combined/predictions/full,,,True,True,True,7396,7396,10
CP_REPO_FRESH,CP_REPO_FRESH,POOLED,recent_ramp_high_dispersion,ex_post_descriptive,24273,118.4281414949415,118.4281414949415,0.0,0.0,0.0,0.0,0.0,,,0.0,0.0007926212485103806,0.0007926212485103806,0.0,full,pooled,pooled,pooled,/home/runner/work/money-making/money-making/projects/harv-extension/outputs/cp_repo_ops_hg_math_audited_actions/29058736547/combined/predictions/full,,,True,True,True,24273,24273,10
CP_REPO_FRESH,CP_REPO_FRESH,POOLED,entry_with_recent_spike,ex_post_descriptive,43747,94.9939885723259,94.9939885723259,0.0,0.0,0.0,0.0,0.0,,,0.0,0.0008304363652918029,0.0008304363652918029,0.0,full,pooled,pooled,pooled,/home/runner/work/money-making/money-making/projects/harv-extension/outputs/cp_repo_ops_hg_math_audited_actions/29058736547/combined/predictions/full,,,True,True,True,43747,43747,10
CP_REPO_FRESH,CP_REPO_FRESH,POOLED,entry_without_recent_spike,ex_post_descriptive,29710,91.450697436652,91.450697436652,0.0,0.0,0.0,0.0,0.0,,,0.0,0.0006476522732693515,0.0006476522732693515,0.0,full,pooled,pooled,pooled,/home/runner/work/money-making/money-making/projects/harv-extension/outputs/cp_repo_ops_hg_math_audited_actions/29058736547/combined/predictions/full,,,True,True,True,29710,29710,10
CP_REPO_FRESH,CP_REPO_FRESH,POOLED,same_average_recent_front_loaded,ex_post_descriptive,14331,93.68336123354462,93.68336123354462,0.0,0.0,0.0,0.0,0.0,,,0.0,0.0006156989961505774,0.0006156989961505774,0.0,full,pooled,pooled,pooled,/home/runner/work/money-making/money-making/projects/harv-extension/outputs/cp_repo_ops_hg_math_audited_actions/29058736547/combined/predictions/full,,,True,True,True,14331,14331,10
CP_REPO_FRESH,CP_REPO_FRESH,POOLED,same_average_back_loaded,ex_post_descriptive,15559,115.5837931550299,115.5837931550299,0.0,0.0,0.0,0.0,0.0,,,0.0,0.0005277712464133768,0.0005277712464133768,0.0,full,pooled,pooled,pooled,/home/runner/work/money-making/money-making/projects/harv-extension/outputs/cp_repo_ops_hg_math_audited_actions/29058736547/combined/predictions/full,,,True,True,True,15559,15559,10
CP_REPO_FRESH,CP_REPO_FRESH,POOLED,stable_low_dispersion,ex_post_descriptive,68968,79.91610747922876,79.91610747922876,0.0,0.0,0.0,0.0,0.0,,,0.0,0.0006423459670206479,0.0006423459670206479,0.0,full,pooled,pooled,pooled,/home/runner/work/money-making/money-making/projects/harv-extension/outputs/cp_repo_ops_hg_math_audited_actions/29058736547/combined/predictions/full,,,True,True,True,68968,68968,10
HAR_RV,CP_REPO_FRESH,POOLED,all_observations,not_conditioned,367248,102.15141709419638,100.86366052430078,-1.2877565698955769,0.0,0.381309088136627,-1.3420110145386126,-1.2605170594462514,12.142239258792571,-13.081158919361902,6.6865690548024155,0.0006035874743541801,0.0005861095986443927,-1.7477875709787547e-05,full,pooled,pooled,pooled,/home/runner/work/money-making/money-making/projects/harv-extension/outputs/cp_repo_ops_hg_math_audited_actions/29058736547/combined/predictions/full,,,True,True,True,367248,367248,10
HAR_RV,CP_REPO_FRESH,POOLED,cluster_entry_loose,ex_post_descriptive,73457,92.95960192839895,93.56088921296094,0.6012872845619954,0.0,0.45001837809875167,0.5573397122132192,0.28676321685179945,13.405815935850052,-12.532188878641975,7.686811854251076,0.0007390380836023561,0.0007565085520951432,1.7470468492787283e-05,full,pooled,pooled,pooled,/home/runner/work/money-making/money-making/projects/harv-extension/outputs/cp_repo_ops_hg_math_audited_actions/29058736547/combined/predictions/full,,,True,True,True,73457,73457,10
HAR_RV,CP_REPO_FRESH,POOLED,cluster_entry_strict,ex_post_descriptive,73266,92.90699327120377,93.51351872765493,0.6065254564511564,0.0,0.4504818060218928,0.5630724023078879,0.29443335282894995,13.395378310866475,-12.526436106019391,7.686292608270087,0.0007398002112098688,0.0007574764163155195,1.76762051056505e-05,full,pooled,pooled,pooled,/home/runner/work/money-making/money-making/projects/harv-extension/outputs/cp_repo_ops_hg_math_audited_actions/29058736547/combined/predictions/full,,,True,True,True,73266,73266,10
HAR_RV,CP_REPO_FRESH,POOLED,cluster_exit_loose,ex_post_descriptive,73455,99.1133915427191,97.78270324564932,-1.3306882970697897,0.0,0.39667823837723776,-1.3913080445593478,-1.1556252937758715,12.722203499361088,-14.349679106314746,7.308603635294361,0.0006335651434417895,0.0006171643472764073,-1.6400796165382122e-05,full,pooled,pooled,pooled,/home/runner/work/money-making/money-making/projects/harv-extension/outputs/cp_repo_ops_hg_math_audited_actions/29058736547/combined/predictions/full,,,True,True,True,73455,73455,10
HAR_RV,CP_REPO_FRESH,POOLED,cluster_exit_strict,ex_post_descriptive,73334,99.04229870182496,97.71189563488281,-1.330403066942138,0.0,0.3969236643303243,-1.3904662100406813,-1.1537042241993345,12.718222395112994,-14.349084204671426,7.316356733549557,0.0006334702199722435,0.0006171434139368189,-1.6326806035424596e-05,full,pooled,pooled,pooled,/home/runner/work/money-making/money-making/projects/harv-extension/outputs/cp_repo_ops_hg_math_audited_actions/29058736547/combined/predictions/full,,,True,True,True,73334,73334,10
HAR_RV,CP_REPO_FRESH,POOLED,inflection_points,ex_post_descriptive,144886,91.65853408136387,91.11849778030444,-0.540036301059453,0.0,0.42937896000993886,-0.5947448337129572,-0.5731410811385307,12.610016824993634,-13.045309546141546,7.716635763713706,0.000655290632537219,0.0006529679144583393,-2.322718078879716e-06,full,pooled,pooled,pooled,/home/runner/work/money-making/money-making/projects/harv-extension/outputs/cp_repo_ops_hg_math_audited_actions/29058736547/combined/predictions/full,,,True,True,True,144886,144886,10
HAR_RV,CP_REPO_FRESH,POOLED,high_within_block_dispersion,ex_post_descriptive,68970,120.63546405551635,119.60427234064147,-1.0311917148748653,0.0,0.3367986080904741,-1.0842107646022288,-1.192901153430931,15.71699516508565,-15.515254250922784,5.789257399197776,0.0005947832577575228,0.0005686239437191444,-2.61593140383786e-05,full,pooled,pooled,pooled,/home/runner/work/money-making/money-making/projects/harv-extension/outputs/cp_repo_ops_hg_math_audited_actions/29058736547/combined/predictions/full,,,True,True,True,68970,68970,10
HAR_RV,CP_REPO_FRESH,POOLED,recent_spike_position,ex_post_descriptive,125358,111.99805864962077,111.53126331543434,-0.4667953341864204,0.0,0.372014550327861,-0.4997860247572317,-0.6039302794556202,12.143776881900076,-12.138974324714441,5.274156994702814,0.0006188285133111249,0.0006091827784219505,-9.645734889174415e-06,full,pooled,pooled,pooled,/home/runner/work/money-making/money-making/projects/harv-extension/outputs/cp_repo_ops_hg_math_audited_actions/29058736547/combined/predictions/full,,,True,True,True,125358,125358,10
HAR_RV,CP_REPO_FRESH,POOLED,older_spike_position,ex_post_descriptive,108871,99.20825817605783,97.43444157677634,-1.7738165992814876,0.0,0.37938477647858476,-1.8403519702152162,-1.6521614223212233,11.973631237820943,-13.515114414278743,7.095623547968028,0.0005931944034947192,0.0005701423444680369,-2.305205902668215e-05,full,pooled,pooled,pooled,/home/runner/work/money-making/money-making/projects/harv-extension/outputs/cp_repo_ops_hg_math_audited_actions/29058736547/combined/predictions/full,,,True,True,True,108871,108871,10
HAR_RV,CP_REPO_FRESH,POOLED,same_average_different_path,ex_post_descriptive,7396,118.13259874322219,117.3731818015564,-0.7594169416657809,0.0,0.35343428880475936,-0.8159651607786896,-0.6968457117233673,8.974270454301067,-9.90306221665637,3.476672258817847,0.0005596092399780489,0.000543100371193495,-1.6508868784553947e-05,full,pooled,pooled,pooled,/home/runner/work/money-making/money-making/projects/harv-extension/outputs/cp_repo_ops_hg_math_audited_actions/29058736547/combined/predictions/full,,,True,True,True,7396,7396,10
HAR_RV,CP_REPO_FRESH,POOLED,recent_ramp_high_dispersion,ex_post_descriptive,24273,115.57984610016847,118.4281414949415,2.8482953947730247,0.0,0.4336505582334281,2.8211650027310897,2.0972782995209323,16.83813077942047,-12.743309025917041,6.463857772704586,0.0007402055176219472,0.0007926212485103806,5.241573088843341e-05,full,pooled,pooled,pooled,/home/runner/work/money-making/money-making/projects/harv-extension/outputs/cp_repo_ops_hg_math_audited_actions/29058736547/combined/predictions/full,,,True,True,True,24273,24273,10
HAR_RV,CP_REPO_FRESH,POOLED,entry_with_recent_spike,ex_post_descriptive,43747,93.63512857367937,94.9939885723259,1.3588599986465382,0.0,0.4627517315473061,1.3233912837761466,0.8396747369367296,13.944853139844096,-12.06048049584445,7.7135015798752775,0.0008005230127026913,0.0008304363652918029,2.9913352589111858e-05,full,pooled,pooled,pooled,/home/runner/work/money-making/money-making/projects/harv-extension/outputs/cp_repo_ops_hg_math_audited_actions/29058736547/combined/predictions/full,,,True,True,True,43747,43747,10
HAR_RV,CP_REPO_FRESH,POOLED,entry_without_recent_spike,ex_post_descriptive,29710,91.96491111213903,91.450697436652,-0.5142136754870282,0.0,0.43126893301918545,-0.5824042655549455,-0.5056181460563425,12.554159871098982,-13.18464995337307,7.648028397618983,0.0006485035432673724,0.0006476522732693515,-8.512699980209097e-07,full,pooled,pooled,pooled,/home/runner/work/money-making/money-making/projects/harv-extension/outputs/cp_repo_ops_hg_math_audited_actions/29058736547/combined/predictions/full,,,True,True,True,29710,29710,10
HAR_RV,CP_REPO_FRESH,POOLED,same_average_recent_front_loaded,ex_post_descriptive,14331,93.36608009282187,93.68336123354462,0.3172811407227515,0.0,0.4456772032656479,0.256542516780835,0.22502011149926815,9.092691954218544,-8.696680338569632,5.100576887220171,0.00061503219490965,0.0006156989961505774,6.668012409273291e-07,full,pooled,pooled,pooled,/home/runner/work/money-making/money-making/projects/harv-extension/outputs/cp_repo_ops_hg_math_audited_actions/29058736547/combined/predictions/full,,,True,True,True,14331,14331,10
HAR_RV,CP_REPO_FRESH,POOLED,same_average_back_loaded,ex_post_descriptive,15559,116.27143838025825,115.5837931550299,-0.6876452252283419,0.0,0.35509994215566554,-0.7272132873769579,-0.5639259773720275,8.820514505885532,-9.70166743459767,3.3648273686405616,0.0005394221828288317,0.0005277712464133768,-1.1650936415455025e-05,full,pooled,pooled,pooled,/home/runner/work/money-making/money-making/projects/harv-extension/outputs/cp_repo_ops_hg_math_audited_actions/29058736547/combined/predictions/full,,,True,True,True,15559,15559,10
HAR_RV,CP_REPO_FRESH,POOLED,stable_low_dispersion,ex_post_descriptive,68968,81.06909168250445,79.91610747922876,-1.1529842032757207,0.0,0.44849785407725323,-1.1845324423172805,-1.064128572898362,12.00326904207279,-13.215024551957182,8.921560071028182,0.0006475242923244562,0.0006423459670206479,-5.178325303808269e-06,full,pooled,pooled,pooled,/home/runner/work/money-making/money-making/projects/harv-extension/outputs/cp_repo_ops_hg_math_audited_actions/29058736547/combined/predictions/full,,,True,True,True,68968,68968,10
RAW_PM,CP_REPO_FRESH,POOLED,all_observations,not_conditioned,367248,101.88760926397407,100.86366052430078,-1.0239487396732967,0.0,0.40151614168082606,-1.0757785954421661,-0.6785139629275293,11.33276822167435,-12.856420257757657,5.492310892058917,0.0005990779695170918,0.0005861095986443927,-1.2968370872699227e-05,full,pooled,pooled,pooled,/home/runner/work/money-making/money-making/projects/harv-extension/outputs/cp_repo_ops_hg_math_audited_actions/29058736547/combined/predictions/full,,,True,True,True,367248,367248,10
RAW_PM,CP_REPO_FRESH,POOLED,cluster_entry_loose,ex_post_descriptive,73457,94.03880723964704,93.56088921296094,-0.4779180266861214,0.0,0.44451856187973915,-0.5248348527920578,-0.48080749570348147,15.28893592524318,-16.520407162170667,9.653877528480251,0.0007346324370136059,0.0007565085520951432,2.1876115081537306e-05,full,pooled,pooled,pooled,/home/runner/work/money-making/money-making/projects/harv-extension/outputs/cp_repo_ops_hg_math_audited_actions/29058736547/combined/predictions/full,,,True,True,True,73457,73457,10
RAW_PM,CP_REPO_FRESH,POOLED,cluster_entry_strict,ex_post_descriptive,73266,93.99169579593297,93.51351872765493,-0.4781770682780395,0.0,0.4447902164714875,-0.5243355010441153,-0.47870148027097387,15.291511773127912,-16.534516748214376,9.669776851016533,0.000735468155582117,0.0007574764163155195,2.2008260733402235e-05,full,pooled,pooled,pooled,/home/runner/work/money-making/money-making/projects/harv-extension/outputs/cp_repo_ops_hg_math_audited_actions/29058736547/combined/predictions/full,,,True,True,True,73266,73266,10
RAW_PM,CP_REPO_FRESH,POOLED,cluster_exit_loose,ex_post_descriptive,73455,99.87809131545063,97.78270324564932,-2.0953880698013,0.0,0.37751004016064255,-2.1551958669165536,-1.4648143865660155,11.251158378439165,-13.72669119384163,5.73859524756665,0.0006583931857336859,0.0006171643472764073,-4.122883845727835e-05,full,pooled,pooled,pooled,/home/runner/work/money-making/money-making/projects/harv-extension/outputs/cp_repo_ops_hg_math_audited_actions/29058736547/combined/predictions/full,,,True,True,True,73455,73455,10
RAW_PM,CP_REPO_FRESH,POOLED,cluster_exit_strict,ex_post_descriptive,73334,99.80773745051607,97.71189563488281,-2.0958418156332663,0.0,0.37772383887419203,-2.155083850474487,-1.4641039267056861,11.245943447785512,-13.725816458009284,5.743572490796253,0.0006583379778960045,0.0006171434139368189,-4.119456395918552e-05,full,pooled,pooled,pooled,/home/runner/work/money-making/money-making/projects/harv-extension/outputs/cp_repo_ops_hg_math_audited_actions/29058736547/combined/predictions/full,,,True,True,True,73334,73334,10
RAW_PM,CP_REPO_FRESH,POOLED,inflection_points,ex_post_descriptive,144886,92.01016321262861,91.11849778030444,-0.8916654323241859,0.0,0.43057300222243694,-0.9477234368876152,-0.6659929576753203,11.938504936336358,-13.220008316207014,6.855736553706267,0.0006617560449056405,0.0006529679144583393,-8.788130447301317e-06,full,pooled,pooled,pooled,/home/runner/work/money-making/money-making/projects/harv-extension/outputs/cp_repo_ops_hg_math_audited_actions/29058736547/combined/predictions/full,,,True,True,True,144886,144886,10
RAW_PM,CP_REPO_FRESH,POOLED,high_within_block_dispersion,ex_post_descriptive,68970,122.32504157063208,119.60427234064147,-2.720769229990614,0.0,0.31705089169204004,-2.776711873291831,-2.3636488916095084,16.0106326645374,-18.16252223277127,5.608134545924502,0.0006055941454655351,0.0005686239437191444,-3.697020174639076e-05,full,pooled,pooled,pooled,/home/runner/work/money-making/money-making/projects/harv-extension/outputs/cp_repo_ops_hg_math_audited_actions/29058736547/combined/predictions/full,,,True,True,True,68970,68970,10
RAW_PM,CP_REPO_FRESH,POOLED,recent_spike_position,ex_post_descriptive,125358,111.83579355670213,111.53126331543434,-0.3045302412677921,0.0,0.4010274573621149,-0.35405623815885817,-0.12501023597296512,12.7433840856947,-14.07503331551986,5.31437125838211,0.0005986995314554361,0.0006091827784219505,1.0483246966514362e-05,full,pooled,pooled,pooled,/home/runner/work/money-making/money-making/projects/harv-extension/outputs/cp_repo_ops_hg_math_audited_actions/29058736547/combined/predictions/full,,,True,True,True,125358,125358,10
RAW_PM,CP_REPO_FRESH,POOLED,older_spike_position,ex_post_descriptive,108871,98.8807537515792,97.43444157677634,-1.4463121748028303,0.0,0.3928135132404405,-1.5057450230570388,-0.9331884638200335,10.314267423290726,-12.110253983883181,5.176465276785947,0.000597695228485807,0.0005701423444680369,-2.7552884017770102e-05,full,pooled,pooled,pooled,/home/runner/work/money-making/money-making/projects/harv-extension/outputs/cp_repo_ops_hg_math_audited_actions/29058736547/combined/predictions/full,,,True,True,True,108871,108871,10
RAW_PM,CP_REPO_FRESH,POOLED,same_average_different_path,ex_post_descriptive,7396,120.17262659858177,117.3731818015564,-2.799444797025364,0.0,0.30935640886965926,-2.8317852524373124,-2.4338142347936262,11.380675583769754,-14.24677825494203,4.982021455028423,0.0005845210955802268,0.000543100371193495,-4.14207243867319e-05,full,pooled,pooled,pooled,/home/runner/work/money-making/money-making/projects/harv-extension/outputs/cp_repo_ops_hg_math_audited_actions/29058736547/combined/predictions/full,,,True,True,True,7396,7396,10
RAW_PM,CP_REPO_FRESH,POOLED,recent_ramp_high_dispersion,ex_post_descriptive,24273,117.67632404238665,118.4281414949415,0.7518174525548279,0.0,0.41247476620112883,0.7247793818260574,0.5561916447057504,18.553000598949296,-18.480116611961275,7.597649379149015,0.0007242534632724347,0.0007926212485103806,6.836778523794572e-05,full,pooled,pooled,pooled,/home/runner/work/money-making/money-making/projects/harv-extension/outputs/cp_repo_ops_hg_math_audited_actions/29058736547/combined/predictions/full,,,True,True,True,24273,24273,10
RAW_PM,CP_REPO_FRESH,POOLED,entry_with_recent_spike,ex_post_descriptive,43747,94.95982799646376,94.9939885723259,0.03416057586212555,0.0,0.46259172057512515,-0.009455447865539483,-0.03663272854915717,17.144144100769847,-18.58965836813426,11.47447754910391,0.0007824642695511762,0.0008304363652918029,4.79720957406267e-05,full,pooled,pooled,pooled,/home/runner/work/money-making/money-making/projects/harv-extension/outputs/cp_repo_ops_hg_math_audited_actions/29058736547/combined/predictions/full,,,True,True,True,43747,43747,10
RAW_PM,CP_REPO_FRESH,POOLED,entry_without_recent_spike,ex_post_descriptive,29710,92.68263440058747,91.450697436652,-1.2319369639354703,0.0,0.41790642881184786,-1.2621966115126018,-1.0618802691251883,12.2651079735572,-13.72606843966347,7.3515465510596165,0.0006642016333104391,0.0006476522732693515,-1.654936004108753e-05,full,pooled,pooled,pooled,/home/runner/work/money-making/money-making/projects/harv-extension/outputs/cp_repo_ops_hg_math_audited_actions/29058736547/combined/predictions/full,,,True,True,True,29710,29710,10
RAW_PM,CP_REPO_FRESH,POOLED,same_average_recent_front_loaded,ex_post_descriptive,14331,94.51195624597581,93.68336123354462,-0.8285950124311802,0.0,0.4366059591096225,-0.8842867866975762,-0.6044891133939507,11.613965614563128,-13.28668520720929,7.229745525689914,0.0006163157534633965,0.0006156989961505774,-6.167573128191296e-07,full,pooled,pooled,pooled,/home/runner/work/money-making/money-making/projects/harv-extension/outputs/cp_repo_ops_hg_math_audited_actions/29058736547/combined/predictions/full,,,True,True,True,14331,14331,10
RAW_PM,CP_REPO_FRESH,POOLED,same_average_back_loaded,ex_post_descriptive,15559,117.06711680584245,115.5837931550299,-1.4833236508125334,0.0,0.325920688990295,-1.524983163213956,-1.1288013276394955,8.772979306469749,-10.309247901449544,3.1360078664833537,0.0005609353782046373,0.0005277712464133768,-3.3164131791260715e-05,full,pooled,pooled,pooled,/home/runner/work/money-making/money-making/projects/harv-extension/outputs/cp_repo_ops_hg_math_audited_actions/29058736547/combined/predictions/full,,,True,True,True,15559,15559,10
RAW_PM,CP_REPO_FRESH,POOLED,stable_low_dispersion,ex_post_descriptive,68968,80.02198362621762,79.91610747922876,-0.105876146988889,0.0,0.48436956269574294,-0.12361321358966808,0.11563159527431144,10.552156201660571,-11.387391087071643,6.824939556034977,0.0006388343997721715,0.0006423459670206479,3.5115672484763605e-06,full,pooled,pooled,pooled,/home/runner/work/money-making/money-making/projects/harv-extension/outputs/cp_repo_ops_hg_math_audited_actions/29058736547/combined/predictions/full,,,True,True,True,68968,68968,10
RAW_CP_REPO_PLUS_PM,CP_REPO_FRESH,POOLED,all_observations,not_conditioned,367248,101.07902947017557,100.86366052430078,-0.2153689458748055,0.0,0.4075120899228859,-0.07227570700034965,-0.05686561523983805,5.940556958421277,-6.2568387550121,2.4802592365254625,0.0005850037008582739,0.0005861095986443927,1.1058977861185722e-06,full,pooled,pooled,pooled,/home/runner/work/money-making/money-making/projects/harv-extension/outputs/cp_repo_ops_hg_math_audited_actions/29058736547/combined/predictions/full,,,True,True,True,367248,367248,10
RAW_CP_REPO_PLUS_PM,CP_REPO_FRESH,POOLED,cluster_entry_loose,ex_post_descriptive,73457,93.31457463242852,93.56088921296094,0.24631458053243022,0.0,0.44872510448289477,0.3253913398256909,0.1851798275193849,6.28166650952778,-5.950271163676794,3.011690584364608,0.0007449778986892603,0.0007565085520951432,1.1530653405882873e-05,full,pooled,pooled,pooled,/home/runner/work/money-making/money-making/projects/harv-extension/outputs/cp_repo_ops_hg_math_audited_actions/29058736547/combined/predictions/full,,,True,True,True,73457,73457,10
RAW_CP_REPO_PLUS_PM,CP_REPO_FRESH,POOLED,cluster_entry_strict,ex_post_descriptive,73266,93.26916078111115,93.51351872765493,0.24435794654379644,0.0,0.4488439385253733,0.3237554988773018,0.18416307927920883,6.275376836218566,-5.947632718388289,3.0137318232340675,0.0007459601347438329,0.0007574764163155195,1.1516281571686509e-05,full,pooled,pooled,pooled,/home/runner/work/money-making/money-making/projects/harv-extension/outputs/cp_repo_ops_hg_math_audited_actions/29058736547/combined/predictions/full,,,True,True,True,73266,73266,10
RAW_CP_REPO_PLUS_PM,CP_REPO_FRESH,POOLED,cluster_exit_loose,ex_post_descriptive,73455,98.5805071142846,97.78270324564932,-0.797803868635283,0.0,0.38392212919474505,-0.626892946688293,-0.47357160538044457,6.627965125939826,-7.383553701649035,3.2389812394820723,0.0006264172355952508,0.0006171643472764073,-9.252888318843318e-06,full,pooled,pooled,pooled,/home/runner/work/money-making/money-making/projects/harv-extension/outputs/cp_repo_ops_hg_math_audited_actions/29058736547/combined/predictions/full,,,True,True,True,73455,73455,10
RAW_CP_REPO_PLUS_PM,CP_REPO_FRESH,POOLED,cluster_exit_strict,ex_post_descriptive,73334,98.51367096479049,97.71189563488281,-0.8017753299076622,0.0,0.3839828728829738,-0.6299326157273969,-0.4750360719788901,6.624559979734984,-7.385928184748952,3.2446595331967885,0.0006264286253733026,0.0006171434139368189,-9.285211436483839e-06,full,pooled,pooled,pooled,/home/runner/work/money-making/money-making/projects/harv-extension/outputs/cp_repo_ops_hg_math_audited_actions/29058736547/combined/predictions/full,,,True,True,True,73334,73334,10
RAW_CP_REPO_PLUS_PM,CP_REPO_FRESH,POOLED,inflection_points,ex_post_descriptive,144886,91.41097971363236,91.11849778030444,-0.2924819333279346,0.0,0.42701848349737037,-0.16594273780607302,-0.1406118514149706,6.081409248706076,-6.332091695915225,3.1204261749146056,0.0006530247701382975,0.0006529679144583393,-5.685567995825731e-08,full,pooled,pooled,pooled,/home/runner/work/money-making/money-making/projects/harv-extension/outputs/cp_repo_ops_hg_math_audited_actions/29058736547/combined/predictions/full,,,True,True,True,144886,144886,10
RAW_CP_REPO_PLUS_PM,CP_REPO_FRESH,POOLED,high_within_block_dispersion,ex_post_descriptive,68970,119.56280372780938,119.60427234064147,0.0414686128320981,0.0,0.3874583152095114,0.235316183999875,0.29336439849958096,7.814759170660137,-8.539186563182334,2.0785480467805684,0.0005536416848209485,0.0005686239437191444,1.4982258898195659e-05,full,pooled,pooled,pooled,/home/runner/work/money-making/money-making/projects/harv-extension/outputs/cp_repo_ops_hg_math_audited_actions/29058736547/combined/predictions/full,,,True,True,True,68970,68970,10
RAW_CP_REPO_PLUS_PM,CP_REPO_FRESH,POOLED,recent_spike_position,ex_post_descriptive,125358,111.30796051069497,111.53126331543434,0.22330280473936606,0.0,0.4034206033918856,0.3341458214040359,0.19256513015305465,5.7561352103083605,-5.628066415521123,1.7945824303415527,0.0005993532330313574,0.0006091827784219505,9.829545390593183e-06,full,pooled,pooled,pooled,/home/runner/work/money-making/money-making/projects/harv-extension/outputs/cp_repo_ops_hg_math_audited_actions/29058736547/combined/predictions/full,,,True,True,True,125358,125358,10
RAW_CP_REPO_PLUS_PM,CP_REPO_FRESH,POOLED,older_spike_position,ex_post_descriptive,108871,97.89213875186674,97.43444157677634,-0.4576971750904024,0.0,0.4030549916874099,-0.3029066480490994,-0.20956055240865656,6.181031455481551,-6.701310591677169,2.798720268936691,0.0005737118037541326,0.0005701423444680369,-3.5694592860956607e-06,full,pooled,pooled,pooled,/home/runner/work/money-making/money-making/projects/harv-extension/outputs/cp_repo_ops_hg_math_audited_actions/29058736547/combined/predictions/full,,,True,True,True,108871,108871,10
RAW_CP_REPO_PLUS_PM,CP_REPO_FRESH,POOLED,same_average_different_path,ex_post_descriptive,7396,117.43900698240792,117.3731818015564,-0.06582518085151817,0.0,0.3635749053542455,-0.03673766502650627,-0.05481096942430228,5.1128019267008735,-5.13534178155717,1.592709143371426,0.0005436743362577708,0.000543100371193495,-5.739650642757439e-07,full,pooled,pooled,pooled,/home/runner/work/money-making/money-making/projects/harv-extension/outputs/cp_repo_ops_hg_math_audited_actions/29058736547/combined/predictions/full,,,True,True,True,7396,7396,10
RAW_CP_REPO_PLUS_PM,CP_REPO_FRESH,POOLED,recent_ramp_high_dispersion,ex_post_descriptive,24273,117.22843659056235,118.4281414949415,1.1997049043791372,0.0,0.4410250072096568,1.3140490958753341,0.9375082469676144,8.347429880088947,-7.326538521327824,2.644424804628976,0.000754111398140017,0.0007926212485103806,3.850985037036356e-05,full,pooled,pooled,pooled,/home/runner/work/money-making/money-making/projects/harv-extension/outputs/cp_repo_ops_hg_math_audited_actions/29058736547/combined/predictions/full,,,True,True,True,24273,24273,10
RAW_CP_REPO_PLUS_PM,CP_REPO_FRESH,POOLED,entry_with_recent_spike,ex_post_descriptive,43747,94.3261715200599,94.9939885723259,0.6678170522660087,0.0,0.46739204974055365,0.7094631619722273,0.42655884904354696,6.548065244516135,-5.751596102485869,2.965801052279801,0.0008079924676678761,0.0008304363652918029,2.2443897623926748e-05,full,pooled,pooled,pooled,/home/runner/work/money-making/money-making/projects/harv-extension/outputs/cp_repo_ops_hg_math_audited_actions/29058736547/combined/predictions/full,,,True,True,True,43747,43747,10
RAW_CP_REPO_PLUS_PM,CP_REPO_FRESH,POOLED,entry_without_recent_spike,ex_post_descriptive,29710,91.82503141320232,91.450697436652,-0.3743339765503318,0.0,0.4212386401884887,-0.24255365296734793,-0.16587913137718957,5.846424405308291,-6.216954113862194,3.071547654312109,0.0006521910138320571,0.0006476522732693515,-4.538740562705656e-06,full,pooled,pooled,pooled,/home/runner/work/money-making/money-making/projects/harv-extension/outputs/cp_repo_ops_hg_math_audited_actions/29058736547/combined/predictions/full,,,True,True,True,29710,29710,10
RAW_CP_REPO_PLUS_PM,CP_REPO_FRESH,POOLED,same_average_recent_front_loaded,ex_post_descriptive,14331,93.82982067811714,93.68336123354462,-0.14645944457252072,0.0,0.4308143186100063,-0.03348220547104968,-0.05286697229295846,5.0967137468189785,-5.301014051331202,2.5110922796828277,0.0006143233897203712,0.0006156989961505774,1.3756064302061012e-06,full,pooled,pooled,pooled,/home/runner/work/money-making/money-making/projects/harv-extension/outputs/cp_repo_ops_hg_math_audited_actions/29058736547/combined/predictions/full,,,True,True,True,14331,14331,10
RAW_CP_REPO_PLUS_PM,CP_REPO_FRESH,POOLED,same_average_back_loaded,ex_post_descriptive,15559,116.0617742118973,115.5837931550299,-0.47798105686739245,0.0,0.3399961437110354,-0.40261982892419207,-0.3045443891381246,5.236958248646039,-5.642327617074068,1.7991370392245685,0.0005329293188089855,0.0005277712464133768,-5.1580723956089215e-06,full,pooled,pooled,pooled,/home/runner/work/money-making/money-making/projects/harv-extension/outputs/cp_repo_ops_hg_math_audited_actions/29058736547/combined/predictions/full,,,True,True,True,15559,15559,10
RAW_CP_REPO_PLUS_PM,CP_REPO_FRESH,POOLED,stable_low_dispersion,ex_post_descriptive,68968,80.59960521335717,79.91610747922876,-0.6834977341284219,-0.15931120848103228,0.42006437768240346,-0.5629710792037812,-0.5551192268585496,5.732598287984009,-5.928666909369197,3.483260808761103,0.0006521999731667115,0.0006423459670206479,-9.854006146063648e-06,full,pooled,pooled,pooled,/home/runner/work/money-making/money-making/projects/harv-extension/outputs/cp_repo_ops_hg_math_audited_actions/29058736547/combined/predictions/full,,,True,True,True,68968,68968,10
CP_REPO_OPS_R,CP_REPO_FRESH,POOLED,all_observations,not_conditioned,367248,100.99205822268314,100.86366052430078,-0.12839769838234588,0.0,0.41213839149566506,-0.06558319426505184,-0.012941815072841586,2.372987118555076,-2.656914988809655,0.8204079986386539,0.0005867154732956994,0.0005861095986443927,-6.058746513066936e-07,full,pooled,pooled,pooled,/home/runner/work/money-making/money-making/projects/harv-extension/outputs/cp_repo_ops_hg_math_audited_actions/29058736547/combined/predictions/full,,,True,True,True,367248,367248,10
CP_REPO_OPS_R,CP_REPO_FRESH,POOLED,cluster_entry_loose,ex_post_descriptive,73457,93.58984609649221,93.56088921296094,-0.028956883531269864,0.0,0.4406795812516166,-0.023305544886393942,0.0036027321333518517,2.3184461425176117,-2.384966188905874,1.0065477372321447,0.0007566405571291941,0.0007565085520951432,-1.320050340507264e-07,full,pooled,pooled,pooled,/home/runner/work/money-making/money-making/projects/harv-extension/outputs/cp_repo_ops_hg_math_audited_actions/29058736547/combined/predictions/full,,,True,True,True,73457,73457,10
CP_REPO_OPS_R,CP_REPO_FRESH,POOLED,cluster_entry_strict,ex_post_descriptive,73266,93.5455092653172,93.51351872765493,-0.03199053766225705,0.0,0.4407364944176016,-0.024620751160888358,0.0032651035000394913,2.3120633836322986,-2.3843522976694063,1.0076247105792566,0.0007576218050877635,0.0007574764163155195,-1.4538877224404838e-07,full,pooled,pooled,pooled,/home/runner/work/money-making/money-making/projects/harv-extension/outputs/cp_repo_ops_hg_math_audited_actions/29058736547/combined/predictions/full,,,True,True,True,73266,73266,10
CP_REPO_OPS_R,CP_REPO_FRESH,POOLED,cluster_exit_loose,ex_post_descriptive,73455,98.0582303660421,97.78270324564932,-0.2755271203927765,0.0,0.40374378871417876,-0.17612445333550303,-0.08327951473492505,3.191612122210218,-3.6065067437875453,1.1881011493024403,0.000619263378068426,0.0006171643472764073,-2.099030792018586e-06,full,pooled,pooled,pooled,/home/runner/work/money-making/money-making/projects/harv-extension/outputs/cp_repo_ops_hg_math_audited_actions/29058736547/combined/predictions/full,,,True,True,True,73455,73455,10
CP_REPO_OPS_R,CP_REPO_FRESH,POOLED,cluster_exit_strict,ex_post_descriptive,73334,97.98752500237235,97.71189563488281,-0.27562936748953965,0.0,0.40386451032263343,-0.1764795396392923,-0.08351074417335079,3.191735909384362,-3.6057647685159497,1.1889896510978843,0.0006192441112483068,0.0006171434139368189,-2.1006973114880262e-06,full,pooled,pooled,pooled,/home/runner/work/money-making/money-making/projects/harv-extension/outputs/cp_repo_ops_hg_math_audited_actions/29058736547/combined/predictions/full,,,True,True,True,73334,73334,10
CP_REPO_OPS_R,CP_REPO_FRESH,POOLED,inflection_points,ex_post_descriptive,144886,91.26793628615681,91.11849778030444,-0.1494385058523734,0.0,0.43098021893074556,-0.10880011607332259,-0.04722627853427623,2.548479109199928,-2.757400835438626,1.109714833506958,0.0006542793085521618,0.0006529679144583393,-1.3113940938224524e-06,full,pooled,pooled,pooled,/home/runner/work/money-making/money-making/projects/harv-extension/outputs/cp_repo_ops_hg_math_audited_actions/29058736547/combined/predictions/full,,,True,True,True,144886,144886,10
CP_REPO_OPS_R,CP_REPO_FRESH,POOLED,high_within_block_dispersion,ex_post_descriptive,68970,119.84831487932644,119.60427234064147,-0.24404253868495987,0.0,0.37032042917210384,-0.15985191161124113,-0.021362990908114447,3.555742937054242,-4.249016942901286,0.7369719758677213,0.0005691688577567754,0.0005686239437191444,-5.449140376310463e-07,full,pooled,pooled,pooled,/home/runner/work/money-making/money-making/projects/harv-extension/outputs/cp_repo_ops_hg_math_audited_actions/29058736547/combined/predictions/full,,,True,True,True,68970,68970,10
CP_REPO_OPS_R,CP_REPO_FRESH,POOLED,recent_spike_position,ex_post_descriptive,125358,111.5358052018782,111.53126331543434,-0.004541886443838571,0.0,0.4029898371065269,0.03947874064397044,0.048519272347653235,1.9548844142136717,-2.1271729266730843,0.5476657459808294,0.0006077912014496306,0.0006091827784219505,1.3915769723198585e-06,full,pooled,pooled,pooled,/home/runner/work/money-making/money-making/projects/harv-extension/outputs/cp_repo_ops_hg_math_audited_actions/29058736547/combined/predictions/full,,,True,True,True,125358,125358,10
CP_REPO_OPS_R,CP_REPO_FRESH,POOLED,older_spike_position,ex_post_descriptive,108871,97.6182689048575,97.43444157677634,-0.18382732808116328,0.0,0.4033581027087103,-0.13921374649616702,-0.07742686996309617,2.6290156294336193,-2.833442602574249,0.945360532934842,0.0005724496322601614,0.0005701423444680369,-2.3072877921245466e-06,full,pooled,pooled,pooled,/home/runner/work/money-making/money-making/projects/harv-extension/outputs/cp_repo_ops_hg_math_audited_actions/29058736547/combined/predictions/full,,,True,True,True,108871,108871,10
CP_REPO_OPS_R,CP_REPO_FRESH,POOLED,same_average_different_path,ex_post_descriptive,7396,117.38756258121558,117.3731818015564,-0.014380779659177863,0.0,0.3687128177393186,-0.0011888119125779053,-0.027842855773259928,2.2626955444728396,-2.2725311354586215,0.6533865313725471,0.0005436850443085667,0.000543100371193495,-5.846731150716412e-07,full,pooled,pooled,pooled,/home/runner/work/money-making/money-making/projects/harv-extension/outputs/cp_repo_ops_hg_math_audited_actions/29058736547/combined/predictions/full,,,True,True,True,7396,7396,10
CP_REPO_OPS_R,CP_REPO_FRESH,POOLED,recent_ramp_high_dispersion,ex_post_descriptive,24273,118.37675226676143,118.4281414949415,0.05138922818005443,0.0,0.40258723684752606,-0.0069638609149843475,0.0419695816370865,2.7501706723831534,-2.7986564458789682,0.7904964945885382,0.0007912617054212173,0.0007926212485103806,1.3595430891632256e-06,full,pooled,pooled,pooled,/home/runner/work/money-making/money-making/projects/harv-extension/outputs/cp_repo_ops_hg_math_audited_actions/29058736547/combined/predictions/full,,,True,True,True,24273,24273,10
CP_REPO_OPS_R,CP_REPO_FRESH,POOLED,entry_with_recent_spike,ex_post_descriptive,43747,94.87850000371748,94.9939885723259,0.11548856860840863,0.0,0.46336891672571834,0.12445122929484193,0.09580295635162225,2.052523792476743,-1.9913074786939051,0.8946078289248867,0.0008270652038479785,0.0008304363652918029,3.3711614438244714e-06,full,pooled,pooled,pooled,/home/runner/work/money-making/money-making/projects/harv-extension/outputs/cp_repo_ops_hg_math_audited_actions/29058736547/combined/predictions/full,,,True,True,True,43747,43747,10
CP_REPO_OPS_R,CP_REPO_FRESH,POOLED,entry_without_recent_spike,ex_post_descriptive,29710,91.69234550815885,91.450697436652,-0.241648071506851,0.0,0.40727027936721644,-0.253107080786119,-0.16155106448379636,2.7639429985240938,-2.901026529073061,1.2210363707837928,0.0006529425759778421,0.0006476522732693515,-5.290302708490519e-06,full,pooled,pooled,pooled,/home/runner/work/money-making/money-making/projects/harv-extension/outputs/cp_repo_ops_hg_math_audited_actions/29058736547/combined/predictions/full,,,True,True,True,29710,29710,10
CP_REPO_OPS_R,CP_REPO_FRESH,POOLED,same_average_recent_front_loaded,ex_post_descriptive,14331,93.75789827694051,93.68336123354462,-0.07453704339587078,0.0,0.4303258670016049,-0.045549671515743614,-0.022819096781877678,1.9123754051031616,-2.0273974609359113,0.8509664184854557,0.0006163698599364186,0.0006156989961505774,-6.708637858413459e-07,full,pooled,pooled,pooled,/home/runner/work/money-making/money-making/projects/harv-extension/outputs/cp_repo_ops_hg_math_audited_actions/29058736547/combined/predictions/full,,,True,True,True,14331,14331,10
CP_REPO_OPS_R,CP_REPO_FRESH,POOLED,same_average_back_loaded,ex_post_descriptive,15559,115.64855123972308,115.5837931550299,-0.06475808469317478,0.0,0.36274824860209526,-0.05822718243579716,-0.04118386975722438,2.1313476881707607,-2.2156521739933512,0.6184270972902226,0.0005282965152193914,0.0005277712464133768,-5.252688060147421e-07,full,pooled,pooled,pooled,/home/runner/work/money-making/money-making/projects/harv-extension/outputs/cp_repo_ops_hg_math_audited_actions/29058736547/combined/predictions/full,,,True,True,True,15559,15559,10
CP_REPO_OPS_R,CP_REPO_FRESH,POOLED,stable_low_dispersion,ex_post_descriptive,68968,80.06887662886702,79.91610747922876,-0.15276914963826332,0.0,0.4586039902563508,-0.07459305259591088,-0.03563333228063217,1.9894368771778748,-2.2059422149638372,0.9958386235895205,0.0006434555722190991,0.0006423459670206479,-1.109605198451303e-06,full,pooled,pooled,pooled,/home/runner/work/money-making/money-making/projects/harv-extension/outputs/cp_repo_ops_hg_math_audited_actions/29058736547/combined/predictions/full,,,True,True,True,68968,68968,10
CP_REPO_RIDGE_OPS_R,CP_REPO_FRESH,POOLED,all_observations,not_conditioned,367248,100.99196610312336,100.86366052430078,-0.12830557882257917,0.0,0.4119641223369494,-0.06552857413152015,-0.012976789928588734,2.37329275877506,-2.6543368353403327,0.8198365246343449,0.0005867128055373631,0.0005861095986443927,-6.032068929707054e-07,full,pooled,pooled,pooled,/home/runner/work/money-making/money-making/projects/harv-extension/outputs/cp_repo_ops_hg_math_audited_actions/29058736547/combined/predictions/full,,,True,True,True,367248,367248,10
CP_REPO_RIDGE_OPS_R,CP_REPO_FRESH,POOLED,cluster_entry_loose,ex_post_descriptive,73457,93.5896524973343,93.56088921296094,-0.028763284373364083,0.0,0.4402984058701009,-0.02294124325056646,0.00370801145373724,2.319215016046251,-2.3838047737210806,1.005804181503052,0.0007566389206284627,0.0007565085520951432,-1.3036853331934282e-07,full,pooled,pooled,pooled,/home/runner/work/money-making/money-making/projects/harv-extension/outputs/cp_repo_ops_hg_math_audited_actions/29058736547/combined/predictions/full,,,True,True,True,73457,73457,10
CP_REPO_RIDGE_OPS_R,CP_REPO_FRESH,POOLED,cluster_entry_strict,ex_post_descriptive,73266,93.54531298306092,93.51351872765493,-0.03179425540597754,0.0,0.4403133786476674,-0.024261432120282502,0.003374175079639064,2.3130451450740575,-2.3831849076023115,1.0067737526730554,0.0007576201635730793,0.0007574764163155195,-1.4374725755991604e-07,full,pooled,pooled,pooled,/home/runner/work/money-making/money-making/projects/harv-extension/outputs/cp_repo_ops_hg_math_audited_actions/29058736547/combined/predictions/full,,,True,True,True,73266,73266,10
CP_REPO_RIDGE_OPS_R,CP_REPO_FRESH,POOLED,cluster_exit_loose,ex_post_descriptive,73455,98.05803315439107,97.78270324564932,-0.275329908741731,0.0,0.4033898305084746,-0.1768171718188696,-0.08321856329613858,3.194344858360857,-3.6095013807803182,1.1875485634559766,0.0006192540116756321,0.0006171643472764073,-2.089664399224756e-06,full,pooled,pooled,pooled,/home/runner/work/money-making/money-making/projects/harv-extension/outputs/cp_repo_ops_hg_math_audited_actions/29058736547/combined/predictions/full,,,True,True,True,73455,73455,10
CP_REPO_RIDGE_OPS_R,CP_REPO_FRESH,POOLED,cluster_exit_strict,ex_post_descriptive,73334,97.98732611664498,97.71189563488281,-0.2754304817621333,0.0,0.40344178689284643,-0.17722559518897998,-0.0834494439191357,3.1950128087833396,-3.608645820024162,1.1886165108345068,0.0006192347328681122,0.0006171434139368189,-2.0913189312933376e-06,full,pooled,pooled,pooled,/home/runner/work/money-making/money-making/projects/harv-extension/outputs/cp_repo_ops_hg_math_audited_actions/29058736547/combined/predictions/full,,,True,True,True,73334,73334,10
CP_REPO_RIDGE_OPS_R,CP_REPO_FRESH,POOLED,inflection_points,ex_post_descriptive,144886,91.26769002599796,91.11849778030444,-0.1491922456935289,0.0,0.4306075121129716,-0.10856325396520954,-0.04716889033273549,2.550037926424671,-2.7574606531053854,1.1084999957100798,0.0006542757817904834,0.0006529679144583393,-1.3078673321441753e-06,full,pooled,pooled,pooled,/home/runner/work/money-making/money-making/projects/harv-extension/outputs/cp_repo_ops_hg_math_audited_actions/29058736547/combined/predictions/full,,,True,True,True,144886,144886,10
CP_REPO_RIDGE_OPS_R,CP_REPO_FRESH,POOLED,high_within_block_dispersion,ex_post_descriptive,68970,119.84783541419495,119.60427234064147,-0.24356307355346402,0.0,0.368928519646223,-0.15964594648582955,-0.02129638428762509,3.56834638076513,-4.252771495713484,0.7360859389007892,0.0005691581569565186,0.0005686239437191444,-5.342132373743252e-07,full,pooled,pooled,pooled,/home/runner/work/money-making/money-making/projects/harv-extension/outputs/cp_repo_ops_hg_math_audited_actions/29058736547/combined/predictions/full,,,True,True,True,68970,68970,10
CP_REPO_RIDGE_OPS_R,CP_REPO_FRESH,POOLED,recent_spike_position,ex_post_descriptive,125358,111.53581235049747,111.53126331543434,-0.0045490350631238,0.0,0.40299781425995945,0.039426900096573084,0.04841718295685235,1.9540671301025954,-2.1238026798523224,0.5471602198734331,0.0006077921388079513,0.0006091827784219505,1.39063961399927e-06,full,pooled,pooled,pooled,/home/runner/work/money-making/money-making/projects/harv-extension/outputs/cp_repo_ops_hg_math_audited_actions/29058736547/combined/predictions/full,,,True,True,True,125358,125358,10
CP_REPO_RIDGE_OPS_R,CP_REPO_FRESH,POOLED,older_spike_position,ex_post_descriptive,108871,97.61803623824476,97.43444157677634,-0.1835946614683996,0.0,0.4033121767963921,-0.1391631567139761,-0.0773765196859575,2.6287726504572295,-2.8291008607051635,0.9449615115616226,0.0005724442449895871,0.0005701423444680369,-2.30190052155013e-06,full,pooled,pooled,pooled,/home/runner/work/money-making/money-making/projects/harv-extension/outputs/cp_repo_ops_hg_math_audited_actions/29058736547/combined/predictions/full,,,True,True,True,108871,108871,10
CP_REPO_RIDGE_OPS_R,CP_REPO_FRESH,POOLED,same_average_different_path,ex_post_descriptive,7396,117.3873723558144,117.3731818015564,-0.014190554258004627,0.0,0.3714169821525149,-0.0010820059276717283,-0.027897881063013615,2.2453758227928864,-2.2810911725470047,0.6508307841505854,0.0005436771089560634,0.000543100371193495,-5.767377625682567e-07,full,pooled,pooled,pooled,/home/runner/work/money-making/money-making/projects/harv-extension/outputs/cp_repo_ops_hg_math_audited_actions/29058736547/combined/predictions/full,,,True,True,True,7396,7396,10
CP_REPO_RIDGE_OPS_R,CP_REPO_FRESH,POOLED,recent_ramp_high_dispersion,ex_post_descriptive,24273,118.37665576297908,118.4281414949415,0.05148573196239575,0.0,0.4016808799901125,-0.006530721174080848,0.04200874818984321,2.7536671425622825,-2.7979605932953353,0.7909005183713376,0.0007912606947404373,0.0007926212485103806,1.3605537699432498e-06,full,pooled,pooled,pooled,/home/runner/work/money-making/money-making/projects/harv-extension/outputs/cp_repo_ops_hg_math_audited_actions/29058736547/combined/predictions/full,,,True,True,True,24273,24273,10
CP_REPO_RIDGE_OPS_R,CP_REPO_FRESH,POOLED,entry_with_recent_spike,ex_post_descriptive,43747,94.87844054861816,94.9939885723259,0.11554802370774774,0.0,0.4634832102772762,0.1244910885517889,0.0957630225633282,2.0513554301346573,-1.9920621147239925,0.8921426517225655,0.0008270662240832117,0.0008304363652918029,3.3701412085912427e-06,full,pooled,pooled,pooled,/home/runner/work/money-making/money-making/projects/harv-extension/outputs/cp_repo_ops_hg_math_audited_actions/29058736547/combined/predictions/full,,,True,True,True,43747,43747,10
CP_REPO_RIDGE_OPS_R,CP_REPO_FRESH,POOLED,entry_without_recent_spike,ex_post_descriptive,29710,91.69195438627695,91.450697436652,-0.24125694962494262,0.0,0.40615954224166945,-0.2520019462019606,-0.16117266015154158,2.7692954804486276,-2.896640677748243,1.221009420104103,0.0006529370275205895,0.0006476522732693515,-5.28475425123797e-06,full,pooled,pooled,pooled,/home/runner/work/money-making/money-making/projects/harv-extension/outputs/cp_repo_ops_hg_math_audited_actions/29058736547/combined/predictions/full,,,True,True,True,29710,29710,10
CP_REPO_RIDGE_OPS_R,CP_REPO_FRESH,POOLED,same_average_recent_front_loaded,ex_post_descriptive,14331,93.75765346691074,93.68336123354462,-0.07429223336609435,0.0,0.4323494522364106,-0.045371316681978906,-0.022769222693684674,1.9028973263037585,-2.0228220031703517,0.8499322580134248,0.0006163675241963081,0.0006156989961505774,-6.685280457308869e-07,full,pooled,pooled,pooled,/home/runner/work/money-making/money-making/projects/harv-extension/outputs/cp_repo_ops_hg_math_audited_actions/29058736547/combined/predictions/full,,,True,True,True,14331,14331,10
CP_REPO_RIDGE_OPS_R,CP_REPO_FRESH,POOLED,same_average_back_loaded,ex_post_descriptive,15559,115.64836817660037,115.5837931550299,-0.06457502157047047,0.0,0.3641622212224436,-0.05781089456437494,-0.04105774880405162,2.1227350624287165,-2.2155966719374462,0.618746671932854,0.0005282920544308119,0.0005277712464133768,-5.208080174351452e-07,full,pooled,pooled,pooled,/home/runner/work/money-making/money-making/projects/harv-extension/outputs/cp_repo_ops_hg_math_audited_actions/29058736547/combined/predictions/full,,,True,True,True,15559,15559,10
CP_REPO_RIDGE_OPS_R,CP_REPO_FRESH,POOLED,stable_low_dispersion,ex_post_descriptive,68968,80.06889110984451,79.91610747922876,-0.1527836306157741,0.0,0.45829950121795615,-0.07450773665621205,-0.035725945330348764,1.9901243505063282,-2.2061651568720215,0.9957022110349385,0.0006434553363747196,0.0006423459670206479,-1.1093693540716722e-06,full,pooled,pooled,pooled,/home/runner/work/money-making/money-making/projects/harv-extension/outputs/cp_repo_ops_hg_math_audited_actions/29058736547/combined/predictions/full,,,True,True,True,68968,68968,10
CP_REPO_RECENT_SLOPE,CP_REPO_FRESH,POOLED,all_observations,not_conditioned,367248,101.07345760023449,100.86366052430078,-0.2097970759336908,0.0,0.4134699167864767,-0.1119340638384251,-0.0193415255528341,5.002873169933789,-5.472974639780365,2.246479165312209,0.0005857162065514044,0.0005861095986443927,3.9339209298816766e-07,full,pooled,pooled,pooled,/home/runner/work/money-making/money-making/projects/harv-extension/outputs/cp_repo_ops_hg_math_audited_actions/29058736547/combined/predictions/full,,,True,True,True,367248,367248,10
CP_REPO_RECENT_SLOPE,CP_REPO_FRESH,POOLED,cluster_entry_loose,ex_post_descriptive,73457,93.30822872052768,93.56088921296094,0.2526604924332617,0.0,0.4603781804320895,0.26441172053349227,0.21405537925331214,6.197580660124473,-6.157494229352092,2.986297998484517,0.0007510467288879572,0.0007565085520951432,5.4618232071861295e-06,full,pooled,pooled,pooled,/home/runner/work/money-making/money-making/projects/harv-extension/outputs/cp_repo_ops_hg_math_audited_actions/29058736547/combined/predictions/full,,,True,True,True,73457,73457,10
CP_REPO_RECENT_SLOPE,CP_REPO_FRESH,POOLED,cluster_entry_strict,ex_post_descriptive,73266,93.25924566499219,93.51351872765493,0.25427306266275523,0.0,0.46032265989681437,0.26389524521306174,0.21253382656221256,6.198724677908409,-6.148809114565371,2.9860978969941776,0.0007520242703408657,0.0007574764163155195,5.452145974653645e-06,full,pooled,pooled,pooled,/home/runner/work/money-making/money-making/projects/harv-extension/outputs/cp_repo_ops_hg_math_audited_actions/29058736547/combined/predictions/full,,,True,True,True,73266,73266,10
CP_REPO_RECENT_SLOPE,CP_REPO_FRESH,POOLED,cluster_exit_loose,ex_post_descriptive,73455,98.4937536508175,97.78270324564932,-0.7110504051681719,0.0,0.3681846028180519,-0.6808653570023878,-0.5368977614959505,5.454647537501547,-5.795095597880919,2.61560582038911,0.0006267250449932158,0.0006171643472764073,-9.560697716808364e-06,full,pooled,pooled,pooled,/home/runner/work/money-making/money-making/projects/harv-extension/outputs/cp_repo_ops_hg_math_audited_actions/29058736547/combined/predictions/full,,,True,True,True,73455,73455,10
CP_REPO_RECENT_SLOPE,CP_REPO_FRESH,POOLED,cluster_exit_strict,ex_post_descriptive,73334,98.42278586482341,97.71189563488281,-0.7108902299405877,0.0,0.36832846974118416,-0.6811608317673804,-0.5379142922263427,5.456758381086004,-5.795257624501934,2.6189462732946143,0.0006267187210492841,0.0006171434139368189,-9.57530711246518e-06,full,pooled,pooled,pooled,/home/runner/work/money-making/money-making/projects/harv-extension/outputs/cp_repo_ops_hg_math_audited_actions/29058736547/combined/predictions/full,,,True,True,True,73334,73334,10
CP_REPO_RECENT_SLOPE,CP_REPO_FRESH,POOLED,inflection_points,ex_post_descriptive,144886,91.38876898443903,91.11849778030444,-0.2702712041345974,0.0,0.4305868061786508,-0.20946659748855442,-0.12215785976445336,5.429446739834346,-5.746961781113422,2.7897701661888163,0.00065491048061659,0.0006529679144583393,-1.9425661582506007e-06,full,pooled,pooled,pooled,/home/runner/work/money-making/money-making/projects/harv-extension/outputs/cp_repo_ops_hg_math_audited_actions/29058736547/combined/predictions/full,,,True,True,True,144886,144886,10
CP_REPO_RECENT_SLOPE,CP_REPO_FRESH,POOLED,high_within_block_dispersion,ex_post_descriptive,68970,119.75328291561652,119.60427234064147,-0.14901057497506623,0.0,0.3665796723212991,-0.1416845101377137,-0.08127874409929256,7.169921831409543,-7.4358290834811465,1.9610206304115252,0.0005670459261176686,0.0005686239437191444,1.5780176014757428e-06,full,pooled,pooled,pooled,/home/runner/work/money-making/money-making/projects/harv-extension/outputs/cp_repo_ops_hg_math_audited_actions/29058736547/combined/predictions/full,,,True,True,True,68970,68970,10
CP_REPO_RECENT_SLOPE,CP_REPO_FRESH,POOLED,recent_spike_position,ex_post_descriptive,125358,111.4013202574482,111.53126331543434,0.12994305798616818,0.0,0.41165302573429696,0.2140981718887472,0.20458111916684651,4.981522226705,-5.26553395420331,1.773316345097129,0.0006036288920138116,0.0006091827784219505,5.5538864081389135e-06,full,pooled,pooled,pooled,/home/runner/work/money-making/money-making/projects/harv-extension/outputs/cp_repo_ops_hg_math_audited_actions/29058736547/combined/predictions/full,,,True,True,True,125358,125358,10
CP_REPO_RECENT_SLOPE,CP_REPO_FRESH,POOLED,older_spike_position,ex_post_descriptive,108871,97.79419854747213,97.43444157677634,-0.35975697069575935,0.0,0.4111838781677398,-0.21844752129458075,-0.07414265610908488,4.119376986421794,-4.746515749119505,1.9615851045961676,0.0005695720814178642,0.0005701423444680369,5.70263050172807e-07,full,pooled,pooled,pooled,/home/runner/work/money-making/money-making/projects/harv-extension/outputs/cp_repo_ops_hg_math_audited_actions/29058736547/combined/predictions/full,,,True,True,True,108871,108871,10
CP_REPO_RECENT_SLOPE,CP_REPO_FRESH,POOLED,same_average_different_path,ex_post_descriptive,7396,117.67436616137776,117.3731818015564,-0.3011843598213615,0.0,0.3477555435370471,-0.3081343167562289,-0.28928910459476004,5.136827656508502,-5.237272814714606,1.6938288434501239,0.0005508417354167256,0.000543100371193495,-7.741364223230583e-06,full,pooled,pooled,pooled,/home/runner/work/money-making/money-making/projects/harv-extension/outputs/cp_repo_ops_hg_math_audited_actions/29058736547/combined/predictions/full,,,True,True,True,7396,7396,10
CP_REPO_RECENT_SLOPE,CP_REPO_FRESH,POOLED,recent_ramp_high_dispersion,ex_post_descriptive,24273,117.46385926694164,118.4281414949415,0.964282227999836,0.0,0.4399126601573765,0.9258422817971544,0.6704609474137665,8.185334770035652,-7.679945056306336,2.438871662168509,0.0007757871996578469,0.0007926212485103806,1.683404885253372e-05,full,pooled,pooled,pooled,/home/runner/work/money-making/money-making/projects/harv-extension/outputs/cp_repo_ops_hg_math_audited_actions/29058736547/combined/predictions/full,,,True,True,True,24273,24273,10
CP_REPO_RECENT_SLOPE,CP_REPO_FRESH,POOLED,entry_with_recent_spike,ex_post_descriptive,43747,94.60297104578166,94.9939885723259,0.3910175265442483,0.0,0.47196379180286646,0.3989196720905198,0.30212589268092743,5.723924291292838,-5.608790916630155,2.7751132531128206,0.0008205025905934647,0.0008304363652918029,9.933774698338275e-06,full,pooled,pooled,pooled,/home/runner/work/money-making/money-making/projects/harv-extension/outputs/cp_repo_ops_hg_math_audited_actions/29058736547/combined/predictions/full,,,True,True,True,43747,43747,10
CP_REPO_RECENT_SLOPE,CP_REPO_FRESH,POOLED,entry_without_recent_spike,ex_post_descriptive,29710,91.40176313645212,91.450697436652,0.048934300199894795,0.0,0.4433187478963312,0.06738003325455738,0.06673725399438776,6.940089432978982,-6.91794815525858,3.3770669136183358,0.0006487752518758119,0.0006476522732693515,-1.1229786064602129e-06,full,pooled,pooled,pooled,/home/runner/work/money-making/money-making/projects/harv-extension/outputs/cp_repo_ops_hg_math_audited_actions/29058736547/combined/predictions/full,,,True,True,True,29710,29710,10
CP_REPO_RECENT_SLOPE,CP_REPO_FRESH,POOLED,same_average_recent_front_loaded,ex_post_descriptive,14331,93.6339673885913,93.68336123354462,0.04939384495331365,0.0,0.44979415253645944,0.0770891350854956,0.08220208319132281,5.630132894345098,-5.843016986029976,2.912397466961565,0.0006157802635368399,0.0006156989961505774,-8.126738626267676e-08,full,pooled,pooled,pooled,/home/runner/work/money-making/money-making/projects/harv-extension/outputs/cp_repo_ops_hg_math_audited_actions/29058736547/combined/predictions/full,,,True,True,True,14331,14331,10
CP_REPO_RECENT_SLOPE,CP_REPO_FRESH,POOLED,same_average_back_loaded,ex_post_descriptive,15559,116.17996953537059,115.5837931550299,-0.5961763803406914,0.0,0.3213574137155344,-0.5449467914696587,-0.45113262159924394,4.033897912431005,-4.487259656183457,1.4803860157637132,0.0005315919465523918,0.0005277712464133768,-3.820700139014968e-06,full,pooled,pooled,pooled,/home/runner/work/money-making/money-making/projects/harv-extension/outputs/cp_repo_ops_hg_math_audited_actions/29058736547/combined/predictions/full,,,True,True,True,15559,15559,10
CP_REPO_RECENT_SLOPE,CP_REPO_FRESH,POOLED,stable_low_dispersion,ex_post_descriptive,68968,80.22106283124597,79.91610747922876,-0.3049553520172287,0.0,0.4699280825890268,-0.1496317587980143,-0.024866512504568103,4.181843048253827,-4.812223571901975,2.5169273342580816,0.0006432030687480271,0.0006423459670206479,-8.571017273791924e-07,full,pooled,pooled,pooled,/home/runner/work/money-making/money-making/projects/harv-extension/outputs/cp_repo_ops_hg_math_audited_actions/29058736547/combined/predictions/full,,,True,True,True,68968,68968,10
CP_REPO_HAAR_SHAPE,CP_REPO_FRESH,POOLED,all_observations,not_conditioned,367248,101.11778313445646,100.86366052430078,-0.25412261015572735,0.0,0.41070067093626106,-0.07855741459554298,-0.010897464091837915,6.556457578902221,-7.032170610880741,2.5684375599728497,0.0005843838504363261,0.0005861095986443927,1.7257482080665486e-06,full,pooled,pooled,pooled,/home/runner/work/money-making/money-making/projects/harv-extension/outputs/cp_repo_ops_hg_math_audited_actions/29058736547/combined/predictions/full,,,True,True,True,367248,367248,10
CP_REPO_HAAR_SHAPE,CP_REPO_FRESH,POOLED,cluster_entry_loose,ex_post_descriptive,73457,93.34436643257881,93.56088921296094,0.21652278038212214,0.0,0.44458662891215267,0.27750709201283974,0.17356400221065035,6.59940736787229,-6.213606796409255,3.171138554839409,0.0007481536864621052,0.0007565085520951432,8.354865633038097e-06,full,pooled,pooled,pooled,/home/runner/work/money-making/money-making/projects/harv-extension/outputs/cp_repo_ops_hg_math_audited_actions/29058736547/combined/predictions/full,,,True,True,True,73457,73457,10
CP_REPO_HAAR_SHAPE,CP_REPO_FRESH,POOLED,cluster_entry_strict,ex_post_descriptive,73266,93.30295105931877,93.51351872765493,0.21056766833617221,0.0,0.4446946742008572,0.2728946388384285,0.17293411907076675,6.585291613473674,-6.211683416110922,3.1762845838466447,0.0007491417744735296,0.0007574764163155195,8.334641841989742e-06,full,pooled,pooled,pooled,/home/runner/work/money-making/money-making/projects/harv-extension/outputs/cp_repo_ops_hg_math_audited_actions/29058736547/combined/predictions/full,,,True,True,True,73266,73266,10
CP_REPO_HAAR_SHAPE,CP_REPO_FRESH,POOLED,cluster_exit_loose,ex_post_descriptive,73455,98.63144870355174,97.78270324564932,-0.8487454579024053,0.0,0.41067320127969503,-0.5693943917982162,-0.10136687301162169,7.2771146753086535,-9.000703758640377,3.130713048487465,0.0006176349532224763,0.0006171643472764073,-4.7060594606887496e-07,full,pooled,pooled,pooled,/home/runner/work/money-making/money-making/projects/harv-extension/outputs/cp_repo_ops_hg_math_audited_actions/29058736547/combined/predictions/full,,,True,True,True,73455,73455,10
CP_REPO_HAAR_SHAPE,CP_REPO_FRESH,POOLED,cluster_exit_strict,ex_post_descriptive,73334,98.56209751862927,97.71189563488281,-0.8502018837464509,0.0,0.4108735375132953,-0.5702519376963271,-0.10148153135505927,7.277526568309629,-9.006039396642244,3.1343611364440385,0.0006176102932829925,0.0006171434139368189,-4.6687934617362785e-07,full,pooled,pooled,pooled,/home/runner/work/money-making/money-making/projects/harv-extension/outputs/cp_repo_ops_hg_math_audited_actions/29058736547/combined/predictions/full,,,True,True,True,73334,73334,10
CP_REPO_HAAR_SHAPE,CP_REPO_FRESH,POOLED,inflection_points,ex_post_descriptive,144886,91.40606725714393,91.11849778030444,-0.2875694768395069,0.0,0.4357149759120964,-0.11685825241857284,-0.03638080651366159,6.734898872322759,-7.184244723487722,3.339983144029784,0.0006519459742391121,0.0006529679144583393,1.0219402192272274e-06,full,pooled,pooled,pooled,/home/runner/work/money-making/money-making/projects/harv-extension/outputs/cp_repo_ops_hg_math_audited_actions/29058736547/combined/predictions/full,,,True,True,True,144886,144886,10
CP_REPO_HAAR_SHAPE,CP_REPO_FRESH,POOLED,high_within_block_dispersion,ex_post_descriptive,68970,119.93241059443726,119.60427234064147,-0.3281382537957486,0.0,0.3935334203276787,-0.0413790776410563,0.4018954774269363,8.52972829439343,-10.669419845957986,2.1546363855307007,0.0005522757565766142,0.0005686239437191444,1.634818714253012e-05,full,pooled,pooled,pooled,/home/runner/work/money-making/money-making/projects/harv-extension/outputs/cp_repo_ops_hg_math_audited_actions/29058736547/combined/predictions/full,,,True,True,True,68970,68970,10
CP_REPO_HAAR_SHAPE,CP_REPO_FRESH,POOLED,recent_spike_position,ex_post_descriptive,125358,111.420018945683,111.53126331543434,0.11124436975134576,0.0,0.39605769077362435,0.21319102963742595,0.11743827018640371,6.029984176249108,-5.966873187350853,1.8119033020488686,0.0006024585445441816,0.0006091827784219505,6.724233877768891e-06,full,pooled,pooled,pooled,/home/runner/work/money-making/money-making/projects/harv-extension/outputs/cp_repo_ops_hg_math_audited_actions/29058736547/combined/predictions/full,,,True,True,True,125358,125358,10
CP_REPO_HAAR_SHAPE,CP_REPO_FRESH,POOLED,older_spike_position,ex_post_descriptive,108871,97.98396367342873,97.43444157677634,-0.5495220966523896,0.0,0.41730120968853046,-0.30372593808727405,-0.05727119547645586,6.793954121524853,-7.963217872536619,2.8050326210919962,0.0005696293373706168,0.0005701423444680369,5.130070974202321e-07,full,pooled,pooled,pooled,/home/runner/work/money-making/money-making/projects/harv-extension/outputs/cp_repo_ops_hg_math_audited_actions/29058736547/combined/predictions/full,,,True,True,True,108871,108871,10
CP_REPO_HAAR_SHAPE,CP_REPO_FRESH,POOLED,same_average_different_path,ex_post_descriptive,7396,116.93470461099385,117.3731818015564,0.4384771905625437,0.0,0.3849378042184965,0.4695815283500807,0.2621056523755197,6.41205587860238,-5.6713811050171525,1.802880862951925,0.0005351107775324829,0.000543100371193495,7.989593661012172e-06,full,pooled,pooled,pooled,/home/runner/work/money-making/money-making/projects/harv-extension/outputs/cp_repo_ops_hg_math_audited_actions/29058736547/combined/predictions/full,,,True,True,True,7396,7396,10
CP_REPO_HAAR_SHAPE,CP_REPO_FRESH,POOLED,recent_ramp_high_dispersion,ex_post_descriptive,24273,117.47909322350569,118.4281414949415,0.9490482714357931,0.0,0.4297779425699337,1.0009868854143757,0.7083318538845171,7.752590970802306,-6.798963243781432,2.4348013646553426,0.0007635342130037125,0.0007926212485103806,2.908703550666812e-05,full,pooled,pooled,pooled,/home/runner/work/money-making/money-making/projects/harv-extension/outputs/cp_repo_ops_hg_math_audited_actions/29058736547/combined/predictions/full,,,True,True,True,24273,24273,10
CP_REPO_HAAR_SHAPE,CP_REPO_FRESH,POOLED,entry_with_recent_spike,ex_post_descriptive,43747,94.4637098145046,94.9939885723259,0.5302787578213181,0.0,0.4592314901593252,0.568654756199887,0.3398780754312543,6.467571983906852,-5.735071535021195,2.9550882449758262,0.0008144164467429316,0.0008304363652918029,1.6019918548871263e-05,full,pooled,pooled,pooled,/home/runner/work/money-making/money-making/projects/harv-extension/outputs/cp_repo_ops_hg_math_audited_actions/29058736547/combined/predictions/full,,,True,True,True,43747,43747,10
CP_REPO_HAAR_SHAPE,CP_REPO_FRESH,POOLED,entry_without_recent_spike,ex_post_descriptive,29710,91.69617003644602,91.450697436652,-0.24547259979399721,0.0,0.42302255132951866,-0.1378369145400132,-0.09102398202364786,6.810146774608895,-6.872579770859359,3.5190058451277153,0.0006505839465090484,0.0006476522732693515,-2.931673239696796e-06,full,pooled,pooled,pooled,/home/runner/work/money-making/money-making/projects/harv-extension/outputs/cp_repo_ops_hg_math_audited_actions/29058736547/combined/predictions/full,,,True,True,True,29710,29710,10
CP_REPO_HAAR_SHAPE,CP_REPO_FRESH,POOLED,same_average_recent_front_loaded,ex_post_descriptive,14331,93.81798489625855,93.68336123354462,-0.1346236627139174,0.0,0.4262089177307934,-0.02823353496275265,-0.04237627779971816,5.735344136422213,-5.747282490377861,2.7090311350313137,0.0006149773528894189,0.0006156989961505774,7.216432611584493e-07,full,pooled,pooled,pooled,/home/runner/work/money-making/money-making/projects/harv-extension/outputs/cp_repo_ops_hg_math_audited_actions/29058736547/combined/predictions/full,,,True,True,True,14331,14331,10
CP_REPO_HAAR_SHAPE,CP_REPO_FRESH,POOLED,same_average_back_loaded,ex_post_descriptive,15559,115.65867035540398,115.5837931550299,-0.0748772003740857,0.0,0.37232469953081815,0.04188497050795715,0.04110732923838364,6.054442879500177,-6.287023241076497,1.8418351103975752,0.0005256676472466782,0.0005277712464133768,2.1035991666985762e-06,full,pooled,pooled,pooled,/home/runner/work/money-making/money-making/projects/harv-extension/outputs/cp_repo_ops_hg_math_audited_actions/29058736547/combined/predictions/full,,,True,True,True,15559,15559,10
CP_REPO_HAAR_SHAPE,CP_REPO_FRESH,POOLED,stable_low_dispersion,ex_post_descriptive,68968,80.32444022658406,79.91610747922876,-0.40833274735531666,-2.842170943040401e-14,0.43887020067277577,-0.3126733620473285,-0.31870334289646135,6.067293199160707,-6.113630349885922,3.3781470704331227,0.0006486480503810246,0.0006423459670206479,-6.302083360376752e-06,full,pooled,pooled,pooled,/home/runner/work/money-making/money-making/projects/harv-extension/outputs/cp_repo_ops_hg_math_audited_actions/29058736547/combined/predictions/full,,,True,True,True,68968,68968,10
CP_REPO_OPS_C,CP_REPO_FRESH,POOLED,all_observations,not_conditioned,367248,101.12241329785022,100.86366052430078,-0.2587527735494077,0.0,0.41066527251339696,-0.07903214987257284,-0.0073475982932881875,6.521702671426393,-7.024124909149798,2.5595195799833466,0.0005844154933839263,0.0005861095986443927,1.6941052604664975e-06,full,pooled,pooled,pooled,/home/runner/work/money-making/money-making/projects/harv-extension/outputs/cp_repo_ops_hg_math_audited_actions/29058736547/combined/predictions/full,,,True,True,True,367248,367248,10
CP_REPO_OPS_C,CP_REPO_FRESH,POOLED,cluster_entry_loose,ex_post_descriptive,73457,93.30150286458142,93.56088921296094,0.25938634837951896,0.0,0.4476360319642784,0.32782779132645656,0.2037528043570636,6.579019836139263,-6.199603634675746,3.1512479658259593,0.0007467307387547899,0.0007565085520951432,9.777813340353424e-06,full,pooled,pooled,pooled,/home/runner/work/money-making/money-making/projects/harv-extension/outputs/cp_repo_ops_hg_math_audited_actions/29058736547/combined/predictions/full,,,True,True,True,73457,73457,10
CP_REPO_OPS_C,CP_REPO_FRESH,POOLED,cluster_entry_strict,ex_post_descriptive,73266,93.26064183191957,93.51351872765493,0.2528768957353686,0.0,0.4477656757568313,0.32392055973477896,0.202647205998487,6.567887846092645,-6.202603068752725,3.1558050691714286,0.0007477129262064273,0.0007574764163155195,9.763490109092102e-06,full,pooled,pooled,pooled,/home/runner/work/money-making/money-making/projects/harv-extension/outputs/cp_repo_ops_hg_math_audited_actions/29058736547/combined/predictions/full,,,True,True,True,73266,73266,10
CP_REPO_OPS_C,CP_REPO_FRESH,POOLED,cluster_exit_loose,ex_post_descriptive,73455,98.62931069662567,97.78270324564932,-0.8466074509763326,0.0,0.40807296984548364,-0.5713605691736606,-0.13090479580758294,7.266745007419221,-8.90356551587833,3.148110164075945,0.0006181690520124289,0.0006171643472764073,-1.0047047360213138e-06,full,pooled,pooled,pooled,/home/runner/work/money-making/money-making/projects/harv-extension/outputs/cp_repo_ops_hg_math_audited_actions/29058736547/combined/predictions/full,,,True,True,True,73455,73455,10
CP_REPO_OPS_C,CP_REPO_FRESH,POOLED,cluster_exit_strict,ex_post_descriptive,73334,98.56051197827848,97.71189563488281,-0.8486163433956626,0.0,0.40825537949655005,-0.5726648693791898,-0.1311318770319137,7.265740729461603,-8.907330700010457,3.1532588113990556,0.0006181418396533703,0.0006171434139368189,-9.984257165515222e-07,full,pooled,pooled,pooled,/home/runner/work/money-making/money-making/projects/harv-extension/outputs/cp_repo_ops_hg_math_audited_actions/29058736547/combined/predictions/full,,,True,True,True,73334,73334,10
CP_REPO_OPS_C,CP_REPO_FRESH,POOLED,inflection_points,ex_post_descriptive,144886,91.40842868468728,91.11849778030444,-0.28993090438283503,0.0,0.43526634733514624,-0.1113556068208116,-0.0381179691701579,6.704948710069335,-7.158112326212257,3.3152670785191916,0.0006517073799931717,0.0006529679144583393,1.260534465167659e-06,full,pooled,pooled,pooled,/home/runner/work/money-making/money-making/projects/harv-extension/outputs/cp_repo_ops_hg_math_audited_actions/29058736547/combined/predictions/full,,,True,True,True,144886,144886,10
CP_REPO_OPS_C,CP_REPO_FRESH,POOLED,high_within_block_dispersion,ex_post_descriptive,68970,119.87638395097481,119.60427234064147,-0.27211161033332604,0.0,0.3937074090184138,-0.00032189089015440437,0.4297726580914116,8.652620036335312,-10.720445440120784,2.184385647899454,0.0005511825419522702,0.0005686239437191444,1.7441401766874023e-05,full,pooled,pooled,pooled,/home/runner/work/money-making/money-making/projects/harv-extension/outputs/cp_repo_ops_hg_math_audited_actions/29058736547/combined/predictions/full,,,True,True,True,68970,68970,10
CP_REPO_OPS_C,CP_REPO_FRESH,POOLED,recent_spike_position,ex_post_descriptive,125358,111.40934451728168,111.53126331543434,0.12191879815263933,0.0,0.3973818982434308,0.23353402434719933,0.13358270878702078,5.999675585355053,-5.971202968556279,1.8089706633924854,0.0006021776841834607,0.0006091827784219505,7.005094238489878e-06,full,pooled,pooled,pooled,/home/runner/work/money-making/money-making/projects/harv-extension/outputs/cp_repo_ops_hg_math_audited_actions/29058736547/combined/predictions/full,,,True,True,True,125358,125358,10
CP_REPO_OPS_C,CP_REPO_FRESH,POOLED,older_spike_position,ex_post_descriptive,108871,97.98992279914324,97.43444157677634,-0.5554812223668686,0.0,0.4163000247999927,-0.3142974707073512,-0.06497866850058014,6.764777154484566,-7.917600429942784,2.8127974328826824,0.0005700250005880614,0.0005701423444680369,1.1734387997548698e-07,full,pooled,pooled,pooled,/home/runner/work/money-making/money-making/projects/harv-extension/outputs/cp_repo_ops_hg_math_audited_actions/29058736547/combined/predictions/full,,,True,True,True,108871,108871,10
CP_REPO_OPS_C,CP_REPO_FRESH,POOLED,same_average_different_path,ex_post_descriptive,7396,116.9591083369609,117.3731818015564,0.41407346459551225,0.0,0.3869659275283937,0.4459015750350705,0.25997218460498345,6.32395835911637,-5.723898545733782,1.766398575939668,0.0005354297126014918,0.000543100371193495,7.670658592003168e-06,full,pooled,pooled,pooled,/home/runner/work/money-making/money-making/projects/harv-extension/outputs/cp_repo_ops_hg_math_audited_actions/29058736547/combined/predictions/full,,,True,True,True,7396,7396,10
CP_REPO_OPS_C,CP_REPO_FRESH,POOLED,recent_ramp_high_dispersion,ex_post_descriptive,24273,117.33186212077523,118.4281414949415,1.0962793741662573,0.0,0.4378939562476826,1.1493472626124257,0.8196068424147785,7.933829513421826,-6.974224824676538,2.509398743949525,0.0007594726643928027,0.0007926212485103806,3.314858411757785e-05,full,pooled,pooled,pooled,/home/runner/work/money-making/money-making/projects/harv-extension/outputs/cp_repo_ops_hg_math_audited_actions/29058736547/combined/predictions/full,,,True,True,True,24273,24273,10
CP_REPO_OPS_C,CP_REPO_FRESH,POOLED,entry_with_recent_spike,ex_post_descriptive,43747,94.40885457901598,94.9939885723259,0.5851339933099058,0.0,0.46366607995976866,0.6217728478064076,0.3766986354034702,6.478671619525555,-5.769028367960305,2.9676794463570566,0.0008130933147810095,0.0008304363652918029,1.7343050510793437e-05,full,pooled,pooled,pooled,/home/runner/work/money-making/money-making/projects/harv-extension/outputs/cp_repo_ops_hg_math_audited_actions/29058736547/combined/predictions/full,,,True,True,True,43747,43747,10
CP_REPO_OPS_C,CP_REPO_FRESH,POOLED,entry_without_recent_spike,ex_post_descriptive,29710,91.67096380529601,91.450697436652,-0.22026636864402982,0.0,0.4240323123527432,-0.10348948490640143,-0.06804779993866791,6.740590182685734,-6.785523327686699,3.4562173410367745,0.0006490140233923182,0.0006476522732693515,-1.361750122966643e-06,full,pooled,pooled,pooled,/home/runner/work/money-making/money-making/projects/harv-extension/outputs/cp_repo_ops_hg_math_audited_actions/29058736547/combined/predictions/full,,,True,True,True,29710,29710,10
CP_REPO_OPS_C,CP_REPO_FRESH,POOLED,same_average_recent_front_loaded,ex_post_descriptive,14331,93.7702461392703,93.68336123354462,-0.08688490572567967,0.0,0.43018630939920455,0.015107405737688791,-0.010955193526890176,5.691015897952073,-5.735753172533825,2.6744767684566426,0.0006145318862786763,0.0006156989961505774,1.1671098719011045e-06,full,pooled,pooled,pooled,/home/runner/work/money-making/money-making/projects/harv-extension/outputs/cp_repo_ops_hg_math_audited_actions/29058736547/combined/predictions/full,,,True,True,True,14331,14331,10
CP_REPO_OPS_C,CP_REPO_FRESH,POOLED,same_average_back_loaded,ex_post_descriptive,15559,115.69922358292384,115.5837931550299,-0.11543042789394396,0.0,0.3660903657047368,-0.016042783444389332,0.0035290380701286997,6.075573943474791,-6.206726548957253,1.8185824639836419,0.0005263561640986315,0.0005277712464133768,1.41508231474527e-06,full,pooled,pooled,pooled,/home/runner/work/money-making/money-making/projects/harv-extension/outputs/cp_repo_ops_hg_math_audited_actions/29058736547/combined/predictions/full,,,True,True,True,15559,15559,10
CP_REPO_OPS_C,CP_REPO_FRESH,POOLED,stable_low_dispersion,ex_post_descriptive,68968,80.32689183831877,79.91610747922876,-0.41078435909002375,-2.842170943040401e-14,0.43865270850249394,-0.3168018930488453,-0.32124242976876227,5.978113804683751,-6.033655973776126,3.318557468857583,0.0006488362004883335,0.0006423459670206479,-6.490233467685811e-06,full,pooled,pooled,pooled,/home/runner/work/money-making/money-making/projects/harv-extension/outputs/cp_repo_ops_hg_math_audited_actions/29058736547/combined/predictions/full,,,True,True,True,68968,68968,10
CP_REPO_RIDGE_OPS_C,CP_REPO_FRESH,POOLED,all_observations,not_conditioned,367248,101.12208401422633,100.86366052430078,-0.2584234899255787,0.0,0.41117174225591424,-0.07878113011241228,-0.00728395370188431,6.512884457994242,-7.026683839224297,2.558664368493069,0.0005844131340810282,0.0005861095986443927,1.696464563364358e-06,full,pooled,pooled,pooled,/home/runner/work/money-making/money-making/projects/harv-extension/outputs/cp_repo_ops_hg_math_audited_actions/29058736547/combined/predictions/full,,,True,True,True,367248,367248,10
CP_REPO_RIDGE_OPS_C,CP_REPO_FRESH,POOLED,cluster_entry_loose,ex_post_descriptive,73457,93.30118669046703,93.56088921296094,0.25970252249393344,0.0,0.4482214084430347,0.3275221678023865,0.20371094545864807,6.570148570015614,-6.19119160905638,3.1500755543661683,0.0007467280904434122,0.0007565085520951432,9.780461651731182e-06,full,pooled,pooled,pooled,/home/runner/work/money-making/money-making/projects/harv-extension/outputs/cp_repo_ops_hg_math_audited_actions/29058736547/combined/predictions/full,,,True,True,True,73457,73457,10
CP_REPO_RIDGE_OPS_C,CP_REPO_FRESH,POOLED,cluster_entry_strict,ex_post_descriptive,73266,93.2603189683557,93.51351872765493,0.2531997592992437,0.0,0.44835257827641745,0.3239434434568319,0.2026098575780603,6.55901705428349,-6.194162057672149,3.1553859460786384,0.0007477102243934218,0.0007574764163155195,9.766191922097756e-06,full,pooled,pooled,pooled,/home/runner/work/money-making/money-making/projects/harv-extension/outputs/cp_repo_ops_hg_math_audited_actions/29058736547/combined/predictions/full,,,True,True,True,73266,73266,10
CP_REPO_RIDGE_OPS_C,CP_REPO_FRESH,POOLED,cluster_exit_loose,ex_post_descriptive,73455,98.62897513279238,97.78270324564932,-0.8462718871430548,0.0,0.40863113470832485,-0.5715277000704505,-0.13069299941584595,7.255887452909612,-8.903874411825837,3.1460183655988287,0.000618166342764523,0.0006171643472764073,-1.001995488115689e-06,full,pooled,pooled,pooled,/home/runner/work/money-making/money-making/projects/harv-extension/outputs/cp_repo_ops_hg_math_audited_actions/29058736547/combined/predictions/full,,,True,True,True,73455,73455,10
CP_REPO_RIDGE_OPS_C,CP_REPO_FRESH,POOLED,cluster_exit_strict,ex_post_descriptive,73334,98.56017478639235,97.71189563488281,-0.8482791515095445,0.0,0.40882810156271304,-0.5729098228200523,-0.13091938696608107,7.254631433503871,-8.90735648381251,3.1518773942066574,0.0006181391252333313,0.0006171434139368189,-9.957112965124748e-07,full,pooled,pooled,pooled,/home/runner/work/money-making/money-making/projects/harv-extension/outputs/cp_repo_ops_hg_math_audited_actions/29058736547/combined/predictions/full,,,True,True,True,73334,73334,10
CP_REPO_RIDGE_OPS_C,CP_REPO_FRESH,POOLED,inflection_points,ex_post_descriptive,144886,91.40786129100006,91.11849778030444,-0.2893635106956327,0.0,0.43585301547423494,-0.11127127207352797,-0.038012648918483306,6.695451012174999,-7.1594737117711125,3.315643212695125,0.0006517039401569316,0.0006529679144583393,1.2639743014076612e-06,full,pooled,pooled,pooled,/home/runner/work/money-making/money-making/projects/harv-extension/outputs/cp_repo_ops_hg_math_audited_actions/29058736547/combined/predictions/full,,,True,True,True,144886,144886,10
CP_REPO_RIDGE_OPS_C,CP_REPO_FRESH,POOLED,high_within_block_dispersion,ex_post_descriptive,68970,119.87581839381643,119.60427234064147,-0.27154605317493774,0.0,0.3938523995940264,0.00026668653323531254,0.42973973074426136,8.648456192543795,-10.714505166078192,2.1838749569777605,0.0005511813966339626,0.0005686239437191444,1.7442547085181512e-05,full,pooled,pooled,pooled,/home/runner/work/money-making/money-making/projects/harv-extension/outputs/cp_repo_ops_hg_math_audited_actions/29058736547/combined/predictions/full,,,True,True,True,68970,68970,10
CP_REPO_RIDGE_OPS_C,CP_REPO_FRESH,POOLED,recent_spike_position,ex_post_descriptive,125358,111.40928869796134,111.53126331543434,0.12197461747300334,0.0,0.39794827613714323,0.23367783726691005,0.1335800970362277,5.990328860593835,-5.969955815189038,1.8089599341878753,0.0006021770152534048,0.0006091827784219505,7.005763168545541e-06,full,pooled,pooled,pooled,/home/runner/work/money-making/money-making/projects/harv-extension/outputs/cp_repo_ops_hg_math_audited_actions/29058736547/combined/predictions/full,,,True,True,True,125358,125358,10
CP_REPO_RIDGE_OPS_C,CP_REPO_FRESH,POOLED,older_spike_position,ex_post_descriptive,108871,97.98939420583545,97.43444157677634,-0.5549526290590961,0.0,0.41694298757244813,-0.31391055805553714,-0.06483977997791708,6.753429618468968,-7.92691820605799,2.812791019785429,0.0005700230110860352,0.0005701423444680369,1.1933338200189975e-07,full,pooled,pooled,pooled,/home/runner/work/money-making/money-making/projects/harv-extension/outputs/cp_repo_ops_hg_math_audited_actions/29058736547/combined/predictions/full,,,True,True,True,108871,108871,10
CP_REPO_RIDGE_OPS_C,CP_REPO_FRESH,POOLED,same_average_different_path,ex_post_descriptive,7396,116.95964952063727,117.3731818015564,0.4135322809191341,0.0,0.3858842617631152,0.4453825183986368,0.25970404872124897,6.339013886213837,-5.746582905801366,1.7643280231442109,0.0005354380316238906,0.000543100371193495,7.662339569604437e-06,full,pooled,pooled,pooled,/home/runner/work/money-making/money-making/projects/harv-extension/outputs/cp_repo_ops_hg_math_audited_actions/29058736547/combined/predictions/full,,,True,True,True,7396,7396,10
CP_REPO_RIDGE_OPS_C,CP_REPO_FRESH,POOLED,recent_ramp_high_dispersion,ex_post_descriptive,24273,117.3316717187083,118.4281414949415,1.0964697762331896,0.0,0.4378939562476826,1.1494280453265684,0.8194899509181239,7.933148331008422,-6.949280194096857,2.506281451148041,0.0007594727764327733,0.0007926212485103806,3.314847207760729e-05,full,pooled,pooled,pooled,/home/runner/work/money-making/money-making/projects/harv-extension/outputs/cp_repo_ops_hg_math_audited_actions/29058736547/combined/predictions/full,,,True,True,True,24273,24273,10
CP_REPO_RIDGE_OPS_C,CP_REPO_FRESH,POOLED,entry_with_recent_spike,ex_post_descriptive,43747,94.40898749447503,94.9939885723259,0.5850010778508661,0.0,0.46430612384849246,0.6211383598717787,0.3765795098617683,6.468826528902055,-5.755780780237009,2.967028561588908,0.0008130946163590261,0.0008304363652918029,1.7341748932776996e-05,full,pooled,pooled,pooled,/home/runner/work/money-making/money-making/projects/harv-extension/outputs/cp_repo_ops_hg_math_audited_actions/29058736547/combined/predictions/full,,,True,True,True,43747,43747,10
CP_REPO_RIDGE_OPS_C,CP_REPO_FRESH,POOLED,entry_without_recent_spike,ex_post_descriptive,29710,91.66998636152258,91.450697436652,-0.21928892487058127,0.0,0.42453719286435543,-0.1035133234192294,-0.06793689549793039,6.733317784246852,-6.785071690332456,3.4554237824165472,0.0006490055589984318,0.0006476522732693515,-1.3532857290803657e-06,full,pooled,pooled,pooled,/home/runner/work/money-making/money-making/projects/harv-extension/outputs/cp_repo_ops_hg_math_audited_actions/29058736547/combined/predictions/full,,,True,True,True,29710,29710,10
CP_REPO_RIDGE_OPS_C,CP_REPO_FRESH,POOLED,same_average_recent_front_loaded,ex_post_descriptive,14331,93.77020049333319,93.68336123354462,-0.08683925978857568,0.0,0.43193077942920943,0.01496049583912879,-0.010835137545503182,5.6667552696139625,-5.737120289202417,2.6733378080252947,0.0006145283599021818,0.0006156989961505774,1.170636248395476e-06,full,pooled,pooled,pooled,/home/runner/work/money-making/money-making/projects/harv-extension/outputs/cp_repo_ops_hg_math_audited_actions/29058736547/combined/predictions/full,,,True,True,True,14331,14331,10
CP_REPO_RIDGE_OPS_C,CP_REPO_FRESH,POOLED,same_average_back_loaded,ex_post_descriptive,15559,115.69906080887742,115.5837931550299,-0.11526765384751489,0.0,0.36744006684234204,-0.015997274706168654,0.003632756786609076,6.0517732591367555,-6.285222305474666,1.8201735316739343,0.0005263551308884066,0.0005277712464133768,1.4161155249700936e-06,full,pooled,pooled,pooled,/home/runner/work/money-making/money-making/projects/harv-extension/outputs/cp_repo_ops_hg_math_audited_actions/29058736547/combined/predictions/full,,,True,True,True,15559,15559,10
CP_REPO_RIDGE_OPS_C,CP_REPO_FRESH,POOLED,stable_low_dispersion,ex_post_descriptive,68968,80.32692119000689,79.91610747922876,-0.41081371077813605,-2.842170943040401e-14,0.43930518501333954,-0.31680472853789365,-0.32115421518140275,5.968158037774614,-6.040264886748542,3.3184499694869736,0.0006488348750803286,0.0006423459670206479,-6.4889080596806566e-06,full,pooled,pooled,pooled,/home/runner/work/money-making/money-making/projects/harv-extension/outputs/cp_repo_ops_hg_math_audited_actions/29058736547/combined/predictions/full,,,True,True,True,68968,68968,10
CP_REPO_GATED_RIDGE_OPS_C,CP_REPO_FRESH,POOLED,all_observations,not_conditioned,367248,101.01785897444465,100.86366052430078,-0.15419845014386915,0.0,0.4181098331372805,-0.06237820005073924,0.0078824174824288,5.628452056749153,-6.106293338100553,1.9285915225872579,0.0005849658634734965,0.0005861095986443927,1.1437351708961048e-06,full,pooled,pooled,pooled,/home/runner/work/money-making/money-making/projects/harv-extension/outputs/cp_repo_ops_hg_math_audited_actions/29058736547/combined/predictions/full,,,True,True,True,367248,367248,10
CP_REPO_GATED_RIDGE_OPS_C,CP_REPO_FRESH,POOLED,cluster_entry_loose,ex_post_descriptive,73457,93.72584054955487,93.56088921296094,-0.16495133659391967,0.0,0.43852866302734933,-0.07231393670575235,-0.04047588038321563,8.398242586126962,-8.685413722124188,4.242116422391689,0.0007547019015641686,0.0007565085520951432,1.8066505309746934e-06,full,pooled,pooled,pooled,/home/runner/work/money-making/money-making/projects/harv-extension/outputs/cp_repo_ops_hg_math_audited_actions/29058736547/combined/predictions/full,,,True,True,True,73457,73457,10
CP_REPO_GATED_RIDGE_OPS_C,CP_REPO_FRESH,POOLED,cluster_entry_strict,ex_post_descriptive,73266,93.68019639301784,93.51351872765493,-0.16667766536289455,0.0,0.43860726667212624,-0.07385925678173548,-0.04089877475628325,8.397169393963411,-8.685826511424631,4.2446872772026865,0.0007556747956154085,0.0007574764163155195,1.8016207001107468e-06,full,pooled,pooled,pooled,/home/runner/work/money-making/money-making/projects/harv-extension/outputs/cp_repo_ops_hg_math_audited_actions/29058736547/combined/predictions/full,,,True,True,True,73266,73266,10
CP_REPO_GATED_RIDGE_OPS_C,CP_REPO_FRESH,POOLED,cluster_exit_loose,ex_post_descriptive,73455,98.05428039544641,97.78270324564932,-0.2715771497970932,0.0,0.43147505275338643,-0.12024743523419087,0.05796963586301764,4.003749846285637,-4.948726019159588,1.399642178244136,0.0006146994594103962,0.0006171643472764073,2.464887866011255e-06,full,pooled,pooled,pooled,/home/runner/work/money-making/money-making/projects/harv-extension/outputs/cp_repo_ops_hg_math_audited_actions/29058736547/combined/predictions/full,,,True,True,True,73455,73455,10
CP_REPO_GATED_RIDGE_OPS_C,CP_REPO_FRESH,POOLED,cluster_exit_strict,ex_post_descriptive,73334,97.98368668566756,97.71189563488281,-0.2717910507847475,0.0,0.4316960754902228,-0.12000337463408568,0.0581456671005915,4.0042888448484915,-4.951039526441519,1.4023140066716593,0.0006146694651196498,0.0006171434139368189,2.473948817169087e-06,full,pooled,pooled,pooled,/home/runner/work/money-making/money-making/projects/harv-extension/outputs/cp_repo_ops_hg_math_audited_actions/29058736547/combined/predictions/full,,,True,True,True,73334,73334,10
CP_REPO_GATED_RIDGE_OPS_C,CP_REPO_FRESH,POOLED,inflection_points,ex_post_descriptive,144886,91.3479840186277,91.11849778030444,-0.2294862383232828,0.0,0.44337617161078363,-0.1510549466291111,-0.04436366486243394,6.342949864829012,-6.900713998159525,2.8000716026935155,0.0006523072532329962,0.0006529679144583393,6.606612253429699e-07,full,pooled,pooled,pooled,/home/runner/work/money-making/money-making/projects/harv-extension/outputs/cp_repo_ops_hg_math_audited_actions/29058736547/combined/predictions/full,,,True,True,True,144886,144886,10
CP_REPO_GATED_RIDGE_OPS_C,CP_REPO_FRESH,POOLED,high_within_block_dispersion,ex_post_descriptive,68970,119.63366346833384,119.60427234064147,-0.029391127692358115,0.0,0.39914455560388573,0.12334199119755962,0.2718897679241966,6.601455058377991,-7.8846032085741715,1.6179309071641725,0.000557306028497389,0.0005686239437191444,1.131791522175528e-05,full,pooled,pooled,pooled,/home/runner/work/money-making/money-making/projects/harv-extension/outputs/cp_repo_ops_hg_math_audited_actions/29058736547/combined/predictions/full,,,True,True,True,68970,68970,10
CP_REPO_GATED_RIDGE_OPS_C,CP_REPO_FRESH,POOLED,recent_spike_position,ex_post_descriptive,125358,111.52347691732722,111.53126331543434,0.0077863981071343595,0.0,0.3949887522136601,0.08311867618626338,0.08503747686692521,6.545202685685894,-6.774354740184142,1.9828530651689285,0.0006050889325970669,0.0006091827784219505,4.093845824883438e-06,full,pooled,pooled,pooled,/home/runner/work/money-making/money-making/projects/harv-extension/outputs/cp_repo_ops_hg_math_audited_actions/29058736547/combined/predictions/full,,,True,True,True,125358,125358,10
CP_REPO_GATED_RIDGE_OPS_C,CP_REPO_FRESH,POOLED,older_spike_position,ex_post_descriptive,108871,97.60083197315127,97.43444157677634,-0.16639039637492678,0.0,0.43515720439786537,-0.04565262766345513,0.062019750860241626,4.568662350833567,-5.297679021971853,1.655760800211553,0.0005679064293282619,0.0005701423444680369,2.23591513977508e-06,full,pooled,pooled,pooled,/home/runner/work/money-making/money-making/projects/harv-extension/outputs/cp_repo_ops_hg_math_audited_actions/29058736547/combined/predictions/full,,,True,True,True,108871,108871,10
CP_REPO_GATED_RIDGE_OPS_C,CP_REPO_FRESH,POOLED,same_average_different_path,ex_post_descriptive,7396,117.24142459785463,117.3731818015564,0.13175720370176963,0.0,0.39413196322336397,0.1626447090203133,0.1998091175317912,5.493035280463766,-5.871816307681995,1.3205589760133698,0.0005384416004106768,0.000543100371193495,4.658770782818269e-06,full,pooled,pooled,pooled,/home/runner/work/money-making/money-making/projects/harv-extension/outputs/cp_repo_ops_hg_math_audited_actions/29058736547/combined/predictions/full,,,True,True,True,7396,7396,10
CP_REPO_GATED_RIDGE_OPS_C,CP_REPO_FRESH,POOLED,recent_ramp_high_dispersion,ex_post_descriptive,24273,118.13674258287271,118.4281414949415,0.2913989120687642,0.0,0.4183248877353438,0.3923184431751798,0.3450522964392255,8.150321267481397,-8.634938546190643,2.458931631626953,0.0007755155492736691,0.0007926212485103806,1.71056992367114e-05,full,pooled,pooled,pooled,/home/runner/work/money-making/money-making/projects/harv-extension/outputs/cp_repo_ops_hg_math_audited_actions/29058736547/combined/predictions/full,,,True,True,True,24273,24273,10
CP_REPO_GATED_RIDGE_OPS_C,CP_REPO_FRESH,POOLED,entry_with_recent_spike,ex_post_descriptive,43747,94.84955194561822,94.9939885723259,0.14443662670767943,0.0,0.45127665897090086,0.21707616462374624,0.1693560346530482,8.034558283050773,-8.076982420206168,3.9545295193327945,0.0008213630333618581,0.0008304363652918029,9.07333192994478e-06,full,pooled,pooled,pooled,/home/runner/work/money-making/money-making/projects/harv-extension/outputs/cp_repo_ops_hg_math_audited_actions/29058736547/combined/predictions/full,,,True,True,True,43747,43747,10
CP_REPO_GATED_RIDGE_OPS_C,CP_REPO_FRESH,POOLED,entry_without_recent_spike,ex_post_descriptive,29710,92.07121239595057,91.450697436652,-0.6205149592985665,0.0,0.4197576573544261,-0.4924528224110944,-0.37969010654510743,8.973966706993789,-9.523623748350987,4.746009646258738,0.0006565455726259818,0.0006476522732693515,-8.893299356630302e-06,full,pooled,pooled,pooled,/home/runner/work/money-making/money-making/projects/harv-extension/outputs/cp_repo_ops_hg_math_audited_actions/29058736547/combined/predictions/full,,,True,True,True,29710,29710,10
CP_REPO_GATED_RIDGE_OPS_C,CP_REPO_FRESH,POOLED,same_average_recent_front_loaded,ex_post_descriptive,14331,93.94811107575623,93.68336123354462,-0.26474984221161796,0.0,0.42362710208638615,-0.19504512571273377,-0.16953144409929782,7.537233477735401,-7.693320048449979,3.7467950897820543,0.0006166290746365403,0.0006156989961505774,-9.300784859629567e-07,full,pooled,pooled,pooled,/home/runner/work/money-making/money-making/projects/harv-extension/outputs/cp_repo_ops_hg_math_audited_actions/29058736547/combined/predictions/full,,,True,True,True,14331,14331,10
CP_REPO_GATED_RIDGE_OPS_C,CP_REPO_FRESH,POOLED,same_average_back_loaded,ex_post_descriptive,15559,115.60355636986397,115.5837931550299,-0.019763214834074165,0.0,0.3855003534931551,0.06632004369321134,0.08079597264485251,2.9108087824258515,-3.2150790692351823,0.655934994477434,0.0005252608213865421,0.0005277712464133768,2.5104250268346757e-06,full,pooled,pooled,pooled,/home/runner/work/money-making/money-making/projects/harv-extension/outputs/cp_repo_ops_hg_math_audited_actions/29058736547/combined/predictions/full,,,True,True,True,15559,15559,10
CP_REPO_GATED_RIDGE_OPS_C,CP_REPO_FRESH,POOLED,stable_low_dispersion,ex_post_descriptive,68968,80.11822979109861,79.91610747922876,-0.2021223118698733,0.0,0.4567335575919267,-0.1446060192775114,-0.132916884505111,4.856233160894383,-4.990322485520808,2.392916906138211,0.0006448993626804326,0.0006423459670206479,-2.5533956597846375e-06,full,pooled,pooled,pooled,/home/runner/work/money-making/money-making/projects/harv-extension/outputs/cp_repo_ops_hg_math_audited_actions/29058736547/combined/predictions/full,,,True,True,True,68968,68968,10
CP_REPO_OPS_HG,CP_REPO_FRESH,POOLED,all_observations,not_conditioned,367248,101.00029572269158,100.86366052430078,-0.13663519839083066,0.0,0.41243519365660264,0.009174495021504043,0.045060055667682744,7.910521436772886,-8.146132293261626,2.9521182811481586,0.0005813414939813608,0.0005861095986443927,4.768104663031963e-06,full,pooled,pooled,pooled,/home/runner/work/money-making/money-making/projects/harv-extension/outputs/cp_repo_ops_hg_math_audited_actions/29058736547/combined/predictions/full,,,True,True,True,367248,367248,10
CP_REPO_OPS_HG,CP_REPO_FRESH,POOLED,cluster_entry_loose,ex_post_descriptive,73457,93.36882802284212,93.56088921296094,0.19206119011882813,0.0,0.45117551764978153,0.3445691962614922,0.36109058152665946,12.178495984170777,-12.313064268345107,6.238804406980009,0.0007392261940483853,0.0007565085520951432,1.728235804675805e-05,full,pooled,pooled,pooled,/home/runner/work/money-making/money-making/projects/harv-extension/outputs/cp_repo_ops_hg_math_audited_actions/29058736547/combined/predictions/full,,,True,True,True,73457,73457,10
CP_REPO_OPS_HG,CP_REPO_FRESH,POOLED,cluster_entry_strict,ex_post_descriptive,73266,93.32068298302458,93.51351872765493,0.19283574463036168,0.0,0.4512734419785439,0.3455680487695039,0.36114786237842866,12.175906670170605,-12.306542218025685,6.242665929204566,0.000740191575528904,0.0007574764163155195,1.7284840786615348e-05,full,pooled,pooled,pooled,/home/runner/work/money-making/money-making/projects/harv-extension/outputs/cp_repo_ops_hg_math_audited_actions/29058736547/combined/predictions/full,,,True,True,True,73266,73266,10
CP_REPO_OPS_HG,CP_REPO_FRESH,POOLED,cluster_exit_loose,ex_post_descriptive,73455,98.31272917860841,97.78270324564932,-0.5300259329590843,0.0,0.40490095977128854,-0.3197707966908627,-0.14800283913645,5.742331885170793,-6.610606456556636,2.2918923804848816,0.0006194319198564837,0.0006171643472764073,-2.267572580076215e-06,full,pooled,pooled,pooled,/home/runner/work/money-making/money-making/projects/harv-extension/outputs/cp_repo_ops_hg_math_audited_actions/29058736547/combined/predictions/full,,,True,True,True,73455,73455,10
CP_REPO_OPS_HG,CP_REPO_FRESH,POOLED,cluster_exit_strict,ex_post_descriptive,73334,98.24233637071434,97.71189563488281,-0.5304407358315044,0.0,0.40507813565331224,-0.32031889146610787,-0.14852405968946758,5.742767797780709,-6.612189537680815,2.294902442200978,0.0006194152632537881,0.0006171434139368189,-2.2718493169692515e-06,full,pooled,pooled,pooled,/home/runner/work/money-making/money-making/projects/harv-extension/outputs/cp_repo_ops_hg_math_audited_actions/29058736547/combined/predictions/full,,,True,True,True,73334,73334,10
CP_REPO_OPS_HG,CP_REPO_FRESH,POOLED,inflection_points,ex_post_descriptive,144886,91.29733906169548,91.11849778030444,-0.1788412813910575,0.0,0.4359151332771972,-0.04615178876222354,-0.022187025674735024,9.004361657448426,-9.169556664354815,4.167298249597248,0.0006487346434401453,0.0006529679144583393,4.233271018194084e-06,full,pooled,pooled,pooled,/home/runner/work/money-making/money-making/projects/harv-extension/outputs/cp_repo_ops_hg_math_audited_actions/29058736547/combined/predictions/full,,,True,True,True,144886,144886,10
CP_REPO_OPS_HG,CP_REPO_FRESH,POOLED,high_within_block_dispersion,ex_post_descriptive,68970,119.04389024339991,119.60427234064147,0.5603820972415589,0.0,0.4112657677250979,0.7734212483943599,0.7354628607785191,10.104318174945476,-10.977485026809726,2.219036085199871,0.0005354281534180874,0.0005686239437191444,3.319579030105683e-05,full,pooled,pooled,pooled,/home/runner/work/money-making/money-making/projects/harv-extension/outputs/cp_repo_ops_hg_math_audited_actions/29058736547/combined/predictions/full,,,True,True,True,68970,68970,10
CP_REPO_OPS_HG,CP_REPO_FRESH,POOLED,recent_spike_position,ex_post_descriptive,125358,111.30160275532636,111.53126331543434,0.22966056010799518,0.0,0.39891351170248407,0.33812667660581575,0.2880129069204886,9.318939039521236,-9.212828101802021,2.9534666938945087,0.0005950622336461409,0.0006091827784219505,1.4120544775809542e-05,full,pooled,pooled,pooled,/home/runner/work/money-making/money-making/projects/harv-extension/outputs/cp_repo_ops_hg_math_audited_actions/29058736547/combined/predictions/full,,,True,True,True,125358,125358,10
CP_REPO_OPS_HG,CP_REPO_FRESH,POOLED,older_spike_position,ex_post_descriptive,108871,97.7152806459751,97.43444157677634,-0.28083906919876056,0.0,0.41572135830478274,-0.12807437357185275,-0.043758960595285265,6.13675099174778,-6.622518207557248,2.490497129962762,0.000569167525221935,0.0005701423444680369,9.748192461019532e-07,full,pooled,pooled,pooled,/home/runner/work/money-making/money-making/projects/harv-extension/outputs/cp_repo_ops_hg_math_audited_actions/29058736547/combined/predictions/full,,,True,True,True,108871,108871,10
CP_REPO_OPS_HG,CP_REPO_FRESH,POOLED,same_average_different_path,ex_post_descriptive,7396,117.50831644121124,117.3731818015564,-0.13513463965483996,0.0,0.38466738777717685,-0.016229249593202467,0.15802730845022378,7.937959995799419,-8.899227163372279,1.7341554215788264,0.0005342195383406047,0.000543100371193495,8.880832852890279e-06,full,pooled,pooled,pooled,/home/runner/work/money-making/money-making/projects/harv-extension/outputs/cp_repo_ops_hg_math_audited_actions/29058736547/combined/predictions/full,,,True,True,True,7396,7396,10
CP_REPO_OPS_HG,CP_REPO_FRESH,POOLED,recent_ramp_high_dispersion,ex_post_descriptive,24273,116.5495722821553,118.4281414949415,1.8785692127861833,0.0,0.45033576401763276,2.0720020066979914,1.7222614820572166,14.108510569279293,-13.569221552883564,3.9615045466038623,0.000726303649467947,0.0007926212485103806,6.631759904243363e-05,full,pooled,pooled,pooled,/home/runner/work/money-making/money-making/projects/harv-extension/outputs/cp_repo_ops_hg_math_audited_actions/29058736547/combined/predictions/full,,,True,True,True,24273,24273,10
CP_REPO_OPS_HG,CP_REPO_FRESH,POOLED,entry_with_recent_spike,ex_post_descriptive,43747,94.40833702147617,94.9939885723259,0.5856515508497314,0.0,0.4619745353967129,0.7099129609672484,0.6079822875418015,11.974943143469906,-11.706416150094864,5.932154258028135,0.0008018416736662158,0.0008304363652918029,2.859469162558732e-05,full,pooled,pooled,pooled,/home/runner/work/money-making/money-making/projects/harv-extension/outputs/cp_repo_ops_hg_math_audited_actions/29058736547/combined/predictions/full,,,True,True,True,43747,43747,10
CP_REPO_OPS_HG,CP_REPO_FRESH,POOLED,entry_without_recent_spike,ex_post_descriptive,29710,91.83818513616275,91.450697436652,-0.3874876995107519,0.0,0.4352743184113093,-0.1889720558027032,-0.026983034014518584,12.496606323682421,-13.165896458310558,6.768628937594112,0.0006470269551779299,0.0006476522732693515,6.253180914216608e-07,full,pooled,pooled,pooled,/home/runner/work/money-making/money-making/projects/harv-extension/outputs/cp_repo_ops_hg_math_audited_actions/29058736547/combined/predictions/full,,,True,True,True,29710,29710,10
CP_REPO_OPS_HG,CP_REPO_FRESH,POOLED,same_average_recent_front_loaded,ex_post_descriptive,14331,94.09578733900585,93.68336123354462,-0.4124261054612298,0.0,0.4292094061824018,-0.30668114241892797,-0.12337738140598065,10.229861181456458,-10.81790894931692,5.151835346652362,0.0006097956960937738,0.0006156989961505774,5.903300056803523e-06,full,pooled,pooled,pooled,/home/runner/work/money-making/money-making/projects/harv-extension/outputs/cp_repo_ops_hg_math_audited_actions/29058736547/combined/predictions/full,,,True,True,True,14331,14331,10
CP_REPO_OPS_HG,CP_REPO_FRESH,POOLED,same_average_back_loaded,ex_post_descriptive,15559,115.69040791137326,115.5837931550299,-0.10661475634336948,0.0,0.36358377787775564,-0.07552483613706153,-0.04629476492684088,3.979837920345179,-4.095689954140828,1.0601311141288758,0.0005266242453927319,0.0005277712464133768,1.147001020644794e-06,full,pooled,pooled,pooled,/home/runner/work/money-making/money-making/projects/harv-extension/outputs/cp_repo_ops_hg_math_audited_actions/29058736547/combined/predictions/full,,,True,True,True,15559,15559,10
CP_REPO_OPS_HG,CP_REPO_FRESH,POOLED,stable_low_dispersion,ex_post_descriptive,68968,80.39693536493142,79.91610747922876,-0.4808278857026864,-2.842170943040401e-14,0.4393341839693771,-0.3351788643955803,-0.3361323314825365,7.0994741583097705,-7.161939785897678,4.03760896574097,0.0006490943158454928,0.0006423459670206479,-6.748348824844928e-06,full,pooled,pooled,pooled,/home/runner/work/money-making/money-making/projects/harv-extension/outputs/cp_repo_ops_hg_math_audited_actions/29058736547/combined/predictions/full,,,True,True,True,68968,68968,10
RANDOM_RESIDUES_PLACEBO_REPO,CP_REPO_FRESH,POOLED,all_observations,not_conditioned,367248,101.01061879526303,100.86366052430078,-0.1469582709622277,0.0,0.41793828693416984,0.013701525989478287,0.07248948551112014,5.288923719289525,-5.729770716803957,2.018849656858329,0.0005839797827688452,0.0005861095986443927,2.1298158755473896e-06,full,pooled,pooled,pooled,/home/runner/work/money-making/money-making/projects/harv-extension/outputs/cp_repo_ops_hg_math_audited_actions/29058736547/combined/predictions/full,,,True,True,True,367248,367248,10
RANDOM_RESIDUES_PLACEBO_REPO,CP_REPO_FRESH,POOLED,cluster_entry_loose,ex_post_descriptive,73457,93.40703401742171,93.56088921296094,0.15385519553923543,0.0,0.46187565514518697,0.30326151698825476,0.2614782652125785,4.957977991344618,-5.095059135357813,2.3580906081179975,0.0007512221272289487,0.0007565085520951432,5.286424866194565e-06,full,pooled,pooled,pooled,/home/runner/work/money-making/money-making/projects/harv-extension/outputs/cp_repo_ops_hg_math_audited_actions/29058736547/combined/predictions/full,,,True,True,True,73457,73457,10
RANDOM_RESIDUES_PLACEBO_REPO,CP_REPO_FRESH,POOLED,cluster_entry_strict,ex_post_descriptive,73266,93.36300514743526,93.51351872765493,0.15051358021968367,0.0,0.4618922829143122,0.30091898363330694,0.26046733341811656,4.952389014876088,-5.093573709546696,2.360654129812028,0.0007522073251515361,0.0007574764163155195,5.269091163983245e-06,full,pooled,pooled,pooled,/home/runner/work/money-making/money-making/projects/harv-extension/outputs/cp_repo_ops_hg_math_audited_actions/29058736547/combined/predictions/full,,,True,True,True,73266,73266,10
RANDOM_RESIDUES_PLACEBO_REPO,CP_REPO_FRESH,POOLED,cluster_exit_loose,ex_post_descriptive,73455,98.29846274912968,97.78270324564932,-0.5157595034803619,0.0,0.3967463072629501,-0.3914262189882269,-0.23441059479555124,6.490483885254862,-7.028147789627675,2.8975937871249897,0.0006221985275902529,0.0006171643472764073,-5.034180313845503e-06,full,pooled,pooled,pooled,/home/runner/work/money-making/money-making/projects/harv-extension/outputs/cp_repo_ops_hg_math_audited_actions/29058736547/combined/predictions/full,,,True,True,True,73455,73455,10
RANDOM_RESIDUES_PLACEBO_REPO,CP_REPO_FRESH,POOLED,cluster_exit_strict,ex_post_descriptive,73334,98.22895395875412,97.71189563488281,-0.5170583238712989,0.0,0.39685548313197155,-0.3925530056470087,-0.23527292473219974,6.491705931049086,-7.029191647065549,2.900788647049687,0.0006221816998727155,0.0006171434139368189,-5.038285935896704e-06,full,pooled,pooled,pooled,/home/runner/work/money-making/money-making/projects/harv-extension/outputs/cp_repo_ops_hg_math_audited_actions/29058736547/combined/predictions/full,,,True,True,True,73334,73334,10
RANDOM_RESIDUES_PLACEBO_REPO,CP_REPO_FRESH,POOLED,inflection_points,ex_post_descriptive,144886,91.27500460136235,91.11849778030444,-0.15650682105791738,0.0,0.442603150062808,-0.007995082075500011,0.05624916791059176,5.423498173795543,-5.806258360109459,2.5919331216457877,0.0006519717257973592,0.0006529679144583393,9.961886609803026e-07,full,pooled,pooled,pooled,/home/runner/work/money-making/money-making/projects/harv-extension/outputs/cp_repo_ops_hg_math_audited_actions/29058736547/combined/predictions/full,,,True,True,True,144886,144886,10
RANDOM_RESIDUES_PLACEBO_REPO,CP_REPO_FRESH,POOLED,high_within_block_dispersion,ex_post_descriptive,68970,119.92336473827959,119.60427234064147,-0.31909239763810965,0.0,0.3831520951138176,-0.13728232947265046,0.15700479223290406,6.935681442834912,-8.39117598501761,1.6681008136823463,0.0005632512447416504,0.0005686239437191444,5.372698977493769e-06,full,pooled,pooled,pooled,/home/runner/work/money-making/money-making/projects/harv-extension/outputs/cp_repo_ops_hg_math_audited_actions/29058736547/combined/predictions/full,,,True,True,True,68970,68970,10
RANDOM_RESIDUES_PLACEBO_REPO,CP_REPO_FRESH,POOLED,recent_spike_position,ex_post_descriptive,125358,111.43845444549544,111.53126331543434,0.09280886993887164,0.0,0.40330892324382966,0.23234857510137258,0.16834313424098388,4.5569104997916545,-4.675328533002829,1.3800779847770341,0.0006036661347701881,0.0006091827784219505,5.516643651762431e-06,full,pooled,pooled,pooled,/home/runner/work/money-making/money-making/projects/harv-extension/outputs/cp_repo_ops_hg_math_audited_actions/29058736547/combined/predictions/full,,,True,True,True,125358,125358,10
RANDOM_RESIDUES_PLACEBO_REPO,CP_REPO_FRESH,POOLED,older_spike_position,ex_post_descriptive,108871,97.7023340112255,97.43444157677634,-0.2678924344491584,0.0,0.423317504202221,-0.0836446222709218,0.03961076451067162,5.596407690253437,-6.276368213454546,2.290165506213256,0.0005684247567084888,0.0005701423444680369,1.7175877595480604e-06,full,pooled,pooled,pooled,/home/runner/work/money-making/money-making/projects/harv-extension/outputs/cp_repo_ops_hg_math_audited_actions/29058736547/combined/predictions/full,,,True,True,True,108871,108871,10
RANDOM_RESIDUES_PLACEBO_REPO,CP_REPO_FRESH,POOLED,same_average_different_path,ex_post_descriptive,7396,117.256615148074,117.3731818015564,0.11656665348241152,0.0,0.3776365603028664,0.17248039459767928,0.085079765963052,4.875941830081449,-4.768739649443578,1.4236040846835303,0.0005404158970883665,0.000543100371193495,2.6844741051285617e-06,full,pooled,pooled,pooled,/home/runner/work/money-making/money-making/projects/harv-extension/outputs/cp_repo_ops_hg_math_audited_actions/29058736547/combined/predictions/full,,,True,True,True,7396,7396,10
RANDOM_RESIDUES_PLACEBO_REPO,CP_REPO_FRESH,POOLED,recent_ramp_high_dispersion,ex_post_descriptive,24273,118.11364970834028,118.4281414949415,0.31449178660121174,0.0,0.4323734190252544,0.5151229796564717,0.4735188487380991,5.512700113068118,-5.97313612636521,1.7107425004935521,0.0007795112768207551,0.0007926212485103806,1.3109971689625427e-05,full,pooled,pooled,pooled,/home/runner/work/money-making/money-making/projects/harv-extension/outputs/cp_repo_ops_hg_math_audited_actions/29058736547/combined/predictions/full,,,True,True,True,24273,24273,10
RANDOM_RESIDUES_PLACEBO_REPO,CP_REPO_FRESH,POOLED,entry_with_recent_spike,ex_post_descriptive,43747,94.6045855925417,94.9939885723259,0.38940297978419547,0.0,0.4695179097995291,0.44369450320943943,0.3243031977010925,4.628208703336222,-4.307855938271232,2.2055498291737146,0.0008224358201193067,0.0008304363652918029,8.00054517249638e-06,full,pooled,pooled,pooled,/home/runner/work/money-making/money-making/projects/harv-extension/outputs/cp_repo_ops_hg_math_audited_actions/29058736547/combined/predictions/full,,,True,True,True,43747,43747,10
RANDOM_RESIDUES_PLACEBO_REPO,CP_REPO_FRESH,POOLED,entry_without_recent_spike,ex_post_descriptive,29710,91.6436786233869,91.450697436652,-0.1929811867348901,0.0,0.45062268596432176,0.03962612600058535,0.15333503057572245,5.463913244981639,-6.219200692345298,2.6110760710530485,0.0006463623014842672,0.0006476522732693515,1.2899717850843157e-06,full,pooled,pooled,pooled,/home/runner/work/money-making/money-making/projects/harv-extension/outputs/cp_repo_ops_hg_math_audited_actions/29058736547/combined/predictions/full,,,True,True,True,29710,29710,10
RANDOM_RESIDUES_PLACEBO_REPO,CP_REPO_FRESH,POOLED,same_average_recent_front_loaded,ex_post_descriptive,14331,93.65340284021147,93.68336123354462,0.029958393333143672,0.0,0.4520968529760659,0.17659802548070788,0.17115703529275703,4.263844666093919,-4.508639896678585,1.9997486820105976,0.0006128189326207945,0.0006156989961505774,2.8800635297828112e-06,full,pooled,pooled,pooled,/home/runner/work/money-making/money-making/projects/harv-extension/outputs/cp_repo_ops_hg_math_audited_actions/29058736547/combined/predictions/full,,,True,True,True,14331,14331,10
RANDOM_RESIDUES_PLACEBO_REPO,CP_REPO_FRESH,POOLED,same_average_back_loaded,ex_post_descriptive,15559,115.69612455553633,115.5837931550299,-0.11233140050641839,0.0,0.36229834822289353,-0.030179112883528283,-0.059307124885748054,4.8957951233059855,-4.954476003808071,1.499094518622158,0.0005252074805888487,0.0005277712464133768,2.5637658245279845e-06,full,pooled,pooled,pooled,/home/runner/work/money-making/money-making/projects/harv-extension/outputs/cp_repo_ops_hg_math_audited_actions/29058736547/combined/predictions/full,,,True,True,True,15559,15559,10
RANDOM_RESIDUES_PLACEBO_REPO,CP_REPO_FRESH,POOLED,stable_low_dispersion,ex_post_descriptive,68968,80.1091236273411,79.91610747922876,-0.19301614811238205,0.0,0.45679155550400186,-0.034273024918860376,-0.05231736219442412,4.727535703214221,-4.855986546662145,2.555542228047525,0.0006435133218172746,0.0006423459670206479,-1.1673547966267112e-06,full,pooled,pooled,pooled,/home/runner/work/money-making/money-making/projects/harv-extension/outputs/cp_repo_ops_hg_math_audited_actions/29058736547/combined/predictions/full,,,True,True,True,68968,68968,10
SHUFFLED_LAG_PM_PLACEBO_REPO,CP_REPO_FRESH,POOLED,all_observations,not_conditioned,367248,101.05590936468002,100.86366052430078,-0.19224884037930162,0.0,0.4149430357687448,-0.02954763003812143,0.04125083018966966,4.674096483670992,-5.14558180018265,1.7472965298998986,0.0005847566616728993,0.0005861095986443927,1.352936971493229e-06,full,pooled,pooled,pooled,/home/runner/work/money-making/money-making/projects/harv-extension/outputs/cp_repo_ops_hg_math_audited_actions/29058736547/combined/predictions/full,,,True,True,True,367248,367248,10
SHUFFLED_LAG_PM_PLACEBO_REPO,CP_REPO_FRESH,POOLED,cluster_entry_loose,ex_post_descriptive,73457,93.43095498047013,93.56088921296094,0.12993423249080405,0.0,0.46278775337952816,0.21200554506987856,0.22080087153819794,4.306255335084398,-4.445090989414576,2.018661162225494,0.0007518429430193333,0.0007565085520951432,4.665609075810015e-06,full,pooled,pooled,pooled,/home/runner/work/money-making/money-making/projects/harv-extension/outputs/cp_repo_ops_hg_math_audited_actions/29058736547/combined/predictions/full,,,True,True,True,73457,73457,10
SHUFFLED_LAG_PM_PLACEBO_REPO,CP_REPO_FRESH,POOLED,cluster_entry_strict,ex_post_descriptive,73266,93.3833343716582,93.51351872765493,0.13018435599675016,0.0,0.4628886523080283,0.2115805106303267,0.22075136051470406,4.301699672233941,-4.438324131951562,2.0198714586029425,0.0007528118859025972,0.0007574764163155195,4.6645304129223e-06,full,pooled,pooled,pooled,/home/runner/work/money-making/money-making/projects/harv-extension/outputs/cp_repo_ops_hg_math_audited_actions/29058736547/combined/predictions/full,,,True,True,True,73266,73266,10
SHUFFLED_LAG_PM_PLACEBO_REPO,CP_REPO_FRESH,POOLED,cluster_exit_loose,ex_post_descriptive,73455,98.17322628783428,97.78270324564932,-0.3905230421849589,0.0,0.3977401129943503,-0.2647079053322683,-0.17044245023166144,5.84503064338758,-6.1942324640033455,2.524873064598218,0.0006197458158344048,0.0006171643472764073,-2.581468557997292e-06,full,pooled,pooled,pooled,/home/runner/work/money-making/money-making/projects/harv-extension/outputs/cp_repo_ops_hg_math_audited_actions/29058736547/combined/predictions/full,,,True,True,True,73455,73455,10
SHUFFLED_LAG_PM_PLACEBO_REPO,CP_REPO_FRESH,POOLED,cluster_exit_strict,ex_post_descriptive,73334,98.1020243306371,97.71189563488281,-0.3901286957542662,0.0,0.39793274606594486,-0.2651552989005434,-0.1709751157554966,5.8456941342011,-6.193798202751776,2.5288756756697737,0.0006197346743371001,0.0006171434139368189,-2.591260400281355e-06,full,pooled,pooled,pooled,/home/runner/work/money-making/money-making/projects/harv-extension/outputs/cp_repo_ops_hg_math_audited_actions/29058736547/combined/predictions/full,,,True,True,True,73334,73334,10
SHUFFLED_LAG_PM_PLACEBO_REPO,CP_REPO_FRESH,POOLED,inflection_points,ex_post_descriptive,144886,91.26187395804037,91.11849778030444,-0.14337617773594674,0.0,0.4416644810402661,-0.017270915145928382,0.046968983564318785,4.85214060536394,-5.168045217012656,2.301957776897165,0.0006520767011172286,0.0006529679144583393,8.912133411106033e-07,full,pooled,pooled,pooled,/home/runner/work/money-making/money-making/projects/harv-extension/outputs/cp_repo_ops_hg_math_audited_actions/29058736547/combined/predictions/full,,,True,True,True,144886,144886,10
SHUFFLED_LAG_PM_PLACEBO_REPO,CP_REPO_FRESH,POOLED,high_within_block_dispersion,ex_post_descriptive,68970,119.73844718611599,119.60427234064147,-0.134174845474493,0.0,0.389734667246629,0.0008665783252812934,0.1926621591021572,6.374907007661128,-7.527676383041175,1.487881954824502,0.0005624257377578713,0.0005686239437191444,6.198205961273055e-06,full,pooled,pooled,pooled,/home/runner/work/money-making/money-making/projects/harv-extension/outputs/cp_repo_ops_hg_math_audited_actions/29058736547/combined/predictions/full,,,True,True,True,68970,68970,10
SHUFFLED_LAG_PM_PLACEBO_REPO,CP_REPO_FRESH,POOLED,recent_spike_position,ex_post_descriptive,125358,111.56735040893437,111.53126331543434,-0.036087093500029026,0.0,0.40463313071363616,0.13469338535128442,0.13754180213575362,3.812843607652501,-4.247896403432675,1.1269083795662826,0.0006047035610111888,0.0006091827784219505,4.479217410761824e-06,full,pooled,pooled,pooled,/home/runner/work/money-making/money-making/projects/harv-extension/outputs/cp_repo_ops_hg_math_audited_actions/29058736547/combined/predictions/full,,,True,True,True,125358,125358,10
SHUFFLED_LAG_PM_PLACEBO_REPO,CP_REPO_FRESH,POOLED,older_spike_position,ex_post_descriptive,108871,97.68880885561461,97.43444157677634,-0.25436727883826454,0.0,0.4180911353804043,-0.07198245286373628,0.018630400446735473,4.9235116471671425,-5.4454190690113675,1.9363603291273535,0.0005680816718543753,0.0005701423444680369,2.060672613661543e-06,full,pooled,pooled,pooled,/home/runner/work/money-making/money-making/projects/harv-extension/outputs/cp_repo_ops_hg_math_audited_actions/29058736547/combined/predictions/full,,,True,True,True,108871,108871,10
SHUFFLED_LAG_PM_PLACEBO_REPO,CP_REPO_FRESH,POOLED,same_average_different_path,ex_post_descriptive,7396,117.33450950138983,117.3731818015564,0.03867230016658037,0.0,0.37723093564088694,0.13008904384609468,0.07461691691907414,4.252180144322844,-4.291164666652597,1.1625413865905312,0.0005391404105625169,0.000543100371193495,3.959960630978018e-06,full,pooled,pooled,pooled,/home/runner/work/money-making/money-making/projects/harv-extension/outputs/cp_repo_ops_hg_math_audited_actions/29058736547/combined/predictions/full,,,True,True,True,7396,7396,10
SHUFFLED_LAG_PM_PLACEBO_REPO,CP_REPO_FRESH,POOLED,recent_ramp_high_dispersion,ex_post_descriptive,24273,117.78095672139997,118.4281414949415,0.6471847735414967,0.0,0.451324516952993,0.6031342771379701,0.5573586981955975,5.205966861885024,-5.182773230123878,1.5524854014281004,0.0007779882134244475,0.0007926212485103806,1.4633035085933047e-05,full,pooled,pooled,pooled,/home/runner/work/money-making/money-making/projects/harv-extension/outputs/cp_repo_ops_hg_math_audited_actions/29058736547/combined/predictions/full,,,True,True,True,24273,24273,10
SHUFFLED_LAG_PM_PLACEBO_REPO,CP_REPO_FRESH,POOLED,entry_with_recent_spike,ex_post_descriptive,43747,94.77411259008775,94.9939885723259,0.2198759822381398,0.0,0.4743639563855807,0.3219045866526383,0.27838944142933325,3.6443732585526156,-3.68951535780627,1.746577164021403,0.0008220644864603863,0.0008304363652918029,8.37187883141662e-06,full,pooled,pooled,pooled,/home/runner/work/money-making/money-making/projects/harv-extension/outputs/cp_repo_ops_hg_math_audited_actions/29058736547/combined/predictions/full,,,True,True,True,43747,43747,10
SHUFFLED_LAG_PM_PLACEBO_REPO,CP_REPO_FRESH,POOLED,entry_without_recent_spike,ex_post_descriptive,29710,91.45319947902479,91.450697436652,-0.0025020423727670806,0.0,0.44574217435207003,0.04360560236860462,0.10871467870317983,5.343435494579039,-5.493404570267943,2.5197283838907403,0.0006484440247791532,0.0006476522732693515,-7.917515098016342e-07,full,pooled,pooled,pooled,/home/runner/work/money-making/money-making/projects/harv-extension/outputs/cp_repo_ops_hg_math_audited_actions/29058736547/combined/predictions/full,,,True,True,True,29710,29710,10
SHUFFLED_LAG_PM_PLACEBO_REPO,CP_REPO_FRESH,POOLED,same_average_recent_front_loaded,ex_post_descriptive,14331,93.73901614143956,93.68336123354462,-0.055654907894942124,0.0,0.44483985765124556,0.04150004573365373,0.07290302490644725,3.6645614493386427,-3.9289591355628986,1.685123051680165,0.0006144378820398564,0.0006156989961505774,1.2611141107208717e-06,full,pooled,pooled,pooled,/home/runner/work/money-making/money-making/projects/harv-extension/outputs/cp_repo_ops_hg_math_audited_actions/29058736547/combined/predictions/full,,,True,True,True,14331,14331,10
SHUFFLED_LAG_PM_PLACEBO_REPO,CP_REPO_FRESH,POOLED,same_average_back_loaded,ex_post_descriptive,15559,115.74002133050338,115.5837931550299,-0.15622817547346285,0.0,0.3633909634295263,-0.026910359628821132,-0.03710075520273557,4.2946011395162165,-4.537528286906115,1.2843780127064903,0.0005252327302232637,0.0005277712464133768,2.538516190113002e-06,full,pooled,pooled,pooled,/home/runner/work/money-making/money-making/projects/harv-extension/outputs/cp_repo_ops_hg_math_audited_actions/29058736547/combined/predictions/full,,,True,True,True,15559,15559,10
SHUFFLED_LAG_PM_PLACEBO_REPO,CP_REPO_FRESH,POOLED,stable_low_dispersion,ex_post_descriptive,68968,80.1902201766738,79.91610747922876,-0.27411269744506606,0.0,0.45276070061477786,-0.09187192132787798,-0.074560609850733,4.152003661101093,-4.409351780562584,2.246544024098114,0.0006438761605037101,0.0006423459670206479,-1.5301934830622914e-06,full,pooled,pooled,pooled,/home/runner/work/money-making/money-making/projects/harv-extension/outputs/cp_repo_ops_hg_math_audited_actions/29058736547/combined/predictions/full,,,True,True,True,68968,68968,10
RANDOM_GATE_PLACEBO_REPO,CP_REPO_FRESH,POOLED,all_observations,not_conditioned,367248,101.05207052391545,100.86366052430078,-0.18840999961462349,0.0,0.4091376944190302,-0.06913486169285249,-0.011715167539989385,4.36026015729819,-4.703991203515347,1.3458232299811748,0.0005855369015712755,0.0005861095986443927,5.726970731171181e-07,full,pooled,pooled,pooled,/home/runner/work/money-making/money-making/projects/harv-extension/outputs/cp_repo_ops_hg_math_audited_actions/29058736547/combined/predictions/full,,,True,True,True,367248,367248,10
RANDOM_GATE_PLACEBO_REPO,CP_REPO_FRESH,POOLED,cluster_entry_loose,ex_post_descriptive,73457,93.54811132156233,93.56088921296094,0.012777891398588625,0.0,0.4447499897899451,0.09477061239634962,0.07900902245168331,4.41115762793087,-4.462609298882131,1.7686917942169949,0.0007529125160248839,0.0007565085520951432,3.5960360702595293e-06,full,pooled,pooled,pooled,/home/runner/work/money-making/money-making/projects/harv-extension/outputs/cp_repo_ops_hg_math_audited_actions/29058736547/combined/predictions/full,,,True,True,True,73457,73457,10
RANDOM_GATE_PLACEBO_REPO,CP_REPO_FRESH,POOLED,cluster_entry_strict,ex_post_descriptive,73266,93.50281510136585,93.51351872765493,0.01070362628910841,0.0,0.4448994076379221,0.09354748389316615,0.0788532500426112,4.40819077067358,-4.463833775135198,1.771417148658152,0.0007538776113393598,0.0007574764163155195,3.598804976159577e-06,full,pooled,pooled,pooled,/home/runner/work/money-making/money-making/projects/harv-extension/outputs/cp_repo_ops_hg_math_audited_actions/29058736547/combined/predictions/full,,,True,True,True,73266,73266,10
RANDOM_GATE_PLACEBO_REPO,CP_REPO_FRESH,POOLED,cluster_exit_loose,ex_post_descriptive,73455,98.22979536671478,97.78270324564932,-0.447092121065469,0.0,0.41113606970253896,-0.25038613838131885,-0.053917182517002664,4.901434277687846,-5.804007025833931,1.64969240732799,0.0006168593376177505,0.0006171643472764073,3.050096586568126e-07,full,pooled,pooled,pooled,/home/runner/work/money-making/money-making/projects/harv-extension/outputs/cp_repo_ops_hg_math_audited_actions/29058736547/combined/predictions/full,,,True,True,True,73455,73455,10
RANDOM_GATE_PLACEBO_REPO,CP_REPO_FRESH,POOLED,cluster_exit_strict,ex_post_descriptive,73334,98.16097190908188,97.71189563488281,-0.44907627419905793,0.0,0.4113098971827529,-0.2520121309428497,-0.05410800257910903,4.8992417915131075,-5.806078577609676,1.6530772097171536,0.0006168445903012924,0.0006171434139368189,2.98823635526617e-07,full,pooled,pooled,pooled,/home/runner/work/money-making/money-making/projects/harv-extension/outputs/cp_repo_ops_hg_math_audited_actions/29058736547/combined/predictions/full,,,True,True,True,73334,73334,10
RANDOM_GATE_PLACEBO_REPO,CP_REPO_FRESH,POOLED,inflection_points,ex_post_descriptive,144886,91.30880563383101,91.11849778030444,-0.19030785352656449,0.0,0.43505238601383156,-0.07459722304514892,-0.019727311832934035,4.557881039809697,-4.850793536509597,1.7713426224804962,0.0006528605728058302,0.0006529679144583393,1.0734165250903955e-07,full,pooled,pooled,pooled,/home/runner/work/money-making/money-making/projects/harv-extension/outputs/cp_repo_ops_hg_math_audited_actions/29058736547/combined/predictions/full,,,True,True,True,144886,144886,10
RANDOM_GATE_PLACEBO_REPO,CP_REPO_FRESH,POOLED,high_within_block_dispersion,ex_post_descriptive,68970,119.83965078234549,119.60427234064147,-0.23537844170399558,0.0,0.39138755980861245,-0.028358826030718456,0.2087482080592053,5.7275289534094265,-7.194599835452651,1.1917451837364768,0.000560626586943697,0.0005686239437191444,7.997356775447242e-06,full,pooled,pooled,pooled,/home/runner/work/money-making/money-making/projects/harv-extension/outputs/cp_repo_ops_hg_math_audited_actions/29058736547/combined/predictions/full,,,True,True,True,68970,68970,10
RANDOM_GATE_PLACEBO_REPO,CP_REPO_FRESH,POOLED,recent_spike_position,ex_post_descriptive,125358,111.53033195491435,111.53126331543434,0.0009313605200327729,0.0,0.39197338821614897,0.08588679664510643,0.05519977812538817,3.959379382934252,-4.034680152874397,0.9844368725303312,0.0006058582922214369,0.0006091827784219505,3.324486200513773e-06,full,pooled,pooled,pooled,/home/runner/work/money-making/money-making/projects/harv-extension/outputs/cp_repo_ops_hg_math_audited_actions/29058736547/combined/predictions/full,,,True,True,True,125358,125358,10
RANDOM_GATE_PLACEBO_REPO,CP_REPO_FRESH,POOLED,older_spike_position,ex_post_descriptive,108871,97.71772779155843,97.43444157677634,-0.2832862147820898,0.0,0.4167041728283932,-0.11909558590254113,-0.017347736834280727,4.533568048265509,-5.1122022076127145,1.4509807679936984,0.0005695682365055994,0.0005701423444680369,5.741079624375744e-07,full,pooled,pooled,pooled,/home/runner/work/money-making/money-making/projects/harv-extension/outputs/cp_repo_ops_hg_math_audited_actions/29058736547/combined/predictions/full,,,True,True,True,108871,108871,10
RANDOM_GATE_PLACEBO_REPO,CP_REPO_FRESH,POOLED,same_average_different_path,ex_post_descriptive,7396,117.21769802685183,117.3731818015564,0.15548377470457259,0.0,0.38480259599783667,0.2258514549335986,0.11402460184447383,4.3227479172952,-4.240525693881034,0.9755291448584877,0.0005387317547066231,0.000543100371193495,4.36861648687186e-06,full,pooled,pooled,pooled,/home/runner/work/money-making/money-making/projects/harv-extension/outputs/cp_repo_ops_hg_math_audited_actions/29058736547/combined/predictions/full,,,True,True,True,7396,7396,10
RANDOM_GATE_PLACEBO_REPO,CP_REPO_FRESH,POOLED,recent_ramp_high_dispersion,ex_post_descriptive,24273,118.09445229709449,118.4281414949415,0.3336891978469747,0.0,0.4252461582828657,0.44007352251272086,0.36769855694948295,5.250128818460845,-5.375809629672641,1.4754297961273046,0.0007790691045267269,0.0007926212485103806,1.3552143983653637e-05,full,pooled,pooled,pooled,/home/runner/work/money-making/money-making/projects/harv-extension/outputs/cp_repo_ops_hg_math_audited_actions/29058736547/combined/predictions/full,,,True,True,True,24273,24273,10
RANDOM_GATE_PLACEBO_REPO,CP_REPO_FRESH,POOLED,entry_with_recent_spike,ex_post_descriptive,43747,94.80650806104374,94.9939885723259,0.18748051128215204,0.0,0.4548197590691933,0.24600704831167014,0.15820484397922496,4.231086347363739,-4.050331296718339,1.6956221968395653,0.0008223061577478372,0.0008304363652918029,8.130207543965697e-06,full,pooled,pooled,pooled,/home/runner/work/money-making/money-making/projects/harv-extension/outputs/cp_repo_ops_hg_math_audited_actions/29058736547/combined/predictions/full,,,True,True,True,43747,43747,10
RANDOM_GATE_PLACEBO_REPO,CP_REPO_FRESH,POOLED,entry_without_recent_spike,ex_post_descriptive,29710,91.69516341977533,91.450697436652,-0.24446598312333154,0.0,0.42992258498821945,-0.14071744104261982,-0.05268315319441528,4.691661680968074,-5.043134354844958,1.8835934690509148,0.0006507326558951614,0.0006476522732693515,-3.080382625809932e-06,full,pooled,pooled,pooled,/home/runner/work/money-making/money-making/projects/harv-extension/outputs/cp_repo_ops_hg_math_audited_actions/29058736547/combined/predictions/full,,,True,True,True,29710,29710,10
RANDOM_GATE_PLACEBO_REPO,CP_REPO_FRESH,POOLED,same_average_recent_front_loaded,ex_post_descriptive,14331,93.8389157933824,93.68336123354462,-0.155554559837774,0.0,0.4285813969716,-0.06042429604298876,-0.05582911841777033,3.8335108553066894,-4.03801912428777,1.48956005855662,0.0006161154929941945,0.0006156989961505774,-4.1649684361709917e-07,full,pooled,pooled,pooled,/home/runner/work/money-making/money-making/projects/harv-extension/outputs/cp_repo_ops_hg_math_audited_actions/29058736547/combined/predictions/full,,,True,True,True,14331,14331,10
RANDOM_GATE_PLACEBO_REPO,CP_REPO_FRESH,POOLED,same_average_back_loaded,ex_post_descriptive,15559,115.62004434019819,115.5837931550299,-0.03625118516828421,0.0,0.36718298091136964,0.02774427706243067,0.0074810018841989685,3.9837670532852822,-4.0261165830229855,0.9017498556687542,0.0005263460044877435,0.0005277712464133768,1.4252419256332887e-06,full,pooled,pooled,pooled,/home/runner/work/money-making/money-making/projects/harv-extension/outputs/cp_repo_ops_hg_math_audited_actions/29058736547/combined/predictions/full,,,True,True,True,15559,15559,10
RANDOM_GATE_PLACEBO_REPO,CP_REPO_FRESH,POOLED,stable_low_dispersion,ex_post_descriptive,68968,80.14425148339845,79.91610747922876,-0.22814400416971356,-2.842170943040401e-14,0.4384932142442872,-0.1669401286756316,-0.16514028707839273,4.010008095154249,-3.9519239786901927,1.764499197263497,0.0006455395169370499,0.0006423459670206479,-3.1935499164021003e-06,full,pooled,pooled,pooled,/home/runner/work/money-making/money-making/projects/harv-extension/outputs/cp_repo_ops_hg_math_audited_actions/29058736547/combined/predictions/full,,,True,True,True,68968,68968,10
RIDGE_AR22,CP_REPO_FRESH,POOLED,all_observations,not_conditioned,367248,101.36265601334573,100.86366052430078,-0.4989954890449569,0.0,0.4093990981571036,-0.5418050386913501,-0.3491606868080915,12.247411162135581,-12.92279262033923,5.852977310590028,0.0005919817417392004,0.0005861095986443927,-5.872143094807789e-06,full,pooled,pooled,pooled,/home/runner/work/money-making/money-making/projects/harv-extension/outputs/cp_repo_ops_hg_math_audited_actions/29058736547/combined/predictions/full,,,True,True,True,367248,367248,10
RIDGE_AR22,CP_REPO_FRESH,POOLED,cluster_entry_loose,ex_post_descriptive,73457,93.91212743656352,93.56088921296094,-0.3512382236025706,0.0,0.43858311665328015,-0.3746131568957167,-0.3592124168854768,14.679711593861066,-15.240715517986677,8.289312616025192,0.0007467276107881041,0.0007565085520951432,9.780941307039123e-06,full,pooled,pooled,pooled,/home/runner/work/money-making/money-making/projects/harv-extension/outputs/cp_repo_ops_hg_math_audited_actions/29058736547/combined/predictions/full,,,True,True,True,73457,73457,10
RIDGE_AR22,CP_REPO_FRESH,POOLED,cluster_entry_strict,ex_post_descriptive,73266,93.86712311784613,93.51351872765493,-0.3536043901911936,0.0,0.4388256490049955,-0.3761302820775454,-0.35867751774114415,14.675148443297841,-15.245746220241275,8.29756040923316,0.0007476051957799035,0.0007574764163155195,9.871220535615813e-06,full,pooled,pooled,pooled,/home/runner/work/money-making/money-making/projects/harv-extension/outputs/cp_repo_ops_hg_math_audited_actions/29058736547/combined/predictions/full,,,True,True,True,73266,73266,10
RIDGE_AR22,CP_REPO_FRESH,POOLED,cluster_exit_loose,ex_post_descriptive,73455,99.39226148637732,97.78270324564932,-1.6095582407280042,0.0,0.3921584643659383,-1.6472171145244956,-1.092533808564139,12.513277621260432,-14.502168435855053,6.571166731208791,0.0006461979970165399,0.0006171643472764073,-2.9033649740132497e-05,full,pooled,pooled,pooled,/home/runner/work/money-making/money-making/projects/harv-extension/outputs/cp_repo_ops_hg_math_audited_actions/29058736547/combined/predictions/full,,,True,True,True,73455,73455,10
RIDGE_AR22,CP_REPO_FRESH,POOLED,cluster_exit_strict,ex_post_descriptive,73334,99.32283376988026,97.71189563488281,-1.6109381349974363,0.0,0.3923555240406905,-1.648082048402119,-1.0917270465478501,12.508107310720826,-14.501647519817748,6.576743789033429,0.0006461434395900038,0.0006171434139368189,-2.900002565318502e-05,full,pooled,pooled,pooled,/home/runner/work/money-making/money-making/projects/harv-extension/outputs/cp_repo_ops_hg_math_audited_actions/29058736547/combined/predictions/full,,,True,True,True,73334,73334,10
RIDGE_AR22,CP_REPO_FRESH,POOLED,inflection_points,ex_post_descriptive,144886,91.76222966855288,91.11849778030444,-0.6437318882484533,0.0,0.43262979169830074,-0.6767624365036529,-0.4648174354325196,12.956975179052446,-13.762111754227426,7.368610954981776,0.0006614808397653196,0.0006529679144583393,-8.512925306980174e-06,full,pooled,pooled,pooled,/home/runner/work/money-making/money-making/projects/harv-extension/outputs/cp_repo_ops_hg_math_audited_actions/29058736547/combined/predictions/full,,,True,True,True,144886,144886,10
RIDGE_AR22,CP_REPO_FRESH,POOLED,high_within_block_dispersion,ex_post_descriptive,68970,122.14731932970997,119.60427234064147,-2.5430469890684924,0.0,0.32189357691750037,-2.5959796309074767,-2.153886273431716,16.061489139593448,-18.138193297561045,5.459802784964552,0.000608227896984451,0.0005686239437191444,-3.960395326530682e-05,full,pooled,pooled,pooled,/home/runner/work/money-making/money-making/projects/harv-extension/outputs/cp_repo_ops_hg_math_audited_actions/29058736547/combined/predictions/full,,,True,True,True,68970,68970,10
RIDGE_AR22,CP_REPO_FRESH,POOLED,recent_spike_position,ex_post_descriptive,125358,111.4356066394648,111.53126331543434,0.09565667596952827,0.0,0.4016656296367204,0.05553551792033612,0.0666424239290852,12.855427221950064,-13.151409565765652,4.93253234904528,0.0005964523056332508,0.0006091827784219505,1.273047278869953e-05,full,pooled,pooled,pooled,/home/runner/work/money-making/money-making/projects/harv-extension/outputs/cp_repo_ops_hg_math_audited_actions/29058736547/combined/predictions/full,,,True,True,True,125358,125358,10
RIDGE_AR22,CP_REPO_FRESH,POOLED,older_spike_position,ex_post_descriptive,108871,98.07896961803387,97.43444157677634,-0.6445280412575156,0.0,0.4117441742980224,-0.7008795176731734,-0.4377238844715289,11.64227926467136,-12.448410777258045,5.87612830577687,0.0005808399485287569,0.0005701423444680369,-1.069760406072009e-05,full,pooled,pooled,pooled,/home/runner/work/money-making/money-making/projects/harv-extension/outputs/cp_repo_ops_hg_math_audited_actions/29058736547/combined/predictions/full,,,True,True,True,108871,108871,10
RIDGE_AR22,CP_REPO_FRESH,POOLED,same_average_different_path,ex_post_descriptive,7396,119.22971732210914,117.3731818015564,-1.8565355205527359,0.0,0.33180097349918874,-1.8590675523644051,-1.5494516824746831,11.33397539165045,-13.294243942757836,4.489576935589833,0.0005694707427903754,0.000543100371193495,-2.6370371596880338e-05,full,pooled,pooled,pooled,/home/runner/work/money-making/money-making/projects/harv-extension/outputs/cp_repo_ops_hg_math_audited_actions/29058736547/combined/predictions/full,,,True,True,True,7396,7396,10
RIDGE_AR22,CP_REPO_FRESH,POOLED,recent_ramp_high_dispersion,ex_post_descriptive,24273,118.85659890104864,118.4281414949415,-0.4284574061071418,0.0,0.38219420755572037,-0.4615349293088095,-0.567438307445371,18.38083839212909,-18.4969823517248,6.889974900256462,0.0007713764697345777,0.0007926212485103806,2.1244778775802894e-05,full,pooled,pooled,pooled,/home/runner/work/money-making/money-making/projects/harv-extension/outputs/cp_repo_ops_hg_math_audited_actions/29058736547/combined/predictions/full,,,True,True,True,24273,24273,10
RIDGE_AR22,CP_REPO_FRESH,POOLED,entry_with_recent_spike,ex_post_descriptive,43747,94.65173471587737,94.9939885723259,0.34225385644853373,0.0,0.4543168674423389,0.3193645354224087,0.08124259528081972,15.945984099082965,-15.973013886543583,8.968965165952127,0.0007930445598600119,0.0008304363652918029,3.7391805431791095e-05,full,pooled,pooled,pooled,/home/runner/work/money-making/money-making/projects/harv-extension/outputs/cp_repo_ops_hg_math_audited_actions/29058736547/combined/predictions/full,,,True,True,True,43747,43747,10
RIDGE_AR22,CP_REPO_FRESH,POOLED,entry_without_recent_spike,ex_post_descriptive,29710,92.82307998963847,91.450697436652,-1.3723825529864702,0.0,0.41541568495456077,-1.3701312797606746,-0.9418080783037261,12.640563478378544,-14.23902460921679,7.388534641211166,0.0006785274232738413,0.0006476522732693515,-3.0875150004489805e-05,full,pooled,pooled,pooled,/home/runner/work/money-making/money-making/projects/harv-extension/outputs/cp_repo_ops_hg_math_audited_actions/29058736547/combined/predictions/full,,,True,True,True,29710,29710,10
RIDGE_AR22,CP_REPO_FRESH,POOLED,same_average_recent_front_loaded,ex_post_descriptive,14331,94.18085995648052,93.68336123354462,-0.4974987229358955,0.0,0.4336054706580141,-0.526928849462723,-0.3936878083775819,12.106844079891463,-12.972370973513918,6.838692469523245,0.0006156974197353224,0.0006156989961505774,1.576415254905885e-09,full,pooled,pooled,pooled,/home/runner/work/money-making/money-making/projects/harv-extension/outputs/cp_repo_ops_hg_math_audited_actions/29058736547/combined/predictions/full,,,True,True,True,14331,14331,10
RIDGE_AR22,CP_REPO_FRESH,POOLED,same_average_back_loaded,ex_post_descriptive,15559,116.16750091714017,115.5837931550299,-0.5837077621102698,0.0,0.35554984253486727,-0.6163357279743628,-0.4967710977025485,10.120556592621874,-10.665272601386311,3.5595847436828296,0.0005387599133645389,0.0005277712464133768,-1.0988666951162222e-05,full,pooled,pooled,pooled,/home/runner/work/money-making/money-making/projects/harv-extension/outputs/cp_repo_ops_hg_math_audited_actions/29058736547/combined/predictions/full,,,True,True,True,15559,15559,10
RIDGE_AR22,CP_REPO_FRESH,POOLED,stable_low_dispersion,ex_post_descriptive,68968,79.53572493971076,79.91610747922876,0.3803825395179793,0.0,0.48731295673355757,0.34468264849253166,0.3788150119796696,11.593534266172355,-11.565555030434433,7.235345242822914,0.0006318456309033307,0.0006423459670206479,1.0500336117317157e-05,full,pooled,pooled,pooled,/home/runner/work/money-making/money-making/projects/harv-extension/outputs/cp_repo_ops_hg_math_audited_actions/29058736547/combined/predictions/full,,,True,True,True,68968,68968,10
CP_REPO_OPS_K,CP_REPO_FRESH,POOLED,all_observations,not_conditioned,367248,100.946758295615,100.86366052430078,-0.08309777131423794,0.0,0.4196945932993508,-0.02973285571186202,0.013660195352041507,2.5160148259171278,-2.787471762963084,0.8236434408261211,0.0005861510782727326,0.0005861095986443927,-4.1479628339954495e-08,full,pooled,pooled,pooled,/home/runner/work/money-making/money-making/projects/harv-extension/outputs/cp_repo_ops_hg_math_audited_actions/29058736547/combined/predictions/full,,,True,True,True,367248,367248,10
CP_REPO_OPS_K,CP_REPO_FRESH,POOLED,cluster_entry_loose,ex_post_descriptive,73457,93.75852250837978,93.56088921296094,-0.1976332954188273,0.0,0.43336918197040447,-0.16317189049546477,-0.06514149128863268,3.853437513934308,-4.1722538487322645,1.8470319446670374,0.0007592159106744106,0.0007565085520951432,-2.707358579267268e-06,full,pooled,pooled,pooled,/home/runner/work/money-making/money-making/projects/harv-extension/outputs/cp_repo_ops_hg_math_audited_actions/29058736547/combined/predictions/full,,,True,True,True,73457,73457,10
CP_REPO_OPS_K,CP_REPO_FRESH,POOLED,cluster_entry_strict,ex_post_descriptive,73266,93.7095808198522,93.51351872765493,-0.19606209219727358,0.0,0.43365271749515466,-0.16230303503967713,-0.06425961883080149,3.8536887492375644,-4.1716193263310775,1.8484074717084873,0.0007601763355056436,0.0007574764163155195,-2.699919190124329e-06,full,pooled,pooled,pooled,/home/runner/work/money-making/money-making/projects/harv-extension/outputs/cp_repo_ops_hg_math_audited_actions/29058736547/combined/predictions/full,,,True,True,True,73266,73266,10
CP_REPO_OPS_K,CP_REPO_FRESH,POOLED,cluster_exit_loose,ex_post_descriptive,73455,97.84163811758475,97.78270324564932,-0.058934871935435805,0.0,0.4279354706963447,-0.013833615048558538,0.02450838615887601,1.753234074668007,-1.9847809844106978,0.6056826714839758,0.000616605922271408,0.0006171643472764073,5.584250049994616e-07,full,pooled,pooled,pooled,/home/runner/work/money-making/money-making/projects/harv-extension/outputs/cp_repo_ops_hg_math_audited_actions/29058736547/combined/predictions/full,,,True,True,True,73455,73455,10
CP_REPO_OPS_K,CP_REPO_FRESH,POOLED,cluster_exit_strict,ex_post_descriptive,73334,97.7710200058852,97.71189563488281,-0.05912437100238092,0.0,0.42815065317588025,-0.013822480722397997,0.024570383041797105,1.7532014598222057,-1.9855171211243219,0.6070507112531587,0.0006165920690167353,0.0006171434139368189,5.513449200835628e-07,full,pooled,pooled,pooled,/home/runner/work/money-making/money-making/projects/harv-extension/outputs/cp_repo_ops_hg_math_audited_actions/29058736547/combined/predictions/full,,,True,True,True,73334,73334,10
CP_REPO_OPS_K,CP_REPO_FRESH,POOLED,inflection_points,ex_post_descriptive,144886,91.26532906860685,91.11849778030444,-0.14683128830241718,0.0,0.44234777687285176,-0.0961161029470436,-0.021509635391961997,2.7763030451319852,-3.1248656480806436,1.1580303324281864,0.0006544468315485348,0.0006529679144583393,-1.4789170901953155e-06,full,pooled,pooled,pooled,/home/runner/work/money-making/money-making/projects/harv-extension/outputs/cp_repo_ops_hg_math_audited_actions/29058736547/combined/predictions/full,,,True,True,True,144886,144886,10
CP_REPO_OPS_K,CP_REPO_FRESH,POOLED,high_within_block_dispersion,ex_post_descriptive,68970,119.78806555735532,119.60427234064147,-0.1837932167138466,0.0,0.3801797883137596,-0.1268799015435269,0.01867843286909078,2.9960236529619793,-3.7178058011845994,0.6362766740285153,0.0005699442640372397,0.0005686239437191444,-1.3203203180954188e-06,full,pooled,pooled,pooled,/home/runner/work/money-making/money-making/projects/harv-extension/outputs/cp_repo_ops_hg_math_audited_actions/29058736547/combined/predictions/full,,,True,True,True,68970,68970,10
CP_REPO_OPS_K,CP_REPO_FRESH,POOLED,recent_spike_position,ex_post_descriptive,125358,111.51267430237282,111.53126331543434,0.018589013061519933,0.0,0.40088386860032865,0.06373483772243066,0.06769117932335465,2.9321154594521044,-3.082454753755607,0.8275923296571648,0.000607183556913737,0.0006091827784219505,1.9992215082136407e-06,full,pooled,pooled,pooled,/home/runner/work/money-making/money-making/projects/harv-extension/outputs/cp_repo_ops_hg_math_audited_actions/29058736547/combined/predictions/full,,,True,True,True,125358,125358,10
CP_REPO_OPS_K,CP_REPO_FRESH,POOLED,older_spike_position,ex_post_descriptive,108871,97.49818028285262,97.43444157677634,-0.06373870607627313,0.0,0.42882861368041075,-0.007879497413805578,0.020051819562469042,2.083253733961096,-2.3173100508533473,0.7164918871190764,0.0005697795439805455,0.0005701423444680369,3.628004874915544e-07,full,pooled,pooled,pooled,/home/runner/work/money-making/money-making/projects/harv-extension/outputs/cp_repo_ops_hg_math_audited_actions/29058736547/combined/predictions/full,,,True,True,True,108871,108871,10
CP_REPO_OPS_K,CP_REPO_FRESH,POOLED,same_average_different_path,ex_post_descriptive,7396,117.41480837226334,117.3731818015564,-0.04162657070692696,0.0,0.3910221741481882,-0.004117059901782568,0.04603210048770056,2.4012998871441322,-2.7936939100806093,0.5231907535215967,0.0005431259333093364,0.000543100371193495,-2.556211584134773e-08,full,pooled,pooled,pooled,/home/runner/work/money-making/money-making/projects/harv-extension/outputs/cp_repo_ops_hg_math_audited_actions/29058736547/combined/predictions/full,,,True,True,True,7396,7396,10
CP_REPO_OPS_K,CP_REPO_FRESH,POOLED,recent_ramp_high_dispersion,ex_post_descriptive,24273,118.71922554232728,118.4281414949415,-0.29108404738579835,0.0,0.3908457957401228,-0.27522220119694163,-0.058634425321559484,4.172408390256236,-4.953187670477425,1.1945840257885436,0.0007984823065657105,0.0007926212485103806,-5.8610580553298826e-06,full,pooled,pooled,pooled,/home/runner/work/money-making/money-making/projects/harv-extension/outputs/cp_repo_ops_hg_math_audited_actions/29058736547/combined/predictions/full,,,True,True,True,24273,24273,10
CP_REPO_OPS_K,CP_REPO_FRESH,POOLED,entry_with_recent_spike,ex_post_descriptive,43747,94.93131345857371,94.9939885723259,0.06267511375218106,0.0,0.45155096349463963,0.08944007078299199,0.09453666789359944,3.739724194529156,-3.761642704252368,1.767992626857577,0.0008269715480216023,0.0008304363652918029,3.464817270200849e-06,full,pooled,pooled,pooled,/home/runner/work/money-making/money-making/projects/harv-extension/outputs/cp_repo_ops_hg_math_audited_actions/29058736547/combined/predictions/full,,,True,True,True,43747,43747,10
CP_REPO_OPS_K,CP_REPO_FRESH,POOLED,entry_without_recent_spike,ex_post_descriptive,29710,92.03162632197335,91.450697436652,-0.580928885321355,0.0,0.40659710535173343,-0.5365526959550168,-0.32488749083247803,4.039388913895349,-4.728023424432988,1.9828832532967056,0.0006594479582332261,0.0006476522732693515,-1.1795684963874528e-05,full,pooled,pooled,pooled,/home/runner/work/money-making/money-making/projects/harv-extension/outputs/cp_repo_ops_hg_math_audited_actions/29058736547/combined/predictions/full,,,True,True,True,29710,29710,10
CP_REPO_OPS_K,CP_REPO_FRESH,POOLED,same_average_recent_front_loaded,ex_post_descriptive,14331,93.85460865027807,93.68336123354462,-0.17124741673343494,0.0,0.4252320145139907,-0.1124002122550418,-0.05266354456968938,3.3056718305366104,-3.5239218563070263,1.6314485301957227,0.0006170085191869382,0.0006156989961505774,-1.3095230363608374e-06,full,pooled,pooled,pooled,/home/runner/work/money-making/money-making/projects/harv-extension/outputs/cp_repo_ops_hg_math_audited_actions/29058736547/combined/predictions/full,,,True,True,True,14331,14331,10
CP_REPO_OPS_K,CP_REPO_FRESH,POOLED,same_average_back_loaded,ex_post_descriptive,15559,115.55126605401794,115.5837931550299,0.032527101011954815,0.0,0.39366283180152967,0.05388630828825326,0.0472418027145338,1.3751519912402348,-1.4636192977817402,0.2872002855082698,0.0005266645458965941,0.0005277712464133768,1.1067005167826386e-06,full,pooled,pooled,pooled,/home/runner/work/money-making/money-making/projects/harv-extension/outputs/cp_repo_ops_hg_math_audited_actions/29058736547/combined/predictions/full,,,True,True,True,15559,15559,10
CP_REPO_OPS_K,CP_REPO_FRESH,POOLED,stable_low_dispersion,ex_post_descriptive,68968,79.98921153689179,79.91610747922876,-0.07310405766303954,0.0,0.4727119823686347,0.000482229838354391,0.012560286274463869,2.088675246719731,-2.2666841580134256,1.0049322624987163,0.0006420947592878995,0.0006423459670206479,2.512077327483469e-07,full,pooled,pooled,pooled,/home/runner/work/money-making/money-making/projects/harv-extension/outputs/cp_repo_ops_hg_math_audited_actions/29058736547/combined/predictions/full,,,True,True,True,68968,68968,10
