model_name,condition,n_obs_total,n_assets,pooled_model_mean_SMAPE,equal_weight_asset_model_mean_SMAPE,pooled_CP_mean_SMAPE,equal_weight_asset_CP_mean_SMAPE,pooled_mean_advantage_vs_CP,equal_weight_asset_mean_advantage_vs_CP,pooled_median_advantage_vs_CP,equal_weight_asset_median_advantage_vs_CP,pooled_win_rate_vs_CP,equal_weight_asset_win_rate_vs_CP,pooled_mean_abs_error_model,equal_weight_asset_mean_abs_error_model,pooled_mean_abs_error_CP,equal_weight_asset_mean_abs_error_CP,pooled_mean_abs_error_advantage_vs_CP,equal_weight_asset_mean_abs_error_advantage_vs_CP,assets_positive,assets_negative
CP_REPO_FRESH,all_observations,367248,10,100.86366051352246,100.86446932552599,100.86366051352246,100.86446932552599,0.0,0.0,0.0,0.0,0.0,0.0,0.0005861095985985633,0.0005860814836972201,0.0005861095985985633,0.0005860814836972201,0.0,0.0,0,0
CP_REPO_FRESH,cluster_entry_loose,73457,10,93.56088920634404,93.5601466793833,93.56088920634404,93.5601466793833,0.0,0.0,0.0,0.0,0.0,0.0,0.0007565085518804451,0.0007564891133133099,0.0007565085518804451,0.0007564891133133099,0.0,0.0,0,0
CP_REPO_FRESH,cluster_entry_strict,73266,10,93.51351872126948,93.50077666255066,93.51351872126948,93.50077666255066,0.0,0.0,0.0,0.0,0.0,0.0,0.0007574764161019171,0.0007575629505833999,0.0007574764161019171,0.0007575629505833999,0.0,0.0,0,0
CP_REPO_FRESH,cluster_exit_loose,73455,10,97.78270322300334,97.78394318646994,97.78270322300334,97.78394318646994,0.0,0.0,0.0,0.0,0.0,0.0,0.0006171643472766249,0.00061714297680593,0.0006171643472766249,0.00061714297680593,0.0,0.0,0,0
CP_REPO_FRESH,cluster_exit_strict,73334,10,97.71189561215213,97.69701415215351,97.71189561215213,97.69701415215351,0.0,0.0,0.0,0.0,0.0,0.0,0.000617143413936372,0.0006170716032702601,0.000617143413936372,0.0006170716032702601,0.0,0.0,0,0
CP_REPO_FRESH,inflection_points,144886,10,91.11849776564624,91.9402786618501,91.11849776564624,91.9402786618501,0.0,0.0,0.0,0.0,0.0,0.0,0.0006529679143698079,0.00063880978092709,0.0006529679143698079,0.00063880978092709,0.0,0.0,0,0
CP_REPO_FRESH,high_within_block_dispersion,68970,10,119.60427233753938,122.74906256210409,119.60427233753938,122.74906256210409,0.0,0.0,0.0,0.0,0.0,0.0,0.0005686239436958912,0.0005551224108426,0.0005686239436958912,0.0005551224108426,0.0,0.0,0,0
CP_REPO_FRESH,recent_spike_position,125358,10,111.5312633098087,105.29554362902309,111.5312633098087,105.29554362902309,0.0,0.0,0.0,0.0,0.0,0.0,0.0006091827783179715,0.0006480729005072201,0.0006091827783179715,0.0006480729005072201,0.0,0.0,0,0
CP_REPO_FRESH,older_spike_position,108871,10,97.43444156272851,98.42605014902875,97.43444156272851,98.42605014902875,0.0,0.0,0.0,0.0,0.0,0.0,0.0005701423444708448,0.0005566876073936501,0.0005701423444708448,0.0005566876073936501,0.0,0.0,0,0
CP_REPO_FRESH,same_average_different_path,7396,10,117.37318180795138,112.21175371896967,117.37318180795138,112.21175371896967,0.0,0.0,0.0,0.0,0.0,0.0,0.000543100371160609,0.00054156999594424,0.000543100371160609,0.00054156999594424,0.0,0.0,0,0
CP_REPO_FRESH,recent_ramp_high_dispersion,24273,10,118.42814151699305,120.08678395816678,118.42814151699305,120.08678395816678,0.0,0.0,0.0,0.0,0.0,0.0,0.0007926212482415474,0.0007943646335000299,0.0007926212482415474,0.0007943646335000299,0.0,0.0,0,0
CP_REPO_FRESH,entry_with_recent_spike,43747,10,94.99398856513227,95.26764048996782,94.99398856513227,95.26764048996782,0.0,0.0,0.0,0.0,0.0,0.0,0.0008304363649765367,0.00082438172085008,0.0008304363649765367,0.00082438172085008,0.0,0.0,0,0
CP_REPO_FRESH,entry_without_recent_spike,29710,10,91.45069743088432,91.1003900671519,91.45069743088432,91.1003900671519,0.0,0.0,0.0,0.0,0.0,0.0,0.0006476522732027333,0.00065456630746402,0.0006476522732027333,0.00065456630746402,0.0,0.0,0,0
CP_REPO_FRESH,same_average_recent_front_loaded,14331,10,93.68336123788055,93.70714525852046,93.68336123788055,93.70714525852046,0.0,0.0,0.0,0.0,0.0,0.0,0.0006156989960013113,0.00061612291386322,0.0006156989960013113,0.00061612291386322,0.0,0.0,0,0
CP_REPO_FRESH,same_average_back_loaded,15559,10,115.58379315439637,110.08150215899893,115.58379315439637,110.08150215899893,0.0,0.0,0.0,0.0,0.0,0.0,0.0005277712465663854,0.00055136299368703,0.0005277712465663854,0.00055136299368703,0.0,0.0,0,0
CP_REPO_FRESH,stable_low_dispersion,68968,10,79.91610745758304,80.15405136141791,79.91610745758304,80.15405136141791,0.0,0.0,0.0,0.0,0.0,0.0,0.0006423459669195823,0.00061770203585454,0.0006423459669195823,0.00061770203585454,0.0,0.0,0,0
HAR_RV,all_observations,367248,10,102.15141709422994,102.15239520147588,100.86366051352246,100.86446932552599,-1.2877565807074727,-1.2879258759498955,-0.6040888679897153,-0.6042171980049759,0.3815759377859103,0.3815736750770131,0.0006035874743551177,0.00060355979514747,0.0005861095985985633,0.0005860814836972201,-1.7477875756574652e-05,-1.747831145027027e-05,1,9
HAR_RV,cluster_entry_loose,73457,10,92.95960192845736,92.95905101040248,93.56088920634404,93.5601466793833,0.6012872778866823,0.601095668980817,0.024554789946196615,0.02456047392535083,0.45061736798399066,0.45061948802327967,0.0007390380835994922,0.0007390233451509402,0.0007565085518804451,0.0007564891133133099,1.7470468280945156e-05,1.746576816236209e-05,9,1
HAR_RV,cluster_entry_strict,73266,10,92.90699327126455,92.89389314984145,93.51351872126948,93.50077666255066,0.6065254500049146,0.6068835127092148,0.0247297829129393,0.02469136378985297,0.451027761854066,0.45107346505260876,0.0007398002112069991,0.0007398796041565901,0.0007574764161019171,0.0007575629505833999,1.7676204894934093e-05,1.7683346426826116e-05,9,1
HAR_RV,cluster_exit_loose,73455,10,99.11339154272541,99.11468458501177,97.78270322300334,97.78394318646994,-1.3306883197220516,-1.3307413985418655,-0.2112746435541189,-0.21131779605484483,0.3969777414743721,0.3969770298163202,0.0006335651434434417,0.00063354028562613,0.0006171643472766249,0.00061714297680593,-1.640079616681823e-05,-1.639730882020132e-05,0,10
HAR_RV,cluster_exit_strict,73334,10,99.04229870183181,99.02766876986936,97.71189561215213,97.69701415215351,-1.3304030896796948,-1.3306546177158451,-0.21088391355094557,-0.2108350400597459,0.3972236616030763,0.3972569445091244,0.0006334702199738757,0.0006333996113882,0.000617143413936372,0.0006170716032702601,-1.6326806037501856e-05,-1.6328008117938058e-05,0,10
HAR_RV,inflection_points,144886,10,91.65853408138483,92.48025537067593,91.11849776564624,91.9402786618501,-0.5400363157385886,-0.5399767088258283,-0.11151042189779342,-0.10716649541713821,0.4302210013389838,0.42719104902720967,0.0006552906325372341,0.00064084758345014,0.0006529679143698079,0.00063880978092709,-2.3227181674524305e-06,-2.0378025230769345e-06,1,9
HAR_RV,high_within_block_dispersion,68970,10,120.63546405553241,123.68580734560435,119.60427233753938,122.74906256210409,-1.0311917179930232,-0.9367447835002448,-0.1733881085942088,-0.16283466571000246,0.3380745251558649,0.3313595460805038,0.0005947832577568919,0.0005804774682084399,0.0005686239436958912,0.0005551224108426,-2.6159314061009585e-05,-2.5355057365848237e-05,3,7
HAR_RV,recent_spike_position,125358,10,111.99805864962404,105.85943997885911,111.5312633098087,105.29554362902309,-0.46679533981537225,-0.5638963498360349,-0.37006888308107566,-0.40436080521726064,0.3727324941367922,0.38734596678589556,0.0006188285133109147,0.0006561170669173398,0.0006091827783179715,0.0006480729005072201,-9.645734992917386e-06,-8.044166410092784e-06,4,6
HAR_RV,older_spike_position,108871,10,99.20825817609439,100.1747684473731,97.43444156272851,98.42605014902875,-1.7738166133658597,-1.7487182983443426,-0.7198352409500484,-0.7174866875522085,0.3786315915165655,0.37595349387164584,0.0005931944034964641,0.00057894256129551,0.0005701423444708448,0.0005566876073936501,-2.3052059025634385e-05,-2.225495390187577e-05,1,9
HAR_RV,same_average_different_path,7396,10,118.13259874325489,113.08416443390452,117.37318180795138,112.21175371896967,-0.7594169353034765,-0.8724107149348557,-0.22350135914541308,-0.26670733594268015,0.3505949161709032,0.3606141012276043,0.0005596092399787517,0.00055793597363236,0.000543100371160609,0.00054156999594424,-1.6508868818125142e-05,-1.6365977688106838e-05,2,8
HAR_RV,recent_ramp_high_dispersion,24273,10,115.57984610013072,117.32140609545323,118.42814151699305,120.08678395816678,2.848295416862323,2.7653778627135415,0.32342057290663234,0.2774809878362582,0.4355456680262019,0.4281072488753148,0.0007402055176142947,0.00074346593767686,0.0007926212482415474,0.0007943646335000299,5.241573062727209e-05,5.089869582319035e-05,10,0
HAR_RV,entry_with_recent_spike,43747,10,93.63512857372484,93.92238064062795,94.99398856513227,95.26764048996782,1.358859991407434,1.345259849339871,0.09772579847490771,0.09587316697319945,0.4631403296226027,0.4620152591113267,0.0008005230126974279,0.0007949071612455,0.0008304363649765367,0.00082438172085008,2.991335227909921e-05,2.9474559604571045e-05,9,1
HAR_RV,entry_without_recent_spike,29710,10,91.9649111122165,91.6144666368449,91.45069743088432,91.1003900671519,-0.5142136813321776,-0.5140765696929778,-0.006154984775070797,-0.00626463164328035,0.4321777179400875,0.43356068958457056,0.0006485035432680373,0.00065547609558207,0.0006476522732027333,0.00065456630746402,-8.512700653101548e-07,-9.097881180558779e-07,0,10
HAR_RV,same_average_recent_front_loaded,14331,10,93.36608009279385,93.38702061483492,93.68336123788055,93.70714525852046,0.3172811450866931,0.3201246436855281,-0.025771772317649995,-0.02454407610325119,0.4456772032656479,0.445976975261931,0.0006150321949087384,0.00061537978749914,0.0006156989960013113,0.00061612291386322,6.668010925704163e-07,7.431263640774479e-07,9,1
HAR_RV,same_average_back_loaded,15559,10,116.27143838027652,110.8164600910643,115.58379315439637,110.08150215899893,-0.687645225880142,-0.7349579320653805,-0.16629718080140632,-0.18181389919431049,0.35439295584549135,0.3697311379139257,0.0005394221828316635,0.00056356341808762,0.0005277712465663854,0.00055136299368703,-1.1650936265277511e-05,-1.2200424400585955e-05,1,9
HAR_RV,stable_low_dispersion,68968,10,81.06909168254184,81.2545834866426,79.91610745758304,80.15405136141791,-1.1529842249588211,-1.1005321252246731,-0.6884953810262283,-0.6465835000099801,0.44872984572555386,0.4478646183540168,0.0006475242923247819,0.00062219455167047,0.0006423459669195823,0.00061770203585454,-5.178325405195961e-06,-4.492515815925047e-06,0,10
RAW_PM,all_observations,367248,10,101.88760919193611,101.88853111682593,100.86366051352246,100.86446932552599,-1.0239486784136425,-1.0240617912999408,-0.06532939709510183,-0.06534327538846299,0.40144262187949287,0.40144125980448664,0.0005990779687570176,0.0005990498605231799,0.0005861095985985633,0.0005860814836972201,-1.2968370158479569e-05,-1.2968376825985434e-05,1,9
RAW_PM,cluster_entry_loose,73457,10,94.03880713330504,94.0383408936548,93.56088920634404,93.5601466793833,-0.4779179269610003,-0.4781942142715085,0.120524046748985,0.12055194583388058,0.4449269640742203,0.44493114616412355,0.0007346324358854361,0.0007346177418218601,0.0007565085518804451,0.0007564891133133099,2.1876115994995088e-05,2.1871371491436023e-05,3,7
RAW_PM,cluster_entry_strict,73266,10,93.99169568813328,93.97795482134599,93.51351872126948,93.50077666255066,-0.4781769668637878,-0.4771781587953198,0.12172968133126152,0.12156440045366299,0.4452542789288347,0.44530316572818335,0.0007354681544245753,0.00073554712596844,0.0007574764161019171,0.0007575629505833999,2.2008261677356124e-05,2.201582461497435e-05,3,7
RAW_PM,cluster_exit_loose,73455,10,99.87809125609799,99.87933084808739,97.78270322300334,97.78394318646994,-2.0953880330946353,-2.095387661617468,-0.4401834770904429,-0.44027338384638465,0.3766932135320945,0.3766900518417268,0.0006583931844600772,0.0006583693104548601,0.0006171643472766249,0.00061714297680593,-4.122883718346081e-05,-4.122633364893848e-05,2,8
RAW_PM,cluster_exit_strict,73334,10,99.80773739074738,99.79360981876452,97.71189561215213,97.69701415215351,-2.0958417785952377,-2.0965956666110066,-0.4427682238547528,-0.4426325467535797,0.37691930073362967,0.3769388730847504,0.0006583379766057416,0.0006582655389604501,0.000617143413936372,0.0006170716032702601,-4.119456266936629e-05,-4.1193935690186557e-05,2,8
RAW_PM,inflection_points,144886,10,92.01016315529449,92.80822012427016,91.11849776564624,91.9402786618501,-0.8916653896482527,-0.8679414624200602,-0.022802922910939827,-0.022026963723411085,0.43068343387214775,0.42783647694401356,0.0006617560439486528,0.0006472623001797601,0.0006529679143698079,0.00063880978092709,-8.78812957885721e-06,-8.4525192526827e-06,1,9
RAW_PM,high_within_block_dispersion,68970,10,122.32504139681929,125.36182555062399,119.60427233753938,122.74906256210409,-2.7207690592799065,-2.612762988519903,-0.6074844973150234,-0.5705441956335024,0.3168769030013049,0.3102725410267976,0.0006055941431937838,0.00058939308246757,0.0005686239436958912,0.0005551224108426,-3.697019949790083e-05,-3.427067162497932e-05,2,8
RAW_PM,recent_spike_position,125358,10,111.83579349828955,105.60168824859306,111.5312633098087,105.29554362902309,-0.3045301884808665,-0.3061446195699967,0.043054591463762226,0.04685691160451766,0.4019288756999952,0.42049629999841337,0.000598699531015989,0.0006362266114978399,0.0006091827783179715,0.0006480729005072201,1.0483247301997134e-05,1.1846289009390299e-05,1,9
RAW_PM,older_spike_position,108871,10,98.88075369226313,99.83910501989574,97.43444156272851,98.42605014902875,-1.4463121295346222,-1.413054870866992,-0.23009305236684388,-0.23018905529571895,0.3916286247026297,0.38885438806882555,0.0005976952275542093,0.0005835464347519199,0.0005701423444708448,0.0005566876073936501,-2.7552883083377883e-05,-2.6858827358284432e-05,3,7
RAW_PM,same_average_different_path,7396,10,120.17262642948768,115.3543827299383,117.37318180795138,112.21175371896967,-2.7994446215363085,-3.1426290109685975,-1.0007324069433186,-1.1973017499712817,0.30773391022174146,0.31269681149164313,0.0005845210942294563,0.00058642709030527,0.000543100371160609,0.00054156999594424,-4.142072306882474e-05,-4.4857094361009235e-05,0,10
RAW_PM,recent_ramp_high_dispersion,24273,10,117.67632376692373,119.37012239313393,118.42814151699305,120.08678395816678,0.7518177500693398,0.7166615650328308,0.24309375073910394,0.2118438079198981,0.41350471717546244,0.4062415136357836,0.000724253460633187,0.0007256685894215899,0.0007926212482415474,0.0007943646335000299,6.836778760838557e-05,6.869604407846642e-05,7,3
RAW_PM,entry_with_recent_spike,43747,10,94.95982795924274,95.26265486584388,94.99398856513227,95.26764048996782,0.034160605889533936,0.004985624123939947,0.5334029397657448,0.52319563351937,0.4632089057535374,0.4615685784635354,0.000782464268814605,0.00077669684454896,0.0008304363649765367,0.00082438172085008,4.7972096161916016e-05,4.768487630110476e-05,5,5
RAW_PM,entry_without_recent_spike,29710,10,92.68263419246709,92.34673856024138,91.45069743088432,91.1003900671519,-1.2319367615827548,-1.2463484930894606,-0.14190532643856169,-0.1467967420762502,0.4180074049141703,0.4190777933727384,0.0006642016316056716,0.0006714516415959602,0.0006476522732027333,0.00065456630746402,-1.6549358402927843e-05,-1.6885334131928718e-05,0,10
RAW_PM,same_average_recent_front_loaded,14331,10,94.511956160173,94.55063923487538,93.68336123788055,93.70714525852046,-0.8285949222924831,-0.8434939763549247,0.04790215250006277,0.04613479485741933,0.43388458586281486,0.4331964329160495,0.0006163157527663414,0.0006166571774536301,0.0006156989960013113,0.00061612291386322,-6.167567650399418e-07,-5.342635904200897e-07,2,8
RAW_PM,same_average_back_loaded,15559,10,117.06711671122595,111.65791680704095,115.58379315439637,110.08150215899893,-1.4833235568295504,-1.5764146480420353,-0.35062410894688123,-0.3751123535643984,0.32444244488720353,0.3383488907911231,0.0005609353775688308,0.00058475491191497,0.0005277712465663854,0.00055136299368703,-3.3164131002434266e-05,-3.339191822792882e-05,2,8
RAW_PM,stable_low_dispersion,68968,10,80.02198356586989,80.24381793642651,79.91610745758304,80.15405136141791,-0.10587610828687646,-0.0897665750086005,0.022101078311293543,0.02136109069496362,0.4850800371186637,0.48211564687744934,0.0006388343993464314,0.00061434328976905,0.0006423459669195823,0.00061770203585454,3.5115675731679586e-06,3.3587460855061965e-06,5,5
RAW_CP_REPO_PLUS_PM,all_observations,367248,10,101.079028874464,101.0796939686444,100.86366051352246,100.86446932552599,-0.2153683609415303,-0.21522464311841003,0.0,0.0,0.4075638260793796,0.4075672226884133,0.00058500369949359,0.00058497582191695,0.0005861095985985633,0.0005860814836972201,1.1058991049526912e-06,1.105661780249284e-06,2,8
RAW_CP_REPO_PLUS_PM,cluster_entry_loose,73457,10,93.31457387458951,93.3137915007626,93.56088920634404,93.5601466793833,0.2463153317545224,0.24635517862068604,0.01440079082489909,0.014404124341293742,0.44993669765985544,0.44994460978982254,0.0007449778910768067,0.00074496090932373,0.0007565085518804451,0.0007564891133133099,1.1530660803631377e-05,1.152820398957298e-05,9,1
RAW_CP_REPO_PLUS_PM,cluster_entry_strict,73266,10,93.26916001004516,93.256300917185,93.51351872126948,93.50077666255066,0.24435871122431305,0.2444757453656527,0.014227412635447651,0.014205309541410572,0.4500450413561543,0.4500820213538793,0.0007459601270683831,0.00074604588789144,0.0007574764161019171,0.0007575629505833999,1.1516289033571284e-05,1.1517062691997286e-05,9,1
RAW_CP_REPO_PLUS_PM,cluster_exit_loose,73455,10,98.58050764276112,98.58143289073786,97.78270322300334,97.78394318646994,-0.7978044197577674,-0.7974897042679436,-0.14318592330692023,-0.14321516879779175,0.3834592607719012,0.3834654466941462,0.0006264172349992492,0.0006263920172966,0.0006171643472766249,0.00061714297680593,-9.252887722653943e-06,-9.249040490699571e-06,0,10
RAW_CP_REPO_PLUS_PM,cluster_exit_strict,73334,10,98.51367149264962,98.49850382472071,97.71189561215213,97.69701415215351,-0.8017758804975048,-0.801489672567187,-0.1444580535338954,-0.14442928858438772,0.38351924073417515,0.3835628190737767,0.00062642862477132,0.00062635265448203,0.000617143413936372,0.0006170716032702601,-9.285210834955195e-06,-9.28105121177718e-06,0,10
RAW_CP_REPO_PLUS_PM,inflection_points,144886,10,91.4109794041127,92.22981407745097,91.11849776564624,91.9402786618501,-0.2924816384664562,-0.2895354156008635,-0.015695521851825885,-0.01516141995482129,0.42733597449028893,0.42435643106023485,0.0006530247672659325,0.00063891030800167,0.0006529679143698079,0.00063880978092709,-5.685289615984399e-08,-1.0052707461554176e-07,0,10
RAW_CP_REPO_PLUS_PM,high_within_block_dispersion,68970,10,119.56280363348824,122.68816549477364,119.60427233753938,122.74906256210409,0.041468704051139206,0.060897067330445864,0.0005309837180800861,0.0004986648561544599,0.38802377845440045,0.37779726827443955,0.0005536416762192982,0.00054111073619612,0.0005686239436958912,0.0005551224108426,1.4982267476584952e-05,1.401167464647312e-05,6,4
RAW_CP_REPO_PLUS_PM,recent_spike_position,125358,10,111.30796010983143,105.0577600720816,111.5312633098087,105.29554362902309,0.22330319997726156,0.23778355694149225,0.0637987673702137,0.06940503343329121,0.40396304982530035,0.423995376434197,0.0005993532312267203,0.0006371485046250899,0.0006091827783179715,0.0006480729005072201,9.829547091264378e-06,1.092439588214004e-05,8,2
RAW_CP_REPO_PLUS_PM,older_spike_position,108871,10,97.89213831386161,98.8764104218088,97.43444156272851,98.42605014902875,-0.45769675113309993,-0.4503602727800568,-0.009558545188949698,-0.00956302493352456,0.40210891789365394,0.39919941081689936,0.0005737118049428894,0.0005601413976339699,0.0005701423444708448,0.0005566876073936501,-3.5694604720580464e-06,-3.4537902403346e-06,0,10
RAW_CP_REPO_PLUS_PM,same_average_different_path,7396,10,117.4390065676748,112.33064195016831,117.37318180795138,112.21175371896967,-0.06582475972340766,-0.11888823119865422,-0.04590859123646671,-0.06195984320892478,0.3656030286641428,0.379474461443836,0.0005436743351816797,0.0005425348143406,0.000543100371160609,0.00054156999594424,-5.739640210556999e-07,-9.648183963513386e-07,3,7
RAW_CP_REPO_PLUS_PM,recent_ramp_high_dispersion,24273,10,117.22843461376766,118.93082997304757,118.42814151699305,120.08678395816678,1.1997069032253969,1.1559539851191947,0.23843900251343442,0.21052491610615293,0.44345569150908415,0.4353066114216001,0.0007541113731805043,0.00075697035742615,0.0007926212482415474,0.0007943646335000299,3.850987506107359e-05,3.739427607391139e-05,9,1
RAW_CP_REPO_PLUS_PM,entry_with_recent_spike,43747,10,94.32617048686947,94.60080574938974,94.99398856513227,95.26764048996782,0.6678180782627964,0.6668347405780817,0.14685192326476387,0.14419384353728085,0.46867213751800124,0.4675334402922422,0.0008079924598898541,0.00080228511661719,0.0008304363649765367,0.00082438172085008,2.244390508668046e-05,2.2096604232888116e-05,9,1
RAW_CP_REPO_PLUS_PM,entry_without_recent_spike,29710,10,91.8250310608093,91.48222410908113,91.45069743088432,91.1003900671519,-0.3743336299249611,-0.3818340419292179,-0.05472647516232871,-0.0563933568160344,0.42234937731403566,0.4233535278317122,0.0006521910064633904,0.00065917796780276,0.0006476522732027333,0.00065456630746402,-4.5387332606751854e-06,-4.611660338758082e-06,0,10
RAW_CP_REPO_PLUS_PM,same_average_recent_front_loaded,14331,10,93.82982044361822,93.85296901091132,93.68336123788055,93.70714525852046,-0.14645920573768265,-0.14582375239089346,0.0,0.0,0.43241923103761076,0.4324231610647932,0.000614323394647254,0.00061482490933724,0.0006156989960013113,0.00061612291386322,1.3756013540467558e-06,1.298004525968778e-06,3,7
RAW_CP_REPO_PLUS_PM,same_average_back_loaded,15559,10,116.06177420890845,110.62138737890862,115.58379315439637,110.08150215899893,-0.4779810545120557,-0.5398852199096922,-0.09984676636171519,-0.10872999432995245,0.3418600167105855,0.3562168538087178,0.0005329293202223706,0.00055737201502458,0.0005277712465663854,0.00055136299368703,-5.158073655981265e-06,-6.00902133754012e-06,1,9
RAW_CP_REPO_PLUS_PM,stable_low_dispersion,68968,10,80.5996042600801,80.81652408013349,79.91610745758304,80.15405136141791,-0.6834968024970709,-0.6624727187155763,-0.28518481300721854,-0.2681023577788448,0.42031086880872287,0.41968673881488466,0.0006521999716485404,0.0006270028872521399,0.0006423459669195823,0.00061770203585454,-9.854004728931057e-06,-9.300851397571462e-06,0,10
CP_REPO_OPS_R,all_observations,367248,10,108.81518148440091,108.8153385944435,100.86366051352246,100.86446932552599,-7.9627724357564755,-7.962116584263455,-0.11747889152154392,-0.11750384822699012,0.3636697817278787,0.363676105027867,0.0029810092040504356,0.00298099640281076,0.0005861095985985633,0.0005860814836972201,-0.0023948996054518512,-0.0023949149191135203,0,10
CP_REPO_OPS_R,cluster_entry_loose,73457,10,102.59832020875112,102.5972352707964,93.56088920634404,93.5601466793833,-9.046897747115862,-9.046551322506906,-0.1960092809178459,-0.19605465343657685,0.3824686551315736,0.38247690049450017,0.0028635599784357707,0.0028631612922406097,0.0007565085518804451,0.0007564891133133099,-0.0021070514265552755,-0.0021066721789272497,0,10
CP_REPO_OPS_R,cluster_entry_strict,73266,10,102.56051680735779,102.55057956923982,93.51351872126948,93.50077666255066,-9.05649020308274,-9.059284047225677,-0.19726722814672448,-0.19721522720019607,0.3825239538121366,0.3825446338140531,0.00286966181777581,0.0028700161258692894,0.0007574764161019171,0.0007575629505833999,-0.0021121854016738235,-0.00211245317528582,0,10
CP_REPO_OPS_R,cluster_exit_loose,73455,10,106.30229616337327,106.30275168830796,97.78270322300334,97.78394318646994,-8.539138747135482,-8.538355294866408,-0.22898478369289868,-0.22903155346080978,0.3590089170240283,0.35901468856329044,0.0019940288054538994,0.00199387829937634,0.0006171643472766249,0.00061714297680593,-0.0013768644581772073,-0.0013767353225703424,0,10
CP_REPO_OPS_R,cluster_exit_strict,73334,10,106.23031512700491,106.2200717533024,97.71189561215213,97.69701415215351,-8.538017012198834,-8.54266784789706,-0.231164840986942,-0.2313349299969268,0.35920582540158724,0.359219678483049,0.0019957278423883423,0.0019963935982560696,0.000617143413936372,0.0006170716032702601,-0.0013785844284518929,-0.0013793219949857325,0,10
CP_REPO_OPS_R,inflection_points,144886,10,99.63804044577054,100.31584742572275,91.11849776564624,91.9402786618501,-8.533966866887623,-8.390017221437038,-0.17522921373038125,-0.16781393613267115,0.38339107988349463,0.38087877794850494,0.004437644982269523,0.004296159766627471,0.0006529679143698079,0.00063880978092709,-0.0037846770678997095,-0.0036573499857003775,0,10
CP_REPO_OPS_R,high_within_block_dispersion,68970,10,127.91841196302701,130.72767718887056,119.60427233753938,122.74906256210409,-8.338086902426852,-8.001990569707697,-0.1416494684128035,-0.13302783001676274,0.3168914020588661,0.3087803360196012,0.002731350508509033,0.00261369475921397,0.0005686239436958912,0.0005551224108426,-0.0021627265648130906,-0.00205857234837132,0,10
CP_REPO_OPS_R,recent_spike_position,125358,10,118.83375990972547,113.11446922460478,111.5312633098087,105.29554362902309,-7.307118381766713,-7.823653090055885,-0.07350436867411926,-0.0800527974637756,0.3483782447071587,0.3647838740624148,0.005099159032905565,0.00552396762282754,0.0006091827783179715,0.0006480729005072201,-0.0044899762545875565,-0.004875894722320281,0,10
CP_REPO_OPS_R,older_spike_position,108871,10,105.26435454241576,106.20944300547444,97.43444156272851,98.42605014902875,-7.846530776764176,-7.800368717638529,-0.15736618938852628,-0.15779304101501027,0.3623095222786601,0.35920446280487683,0.0017997953848840331,0.00176954759913364,0.0005701423444708448,0.0005566876073936501,-0.0012296530404131744,-0.001212859991739978,0,10
CP_REPO_OPS_R,same_average_different_path,7396,10,124.33287909735145,119.773857218641,117.37318180795138,112.21175371896967,-6.964881813007708,-7.5650040092479,-0.07100370507088986,-0.09359946933146165,0.3211195240670633,0.33142374211981374,0.0013657365493045907,0.0016774767925925999,0.000543100371160609,0.00054156999594424,-0.0008226361781439258,-0.001135906796648306,0,10
CP_REPO_OPS_R,recent_ramp_high_dispersion,24273,10,127.62345478668324,128.94749179484603,118.42814151699305,120.08678395816678,-9.214096285703357,-8.878276426190016,-0.16329622100317595,-0.14217775509471797,0.32892514316318544,0.3245765395244793,0.004791105889948522,0.00447363913448085,0.0007926212482415474,0.0007943646335000299,-0.003998484641706894,-0.00367927450098074,0,10
CP_REPO_OPS_R,entry_with_recent_spike,43747,10,104.08261633426241,104.30322064548425,94.99398856513227,95.26764048996782,-9.095493919606003,-9.0424659544282,-0.13108446931357262,-0.12888487972278959,0.39220975152581894,0.3914247899455302,0.0036196045282545965,0.0035696134155640594,0.0008304363649765367,0.00082438172085008,-0.00278916816327801,-0.0027452316947139304,0,10
CP_REPO_OPS_R,entry_without_recent_spike,29710,10,100.41258448047513,100.14029584936334,91.45069743088432,91.1003900671519,-8.97531421785395,-9.053244383497741,-0.32679483732849685,-0.33525024496415323,0.36812521036687984,0.3687411188493811,0.0017503091901179095,0.00177684642479748,0.0006476522732027333,0.00065456630746402,-0.001102656916915117,-0.0011222801173334002,0,10
CP_REPO_OPS_R,same_average_recent_front_loaded,14331,10,101.6882449126569,101.68264377951462,93.68336123788055,93.70714525852046,-8.004883674776382,-7.975498520994163,-0.11756278440808896,-0.11467353220250294,0.3851789826250785,0.3849947699130007,0.0012642479861353344,0.0012702738724955599,0.0006156989960013113,0.00061612291386322,-0.0006485489901339853,-0.0006541509586323025,0,10
CP_REPO_OPS_R,same_average_back_loaded,15559,10,121.25203112239265,116.20252224084933,115.58379315439637,110.08150215899893,-5.682359547966202,-6.1358039770743895,-0.09210570723298214,-0.10044568199833462,0.32624204640401055,0.3408176241857909,0.0010741833867093402,0.00116054028595788,0.0005277712465663854,0.00055136299368703,-0.0005464121401429291,-0.0006091772922708222,0,10
CP_REPO_OPS_R,stable_low_dispersion,68968,10,88.53098952713783,88.60540424594733,79.91610745758304,80.15405136141791,-8.621694920743028,-8.458071262193377,-0.21913785345111322,-0.2062876874536293,0.41094420600858367,0.40962026430619136,0.0018692215510181076,0.00178499140991828,0.0006423459669195823,0.00061770203585454,-0.0012268755840984576,-0.0011672893740636734,0,10
CP_REPO_RIDGE_OPS_R,all_observations,367248,10,100.99196609251355,100.9927192770013,100.86366051352246,100.86446932552599,-0.12830557899108186,-0.12824995147531743,0.0,0.0,0.41245425434583716,0.4124586667622402,0.0005867128054831153,0.00058668443221684,0.0005861095985985633,0.0005860814836972201,-6.03206884555233e-07,-6.029485196233795e-07,1,9
CP_REPO_RIDGE_OPS_R,cluster_entry_loose,73457,10,93.58965249995475,93.58890252043076,93.56088920634404,93.5601466793833,-0.028763293610703462,-0.028755841047457174,2.8415131853586056e-15,2.8421709430404013e-15,0.4412785711368556,0.44128621733058926,0.000756638920388533,0.00075661968903395,0.0007565085518804451,0.0007564891133133099,-1.3036850809673662e-07,-1.3057572064886372e-07,1,9
CP_REPO_RIDGE_OPS_R,cluster_entry_strict,73266,10,93.54531298608566,93.53263034433307,93.51351872126948,93.50077666255066,-0.031794264816202816,-0.031853681782412366,2.8465932874772017e-15,2.8421709430404013e-15,0.4413370458329921,0.4413640483307738,0.0007576201633356676,0.0007577065606301,0.0007574764161019171,0.0007575629505833999,-1.4374723372364915e-07,-1.436100466731909e-07,1,9
CP_REPO_RIDGE_OPS_R,cluster_exit_loose,73455,10,98.05803312696392,98.05916133573926,97.78270322300334,97.78394318646994,-0.275329903960598,-0.2752181492693401,-0.011772632526430455,-0.01177503706738765,0.40262745898849633,0.402632508590699,0.0006192540116706572,0.00061923190489336,0.0006171643472766249,0.00061714297680593,-2.089664394049007e-06,-2.0889280874464337e-06,0,10
CP_REPO_RIDGE_OPS_R,cluster_exit_strict,73334,10,97.98732608931773,97.97240645068858,97.71189561215213,97.69701415215351,-0.2754304771656071,-0.27539229853506164,-0.01194315475755277,-0.0119438062319702,0.40275997490931903,0.40279240309345565,0.0006192347328627755,0.00061916280190356,0.000617143413936372,0.0006170716032702601,-2.091318926389897e-06,-2.091198633286339e-06,0,10
CP_REPO_RIDGE_OPS_R,inflection_points,144886,10,91.26769000563412,92.085334297339,91.11849776564624,91.9402786618501,-0.14919223998790343,-0.14505563548889602,-0.004506033202005674,-0.00435269768988462,0.4312079842082741,0.428277522311301,0.0006542757816667877,0.00064008090489698,0.0006529679143698079,0.00063880978092709,-1.3078672970131092e-06,-1.2711239699234345e-06,0,10
CP_REPO_RIDGE_OPS_R,high_within_block_dispersion,68970,10,119.8478354247997,122.96981551592714,119.60427233753938,122.74906256210409,-0.24356308726032075,-0.22075295382305266,0.0,0.0,0.37030593011454255,0.3610736600695338,0.0005691581569653763,0.0005556655887679399,0.0005686239436958912,0.0005551224108426,-5.34213269499047e-07,-5.431779253534595e-07,2,8
CP_REPO_RIDGE_OPS_R,recent_spike_position,125358,10,111.53581234594327,105.30947122194416,111.5312633098087,105.29554362902309,-0.004549036134589731,-0.013927592921095144,0.017092692987551072,0.01859587754419642,0.40440179326409165,0.4241859736405617,0.0006077921386972955,0.00064657021139054,0.0006091827783179715,0.0006480729005072201,1.3906396207046124e-06,1.502689116709927e-06,5,5
CP_REPO_RIDGE_OPS_R,older_spike_position,108871,10,97.61803621956568,98.60757834516119,97.43444156272851,98.42605014902875,-0.183594656837157,-0.18152819613243512,-0.008201409207665494,-0.00820554211104449,0.40248551037466357,0.3993839805515009,0.0005724442450026991,0.0005589227103299699,0.0005701423444708448,0.0005566876073936501,-2.301900531863192e-06,-2.235102936330511e-06,0,10
CP_REPO_RIDGE_OPS_R,same_average_different_path,7396,10,117.38737237170369,112.251129531741,117.37318180795138,112.21175371896967,-0.014190563752308255,-0.039375812771333715,-0.010770787745934839,-0.014536632512579209,0.3670903190914008,0.38036106263351915,0.0005436771088765369,0.00054235863415696,0.000543100371160609,0.00054156999594424,-5.76737715915711e-07,-7.886382127090726e-07,4,6
CP_REPO_RIDGE_OPS_R,recent_ramp_high_dispersion,24273,10,118.3766558257609,120.0295731110801,118.42814151699305,120.08678395816678,0.05148569123215731,0.05721084708664768,0.015956126768860452,0.013549421226980279,0.40431755448440654,0.39737414220804107,0.0007912606945785741,0.0007931941343005501,0.0007926212482415474,0.0007943646335000299,1.3605536629963022e-06,1.1704991995022006e-06,5,5
CP_REPO_RIDGE_OPS_R,entry_with_recent_spike,43747,10,94.878440545309,95.14776186148909,94.99398856513227,95.26764048996782,0.11554801982326461,0.11987862847872646,0.030769637874144776,0.030154394708948463,0.4641003954556884,0.46298203408620014,0.0008270662237376468,0.000821065227314,0.0008304363649765367,0.00082438172085008,3.3701412388913163e-06,3.316493536081522e-06,8,2
CP_REPO_RIDGE_OPS_R,entry_without_recent_spike,29710,10,91.69195439762852,91.34687948378846,91.45069743088432,91.1003900671519,-0.24125696674418726,-0.24648941663654086,-0.05840803432473637,-0.0601693781752761,0.4076741837765062,0.40819610369510084,0.0006529370274362361,0.0006599470629068,0.0006476522732027333,0.00065456630746402,-5.284754233491766e-06,-5.380755442769047e-06,1,9
CP_REPO_RIDGE_OPS_R,same_average_recent_front_loaded,14331,10,93.75765347680246,93.7838884277078,93.68336123788055,93.70714525852046,-0.07429223892192446,-0.07674316918734322,0.0018031532114085,0.00173662558284242,0.43095387621240666,0.4306350674838756,0.0006163675239499369,0.0006168248085797101,0.0006156989960013113,0.00061612291386322,-6.685279486208651e-07,-7.018947164849605e-07,1,9
CP_REPO_RIDGE_OPS_R,same_average_back_loaded,15559,10,115.64836817624311,110.1583013941308,115.58379315439637,110.08150215899893,-0.06457502184675865,-0.07679923513187706,-0.009024839229073526,-0.00981254182845248,0.36114146153351756,0.37649102461484746,0.0005282920546788494,0.00055211591660778,0.0005277712465663854,0.00055136299368703,-5.208081124691688e-07,-7.529229207544386e-07,3,7
CP_REPO_RIDGE_OPS_R,stable_low_dispersion,68968,10,80.06889108454939,80.30216833587787,79.91610745758304,80.15405136141791,-0.15278362696638068,-0.14811697445995792,-0.0010070835891843356,-0.0009457590002568799,0.45912597146502726,0.45716723358930195,0.0006434553362267441,0.0006187489124821401,0.0006423459669195823,0.00061770203585454,-1.109369307158949e-06,-1.0468766275972138e-06,1,9
CP_REPO_LRPM,all_observations,367248,10,112.99968311753459,112.99969028011438,100.86366051352246,100.86446932552599,-12.14005768016509,-12.13925569918182,-0.34597931386694425,-0.34605281220962375,0.343291181980569,0.34329688272152575,20505407.924960062,20504386.607375924,0.0005861095985985633,0.0005860814836972201,-20505407.92437395,-20504386.606789842,0,10
CP_REPO_LRPM,cluster_entry_loose,73457,10,107.85395810458745,107.85247756443455,93.56088920634404,93.5601466793833,-14.294141645074944,-14.293403588073375,-0.5712547325274495,-0.5713869674192384,0.36311039111316823,0.36311857803861813,94059206.96211557,94069242.10956457,0.0007565085518804451,0.0007564891133133099,-94059206.96135908,-94069242.10880812,0,10
CP_REPO_LRPM,cluster_entry_strict,73266,10,107.82132793777555,107.80986519127012,93.51351872126948,93.50077666255066,-14.308884759923288,-14.310161231741569,-0.5779973773392155,-0.5780192835789512,0.3632244151448148,0.3632384303949695,91629804.86085974,91541637.49292415,0.0007574764161019171,0.0007575629505833999,-91629804.86010233,-91541637.49216665,0,10
CP_REPO_LRPM,cluster_exit_loose,73455,10,111.00971764940287,111.01010771939073,97.78270322300334,97.78394318646994,-13.229682593056406,-13.228833244546362,-0.4679114312143345,-0.46800700135959883,0.3408345245388333,0.34083988682214744,7632.564185704659,7633.446476132884,0.0006171643472766249,0.00061714297680593,-7632.563568540314,-7633.4458589899095,0,10
CP_REPO_LRPM,cluster_exit_strict,73334,10,110.9477431951411,110.93137625464877,97.71189561215213,97.69701415215351,-13.238520152080813,-13.237030814120795,-0.4721893305571786,-0.4719928130868924,0.3410014454414051,0.3410458423846231,7645.157800915489,7646.8301022151745,0.000617143413936372,0.0006170716032702601,-7645.157183772078,-7646.829485143571,0,10
CP_REPO_LRPM,inflection_points,144886,10,104.7974825775174,105.70854536132147,91.11849776564624,91.9402786618501,-13.683550948688245,-13.773595313907771,-0.5425628868928655,-0.5219400391368909,0.36066976795549605,0.3574622516152115,46904059.3151287,44733316.03865733,0.0006529679143698079,0.00063880978092709,-46904059.31447574,-44733316.03801853,0,10
CP_REPO_LRPM,high_within_block_dispersion,68970,10,130.81166243307692,133.59258346030603,119.60427233753938,122.74906256210409,-11.208575341728968,-10.845208036771083,-0.06818760604738895,-0.06403729832636733,0.31380310279831813,0.3050921162754682,4469578.334999332,4195347.117811789,0.0005686239436958912,0.0005551224108426,-4469578.334430708,-4195347.117256666,0,10
CP_REPO_LRPM,recent_spike_position,125358,10,122.29856583207624,116.74040725461525,111.5312633098087,105.29554362902309,-10.770138018787168,-11.447365433748114,-0.2525065531661812,-0.28280029174047316,0.32995899743135654,0.3454822001382905,58356297.15073031,63433578.67733703,0.0006091827783179715,0.0006480729005072201,-58356297.15012114,-63433578.676688954,0,10
CP_REPO_LRPM,older_spike_position,108871,10,109.86833741048557,110.81042449538359,97.43444156272851,98.42605014902875,-12.43842633835167,-12.389393179662587,-0.3466846010333927,-0.338127849016703,0.3459598974933637,0.3430404435393763,1078944.5658198951,1032959.2653492449,0.0005701423444708448,0.0005566876073936501,-1078944.5652497525,-1032959.2647925569,0,10
CP_REPO_LRPM,same_average_different_path,7396,10,127.54569355425352,123.33937887336579,117.37318180795138,112.21175371896967,-10.17251174630211,-11.127625154396124,-0.07984469631227452,-0.1077611996214557,0.31733369388858845,0.3299653585214532,3296.296364188743,7788.945240644163,0.000543100371160609,0.00054156999594424,-3296.2958210883717,-7788.944699074166,0,10
CP_REPO_LRPM,recent_ramp_high_dispersion,24273,10,131.24154133551488,132.89415469392398,118.42814151699305,120.08678395816678,-12.813399818521813,-12.80737073575724,-0.10239181043120174,-0.09236889000025322,0.3288839451242121,0.3213209781567544,9376062.71840795,8749018.660196764,0.0007926212482415474,0.0007943646335000299,-9376062.71761533,-8749018.659402402,0,10
CP_REPO_LRPM,entry_with_recent_spike,43747,10,108.78252975395915,109.07512697962679,94.99398856513227,95.26764048996782,-13.79034963906315,-13.809305626759127,-0.4001612095629461,-0.3949417662132193,0.371956934189773,0.3706697601100661,157651209.81898254,155733664.3319971,0.0008304363649765367,0.00082438172085008,-157651209.81815216,-155733664.33117276,0,10
CP_REPO_LRPM,entry_without_recent_spike,29710,10,106.48667443450178,106.1157152479869,91.45069743088432,91.1003900671519,-15.035977003617463,-15.015325180834992,-0.8905818757800511,-0.9107723906436371,0.3500841467519354,0.35122553864488065,422069.6689698262,427382.5393479659,0.0006476522732027333,0.00065456630746402,-422069.6683221738,-427382.53869339963,0,10
CP_REPO_LRPM,same_average_recent_front_loaded,14331,10,106.47314447616914,106.60463303894122,93.68336123788055,93.70714525852046,-12.789783238288619,-12.89748778042076,-0.5534472434647665,-0.5482783597614128,0.3575465773498011,0.35665197749433164,721543.6583582257,691666.462874944,0.0006156989960013113,0.00061612291386322,-721543.6577425265,-691666.462258821,0,10
CP_REPO_LRPM,same_average_back_loaded,15559,10,125.274290481899,120.34123786521647,115.58379315439637,110.08150215899893,-9.693616480256718,-10.261703706935354,-0.1521094678674904,-0.1659678036263344,0.3137091072691047,0.32801614147990366,1566.915571458603,1972.4593015872656,0.0005277712465663854,0.00055136299368703,-1566.9150436873558,-1972.4587502242716,0,10
CP_REPO_LRPM,stable_low_dispersion,68968,10,94.10823797589491,94.69300654881889,79.91610745758304,80.15405136141791,-14.19213051831189,-14.538955187400973,-1.1306747360357186,-1.102045200836858,0.37678343579631135,0.3734538043689618,5042915.175878807,4730316.13409579,0.0006423459669195823,0.00061770203585454,-5042915.175236463,-4730316.13347809,0,10
CP_REPO_RECENT_SLOPE,all_observations,367248,10,101.07345758607232,101.07408220263471,100.86366051352246,100.86446932552599,-0.20979707254985075,-0.2096128771087027,0.0,0.0,0.41340456585195834,0.41341458991088176,0.0005857162064942386,0.00058568695455179,0.0005861095985985633,0.0005860814836972201,3.933921043120044e-07,3.9452914541729046e-07,4,6
CP_REPO_RECENT_SLOPE,cluster_entry_loose,73457,10,93.308228708458,93.30747964349321,93.56088920634404,93.5601466793833,0.25266049788604905,0.252667035890084,0.05901438976782134,0.059028050506193516,0.4600922988959527,0.4601003788699269,0.0007510467287565697,0.00075103089935962,0.0007565085518804451,0.0007564891133133099,5.461823123856467e-06,5.458213953671074e-06,7,3
CP_REPO_RECENT_SLOPE,cluster_entry_strict,73266,10,93.25924565304676,93.24675081237802,93.51351872126948,93.50077666255066,0.2542730682226999,0.2540258501726396,0.05858910819085409,0.05851347705213143,0.4600769797723364,0.4601073581353625,0.0007520242702100352,0.00075210819730501,0.0007574764161019171,0.0007575629505833999,5.452145891896365e-06,5.454753278404539e-06,7,3
CP_REPO_RECENT_SLOPE,cluster_exit_loose,73455,10,98.4937536372565,98.49482017392852,97.78270322300334,97.78394318646994,-0.7110504142531575,-0.7108769874586067,-0.28869816352176497,-0.2887571296499353,0.3686066299094684,0.36861078138280723,0.000626725044958832,0.00062670154490826,0.0006171643472766249,0.00061714297680593,-9.56069768221619e-06,-9.558568102339005e-06,1,9
CP_REPO_RECENT_SLOPE,cluster_exit_strict,73334,10,98.42278585117232,98.40800154205083,97.71189561215213,97.69701415215351,-0.7108902390201928,-0.710987389897309,-0.29001137607341876,-0.2899496015551598,0.3687375569313006,0.36876809366984337,0.0006267187210145863,0.0006266483072389801,0.000617143413936372,0.0006170716032702601,-9.575307078208831e-06,-9.576703968714425e-06,1,9
CP_REPO_RECENT_SLOPE,inflection_points,144886,10,91.38876896630987,92.19905880830257,91.11849776564624,91.9402786618501,-0.2702712006636322,-0.2587801464524717,-0.02744373101695065,-0.02643268707492722,0.4308835912372486,0.4281843554229746,0.0006549104805306339,0.00064073982573528,0.0006529679143698079,0.00063880978092709,-1.9425661608554583e-06,-1.9300448082181314e-06,1,9
CP_REPO_RECENT_SLOPE,high_within_block_dispersion,68970,10,119.75328290196767,122.83979805309927,119.60427233753938,122.74906256210409,-0.14901056442830488,-0.09073549099520642,-0.0003647007674388642,-0.0003425028857606,0.36733362331448455,0.35875470913924357,0.0005670459261389603,0.0005540790930870299,0.0005686239436958912,0.0005551224108426,1.578017556929983e-06,1.043317755567464e-06,1,9
CP_REPO_RECENT_SLOPE,recent_spike_position,125358,10,111.40132024889077,105.19078580880812,111.5312633098087,105.29554362902309,0.12994306091792068,0.1047578202149636,0.06974588380047436,0.07588095853341112,0.41230715231576764,0.4327763575689101,0.000603628891929569,0.0006419529595314099,0.0006091827783179715,0.0006480729005072201,5.553886388425974e-06,6.119940975830507e-06,7,3
CP_REPO_RECENT_SLOPE,older_spike_position,108871,10,97.79419853647964,98.7910578589692,97.43444156272851,98.42605014902875,-0.3597569737511035,-0.36500770994043996,-0.022769282912680825,-0.02292327761060682,0.4100541007247109,0.4064742910007513,0.0005695720813711498,0.0005558924255159501,0.0005701423444708448,0.0005566876073936501,5.702630996967931e-07,7.951818777008643e-07,3,7
CP_REPO_RECENT_SLOPE,same_average_different_path,7396,10,117.6743661589854,112.60458823349043,117.37318180795138,112.21175371896967,-0.30118435103402774,-0.3928345145207365,-0.16798997071954924,-0.21289557489243655,0.34329367225527313,0.3535172546977337,0.000550841735354061,0.0005491096926628699,0.000543100371160609,0.00054156999594424,-7.741364193434195e-06,-7.539696718609128e-06,2,8
CP_REPO_RECENT_SLOPE,recent_ramp_high_dispersion,24273,10,117.46385926224902,119.16335933815807,118.42814151699305,120.08678395816678,0.9642822547440564,0.9234246200086806,0.25629133157277656,0.22521250221059005,0.43987146211840317,0.43143639951667884,0.0007757871995370185,0.0007791844094242599,0.0007926212482415474,0.0007943646335000299,1.6834048704542584e-05,1.518022407578417e-05,7,3
CP_REPO_RECENT_SLOPE,entry_with_recent_spike,43747,10,94.60297103337531,94.86537560737139,94.99398856513227,95.26764048996782,0.3910175317569656,0.4022648825964296,0.1137147545167605,0.11170320661247217,0.47246668342972087,0.47135518783410557,0.0008205025903816181,0.00081467272408552,0.0008304363649765367,0.00082438172085008,9.933774594911519e-06,9.708996764552874e-06,8,2
CP_REPO_RECENT_SLOPE,entry_without_recent_spike,29710,10,91.40176312487814,91.05886781013515,91.45069743088432,91.1003900671519,0.04893430600617731,0.04152225701675124,0.0,0.0,0.4418714237630427,0.4429674358899006,0.0006487752518629284,0.0006555067010736799,0.0006476522732027333,0.00065456630746402,-1.1229786601975664e-06,-9.403936096617267e-07,6,4
CP_REPO_RECENT_SLOPE,same_average_recent_front_loaded,14331,10,93.63396737840014,93.65246929731822,93.68336123788055,93.70714525852046,0.04939385948039013,0.054675961202227785,0.038485681881278766,0.036613299931904195,0.44735189449445256,0.44728486525985967,0.0006157802633619825,0.0006161991619917,0.0006156989960013113,0.00061612291386322,-8.126736066771821e-08,-7.624812847654052e-08,4,6
CP_REPO_RECENT_SLOPE,same_average_back_loaded,15559,10,116.17996954321768,110.7216577009558,115.58379315439637,110.08150215899893,-0.596176388821295,-0.6401555419568737,-0.23248185076297287,-0.2538331974639547,0.31962208368147055,0.3322089799179161,0.0005315919466179113,0.00055705700182775,0.0005277712465663854,0.00055136299368703,-3.8207000515461965e-06,-5.694008140735889e-06,1,9
CP_REPO_RECENT_SLOPE,stable_low_dispersion,68968,10,80.22106280673185,80.46039410714748,79.91610745758304,80.15405136141791,-0.304955349148822,-0.3063427457295472,-0.01421186894546347,-0.013337178001189188,0.47046456327572206,0.46809898164638036,0.0006432030685990875,0.0006183289964963,0.0006423459669195823,0.00061770203585454,-8.571016794941749e-07,-6.269606417499183e-07,5,5
CP_REPO_HAAR_SHAPE,all_observations,367248,10,101.11778310439216,101.1184541588608,100.86366051352246,100.86446932552599,-0.25412259086970046,-0.2539848333348165,0.0013191349107726674,0.00131941514206346,0.4104310983313728,0.41043393203229234,0.0005843838503106723,0.00058435566350767,0.0005861095985985633,0.0005860814836972201,1.725748287879223e-06,1.7258201895382008e-06,0,10
CP_REPO_HAAR_SHAPE,cluster_entry_loose,73457,10,93.34436644659883,93.34360235202185,93.56088920634404,93.5601466793833,0.21652275974522783,0.21654432736143953,0.02271746706408449,0.02272272573701599,0.44515839198442625,0.4451651840184471,0.0007481536861368489,0.00074813477009175,0.0007565085518804451,0.0007564891133133099,8.354865743580391e-06,8.35434322154421e-06,8,2
CP_REPO_HAAR_SHAPE,cluster_entry_strict,73266,10,93.30295107300526,93.29031684548461,93.51351872126948,93.50077666255066,0.21056764826421684,0.21045981706605893,0.022253084462335634,0.022218513031036828,0.445308874512052,0.4453290247628641,0.0007491417741497091,0.0007492314215141501,0.0007574764161019171,0.0007575629505833999,8.33464195221446e-06,8.33152906925654e-06,8,2
CP_REPO_HAAR_SHAPE,cluster_exit_loose,73455,10,98.63144861117628,98.6323466111836,97.78270322300334,97.78394318646994,-0.8487453881729543,-0.8484034247136917,0.0,0.0,0.41031924307399087,0.4103231159746591,0.0006176349529213636,0.00061761339100727,0.0006171643472766249,0.00061714297680593,-4.706056447514415e-07,-4.704142013526793e-07,0,10
CP_REPO_HAAR_SHAPE,cluster_exit_strict,73334,10,98.56209742597527,98.54691022724776,97.71189561215213,97.69701415215351,-0.8502018138231506,-0.8498960750942363,0.0,0.0,0.41057354024054327,0.4106150894078304,0.0006176102929801083,0.00061753825362235,0.000617143413936372,0.0006170716032702601,-4.6687904371991366e-07,-4.66650352073643e-07,0,10
CP_REPO_HAAR_SHAPE,inflection_points,144886,10,91.40606720110101,92.22554370633546,91.11849776564624,91.9402786618501,-0.2875694354547607,-0.2852650444853566,0.0,0.0,0.43566666206534793,0.43248669300994064,0.000651945973921382,0.00063787541449485,0.0006529679143698079,0.00063880978092709,1.0219404484045144e-06,9.343664322185124e-07,0,10
CP_REPO_HAAR_SHAPE,high_within_block_dispersion,68970,10,119.93241058727666,123.05032628698845,119.60427233753938,122.74906256210409,-0.3281382497373116,-0.3012637248843461,0.09857542458358758,0.0925755315023153,0.39388139770914893,0.38293387124254175,0.0005522757566824246,0.00053960587196026,0.0005686239436958912,0.0005551224108426,1.634818701347631e-05,1.551653888234977e-05,3,7
CP_REPO_HAAR_SHAPE,recent_spike_position,125358,10,111.42001892764944,105.1751758603795,111.5312633098087,105.29554362902309,0.11124438215924279,0.12036776864356986,0.04664765500496237,0.05075734554558444,0.3957944447103496,0.41507147939581357,0.0006024585444050387,0.00064079490283096,0.0006091827783179715,0.0006480729005072201,6.724233912940861e-06,7.277997676267519e-06,8,2
CP_REPO_HAAR_SHAPE,older_spike_position,108871,10,97.98396362512736,98.96378522979643,97.43444156272851,98.42605014902875,-0.5495220623988499,-0.5377350807676868,5.681679088492922e-15,5.6843418860808026e-15,0.4163826914421655,0.4130441939246209,0.0005696293373012113,0.00055614217202443,0.0005701423444708448,0.0005566876073936501,5.130071696309208e-07,5.454353692171348e-07,0,10
CP_REPO_HAAR_SHAPE,same_average_different_path,7396,10,116.93470463566584,111.75921982743685,117.37318180795138,112.21175371896967,0.4384771722855503,0.45253389153282936,0.03421566885207522,0.046178665479916954,0.38358572201189833,0.40202714439895165,0.0005351107770754902,0.0005339618809999799,0.000543100371160609,0.00054156999594424,7.989594085123773e-06,7.608114944264136e-06,9,1
CP_REPO_HAAR_SHAPE,recent_ramp_high_dispersion,24273,10,117.4790933364492,119.16444092532572,118.42814151699305,120.08678395816678,0.9490481805438783,0.922343032841046,0.2306838457432216,0.20134473339013342,0.4313434680509208,0.42360074773155426,0.0007635342132675777,0.00076588255971596,0.0007926212482415474,0.0007943646335000299,2.9087034973995916e-05,2.8482073784096555e-05,8,2
CP_REPO_HAAR_SHAPE,entry_with_recent_spike,43747,10,94.46370980437,94.74126499057603,94.99398856513227,95.26764048996782,0.5302787607622678,0.5263754993917953,0.10385923046285915,0.10158428759764462,0.4589114682149633,0.4575688874006684,0.0008144164461949802,0.0008086190534360299,0.0008304363649765367,0.00082438172085008,1.6019918781554463e-05,1.5762667414048485e-05,9,1
CP_REPO_HAAR_SHAPE,entry_without_recent_spike,29710,10,91.69617008603282,91.34887054781561,91.45069743088432,91.1003900671519,-0.24547265514849279,-0.24848048066369963,-0.05504389898364447,-0.056833378204345295,0.4249074385728711,0.4260465418156656,0.0006505839465117272,0.0006575054409014099,0.0006476522732027333,0.00065456630746402,-2.9316733090029603e-06,-2.939133437398747e-06,3,7
CP_REPO_HAAR_SHAPE,same_average_recent_front_loaded,14331,10,93.81798491497464,93.84578133313606,93.68336123788055,93.70714525852046,-0.13462367709410714,-0.13863607461560415,-0.0019108844040593414,-0.00184038201576441,0.4256506873211918,0.4252625953267232,0.0006149773523946504,0.0006155266679264999,0.0006156989960013113,0.00061612291386322,7.216436066656431e-07,5.962459367248541e-07,3,7
CP_REPO_HAAR_SHAPE,same_average_back_loaded,15559,10,115.65867029826804,110.18390907294511,115.58379315439637,110.08150215899893,-0.07487714387164503,-0.1024069139461764,0.0012819996829483691,0.00139389469371025,0.37148917025515776,0.3877448874791281,0.0005256676475079531,0.00054959696865319,0.0005277712465663854,0.00055136299368703,2.1035990584342368e-06,1.7660250338448118e-06,4,6
CP_REPO_HAAR_SHAPE,stable_low_dispersion,68968,10,80.32444015117426,80.55819324984208,79.91610745758304,80.15405136141791,-0.4083326935912358,-0.4041418884241493,-0.08913473404932547,-0.08397127801269695,0.4393631829254147,0.43792093241247976,0.0006486480498497902,0.00062372367406297,0.0006423459669195823,0.00061770203585454,-6.3020829301952766e-06,-6.0216382084154745e-06,0,10
CP_REPO_OPS_C,all_observations,367248,10,101.47233170106462,101.47291045983684,100.86366051352246,100.86446932552599,-0.6086711875421611,-0.6084411343108471,0.0,0.0,0.4081792140460942,0.408182839534847,0.0006101646095029797,0.00061013608658366,0.0005861095985985633,0.0005860814836972201,-2.4055010904442506e-05,-2.4054602886466153e-05,0,10
CP_REPO_OPS_C,cluster_entry_loose,73457,10,93.70699380911667,93.70611317284688,93.56088920634404,93.5601466793833,-0.14610460277261042,-0.14596649346359641,0.004968939487525848,0.0049700897049998125,0.44449133506677374,0.44449920522348946,0.0008089166672608822,0.0008089045114450198,0.0007565085518804451,0.0007564891133133099,-5.240811538042162e-05,-5.24153981316945e-05,3,7
CP_REPO_OPS_C,cluster_entry_strict,73266,10,93.6666065504884,93.6538531363937,93.51351872126948,93.50077666255066,-0.15308782921894368,-0.15307647384304532,0.0046751424433660125,0.004667879343903713,0.4446810253050528,0.4447071181723599,0.0008099983330372227,0.0008100188743306001,0.0007574764161019171,0.0007575629505833999,-5.2521916935283216e-05,-5.245592374717761e-05,3,7
CP_REPO_OPS_C,cluster_exit_loose,73455,10,99.03415004382988,99.03493996035516,97.78270322300334,97.78394318646994,-1.251446820826539,-1.250996773885243,-0.0009995758056979102,-0.00099977996742293,0.4061534272683956,0.40615811460245643,0.0006555289137853044,0.0006555049949512601,0.0006171643472766249,0.00061714297680593,-3.836456650867362e-05,-3.836201814532405e-05,0,10
CP_REPO_OPS_C,cluster_exit_strict,73334,10,98.96567181867329,98.95042726126668,97.71189561215213,97.69701415215351,-1.2537762065211668,-1.2534131091131555,-0.0010530691077523962,-0.00105312655049658,0.4063599421823438,0.4064046209979607,0.0006555460979665213,0.00065556019902317,0.000617143413936372,0.0006170716032702601,-3.8402684030140624e-05,-3.8488595752901284e-05,0,10
CP_REPO_OPS_C,inflection_points,144886,10,91.80329379622916,92.6176613926776,91.11849776564624,91.9402786618501,-0.6847960305829227,-0.6773827308275119,-0.0003467286794236684,-0.00033492987163796,0.43320265588117557,0.4300545555331682,0.000687469640471846,0.00067231795115055,0.0006529679143698079,0.00063880978092709,-3.4501726102040744e-05,-3.350817022346412e-05,0,10
CP_REPO_OPS_C,high_within_block_dispersion,68970,10,120.33604314984647,123.43147049557201,119.60427233753938,122.74906256210409,-0.731770812307119,-0.6824079334679047,0.05477891795138668,0.0514447436152933,0.39005364651297664,0.3794586487836765,0.000610806190531351,0.00059471460641044,0.0005686239436958912,0.0005551224108426,-4.218224683546103e-05,-3.959219556784077e-05,1,9
CP_REPO_OPS_C,recent_spike_position,125358,10,111.73282581196221,105.51660203354038,111.5312633098087,105.29554362902309,-0.2015625021535113,-0.2210584045172938,0.03130654377874144,0.03406317895091746,0.394637757462627,0.4137611739008162,0.0006210604897213839,0.0006610671985088299,0.0006091827783179715,0.0006480729005072201,-1.1877711403389385e-05,-1.2994298001585032e-05,2,8
CP_REPO_OPS_C,older_spike_position,108871,10,98.35005093059975,99.32881921162434,97.43444156272851,98.42605014902875,-0.9156093678712103,-0.9027690625955931,0.0,0.0,0.41370980334524343,0.41040031330717824,0.0005835535439939892,0.00056978056094801,0.0005701423444708448,0.0005566876073936501,-1.341119952315034e-05,-1.3092953554367031e-05,0,10
CP_REPO_OPS_C,same_average_different_path,7396,10,117.23871058668028,112.1434042546081,117.37318180795138,112.21175371896967,0.1344712212711002,0.06834946436159568,2.567022971810422e-15,2.8421709430404013e-15,0.38115197404002166,0.3975875517965714,0.0005427098102218439,0.0005443357573289401,0.000543100371160609,0.00054156999594424,3.905609387894912e-07,-2.765761384679215e-06,7,3
CP_REPO_OPS_C,recent_ramp_high_dispersion,24273,10,117.86816934564277,119.52178342988896,118.42814151699305,120.08678395816678,0.5599721713503082,0.5650005282777875,0.223167593686451,0.19688488873061233,0.4334857660775347,0.4259676937379074,0.0008967220637270684,0.00087928779840383,0.0007926212482415474,0.0007943646335000299,-0.00010410081548549046,-8.492316490376974e-05,6,4
CP_REPO_OPS_C,entry_with_recent_spike,43747,10,94.85150383418078,95.1228658255123,94.99398856513227,95.26764048996782,0.14248473095149397,0.14477466445551984,0.0830145530237429,0.08131453824950086,0.45856858756028984,0.4572487448507845,0.0008457349880324456,0.0008396043637058299,0.0008304363649765367,0.00082438172085008,-1.529862305592167e-05,-1.5222642855762452e-05,7,3
CP_REPO_OPS_C,entry_without_recent_spike,29710,10,92.0217403568622,91.67841339059134,91.45069743088432,91.1003900671519,-0.5710429259778746,-0.5780233234394357,-0.06441394789707978,-0.066692335044506,0.42376304274654997,0.42497400326062423,0.0007547028982001169,0.0007658100729755801,0.0006476522732027333,0.00065456630746402,-0.00010705062499737787,-0.0001112437655115534,2,8
CP_REPO_OPS_C,same_average_recent_front_loaded,14331,10,94.0730614888905,94.1013732964623,93.68336123788055,93.70714525852046,-0.3897002510099851,-0.3942280379418607,-0.0026492694857964917,-0.0025515242608165002,0.4283720605679994,0.4279895627326801,0.0006560334277985111,0.0006550481412280699,0.0006156989960013113,0.00061612291386322,-4.0334431797197374e-05,-3.892522736484842e-05,3,7
CP_REPO_OPS_C,same_average_back_loaded,15559,10,116.02107254595863,110.57986756392174,115.58379315439637,110.08150215899893,-0.4372793915622527,-0.498365404922827,0.0,0.0,0.3650620219808471,0.3810723239821784,0.0005334227318607881,0.00055811218057879,0.0005277712465663854,0.00055136299368703,-5.651485294398699e-06,-6.749186891754948e-06,2,8
CP_REPO_OPS_C,stable_low_dispersion,68968,10,80.64712862189509,80.87806681762382,79.91610745758304,80.15405136141791,-0.7310211643120669,-0.7240154562058833,-0.1174016260733161,-0.11057412449587305,0.4373332560027839,0.4358598794352629,0.0006637162971488876,0.0006380809194487501,0.0006423459669195823,0.00061770203585454,-2.137033022929382e-05,-2.0378883594198518e-05,0,10
CP_REPO_RIDGE_OPS_C,all_observations,367248,10,101.12208397431918,101.12275524078028,100.86366051352246,100.86446932552599,-0.2584234607967125,-0.258285915254295,0.003786733557849657,0.0037875379950790397,0.4110492092536923,0.41105208188753145,0.0005844131339369406,0.00058438496657312,0.0005861095985985633,0.0005860814836972201,1.6964646615973245e-06,1.6965171240745474e-06,1,9
CP_REPO_RIDGE_OPS_C,cluster_entry_loose,73457,10,93.30118671215544,93.30041508469662,93.56088920634404,93.5601466793833,0.2597024941885992,0.25973159468667395,0.03031389897078117,0.0303209160770244,0.44871149107641206,0.44871905939438445,0.0007467280901724497,0.00074670899949896,0.0007565085518804451,0.0007564891133133099,9.780461707974807e-06,9.78011381432949e-06,8,2
CP_REPO_RIDGE_OPS_C,cluster_entry_strict,73266,10,93.26031898889904,93.24765796577137,93.51351872126948,93.50077666255066,0.2531997323704161,0.25311869677930654,0.029324416999111196,0.02927885985087055,0.44883028962956895,0.4488556486138015,0.0007477102241188482,0.00074779979860423,0.0007574764161019171,0.0007575629505833999,9.76619198309058e-06,9.76315197919175e-06,8,2
CP_REPO_RIDGE_OPS_C,cluster_exit_loose,73455,10,98.6289750351847,98.62987502958292,97.78270322300334,97.78394318646994,-0.8462718121813421,-0.8459318431130015,0.0,0.0,0.4084269280511878,0.4084309973026671,0.000618166342433935,0.0006181447444097,0.0006171643472766249,0.00061714297680593,-1.0019951573172312e-06,-1.0017676037770043e-06,0,10
CP_REPO_RIDGE_OPS_C,cluster_exit_strict,73334,10,98.5601746884049,98.54497429189885,97.71189561215213,97.69701415215351,-0.8482790762527805,-0.8479601397453356,0.0,0.0,0.4086644666866665,0.40871050861442093,0.0006181391249012382,0.0006180673264185299,0.000617143413936372,0.0006170716032702601,-9.957109648504543e-07,-9.957231482542814e-07,0,10
CP_REPO_RIDGE_OPS_C,inflection_points,144886,10,91.40786124182334,92.2264519149501,91.11849776564624,91.9402786618501,-0.28936347617709957,-0.2861732530999891,0.0,0.0,0.43592203525530415,0.4326028486143175,0.0006517039398422452,0.00063763231222463,0.0006529679143698079,0.00063880978092709,1.263974527555741e-06,1.177468702452533e-06,0,10
CP_REPO_RIDGE_OPS_C,high_within_block_dispersion,68970,10,119.87581839654705,122.99587279790508,119.60427233753938,122.74906256210409,-0.2715460590076692,-0.24681023580099307,0.1024590577974961,0.09622278344625962,0.3946498477598956,0.38357058828286555,0.0005511813967940868,0.00053855434135909,0.0005686239436958912,0.0005551224108426,1.7442546901804852e-05,1.6568069483509066e-05,4,6
CP_REPO_RIDGE_OPS_C,recent_spike_position,125358,10,111.40928867833941,105.16517887970706,111.5312633098087,105.29554362902309,0.12197463146926897,0.13036474931601696,0.05095194118395328,0.055443122611163353,0.3981636592798226,0.4176846006317058,0.0006021770151015144,0.00064046598695741,0.0006091827783179715,0.0006480729005072201,7.0057632164720145e-06,7.60691354982133e-06,7,3
CP_REPO_RIDGE_OPS_C,older_spike_position,108871,10,97.9893941214313,98.96910984629271,97.43444156272851,98.42605014902875,-0.554952558702796,-0.5430596972639794,2.840839544246461e-15,2.8421709430404013e-15,0.41607958042086507,0.41272865290439,0.0005700230109561914,0.00055652371587033,0.0005701423444708448,0.0005566876073936501,1.1933351464789946e-07,1.6389152331360732e-07,0,10
CP_REPO_RIDGE_OPS_C,same_average_different_path,7396,10,116.95964956594875,111.78810963003805,117.37318180795138,112.21175371896967,0.4135322420026299,0.42364408893163114,0.029602648204129656,0.03995277118936853,0.38628988642509465,0.4036065854309666,0.0005354380312535348,0.00053435907715261,0.000543100371160609,0.00054156999594424,7.662339907101693e-06,7.210918791651849e-06,9,1
CP_REPO_RIDGE_OPS_C,recent_ramp_high_dispersion,24273,10,117.33167185477086,119.02097640262454,118.42814151699305,120.08678395816678,1.0964696622221812,1.0658075555422244,0.28892960582396127,0.2543794042031332,0.43966547192353644,0.43171828372906207,0.0007594727768688106,0.0007617448158643,0.0007926212482415474,0.0007943646335000299,3.314847137274294e-05,3.261981763573744e-05,8,2
CP_REPO_RIDGE_OPS_C,entry_with_recent_spike,43747,10,94.40898749853135,94.68655867306236,94.99398856513227,95.26764048996782,0.585001066600924,0.5810818169054508,0.11028112288765078,0.10787470463852618,0.4642146890072462,0.46282121529042514,0.0008130946158821797,0.00080730660302361,0.0008304363649765367,0.00082438172085008,1.7341749094357127e-05,1.707511782647056e-05,9,1
CP_REPO_RIDGE_OPS_C,entry_without_recent_spike,29710,10,91.66998640917373,91.32163017241199,91.45069743088432,91.1003900671519,-0.21928897828942062,-0.22124010526008214,-0.04151660420074601,-0.04286530242004396,0.42588354089532143,0.42714311688649687,0.0006490055590306843,0.00065590077539387,0.0006476522732027333,0.00065456630746402,-1.353285827941295e-06,-1.3344679298403686e-06,2,8
CP_REPO_RIDGE_OPS_C,same_average_recent_front_loaded,14331,10,93.77020050639562,93.79670116703885,93.68336123788055,93.70714525852046,-0.0868392685151103,-0.08955590851841015,0.0,0.0,0.43123299141720745,0.4308350399710271,0.0006145283594468035,0.0006150655974633899,0.0006156989960013113,0.00061612291386322,1.1706365545023616e-06,1.0573163998242235e-06,3,7
CP_REPO_RIDGE_OPS_C,same_average_back_loaded,15559,10,115.69906077454537,110.22657000788305,115.58379315439637,110.08150215899893,-0.11526762014898854,-0.14506784888412347,0.0,0.0,0.36737579535959897,0.38378041796450135,0.0005263551311536283,0.0005502988759251801,0.0005277712465663854,0.00055136299368703,1.4161154127683272e-06,1.0641177618639406e-06,4,6
CP_REPO_RIDGE_OPS_C,stable_low_dispersion,68968,10,80.32692108803192,80.55802774503914,79.91610745758304,80.15405136141791,-0.41081363044890035,-0.40397638362122035,-0.09832551848622632,-0.09264567837493728,0.43991416309012876,0.4382924990388851,0.0006488348745343983,0.00062389656460411,0.0006423459669195823,0.00061770203585454,-6.48890761479699e-06,-6.19452874955064e-06,0,10
CP_REPO_GATED_RIDGE_OPS_C,all_observations,367248,10,101.0178589491999,101.01856370648811,100.86366051352246,100.86446932552599,-0.15419843567741998,-0.15409438096212077,0.009400164765612775,0.00940216169578604,0.41818879884982346,0.41819209699698334,0.0005849658633533382,0.0005849376041466901,0.0005861095985985633,0.0005860814836972201,1.1437352452052314e-06,1.1438795505099853e-06,2,8
CP_REPO_GATED_RIDGE_OPS_C,cluster_entry_loose,73457,10,93.72584054342767,93.72499761641743,93.56088920634404,93.5601466793833,-0.16495133708361467,-0.16485093703414336,0.004014718084473845,0.00401564741736377,0.43993084389506787,0.43993862389967725,0.0007547019011740678,0.0007546818889858201,0.0007565085518804451,0.0007564891133133099,1.8066507063618314e-06,1.8072243274744489e-06,3,7
CP_REPO_GATED_RIDGE_OPS_C,cluster_entry_strict,73266,10,93.68019638697504,93.66737244650066,93.51351872126948,93.50077666255066,-0.1666776657055546,-0.1665957839500044,0.003925997257251054,0.0039198979974074104,0.4400404007315808,0.44007010224886256,0.0007556747952264647,0.00075576324427915,0.0007574764161019171,0.0007575629505833999,1.8016208754846844e-06,1.7997063042823081e-06,3,7
CP_REPO_GATED_RIDGE_OPS_C,cluster_exit_loose,73455,10,98.05428033322855,98.05535307381219,97.78270322300334,97.78394318646994,-0.2715771102252088,-0.271409887342278,0.016053478042069334,0.016056756938728253,0.430794363896263,0.43079792251185023,0.0006146994593268393,0.0006146783685923899,0.0006171643472766249,0.00061714297680593,2.464887949780757e-06,2.464608213535235e-06,0,10
CP_REPO_GATED_RIDGE_OPS_C,cluster_exit_strict,73334,10,97.98368662324808,97.96861948011448,97.71189561215213,97.69701415215351,-0.27179101109594767,-0.2716053279609536,0.015994094608223874,0.0159949670530409,0.4310415359860365,0.4310948920322061,0.0006146694650349686,0.0006145989393868199,0.000617143413936372,0.0006170716032702601,2.473948901417291e-06,2.472663883453967e-06,0,10
CP_REPO_GATED_RIDGE_OPS_C,inflection_points,144886,10,91.34798398280634,92.17904955632316,91.11849776564624,91.9402786618501,-0.22948621716009635,-0.23877089447305458,0.004010648748960795,0.00387417064232238,0.44363844677884684,0.43981994731567847,0.0006523072530171426,0.00063823229583983,0.0006529679143698079,0.00063880978092709,6.606613526518629e-07,5.774850872470422e-07,0,10
CP_REPO_GATED_RIDGE_OPS_C,high_within_block_dispersion,68970,10,119.63366345191126,122.78122409862976,119.60427233753938,122.74906256210409,-0.02939111437189266,-0.03216153652566195,0.06373355437245827,0.059854347018905865,0.40020298680585764,0.388832572206223,0.0005573060284214163,0.00054426244840777,0.0005686239436958912,0.0005551224108426,1.1317915274460034e-05,1.0859962434817633e-05,5,5
CP_REPO_GATED_RIDGE_OPS_C,recent_spike_position,125358,10,111.52347690803829,105.27908984924439,111.5312633098087,105.29554362902309,0.007786401770370892,0.01645377977868811,0.018601928011335433,0.02024746454497688,0.3957386046363216,0.4152795445375822,0.0006050889324341916,0.0006436904838264,0.0006091827783179715,0.0006480729005072201,4.093845883783631e-06,4.382416680821746e-06,6,4
CP_REPO_GATED_RIDGE_OPS_C,older_spike_position,108871,10,97.60083193856887,98.59539032326128,97.43444156272851,98.42605014902875,-0.16639037584035068,-0.16934017423254638,0.02954083212396519,0.029670115798769735,0.4341009084145456,0.43018556189146206,0.0005679064293131193,0.0005544905608724199,0.0005701423444708448,0.0005566876073936501,2.235915157700369e-06,2.1970465212044106e-06,2,8
CP_REPO_GATED_RIDGE_OPS_C,same_average_different_path,7396,10,117.24142459000093,112.10199537111453,117.37318180795138,112.21175371896967,0.13175721795044948,0.10975834785514664,0.03140951524357628,0.04187882529519288,0.3927798810167658,0.4127267737805063,0.0005384416001788736,0.00053756714458537,0.000543100371160609,0.00054156999594424,4.658770981745208e-06,4.002851358875328e-06,6,4
CP_REPO_GATED_RIDGE_OPS_C,recent_ramp_high_dispersion,24273,10,118.1367426222542,119.78478364559035,118.42814151699305,120.08678395816678,0.29139889473884506,0.30200031257639903,0.07803320192608507,0.06550505964061984,0.4210851563465579,0.41443636618580265,0.0007755155488869277,0.0007767541364519799,0.0007926212482415474,0.0007943646335000299,1.7105699354638477e-05,1.761049704806738e-05,6,4
CP_REPO_GATED_RIDGE_OPS_C,entry_with_recent_spike,43747,10,94.84955193375274,95.12501211389244,94.99398856513227,95.26764048996782,0.1444366313795303,0.1426283760753723,0.04316486824817932,0.04204706059347813,0.4530367796648913,0.4518520499890254,0.0008213630328237665,0.0008154100389532,0.0008304363649765367,0.00082438172085008,9.073332152767748e-06,8.971681896877884e-06,6,4
CP_REPO_GATED_RIDGE_OPS_C,entry_without_recent_spike,29710,10,92.07121239827279,91.7255935527675,91.45069743088432,91.1003900671519,-0.6205149673884681,-0.6252034856156027,-0.040863603189205046,-0.04234239815798446,0.420632783574554,0.42174392654997295,0.0006565455724538118,0.0006635648821638301,0.0006476522732027333,0.00065456630746402,-8.893299251090866e-06,-8.998574699821456e-06,1,9
CP_REPO_GATED_RIDGE_OPS_C,same_average_recent_front_loaded,14331,10,93.94811106284583,93.9827505311113,93.68336123788055,93.70714525852046,-0.26474982496529736,-0.27560527259083567,-0.0003694816168979386,-0.00035395501273551,0.42509245691159026,0.4245159088864071,0.0006166290742188473,0.00061721537119781,0.0006156989960013113,0.00061612291386322,-9.300782175612985e-07,-1.0924573346151136e-06,2,8
CP_REPO_GATED_RIDGE_OPS_C,same_average_back_loaded,15559,10,115.60355633480076,110.10937277471359,115.58379315439637,110.08150215899893,-0.01976318040436332,-0.02787061571467585,0.009965237045430592,0.01055363472734799,0.3838935664245774,0.4021949295684474,0.0005252608216219875,0.0005489229393775301,0.0005277712465663854,0.00055136299368703,2.5104249444075427e-06,2.4400543095089676e-06,6,4
CP_REPO_GATED_RIDGE_OPS_C,stable_low_dispersion,68968,10,80.11822973304425,80.36249649940505,79.91610745758304,80.15405136141791,-0.20212227546122685,-0.20844513798713624,-0.0014279760753805417,-0.0014587978498266103,0.45700904767428374,0.4540935741969293,0.0006448993623729166,0.0006201949562094999,0.0006423459669195823,0.00061770203585454,-2.5533954533084207e-06,-2.4929203549325653e-06,2,8
CP_REPO_OPS_HG,all_observations,367248,10,101.00029569401977,101.00086819326987,100.86366051352246,100.86446932552599,-0.13663518049730683,-0.136398867743884,0.0,0.0,0.4119450616477149,0.4119524720323973,0.0005813414938580103,0.00058131282625874,0.0005861095985985633,0.0005860814836972201,4.7681047405364115e-06,4.768657438463415e-06,4,6
CP_REPO_OPS_HG,cluster_entry_loose,73457,10,93.36882798686129,93.36791908716864,93.56088920634404,93.5601466793833,0.1920612194827486,0.19222759221464492,0.07009837817974979,0.07011460465618027,0.45142055896647015,0.4514312596413597,0.0007392261937855797,0.00073920923565774,0.0007565085518804451,0.0007564891133133099,1.728235809484818e-05,1.727987765555274e-05,6,4
CP_REPO_OPS_HG,cluster_entry_strict,73266,10,93.32068294708638,93.30786892053936,93.51351872126948,93.50077666255066,0.19283577418307474,0.19290774201129907,0.06960383902872841,0.06949715159388034,0.4515327709988262,0.45156637178628395,0.0007401915752669071,0.00074027704950637,0.0007574764161019171,0.0007575629505833999,1.7284840835027557e-05,1.7285901077047614e-05,6,4
CP_REPO_OPS_HG,cluster_exit_loose,73455,10,98.31272912937787,98.31359930585171,97.78270322300334,97.78394318646994,-0.5300259063745332,-0.529656119381788,-0.0423505331929949,-0.042359183220199347,0.40416581580559524,0.4041741216348839,0.0006194319197841843,0.00061940852189105,0.0006171643472766249,0.00061714297680593,-2.267572507566229e-06,-2.2655450851266146e-06,1,9
CP_REPO_OPS_HG,cluster_exit_strict,73334,10,98.24233632129585,98.22715658135819,97.71189561215213,97.69701415215351,-0.5304407091437262,-0.5301424292046796,-0.042667244327509554,-0.04265800968587427,0.40435541495077315,0.4043974742194571,0.0006194152631807841,0.0006193430917818101,0.000617143413936372,0.0006170716032702601,-2.2718492444116283e-06,-2.27148851154939e-06,1,9
CP_REPO_OPS_HG,inflection_points,144886,10,91.2973390116355,92.12575030287385,91.11849776564624,91.9402786618501,-0.17884124598925666,-0.18547164102375258,0.0,0.0,0.43616360448904656,0.43309621608320875,0.0006487346432601308,0.00063481408729859,0.0006529679143698079,0.00063880978092709,4.2332711096622255e-06,3.995693628486208e-06,4,6
CP_REPO_OPS_HG,high_within_block_dispersion,68970,10,119.04389022013629,122.22254299204405,119.60427233753938,122.74906256210409,0.5603821174030628,0.5265195700600451,0.1309151783397281,0.1229468933835927,0.410265332753371,0.3981941671673453,0.0005354281534298914,0.00052350208102588,0.0005686239436958912,0.0005551224108426,3.319579026599462e-05,3.1620329816716085e-05,8,2
CP_REPO_OPS_HG,recent_spike_position,125358,10,111.301602732875,105.03483760829204,111.5312633098087,105.29554362902309,0.22966057693368883,0.26070602073103205,0.04595690481739797,0.0500136216800655,0.3986263341789116,0.41935531765640083,0.000595062233470093,0.00063300448370399,0.0006091827783179715,0.0006480729005072201,1.4120544847891339e-05,1.5068416803244537e-05,7,3
CP_REPO_OPS_HG,older_spike_position,108871,10,97.71528062585062,98.709542221203,97.43444156272851,98.42605014902875,-0.2808390631221007,-0.2834920721742435,0.0,0.0,0.4147385437811722,0.4111863747952803,0.0005691675251618454,0.00055570735269495,0.0005701423444708448,0.0005566876073936501,9.748193089783033e-07,9.802546986775429e-07,4,6
CP_REPO_OPS_HG,same_average_different_path,7396,10,117.5083164126169,112.42936430082167,117.37318180795138,112.21175371896967,-0.13513460466551155,-0.21761058185202198,0.023340599520343674,0.0315012908854852,0.38412655489453756,0.40046675211481875,0.0005342195383066636,0.00053451507956437,0.000543100371160609,0.00054156999594424,8.88083285393913e-06,7.054916379860505e-06,5,5
CP_REPO_OPS_HG,recent_ramp_high_dispersion,24273,10,116.54957226148284,118.3124544590484,118.42814151699305,120.08678395816678,1.8785692555102347,1.7743294991183507,0.570416237625853,0.4989391051530994,0.4500885757837927,0.44113779713999446,0.0007263036493189664,0.00072870645417835,0.0007926212482415474,0.0007943646335000299,6.631759892260466e-05,6.565817932170415e-05,9,1
CP_REPO_OPS_HG,entry_with_recent_spike,43747,10,94.40833700837007,94.68731985615358,94.99398856513227,95.26764048996782,0.5856515567622138,0.5803206338142466,0.1561215471188896,0.15288189698615967,0.4617916657142204,0.46057374331544826,0.0008018416733278391,0.0007961160908036899,0.0008304363649765367,0.00082438172085008,2.859469164868453e-05,2.826563004637755e-05,9,1
CP_REPO_OPS_HG,entry_without_recent_spike,29710,10,91.83818506649972,91.49413083161224,91.45069743088432,91.1003900671519,-0.38748763561535876,-0.39374076446032874,0.00611378009637533,0.006366645869726991,0.43614944463143723,0.43719439450468356,0.0006470269550264094,0.00065384192105239,0.0006476522732027333,0.00065456630746402,6.253181763130553e-07,7.243864116194862e-07,3,7
CP_REPO_OPS_HG,same_average_recent_front_loaded,14331,10,94.09578732935525,94.12794865159472,93.68336123788055,93.70714525852046,-0.41242609147472004,-0.42080339307426123,-0.009562780461969853,-0.00920996013444153,0.42997697299560395,0.4294531577635798,0.0006097956959063731,0.00061046172777364,0.0006156989960013113,0.00061612291386322,5.903300094916962e-06,5.661186089558711e-06,3,7
CP_REPO_OPS_HG,same_average_back_loaded,15559,10,115.69040790244759,110.2182091487895,115.58379315439637,110.08150215899893,-0.1066147480511931,-0.1367069897905432,-0.014296700533540336,-0.015591968039680099,0.36229834822289353,0.37779888061066486,0.0005266242455372055,0.00055064882227312,0.0005277712465663854,0.00055136299368703,1.147001029185607e-06,7.14171413919365e-07,3,7
CP_REPO_OPS_HG,stable_low_dispersion,68968,10,80.39693531623548,80.62006475854206,79.91610745758304,80.15405136141791,-0.48082785865247274,-0.46601339712413103,-0.09434363662976977,-0.08862194921729985,0.43930518501333954,0.43817956014368864,0.0006490943155348739,0.0006241123834876199,0.0006423459669195823,0.00061770203585454,-6.748348615263809e-06,-6.410347633050943e-06,0,10
RANDOM_RESIDUES_PLACEBO_REPO,all_observations,367248,10,101.01061878524278,101.01127872795857,100.86366051352246,100.86446932552599,-0.14695827172033415,-0.14680940243260632,2.8415672928270383e-15,2.8421709430404013e-15,0.4181833529386137,0.4181891209836574,0.0005839797827126097,0.00058395095568857,0.0005861095985985633,0.0005860814836972201,2.1298158859375793e-06,2.1305280086338578e-06,2,8
RANDOM_RESIDUES_PLACEBO_REPO,cluster_entry_loose,73457,10,93.40703401324546,93.40615087938535,93.56088920634404,93.5601466793833,0.15385519309858295,0.1539957999979539,0.049095295640712355,0.04910666029248104,0.4628558204119417,0.4628651021113613,0.0007512221271717086,0.00075120346981698,0.0007565085518804451,0.0007564891133133099,5.286424708735567e-06,5.285643496328935e-06,8,2
RANDOM_RESIDUES_PLACEBO_REPO,cluster_entry_strict,73266,10,93.36300514323389,93.35048745470303,93.51351872126948,93.50077666255066,0.150513578035578,0.15028920784762687,0.04910356854121296,0.0490352098687889,0.46290230120383263,0.46291994994518404,0.0007522073250946247,0.0007522940322356901,0.0007574764161019171,0.0007575629505833999,5.269091007307272e-06,5.2689183477248555e-06,8,2
RANDOM_RESIDUES_PLACEBO_REPO,cluster_exit_loose,73455,10,98.2984627259852,98.29953773354708,97.78270322300334,97.78394318646994,-0.5157595029818604,-0.5155945470771657,-0.07043030269794753,-0.07044468797219139,0.39659655571438296,0.3965999571908303,0.0006221985274955765,0.0006221770245532501,0.0006171643472766249,0.00061714297680593,-5.0341802189520015e-06,-5.034047747320166e-06,1,9
RANDOM_RESIDUES_PLACEBO_REPO,cluster_exit_strict,73334,10,98.22895393557108,98.21400086419955,97.71189561215213,97.69701415215351,-0.5170583234189525,-0.516986712046035,-0.0710132043611417,-0.07100155373894254,0.3967054844955955,0.39674451387474263,0.0006221816997776142,0.00062211056441937,0.000617143413936372,0.0006170716032702601,-5.0382858412290575e-06,-5.038961149096875e-06,1,9
RANDOM_RESIDUES_PLACEBO_REPO,inflection_points,144886,10,91.27500458899733,92.08819516240325,91.11849776564624,91.9402786618501,-0.1565068233510911,-0.14791650055313815,0.0,0.0,0.4437971922753061,0.44088604277542043,0.0006519717257224612,0.00063787376809796,0.0006529679143698079,0.00063880978092709,9.961886473322854e-07,9.360128291143927e-07,2,8
RANDOM_RESIDUES_PLACEBO_REPO,high_within_block_dispersion,68970,10,119.9233647346781,123.03461909948071,119.60427233753938,122.74906256210409,-0.3190923971387254,-0.28555653737658704,0.014441121244665924,0.01356214777021526,0.3852109612875163,0.37514446488995096,0.0005632512448483066,0.00055027739342181,0.0005686239436958912,0.0005551224108426,5.37269884758129e-06,4.845017420788233e-06,1,9
RANDOM_RESIDUES_PLACEBO_REPO,recent_spike_position,125358,10,111.43845443713582,105.20677153523172,111.5312633098087,105.29554362902309,0.09280887267287335,0.08877209379135555,0.034168788082792716,0.037180298852184976,0.4038433925238118,0.4236397266646736,0.0006036661346926919,0.0006422025889350199,0.0006091827783179715,0.0006480729005072201,5.516643625298604e-06,5.870311572216843e-06,7,3
RANDOM_RESIDUES_PLACEBO_REPO,older_spike_position,108871,10,97.70233399441062,98.68470792497149,97.43444156272851,98.42605014902875,-0.26789243168208876,-0.25865777594274425,0.0,0.0,0.42273883770701104,0.41956659387402817,0.0005684247566273302,0.0005549577244236501,0.0005701423444708448,0.0005566876073936501,1.7175878435149862e-06,1.7298829699999748e-06,1,9
RANDOM_RESIDUES_PLACEBO_REPO,same_average_different_path,7396,10,117.25661514174163,112.09515649497189,117.37318180795138,112.21175371896967,0.11656666620974572,0.11659722399776488,-0.016856943820187327,-0.02275072198797545,0.37479718766901027,0.3891517289439153,0.0005404158971145646,0.0005389472285217199,0.000543100371160609,0.00054156999594424,2.6844740460435413e-06,2.6227674225177945e-06,6,4
RANDOM_RESIDUES_PLACEBO_REPO,recent_ramp_high_dispersion,24273,10,118.11364973429382,119.7702641306261,118.42814151699305,120.08678395816678,0.31449178269925576,0.31651982754064767,0.15554919409273427,0.13454258827660687,0.4358340542990154,0.4273878588085574,0.0007795112770111977,0.0007818884315582199,0.0007926212482415474,0.0007943646335000299,1.3109971230358798e-05,1.247620194182122e-05,8,2
RANDOM_RESIDUES_PLACEBO_REPO,entry_with_recent_spike,43747,10,94.60458558998867,94.874149793351,94.99398856513227,95.26764048996782,0.38940297514360295,0.3934906966168311,0.06841053431614302,0.0670032619212776,0.4695864859304638,0.4684714578592408,0.0008224358199818915,0.0008165357115807201,0.0008304363649765367,0.00082438172085008,8.000544994634101e-06,7.846009269349281e-06,9,1
RANDOM_RESIDUES_PLACEBO_REPO,entry_without_recent_spike,29710,10,91.64367861682055,91.3045897739883,91.45069743088432,91.1003900671519,-0.19298118593620306,-0.2041997068363801,0.024764715066176054,0.02572251541334366,0.45294513631773814,0.454091376819592,0.000646362301545073,0.00065322197305996,0.0006476522732027333,0.00065456630746402,1.2899716576684788e-06,1.3443344040691243e-06,4,6
RANDOM_RESIDUES_PLACEBO_REPO,same_average_recent_front_loaded,14331,10,93.65340283838869,93.6770663951805,93.68336123788055,93.70714525852046,0.029958399491858533,0.030078863339939716,0.030669909359650596,0.02925849131630187,0.45363198660247017,0.4531376738121723,0.0006128189325591469,0.00061328968180128,0.0006156989960013113,0.00061612291386322,2.88006344215388e-06,2.8332320619290084e-06,7,3
RANDOM_RESIDUES_PLACEBO_REPO,same_average_back_loaded,15559,10,115.69612454842753,110.21699031296293,115.58379315439637,110.08150215899893,-0.11233139403116209,-0.13548815396402333,-0.012922905684690471,-0.01411359782940699,0.35927758853396746,0.3748501491241361,0.0005252074806076249,0.00054949148443782,0.0005277712465663854,0.00055136299368703,2.5637659587613283e-06,1.8715092492125724e-06,3,7
RANDOM_RESIDUES_PLACEBO_REPO,stable_low_dispersion,68968,10,80.1091236127269,80.3324531779895,79.91610745758304,80.15405136141791,-0.1930161551438935,-0.17840181657158877,-0.0036785513539606446,-0.003454808840480602,0.45700904767428374,0.4553985583377571,0.0006435133216712461,0.00061875702320602,0.0006423459669195823,0.00061770203585454,-1.1673547516295885e-06,-1.054987351444491e-06,3,7
SHUFFLED_LAG_PM_PLACEBO_REPO,all_observations,367248,10,101.05590934597201,101.05666028955109,100.86366051352246,100.86446932552599,-0.1922488324495323,-0.19219096402509606,0.0,0.0,0.414853178233782,0.4148565067832264,0.0005847566615720955,0.0005847281304294299,0.0005861095985985633,0.0005860814836972201,1.3529370264530128e-06,1.3533532677751144e-06,1,9
SHUFFLED_LAG_PM_PLACEBO_REPO,cluster_entry_loose,73457,10,93.43095496999295,93.4301920842676,93.56088920634404,93.5601466793833,0.12993423635108547,0.1299545951156994,0.05230518628126037,0.05231729396326993,0.4635364907360769,0.46354115162459425,0.0007518429428223001,0.00075182393751646,0.0007565085518804451,0.0007564891133133099,4.665609058135287e-06,4.66517579684023e-06,7,3
SHUFFLED_LAG_PM_PLACEBO_REPO,cluster_entry_strict,73266,10,93.38333436080138,93.37073586017743,93.51351872126948,93.50077666255066,0.13018436046807577,0.13004080237322402,0.052334808161754884,0.05226617544046523,0.4636393415772664,0.463667545027765,0.0007528118857049708,0.0007528990112011301,0.0007574764161019171,0.0007575629505833999,4.664530396963952e-06,4.663939382287653e-06,7,3
SHUFFLED_LAG_PM_PLACEBO_REPO,cluster_exit_loose,73455,10,98.17322625295058,98.17436539374009,97.78270322300334,97.78394318646994,-0.39052302994725846,-0.3904222072701867,-0.07067769998655032,-0.07069213579128615,0.39797154720577227,0.3979776997087733,0.0006197458157095092,0.00061972285313856,0.0006171643472766249,0.00061714297680593,-2.581468432889127e-06,-2.579876332634835e-06,0,10
SHUFFLED_LAG_PM_PLACEBO_REPO,cluster_exit_strict,73334,10,98.1020242957385,98.0870674656138,97.71189561215213,97.69701415215351,-0.3901286835863841,-0.39005331346029126,-0.0707920067340104,-0.07077944117093864,0.39815092590067364,0.3981967940501062,0.0006197346742118299,0.0006196624865274899,0.000617143413936372,0.0006170716032702601,-2.591260275440921e-06,-2.5908832572130044e-06,0,10
SHUFFLED_LAG_PM_PLACEBO_REPO,inflection_points,144886,10,91.26187392809197,92.08058094353198,91.11849776564624,91.9402786618501,-0.14337616244573323,-0.14030228168187753,0.0,0.0,0.441864638405367,0.43860552193753116,0.0006520767009518082,0.00063799372319253,0.0006529679143698079,0.00063880978092709,8.912134179745277e-07,8.160577345352131e-07,2,8
SHUFFLED_LAG_PM_PLACEBO_REPO,high_within_block_dispersion,68970,10,119.73844719002837,122.86361107757105,119.60427233753938,122.74906256210409,-0.13417485248898192,-0.11454851546694886,0.02088567319055528,0.01961444553312361,0.39106858054226473,0.38031738576968344,0.0005624257377676542,0.0005493088052003599,0.0005686239436958912,0.0005551224108426,6.19820592824201e-06,5.813605642246559e-06,3,7
SHUFFLED_LAG_PM_PLACEBO_REPO,recent_spike_position,125358,10,111.56735040397251,105.33910439227914,111.5312633098087,105.29554362902309,-0.03608709416383458,-0.04356076325604709,0.028615174276952697,0.03113694596506792,0.4048086280891527,0.4248514365620343,0.0006047035608930934,0.00064319371011158,0.0006091827783179715,0.0006480729005072201,4.4792174248923525e-06,4.879190395653012e-06,5,5
SHUFFLED_LAG_PM_PLACEBO_REPO,older_spike_position,108871,10,97.68880882209949,98.68076381503927,97.43444156272851,98.42605014902875,-0.25436725937096694,-0.25471366601051454,0.0,0.0,0.4176226910747582,0.41394427360045594,0.0005680816717457843,0.0005546263706483199,0.0005701423444708448,0.0005566876073936501,2.060672725041184e-06,2.0612367453091662e-06,0,10
SHUFFLED_LAG_PM_PLACEBO_REPO,same_average_different_path,7396,10,117.33450948136951,112.14636049214155,117.37318180795138,112.21175371896967,0.03867232658189303,0.06539322682813095,0.0,0.0,0.37466197944835045,0.38990398150686434,0.0005391404104308109,0.0005379651649081399,0.000543100371160609,0.00054156999594424,3.9599607298152255e-06,3.6048310361158285e-06,5,5
SHUFFLED_LAG_PM_PLACEBO_REPO,recent_ramp_high_dispersion,24273,10,117.78095676433534,119.45765604883631,118.42814151699305,120.08678395816678,0.6471847526577439,0.6291279093304359,0.1745757283929527,0.15247071123894784,0.45412598360318046,0.44583661811421277,0.0007779882134014686,0.0007801572742657499,0.0007926212482415474,0.0007943646335000299,1.4633034840089447e-05,1.420735923429169e-05,9,1
SHUFFLED_LAG_PM_PLACEBO_REPO,entry_with_recent_spike,43747,10,94.77411258913686,95.04579681793801,94.99398856513227,95.26764048996782,0.21987597599540265,0.2218436720298098,0.07895685165589325,0.07741584099714768,0.4750040002743045,0.4737178385219867,0.0008220644861916132,0.00081613530999128,0.0008304363649765367,0.00082438172085008,8.371878784902652e-06,8.246410858779275e-06,9,1
SHUFFLED_LAG_PM_PLACEBO_REPO,entry_without_recent_spike,29710,10,91.45319945452046,91.10690943623766,91.45069743088432,91.1003900671519,-0.0025020236361222963,-0.006519369085745591,0.017759333455327445,0.01807867490657741,0.44665095927297205,0.4478556910055233,0.0006484440246877467,0.0006553203073724601,0.0006476522732027333,0.00065456630746402,-7.91751485011533e-07,-7.539999084376151e-07,4,6
SHUFFLED_LAG_PM_PLACEBO_REPO,same_average_recent_front_loaded,14331,10,93.7390161468612,93.76004612604774,93.68336123788055,93.70714525852046,-0.055654908980685515,-0.05290086752729499,0.007910054231440469,0.0075267001558231,0.44470030004884514,0.4445919194499405,0.0006144378818579451,0.0006149058111352799,0.0006156989960013113,0.00061612291386322,1.2611141433467724e-06,1.2171027279200705e-06,7,3
SHUFFLED_LAG_PM_PLACEBO_REPO,same_average_back_loaded,15559,10,115.74002130785021,110.2615920816477,115.58379315439637,110.08150215899893,-0.15622815345381713,-0.18008992264876383,-0.023292346969507213,-0.0255146295175969,0.3621055337746642,0.37788478695839134,0.0005252327302979954,0.0005492413757273299,0.0005277712465663854,0.00055136299368703,2.53851626840175e-06,2.1216179597155215e-06,2,8
SHUFFLED_LAG_PM_PLACEBO_REPO,stable_low_dispersion,68968,10,80.19022014670263,80.41796831711784,79.91610745758304,80.15405136141791,-0.27411268911960607,-0.26391695569990375,-0.013422323005652293,-0.012615523277929674,0.4530796891311913,0.4511999266025014,0.0006438761602998192,0.0006191650824252,0.0006423459669195823,0.00061770203585454,-1.5301933802141184e-06,-1.4630465706371568e-06,1,9
RANDOM_GATE_PLACEBO_REPO,all_observations,367248,10,101.05466663229909,101.05539021604622,100.86366051352246,100.86446932552599,-0.19100611877660742,-0.1909208905202166,0.0,0.0,0.41004443863547246,0.41004635303967324,0.0005856617125166673,0.00058563335829103,0.0005861095985985633,0.0005860814836972201,4.478860818805851e-07,4.4812540617458936e-07,0,10
RANDOM_GATE_PLACEBO_REPO,cluster_entry_loose,73457,10,93.52252140707891,93.5217473171334,93.56088920634404,93.5601466793833,0.038367799265123896,0.03839936224988007,0.0043131092304314386,0.00431410763534589,0.44481805682235864,0.4448247426148866,0.0007530966305490021,0.0007530767771063,0.0007565085518804451,0.0007564891133133099,3.411921331437203e-06,3.4123362070041226e-06,7,3
RANDOM_GATE_PLACEBO_REPO,cluster_entry_strict,73266,10,93.47831963722727,93.46556030086842,93.51351872126948,93.50077666255066,0.03519908404219567,0.03521636168224978,0.004156024045509555,0.00414956742597851,0.4448448120547048,0.44487784061756896,0.0007540776157251337,0.0007541649363545699,0.0007574764161019171,0.0007575629505833999,3.3988003768056783e-06,3.3980142288522336e-06,7,3
RANDOM_GATE_PLACEBO_REPO,cluster_exit_loose,73455,10,98.22182719168255,98.22291687186059,97.78270322300334,97.78394318646994,-0.439123968679224,-0.43897368539067383,0.001540371996497063,0.0015406866149604,0.41353209447961337,0.41353487504074415,0.0006170178323226332,0.0006169968289883299,0.0006171643472766249,0.00061714297680593,1.4651495399728352e-07,1.4614781760565647e-07,0,10
RANDOM_GATE_PLACEBO_REPO,cluster_exit_strict,73334,10,98.15114545454567,98.13614498226067,97.71189561215213,97.69701415215351,-0.4392498423935478,-0.4391308301071587,0.001582427364577602,0.00158251368272104,0.41380532904246325,0.41384642544195493,0.0006169836111295864,0.0006169122306930201,0.000617143413936372,0.0006170716032702601,1.5980280678894595e-07,1.5937257724329675e-07,0,10
RANDOM_GATE_PLACEBO_REPO,inflection_points,144886,10,91.32374542764495,92.14408865449101,91.11849776564624,91.9402786618501,-0.20524766199872044,-0.2038099926409099,0.0,0.0,0.4363361539417197,0.4331053061579171,0.0006528936857108478,0.00063879059460462,0.0006529679143698079,0.00063880978092709,7.422865893789478e-08,1.9186322445870223e-08,0,10
RANDOM_GATE_PLACEBO_REPO,high_within_block_dispersion,68970,10,119.84627542967516,122.97430742593676,119.60427233753938,122.74906256210409,-0.24200309213578197,-0.22524486383262626,0.05087658845572858,0.04777993335772876,0.3960417572857764,0.38510198846313815,0.0005605501573512539,0.0005475064058222901,0.0005686239436958912,0.0005551224108426,8.073786344634944e-06,7.616005020307132e-06,3,7
RANDOM_GATE_PLACEBO_REPO,recent_spike_position,125358,10,111.5082801954466,105.26795322166235,111.5312633098087,105.29554362902309,0.022983114362102274,0.02759040736072883,0.01048204135810092,0.01140814092032513,0.39481325483814356,0.4139902950384645,0.0006060030661692838,0.0006446117783905999,0.0006091827783179715,0.0006480729005072201,3.1797121486995267e-06,3.4611221166331524e-06,7,3
RANDOM_GATE_PLACEBO_REPO,older_spike_position,108871,10,97.73557880247675,98.72237007292905,97.43444156272851,98.42605014902875,-0.3011372397482126,-0.2963199239003015,0.0061633603107786655,0.00616624885494196,0.41826565384721365,0.41492907172309684,0.0005695074282956803,0.00055603785022565,0.0005701423444708448,0.0005566876073936501,6.349161751671433e-07,6.497571680019596e-07,0,10
RANDOM_GATE_PLACEBO_REPO,same_average_different_path,7396,10,117.09090858501202,111.89372404760233,117.37318180795138,112.21175371896967,0.2822732229393581,0.31802967136734617,0.013943485981822759,0.018384476806780542,0.3908869659275284,0.40868346697356894,0.0005379379997396562,0.00053640588093753,0.000543100371160609,0.00054156999594424,5.162371420981265e-06,5.164115006741489e-06,7,3
RANDOM_GATE_PLACEBO_REPO,recent_ramp_high_dispersion,24273,10,118.00340996662086,119.67790931642153,118.42814151699305,120.08678395816678,0.42473155037220783,0.40887464174525556,0.11247551819678939,0.09721487822625575,0.4312610719729741,0.4239600786313863,0.0007792540893825116,0.00078115712491478,0.0007926212482415474,0.0007943646335000299,1.336715885906282e-05,1.3207508585277847e-05,8,2
RANDOM_GATE_PLACEBO_REPO,entry_with_recent_spike,43747,10,94.73855455504922,95.01522265385611,94.99398856513227,95.26764048996782,0.255434010083055,0.2524178361117165,0.04477715253017163,0.043762398955080065,0.45909433789745585,0.45776963017758493,0.0008219731520444619,0.00081605139197275,0.0008304363649765367,0.00082438172085008,8.463212932057327e-06,8.330328877312853e-06,9,1
RANDOM_GATE_PLACEBO_REPO,entry_without_recent_spike,29710,10,91.73195250353615,91.3849085960601,91.45069743088432,91.1003900671519,-0.2812550726518075,-0.28451852890817986,-0.03504336532535853,-0.03624672913695228,0.4237967014473241,0.42492650511129637,0.0006516782129837762,0.0006586593518230899,0.0006476522732027333,0.00065456630746402,-4.025939781061236e-06,-4.09304435908778e-06,2,8
RANDOM_GATE_PLACEBO_REPO,same_average_recent_front_loaded,14331,10,93.77137605186932,93.79786092150876,93.68336123788055,93.70714525852046,-0.08801481398879321,-0.09071566298829883,-0.0054562532311499415,-0.0052549438881458205,0.42481334170678947,0.42453011948064673,0.0006154783444684773,0.00061596833037423,0.0006156989960013113,0.00061612291386322,2.2065153283749793e-07,1.5458348899391333e-07,4,6
RANDOM_GATE_PLACEBO_REPO,same_average_back_loaded,15559,10,115.62926911370573,110.14758003439053,115.58379315439637,110.08150215899893,-0.04547595930936351,-0.06607787539161991,0.008838578160748971,0.00961002359210994,0.3708464554277267,0.3878876978476763,0.0005261041899001282,0.00054983070341162,0.0005277712465663854,0.00055136299368703,1.6670566662674865e-06,1.5322902754235094e-06,5,5
RANDOM_GATE_PLACEBO_REPO,stable_low_dispersion,68968,10,80.15660491695814,80.39054563148133,79.91610745758304,80.15405136141791,-0.24049745937512004,-0.23649427006341428,-0.06100054194478583,-0.05749013667127778,0.43673877740401346,0.4354144001221748,0.0006456947818366387,0.00062087569595474,0.0006423459669195823,0.00061770203585454,-3.348814917037404e-06,-3.1736601001810333e-06,0,10
RIDGE_AR22,all_observations,367248,10,101.36265601335431,101.36350481051878,100.86366051352246,100.86446932552599,-0.49899549983185243,-0.49903548499277084,-0.02241131551512527,-0.02241607647764993,0.4092765651548817,0.40927598394440584,0.0005919817417397224,0.00059195264305008,0.0005861095985985633,0.0005860814836972201,-5.872143141182777e-06,-5.87115935288383e-06,2,8
RIDGE_AR22,cluster_entry_loose,73457,10,93.91212743647316,93.91152301335615,93.56088920634404,93.5601466793833,-0.3512382301291142,-0.35137633397285656,0.0,0.0,0.4390323590672094,0.43903484901977385,0.0007467276107858888,0.0007467124508602899,0.0007565085518804451,0.0007564891133133099,9.780941094551686e-06,9.77666245301527e-06,3,7
RIDGE_AR22,cluster_entry_strict,73266,10,93.86712311775528,93.85371318258936,93.51351872126948,93.50077666255066,-0.3536043964858135,-0.3529365200387092,0.0,0.0,0.43926241367073404,0.43930539311441646,0.0007476051957776668,0.0007476820541131499,0.0007574764161019171,0.0007575629505833999,9.87122032426045e-06,9.8808964702601e-06,3,7
RIDGE_AR22,cluster_exit_loose,73455,10,99.39226148634367,99.3935470938124,97.78270322300334,97.78394318646994,-1.6095582633403314,-1.609603907342492,-0.28423667659121526,-0.2842947314679701,0.39183173371451907,0.3918288607964815,0.0006461979970160887,0.0006461747395190901,0.0006171643472766249,0.00061714297680593,-2.903364973948714e-05,-2.903176271318331e-05,3,7
RIDGE_AR22,cluster_exit_strict,73334,10,99.32283376984648,99.30883892746286,97.71189561215213,97.69701415215351,-1.6109381576943507,-1.6118247753093429,-0.28450441792073355,-0.284433144787679,0.3920555267679385,0.39207312277129575,0.0006461434395895572,0.0006460756356603,0.000617143413936372,0.0006170716032702601,-2.900002565318077e-05,-2.9004032390035416e-05,3,7
RIDGE_AR22,inflection_points,144886,10,91.76222966851579,92.55622795580061,91.11849776564624,91.9402786618501,-0.6437319028695578,-0.6159492939505052,-0.023999267938823798,-0.023182598403789712,0.4333683033557418,0.4306603139783999,0.0006614808397642404,0.0006471159920832701,0.0006529679143698079,0.00063880978092709,-8.512925394472892e-06,-8.306211156220228e-06,2,8
RIDGE_AR22,high_within_block_dispersion,68970,10,122.14731932963592,125.17235328297417,119.60427233753938,122.74906256210409,-2.543046992096577,-2.4232907208700656,-0.37832679349028137,-0.3553042737194055,0.3228650137741047,0.31630964649594306,0.0006082278969831994,0.0005924739799511,0.0005686239436958912,0.0005551224108426,-3.960395328729751e-05,-3.7351569108489164e-05,2,8
RIDGE_AR22,recent_spike_position,125358,10,111.4356066394377,105.18086586546974,111.5312633098087,105.29554362902309,0.09565667037099987,0.11467776355332442,0.035499711421117214,0.03864003494250596,0.40242345921281447,0.4204043811656616,0.0005964523056344683,0.0006339572656901799,0.0006091827783179715,0.0006480729005072201,1.2730472683522965e-05,1.4115634817056996e-05,5,5
RIDGE_AR22,older_spike_position,108871,10,98.07896961806595,99.05964600337299,97.43444156272851,98.42605014902875,-0.6445280553374265,-0.6335958543442335,-0.08131568064970342,-0.08197055228801843,0.41013676736688376,0.4068018330198635,0.0005808399485294903,0.00056705275073209,0.0005701423444708448,0.0005566876073936501,-1.0697604058659136e-05,-1.0365143338454184e-05,3,7
RIDGE_AR22,same_average_different_path,7396,10,119.22971732208404,114.3340830159037,117.37318180795138,112.21175371896967,-1.8565355141326538,-2.122329296934031,-0.5296254523711381,-0.6192815324325878,0.3311249323958897,0.3387905719200036,0.0005694707427912985,0.0005706233141145499,0.000543100371160609,0.00054156999594424,-2.6370371630674357e-05,-2.905331817029593e-05,0,10
RIDGE_AR22,recent_ramp_high_dispersion,24273,10,118.85659890082417,120.50153245431338,118.42814151699305,120.08678395816678,-0.4284573838310969,-0.4147484961466361,-0.026721958701933682,-0.0267032071033526,0.3838833271536275,0.37718080696842904,0.0007713764697295327,0.00077293886225785,0.0007926212482415474,0.0007943646335000299,2.124477851203997e-05,2.142577124220578e-05,4,6
RIDGE_AR22,entry_with_recent_spike,43747,10,94.65173471577273,94.9444215264694,94.99398856513227,95.26764048996782,0.3422538493595389,0.32321896349841217,0.21780163282512313,0.21387862076292738,0.45479690035888176,0.4534150207751738,0.0007930445598577745,0.00078726364717273,0.0008304363649765367,0.00082438172085008,3.739180511873945e-05,3.711807367732794e-05,5,5
RIDGE_AR22,entry_without_recent_spike,29710,10,92.82307998956917,92.51067115355151,91.45069743088432,91.1003900671519,-1.3723825586848228,-1.4102810863995945,-0.22142443506569642,-0.22924672320656397,0.41581958936385055,0.4163713504820751,0.0006785274232716284,0.00068592270651019,0.0006476522732027333,0.00065456630746402,-3.087515006889974e-05,-3.135639904617443e-05,2,8
RIDGE_AR22,same_average_recent_front_loaded,14331,10,94.18085995637,94.2133214686669,93.68336123788055,93.70714525852046,-0.4974987184894768,-0.5061762101464662,0.041616376947746954,0.04008093400794097,0.4354894982904194,0.4352240833280285,0.0006156974197348163,0.0006161007732746701,0.0006156989960013113,0.00061612291386322,1.5762664903313072e-09,2.214058854539982e-08,3,7
RIDGE_AR22,same_average_back_loaded,15559,10,116.16750091716447,110.71798575359439,115.58379315439637,110.08150215899893,-0.5837077627680802,-0.63648359459545,-0.08967085454700204,-0.09806417644094338,0.35285044025965673,0.3698648058689654,0.00053875991336675,0.00056306552119117,0.0005277712465663854,0.00055136299368703,-1.098866680036525e-05,-1.170252750414397e-05,3,7
RIDGE_AR22,stable_low_dispersion,68968,10,79.53572493974261,79.77856298383969,79.91610745758304,80.15405136141791,0.380382517840408,0.37548837757823944,0.04005679209897829,0.03881834152910243,0.4871969609094073,0.4842679552904737,0.0006318456309032904,0.0006076482657108,0.0006423459669195823,0.00061770203585454,1.0500336016297304e-05,1.0053770143747003e-05,9,1
CP_REPO_OPS_K,all_observations,367248,10,100.94716442622605,100.94791896754438,100.86366051352246,100.86446932552599,-0.08350391270361064,-0.08344964201839807,0.0024792412394457467,0.0024797679186860902,0.41959928985317824,0.4196034245737228,0.0005861460899375172,0.0005861178075594802,0.0005861095985985633,0.0005860814836972201,-3.649133896517311e-08,-3.632386227135261e-08,0,10
CP_REPO_OPS_K,cluster_entry_loose,73457,10,93.75591114896766,93.75509866269712,93.56088920634404,93.5601466793833,-0.1950219426236147,-0.19495198331383817,0.0,0.0,0.43419959976584943,0.4342076005434081,0.000759176209397788,0.00075915582597581,0.0007565085518804451,0.0007564891133133099,-2.667657517350166e-06,-2.666712662507177e-06,1,9
CP_REPO_OPS_K,cluster_entry_strict,73266,10,93.70692927028087,93.69412933953856,93.51351872126948,93.50077666255066,-0.19341054901139215,-0.19335267698789252,0.0,0.0,0.43444435345180576,0.43447701042527004,0.0007601357564542865,0.00076022265152512,0.0007574764161019171,0.0007575629505833999,-2.6593403523562404e-06,-2.659700941706803e-06,1,9
CP_REPO_OPS_K,cluster_exit_loose,73455,10,97.84619377306143,97.84739997632202,97.78270322300334,97.78394318646994,-0.06349055005809304,-0.06345678985211793,0.0029354545227567113,0.00293605408454649,0.42602954189639913,0.42603087833403047,0.0006167007183347958,0.00061667953122043,0.0006171643472766249,0.00061714297680593,4.636289418082125e-07,4.63445585479106e-07,1,9
CP_REPO_OPS_K,cluster_exit_strict,73334,10,97.7754828577768,97.76057467589897,97.71189561215213,97.69701415215351,-0.06358724562468301,-0.0635605237454496,0.002904927565067635,0.00290508602286472,0.426255215861674,0.4263093323965063,0.0006166857223863036,0.00061661386025082,0.000617143413936372,0.0006170716032702601,4.57691550070671e-07,4.577430194422942e-07,1,9
CP_REPO_OPS_K,inflection_points,144886,10,91.26198396070323,92.08656462837351,91.11849776564624,91.9402786618501,-0.14348619505699514,-0.14628596652338471,0.0009496578426559739,0.0009173419974068499,0.4432243280924313,0.4394100828045827,0.0006544303684598518,0.00064027804455702,0.0006529679143698079,0.00063880978092709,-1.4624540900572746e-06,-1.4682636299430605e-06,0,10
CP_REPO_OPS_K,high_within_block_dispersion,68970,10,119.78987234758233,122.9183353341895,119.60427233753938,122.74906256210409,-0.18560001004297083,-0.16927277208540786,0.0113335072399704,0.01064368184015194,0.37987530810497316,0.36966416078715014,0.0005699979485152582,0.00055643897300709,0.0005686239436958912,0.0005551224108426,-1.37400481936681e-06,-1.3165621644871649e-06,1,9
CP_REPO_OPS_K,recent_spike_position,125358,10,111.51294774927241,105.2719089443702,111.5312633098087,105.29554362902309,0.018315560536283363,0.02363468465288022,0.014140808296193906,0.01538786296483255,0.40160978956269244,0.42173586544076436,0.0006071464249975076,0.00064590335130469,0.0006091827783179715,0.0006480729005072201,2.036353320490512e-06,2.1695492025560904e-06,8,2
CP_REPO_OPS_K,older_spike_position,108871,10,97.50188379205116,98.49363996659338,97.43444156272851,98.42605014902875,-0.0674422293226413,-0.06758981756461901,0.0017889104776340975,0.0017897488753032698,0.42603631821146126,0.4221638349143296,0.0005698457272479498,0.0005564225409333799,0.0005701423444708448,0.0005566876073936501,2.966172228770768e-07,2.650664602504353e-07,1,9
CP_REPO_OPS_K,same_average_different_path,7396,10,117.4228508759175,112.24088433090421,117.37318180795138,112.21175371896967,-0.049669067966100225,-0.029130611934531998,0.010295489028916445,0.01389515271128942,0.38953488372093026,0.40713244566361473,0.0005431894723453179,0.00054151435986446,0.000543100371160609,0.00054156999594424,-8.910118468811604e-08,5.5636079801763183e-08,5,5
CP_REPO_OPS_K,recent_ramp_high_dispersion,24273,10,118.71748156695844,120.35699201709743,118.42814151699305,120.08678395816678,-0.28934004996539175,-0.2702080589306869,0.008777984543115217,0.0073674971927743995,0.39220533102624316,0.385811842692669,0.0007984447998756436,0.0008000599621555699,0.0007926212482415474,0.0007943646335000299,-5.823551634060803e-06,-5.6953286555035355e-06,1,9
CP_REPO_OPS_K,entry_with_recent_spike,43747,10,94.92815372082336,95.20272600571593,94.99398856513227,95.26764048996782,0.0658348443089076,0.0649144842518894,0.020668039413109403,0.02021459033461265,0.45235101835554437,0.4511091074115403,0.0008269241627952773,0.00082091237235944,0.0008304363649765367,0.00082438172085008,3.512202181257528e-06,3.469348490638798e-06,6,4
CP_REPO_OPS_K,entry_without_recent_spike,29710,10,92.02982243166808,91.68474809058776,91.45069743088432,91.1003900671519,-0.5791250007837309,-0.5843580234358555,-0.035919791563239926,-0.037262269413482575,0.4074722315718613,0.40838414763936787,0.0006594195713203917,0.0006665333237076599,0.0006476522732027333,0.00065456630746402,-1.1767298117652784e-05,-1.1967016243634134e-05,1,9
CP_REPO_OPS_K,same_average_recent_front_loaded,14331,10,93.85307847709102,93.87896841831208,93.68336123788055,93.70714525852046,-0.16971723921048157,-0.17182315979163354,-0.00618946964462025,-0.00596110816378043,0.42697648454399556,0.42681204470277107,0.0006169670877551987,0.0006174258503934299,0.0006156989960013113,0.00061612291386322,-1.2680917538936014e-06,-1.3029365302165361e-06,1,9
CP_REPO_OPS_K,same_average_back_loaded,15559,10,115.55051254006887,110.04840221152472,115.58379315439637,110.08150215899893,0.033280614327517666,0.03309994747419762,0.0017634507919460547,0.00191736763605092,0.3919917732502089,0.41060361783531196,0.0005266895554636035,0.00055029862077283,0.0005277712465663854,0.00055136299368703,1.0816911027705354e-06,1.0643729141920534e-06,7,3
CP_REPO_OPS_K,stable_low_dispersion,68968,10,79.98595395720298,80.22914335920319,79.91610745758304,80.15405136141791,-0.0698464996199637,-0.07509199778526296,0.00528206817186486,0.004963616099790601,0.47387194061013804,0.47010999587378777,0.0006420582522483864,0.0006174629215353801,0.0006423459669195823,0.00061770203585454,2.877146712185441e-07,2.391143191820022e-07,2,8
