challenger_model,strategy,gate_type,condition,condition_label_type,n_assets,n_obs_total,n_active_total,equal_weight_asset_coverage,equal_weight_asset_CP_mean_SMAPE,equal_weight_asset_overlay_mean_SMAPE,equal_weight_asset_mean_advantage_vs_CP,equal_weight_asset_median_advantage_vs_CP,equal_weight_asset_win_rate_vs_CP,equal_weight_asset_mean_abs_error_advantage_vs_CP,equal_weight_asset_mean_sq_error_advantage_vs_CP,equal_weight_asset_false_positive_loss_mean,equal_weight_asset_false_negative_cost_mean,assets_positive
CP_REPO_OPS_HG,top_5pct_random_gate,shuffled_perturbation_magnitude,all_observations,ex_post_randomized_score_quantile,10,367268,18364,0.0500016331654982,100.86498212725697,100.86490239663642,7.973062052825542e-05,0.0,0.0210150961117914,2.9273535116420865e-07,1.0464419838339787e-09,8.043083559200575,7.8655229789328445,6
CP_REPO_GATED_RIDGE_OPS_C,top_5pct_random_gate,shuffled_perturbation_magnitude,all_observations,ex_post_randomized_score_quantile,10,367268,18364,0.0500016331654982,100.86498212725697,100.86550332001472,-0.0005211927577524,0.0,0.0212137531743787,1.616185771786266e-07,9.46061425480364e-10,5.962122156808418,5.602024793724937,6
CP_REPO_OPS_HG,top_10pct_random_gate,shuffled_perturbation_magnitude,all_observations,ex_post_randomized_score_quantile,10,367268,36728,0.1000032663309964,100.86498212725697,100.86804013057356,-0.003058003316573,0.0,0.0418284654034277,5.518811608143143e-07,1.7494658507512166e-09,8.071893030688784,7.861325390436491,6
RANDOM_GATE_PLACEBO_REPO,top_5pct_random_gate,shuffled_perturbation_magnitude,all_observations,ex_post_randomized_score_quantile,10,367268,18364,0.0500016331654982,100.86498212725697,100.87199781034522,-0.0070156830882369,0.0,0.020655239734348,3.866457323658319e-08,1.1233121268291512e-10,4.668149861967321,4.403931694431525,2
CP_REPO_GATED_RIDGE_OPS_C,top_10pct_random_gate,shuffled_perturbation_magnitude,all_observations,ex_post_randomized_score_quantile,10,367268,36728,0.1000032663309964,100.86498212725697,100.87361104425828,-0.0086289170013148,0.0,0.0422121568271724,1.7159786584246782e-07,1.2365976790767523e-09,6.057560638937462,5.598656756784799,3
RAW_CP_REPO_PLUS_PM,top_5pct_random_gate,shuffled_perturbation_magnitude,all_observations,ex_post_randomized_score_quantile,10,367268,18364,0.0500016331654982,100.86498212725697,100.87603611071674,-0.0110539834597643,0.0,0.0202876923474977,3.8894412262790685e-08,2.807208260826055e-10,6.103886761576389,5.790250450026667,1
CP_REPO_RECENT_SLOPE,top_5pct_random_gate,shuffled_perturbation_magnitude,all_observations,ex_post_randomized_score_quantile,10,367268,18364,0.0500016331654982,100.86498212725697,100.87691578192286,-0.0119336546659086,0.0,0.0206830046949898,6.205434109482965e-09,3.3311507715765055e-10,5.675529536714707,5.220992926231803,2
SHUFFLED_LAG_PM_PLACEBO_REPO,top_5pct_random_gate,shuffled_perturbation_magnitude,all_observations,ex_post_randomized_score_quantile,10,367268,18364,0.0500016331654982,100.86498212725697,100.87702942807658,-0.0120473008196222,0.0,0.0207124712443733,6.343434997209169e-08,5.734913407178552e-10,5.008230159369918,4.58476038652995,4
RANDOM_GATE_PLACEBO_REPO,top_10pct_random_gate,shuffled_perturbation_magnitude,all_observations,ex_post_randomized_score_quantile,10,367268,36728,0.1000032663309964,100.86498212725697,100.87799100494888,-0.0130088776919246,0.0,0.0412941795644671,1.1102054557073733e-07,3.9668418001704036e-10,4.702320695276484,4.398614940828177,0
CP_REPO_HAAR_SHAPE,top_5pct_random_gate,shuffled_perturbation_magnitude,all_observations,ex_post_randomized_score_quantile,10,367268,18364,0.0500016331654982,100.86498212725697,100.87880370446793,-0.0138215772109576,0.0,0.0206990332745992,9.602410790595653e-08,1.3354805741801976e-09,7.09246419487196,6.434270897581117,1
SHUFFLED_LAG_PM_PLACEBO_REPO,top_10pct_random_gate,shuffled_perturbation_magnitude,all_observations,ex_post_randomized_score_quantile,10,367268,36728,0.1000032663309964,100.86498212725697,100.88204665104811,-0.0170645237911644,0.0,0.0413868901359981,1.3379824642425197e-07,7.275741045321984e-10,4.972179295312772,4.576930200652891,5
CP_REPO_RECENT_SLOPE,top_10pct_random_gate,shuffled_perturbation_magnitude,all_observations,ex_post_randomized_score_quantile,10,367268,36728,0.1000032663309964,100.86498212725697,100.88414543934525,-0.0191633120882796,0.0,0.0412489903972792,3.4599381352494796e-08,6.938562820264913e-10,5.603396408104435,5.2157287794527045,2
CP_REPO_OPS_HG,top_20pct_random_gate,shuffled_perturbation_magnitude,all_observations,ex_post_randomized_score_quantile,10,367268,73456,0.2000065326619929,100.86498212725697,100.88519454658729,-0.0202124193303203,0.0,0.0826711864088557,1.0125832763997315e-06,3.2652426186446433e-09,8.04778646706077,7.867514886516711,6
RAW_CP_REPO_PLUS_PM,top_10pct_random_gate,shuffled_perturbation_magnitude,all_observations,ex_post_randomized_score_quantile,10,367268,36728,0.1000032663309964,100.86498212725697,100.8870115923553,-0.0220294650983203,0.0,0.0405644507420932,6.042156426749098e-08,7.576485257135088e-10,6.140576397095343,5.785228336972367,2
CP_REPO_GATED_RIDGE_OPS_C,top_20pct_random_gate,shuffled_perturbation_magnitude,all_observations,ex_post_randomized_score_quantile,10,367268,73456,0.2000065326619929,100.86498212725697,100.89012144757716,-0.0251393203202024,0.0,0.0840730199888096,2.736884995749436e-07,2.1154713047578154e-09,6.051645064705848,5.612955884679161,3
CP_REPO_HAAR_SHAPE,top_10pct_random_gate,shuffled_perturbation_magnitude,all_observations,ex_post_randomized_score_quantile,10,367268,36728,0.1000032663309964,100.86498212725697,100.89042327648733,-0.0254411492303422,0.0,0.0410548449021104,1.6686842833527168e-07,2.103012828671717e-09,6.919304350834047,6.433907710684744,0
CP_REPO_OPS_HG,top_30pct_random_gate,shuffled_perturbation_magnitude,all_observations,ex_post_randomized_score_quantile,10,367268,110183,0.3000070813801406,100.86498212725697,100.89772560399088,-0.0327434767339075,0.0,0.1235708791454178,1.5799438631629406e-06,5.5365117499066015e-09,8.05994508586014,7.848750177998811,4
RANDOM_GATE_PLACEBO_REPO,top_20pct_random_gate,shuffled_perturbation_magnitude,all_observations,ex_post_randomized_score_quantile,10,367268,73456,0.2000065326619929,100.86498212725697,100.89913837176395,-0.0341562445069903,0.0,0.0820956572294297,1.702143326536666e-07,1.3178625592774146e-09,4.817564992593036,4.38330711814544,3
RAW_CP_REPO_PLUS_PM,top_20pct_random_gate,shuffled_perturbation_magnitude,all_observations,ex_post_randomized_score_quantile,10,367268,73456,0.2000065326619929,100.86498212725697,100.8992996838974,-0.0343175566404497,0.0,0.0819133866640351,2.466790571484592e-07,1.6359485200930832e-09,6.12976634509417,5.779668182352514,2
SHUFFLED_LAG_PM_PLACEBO_REPO,top_20pct_random_gate,shuffled_perturbation_magnitude,all_observations,ex_post_randomized_score_quantile,10,367268,73456,0.2000065326619929,100.86498212725697,100.90091379545257,-0.0359316681956155,0.0,0.0827792732263364,2.6740522693623497e-07,1.5676418633312526e-09,4.955736267158194,4.58379377235373,3
CP_REPO_RECENT_SLOPE,top_20pct_random_gate,shuffled_perturbation_magnitude,all_observations,ex_post_randomized_score_quantile,10,367268,73456,0.2000065326619929,100.86498212725697,100.9079174459332,-0.0429353186762333,0.0,0.082827446964339,1.1588959069065414e-07,1.5387144758406243e-09,5.657550648239906,5.213981163314565,4
CP_REPO_GATED_RIDGE_OPS_C,top_30pct_random_gate,shuffled_perturbation_magnitude,all_observations,ex_post_randomized_score_quantile,10,367268,110183,0.3000070813801406,100.86498212725697,100.90844935425858,-0.0434672270016125,0.0,0.1259281823729937,3.889625747951152e-07,2.8574296073202304e-09,6.101846760086643,5.611463242309194,3
CP_REPO_HAAR_SHAPE,top_20pct_random_gate,shuffled_perturbation_magnitude,all_observations,ex_post_randomized_score_quantile,10,367268,73456,0.2000065326619929,100.86498212725697,100.91606835085308,-0.0510862235961021,0.0,0.0822294668198199,3.671992719989233e-07,3.704409004722884e-09,6.964862781248771,6.425202881047947,2
RANDOM_GATE_PLACEBO_REPO,top_30pct_random_gate,shuffled_perturbation_magnitude,all_observations,ex_post_randomized_score_quantile,10,367268,110183,0.3000070813801406,100.86498212725697,100.92362154474093,-0.0586394174839556,0.0,0.1228237131645587,1.3733102403413266e-07,1.66690382217851e-09,4.821576395951721,4.390490472072998,0
SHUFFLED_LAG_PM_PLACEBO_REPO,top_30pct_random_gate,shuffled_perturbation_magnitude,all_observations,ex_post_randomized_score_quantile,10,367268,110183,0.3000070813801406,100.86498212725697,100.92504494421898,-0.0600628169620163,0.0,0.1240247435826367,4.121821858391126e-07,2.1993685956620142e-09,5.025334321997872,4.577415536865413,2
RAW_CP_REPO_PLUS_PM,top_30pct_random_gate,shuffled_perturbation_magnitude,all_observations,ex_post_randomized_score_quantile,10,367268,110183,0.3000070813801406,100.86498212725697,100.92634708925289,-0.0613649619959163,0.0,0.1225545367166426,2.563442788335805e-07,2.0269413604785917e-09,6.143597281558909,5.786209487221879,1
CP_REPO_RECENT_SLOPE,top_30pct_random_gate,shuffled_perturbation_magnitude,all_observations,ex_post_randomized_score_quantile,10,367268,110183,0.3000070813801406,100.86498212725697,100.93191387866236,-0.0669317514053848,0.0,0.1242423387484129,1.5413093112129317e-07,2.0795270218076164e-09,5.638841805760434,5.217056480263787,4
CP_REPO_HAAR_SHAPE,top_30pct_random_gate,shuffled_perturbation_magnitude,all_observations,ex_post_randomized_score_quantile,10,367268,110183,0.3000070813801406,100.86498212725697,100.95085716018028,-0.0858750329233183,0.0,0.1228598330139956,5.965243224329025e-07,5.555091962008809e-09,7.0102841022849605,6.414811671912572,0
CP_REPO_RECENT_SLOPE,top_30pct_random_gate,shuffled_perturbation_magnitude,cluster_entry_loose,ex_post_descriptive,10,73460,22056,0.3002454638244759,93.56312312731652,93.49731545681088,0.0658076705056578,0.0,0.1388827518179173,1.7046134639808146e-06,6.491330634677178e-09,6.358549844233153,6.4011809549248735,8
RAW_CP_REPO_PLUS_PM,top_30pct_random_gate,shuffled_perturbation_magnitude,cluster_entry_loose,ex_post_descriptive,10,73460,22054,0.3002184812799676,93.56312312731652,93.49921617261268,0.0639069547038634,0.0,0.1348664525749709,3.2653792299758197e-06,8.114356081840778e-09,6.013557144123691,6.183874438245587,8
CP_REPO_OPS_HG,top_30pct_random_gate,shuffled_perturbation_magnitude,cluster_entry_loose,ex_post_descriptive,10,73460,22140,0.3013882921271565,93.56312312731652,93.51027873755278,0.0528443897637694,0.0,0.136158848391852,5.20669181268859e-06,1.498130038165807e-08,12.411564292329787,12.177043484667609,6
CP_REPO_HAAR_SHAPE,top_20pct_random_gate,shuffled_perturbation_magnitude,cluster_entry_loose,ex_post_descriptive,10,73460,14638,0.199265894039893,93.56312312731652,93.51532387270522,0.0477992546113229,0.0,0.0888941590810216,1.9226573721704376e-06,1.354770278851697e-08,6.295602941453482,6.572075983119819,8
CP_REPO_RECENT_SLOPE,top_20pct_random_gate,shuffled_perturbation_magnitude,cluster_entry_loose,ex_post_descriptive,10,73460,14708,0.2002176178817286,93.56312312731652,93.5158858309326,0.0472372963839279,0.0,0.0927064768522837,1.1767688459122755e-06,4.656011348585884e-09,6.374000976222092,6.389064596660311,8
SHUFFLED_LAG_PM_PLACEBO_REPO,top_30pct_random_gate,shuffled_perturbation_magnitude,cluster_entry_loose,ex_post_descriptive,10,73460,22044,0.300080606679766,93.56312312731652,93.5216925885934,0.0414305387231368,0.0,0.1391250085274696,1.4779113605721214e-06,7.976816571488595e-09,4.424185659164655,4.295156976550967,8
RAW_CP_REPO_PLUS_PM,top_20pct_random_gate,shuffled_perturbation_magnitude,cluster_entry_loose,ex_post_descriptive,10,73460,14645,0.1993604844484479,93.56312312731652,93.52229708942376,0.0408260378927818,0.0,0.0897653968394297,2.212524643871005e-06,5.592163949313247e-09,6.044541060300809,6.184939150076239,8
CP_REPO_HAAR_SHAPE,top_30pct_random_gate,shuffled_perturbation_magnitude,cluster_entry_loose,ex_post_descriptive,10,73460,21995,0.2994143646817295,93.56312312731652,93.52721845950782,0.035904667808734,0.0,0.1325242638576473,2.7271282690082595e-06,1.8012735313796023e-08,6.373053332439801,6.600286719104718,6
SHUFFLED_LAG_PM_PLACEBO_REPO,top_10pct_random_gate,shuffled_perturbation_magnitude,cluster_entry_loose,ex_post_descriptive,10,73460,7248,0.0986659236133896,93.56312312731652,93.53948804546648,0.0236350818500675,0.0,0.046488804711871,4.60480283572196e-07,2.733950860219743e-09,4.32280032670379,4.295319508421749,8
SHUFFLED_LAG_PM_PLACEBO_REPO,top_20pct_random_gate,shuffled_perturbation_magnitude,cluster_entry_loose,ex_post_descriptive,10,73460,14639,0.1992779568481936,93.56312312731652,93.53949185534246,0.0236312719740636,0.0,0.0924731825745032,8.347875428680684e-07,5.492156382309286e-09,4.3659442333736695,4.31258198683554,6
RANDOM_GATE_PLACEBO_REPO,top_20pct_random_gate,shuffled_perturbation_magnitude,cluster_entry_loose,ex_post_descriptive,10,73460,14714,0.2002983248865621,93.56312312731652,93.54014704706232,0.0229760802542181,0.0,0.0890705677242482,8.99321075742643e-07,6.178769912996698e-09,4.465912626534061,4.414404260982382,7
RAW_CP_REPO_PLUS_PM,top_10pct_random_gate,shuffled_perturbation_magnitude,cluster_entry_loose,ex_post_descriptive,10,73460,7225,0.0983530608897681,93.56312312731652,93.54252238523098,0.0206007420855596,0.0,0.0437931702020021,1.051936928554199e-06,2.876015098932782e-09,5.945385867111911,6.195390710980012,6
CP_REPO_RECENT_SLOPE,top_10pct_random_gate,shuffled_perturbation_magnitude,cluster_entry_loose,ex_post_descriptive,10,73460,7186,0.0978224001956045,93.56312312731652,93.54586691458522,0.0172562127313161,0.0,0.0449514063950169,4.856789552562297e-07,2.181383914319056e-09,6.3765564333391165,6.3797136638775465,6
RANDOM_GATE_PLACEBO_REPO,top_10pct_random_gate,shuffled_perturbation_magnitude,cluster_entry_loose,ex_post_descriptive,10,73460,7289,0.09922394353031,93.56312312731652,93.54638844989344,0.0167346774231006,0.0,0.0447184450462788,5.353655778758161e-07,3.2896954514796397e-09,4.338331711542952,4.444497787902598,6
SHUFFLED_LAG_PM_PLACEBO_REPO,top_5pct_random_gate,shuffled_perturbation_magnitude,cluster_entry_loose,ex_post_descriptive,10,73460,3596,0.0489513946447697,93.56312312731652,93.54684147167478,0.0162816556417725,0.0,0.0233055139140458,3.148666643807124e-07,2.160707067249472e-09,4.0334459620848495,4.303930203497467,8
CP_REPO_HAAR_SHAPE,top_10pct_random_gate,shuffled_perturbation_magnitude,cluster_entry_loose,ex_post_descriptive,10,73460,7247,0.098652070487664,93.56312312731652,93.5493153008786,0.0138078264379628,0.0,0.0439157118092214,8.07513424810934e-07,6.909754869218881e-09,6.301463727387559,6.592880864220598,7
RANDOM_GATE_PLACEBO_REPO,top_5pct_random_gate,shuffled_perturbation_magnitude,cluster_entry_loose,ex_post_descriptive,10,73460,3550,0.0483258103229589,93.56312312731652,93.55149084296556,0.0116322843509698,0.0,0.0219573713599951,2.492695855853993e-07,2.145249082049202e-09,4.106960903359119,4.456637987147531,7
CP_REPO_RECENT_SLOPE,top_5pct_random_gate,shuffled_perturbation_magnitude,cluster_entry_loose,ex_post_descriptive,10,73460,3551,0.0483398115997718,93.56312312731652,93.55302160190334,0.0101015254131928,0.0,0.0223398483362139,2.3227297047164335e-07,1.3396952789425872e-09,6.333324695808711,6.374115223265187,5
CP_REPO_OPS_HG,top_5pct_random_gate,shuffled_perturbation_magnitude,cluster_entry_loose,ex_post_descriptive,10,73460,3559,0.0484484628259562,93.56312312731652,93.5541270157731,0.0089961115434303,0.0,0.022053789824701,8.416783314973129e-07,2.7658992144345973e-09,12.806255973103031,12.15907840996901,6
CP_REPO_OPS_HG,top_10pct_random_gate,shuffled_perturbation_magnitude,cluster_entry_loose,ex_post_descriptive,10,73460,7278,0.0990746864662779,93.56312312731652,93.55536388211198,0.0077592452045648,0.0,0.0447200731129644,1.709516335399164e-06,4.373880015076295e-09,12.760788777277677,12.15398999994682,6
RAW_CP_REPO_PLUS_PM,top_5pct_random_gate,shuffled_perturbation_magnitude,cluster_entry_loose,ex_post_descriptive,10,73460,3544,0.0482441922711192,93.56312312731652,93.55692925466232,0.0061938726542196,0.0,0.0213860381648287,5.600003218996332e-07,1.2022367580375626e-09,5.949712424398282,6.205547253481124,6
CP_REPO_HAAR_SHAPE,top_5pct_random_gate,shuffled_perturbation_magnitude,cluster_entry_loose,ex_post_descriptive,10,73460,3571,0.0486116914689054,93.56312312731652,93.55712071826652,0.0060024090500391,0.0,0.0217809554977466,4.343081204916132e-07,4.609759781943268e-09,6.397487041507384,6.591906712127622,9
CP_REPO_OPS_HG,top_20pct_random_gate,shuffled_perturbation_magnitude,cluster_entry_loose,ex_post_descriptive,10,73460,14675,0.1997698772576782,93.56312312731652,93.5572382287495,0.0058848985670535,0.0,0.0902151131873018,3.318462428477536e-06,8.366646438939502e-09,12.721689056004674,12.197582551250166,5
CP_REPO_GATED_RIDGE_OPS_C,top_5pct_random_gate,shuffled_perturbation_magnitude,cluster_entry_loose,ex_post_descriptive,10,73460,3605,0.0490740844030763,93.56312312731652,93.55842412097174,0.0046990063448136,0.0,0.0221213027296049,4.483437813291051e-07,3.753227948451656e-09,8.723525807035672,8.405571904195444,5
RANDOM_GATE_PLACEBO_REPO,top_30pct_random_gate,shuffled_perturbation_magnitude,cluster_entry_loose,ex_post_descriptive,10,73460,21978,0.2991818326230847,93.56312312731652,93.56548787317033,-0.0023647458537854,0.0,0.1323053927827261,9.2562347446351e-07,7.455353831322641e-09,4.582309252846246,4.433052761285642,6
CP_REPO_GATED_RIDGE_OPS_C,top_10pct_random_gate,shuffled_perturbation_magnitude,cluster_entry_loose,ex_post_descriptive,10,73460,7302,0.0994013955316781,93.56312312731652,93.57352467704716,-0.0104015497306268,0.0,0.0445285976459594,3.5613353692626495e-07,4.165359815155466e-09,8.929041671060947,8.410081174148992,5
CP_REPO_GATED_RIDGE_OPS_C,top_20pct_random_gate,shuffled_perturbation_magnitude,cluster_entry_loose,ex_post_descriptive,10,73460,14744,0.2007085983197777,93.56312312731652,93.59517817466022,-0.032055047343676,0.0,0.0891803141469521,4.853052445551512e-07,6.342106811849915e-09,8.774194053979418,8.447904904938838,4
CP_REPO_GATED_RIDGE_OPS_C,top_30pct_random_gate,shuffled_perturbation_magnitude,cluster_entry_loose,ex_post_descriptive,10,73460,22082,0.3006007519661908,93.56312312731652,93.60816584805984,-0.0450427207433245,0.0,0.1328379994544739,5.935338615590473e-07,8.591438603222768e-09,8.72912009366983,8.443025705654986,5
CP_REPO_RECENT_SLOPE,top_30pct_random_gate,shuffled_perturbation_magnitude,cluster_entry_strict,ex_post_descriptive,10,73269,21989,0.3001135293259894,93.5037594115472,93.43763215382178,0.0661272577254338,0.0,0.1388383477840084,1.7082967982052772e-06,6.5057009877746604e-09,6.356576553949855,6.399575060573919,7
RAW_CP_REPO_PLUS_PM,top_30pct_random_gate,shuffled_perturbation_magnitude,cluster_entry_strict,ex_post_descriptive,10,73269,21993,0.3001642647581626,93.5037594115472,93.44334277175606,0.060416639791149,0.0,0.1348701977752026,3.2487792175666363e-06,8.126337382503252e-09,6.017644713414673,6.183510278281373,8
CP_REPO_OPS_HG,top_30pct_random_gate,shuffled_perturbation_magnitude,cluster_entry_strict,ex_post_descriptive,10,73269,22080,0.3013538164216383,93.5037594115472,93.4500908452018,0.0536685663454375,0.0,0.1361932676087448,5.20691181164795e-06,1.5011076624098176e-08,12.41231387246631,12.169346069371535,6
CP_REPO_HAAR_SHAPE,top_20pct_random_gate,shuffled_perturbation_magnitude,cluster_entry_strict,ex_post_descriptive,10,73269,14606,0.1993473881163233,93.5037594115472,93.45460106578602,0.0491583457611672,0.0,0.088991879621029,1.9304770978725784e-06,1.3587330155133028e-08,6.271855982852242,6.557781171385328,8
CP_REPO_RECENT_SLOPE,top_20pct_random_gate,shuffled_perturbation_magnitude,cluster_entry_strict,ex_post_descriptive,10,73269,14660,0.2000823622653499,93.5037594115472,93.45633250778305,0.0474269037641848,0.0,0.0926358497491386,1.1801570682248234e-06,4.667306100524066e-09,6.370206216720112,6.387906051771447,7
SHUFFLED_LAG_PM_PLACEBO_REPO,top_30pct_random_gate,shuffled_perturbation_magnitude,cluster_entry_strict,ex_post_descriptive,10,73269,21983,0.3000294613096438,93.5037594115472,93.46208007350732,0.0416793380399038,0.0,0.1391543024231912,1.4774768416774711e-06,7.993059658511574e-09,4.421206554970555,4.287967514823476,8
RAW_CP_REPO_PLUS_PM,top_20pct_random_gate,shuffled_perturbation_magnitude,cluster_entry_strict,ex_post_descriptive,10,73269,14606,0.1993442427266809,93.5037594115472,93.46553047988178,0.0382289316654148,0.0,0.08974525499531,2.19906248601229e-06,5.5977731024853365e-09,6.04842759832888,6.182901135041513,8
CP_REPO_HAAR_SHAPE,top_30pct_random_gate,shuffled_perturbation_magnitude,cluster_entry_strict,ex_post_descriptive,10,73269,21945,0.2995125134510158,93.5037594115472,93.46679169204393,0.036967719503276,0.0,0.1326005862277366,2.735422128383283e-06,1.806453955792557e-08,6.359610017684548,6.582833515617244,6
SHUFFLED_LAG_PM_PLACEBO_REPO,top_10pct_random_gate,shuffled_perturbation_magnitude,cluster_entry_strict,ex_post_descriptive,10,73269,7226,0.0986210712405402,93.5037594115472,93.47963231179848,0.0241270997487422,0.0,0.0465160172702957,4.615038500111379e-07,2.7408521802336966e-09,4.312748394752516,4.289926792361195,8
SHUFFLED_LAG_PM_PLACEBO_REPO,top_20pct_random_gate,shuffled_perturbation_magnitude,cluster_entry_strict,ex_post_descriptive,10,73269,14595,0.1991962347129682,93.5037594115472,93.47964905861474,0.0241103529324818,0.0,0.092475672395895,8.342037460592675e-07,5.5032984965302525e-09,4.361442841470837,4.306247682465686,6
RANDOM_GATE_PLACEBO_REPO,top_20pct_random_gate,shuffled_perturbation_magnitude,cluster_entry_strict,ex_post_descriptive,10,73269,14676,0.2002994261197404,93.5037594115472,93.48107841671462,0.0226809948325915,0.0,0.0891151912589736,8.949792690496588e-07,6.1863595013663026e-09,4.461933799474918,4.4086932404097565,7
RAW_CP_REPO_PLUS_PM,top_10pct_random_gate,shuffled_perturbation_magnitude,cluster_entry_strict,ex_post_descriptive,10,73269,7202,0.0982934352732463,93.5037594115472,93.48511189241546,0.0186475191317428,0.0,0.0437310690163478,1.0422176023919455e-06,2.878359547769825e-09,5.95093084940771,6.192441927192037,6
CP_REPO_RECENT_SLOPE,top_10pct_random_gate,shuffled_perturbation_magnitude,cluster_entry_strict,ex_post_descriptive,10,73269,7158,0.097692283932152,93.5037594115472,93.48588602285562,0.0178733886915785,0.0,0.0449052355187258,4.910617919042708e-07,2.1909637015190452e-09,6.36770323049059,6.378615510919886,6
CP_REPO_HAAR_SHAPE,top_10pct_random_gate,shuffled_perturbation_magnitude,cluster_entry_strict,ex_post_descriptive,10,73269,7226,0.0986233509324712,93.5037594115472,93.48737306152788,0.016386350019335,0.0,0.0439630754986224,8.163733177509966e-07,6.934781411139921e-09,6.255666143081883,6.578075405927313,9
SHUFFLED_LAG_PM_PLACEBO_REPO,top_5pct_random_gate,shuffled_perturbation_magnitude,cluster_entry_strict,ex_post_descriptive,10,73269,3589,0.0489809631748448,93.5037594115472,93.48768968831192,0.0160697232352799,0.0,0.0233241809054584,3.1390456794545613e-07,2.163933187989045e-09,4.03316396996911,4.299069767054853,8
RANDOM_GATE_PLACEBO_REPO,top_10pct_random_gate,shuffled_perturbation_magnitude,cluster_entry_strict,ex_post_descriptive,10,73269,7266,0.099166864838902,93.5037594115472,93.48782305638746,0.0159363551597545,0.0,0.0447429891465993,5.318803018313661e-07,3.294107952220918e-09,4.342055906547551,4.439916065679205,6
RANDOM_GATE_PLACEBO_REPO,top_5pct_random_gate,shuffled_perturbation_magnitude,cluster_entry_strict,ex_post_descriptive,10,73269,3539,0.0483009783269516,93.5037594115472,93.49226649973092,0.011492911816278,0.0,0.0219764693033525,2.477405156045239e-07,2.147373517590512e-09,4.108094258372235,4.450753893508212,7
CP_REPO_RECENT_SLOPE,top_5pct_random_gate,shuffled_perturbation_magnitude,cluster_entry_strict,ex_post_descriptive,10,73269,3534,0.0482329864134015,93.5037594115472,93.49309837523148,0.010661036315734,0.0,0.0223031038690555,2.337204537379101e-07,1.3428566485040151e-09,6.310511265047856,6.373528272988734,5
CP_REPO_OPS_HG,top_5pct_random_gate,shuffled_perturbation_magnitude,cluster_entry_strict,ex_post_descriptive,10,73269,3547,0.0484108189591621,93.5037594115472,93.49553969261204,0.0082197189351709,0.0,0.022030226103675,8.361447527465196e-07,2.765798692887811e-09,12.811884300207192,12.15657276410887,6
CP_REPO_HAAR_SHAPE,top_5pct_random_gate,shuffled_perturbation_magnitude,cluster_entry_strict,ex_post_descriptive,10,73269,3560,0.0485867397567001,93.5037594115472,93.49578540986607,0.0079740016811466,0.0,0.0217842898428389,4.374123114882786e-07,4.62443431379255e-09,6.302341047327363,6.578038876679001,9
CP_REPO_OPS_HG,top_10pct_random_gate,shuffled_perturbation_magnitude,cluster_entry_strict,ex_post_descriptive,10,73269,7255,0.0990188664385053,93.5037594115472,93.49684725956016,0.0069121519870601,0.0,0.0447036730809945,1.7020766278506762e-06,4.376023233045287e-09,12.768328200314787,12.150774563777318,6
CP_REPO_GATED_RIDGE_OPS_C,top_5pct_random_gate,shuffled_perturbation_magnitude,cluster_entry_strict,ex_post_descriptive,10,73269,3592,0.0490230034949177,93.5037594115472,93.4978802569144,0.0058791546328343,0.0,0.0221675208558496,4.5517668789648366e-07,3.768386548195126e-09,8.717526222852445,8.404341407223646,5
CP_REPO_OPS_HG,top_20pct_random_gate,shuffled_perturbation_magnitude,cluster_entry_strict,ex_post_descriptive,10,73269,14634,0.1997292497317824,93.5037594115472,93.49803676949172,0.0057226420554725,0.0,0.0902089200211975,3.31067062389654e-06,8.373473587480451e-09,12.71861410931727,12.192392318950215,5
RAW_CP_REPO_PLUS_PM,top_5pct_random_gate,shuffled_perturbation_magnitude,cluster_entry_strict,ex_post_descriptive,10,73269,3530,0.0481762937733548,93.5037594115472,93.49856403773312,0.0051953738140703,0.0,0.0213192490639854,5.560499373634994e-07,1.2044175631112494e-09,5.958959519309213,6.201073122661514,6
RANDOM_GATE_PLACEBO_REPO,top_30pct_random_gate,shuffled_perturbation_magnitude,cluster_entry_strict,ex_post_descriptive,10,73269,21922,0.2991953379441833,93.5037594115472,93.50683240456736,-0.0030729930201307,0.0,0.1323565199660523,9.198398133238268e-07,7.46680478267234e-09,4.580511143984554,4.426956653254183,6
CP_REPO_GATED_RIDGE_OPS_C,top_10pct_random_gate,shuffled_perturbation_magnitude,cluster_entry_strict,ex_post_descriptive,10,73269,7281,0.0993720654342903,93.5037594115472,93.51383335964496,-0.0100739480977558,0.0,0.0445801779594217,3.6221482884873924e-07,4.184252551376054e-09,8.92980134238719,8.410180089942063,5
CP_REPO_GATED_RIDGE_OPS_C,top_20pct_random_gate,shuffled_perturbation_magnitude,cluster_entry_strict,ex_post_descriptive,10,73269,14705,0.2006975277119334,93.5037594115472,93.53552102849258,-0.0317616169453792,0.0,0.0892435084204659,4.89413584326754e-07,6.366289204321274e-09,8.77676671629372,8.447147989275896,4
CP_REPO_GATED_RIDGE_OPS_C,top_30pct_random_gate,shuffled_perturbation_magnitude,cluster_entry_strict,ex_post_descriptive,10,73269,22027,0.3006308510514744,93.5037594115472,93.5490815856735,-0.045322174126289,0.0,0.1328927494800376,5.975609644272154e-07,8.623963953110726e-09,8.733353498129436,8.441491369435148,5
CP_REPO_GATED_RIDGE_OPS_C,top_5pct_random_gate,shuffled_perturbation_magnitude,cluster_exit_loose,ex_post_descriptive,10,73456,3727,0.0507379878279814,97.78270467627152,97.79742784206486,-0.0147231657933403,0.0,0.0223811807331628,9.605633896749369e-08,7.022116919888864e-11,5.030599448296929,4.063601517098207,6
RANDOM_GATE_PLACEBO_REPO,top_5pct_random_gate,shuffled_perturbation_magnitude,cluster_exit_loose,ex_post_descriptive,10,73456,3765,0.0512561570521928,97.78270467627152,97.80344646651082,-0.0207417902393143,0.0,0.0214966669034763,1.0397894151719991e-08,-2.0315846684662802e-09,5.916614912066081,5.032895095231957,3
CP_REPO_GATED_RIDGE_OPS_C,top_10pct_random_gate,shuffled_perturbation_magnitude,cluster_exit_loose,ex_post_descriptive,10,73456,7428,0.1011218563512361,97.78270467627152,97.80709936614744,-0.0243946898759212,0.0,0.0444354752770673,2.424323300213968e-07,8.596581180191273e-10,5.084093187736175,4.050252129945732,2
CP_REPO_OPS_HG,top_5pct_random_gate,shuffled_perturbation_magnitude,cluster_exit_loose,ex_post_descriptive,10,73456,3735,0.0508468314862176,97.78270467627152,97.8103853971999,-0.0276807209283814,0.0,0.0213195628492943,-1.3416108636456094e-07,2.3482779273075976e-10,6.887048067173245,5.782453914964264,2
SHUFFLED_LAG_PM_PLACEBO_REPO,top_5pct_random_gate,shuffled_perturbation_magnitude,cluster_exit_loose,ex_post_descriptive,10,73456,3684,0.0501528014587477,97.78270467627152,97.81248820155496,-0.0297835252834677,0.0,0.0196996068958984,-1.85561044256923e-07,6.8122929056722916e-12,6.177961747582247,5.766236872895324,2
RANDOM_GATE_PLACEBO_REPO,top_10pct_random_gate,shuffled_perturbation_magnitude,cluster_exit_loose,ex_post_descriptive,10,73456,7325,0.0997203869470493,97.78270467627152,97.81318146676044,-0.0304767904889236,0.0,0.0422166867954911,6.18191190306425e-08,-2.025719677474143e-09,5.943805511025067,5.016265114962499,2
RAW_CP_REPO_PLUS_PM,top_5pct_random_gate,shuffled_perturbation_magnitude,cluster_exit_loose,ex_post_descriptive,10,73456,3705,0.0504382459505541,97.78270467627152,97.81938342440596,-0.0366787481344767,0.0,0.019290902955385,-4.803657855737036e-07,-8.435194164087352e-11,6.935071293446569,6.556967409293378,3
CP_REPO_RECENT_SLOPE,top_5pct_random_gate,shuffled_perturbation_magnitude,cluster_exit_loose,ex_post_descriptive,10,73456,3727,0.0507373958037321,97.78270467627152,97.8216246717772,-0.038919995505683,0.0,0.018813761011651,-5.276882305196482e-07,-4.4968772691916436e-10,5.956605576297961,5.542428072743889,1
CP_REPO_GATED_RIDGE_OPS_C,top_20pct_random_gate,shuffled_perturbation_magnitude,cluster_exit_loose,ex_post_descriptive,10,73456,14668,0.1996847174860282,97.78270467627152,97.82425967480545,-0.041554998533937,0.0,0.0871962915601023,5.471365298162408e-07,1.6488127764626823e-09,4.99278140533872,4.048041664425972,1
SHUFFLED_LAG_PM_PLACEBO_REPO,top_10pct_random_gate,shuffled_perturbation_magnitude,cluster_exit_loose,ex_post_descriptive,10,73456,7446,0.1013667175807521,97.78270467627152,97.82516370452149,-0.0424590282499654,0.0,0.0396704201004073,-2.770482902931349e-07,-1.292356329868144e-10,6.02027443941598,5.751992077956334,2
CP_REPO_OPS_HG,top_10pct_random_gate,shuffled_perturbation_magnitude,cluster_exit_loose,ex_post_descriptive,10,73456,7347,0.1000187375674907,97.78270467627152,97.8296500961363,-0.0469454198648044,0.0,0.0410319870701903,-2.002651854511611e-07,8.966012772696772e-10,6.644297959482444,5.759586172102424,4
CP_REPO_HAAR_SHAPE,top_5pct_random_gate,shuffled_perturbation_magnitude,cluster_exit_loose,ex_post_descriptive,10,73456,3755,0.051119369849389,97.78270467627152,97.8369018511109,-0.0541971748393893,0.0,0.0218093149095386,2.839937804219783e-08,7.634922048684473e-10,9.66251307476862,7.202381211507725,0
CP_REPO_RECENT_SLOPE,top_10pct_random_gate,shuffled_perturbation_magnitude,cluster_exit_loose,ex_post_descriptive,10,73456,7428,0.1011207315051624,97.78270467627152,97.84489493562764,-0.0621902593561443,0.0,0.0376419378137728,-9.276814288230036e-07,-2.5132443023711236e-10,5.790406286783059,5.512499495396325,1
CP_REPO_GATED_RIDGE_OPS_C,top_30pct_random_gate,shuffled_perturbation_magnitude,cluster_exit_loose,ex_post_descriptive,10,73456,21960,0.2989544555745004,97.78270467627152,97.85812038884664,-0.0754157125751207,0.0,0.1303239852704367,8.32638779638741e-07,3.160311996789407e-09,5.045070513246829,4.045255514879504,3
SHUFFLED_LAG_PM_PLACEBO_REPO,top_20pct_random_gate,shuffled_perturbation_magnitude,cluster_exit_loose,ex_post_descriptive,10,73456,14680,0.1998472873448896,97.78270467627152,97.86515112119478,-0.0824464449232784,0.0,0.0790548924883963,-5.658206504647061e-07,-6.972627009167664e-11,6.001094556747273,5.762013674993615,1
RANDOM_GATE_PLACEBO_REPO,top_20pct_random_gate,shuffled_perturbation_magnitude,cluster_exit_loose,ex_post_descriptive,10,73456,14581,0.1985006393861892,97.78270467627152,97.87152125775398,-0.0888165814824869,0.0,0.0818597257743677,6.897146534091838e-08,-1.5507898456423422e-09,6.109641949651467,4.991052853563643,2
RAW_CP_REPO_PLUS_PM,top_10pct_random_gate,shuffled_perturbation_magnitude,cluster_exit_loose,ex_post_descriptive,10,73456,7440,0.1012854918537463,97.78270467627152,97.87370301894462,-0.0909983426731177,0.0,0.0384998105522402,-1.0631147963229543e-06,8.768818556355531e-11,7.153607101358864,6.567508033877237,2
CP_REPO_OPS_HG,top_20pct_random_gate,shuffled_perturbation_magnitude,cluster_exit_loose,ex_post_descriptive,10,73456,14650,0.1994396786492374,97.78270467627152,97.87484007319622,-0.0921353969247195,0.0,0.0820922728994979,-3.806859241423886e-07,3.2235448497621753e-09,6.585040215408729,5.764912194408237,3
CP_REPO_HAAR_SHAPE,top_10pct_random_gate,shuffled_perturbation_magnitude,cluster_exit_loose,ex_post_descriptive,10,73456,7452,0.1014488905465567,97.78270467627152,97.8788012556735,-0.0960965794019811,0.0,0.0423799374822392,-7.462374317848546e-08,7.313665343330443e-10,9.033318371701425,7.218920314520429,0
RANDOM_GATE_PLACEBO_REPO,top_30pct_random_gate,shuffled_perturbation_magnitude,cluster_exit_loose,ex_post_descriptive,10,73456,22056,0.3002621483375959,97.78270467627152,97.90698551522216,-0.124280838950625,0.0,0.1233412664582741,1.4997945435789818e-07,-1.6262537753980881e-09,5.977735085223623,4.976383290337708,1
CP_REPO_RECENT_SLOPE,top_20pct_random_gate,shuffled_perturbation_magnitude,cluster_exit_loose,ex_post_descriptive,10,73456,14761,0.2009505541346973,97.78270467627152,97.92291508279052,-0.1402104065190215,0.0,0.0742905477408354,-1.8205133206661745e-06,7.318668305725795e-10,5.824042559483249,5.51586445275793,1
RAW_CP_REPO_PLUS_PM,top_20pct_random_gate,shuffled_perturbation_magnitude,cluster_exit_loose,ex_post_descriptive,10,73456,14693,0.2000248354172586,97.78270467627152,97.92485352546444,-0.1421488491929342,0.0,0.0769996507056929,-1.7875667029198657e-06,1.8423739126611928e-10,7.062901347204533,6.555235614623041,0
SHUFFLED_LAG_PM_PLACEBO_REPO,top_30pct_random_gate,shuffled_perturbation_magnitude,cluster_exit_loose,ex_post_descriptive,10,73456,22065,0.3003834245050677,97.78270467627152,97.92993888599652,-0.147234209725015,0.0,0.1182629712513024,-9.769141446898052e-07,-4.3259337330905546e-10,6.108396670534027,5.7890275690142845,0
CP_REPO_OPS_HG,top_30pct_random_gate,shuffled_perturbation_magnitude,cluster_exit_loose,ex_post_descriptive,10,73456,21952,0.2988466183574879,97.78270467627152,97.94081398287526,-0.1581093066037334,0.0,0.121994322487449,-4.6125479621669364e-07,4.786662568443767e-09,6.661486978746853,5.772578310191909,2
CP_REPO_RECENT_SLOPE,top_30pct_random_gate,shuffled_perturbation_magnitude,cluster_exit_loose,ex_post_descriptive,10,73456,22047,0.3001382080610021,97.78270467627152,97.98908582519014,-0.2063811489186313,0.0,0.111006914843232,-2.815586405755969e-06,7.793386442460304e-10,5.788151011986814,5.500681170554726,1
CP_REPO_HAAR_SHAPE,top_20pct_random_gate,shuffled_perturbation_magnitude,cluster_exit_loose,ex_post_descriptive,10,73456,14755,0.2008681443591929,97.78270467627152,97.99077578530178,-0.208071109030276,0.0,0.0822273728331912,-2.946330859353866e-07,-1.0275648656199175e-09,9.08551834425998,7.20667159340922,1
RAW_CP_REPO_PLUS_PM,top_30pct_random_gate,shuffled_perturbation_magnitude,cluster_exit_loose,ex_post_descriptive,10,73456,21949,0.2988041110163872,97.78270467627152,98.00456920522797,-0.2218645289564529,0.0,0.1152544224211423,-2.7562458668085058e-06,-2.3208484097688802e-10,7.173974103608953,6.557020018224809,0
CP_REPO_HAAR_SHAPE,top_30pct_random_gate,shuffled_perturbation_magnitude,cluster_exit_loose,ex_post_descriptive,10,73456,22238,0.3027383489627735,97.78270467627152,98.0923335542146,-0.3096288779430912,0.0,0.1240897627166808,-1.462080526651869e-07,2.2954690763501096e-09,9.129690284068332,7.200958052697598,1
CP_REPO_GATED_RIDGE_OPS_C,top_5pct_random_gate,shuffled_perturbation_magnitude,cluster_exit_strict,ex_post_descriptive,10,73335,3719,0.0507148248519189,97.69577346128555,97.7105070464674,-0.0147335851818472,0.0,0.0223938791701229,9.684761270501481e-08,7.222569813143513e-11,5.03666641629937,4.063465275653762,6
RANDOM_GATE_PLACEBO_REPO,top_5pct_random_gate,shuffled_perturbation_magnitude,cluster_exit_strict,ex_post_descriptive,10,73335,3760,0.0512737253494015,97.69577346128555,97.7161880289731,-0.0204145676875477,0.0,0.0215347549008409,1.2139569389421668e-08,-2.032428554928958e-09,5.909760421814393,5.030900375363039,3
CP_REPO_GATED_RIDGE_OPS_C,top_10pct_random_gate,shuffled_perturbation_magnitude,cluster_exit_strict,ex_post_descriptive,10,73335,7413,0.1010867354227387,97.69577346128555,97.72004983293324,-0.0242763716476705,0.0,0.0444603969104517,2.430860324377753e-07,8.61966316956046e-10,5.08790163931049,4.049968206445688,2
CP_REPO_OPS_HG,top_5pct_random_gate,shuffled_perturbation_magnitude,cluster_exit_strict,ex_post_descriptive,10,73335,3728,0.0508364732434041,97.69577346128555,97.7235480836769,-0.0277746223913501,0.0,0.0213417960070097,-1.357664469549161e-07,2.361185210811346e-10,6.897387792805875,5.782703408918802,2
SHUFFLED_LAG_PM_PLACEBO_REPO,top_5pct_random_gate,shuffled_perturbation_magnitude,cluster_exit_strict,ex_post_descriptive,10,73335,3679,0.0501679842279423,97.69577346128555,97.72584214098254,-0.0300686796969621,0.0,0.0197077962101686,-1.865892722341969e-07,6.64508842195332e-12,6.182043864239235,5.766882673190424,2
RANDOM_GATE_PLACEBO_REPO,top_10pct_random_gate,shuffled_perturbation_magnitude,cluster_exit_strict,ex_post_descriptive,10,73335,7313,0.0997239195591226,97.69577346128555,97.72603024414204,-0.0302567828564794,0.0,0.0422774912532204,6.182877902687209e-08,-2.028549985119766e-09,5.943338329239046,5.014139449099309,2
RAW_CP_REPO_PLUS_PM,top_5pct_random_gate,shuffled_perturbation_magnitude,cluster_exit_strict,ex_post_descriptive,10,73335,3702,0.0504824530898629,97.69577346128555,97.73250282997378,-0.0367293686882293,0.0,0.0192988467580728,-4.804094676318913e-07,-8.404711732426834e-11,6.935071293446569,6.553219464356014,3
CP_REPO_RECENT_SLOPE,top_5pct_random_gate,shuffled_perturbation_magnitude,cluster_exit_strict,ex_post_descriptive,10,73335,3719,0.0507128335476464,97.69577346128555,97.73475849278616,-0.0389850315005935,0.0,0.0188202229376558,-5.286894546503782e-07,-4.4623308103876115e-10,5.965258869318273,5.545532038918147,1
CP_REPO_GATED_RIDGE_OPS_C,top_20pct_random_gate,shuffled_perturbation_magnitude,cluster_exit_strict,ex_post_descriptive,10,73335,14642,0.1996620225391361,97.69577346128555,97.73721003029156,-0.0414365690059969,0.0,0.0872290131087832,5.495972686837515e-07,1.652376454663336e-09,4.991902278224672,4.047924607572496,1
SHUFFLED_LAG_PM_PLACEBO_REPO,top_10pct_random_gate,shuffled_perturbation_magnitude,cluster_exit_strict,ex_post_descriptive,10,73335,7436,0.1014006595316934,97.69577346128555,97.73853352074975,-0.0427600594642163,0.0,0.0396862787558294,-2.782214014290747e-07,-1.2903155872999932e-10,6.021457384652686,5.752832716759828,3
CP_REPO_OPS_HG,top_10pct_random_gate,shuffled_perturbation_magnitude,cluster_exit_strict,ex_post_descriptive,10,73335,7335,0.100022337801665,97.69577346128555,97.74282880129986,-0.0470553400143084,0.0,0.0410759386681348,-2.0283819683247285e-07,8.973920436533e-10,6.6514898816085095,5.759692224430118,4
CP_REPO_HAAR_SHAPE,top_5pct_random_gate,shuffled_perturbation_magnitude,cluster_exit_strict,ex_post_descriptive,10,73335,3752,0.0511650746038861,97.69577346128555,97.75009221161736,-0.0543187503318127,0.0,0.0218348739995194,2.7482236216540257e-08,7.637358750897811e-10,9.66251307476862,7.201386274766112,0
CP_REPO_RECENT_SLOPE,top_10pct_random_gate,shuffled_perturbation_magnitude,cluster_exit_strict,ex_post_descriptive,10,73335,7415,0.101109881114551,97.69577346128555,97.75833204857511,-0.0625585872895615,0.0,0.0376396975297121,-9.300998018384984e-07,-2.471249608900301e-10,5.794846766372915,5.515705415674426,1
CP_REPO_GATED_RIDGE_OPS_C,top_30pct_random_gate,shuffled_perturbation_magnitude,cluster_exit_strict,ex_post_descriptive,10,73335,21925,0.2989745083278913,97.69577346128555,97.77091731174036,-0.0751438504547989,0.0,0.1304064348377016,8.366495797896059e-07,3.167467869184229e-09,5.045356132603671,4.044903843348077,3
SHUFFLED_LAG_PM_PLACEBO_REPO,top_20pct_random_gate,shuffled_perturbation_magnitude,cluster_exit_strict,ex_post_descriptive,10,73335,14661,0.1999219697620695,97.69577346128555,97.77884763811424,-0.0830741768286732,0.0,0.0790716285369434,-5.69953971538736e-07,-7.110144637351696e-11,6.002959662415205,5.76263916681804,1
RANDOM_GATE_PLACEBO_REPO,top_20pct_random_gate,shuffled_perturbation_magnitude,cluster_exit_strict,ex_post_descriptive,10,73335,14559,0.1985340420798473,97.69577346128555,97.78378587238448,-0.0880124110989254,0.0,0.0819633385949188,7.70585879188271e-08,-1.5448973485243527e-09,6.100432602905988,4.98964210558876,2
RAW_CP_REPO_PLUS_PM,top_10pct_random_gate,shuffled_perturbation_magnitude,cluster_exit_strict,ex_post_descriptive,10,73335,7426,0.1012613766849662,97.69577346128555,97.78678898251457,-0.0910155212290049,0.0,0.0385131950008849,-1.0659123951541896e-06,8.469961451219891e-11,7.158263292270858,6.563371566496441,2
CP_REPO_OPS_HG,top_20pct_random_gate,shuffled_perturbation_magnitude,cluster_exit_strict,ex_post_descriptive,10,73335,14626,0.1994438388508216,97.69577346128555,97.78858204354356,-0.0928085822579993,0.0,0.0821664928803701,-3.841101302989278e-07,3.228748577639277e-09,6.590291518454028,5.766420525607645,3
CP_REPO_HAAR_SHAPE,top_10pct_random_gate,shuffled_perturbation_magnitude,cluster_exit_strict,ex_post_descriptive,10,73335,7443,0.1014941700068855,97.69577346128555,97.79182725609483,-0.096053794809294,0.0,0.0424277557224329,-7.618907354111856e-08,7.316093864659017e-10,9.035025127930105,7.217910415104038,0
RANDOM_GATE_PLACEBO_REPO,top_30pct_random_gate,shuffled_perturbation_magnitude,cluster_exit_strict,ex_post_descriptive,10,73335,22021,0.3002868600002039,97.69577346128555,97.81951090543096,-0.1237374441454016,0.0,0.1234640935887481,1.5921390683997482e-07,-1.6182717411759164e-09,5.973612351175516,4.974617636039332,1
CP_REPO_RECENT_SLOPE,top_20pct_random_gate,shuffled_perturbation_magnitude,cluster_exit_strict,ex_post_descriptive,10,73335,14737,0.2009539913941819,97.69577346128555,97.8362771806488,-0.1405037193632128,0.0,0.07433716011712,-1.8264370447318124e-06,7.341459115207104e-10,5.826843925618112,5.519686329856532,1
RAW_CP_REPO_PLUS_PM,top_20pct_random_gate,shuffled_perturbation_magnitude,cluster_exit_strict,ex_post_descriptive,10,73335,14665,0.1999720681207922,97.69577346128555,97.83838638806698,-0.1426129267814335,0.0,0.0770105025934098,-1.7946696495105996e-06,1.7890733004401682e-10,7.068494372682226,6.550211168750117,0
SHUFFLED_LAG_PM_PLACEBO_REPO,top_30pct_random_gate,shuffled_perturbation_magnitude,cluster_exit_strict,ex_post_descriptive,10,73335,22033,0.3004472224336951,97.69577346128555,97.84371543452424,-0.1479419732386865,0.0,0.1183194146358876,-9.81794489761796e-07,-4.3536452701050387e-10,6.1094555631349605,5.7901290918378665,0
CP_REPO_OPS_HG,top_30pct_random_gate,shuffled_perturbation_magnitude,cluster_exit_strict,ex_post_descriptive,10,73335,21915,0.298838725044312,97.69577346128555,97.8549599346366,-0.1591864733510506,0.0,0.1220705855948515,-4.661562002572994e-07,4.794446654962453e-09,6.666043013803543,5.773858413619252,2
CP_REPO_RECENT_SLOPE,top_30pct_random_gate,shuffled_perturbation_magnitude,cluster_exit_strict,ex_post_descriptive,10,73335,22012,0.300153889142201,97.69577346128555,97.90263277991838,-0.2068593186328193,0.0,0.1110465811772247,-2.824713884154467e-06,7.820975151878689e-10,5.790783343289634,5.503545585043415,1
CP_REPO_HAAR_SHAPE,top_20pct_random_gate,shuffled_perturbation_magnitude,cluster_exit_strict,ex_post_descriptive,10,73335,14733,0.2009012705840817,97.69577346128555,97.9041970808358,-0.208423619550271,0.0,0.0823043418687423,-2.962579520613182e-07,-1.0295274463646821e-09,9.089970233589344,7.205519965859137,1
RAW_CP_REPO_PLUS_PM,top_30pct_random_gate,shuffled_perturbation_magnitude,cluster_exit_strict,ex_post_descriptive,10,73335,21905,0.2986989038386956,97.69577346128555,97.91955980108928,-0.2237863398037415,0.0,0.1152517965110894,-2.770151480245068e-06,-2.416114229734132e-10,7.17815370769993,6.555181445885748,0
CP_REPO_HAAR_SHAPE,top_30pct_random_gate,shuffled_perturbation_magnitude,cluster_exit_strict,ex_post_descriptive,10,73335,22204,0.3027758989571284,97.69577346128555,98.00618390868836,-0.3104104474028041,0.0,0.1241712785774769,-1.4877128431010834e-07,2.2989516492226e-09,9.133261315616194,7.199074348518276,1
RAW_CP_REPO_PLUS_PM,top_30pct_random_gate,shuffled_perturbation_magnitude,entry_with_recent_spike,ex_post_descriptive,10,43750,13086,0.2992032679840676,95.27256614829057,95.0918074823076,0.1807586659829831,0.0,0.1396356046175466,6.403998043047178e-06,1.361517315930178e-08,5.849267295103929,6.45869636002972,9
CP_REPO_OPS_HG,top_30pct_random_gate,shuffled_perturbation_magnitude,entry_with_recent_spike,ex_post_descriptive,10,43750,13206,0.3018112669335259,95.27256614829057,95.10137257737406,0.1711935709164831,0.0,0.1394730940635385,8.440776327048013e-06,1.9268715506630725e-08,11.922762492371255,11.964717734840544,8
CP_REPO_HAAR_SHAPE,top_30pct_random_gate,shuffled_perturbation_magnitude,entry_with_recent_spike,ex_post_descriptive,10,43750,13030,0.2977803978661694,95.27256614829057,95.14592566191035,0.1266404863802103,0.0,0.1355827191549379,4.885524078879303e-06,2.2265221982497592e-08,5.927966993828084,6.517893571100944,9
RAW_CP_REPO_PLUS_PM,top_20pct_random_gate,shuffled_perturbation_magnitude,entry_with_recent_spike,ex_post_descriptive,10,43750,8712,0.1991716960145866,95.27256614829057,95.15571498517076,0.1168511631197975,0.0,0.0929798117908074,4.186554318781415e-06,9.639647851453194e-09,5.841222405559706,6.447997917154358,9
CP_REPO_RECENT_SLOPE,top_30pct_random_gate,shuffled_perturbation_magnitude,entry_with_recent_spike,ex_post_descriptive,10,43750,13071,0.2987941935617709,95.27256614829057,95.15851208410334,0.1140540641872045,0.0,0.1414680469470421,3.1486568420784293e-06,8.768704558779892e-09,5.881512625501406,6.01733460900032,9
CP_REPO_HAAR_SHAPE,top_20pct_random_gate,shuffled_perturbation_magnitude,entry_with_recent_spike,ex_post_descriptive,10,43750,8659,0.1978794521582317,95.27256614829057,95.16617365841846,0.1063924898720822,0.0,0.0916249733159752,3.2517686448011307e-06,1.6337055898121114e-08,5.914395839229134,6.499225689264958,9
SHUFFLED_LAG_PM_PLACEBO_REPO,top_30pct_random_gate,shuffled_perturbation_magnitude,entry_with_recent_spike,ex_post_descriptive,10,43750,13136,0.3002550487492718,95.27256614829057,95.20262877187544,0.0699373764151145,0.0,0.1420517784691168,2.6148745667997325e-06,1.0419478946118048e-08,3.713735190850581,3.656087413260261,9
CP_REPO_RECENT_SLOPE,top_20pct_random_gate,shuffled_perturbation_magnitude,entry_with_recent_spike,ex_post_descriptive,10,43750,8683,0.1984951956743411,95.27256614829057,95.20265890586164,0.0699072424288948,0.0,0.0941539565040115,2.089033883390085e-06,6.310446902741828e-09,5.922369418745246,6.037398563423613,8
CP_REPO_OPS_HG,top_20pct_random_gate,shuffled_perturbation_magnitude,entry_with_recent_spike,ex_post_descriptive,10,43750,8728,0.1995472652000225,95.27256614829057,95.20304758815618,0.0695185601343814,0.0,0.0915120914925469,5.2465644427450005e-06,9.593417584435858e-09,12.11461851485884,12.002136382941783,7
RAW_CP_REPO_PLUS_PM,top_10pct_random_gate,shuffled_perturbation_magnitude,entry_with_recent_spike,ex_post_descriptive,10,43750,4291,0.0981069170437394,95.27256614829057,95.20801283499122,0.0645533132993412,0.0,0.0451066360673131,2.0716555712953027e-06,5.489195358767567e-09,5.616746185259076,6.446607362435953,8
CP_REPO_GATED_RIDGE_OPS_C,top_30pct_random_gate,shuffled_perturbation_magnitude,entry_with_recent_spike,ex_post_descriptive,10,43750,13177,0.3011400943072745,95.27256614829057,95.21242108273694,0.0601450655536158,0.0,0.1379307256997915,2.9307209569699547e-06,1.0960401181642137e-08,8.128360621724159,8.119983649497435,8
RANDOM_GATE_PLACEBO_REPO,top_20pct_random_gate,shuffled_perturbation_magnitude,entry_with_recent_spike,ex_post_descriptive,10,43750,8746,0.1998854266073356,95.27256614829057,95.21922836061404,0.0533377876765206,0.0,0.0910827976041761,1.823101136037272e-06,9.033014238061116e-09,4.109220048917909,4.233910871194341,8
RANDOM_GATE_PLACEBO_REPO,top_30pct_random_gate,shuffled_perturbation_magnitude,entry_with_recent_spike,ex_post_descriptive,10,43750,13008,0.2973174162288275,95.27256614829057,95.2213475934856,0.0512185548049592,0.0,0.1352786240360613,2.409730664183697e-06,1.1544130167049968e-08,4.2121099687762165,4.256455982856773,8
CP_REPO_GATED_RIDGE_OPS_C,top_20pct_random_gate,shuffled_perturbation_magnitude,entry_with_recent_spike,ex_post_descriptive,10,43750,8810,0.2013624526580751,95.27256614829057,95.22295553052324,0.049610617767315,0.0,0.0928159928368707,2.144631694637664e-06,7.502569713627474e-09,8.166932243390495,8.09856817117116,8
SHUFFLED_LAG_PM_PLACEBO_REPO,top_20pct_random_gate,shuffled_perturbation_magnitude,entry_with_recent_spike,ex_post_descriptive,10,43750,8761,0.2001931732881211,95.27256614829057,95.22978356896591,0.0427825793246333,0.0,0.0951322656546305,1.726552591217029e-06,7.399703360956873e-09,3.674186410712455,3.68567886229808,9
CP_REPO_HAAR_SHAPE,top_10pct_random_gate,shuffled_perturbation_magnitude,entry_with_recent_spike,ex_post_descriptive,10,43750,4297,0.0982047342854399,95.27256614829057,95.23414981704312,0.0384163312474474,0.0,0.0451540342717891,1.2576689362612766e-06,8.258595745372681e-09,5.904032605438538,6.51652701416879,7
RANDOM_GATE_PLACEBO_REPO,top_10pct_random_gate,shuffled_perturbation_magnitude,entry_with_recent_spike,ex_post_descriptive,10,43750,4319,0.098702291172782,95.27256614829057,95.2366649326199,0.0359012156706626,0.0,0.0456238654435546,9.507516337733652e-07,4.031627562069999e-09,3.853571827662019,4.264590254549082,9
CP_REPO_GATED_RIDGE_OPS_C,top_10pct_random_gate,shuffled_perturbation_magnitude,entry_with_recent_spike,ex_post_descriptive,10,43750,4357,0.0996310607928175,95.27256614829057,95.24255294829156,0.0300131999989942,0.0,0.0462009487942724,1.2411188984840404e-06,5.6564149607668734e-09,8.24239585693731,8.076846910016737,9
CP_REPO_HAAR_SHAPE,top_5pct_random_gate,shuffled_perturbation_magnitude,entry_with_recent_spike,ex_post_descriptive,10,43750,2136,0.0488539919161102,95.27256614829057,95.24631686041776,0.0262492878727872,0.0,0.0230213593784276,7.086630270685312e-07,5.306206136481607e-09,5.872643923791187,6.507938911280884,9
RAW_CP_REPO_PLUS_PM,top_5pct_random_gate,shuffled_perturbation_magnitude,entry_with_recent_spike,ex_post_descriptive,10,43750,2086,0.0476996212184313,95.27256614829057,95.24841730218664,0.024148846103922,0.0,0.0220691684867428,9.752447818442457e-07,2.212624495889173e-09,5.88058464933515,6.455638616809725,5
CP_REPO_RECENT_SLOPE,top_10pct_random_gate,shuffled_perturbation_magnitude,entry_with_recent_spike,ex_post_descriptive,10,43750,4236,0.0968402056117843,95.27256614829057,95.2492235838318,0.0233425644587553,0.0,0.04569066250481,9.747694745418963e-07,3.245864096593324e-09,5.935316782945346,6.040618461093592,6
SHUFFLED_LAG_PM_PLACEBO_REPO,top_10pct_random_gate,shuffled_perturbation_magnitude,entry_with_recent_spike,ex_post_descriptive,10,43750,4394,0.1004528927420206,95.27256614829057,95.25302643387222,0.0195397144183446,0.0,0.0481690529811529,7.910445866436786e-07,3.28844390520368e-09,3.702210364068084,3.686847775492206,8
CP_REPO_OPS_HG,top_10pct_random_gate,shuffled_perturbation_magnitude,entry_with_recent_spike,ex_post_descriptive,10,43750,4328,0.0989602840673255,95.27256614829057,95.253212349753,0.0193537985375465,0.0,0.0451765159122923,2.613150138280429e-06,4.453910836549122e-09,12.317607850695657,11.96389962608031,6
SHUFFLED_LAG_PM_PLACEBO_REPO,top_5pct_random_gate,shuffled_perturbation_magnitude,entry_with_recent_spike,ex_post_descriptive,10,43750,2203,0.0503788697294682,95.27256614829057,95.25685661642584,0.0157095318647159,0.0,0.0244627412197277,4.61773502017824e-07,2.570846320047302e-09,3.267366990477877,3.686213470173051,8
CP_REPO_OPS_HG,top_5pct_random_gate,shuffled_perturbation_magnitude,entry_with_recent_spike,ex_post_descriptive,10,43750,2129,0.0487031162252063,95.27256614829057,95.25839570781946,0.0141704404710856,0.0,0.0222746716286977,1.2666457197276502e-06,2.9726024044144518e-09,12.681466827954187,11.939484391342036,7
CP_REPO_RECENT_SLOPE,top_5pct_random_gate,shuffled_perturbation_magnitude,entry_with_recent_spike,ex_post_descriptive,10,43750,2085,0.0476822085978096,95.27256614829057,95.25840526478852,0.0141608835020445,0.0,0.0227189657901868,4.88033031903045e-07,2.057789430726504e-09,5.914921458873041,6.021114632171612,7
CP_REPO_GATED_RIDGE_OPS_C,top_5pct_random_gate,shuffled_perturbation_magnitude,entry_with_recent_spike,ex_post_descriptive,10,43750,2169,0.0496049047863641,95.27256614829057,95.26034669101912,0.0122194572714393,0.0,0.022995896098849,7.879809806744798e-07,4.748700903042865e-09,8.416771710736406,8.08763716915473,6
RANDOM_GATE_PLACEBO_REPO,top_5pct_random_gate,shuffled_perturbation_magnitude,entry_with_recent_spike,ex_post_descriptive,10,43750,2114,0.0483425130779294,95.27256614829057,95.26155500360906,0.011011144681505,0.0,0.0220652107188513,3.6974470449969845e-07,2.474444753204657e-09,3.8040554564708464,4.2814277487028045,7
SHUFFLED_LAG_PM_PLACEBO_REPO,top_10pct_random_gate,shuffled_perturbation_magnitude,entry_without_recent_spike,ex_post_descriptive,10,29710,2854,0.0960195531934162,91.1003900671519,91.07179369532822,0.0285963718236848,0.0,0.0439334790231635,-4.898251548085238e-08,1.86277586302365e-09,5.254877746141993,5.274513072304442,8
SHUFFLED_LAG_PM_PLACEBO_REPO,top_5pct_random_gate,shuffled_perturbation_magnitude,entry_without_recent_spike,ex_post_descriptive,10,29710,1393,0.0468378756840142,91.1003900671519,91.08345041047713,0.0169396566747825,0.0,0.0215694611119933,8.88877267453148e-08,1.5224744487452059e-09,5.234438955776965,5.297146915918813,7
CP_REPO_RECENT_SLOPE,top_20pct_random_gate,shuffled_perturbation_magnitude,entry_without_recent_spike,ex_post_descriptive,10,29710,6025,0.2027471083228903,91.1003900671519,91.08745605615437,0.0129340109975578,0.0,0.0903826366583452,-1.9929688260753855e-07,2.193487524414437e-09,7.010108301139103,7.0160242243105655,5
RANDOM_GATE_PLACEBO_REPO,top_5pct_random_gate,shuffled_perturbation_magnitude,entry_without_recent_spike,ex_post_descriptive,10,29710,1436,0.0483328133045557,91.1003900671519,91.08812931065437,0.0122607564975351,0.0,0.0217697598205083,6.345631116142035e-08,1.612110630362259e-09,4.497806881487814,4.766948018223687,5
CP_REPO_RECENT_SLOPE,top_10pct_random_gate,shuffled_perturbation_magnitude,entry_without_recent_spike,ex_post_descriptive,10,29710,2950,0.0992268185374124,91.1003900671519,91.09157169356229,0.0088183735896346,0.0,0.0437788879474842,-2.511377240935447e-07,5.6390868529728e-10,6.982194458690967,6.983460604372839,4
CP_REPO_RECENT_SLOPE,top_5pct_random_gate,shuffled_perturbation_magnitude,entry_without_recent_spike,ex_post_descriptive,10,29710,1466,0.0493757362291812,91.1003900671519,91.096469817633,0.0039202495189067,0.0,0.0217110440154953,-1.598654569780439e-07,2.3141340532525507e-10,6.867369758217206,6.998154958973946,4
CP_REPO_OPS_HG,top_5pct_random_gate,shuffled_perturbation_magnitude,entry_without_recent_spike,ex_post_descriptive,10,29710,1430,0.0481185933227383,91.1003900671519,91.0997879688593,0.0006020982926103,0.0,0.0217002547489172,2.064526063889037e-07,2.4465479374217507e-09,12.976827149201664,12.52202431642922,5
SHUFFLED_LAG_PM_PLACEBO_REPO,top_30pct_random_gate,shuffled_perturbation_magnitude,entry_without_recent_spike,ex_post_descriptive,10,29710,8908,0.2998018779722308,91.1003900671519,91.10239702837212,-0.0020069612202104,0.0,0.1346159639608036,-2.635054592593729e-07,4.201028294678482e-09,5.4191735366287785,5.3240300059292816,6
SHUFFLED_LAG_PM_PLACEBO_REPO,top_20pct_random_gate,shuffled_perturbation_magnitude,entry_without_recent_spike,ex_post_descriptive,10,29710,5878,0.1978115756417447,91.1003900671519,91.106820423676,-0.0064303565241222,0.0,0.0883811696286143,-5.303240466698949e-07,2.5454960229913572e-09,5.344722470038954,5.317606623816714,5
CP_REPO_RECENT_SLOPE,top_30pct_random_gate,shuffled_perturbation_magnitude,entry_without_recent_spike,ex_post_descriptive,10,29710,8985,0.3024793159593915,91.1003900671519,91.10749897713488,-0.0071089099829588,0.0,0.1348070903874143,-4.703333812593208e-07,3.106230043556045e-09,7.005881536527609,7.080410247029763,4
CP_REPO_GATED_RIDGE_OPS_C,top_5pct_random_gate,shuffled_perturbation_magnitude,entry_without_recent_spike,ex_post_descriptive,10,29710,1436,0.0483069815425481,91.1003900671519,91.10760794561224,-0.0072178784603278,0.0,0.0208037152847499,-5.959967476460533e-08,2.209726833949555e-09,9.105631633830374,8.961412649468226,4
CP_REPO_OPS_HG,top_10pct_random_gate,shuffled_perturbation_magnitude,entry_without_recent_spike,ex_post_descriptive,10,29710,2950,0.0992120512705918,91.1003900671519,91.110644759955,-0.0102546928030825,0.0,0.043956073555023,3.557900367841244e-07,4.2139442452532755e-09,13.414761475476572,12.471888499443626,5
RANDOM_GATE_PLACEBO_REPO,top_10pct_random_gate,shuffled_perturbation_magnitude,entry_without_recent_spike,ex_post_descriptive,10,29710,2970,0.0998395817856902,91.1003900671519,91.11156057565016,-0.0111705084982476,0.0,0.0433079504048649,-9.51023389989691e-08,2.125569923303677e-09,4.979468529660183,4.760209858269841,5
RAW_CP_REPO_PLUS_PM,top_5pct_random_gate,shuffled_perturbation_magnitude,entry_without_recent_spike,ex_post_descriptive,10,29710,1458,0.0489801793026685,91.1003900671519,91.12197635176008,-0.0215862846081628,0.0,0.0203136481026315,-7.85478689122439e-08,-3.4314690570111205e-10,6.026861062976423,5.810485143793793,4
RANDOM_GATE_PLACEBO_REPO,top_20pct_random_gate,shuffled_perturbation_magnitude,entry_without_recent_spike,ex_post_descriptive,10,29710,5968,0.2008040918390395,91.1003900671519,91.12219768564096,-0.0218076184890586,0.0,0.0860056967949958,-5.133008140921714e-07,1.771048455044211e-09,4.94177568406176,4.7267996831452015,4
CP_REPO_HAAR_SHAPE,top_5pct_random_gate,shuffled_perturbation_magnitude,entry_without_recent_spike,ex_post_descriptive,10,29710,1435,0.0482634472788392,91.1003900671519,91.12473759253425,-0.0243475253823306,0.0,0.0199190810729075,1.9280454838910663e-08,3.529049914820541e-09,7.089931045520065,6.765338270892362,3
CP_REPO_HAAR_SHAPE,top_10pct_random_gate,shuffled_perturbation_magnitude,entry_without_recent_spike,ex_post_descriptive,10,29710,2950,0.0992469610450181,91.1003900671519,91.12479939428336,-0.0244093271314604,0.0,0.0419870084603659,1.1803668135095926e-07,4.8060362316258215e-09,6.818878553328058,6.756155471224183,4
CP_REPO_HAAR_SHAPE,top_20pct_random_gate,shuffled_perturbation_magnitude,entry_without_recent_spike,ex_post_descriptive,10,29710,5979,0.2010354032207399,91.1003900671519,91.14183551814574,-0.0414454509938232,0.0,0.0846446761319252,-1.1638476949334694e-07,9.168458944014453e-09,6.794119356244444,6.729105397850371,4
RAW_CP_REPO_PLUS_PM,top_10pct_random_gate,shuffled_perturbation_magnitude,entry_without_recent_spike,ex_post_descriptive,10,29710,2934,0.0986779699377025,91.1003900671519,91.14611340670535,-0.0457233395534641,0.0,0.0417929423065774,-5.121295074666952e-07,-1.1325038209024078e-09,6.398193084307083,5.7968661251326665,4
CP_REPO_GATED_RIDGE_OPS_C,top_10pct_random_gate,shuffled_perturbation_magnitude,entry_without_recent_spike,ex_post_descriptive,10,29710,2945,0.0989908434977517,91.1003900671519,91.1710128861978,-0.0706228190458974,0.0,0.042004992566886,-9.778663383726154e-07,1.8729057052132286e-09,9.877540815988574,8.981833202836938,2
RAW_CP_REPO_PLUS_PM,top_20pct_random_gate,shuffled_perturbation_magnitude,entry_without_recent_spike,ex_post_descriptive,10,29710,5933,0.1997243557271632,91.1003900671519,91.17342321330548,-0.0730331461535633,0.0,0.0849724320122611,-8.13375584171456e-07,-5.97021734894029e-10,6.290850290817285,5.761683699345705,2
RANDOM_GATE_PLACEBO_REPO,top_30pct_random_gate,shuffled_perturbation_magnitude,entry_without_recent_spike,ex_post_descriptive,10,29710,8970,0.3019310276732332,91.1003900671519,91.18282824624364,-0.0824381790917252,0.0,0.1278007977230761,-1.3383836993503102e-06,1.1474434556636039e-09,5.068397698661751,4.7422039253716735,2
CP_REPO_OPS_HG,top_20pct_random_gate,shuffled_perturbation_magnitude,entry_without_recent_spike,ex_post_descriptive,10,29710,5947,0.2000473557230036,91.1003900671519,91.19180983796367,-0.0914197708117577,0.0,0.0880264780239533,4.135504892268917e-07,6.451715064892455e-09,13.593012807621514,12.525370856344734,2
CP_REPO_HAAR_SHAPE,top_30pct_random_gate,shuffled_perturbation_magnitude,entry_without_recent_spike,ex_post_descriptive,10,29710,8965,0.3015252765273825,91.1003900671519,91.20299762546313,-0.1026075583111987,0.0,0.1276010717594971,-5.793436740661895e-07,1.1425344599363276e-08,6.952316448369361,6.779754218708666,3
RAW_CP_REPO_PLUS_PM,top_30pct_random_gate,shuffled_perturbation_magnitude,entry_without_recent_spike,ex_post_descriptive,10,29710,8968,0.3019031735791523,91.1003900671519,91.2104892269773,-0.1100991598253777,0.0,0.1277311481752097,-1.5310313857580429e-06,-2.763976660689354e-10,6.188406456807407,5.741081376669657,2
CP_REPO_OPS_HG,top_30pct_random_gate,shuffled_perturbation_magnitude,entry_without_recent_spike,ex_post_descriptive,10,29710,8934,0.3005372019995839,91.1003900671519,91.22763101890412,-0.1272409517522293,0.0,0.1308695741497023,3.261765737868169e-07,8.413619920307573e-09,13.097320346721023,12.535590591338432,4
CP_REPO_GATED_RIDGE_OPS_C,top_20pct_random_gate,shuffled_perturbation_magnitude,entry_without_recent_spike,ex_post_descriptive,10,29710,5934,0.199536988707731,91.1003900671519,91.25364189557315,-0.1532518284212701,0.0,0.0836748482739851,-2.009327673401862e-06,4.5642028212973445e-09,9.623569846957896,9.038444145537408,1
CP_REPO_GATED_RIDGE_OPS_C,top_30pct_random_gate,shuffled_perturbation_magnitude,entry_without_recent_spike,ex_post_descriptive,10,29710,8905,0.2995048472872595,91.1003900671519,91.30122953732464,-0.2008394701727279,0.0,0.1250852314614534,-2.917096600079546e-06,4.956275563519231e-09,9.556363221657689,8.988118814501659,1
CP_REPO_OPS_HG,top_30pct_random_gate,shuffled_perturbation_magnitude,high_within_block_dispersion,ex_post_descriptive,10,68973,20621,0.2992317201861235,122.74661640611995,122.60697482044728,0.1396415856727137,0.0,0.1182884423220154,9.279059652720848e-06,1.1959699808283977e-08,10.373866238968784,9.590407226973536,8
CP_REPO_OPS_HG,top_20pct_random_gate,shuffled_perturbation_magnitude,high_within_block_dispersion,ex_post_descriptive,10,68973,13650,0.1980412996734876,122.74661640611995,122.66820121547488,0.0784151906450946,0.0,0.0784642209030002,5.922733569888565e-06,5.878412899891796e-09,10.371358318993716,9.596010978631814,8
CP_REPO_OPS_HG,top_10pct_random_gate,shuffled_perturbation_magnitude,high_within_block_dispersion,ex_post_descriptive,10,68973,6828,0.0989768456524141,122.74661640611995,122.69814363194602,0.0484727741739644,0.0,0.0397476557011108,3.087226359549687e-06,2.545708957973729e-09,10.521554289912554,9.553619456514951,8
CP_REPO_OPS_HG,top_5pct_random_gate,shuffled_perturbation_magnitude,high_within_block_dispersion,ex_post_descriptive,10,68973,3383,0.0489497586026678,122.74661640611995,122.72309494701253,0.0235214591074683,0.0,0.0196309494833698,1.556054451098954e-06,1.8374181267266422e-09,11.175954830483366,9.527983447344516,7
CP_REPO_GATED_RIDGE_OPS_C,top_10pct_random_gate,shuffled_perturbation_magnitude,high_within_block_dispersion,ex_post_descriptive,10,68973,6770,0.0981227923164911,122.74661640611995,122.72355096580434,0.0230654403156457,0.0,0.0387345437096727,1.2270123348587194e-06,1.2516831889672482e-09,7.1408021915109625,6.31559488065752,5
CP_REPO_GATED_RIDGE_OPS_C,top_20pct_random_gate,shuffled_perturbation_magnitude,high_within_block_dispersion,ex_post_descriptive,10,68973,13693,0.1985687836297581,122.74661640611995,122.7278619446583,0.0187544614616965,0.0,0.0776782359249651,2.2163037785809598e-06,1.732291043198121e-09,7.347306846179,6.344476201226072,4
CP_REPO_GATED_RIDGE_OPS_C,top_5pct_random_gate,shuffled_perturbation_magnitude,high_within_block_dispersion,ex_post_descriptive,10,68973,3358,0.0486586256164755,122.74661640611995,122.73035053032368,0.0162658757963286,0.0,0.0196067185626442,8.837783579547477e-07,1.499290477678819e-09,7.258324246557014,6.34130334439884,7
CP_REPO_GATED_RIDGE_OPS_C,top_30pct_random_gate,shuffled_perturbation_magnitude,high_within_block_dispersion,ex_post_descriptive,10,68973,20554,0.2978666941061797,122.74661640611995,122.7354139383806,0.0112024677394015,0.0,0.1169499215981549,3.210681884435349e-06,2.498504202515368e-09,7.566899520200636,6.350210557923857,5
SHUFFLED_LAG_PM_PLACEBO_REPO,top_5pct_random_gate,shuffled_perturbation_magnitude,high_within_block_dispersion,ex_post_descriptive,10,68973,3442,0.0499648659031494,122.74661640611995,122.7477793551329,-0.0011629490129115,0.0,0.0193644264294932,3.593616705639929e-07,8.286047963972816e-10,6.699824243639921,6.083320591548901,5
RANDOM_GATE_PLACEBO_REPO,top_10pct_random_gate,shuffled_perturbation_magnitude,high_within_block_dispersion,ex_post_descriptive,10,68973,6710,0.0972849563579041,122.74661640611995,122.74847071248394,-0.0018543063639573,0.0,0.0380864134209447,9.278753234468168e-07,1.4104150302838542e-09,6.824117203289385,5.508690328917151,4
RAW_CP_REPO_PLUS_PM,top_5pct_random_gate,shuffled_perturbation_magnitude,high_within_block_dispersion,ex_post_descriptive,10,68973,3394,0.0493023384763618,122.74661640611995,122.75081890771196,-0.0042025015919627,0.0,0.0185870961894271,6.064414935229853e-07,9.27747628368133e-10,7.860155940041386,7.289309237891752,5
RAW_CP_REPO_PLUS_PM,top_30pct_random_gate,shuffled_perturbation_magnitude,high_within_block_dispersion,ex_post_descriptive,10,68973,20385,0.295331421536078,122.74661640611995,122.75115809374849,-0.0045416876284965,0.0,0.1114460901674741,4.012343249179009e-06,7.450900652442668e-09,7.962837763897019,7.35189585738294,5
SHUFFLED_LAG_PM_PLACEBO_REPO,top_10pct_random_gate,shuffled_perturbation_magnitude,high_within_block_dispersion,ex_post_descriptive,10,68973,6938,0.1004905225953946,122.74661640611995,122.75144879775004,-0.0048323916300466,0.0,0.0392486740081391,6.36113019357676e-07,1.6222173683995003e-09,7.047909951237728,6.077503229867849,6
RAW_CP_REPO_PLUS_PM,top_20pct_random_gate,shuffled_perturbation_magnitude,high_within_block_dispersion,ex_post_descriptive,10,68973,13617,0.1973947143562252,122.74661640611995,122.75218823828186,-0.0055718321618907,0.0,0.0745354698611226,2.59190230979739e-06,4.2155662609342625e-09,7.950973088660373,7.344596325903064,5
CP_REPO_HAAR_SHAPE,top_5pct_random_gate,shuffled_perturbation_magnitude,high_within_block_dispersion,ex_post_descriptive,10,68973,3341,0.0485149813350162,122.74661640611995,122.75547347095292,-0.00885706483292,0.0,0.0195216788055832,9.276572551656488e-07,1.4530646226698283e-09,10.875891537335736,8.060167141372714,4
RANDOM_GATE_PLACEBO_REPO,top_5pct_random_gate,shuffled_perturbation_magnitude,high_within_block_dispersion,ex_post_descriptive,10,68973,3338,0.0484200064252727,122.74661640611995,122.75683873730088,-0.0102223311808953,0.0,0.0188370113054343,4.2172778443551524e-07,6.342441184308285e-10,7.0809361816518335,5.536442818485584,4
CP_REPO_RECENT_SLOPE,top_5pct_random_gate,shuffled_perturbation_magnitude,high_within_block_dispersion,ex_post_descriptive,10,68973,3423,0.049610449880618,122.74661640611995,122.75793893188802,-0.0113225257680295,0.0,0.0180480774381076,-2.194232053231949e-08,4.4113355742547184e-10,7.418925895762679,7.244069064650773,3
CP_REPO_RECENT_SLOPE,top_10pct_random_gate,shuffled_perturbation_magnitude,high_within_block_dispersion,ex_post_descriptive,10,68973,6827,0.0988676005067096,122.74661640611995,122.75816692459608,-0.0115505184760818,0.0,0.0360824978299433,7.686566231278899e-08,1.1105106232479555e-09,7.774386595818832,7.222256251315491,5
RANDOM_GATE_PLACEBO_REPO,top_20pct_random_gate,shuffled_perturbation_magnitude,high_within_block_dispersion,ex_post_descriptive,10,68973,13735,0.1994115460356958,122.74661640611995,122.76240695045946,-0.0157905443394895,0.0,0.0771407507630635,1.7607714089544005e-06,3.4871680054885037e-09,7.048221832932877,5.444166715115388,4
RAW_CP_REPO_PLUS_PM,top_10pct_random_gate,shuffled_perturbation_magnitude,high_within_block_dispersion,ex_post_descriptive,10,68973,6786,0.0985515977907938,122.74661640611995,122.76616915802032,-0.0195527519003689,0.0,0.0367645724602661,1.2099439742477249e-06,1.5845681820666851e-09,7.905131327977784,7.322386987162456,3
SHUFFLED_LAG_PM_PLACEBO_REPO,top_20pct_random_gate,shuffled_perturbation_magnitude,high_within_block_dispersion,ex_post_descriptive,10,68973,13730,0.1986818508253225,122.74661640611995,122.7684060991721,-0.0217896930521299,0.0,0.0762120148454776,1.195917666532004e-06,3.692647918226703e-09,6.90222170045422,6.105562337665852,6
CP_REPO_RECENT_SLOPE,top_20pct_random_gate,shuffled_perturbation_magnitude,high_within_block_dispersion,ex_post_descriptive,10,68973,13856,0.2009689409393051,122.74661640611995,122.76996762011052,-0.0233512139905499,0.0,0.0729399607932509,2.694980259047517e-07,3.2558566527319573e-09,7.567257758653119,7.245007059062146,3
RANDOM_GATE_PLACEBO_REPO,top_30pct_random_gate,shuffled_perturbation_magnitude,high_within_block_dispersion,ex_post_descriptive,10,68973,20706,0.3004359034116409,122.74661640611995,122.7750742653923,-0.0284578592723248,0.0,0.1159330799900142,2.525138316786533e-06,4.477779497137966e-09,7.096655938035438,5.418479922752597,4
CP_REPO_RECENT_SLOPE,top_30pct_random_gate,shuffled_perturbation_magnitude,high_within_block_dispersion,ex_post_descriptive,10,68973,20714,0.3002295329732106,122.74661640611995,122.77578414458536,-0.029167738465376,0.0,0.1088772297760445,3.888398583198362e-07,4.396106277536985e-09,7.438790235102528,7.268501524942084,3
CP_REPO_HAAR_SHAPE,top_10pct_random_gate,shuffled_perturbation_magnitude,high_within_block_dispersion,ex_post_descriptive,10,68973,6824,0.0988062463960456,122.74661640611995,122.7810599486508,-0.0344435425308165,0.0,0.038109070040793,1.6694988541381768e-06,2.722443840005314e-09,10.254384985036356,8.066177207310618,4
SHUFFLED_LAG_PM_PLACEBO_REPO,top_30pct_random_gate,shuffled_perturbation_magnitude,high_within_block_dispersion,ex_post_descriptive,10,68973,20618,0.2988188644661994,122.74661640611995,122.78530725740492,-0.0386908512849303,0.0,0.1139873040595564,1.8102944075428115e-06,5.307486122696855e-09,7.058951512900006,6.082086988207235,4
CP_REPO_HAAR_SHAPE,top_20pct_random_gate,shuffled_perturbation_magnitude,high_within_block_dispersion,ex_post_descriptive,10,68973,13628,0.1977655335115095,122.74661640611995,122.82923932859276,-0.082622922472776,0.0,0.0765960036517877,3.1779582088505065e-06,6.1017180522827274e-09,10.53159162003936,8.071876791504947,2
CP_REPO_HAAR_SHAPE,top_30pct_random_gate,shuffled_perturbation_magnitude,high_within_block_dispersion,ex_post_descriptive,10,68973,20636,0.2992380104113528,122.74661640611995,122.87804320065108,-0.1314267945311069,0.0,0.1148967921906322,4.8839001862831135e-06,9.33453488759293e-09,10.479741598820636,8.062235207639416,3
CP_REPO_GATED_RIDGE_OPS_C,top_5pct_random_gate,shuffled_perturbation_magnitude,inflection_points,ex_post_descriptive,10,144895,7169,0.0494461549218903,91.94016361609246,91.9379014773975,0.0022621386949623,0.0,0.0225874921265901,2.5439357373201004e-07,1.3756142127557064e-09,6.780433859805948,6.386568124736658,6
CP_REPO_OPS_HG,top_5pct_random_gate,shuffled_perturbation_magnitude,inflection_points,ex_post_descriptive,10,144895,7187,0.0496278111612158,91.94016361609246,91.94794938615212,-0.0077857700596497,0.0,0.0218358819356949,2.137557223958581e-07,1.2911832981282167e-09,9.380561900178051,9.02435396723264,4
RANDOM_GATE_PLACEBO_REPO,top_5pct_random_gate,shuffled_perturbation_magnitude,inflection_points,ex_post_descriptive,10,144895,7162,0.0495074073971197,91.94016361609246,91.94942995872768,-0.0092663426352114,0.0,0.0218224688058884,3.9500408086532384e-08,6.523767011520906e-10,4.945424903986923,4.661934785152639,4
SHUFFLED_LAG_PM_PLACEBO_REPO,top_5pct_random_gate,shuffled_perturbation_magnitude,inflection_points,ex_post_descriptive,10,144895,7082,0.0489348800763336,91.94016361609246,91.95612019523556,-0.0159565791430884,0.0,0.0210804833485178,4.5322665037536534e-08,9.754571092180904e-10,5.3165964584118335,4.82772318936599,4
RANDOM_GATE_PLACEBO_REPO,top_10pct_random_gate,shuffled_perturbation_magnitude,inflection_points,ex_post_descriptive,10,144895,14373,0.0993015118469479,91.94016361609246,91.95734654822355,-0.0171829321311025,0.0,0.0432200485363317,6.543984973462298e-08,9.375819975947151e-10,4.9885402014834686,4.650427948898015,2
SHUFFLED_LAG_PM_PLACEBO_REPO,top_10pct_random_gate,shuffled_perturbation_magnitude,inflection_points,ex_post_descriptive,10,144895,14299,0.0987045172387963,91.94016361609246,91.9579352791722,-0.01777166307973,0.0,0.0427144022274927,7.168080146919914e-08,1.1841275114318027e-09,5.144932833388116,4.81507385058224,4
CP_REPO_OPS_HG,top_10pct_random_gate,shuffled_perturbation_magnitude,inflection_points,ex_post_descriptive,10,144895,14245,0.0983272156579012,91.94016361609246,91.9582659217762,-0.0181023056837486,0.0,0.0430685701458402,4.164106527605689e-07,1.6120146763060499e-09,9.40734147992548,9.016244569287492,5
CP_REPO_RECENT_SLOPE,top_5pct_random_gate,shuffled_perturbation_magnitude,inflection_points,ex_post_descriptive,10,144895,7176,0.0495310061756175,91.94016361609246,91.9587650657233,-0.0186014496308362,0.0,0.0208688076817221,-1.3515302547210938e-07,2.3543767297826067e-10,6.0338177218106726,5.706769805703219,2
RAW_CP_REPO_PLUS_PM,top_5pct_random_gate,shuffled_perturbation_magnitude,inflection_points,ex_post_descriptive,10,144895,7256,0.0500581428777517,91.94016361609246,91.9590546179384,-0.0188910018459156,0.0,0.0208991974721132,-4.165572902847109e-09,2.6210026444488596e-10,6.509816999147345,6.019183722125342,2
CP_REPO_GATED_RIDGE_OPS_C,top_10pct_random_gate,shuffled_perturbation_magnitude,inflection_points,ex_post_descriptive,10,144895,14395,0.0993945414481094,91.94016361609246,91.96136024043248,-0.0211966243400252,0.0,0.0440980318344221,7.996771245793925e-08,1.1815014572099154e-09,6.937237876992673,6.3929970789987935,3
CP_REPO_HAAR_SHAPE,top_5pct_random_gate,shuffled_perturbation_magnitude,inflection_points,ex_post_descriptive,10,144895,7161,0.0495190757877558,91.94016361609246,91.9678330728215,-0.0276694567290391,0.0,0.0213075014696545,-1.6226421700588883e-08,1.551946864727272e-09,7.485413895706569,6.730121363183622,0
CP_REPO_RECENT_SLOPE,top_10pct_random_gate,shuffled_perturbation_magnitude,inflection_points,ex_post_descriptive,10,144895,14441,0.0996429657690194,91.94016361609246,91.969145482533,-0.0289818664405329,0.0,0.0421120801894632,-2.132337116455478e-07,6.813190754311105e-10,5.964179271481529,5.69993208505058,4
SHUFFLED_LAG_PM_PLACEBO_REPO,top_20pct_random_gate,shuffled_perturbation_magnitude,inflection_points,ex_post_descriptive,10,144895,28697,0.1981052529099024,91.94016361609246,91.96958911180585,-0.0294254957133817,0.0,0.0861268450376372,1.5577063087292352e-07,2.1257008654727633e-09,5.117284574128716,4.810087458865544,2
CP_REPO_OPS_HG,top_20pct_random_gate,shuffled_perturbation_magnitude,inflection_points,ex_post_descriptive,10,144895,28732,0.1983498290079619,91.94016361609246,91.97549779123683,-0.0353341751443794,0.0,0.0863335358400567,8.311391161297928e-07,4.012492558909849e-09,9.263361264623668,9.0264909201544,4
RANDOM_GATE_PLACEBO_REPO,top_20pct_random_gate,shuffled_perturbation_magnitude,inflection_points,ex_post_descriptive,10,144895,28722,0.1982699397615564,91.94016361609246,91.9783065563126,-0.0381429402201249,0.0,0.0858951284635475,5.4890323504733894e-08,2.021390275733532e-09,5.106102247826994,4.623281818522512,2
CP_REPO_HAAR_SHAPE,top_10pct_random_gate,shuffled_perturbation_magnitude,inflection_points,ex_post_descriptive,10,144895,14397,0.0995363170995839,91.94016361609246,91.978790327077,-0.038626710984537,0.0,0.042792060045912,5.1733725830573694e-08,2.737649839460705e-09,7.207895523051926,6.7295557540001925,2
RAW_CP_REPO_PLUS_PM,top_10pct_random_gate,shuffled_perturbation_magnitude,inflection_points,ex_post_descriptive,10,144895,14436,0.099623223553041,91.94016361609246,91.98088299969577,-0.0407193836032903,0.0,0.0415998543159837,-2.8942959120795385e-08,9.861587585746147e-10,6.449294866208939,6.019396622491527,1
CP_REPO_RECENT_SLOPE,top_20pct_random_gate,shuffled_perturbation_magnitude,inflection_points,ex_post_descriptive,10,144895,28933,0.1997398965319229,91.94016361609246,91.98610485625974,-0.0459412401672914,0.0,0.0853123636565343,-3.1073979972586e-07,1.865026067481737e-09,5.947580991460302,5.688459533124313,2
CP_REPO_GATED_RIDGE_OPS_C,top_20pct_random_gate,shuffled_perturbation_magnitude,inflection_points,ex_post_descriptive,10,144895,28808,0.1988323221371128,91.94016361609246,91.98615176917497,-0.0459881530824919,0.0,0.0880550838940362,1.6177309116952172e-07,2.482156485556571e-09,6.938074257532404,6.405540606313447,2
CP_REPO_OPS_HG,top_30pct_random_gate,shuffled_perturbation_magnitude,inflection_points,ex_post_descriptive,10,144895,43189,0.298184558449783,91.94016361609246,91.98661780475724,-0.0464541886647909,0.0,0.1293004348340408,1.427174965683536e-06,7.756068783179701e-09,9.22070530834707,9.001000469548625,4
SHUFFLED_LAG_PM_PLACEBO_REPO,top_30pct_random_gate,shuffled_perturbation_magnitude,inflection_points,ex_post_descriptive,10,144895,43068,0.297280474830811,91.94016361609246,91.99228950566004,-0.0521258895675567,0.0,0.1297107546728839,2.0524623135651162e-07,2.7940140697873803e-09,5.201387500305366,4.817428180825969,3
CP_REPO_HAAR_SHAPE,top_20pct_random_gate,shuffled_perturbation_magnitude,inflection_points,ex_post_descriptive,10,144895,28866,0.19939659446115,91.94016361609246,92.00262558687793,-0.0624619707854437,0.0,0.0861908669483471,2.453806930779274e-07,5.592589337340225e-09,7.23854864891068,6.717959378894892,2
RAW_CP_REPO_PLUS_PM,top_20pct_random_gate,shuffled_perturbation_magnitude,inflection_points,ex_post_descriptive,10,144895,28865,0.1992928645672332,91.94016361609246,92.00496118515574,-0.0647975690632756,0.0,0.0842902583903394,4.2684215905081445e-08,1.9544544974012473e-09,6.381158951386487,6.010705978938249,0
RANDOM_GATE_PLACEBO_REPO,top_30pct_random_gate,shuffled_perturbation_magnitude,inflection_points,ex_post_descriptive,10,144895,43314,0.2989786016211622,91.94016361609246,92.01017823568034,-0.0700146195878846,0.0,0.1291084227747599,-2.3286727624671637e-09,2.8292610350902334e-09,5.101269063564435,4.632796636002262,1
CP_REPO_GATED_RIDGE_OPS_C,top_30pct_random_gate,shuffled_perturbation_magnitude,inflection_points,ex_post_descriptive,10,144895,43136,0.2977155686899483,91.94016361609246,92.01447404459184,-0.0743104284993851,0.0,0.1313493409251536,1.7930302077343054e-07,3.191134688157448e-09,6.987421378102535,6.394453860339077,2
CP_REPO_RECENT_SLOPE,top_30pct_random_gate,shuffled_perturbation_magnitude,inflection_points,ex_post_descriptive,10,144895,43436,0.2996997521096151,91.94016361609246,92.0168914548567,-0.0767278387642398,0.0,0.1284694597100108,-5.44151744938536e-07,2.7099851158940742e-09,5.987159452260318,5.6856314272516135,3
RAW_CP_REPO_PLUS_PM,top_30pct_random_gate,shuffled_perturbation_magnitude,inflection_points,ex_post_descriptive,10,144895,43366,0.2992923558116698,91.94016361609246,92.03807663978544,-0.0979130236929887,0.0,0.1268367343828217,-4.2373485935399736e-08,2.6241870223706043e-09,6.366919216163305,6.025502567476549,0
CP_REPO_HAAR_SHAPE,top_30pct_random_gate,shuffled_perturbation_magnitude,inflection_points,ex_post_descriptive,10,144895,43252,0.2986659699794573,91.94016361609246,92.04388706307812,-0.1037234469856716,0.0,0.1285473649339688,3.6788563652686973e-07,8.300268100491967e-09,7.29367589186973,6.70935766377598,1
RANDOM_GATE_PLACEBO_REPO,top_5pct_random_gate,shuffled_perturbation_magnitude,older_spike_position,ex_post_descriptive,10,108875,5539,0.0508764580679551,98.42624044954538,98.43465537247036,-0.0084149229249604,0.0,0.0211579716325223,6.09464598119925e-08,-1.365261826277118e-09,5.039839375814057,4.573565878118596,3
CP_REPO_GATED_RIDGE_OPS_C,top_5pct_random_gate,shuffled_perturbation_magnitude,older_spike_position,ex_post_descriptive,10,108875,5438,0.0499806680747351,98.42624044954538,98.43475118343196,-0.0085107338865991,0.0,0.0213563819137574,9.735557727295473e-08,-2.8022388268849625e-11,5.403946904942283,4.575106449062704,4
CP_REPO_OPS_HG,top_5pct_random_gate,shuffled_perturbation_magnitude,older_spike_position,ex_post_descriptive,10,108875,5495,0.0505400396449226,98.42624044954538,98.43559253268828,-0.0093520831429086,0.0,0.0210067001798418,1.3339619465443748e-07,8.14086603256713e-10,6.6329375463380185,6.144973601095818,5
RAW_CP_REPO_PLUS_PM,top_5pct_random_gate,shuffled_perturbation_magnitude,older_spike_position,ex_post_descriptive,10,108875,5469,0.050175542653852,98.42624044954538,98.4369625022945,-0.0107220527491311,0.0,0.0201353356072588,-1.3516715699456718e-07,-1.9679058695779542e-10,6.376171883772735,6.083103930914136,5
SHUFFLED_LAG_PM_PLACEBO_REPO,top_5pct_random_gate,shuffled_perturbation_magnitude,older_spike_position,ex_post_descriptive,10,108875,5473,0.0502019486181871,98.42624044954538,98.43920784492262,-0.0129673953772506,0.0,0.0209853538541658,1.418729438447625e-07,5.016656789456909e-10,5.322635890462362,4.834108852992356,4
RANDOM_GATE_PLACEBO_REPO,top_10pct_random_gate,shuffled_perturbation_magnitude,older_spike_position,ex_post_descriptive,10,108875,10993,0.1009111317376823,98.42624044954538,98.4394730172331,-0.0132325676877262,0.0,0.0423518270229182,1.9950129775582886e-07,-1.2920798143786774e-09,5.068567778917772,4.558988804048292,4
CP_REPO_RECENT_SLOPE,top_5pct_random_gate,shuffled_perturbation_magnitude,older_spike_position,ex_post_descriptive,10,108875,5450,0.0500773576423256,98.42624044954538,98.44251904938294,-0.0162785998375656,0.0,0.0204335079055205,6.297699353403746e-08,1.65961968331344e-10,4.917858047624383,4.376298629951849,3
CP_REPO_OPS_HG,top_10pct_random_gate,shuffled_perturbation_magnitude,older_spike_position,ex_post_descriptive,10,108875,10885,0.0999904414844431,98.42624044954538,98.44288523699264,-0.0166447874472785,0.0,0.0420261927330171,2.4381758986155306e-07,1.4286371139416402e-09,6.622346226729403,6.14021769735573,4
SHUFFLED_LAG_PM_PLACEBO_REPO,top_10pct_random_gate,shuffled_perturbation_magnitude,older_spike_position,ex_post_descriptive,10,108875,10922,0.100305298587919,98.42624044954538,98.4431719379378,-0.0169314883924181,0.0,0.0418013909115691,2.938353794101429e-07,6.069298564711832e-10,5.204567950640024,4.829953185039328,3
CP_REPO_GATED_RIDGE_OPS_C,top_10pct_random_gate,shuffled_perturbation_magnitude,older_spike_position,ex_post_descriptive,10,108875,10914,0.1002355895929633,98.42624044954538,98.44578982876531,-0.0195493792199491,0.0,0.043345881237219,1.611062209744377e-07,-1.9422627362191763e-10,5.43605449639807,4.575334255910759,2
CP_REPO_GATED_RIDGE_OPS_C,top_20pct_random_gate,shuffled_perturbation_magnitude,older_spike_position,ex_post_descriptive,10,108875,21693,0.1991821874756542,98.42624044954538,98.45451077982594,-0.0282703302805578,0.0,0.0864863828681401,4.280985275280261e-07,3.8816335966584256e-10,5.369959277150132,4.57522270655849,3
CP_REPO_RECENT_SLOPE,top_10pct_random_gate,shuffled_perturbation_magnitude,older_spike_position,ex_post_descriptive,10,108875,10939,0.1004962973887833,98.42624044954538,98.4550378525202,-0.0287974029748268,0.0,0.0408404151358944,1.376972196973352e-07,4.66632960432243e-10,4.858032006548831,4.366851173145913,4
CP_REPO_HAAR_SHAPE,top_5pct_random_gate,shuffled_perturbation_magnitude,older_spike_position,ex_post_descriptive,10,108875,5499,0.0504677541659885,98.42624044954538,98.45796887733228,-0.0317284277869132,0.0,0.0212002488345146,1.1914000029582153e-07,4.824769232672751e-10,8.349910313881356,6.673919437175451,2
SHUFFLED_LAG_PM_PLACEBO_REPO,top_20pct_random_gate,shuffled_perturbation_magnitude,older_spike_position,ex_post_descriptive,10,108875,21786,0.1999599432348596,98.42624044954538,98.46121595596976,-0.0349755064243691,0.0,0.0829924779675987,5.181041645057483e-07,8.385545459541709e-10,5.168896163436436,4.833306417935473,2
CP_REPO_OPS_HG,top_20pct_random_gate,shuffled_perturbation_magnitude,older_spike_position,ex_post_descriptive,10,108875,21706,0.1993487568324779,98.42624044954538,98.469198540975,-0.042958091429598,0.0,0.0825728098836071,3.671462667562857e-07,2.068549902816441e-09,6.56112375254822,6.141501689319522,5
CP_REPO_GATED_RIDGE_OPS_C,top_30pct_random_gate,shuffled_perturbation_magnitude,older_spike_position,ex_post_descriptive,10,108875,32661,0.2998919329412149,98.42624044954538,98.4698645296982,-0.0436240801528468,0.0,0.1299116140647831,7.197872173900937e-07,8.446706119724335e-10,5.367554946702507,4.571850956280807,2
RAW_CP_REPO_PLUS_PM,top_10pct_random_gate,shuffled_perturbation_magnitude,older_spike_position,ex_post_descriptive,10,108875,10972,0.1007534987237843,98.42624044954538,98.47000328666574,-0.0437628371203725,0.0,0.0399959763069929,-4.216954714926502e-07,1.5497854596581766e-10,6.594113997609645,6.085696970084656,2
RANDOM_GATE_PLACEBO_REPO,top_20pct_random_gate,shuffled_perturbation_magnitude,older_spike_position,ex_post_descriptive,10,108875,21875,0.2008161664421322,98.42624044954538,98.4804084650048,-0.0541680154594419,0.0,0.0835712823457001,1.918207037872148e-07,-9.114080518851285e-10,5.277823670966065,4.558631064594287,1
CP_REPO_HAAR_SHAPE,top_10pct_random_gate,shuffled_perturbation_magnitude,older_spike_position,ex_post_descriptive,10,108875,10951,0.1005571869443522,98.42624044954538,98.48311124759188,-0.0568707980465221,0.0,0.0418137618501488,1.5066606035559837e-07,7.678270683451851e-10,7.945387604374464,6.674977340882409,0
CP_REPO_RECENT_SLOPE,top_20pct_random_gate,shuffled_perturbation_magnitude,older_spike_position,ex_post_descriptive,10,108875,21780,0.200149075479645,98.42624044954538,98.49665753392092,-0.070417084375555,0.0,0.0812586395823426,2.1653272493634762e-07,8.672662531984316e-10,4.923716312839038,4.36180687391953,2
SHUFFLED_LAG_PM_PLACEBO_REPO,top_30pct_random_gate,shuffled_perturbation_magnitude,older_spike_position,ex_post_descriptive,10,108875,32704,0.300358308732727,98.42624044954538,98.49739782335152,-0.0711573738061755,0.0,0.1239752954674045,7.583939134904878e-07,1.1734359726985583e-09,5.306628458089499,4.824784476923159,2
CP_REPO_OPS_HG,top_30pct_random_gate,shuffled_perturbation_magnitude,older_spike_position,ex_post_descriptive,10,108875,32590,0.2994088998204601,98.42624044954538,98.50574870072096,-0.0795082511756013,0.0,0.1233500773622753,5.799426653149595e-07,3.332738221208154e-09,6.624257040847722,6.134684340629436,3
RAW_CP_REPO_PLUS_PM,top_20pct_random_gate,shuffled_perturbation_magnitude,older_spike_position,ex_post_descriptive,10,108875,21807,0.2001340574751862,98.42624044954538,98.50818525521508,-0.0819448056697011,0.0,0.0805139212010547,-7.011779888349854e-07,7.527288966555143e-10,6.608423243416063,6.093997460751983,0
RANDOM_GATE_PLACEBO_REPO,top_30pct_random_gate,shuffled_perturbation_magnitude,older_spike_position,ex_post_descriptive,10,108875,32831,0.3014357988590088,98.42624044954538,98.51641559333156,-0.0901751437862093,0.0,0.1249371797464486,1.2137767619890568e-07,-1.3249402160033155e-09,5.264422653368558,4.58104419239622,0
CP_REPO_RECENT_SLOPE,top_30pct_random_gate,shuffled_perturbation_magnitude,older_spike_position,ex_post_descriptive,10,108875,32696,0.3004719550649129,98.42624044954538,98.53848790512234,-0.1122474555769524,0.0,0.1222745785471433,2.97996895479231e-07,1.6106981518921747e-09,4.938429787966284,4.371849577507547,3
CP_REPO_HAAR_SHAPE,top_20pct_random_gate,shuffled_perturbation_magnitude,older_spike_position,ex_post_descriptive,10,108875,21834,0.2004653892948834,98.42624044954538,98.54966247953357,-0.1234220299881942,0.0,0.0826268017590294,-8.635728052935215e-09,-2.0513331907443416e-10,7.929226006049338,6.67634856535877,0
RAW_CP_REPO_PLUS_PM,top_30pct_random_gate,shuffled_perturbation_magnitude,older_spike_position,ex_post_descriptive,10,108875,32649,0.299729481569457,98.42624044954538,98.55930955805437,-0.1330691085089907,0.0,0.1203653906766454,-1.1444711549063562e-06,8.760492527364927e-10,6.656485495115663,6.104851601698488,0
CP_REPO_HAAR_SHAPE,top_30pct_random_gate,shuffled_perturbation_magnitude,older_spike_position,ex_post_descriptive,10,108875,32835,0.3015807285137641,98.42624044954538,98.61426077308477,-0.1880203235393837,0.0,0.1238706179899198,1.6471517549141834e-07,2.0378940475290456e-09,7.985124201684965,6.654769193232331,0
CP_REPO_OPS_HG,top_30pct_random_gate,shuffled_perturbation_magnitude,recent_ramp_high_dispersion,ex_post_descriptive,10,24273,7234,0.2980587044572486,120.08880512780316,119.6243034000356,0.4645017277675439,0.0,0.1302660046511844,1.852923891913599e-05,3.036712525508857e-08,13.045178652177674,13.45544060490981,9
RAW_CP_REPO_PLUS_PM,top_30pct_random_gate,shuffled_perturbation_magnitude,recent_ramp_high_dispersion,ex_post_descriptive,10,24273,7089,0.292335349587864,120.08880512780316,119.79681537631484,0.2919897514883186,0.0,0.1264433329054927,1.0502995829327228e-05,2.4430340803353556e-08,7.124914501340905,7.896612374626525,9
CP_REPO_HAAR_SHAPE,top_30pct_random_gate,shuffled_perturbation_magnitude,recent_ramp_high_dispersion,ex_post_descriptive,10,24273,7206,0.296812471775252,120.08880512780316,119.81411597747253,0.2746891503306366,0.0,0.1265223589839777,9.04322081408026e-06,2.856238677360193e-08,6.6257264525419,7.504643524417716,8
CP_REPO_RECENT_SLOPE,top_30pct_random_gate,shuffled_perturbation_magnitude,recent_ramp_high_dispersion,ex_post_descriptive,10,24273,7225,0.2976077562566571,120.08880512780316,119.84789199907614,0.2409131287270212,0.0,0.1277892886994057,4.287350769061488e-06,1.5074771167713262e-08,7.896121548623919,8.197320956758611,8
CP_REPO_OPS_HG,top_20pct_random_gate,shuffled_perturbation_magnitude,recent_ramp_high_dispersion,ex_post_descriptive,10,24273,4759,0.1962035494221751,120.08880512780316,119.850489733368,0.2383153944351581,0.0,0.085510519383711,1.1500380491536204e-05,1.3698781213397445e-08,13.677916509425827,13.414202960123754,8
SHUFFLED_LAG_PM_PLACEBO_REPO,top_30pct_random_gate,shuffled_perturbation_magnitude,recent_ramp_high_dispersion,ex_post_descriptive,10,24273,7224,0.2977159622537418,120.08880512780316,119.90403440788494,0.1847707199182282,0.0,0.1319294122439976,4.283118164952687e-06,1.5937577811335013e-08,4.82879919695602,5.079116946204687,10
CP_REPO_HAAR_SHAPE,top_20pct_random_gate,shuffled_perturbation_magnitude,recent_ramp_high_dispersion,ex_post_descriptive,10,24273,4768,0.1963602880154668,120.08880512780316,119.9135616811628,0.175243446640388,0.0,0.0836104253926118,5.739461654965199e-06,1.9146630621828784e-08,6.724133562758705,7.500215615320604,8
RAW_CP_REPO_PLUS_PM,top_20pct_random_gate,shuffled_perturbation_magnitude,recent_ramp_high_dispersion,ex_post_descriptive,10,24273,4746,0.1958082902804949,120.08880512780316,119.91565410562232,0.1731510221808463,0.0,0.0844100271803005,6.577851905920366e-06,1.3601369016249026e-08,7.199357354844826,7.884136242743165,9
CP_REPO_RECENT_SLOPE,top_20pct_random_gate,shuffled_perturbation_magnitude,recent_ramp_high_dispersion,ex_post_descriptive,10,24273,4822,0.1988544863166575,120.08880512780316,119.9261006551438,0.1627044726593627,0.0,0.0851265697158803,2.8176874511121866e-06,9.634789169988824e-09,8.05624391917534,8.156377219711567,8
RANDOM_GATE_PLACEBO_REPO,top_30pct_random_gate,shuffled_perturbation_magnitude,recent_ramp_high_dispersion,ex_post_descriptive,10,24273,7269,0.2996623479933964,120.08880512780316,119.95261183835116,0.136193289452002,0.0,0.1269364445932607,3.984409810408999e-06,1.4578156839287231e-08,5.18720026901106,5.01602750910583,7
CP_REPO_OPS_HG,top_10pct_random_gate,shuffled_perturbation_magnitude,recent_ramp_high_dispersion,ex_post_descriptive,10,24273,2325,0.0959988494524893,120.08880512780316,119.96387977541784,0.1249253523853137,0.0,0.0417052265073076,5.858201618342917e-06,5.134721296995478e-09,14.011083740131124,13.276175796084695,8
RANDOM_GATE_PLACEBO_REPO,top_20pct_random_gate,shuffled_perturbation_magnitude,recent_ramp_high_dispersion,ex_post_descriptive,10,24273,4899,0.2019879711648383,120.08880512780316,119.96995586550908,0.1188492622940905,0.0,0.0863400280514972,3.104764541958125e-06,1.1518291169440793e-08,5.009808721160058,5.017338488330904,7
SHUFFLED_LAG_PM_PLACEBO_REPO,top_20pct_random_gate,shuffled_perturbation_magnitude,recent_ramp_high_dispersion,ex_post_descriptive,10,24273,4805,0.1978243692354423,120.08880512780316,119.97575863396588,0.1130464938373029,0.0,0.087904833206121,2.5928862513138752e-06,1.0801791309571429e-08,4.760336944340724,5.117894338589268,9
CP_REPO_GATED_RIDGE_OPS_C,top_30pct_random_gate,shuffled_perturbation_magnitude,recent_ramp_high_dispersion,ex_post_descriptive,10,24273,7219,0.2975996607364738,120.08880512780316,119.9978674897056,0.0909376380975728,0.0,0.1242870099338209,4.6721289233221145e-06,6.249522234433733e-09,8.261405597059591,7.993724651573666,6
RAW_CP_REPO_PLUS_PM,top_10pct_random_gate,shuffled_perturbation_magnitude,recent_ramp_high_dispersion,ex_post_descriptive,10,24273,2322,0.095903875437253,120.08880512780316,120.00213115867746,0.0866739691257197,0.0,0.0408645783003445,3.098717938046275e-06,5.893073088224963e-09,6.797770804326338,7.851678844415682,6
CP_REPO_RECENT_SLOPE,top_10pct_random_gate,shuffled_perturbation_magnitude,recent_ramp_high_dispersion,ex_post_descriptive,10,24273,2318,0.0956307371234076,120.08880512780316,120.0157382139632,0.0730669138399838,0.0,0.040421329276711,1.2343119509317914e-06,3.8798250155318325e-09,8.154165307143185,8.123020342578886,6
RANDOM_GATE_PLACEBO_REPO,top_10pct_random_gate,shuffled_perturbation_magnitude,recent_ramp_high_dispersion,ex_post_descriptive,10,24273,2368,0.0975441986282075,120.08880512780316,120.02524637294304,0.0635587548601118,0.0,0.0425109301809433,1.7019146286153716e-06,5.074412162020479e-09,4.758747607165091,5.066722645098393,7
CP_REPO_GATED_RIDGE_OPS_C,top_20pct_random_gate,shuffled_perturbation_magnitude,recent_ramp_high_dispersion,ex_post_descriptive,10,24273,4791,0.1974057815177611,120.08880512780316,120.02894290393712,0.0598622238660611,0.0,0.0825834423231791,3.2587326209130337e-06,4.54429182366283e-09,8.039065212464457,7.976239672816267,7
CP_REPO_OPS_HG,top_5pct_random_gate,shuffled_perturbation_magnitude,recent_ramp_high_dispersion,ex_post_descriptive,10,24273,1102,0.0454893731308496,120.08880512780316,120.02991511760654,0.0588900101966355,0.0,0.0193266316740865,2.831552334971849e-06,4.2000099311589294e-09,14.98614396671635,13.213695000468174,7
SHUFFLED_LAG_PM_PLACEBO_REPO,top_10pct_random_gate,shuffled_perturbation_magnitude,recent_ramp_high_dispersion,ex_post_descriptive,10,24273,2356,0.0971149377737599,120.08880512780316,120.03246388764362,0.0563412401595496,0.0,0.0430540738028237,1.243040148366859e-06,4.691534437478788e-09,5.088327570073782,5.069184744238148,9
CP_REPO_HAAR_SHAPE,top_10pct_random_gate,shuffled_perturbation_magnitude,recent_ramp_high_dispersion,ex_post_descriptive,10,24273,2340,0.0964953502365957,120.08880512780316,120.04582173683896,0.0429833909641868,0.0,0.0402279567438035,2.4092166356720635e-06,7.792830548736509e-09,7.192111549477073,7.510207110286788,7
RAW_CP_REPO_PLUS_PM,top_5pct_random_gate,shuffled_perturbation_magnitude,recent_ramp_high_dispersion,ex_post_descriptive,10,24273,1166,0.0482349792563997,120.08880512780316,120.05174486090884,0.0370602668943134,0.0,0.0203666218535502,1.5688980680609774e-06,3.2467890276879613e-09,6.815819859226622,7.841554713301711,8
CP_REPO_GATED_RIDGE_OPS_C,top_10pct_random_gate,shuffled_perturbation_magnitude,recent_ramp_high_dispersion,ex_post_descriptive,10,24273,2330,0.095880574513859,120.08880512780316,120.05188266291913,0.0369224648840527,0.0,0.0401104336161457,1.74394804405451e-06,3.1683430933422714e-09,8.034065248356958,7.881994323041755,5
CP_REPO_HAAR_SHAPE,top_5pct_random_gate,shuffled_perturbation_magnitude,recent_ramp_high_dispersion,ex_post_descriptive,10,24273,1116,0.0460343532473419,120.08880512780316,120.05540498605782,0.0334001417453251,0.0,0.0202969293046433,1.2935168596422844e-06,3.635473574727554e-09,7.078287396910474,7.49431440149076,7
CP_REPO_GATED_RIDGE_OPS_C,top_5pct_random_gate,shuffled_perturbation_magnitude,recent_ramp_high_dispersion,ex_post_descriptive,10,24273,1130,0.0464671402907285,120.08880512780316,120.05827170389104,0.0305334239120973,0.0,0.0197642350127277,1.4849811427422858e-06,3.745132614478943e-09,8.171599943161123,7.887218748731835,6
RANDOM_GATE_PLACEBO_REPO,top_5pct_random_gate,shuffled_perturbation_magnitude,recent_ramp_high_dispersion,ex_post_descriptive,10,24273,1124,0.0462616365302375,120.08880512780316,120.061074113354,0.0277310144491687,0.0,0.0203275922484371,7.346851061468729e-07,2.320958243384527e-09,4.445258188090422,5.09050157224002,8
CP_REPO_RECENT_SLOPE,top_5pct_random_gate,shuffled_perturbation_magnitude,recent_ramp_high_dispersion,ex_post_descriptive,10,24273,1131,0.0466174274462012,120.08880512780316,120.06110321146544,0.027701916337706,0.0,0.0190477981429042,4.88125305087608e-07,1.812756315678497e-09,7.675062440082343,8.128175552373765,5
SHUFFLED_LAG_PM_PLACEBO_REPO,top_5pct_random_gate,shuffled_perturbation_magnitude,recent_ramp_high_dispersion,ex_post_descriptive,10,24273,1147,0.0473325852330093,120.08880512780316,120.06198343987168,0.0268216879314695,0.0,0.0207215601974907,6.830422632259797e-07,2.1904085105711453e-09,4.873509317765165,5.086481494724211,9
CP_REPO_OPS_HG,top_30pct_random_gate,shuffled_perturbation_magnitude,recent_spike_position,ex_post_descriptive,10,125370,37511,0.2992262711196977,105.29490877113508,105.19944716115728,0.0954616099778339,0.0,0.1256921271112797,4.688808136318155e-06,8.927639622031499e-09,9.128739414475474,9.16830131764866,8
RAW_CP_REPO_PLUS_PM,top_30pct_random_gate,shuffled_perturbation_magnitude,recent_spike_position,ex_post_descriptive,10,125370,37560,0.2990758541808565,105.29490877113508,105.21666261776662,0.0782461533684685,0.0,0.1270033870870232,3.139373136728401e-06,5.865841666125501e-09,5.473179565173213,5.586962280083332,9
RAW_CP_REPO_PLUS_PM,top_20pct_random_gate,shuffled_perturbation_magnitude,recent_spike_position,ex_post_descriptive,10,125370,25018,0.1992467573853988,105.29490877113508,105.23750847409036,0.0574002970447425,0.0,0.0848858947980833,2.159560295471102e-06,4.464391500694193e-09,5.443251057510944,5.590939054655914,9
CP_REPO_OPS_HG,top_20pct_random_gate,shuffled_perturbation_magnitude,recent_spike_position,ex_post_descriptive,10,125370,24928,0.1987171716067243,105.29490877113508,105.24756968123332,0.0473390899017905,0.0,0.0829822666747163,2.913892096145066e-06,4.400605785291778e-09,9.10747400548063,9.213087510829345,9
CP_REPO_HAAR_SHAPE,top_30pct_random_gate,shuffled_perturbation_magnitude,recent_spike_position,ex_post_descriptive,10,125370,37543,0.2994048653033264,105.29490877113508,105.25278957954797,0.0421191915871522,0.0,0.1243193262974801,2.277928043445366e-06,9.637860391807248e-09,5.874762673571794,5.923631050774175,7
CP_REPO_HAAR_SHAPE,top_20pct_random_gate,shuffled_perturbation_magnitude,recent_spike_position,ex_post_descriptive,10,125370,24966,0.1990940915522121,105.29490877113508,105.26082325733644,0.0340855137986564,0.0,0.0831726408619711,1.4962318702004304e-06,7.342075367275355e-09,5.855066311603175,5.929216277486744,8
CP_REPO_RECENT_SLOPE,top_30pct_random_gate,shuffled_perturbation_magnitude,recent_spike_position,ex_post_descriptive,10,125370,37540,0.2993859088757347,105.29490877113508,105.26539785113955,0.029510919995554,0.0,0.1301779181515013,1.941486776116345e-06,3.978778991509664e-09,5.343927661006491,5.076516198407556,8
RAW_CP_REPO_PLUS_PM,top_10pct_random_gate,shuffled_perturbation_magnitude,recent_spike_position,ex_post_descriptive,10,125370,12509,0.0997025148180308,105.29490877113508,105.26891487303952,0.0259938980955568,0.0,0.0418310899378612,1.006147581837248e-06,2.413937042099607e-09,5.340309168521416,5.585919600494849,9
CP_REPO_OPS_HG,top_10pct_random_gate,shuffled_perturbation_magnitude,recent_spike_position,ex_post_descriptive,10,125370,12518,0.0998111007083783,105.29490877113508,105.2707060719426,0.0242026991924913,0.0,0.0421811848531261,1.4425520609822869e-06,2.2466428535866263e-09,9.205982178454068,9.205941931911331,7
CP_REPO_RECENT_SLOPE,top_20pct_random_gate,shuffled_perturbation_magnitude,recent_spike_position,ex_post_descriptive,10,125370,24968,0.1992560936161777,105.29490877113508,105.27487687586132,0.0200318952737862,0.0,0.086831387025703,1.2896523074873542e-06,2.927183050504473e-09,5.360127536311652,5.082021208726113,8
CP_REPO_OPS_HG,top_5pct_random_gate,shuffled_perturbation_magnitude,recent_spike_position,ex_post_descriptive,10,125370,6244,0.0497934874106126,105.29490877113508,105.27917669768289,0.015732073452229,0.0,0.0210341175069824,7.188585244957192e-07,1.3398596936568923e-09,9.094196591042332,9.192690240530892,7
CP_REPO_GATED_RIDGE_OPS_C,top_20pct_random_gate,shuffled_perturbation_magnitude,recent_spike_position,ex_post_descriptive,10,125370,25147,0.2004038024142547,105.29490877113508,105.28038611391948,0.0145226572156143,0.0,0.0838069483620429,1.03886313934312e-06,3.558480730933365e-09,6.653679709801496,6.4912338768757305,8
RANDOM_GATE_PLACEBO_REPO,top_10pct_random_gate,shuffled_perturbation_magnitude,recent_spike_position,ex_post_descriptive,10,125370,12586,0.1003908919108491,105.29490877113508,105.28273015744765,0.0121786136874672,0.0,0.0422222908949007,4.0794903485458243e-07,1.6422982032024304e-09,3.91503435006105,3.997464946704105,7
CP_REPO_HAAR_SHAPE,top_10pct_random_gate,shuffled_perturbation_magnitude,recent_spike_position,ex_post_descriptive,10,125370,12522,0.0998595269888951,105.29490877113508,105.28324249641152,0.0116662747235585,0.0,0.0414914641628307,5.459195590385904e-07,3.4842147236262174e-09,5.816460133514203,5.9434330669634345,6
CP_REPO_RECENT_SLOPE,top_10pct_random_gate,shuffled_perturbation_magnitude,recent_spike_position,ex_post_descriptive,10,125370,12468,0.099322628863379,105.29490877113508,105.28541122788629,0.009497543248813,0.0,0.0429061270820644,6.175227367179501e-07,1.4821332531791516e-09,5.275904680485711,5.079929965397817,8
SHUFFLED_LAG_PM_PLACEBO_REPO,top_10pct_random_gate,shuffled_perturbation_magnitude,recent_spike_position,ex_post_descriptive,10,125370,12689,0.1012186835752979,105.29490877113508,105.28684173061632,0.0080670405187701,0.0,0.0431910351166475,5.365888959400381e-07,1.5316029790947511e-09,3.99917428823164,3.72577035038448,7
CP_REPO_GATED_RIDGE_OPS_C,top_30pct_random_gate,shuffled_perturbation_magnitude,recent_spike_position,ex_post_descriptive,10,125370,37683,0.3003356767780566,105.29490877113508,105.28701585485264,0.0078929162824638,0.0,0.1254063327480142,1.4070793107236276e-06,4.6076285825509655e-09,6.709557259013312,6.5045021447325695,5
CP_REPO_GATED_RIDGE_OPS_C,top_10pct_random_gate,shuffled_perturbation_magnitude,recent_spike_position,ex_post_descriptive,10,125370,12495,0.0996297760532523,105.29490877113508,105.28724293045028,0.0076658406848265,0.0,0.0416704068802683,5.533446296010865e-07,2.1926381205753292e-09,6.711190772087811,6.475109985829323,7
CP_REPO_HAAR_SHAPE,top_5pct_random_gate,shuffled_perturbation_magnitude,recent_spike_position,ex_post_descriptive,10,125370,6273,0.0499830957658662,105.29490877113508,105.287400947845,0.0075078232901263,0.0,0.0210183315206982,3.1542510169671173e-07,2.317254190778476e-09,5.807274158948675,5.940188724547715,6
RANDOM_GATE_PLACEBO_REPO,top_20pct_random_gate,shuffled_perturbation_magnitude,recent_spike_position,ex_post_descriptive,10,125370,25107,0.2000583898839322,105.29490877113508,105.28769721212092,0.0072115590141787,0.0,0.0829552130831719,7.683067765628369e-07,3.958281188579187e-09,4.101806176056899,3.98624767930733,4
SHUFFLED_LAG_PM_PLACEBO_REPO,top_5pct_random_gate,shuffled_perturbation_magnitude,recent_spike_position,ex_post_descriptive,10,125370,6394,0.0509549756195952,105.29490877113508,105.28822327648416,0.0066854946509226,0.0,0.0218383559394779,2.866005396185204e-07,1.1440591712633462e-09,3.803929574056691,3.733393336117794,7
RANDOM_GATE_PLACEBO_REPO,top_5pct_random_gate,shuffled_perturbation_magnitude,recent_spike_position,ex_post_descriptive,10,125370,6249,0.0497986220477056,105.29490877113508,105.28846555681903,0.0064432143160414,0.0,0.0208324450327915,1.5744085078592764e-07,9.71860175742646e-10,3.861714521375888,3.992747471864855,7
CP_REPO_RECENT_SLOPE,top_5pct_random_gate,shuffled_perturbation_magnitude,recent_spike_position,ex_post_descriptive,10,125370,6313,0.0502735493574872,105.29490877113508,105.28894565668972,0.0059631144453723,0.0,0.0218612462147195,3.2403313067933905e-07,9.52229337510023e-10,5.323198274785486,5.071029463543894,8
CP_REPO_GATED_RIDGE_OPS_C,top_5pct_random_gate,shuffled_perturbation_magnitude,recent_spike_position,ex_post_descriptive,10,125370,6262,0.0499122098272022,105.29490877113508,105.28908998157884,0.0058187895562565,0.0,0.0209938398864137,3.459281500427605e-07,1.9083369952081315e-09,6.70260906839714,6.484520696838364,7
RAW_CP_REPO_PLUS_PM,top_5pct_random_gate,shuffled_perturbation_magnitude,recent_spike_position,ex_post_descriptive,10,125370,6262,0.0498390227996115,105.29490877113508,105.28916055459544,0.0057482165396492,0.0,0.020853645446591,4.257407261450526e-07,8.529707927463101e-10,5.509790204978112,5.591013722769597,6
RANDOM_GATE_PLACEBO_REPO,top_30pct_random_gate,shuffled_perturbation_magnitude,recent_spike_position,ex_post_descriptive,10,125370,37468,0.298597992941123,105.29490877113508,105.29168929071454,0.0032194804205547,0.0,0.1237617894357826,1.0294987538332082e-06,5.011263651765936e-09,4.136892813837351,3.994272110108828,5
SHUFFLED_LAG_PM_PLACEBO_REPO,top_20pct_random_gate,shuffled_perturbation_magnitude,recent_spike_position,ex_post_descriptive,10,125370,25190,0.2008042868180166,105.29490877113508,105.29368185169062,0.0012269194444766,0.0,0.0855722833485878,1.0755465601428168e-06,3.553517234843269e-09,4.074275195510596,3.736602526852379,5
SHUFFLED_LAG_PM_PLACEBO_REPO,top_30pct_random_gate,shuffled_perturbation_magnitude,recent_spike_position,ex_post_descriptive,10,125370,37688,0.3004038595850066,105.29490877113508,105.29691619256366,-0.0020074214285601,0.0,0.1280317432842267,1.6020468553078172e-06,4.904399643839208e-09,4.120366343760528,3.730416072600158,5
CP_REPO_HAAR_SHAPE,top_30pct_random_gate,shuffled_perturbation_magnitude,same_average_different_path,ex_post_descriptive,10,7396,2236,0.3045362478218941,112.23405285559916,112.12407164297204,0.1099812126271243,0.0,0.1231004476781166,2.118651951814486e-06,1.1489927497590252e-09,6.145817479637734,6.501230853248417,7
RANDOM_GATE_PLACEBO_REPO,top_30pct_random_gate,shuffled_perturbation_magnitude,same_average_different_path,ex_post_descriptive,10,7396,2200,0.2975877583718946,112.23405285559916,112.1433837082688,0.090669147330369,0.0,0.1215064763832842,1.589186107817434e-06,2.5367228571577856e-11,4.286391540212375,4.327291498720438,7
SHUFFLED_LAG_PM_PLACEBO_REPO,top_30pct_random_gate,shuffled_perturbation_magnitude,same_average_different_path,ex_post_descriptive,10,7396,2236,0.3004321426272472,112.23405285559916,112.17932220488775,0.0547306507114275,0.0,0.1216266035293257,1.183518567941219e-06,-8.826545854879562e-10,3.937366832972796,4.316467739852149,7
CP_REPO_HAAR_SHAPE,top_20pct_random_gate,shuffled_perturbation_magnitude,same_average_different_path,ex_post_descriptive,10,7396,1490,0.2015137336129424,112.23405285559916,112.17955720815526,0.0544956474439171,0.0,0.0818587448889186,1.2865289740250897e-06,8.029101872080605e-10,6.286230524419382,6.524782696177567,8
RANDOM_GATE_PLACEBO_REPO,top_20pct_random_gate,shuffled_perturbation_magnitude,same_average_different_path,ex_post_descriptive,10,7396,1502,0.2034429950594276,112.23405285559916,112.17995750915952,0.0540953464396427,0.0,0.0824165727413589,6.587995199775084e-07,-9.832413098291604e-10,4.284285731718322,4.326555103376032,7
CP_REPO_HAAR_SHAPE,top_5pct_random_gate,shuffled_perturbation_magnitude,same_average_different_path,ex_post_descriptive,10,7396,356,0.0470995854905736,112.23405285559916,112.18328154554068,0.0507713100584938,0.0,0.0185847101137597,3.815422716627113e-07,6.721083175259595e-11,4.790873326323828,6.440615255955189,7
CP_REPO_HAAR_SHAPE,top_10pct_random_gate,shuffled_perturbation_magnitude,same_average_different_path,ex_post_descriptive,10,7396,768,0.1043420582869983,112.23405285559916,112.18478382540658,0.0492690301925706,0.0,0.0436092677685008,6.699846598592321e-07,3.6163277126308076e-10,6.4178862994844845,6.481767149500167,7
SHUFFLED_LAG_PM_PLACEBO_REPO,top_5pct_random_gate,shuffled_perturbation_magnitude,same_average_different_path,ex_post_descriptive,10,7396,378,0.0514634486286382,112.23405285559916,112.19243275908411,0.0416200965150753,0.0,0.0233635765152528,1.5611509052625908e-07,-2.7481121060566265e-10,3.184365247024875,4.185050013466665,7
RANDOM_GATE_PLACEBO_REPO,top_10pct_random_gate,shuffled_perturbation_magnitude,same_average_different_path,ex_post_descriptive,10,7396,738,0.1008044403292064,112.23405285559916,112.19979190064494,0.0342609549542515,0.0,0.0434383563059932,2.92628771577619e-07,8.33751745252346e-12,4.622808514207676,4.32760690685922,8
SHUFFLED_LAG_PM_PLACEBO_REPO,top_10pct_random_gate,shuffled_perturbation_magnitude,same_average_different_path,ex_post_descriptive,10,7396,761,0.1020759574975835,112.23405285559916,112.20468714154512,0.0293657140540408,0.0,0.0417343552674774,1.905270086334228e-07,-2.4542287124416795e-09,3.538504887449077,4.229919994291117,7
SHUFFLED_LAG_PM_PLACEBO_REPO,top_20pct_random_gate,shuffled_perturbation_magnitude,same_average_different_path,ex_post_descriptive,10,7396,1486,0.1998979881080889,112.23405285559916,112.20541156236058,0.028641293238606,0.0,0.0796255999053135,5.819378919254894e-07,-2.216753337414892e-09,3.991851196595012,4.230505569190222,7
RANDOM_GATE_PLACEBO_REPO,top_5pct_random_gate,shuffled_perturbation_magnitude,same_average_different_path,ex_post_descriptive,10,7396,365,0.0498305567758072,112.23405285559916,112.20827640209674,0.0257764535024116,0.0,0.0227783339004729,2.982153910715342e-07,1.4868066429247444e-10,3.746528789942373,4.333584842747011,7
CP_REPO_OPS_HG,top_5pct_random_gate,shuffled_perturbation_magnitude,same_average_different_path,ex_post_descriptive,10,7396,380,0.0515137748095391,112.23405285559916,112.22000714434026,0.0140457112588973,0.0,0.0219631621595225,4.763078742981288e-07,-2.4716057019967072e-11,9.385916672909604,8.388919722015645,5
CP_REPO_OPS_HG,top_10pct_random_gate,shuffled_perturbation_magnitude,same_average_different_path,ex_post_descriptive,10,7396,758,0.1008195101504983,112.23405285559916,112.22297233687353,0.0110805187256509,0.0,0.0431322239317412,8.455416271398766e-07,-4.848826569248781e-10,9.91638635580857,8.36094828753144,6
CP_REPO_GATED_RIDGE_OPS_C,top_20pct_random_gate,shuffled_perturbation_magnitude,same_average_different_path,ex_post_descriptive,10,7396,1469,0.1974564488395812,112.23405285559916,112.22870852538328,0.0053443302158733,0.0,0.0811638297049857,1.0928029538160031e-06,2.8487611692096252e-09,6.705634536219279,5.680293021759594,6
CP_REPO_OPS_HG,top_20pct_random_gate,shuffled_perturbation_magnitude,same_average_different_path,ex_post_descriptive,10,7396,1550,0.2081642203390721,112.23405285559916,112.2293984469484,0.004654408650777,0.0,0.0859264918577357,1.5016482397210712e-06,-2.380056658688978e-09,9.342006320090144,8.381802986851145,6
CP_REPO_GATED_RIDGE_OPS_C,top_10pct_random_gate,shuffled_perturbation_magnitude,same_average_different_path,ex_post_descriptive,10,7396,742,0.0998709201648748,112.23405285559916,112.23188609771248,0.002166757886706,0.0,0.0409301604745497,4.459081348147815e-07,7.788620904939311e-10,6.702933125750334,5.70269829809163,5
CP_REPO_GATED_RIDGE_OPS_C,top_5pct_random_gate,shuffled_perturbation_magnitude,same_average_different_path,ex_post_descriptive,10,7396,391,0.0520993299630096,112.23405285559916,112.2372369393768,-0.0031840837776521,0.0,0.0212176111389926,2.0731889148467438e-07,4.022871296537782e-10,6.993697609750221,5.74205245428602,6
CP_REPO_RECENT_SLOPE,top_5pct_random_gate,shuffled_perturbation_magnitude,same_average_different_path,ex_post_descriptive,10,7396,342,0.0454467752456092,112.23405285559916,112.23785607799182,-0.0038032223926365,0.0,0.0162390596636568,-1.9540377178557505e-07,-1.6864811266432615e-10,4.663448181822686,5.901907788044004,6
CP_REPO_GATED_RIDGE_OPS_C,top_30pct_random_gate,shuffled_perturbation_magnitude,same_average_different_path,ex_post_descriptive,10,7396,2193,0.2954180091992072,112.23405285559916,112.23975588403952,-0.0057030284403723,0.0,0.1242383970933624,1.253871537210645e-06,3.640877841708091e-09,6.842901105054237,5.705156455747823,6
CP_REPO_RECENT_SLOPE,top_10pct_random_gate,shuffled_perturbation_magnitude,same_average_different_path,ex_post_descriptive,10,7396,696,0.0940908566985718,112.23405285559916,112.25638746315704,-0.0223346075578554,0.0,0.0332025637763114,-4.85206563538901e-07,-6.371004573775579e-10,4.81886843004896,5.955968757047924,6
RAW_CP_REPO_PLUS_PM,top_30pct_random_gate,shuffled_perturbation_magnitude,same_average_different_path,ex_post_descriptive,10,7396,2223,0.2990278273604644,112.23405285559916,112.267310578489,-0.0332577228898142,0.0,0.1151286088650746,-6.626134867986382e-07,-3.181772847165684e-09,5.27358561557286,5.368303064431182,5
RAW_CP_REPO_PLUS_PM,top_20pct_random_gate,shuffled_perturbation_magnitude,same_average_different_path,ex_post_descriptive,10,7396,1507,0.2038176519933603,112.23405285559916,112.26949259561192,-0.0354397400127351,0.0,0.0773523955822264,-4.897099853768501e-07,-3.5738120072657675e-09,5.353251008973215,5.309057816257608,4
CP_REPO_OPS_HG,top_30pct_random_gate,shuffled_perturbation_magnitude,same_average_different_path,ex_post_descriptive,10,7396,2277,0.3053214825606058,112.23405285559916,112.27417420110962,-0.0401213455104572,0.0,0.1226775814870344,2.5420352878472385e-06,-2.427251668696549e-09,9.034204037312128,8.372286617518236,6
CP_REPO_RECENT_SLOPE,top_20pct_random_gate,shuffled_perturbation_magnitude,same_average_different_path,ex_post_descriptive,10,7396,1435,0.1934549386925384,112.23405285559916,112.27534794081716,-0.0412950852179865,0.0,0.0673748972167762,-1.3671729934107445e-06,-2.065770404172451e-09,5.543459617792832,5.945704427106441,5
RAW_CP_REPO_PLUS_PM,top_5pct_random_gate,shuffled_perturbation_magnitude,same_average_different_path,ex_post_descriptive,10,7396,395,0.0528982719148068,112.23405285559916,112.27749213337547,-0.0434392777763082,0.0,0.0190491086446554,-5.321026215153311e-07,-2.7861171420995436e-09,5.599178608427117,5.33766101437839,4
RAW_CP_REPO_PLUS_PM,top_10pct_random_gate,shuffled_perturbation_magnitude,same_average_different_path,ex_post_descriptive,10,7396,762,0.1025913716593791,112.23405285559916,112.2811514535737,-0.0470985979745272,0.0,0.0377516843901087,-3.940751666846461e-07,-3.098692042982346e-09,5.30873445783431,5.331425957393127,4
CP_REPO_RECENT_SLOPE,top_30pct_random_gate,shuffled_perturbation_magnitude,same_average_different_path,ex_post_descriptive,10,7396,2162,0.2921960069609411,112.23405285559916,112.3705760479847,-0.1365231923855278,0.0,0.0987161292621504,-2.5309708444094783e-06,-4.141007477969097e-09,5.80234716374884,5.932001201246251,4
SHUFFLED_LAG_PM_PLACEBO_REPO,top_5pct_random_gate,shuffled_perturbation_magnitude,stable_low_dispersion,ex_post_descriptive,10,68970,3467,0.050201610833088,80.15495874897937,80.16761217660154,-0.0126534276221738,0.0,0.0232113754942179,4.627422676302645e-08,9.030395296202767e-10,4.456366147422186,4.161152619003976,3
RANDOM_GATE_PLACEBO_REPO,top_5pct_random_gate,shuffled_perturbation_magnitude,stable_low_dispersion,ex_post_descriptive,10,68970,3590,0.051998838316341,80.15495874897937,80.16925337233083,-0.0142946233514647,0.0,0.0229655188931925,-1.3643227811484718e-07,2.4807619469350776e-10,4.1753737546705,4.115316426898045,2
CP_REPO_GATED_RIDGE_OPS_C,top_5pct_random_gate,shuffled_perturbation_magnitude,stable_low_dispersion,ex_post_descriptive,10,68970,3484,0.0506372975637531,80.15495874897937,80.17243104571837,-0.0174722967390024,0.0,0.0225999742714696,-1.856359170720486e-07,1.3052558155617443e-09,5.059633846147748,4.926389690924776,3
RANDOM_GATE_PLACEBO_REPO,top_10pct_random_gate,shuffled_perturbation_magnitude,stable_low_dispersion,ex_post_descriptive,10,68970,7012,0.1016712694925358,80.15495874897937,80.17360931005535,-0.0186505610759967,0.0,0.0444211649351968,-2.0761618043932601e-07,8.499595456897627e-10,4.030251089261541,4.105495084600944,1
CP_REPO_OPS_HG,top_5pct_random_gate,shuffled_perturbation_magnitude,stable_low_dispersion,ex_post_descriptive,10,68970,3428,0.0498110418438573,80.15495874897937,80.17726642656098,-0.0223076775816235,0.0,0.0217871587993296,-2.6196852046088284e-07,1.774934423767786e-09,7.045537635773362,7.187395300040267,1
SHUFFLED_LAG_PM_PLACEBO_REPO,top_10pct_random_gate,shuffled_perturbation_magnitude,stable_low_dispersion,ex_post_descriptive,10,68970,6937,0.1003175043976938,80.15495874897937,80.17836157023703,-0.023402821257663,0.0,0.0455712301474389,-3.4931835726225735e-08,1.1499024736745451e-09,4.386115804354324,4.153181691904574,3
CP_REPO_RECENT_SLOPE,top_5pct_random_gate,shuffled_perturbation_magnitude,stable_low_dispersion,ex_post_descriptive,10,68970,3451,0.0500152087788503,80.15495874897937,80.17992981307785,-0.0249710640984724,0.0,0.0233172384193942,-3.7966010569244224e-08,6.41306412989916e-11,5.444911299580211,4.592637097719626,5
CP_REPO_GATED_RIDGE_OPS_C,top_10pct_random_gate,shuffled_perturbation_magnitude,stable_low_dispersion,ex_post_descriptive,10,68970,6963,0.1009335321375349,80.15495874897937,80.18321811595501,-0.0282593669756473,0.0,0.0461814487639201,-2.951346928676575e-07,2.3822034338675314e-09,5.162910283702036,4.928307307991328,1
CP_REPO_RECENT_SLOPE,top_10pct_random_gate,shuffled_perturbation_magnitude,stable_low_dispersion,ex_post_descriptive,10,68970,6937,0.1005882581524997,80.15495874897937,80.18442138353828,-0.0294626345589192,0.0,0.0473432604290257,-6.173125607924721e-09,4.933006503825271e-10,5.196859176637479,4.58253242570692,4
CP_REPO_HAAR_SHAPE,top_5pct_random_gate,shuffled_perturbation_magnitude,stable_low_dispersion,ex_post_descriptive,10,68970,3576,0.0518109538683669,80.15495874897937,80.18478743115594,-0.0298286821765781,0.0,0.0223228797067803,-3.0830959331436965e-07,2.2078903738717203e-09,6.104083934110177,6.062414824800462,1
CP_REPO_HAAR_SHAPE,top_10pct_random_gate,shuffled_perturbation_magnitude,stable_low_dispersion,ex_post_descriptive,10,68970,7047,0.1020545679131664,80.15495874897937,80.19549051078924,-0.0405317618098636,0.0,0.0447790388745199,-6.152306009397853e-07,3.907388810739177e-09,6.069718031986524,6.051259678166589,2
SHUFFLED_LAG_PM_PLACEBO_REPO,top_20pct_random_gate,shuffled_perturbation_magnitude,stable_low_dispersion,ex_post_descriptive,10,68970,13780,0.1996046483007436,80.15495874897937,80.19839284989733,-0.0434341009179714,0.0,0.0897521392334364,-1.640544941793423e-07,2.004314822222664e-09,4.321561454755918,4.145596444654824,3
RAW_CP_REPO_PLUS_PM,top_5pct_random_gate,shuffled_perturbation_magnitude,stable_low_dispersion,ex_post_descriptive,10,68970,3427,0.0496356586913537,80.15495874897937,80.2048937465793,-0.0499349975999271,0.0,0.0207166555316931,-5.098880412023027e-07,-2.6572606581278826e-10,6.369024370038944,5.775892013865834,0
CP_REPO_OPS_HG,top_10pct_random_gate,shuffled_perturbation_magnitude,stable_low_dispersion,ex_post_descriptive,10,68970,6897,0.100227296954286,80.15495874897937,80.20779314804187,-0.0528343990625185,0.0,0.0443090328361121,-6.320731439902387e-07,3.2391222009544276e-09,7.418951895731736,7.186975134793174,1
RANDOM_GATE_PLACEBO_REPO,top_20pct_random_gate,shuffled_perturbation_magnitude,stable_low_dispersion,ex_post_descriptive,10,68970,13886,0.2010123158643476,80.15495874897937,80.20852649312341,-0.0535677441440637,0.0,0.0868380320027919,-7.119278761870911e-07,1.528704770029208e-09,4.095369470010869,4.098526161417949,1
CP_REPO_GATED_RIDGE_OPS_C,top_20pct_random_gate,shuffled_perturbation_magnitude,stable_low_dispersion,ex_post_descriptive,10,68970,13862,0.2004574624255179,80.15495874897937,80.21198478613006,-0.0570260371506928,0.0,0.0916354558729865,-5.734375133087568e-07,4.240026383949597e-09,5.101185598919285,4.957583149952556,0
RAW_CP_REPO_PLUS_PM,top_10pct_random_gate,shuffled_perturbation_magnitude,stable_low_dispersion,ex_post_descriptive,10,68970,6826,0.0989132623789622,80.15495874897937,80.21356526501017,-0.058606516030816,0.0,0.04229061870554,-8.283192874241523e-07,7.117737811654865e-10,6.022767882681516,5.76302462256832,0
CP_REPO_GATED_RIDGE_OPS_C,top_30pct_random_gate,shuffled_perturbation_magnitude,stable_low_dispersion,ex_post_descriptive,10,68970,20752,0.3005348693120793,80.15495874897937,80.22150889155776,-0.0665501425783795,0.0,0.1365710254304153,-8.273687688031595e-07,5.2095310756424e-09,5.047348747562844,4.92737051194873,2
CP_REPO_OPS_HG,top_20pct_random_gate,shuffled_perturbation_magnitude,stable_low_dispersion,ex_post_descriptive,10,68970,13842,0.2006530700348086,80.15495874897937,80.22663884758796,-0.0716800986086075,0.0,0.0882448272280224,-1.087580774150135e-06,4.973527464773303e-09,7.21099804797956,7.14109608707304,2
CP_REPO_HAAR_SHAPE,top_20pct_random_gate,shuffled_perturbation_magnitude,stable_low_dispersion,ex_post_descriptive,10,68970,13783,0.1993769746019,80.15495874897937,80.23097616147257,-0.0760174124932073,0.0,0.087206251676987,-1.1492515307672826e-06,6.080439703998321e-09,6.096445980629678,6.033906849949579,1
CP_REPO_RECENT_SLOPE,top_20pct_random_gate,shuffled_perturbation_magnitude,stable_low_dispersion,ex_post_descriptive,10,68970,13842,0.200955931419981,80.15495874897937,80.2313438230259,-0.0763850740465413,0.0,0.0937432776439686,-6.112797715764821e-08,1.0395574511138571e-09,5.304886667696221,4.5612747506202975,3
SHUFFLED_LAG_PM_PLACEBO_REPO,top_30pct_random_gate,shuffled_perturbation_magnitude,stable_low_dispersion,ex_post_descriptive,10,68970,20669,0.299207331819856,80.15495874897937,80.23723305148596,-0.0822743025065897,0.0,0.1341030169223379,-3.350163112133202e-07,2.1073782766932376e-09,4.402907153314246,4.135921420691361,2
RANDOM_GATE_PLACEBO_REPO,top_30pct_random_gate,shuffled_perturbation_magnitude,stable_low_dispersion,ex_post_descriptive,10,68970,20753,0.3004887670187161,80.15495874897937,80.24007719724003,-0.0851184482606688,0.0,0.1298582185794313,-1.0683661375508498e-06,2.1073712479069166e-09,4.108992447128109,4.10369042011374,0
RAW_CP_REPO_PLUS_PM,top_20pct_random_gate,shuffled_perturbation_magnitude,stable_low_dispersion,ex_post_descriptive,10,68970,13804,0.2002150228069023,80.15495874897937,80.2629497523156,-0.1079910033362353,0.0,0.0858315509175649,-1.6502092349028758e-06,1.894564590121311e-09,5.985428349839986,5.740837569551001,0
CP_REPO_OPS_HG,top_30pct_random_gate,shuffled_perturbation_magnitude,stable_low_dispersion,ex_post_descriptive,10,68970,20592,0.2985462031519877,80.15495874897937,80.26482860596522,-0.1098698569858634,0.0,0.131211890326992,-1.5841816663909563e-06,7.188977830533852e-09,7.2226072879205585,7.116363270877796,2
CP_REPO_RECENT_SLOPE,top_30pct_random_gate,shuffled_perturbation_magnitude,stable_low_dispersion,ex_post_descriptive,10,68970,20676,0.3000625700832858,80.15495874897937,80.26713449245126,-0.1121757434719016,0.0,0.1408801379546826,-1.0909608734634829e-07,1.931195173615927e-09,5.269793094435576,4.575259083323805,5
CP_REPO_HAAR_SHAPE,top_30pct_random_gate,shuffled_perturbation_magnitude,stable_low_dispersion,ex_post_descriptive,10,68970,20668,0.2993485902836173,80.15495874897937,80.2689862493555,-0.1140275003761437,0.0,0.1311279341046371,-1.5691901130043222e-06,9.66598364631029e-09,6.140459220178237,6.010277206567912,1
RAW_CP_REPO_PLUS_PM,top_30pct_random_gate,shuffled_perturbation_magnitude,stable_low_dispersion,ex_post_descriptive,10,68970,20775,0.3013002115866705,80.15495874897937,80.34618822017504,-0.1912294711956687,0.0,0.1279147673886633,-2.666802574796272e-06,2.6769959694135387e-09,6.008343142973514,5.764408177229004,0
