challenger_model,strategy,gate_type,condition,condition_label_type,n_assets,n_obs_total,n_active_total,equal_weight_asset_coverage,equal_weight_asset_CP_mean_SMAPE,equal_weight_asset_overlay_mean_SMAPE,equal_weight_asset_mean_advantage_vs_CP,equal_weight_asset_median_advantage_vs_CP,equal_weight_asset_win_rate_vs_CP,equal_weight_asset_mean_abs_error_advantage_vs_CP,equal_weight_asset_mean_sq_error_advantage_vs_CP,equal_weight_asset_false_positive_loss_mean,equal_weight_asset_false_negative_cost_mean,assets_positive
RAW_CP_REPO_PLUS_PM,condition_entry_with_recent_spike,condition_label,all_observations,ex_post_descriptive,10,367268,43750,0.1191222336527977,100.86498212725697,100.7853669259446,0.0796152013123951,0.0,0.0558288472991206,2.670907384453349e-06,6.457577331256694e-09,5.747737819541305,5.676158611879347,9
CP_REPO_OPS_HG,condition_entry_with_recent_spike,condition_label,all_observations,ex_post_descriptive,10,367268,43750,0.1191222336527977,100.86498212725697,100.79507820683423,0.0699039204227346,0.0,0.055006788914256,3.407210483901042e-06,7.995946583697708e-09,11.739483026592962,7.213633769918688,9
CP_REPO_HAAR_SHAPE,condition_entry_with_recent_spike,condition_label,all_observations,ex_post_descriptive,10,367268,43750,0.1191222336527977,100.86498212725697,100.80179337475916,0.0631887524977915,0.0,0.0546658692337911,1.9084286766136034e-06,7.783124167169841e-09,5.78689091804843,6.409137073897014,9
CP_REPO_RECENT_SLOPE,condition_cluster_entry_loose,condition_label,all_observations,ex_post_descriptive,10,367268,73460,0.2000174262048454,100.86498212725697,100.81440402039485,0.0505781068621128,0.0,0.0920237880078193,1.092188872830365e-06,3.244534079883898e-09,6.328583743539509,4.810263870399449,7
RAW_CP_REPO_PLUS_PM,condition_cluster_entry_loose,condition_label,all_observations,ex_post_descriptive,10,367268,73460,0.2000174262048454,100.86498212725697,100.81563760445772,0.0493445227992405,0.0,0.089995148521894,2.3037920750436807e-06,6.8966349226258555e-09,5.931615053483344,5.646400674495927,9
CP_REPO_RECENT_SLOPE,condition_entry_with_recent_spike,condition_label,all_observations,ex_post_descriptive,10,367268,43750,0.1191222336527977,100.86498212725697,100.81835753153644,0.0466245957205348,0.0,0.0562783329447985,1.1832698840838285e-06,2.691288955635021e-09,5.851921062533521,5.062662631622886,8
CP_REPO_HAAR_SHAPE,condition_cluster_entry_loose,condition_label,all_observations,ex_post_descriptive,10,367268,73460,0.2000174262048454,100.86498212725697,100.82163961829905,0.0433425089579238,0.0,0.0890393555938743,1.6715126930952368e-06,9.573499441626104e-09,6.252195919481991,6.35179284000265,8
CP_REPO_OPS_HG,condition_cluster_entry_loose,condition_label,all_observations,ex_post_descriptive,10,367268,73460,0.2000174262048454,100.86498212725697,100.82640049889746,0.0385816283595071,0.0,0.0902899091939778,3.4578104406245427e-06,9.808223940620844e-09,12.319089776057693,6.601992852128686,6
RANDOM_GATE_PLACEBO_REPO,condition_entry_with_recent_spike,condition_label,all_observations,ex_post_descriptive,10,367268,43750,0.1191222336527977,100.86498212725697,100.83455254522455,0.030429582032419,0.0,0.0546876159094463,1.0076916784436483e-06,4.129911991578493e-09,4.048945413823774,4.413491349218454,9
SHUFFLED_LAG_PM_PLACEBO_REPO,condition_entry_with_recent_spike,condition_label,all_observations,ex_post_descriptive,10,367268,43750,0.1191222336527977,100.86498212725697,100.83880440543388,0.026177721823089,0.0,0.0565769066677272,9.974491810017214e-07,3.478452769719415e-09,3.711755006213798,4.7129984711305735,9
SHUFFLED_LAG_PM_PLACEBO_REPO,condition_cluster_entry_loose,condition_label,all_observations,ex_post_descriptive,10,367268,73460,0.2000174262048454,100.86498212725697,100.839009362637,0.0259727646199754,0.0,0.0927091402306533,9.333219439514642e-07,4.2273632141796884e-09,4.443325503379823,4.628114166708149,7
CP_REPO_GATED_RIDGE_OPS_C,condition_entry_with_recent_spike,condition_label,all_observations,ex_post_descriptive,10,367268,43750,0.1191222336527977,100.86498212725697,100.84764820900315,0.0173339182538068,0.0,0.0539636513660321,1.0820255733255002e-06,4.357377945729139e-09,8.122151243348315,5.218425930703221,6
RANDOM_GATE_PLACEBO_REPO,condition_cluster_entry_loose,condition_label,all_observations,ex_post_descriptive,10,367268,73460,0.2000174262048454,100.86498212725697,100.85729750230506,0.007684624951903,0.0,0.0889712305409966,6.822460746233399e-07,4.822642707011226e-09,4.471828601666859,4.365528447392579,7
CP_REPO_OPS_HG,top_5pct_random_gate,shuffled_perturbation_magnitude,all_observations,ex_post_randomized_score_quantile,10,367268,18364,0.0500016331654982,100.86498212725697,100.86490239663642,7.973062052825542e-05,0.0,0.0210150961117914,2.9273535116420865e-07,1.0464419838339787e-09,8.043083559200575,7.8655229789328445,6
CP_REPO_GATED_RIDGE_OPS_C,top_5pct_random_gate,shuffled_perturbation_magnitude,all_observations,ex_post_randomized_score_quantile,10,367268,18364,0.0500016331654982,100.86498212725697,100.86550332001472,-0.0005211927577524,0.0,0.0212137531743787,1.616185771786266e-07,9.46061425480364e-10,5.962122156808418,5.602024793724937,6
CP_REPO_OPS_HG,top_10pct_random_gate,shuffled_perturbation_magnitude,all_observations,ex_post_randomized_score_quantile,10,367268,36728,0.1000032663309964,100.86498212725697,100.86804013057356,-0.003058003316573,0.0,0.0418284654034277,5.518811608143143e-07,1.7494658507512166e-09,8.071893030688784,7.861325390436491,6
RANDOM_GATE_PLACEBO_REPO,top_5pct_random_gate,shuffled_perturbation_magnitude,all_observations,ex_post_randomized_score_quantile,10,367268,18364,0.0500016331654982,100.86498212725697,100.87199781034522,-0.0070156830882369,0.0,0.020655239734348,3.866457323658319e-08,1.1233121268291512e-10,4.668149861967321,4.403931694431525,2
CP_REPO_GATED_RIDGE_OPS_C,top_10pct_random_gate,shuffled_perturbation_magnitude,all_observations,ex_post_randomized_score_quantile,10,367268,36728,0.1000032663309964,100.86498212725697,100.87361104425828,-0.0086289170013148,0.0,0.0422121568271724,1.7159786584246782e-07,1.2365976790767523e-09,6.057560638937462,5.598656756784799,3
RAW_CP_REPO_PLUS_PM,top_5pct_random_gate,shuffled_perturbation_magnitude,all_observations,ex_post_randomized_score_quantile,10,367268,18364,0.0500016331654982,100.86498212725697,100.87603611071674,-0.0110539834597643,0.0,0.0202876923474977,3.8894412262790685e-08,2.807208260826055e-10,6.103886761576389,5.790250450026667,1
CP_REPO_RECENT_SLOPE,top_5pct_random_gate,shuffled_perturbation_magnitude,all_observations,ex_post_randomized_score_quantile,10,367268,18364,0.0500016331654982,100.86498212725697,100.87691578192286,-0.0119336546659086,0.0,0.0206830046949898,6.205434109482965e-09,3.3311507715765055e-10,5.675529536714707,5.220992926231803,2
SHUFFLED_LAG_PM_PLACEBO_REPO,top_5pct_random_gate,shuffled_perturbation_magnitude,all_observations,ex_post_randomized_score_quantile,10,367268,18364,0.0500016331654982,100.86498212725697,100.87702942807658,-0.0120473008196222,0.0,0.0207124712443733,6.343434997209169e-08,5.734913407178552e-10,5.008230159369918,4.58476038652995,4
RANDOM_GATE_PLACEBO_REPO,top_10pct_random_gate,shuffled_perturbation_magnitude,all_observations,ex_post_randomized_score_quantile,10,367268,36728,0.1000032663309964,100.86498212725697,100.87799100494888,-0.0130088776919246,0.0,0.0412941795644671,1.1102054557073733e-07,3.9668418001704036e-10,4.702320695276484,4.398614940828177,0
CP_REPO_HAAR_SHAPE,top_5pct_random_gate,shuffled_perturbation_magnitude,all_observations,ex_post_randomized_score_quantile,10,367268,18364,0.0500016331654982,100.86498212725697,100.87880370446793,-0.0138215772109576,0.0,0.0206990332745992,9.602410790595653e-08,1.3354805741801976e-09,7.09246419487196,6.434270897581117,1
SHUFFLED_LAG_PM_PLACEBO_REPO,top_10pct_random_gate,shuffled_perturbation_magnitude,all_observations,ex_post_randomized_score_quantile,10,367268,36728,0.1000032663309964,100.86498212725697,100.88204665104811,-0.0170645237911644,0.0,0.0413868901359981,1.3379824642425197e-07,7.275741045321984e-10,4.972179295312772,4.576930200652891,5
CP_REPO_RECENT_SLOPE,top_10pct_random_gate,shuffled_perturbation_magnitude,all_observations,ex_post_randomized_score_quantile,10,367268,36728,0.1000032663309964,100.86498212725697,100.88414543934525,-0.0191633120882796,0.0,0.0412489903972792,3.4599381352494796e-08,6.938562820264913e-10,5.603396408104435,5.2157287794527045,2
CP_REPO_OPS_HG,top_20pct_random_gate,shuffled_perturbation_magnitude,all_observations,ex_post_randomized_score_quantile,10,367268,73456,0.2000065326619929,100.86498212725697,100.88519454658729,-0.0202124193303203,0.0,0.0826711864088557,1.0125832763997315e-06,3.2652426186446433e-09,8.04778646706077,7.867514886516711,6
RAW_CP_REPO_PLUS_PM,top_10pct_random_gate,shuffled_perturbation_magnitude,all_observations,ex_post_randomized_score_quantile,10,367268,36728,0.1000032663309964,100.86498212725697,100.8870115923553,-0.0220294650983203,0.0,0.0405644507420932,6.042156426749098e-08,7.576485257135088e-10,6.140576397095343,5.785228336972367,2
CP_REPO_GATED_RIDGE_OPS_C,top_20pct_random_gate,shuffled_perturbation_magnitude,all_observations,ex_post_randomized_score_quantile,10,367268,73456,0.2000065326619929,100.86498212725697,100.89012144757716,-0.0251393203202024,0.0,0.0840730199888096,2.736884995749436e-07,2.1154713047578154e-09,6.051645064705848,5.612955884679161,3
CP_REPO_HAAR_SHAPE,top_10pct_random_gate,shuffled_perturbation_magnitude,all_observations,ex_post_randomized_score_quantile,10,367268,36728,0.1000032663309964,100.86498212725697,100.89042327648733,-0.0254411492303422,0.0,0.0410548449021104,1.6686842833527168e-07,2.103012828671717e-09,6.919304350834047,6.433907710684744,0
CP_REPO_OPS_HG,top_30pct_random_gate,shuffled_perturbation_magnitude,all_observations,ex_post_randomized_score_quantile,10,367268,110183,0.3000070813801406,100.86498212725697,100.89772560399088,-0.0327434767339075,0.0,0.1235708791454178,1.5799438631629406e-06,5.5365117499066015e-09,8.05994508586014,7.848750177998811,4
CP_REPO_GATED_RIDGE_OPS_C,condition_cluster_entry_loose,condition_label,all_observations,ex_post_descriptive,10,367268,73460,0.2000174262048454,100.86498212725697,100.89782489007015,-0.0328427628131886,0.0,0.087991331242056,3.628911516466351e-07,5.2236090090255434e-09,8.721741369068784,4.810233232465245,3
RANDOM_GATE_PLACEBO_REPO,top_20pct_random_gate,shuffled_perturbation_magnitude,all_observations,ex_post_randomized_score_quantile,10,367268,73456,0.2000065326619929,100.86498212725697,100.89913837176395,-0.0341562445069903,0.0,0.0820956572294297,1.702143326536666e-07,1.3178625592774146e-09,4.817564992593036,4.38330711814544,3
RAW_CP_REPO_PLUS_PM,top_20pct_random_gate,shuffled_perturbation_magnitude,all_observations,ex_post_randomized_score_quantile,10,367268,73456,0.2000065326619929,100.86498212725697,100.8992996838974,-0.0343175566404497,0.0,0.0819133866640351,2.466790571484592e-07,1.6359485200930832e-09,6.12976634509417,5.779668182352514,2
SHUFFLED_LAG_PM_PLACEBO_REPO,top_20pct_random_gate,shuffled_perturbation_magnitude,all_observations,ex_post_randomized_score_quantile,10,367268,73456,0.2000065326619929,100.86498212725697,100.90091379545257,-0.0359316681956155,0.0,0.0827792732263364,2.6740522693623497e-07,1.5676418633312526e-09,4.955736267158194,4.58379377235373,3
CP_REPO_OPS_HG,validation_selected,prefix_validation_perturbation_magnitude,all_observations,prefix_validation_no_lookahead,10,275458,38440,0.1395627844586635,99.80874543770123,99.8456807371916,-0.0369352994903661,0.0,0.0668852996988667,3.1766962745917324e-06,1.4756975534545261e-08,26.98898103643372,5.566216927606932,4
CP_REPO_RECENT_SLOPE,top_20pct_random_gate,shuffled_perturbation_magnitude,all_observations,ex_post_randomized_score_quantile,10,367268,73456,0.2000065326619929,100.86498212725697,100.9079174459332,-0.0429353186762333,0.0,0.082827446964339,1.1588959069065414e-07,1.5387144758406243e-09,5.657550648239906,5.213981163314565,4
CP_REPO_GATED_RIDGE_OPS_C,top_30pct_random_gate,shuffled_perturbation_magnitude,all_observations,ex_post_randomized_score_quantile,10,367268,110183,0.3000070813801406,100.86498212725697,100.90844935425858,-0.0434672270016125,0.0,0.1259281823729937,3.889625747951152e-07,2.8574296073202304e-09,6.101846760086643,5.611463242309194,3
CP_REPO_HAAR_SHAPE,top_20pct_random_gate,shuffled_perturbation_magnitude,all_observations,ex_post_randomized_score_quantile,10,367268,73456,0.2000065326619929,100.86498212725697,100.91606835085308,-0.0510862235961021,0.0,0.0822294668198199,3.671992719989233e-07,3.704409004722884e-09,6.964862781248771,6.425202881047947,2
RANDOM_GATE_PLACEBO_REPO,top_30pct_random_gate,shuffled_perturbation_magnitude,all_observations,ex_post_randomized_score_quantile,10,367268,110183,0.3000070813801406,100.86498212725697,100.92362154474093,-0.0586394174839556,0.0,0.1228237131645587,1.3733102403413266e-07,1.66690382217851e-09,4.821576395951721,4.390490472072998,0
SHUFFLED_LAG_PM_PLACEBO_REPO,top_30pct_random_gate,shuffled_perturbation_magnitude,all_observations,ex_post_randomized_score_quantile,10,367268,110183,0.3000070813801406,100.86498212725697,100.92504494421898,-0.0600628169620163,0.0,0.1240247435826367,4.121821858391126e-07,2.1993685956620142e-09,5.025334321997872,4.577415536865413,2
RAW_CP_REPO_PLUS_PM,top_30pct_random_gate,shuffled_perturbation_magnitude,all_observations,ex_post_randomized_score_quantile,10,367268,110183,0.3000070813801406,100.86498212725697,100.92634708925289,-0.0613649619959163,0.0,0.1225545367166426,2.563442788335805e-07,2.0269413604785917e-09,6.143597281558909,5.786209487221879,1
CP_REPO_OPS_HG,top_5pct,perturbation_magnitude,all_observations,ex_post_score_quantile,10,367268,18364,0.0500016331654982,100.86498212725697,100.93014392490235,-0.0651617976453925,0.0,0.0225290387893943,2.3736428153145457e-06,1.0208568371129428e-08,33.64973583533155,6.6273441148250765,4
CP_REPO_RECENT_SLOPE,top_30pct_random_gate,shuffled_perturbation_magnitude,all_observations,ex_post_randomized_score_quantile,10,367268,110183,0.3000070813801406,100.86498212725697,100.93191387866236,-0.0669317514053848,0.0,0.1242423387484129,1.5413093112129317e-07,2.0795270218076164e-09,5.638841805760434,5.217056480263787,4
CP_REPO_HAAR_SHAPE,top_30pct_random_gate,shuffled_perturbation_magnitude,all_observations,ex_post_randomized_score_quantile,10,367268,110183,0.3000070813801406,100.86498212725697,100.95085716018028,-0.0858750329233183,0.0,0.1228598330139956,5.965243224329025e-07,5.555091962008809e-09,7.0102841022849605,6.414811671912572,0
RAW_CP_REPO_PLUS_PM,validation_selected,prefix_validation_perturbation_magnitude,all_observations,prefix_validation_no_lookahead,10,275458,19627,0.0712551828900697,99.80874543770123,99.89654814138667,-0.0878027036854354,0.0,0.0331869135476174,1.6943630728446552e-06,9.587803167194184e-09,22.43657310071641,4.696238534037881,3
CP_REPO_GATED_RIDGE_OPS_C,validation_selected,prefix_validation_perturbation_magnitude,all_observations,prefix_validation_no_lookahead,10,275458,27061,0.0982474412304934,99.80874543770123,99.9014389314706,-0.0926934937693763,0.0,0.0461240468574049,5.9996273622177e-08,6.14560549963476e-09,22.98017846088961,4.153724640651165,2
RAW_CP_REPO_PLUS_PM,top_5pct,perturbation_magnitude,all_observations,ex_post_score_quantile,10,367268,18364,0.0500016331654982,100.86498212725697,100.97602840976286,-0.1110462825059004,0.0,0.0217666755213769,1.540345873347158e-06,7.585416334867799e-09,26.880574782152173,4.919511716792892,2
CP_REPO_GATED_RIDGE_OPS_C,top_5pct,perturbation_magnitude,all_observations,ex_post_score_quantile,10,367268,18364,0.0500016331654982,100.86498212725697,100.97722635658997,-0.1122442293330181,0.0,0.0215269483042515,-3.1545743923780125e-08,4.491364169203584e-09,27.15747291312464,4.6217997928427215,0
CP_REPO_OPS_HG,top_10pct,perturbation_magnitude,all_observations,ex_post_score_quantile,10,367268,36728,0.1000032663309964,100.86498212725697,100.9787227804148,-0.1137406531578321,0.0,0.0446251169790452,2.8558836558325603e-06,1.2779513562839506e-08,27.74772640369394,5.794844768167682,3
RANDOM_GATE_PLACEBO_REPO,validation_selected,prefix_validation_perturbation_magnitude,all_observations,prefix_validation_no_lookahead,10,275458,20903,0.0758903513736984,99.80874543770123,99.92910852954957,-0.1203630918483024,0.0,0.0344879474336994,2.884306575454674e-07,3.7993535710028495e-09,26.948597193893026,3.141466678241909,1
CP_REPO_RECENT_SLOPE,validation_selected,prefix_validation_perturbation_magnitude,all_observations,prefix_validation_no_lookahead,10,275458,30388,0.1103271202595748,99.80874543770123,99.93600039635044,-0.1272549586491829,0.0,0.0409202178722916,5.369864313604162e-07,3.581199175127388e-09,18.253608947009194,4.223539677127789,1
CP_REPO_RECENT_SLOPE,top_5pct,perturbation_magnitude,all_observations,ex_post_score_quantile,10,367268,18364,0.0500016331654982,100.86498212725697,100.99540550196582,-0.1304233747088592,0.0,0.0204348359961055,-1.547625965845744e-07,2.608904871791106e-09,20.946731229828544,4.602684773411745,1
RAW_CP_REPO_PLUS_PM,top_10pct,perturbation_magnitude,all_observations,ex_post_score_quantile,10,367268,36728,0.1000032663309964,100.86498212725697,101.01931007625272,-0.1543279489957549,0.0,0.0422563082850068,1.478243109130406e-06,8.40848244942644e-09,20.562617460402056,4.398403248999711,1
CP_REPO_OPS_HG,top_20pct,perturbation_magnitude,all_observations,ex_post_score_quantile,10,367268,73456,0.2000065326619929,100.86498212725697,101.01993976860658,-0.1549576413496019,0.0,0.0879517966694071,3.435228028124624e-06,1.5121757394334508e-08,21.53733744364106,4.548174430632752,3
CP_REPO_GATED_RIDGE_OPS_C,top_10pct,perturbation_magnitude,all_observations,ex_post_score_quantile,10,367268,36728,0.1000032663309964,100.86498212725697,101.02008539132198,-0.1551032640650159,0.0,0.0428034374887241,-6.687135793350535e-08,5.6487782796775516e-09,21.85058974983118,3.994589409653309,0
CP_REPO_OPS_HG,top_30pct,perturbation_magnitude,all_observations,ex_post_score_quantile,10,367268,110183,0.3000070813801406,100.86498212725697,101.02486731613298,-0.1598851888760248,0.0,0.1300937747102412,3.801583365411066e-06,1.65277973373292e-08,17.901447511482665,3.610822876980076,3
CP_REPO_RECENT_SLOPE,top_10pct,perturbation_magnitude,all_observations,ex_post_score_quantile,10,367268,36728,0.1000032663309964,100.86498212725697,101.04393526971327,-0.17895314245629,0.0,0.0403527713559576,-9.013648338626482e-08,3.1901477015426243e-09,16.564552622314707,4.245245418174642,1
SHUFFLED_LAG_PM_PLACEBO_REPO,validation_selected,prefix_validation_perturbation_magnitude,all_observations,prefix_validation_no_lookahead,10,275458,52861,0.1919256039466512,99.80874543770123,99.99135690472548,-0.1826114670242407,0.0,0.0865841411892276,1.014900324036605e-06,4.3559821050483895e-09,17.412269218199054,2.522894929324298,1
RANDOM_GATE_PLACEBO_REPO,top_5pct,perturbation_magnitude,all_observations,ex_post_score_quantile,10,367268,18364,0.0500016331654982,100.86498212725697,101.04822660401432,-0.1832444767573535,0.0,0.0203563715953429,-2.835579085086275e-07,2.209289508238695e-09,30.14572288461628,3.393077675886034,0
CP_REPO_GATED_RIDGE_OPS_C,top_20pct,perturbation_magnitude,all_observations,ex_post_score_quantile,10,367268,73456,0.2000065326619929,100.86498212725697,101.04964503304618,-0.1846629057892175,0.0,0.0855713555058929,1.3961087728287144e-07,6.723585672085157e-09,16.665773866083143,3.067072420518493,0
CP_REPO_GATED_RIDGE_OPS_C,top_30pct,perturbation_magnitude,all_observations,ex_post_score_quantile,10,367268,110183,0.3000070813801406,100.86498212725697,101.05673432253076,-0.1917521952738122,0.0,0.1277999911960859,3.234694408929111e-07,7.4373882277459625e-09,13.7332928953501,2.392020056774231,0
RANDOM_GATE_PLACEBO_REPO,top_30pct,perturbation_magnitude,all_observations,ex_post_score_quantile,10,367268,110183,0.3000070813801406,100.86498212725697,101.06437177451338,-0.1993896472564005,0.0,0.1253272262429453,3.847958037237913e-07,5.634572431423127e-09,11.960633679415803,1.6555382660678242,0
SHUFFLED_LAG_PM_PLACEBO_REPO,top_30pct,perturbation_magnitude,all_observations,ex_post_score_quantile,10,367268,110183,0.3000070813801406,100.86498212725697,101.06656124613764,-0.2015791188806785,0.0,0.1295053675288729,1.1250106678176389e-06,4.5933114455773616e-09,12.140864779217708,2.0274426961961,1
CP_REPO_HAAR_SHAPE,validation_selected,prefix_validation_perturbation_magnitude,all_observations,prefix_validation_no_lookahead,10,275458,31308,0.1136644420203899,99.80874543770123,100.01085113996524,-0.2021057022639873,0.0,0.0526801709026834,1.3539146633494077e-06,1.3623659460080268e-08,28.703692554185704,4.677274737345241,1
RANDOM_GATE_PLACEBO_REPO,top_10pct,perturbation_magnitude,all_observations,ex_post_score_quantile,10,367268,36728,0.1000032663309964,100.86498212725697,101.06733778503364,-0.2023556577766821,0.0,0.0414501168395528,-5.5877513786806694e-08,3.540095910331906e-09,22.14495544053748,2.8327506759745424,0
RANDOM_GATE_PLACEBO_REPO,top_20pct,perturbation_magnitude,all_observations,ex_post_score_quantile,10,367268,73456,0.2000065326619929,100.86498212725697,101.07197165374204,-0.2069895264850511,0.0,0.0835154128884654,2.3539516448846626e-07,5.037217028926644e-09,15.304024670182656,2.1349973397076094,0
RAW_CP_REPO_PLUS_PM,top_20pct,perturbation_magnitude,all_observations,ex_post_score_quantile,10,367268,73456,0.2000065326619929,100.86498212725697,101.07545554229264,-0.2104734150356632,0.0,0.0823645118031586,1.1089718597933886e-06,9.394972973313956e-09,15.395246513109308,3.6348154107801407,1
CP_REPO_RECENT_SLOPE,top_20pct,perturbation_magnitude,all_observations,ex_post_score_quantile,10,367268,73456,0.2000065326619929,100.86498212725697,101.07823359227136,-0.2132514650143683,0.0,0.0805180678353927,2.857999782960593e-07,3.6760407481536815e-09,13.028949674922467,3.662442910860016,1
CP_REPO_HAAR_SHAPE,top_5pct,perturbation_magnitude,all_observations,ex_post_score_quantile,10,367268,18364,0.0500016331654982,100.86498212725697,101.07986189500932,-0.2148797677523439,0.0,0.0213500552359122,1.032231389420761e-06,8.589357510608151e-09,36.68778140250837,5.311375763301869,1
SHUFFLED_LAG_PM_PLACEBO_REPO,top_20pct,perturbation_magnitude,all_observations,ex_post_score_quantile,10,367268,73456,0.2000065326619929,100.86498212725697,101.08273072026194,-0.2177485930049695,0.0,0.0863615183717374,8.42253464140158e-07,3.850659450300683e-09,15.485072865687226,2.516503093688519,1
CP_REPO_RECENT_SLOPE,top_30pct,perturbation_magnitude,all_observations,ex_post_score_quantile,10,367268,110183,0.3000070813801406,100.86498212725697,101.08338710550694,-0.2184049782499671,0.0,0.1214324685718628,3.721867349490692e-07,4.1524763598678e-09,11.186686609699205,3.165116715366433,1
RAW_CP_REPO_PLUS_PM,top_30pct,perturbation_magnitude,all_observations,ex_post_score_quantile,10,367268,110183,0.3000070813801406,100.86498212725697,101.09718269845868,-0.2322005712016817,0.0,0.1227497155545112,9.46144148156563e-07,1.007195758697644e-08,12.830712828820158,3.02448454618834,1
CP_REPO_HAAR_SHAPE,top_10pct,perturbation_magnitude,all_observations,ex_post_score_quantile,10,367268,36728,0.1000032663309964,100.86498212725697,101.1101560599889,-0.2451739327319207,0.0,0.0424250485147995,1.3076380492606763e-06,1.1323172374135714e-08,27.51652831198366,4.63180559477072,0
SHUFFLED_LAG_PM_PLACEBO_REPO,top_10pct,perturbation_magnitude,all_observations,ex_post_score_quantile,10,367268,36728,0.1000032663309964,100.86498212725697,101.12119739707964,-0.2562152698226955,0.0,0.0420441728425958,2.324027983165129e-07,2.340033511837874e-09,22.59756184618317,3.2115011664564235,1
SHUFFLED_LAG_PM_PLACEBO_REPO,top_5pct,perturbation_magnitude,all_observations,ex_post_score_quantile,10,367268,18364,0.0500016331654982,100.86498212725697,101.1264871632384,-0.261505035981407,0.0,0.0203590026152281,-2.171225593645276e-07,1.3252633593562691e-09,31.803345400054425,3.706306759304778,0
CP_REPO_HAAR_SHAPE,top_20pct,perturbation_magnitude,all_observations,ex_post_score_quantile,10,367268,73456,0.2000065326619929,100.86498212725697,101.1405341297145,-0.2755520024575361,0.0,0.0837419388232509,1.4419977582718144e-06,1.3687618445229338e-08,19.612682554359782,3.6933129671517633,0
CP_REPO_HAAR_SHAPE,top_30pct,perturbation_magnitude,all_observations,ex_post_score_quantile,10,367268,110183,0.3000070813801406,100.86498212725697,101.14276846140218,-0.2777863341452287,0.0,0.1250366610369571,1.5217010639577178e-06,1.4686076309622845e-08,15.743730804912246,3.005147320967432,0
RAW_CP_REPO_PLUS_PM,condition_entry_with_recent_spike,condition_label,cluster_entry_loose,ex_post_descriptive,10,73460,43750,0.5955593881310464,93.56312312731652,93.1650284551106,0.3980946722059642,0.0,0.2791254236856829,1.3353577229925444e-05,3.228640312266412e-08,5.747737819541305,5.8083535901473535,9
CP_REPO_OPS_HG,condition_entry_with_recent_spike,condition_label,cluster_entry_loose,ex_post_descriptive,10,73460,43750,0.5955593881310464,93.56312312731652,93.2135819768653,0.3495411504512485,0.0,0.2750139018057815,1.7034514742101763e-05,3.9977282442478416e-08,11.739483026592962,12.526414466135307,9
CP_REPO_HAAR_SHAPE,condition_entry_with_recent_spike,condition_label,cluster_entry_loose,ex_post_descriptive,10,73460,43750,0.5955593881310464,93.56312312731652,93.24717996939816,0.3159431579183928,0.0,0.2733098645510394,9.54130106132242e-06,3.891380283335516e-08,5.78689091804843,6.7639390360280105,9
CP_REPO_OPS_HG,validation_selected,prefix_validation_perturbation_magnitude,cluster_entry_loose,ex_post_descriptive,10,55374,16661,0.2991673189938812,92.99917502899002,92.70202743750896,0.297147591481077,0.0,0.1485916918142201,1.611755861302571e-05,4.6653531763605855e-08,27.71957521922199,7.063304087000387,5
RAW_CP_REPO_PLUS_PM,validation_selected,prefix_validation_perturbation_magnitude,cluster_entry_loose,ex_post_descriptive,10,55374,6612,0.1184322287595834,92.99917502899002,92.71363861799657,0.2855364109934838,0.0,0.0646851271265607,1.0694264318376947e-05,3.7061922248099695e-08,17.601345003222356,4.644017918645673,9
RAW_CP_REPO_PLUS_PM,top_10pct,perturbation_magnitude,cluster_entry_loose,ex_post_descriptive,10,73460,11995,0.1632842089207619,93.56312312731652,93.2958389745338,0.2672841527827381,0.0,0.0798951632695238,1.0743484377900662e-05,3.293971474181778e-08,16.358404811625228,4.219789496694512,9
RAW_CP_REPO_PLUS_PM,top_20pct,perturbation_magnitude,cluster_entry_loose,ex_post_descriptive,10,73460,21192,0.2884821334074985,93.56312312731652,93.30100138593586,0.2621217413806847,0.0,0.13523356826222,1.1277486542385229e-05,3.4274454243809373e-08,12.85861454879938,3.396492601984671,9
CP_REPO_RECENT_SLOPE,condition_cluster_entry_loose,condition_label,cluster_entry_loose,ex_post_descriptive,10,73460,73460,1.0,93.56312312731652,93.3102385934676,0.2528845338489253,0.0590280505061935,0.4600848946498488,5.460705602389594e-06,1.6221907767910592e-08,6.328583743539509,0.0,7
RAW_CP_REPO_PLUS_PM,top_30pct,perturbation_magnitude,cluster_entry_loose,ex_post_descriptive,10,73460,29589,0.4027917122786384,93.56312312731652,93.31178580730943,0.2513373200070982,0.0,0.1853590671385277,1.1397772593999293e-05,3.4240763744296264e-08,10.978506224743208,2.7891364683550943,9
RAW_CP_REPO_PLUS_PM,condition_cluster_entry_loose,condition_label,cluster_entry_loose,ex_post_descriptive,10,73460,73460,1.0,93.56312312731652,93.31637543641445,0.2467476909020835,0.0144041243412937,0.4499436551475314,1.15181176629041e-05,3.4481585027735565e-08,5.931615053483344,0.0,9
CP_REPO_RECENT_SLOPE,condition_entry_with_recent_spike,condition_label,cluster_entry_loose,ex_post_descriptive,10,73460,43750,0.5955593881310464,93.56312312731652,93.3299991170094,0.2331240103071409,0.0,0.2813715616572276,5.915884787570169e-06,1.3455769674000062e-08,5.851921062533521,6.999092216277537,8
CP_REPO_HAAR_SHAPE,validation_selected,prefix_validation_perturbation_magnitude,cluster_entry_loose,ex_post_descriptive,10,55374,8649,0.1534164755962935,92.99917502899002,92.76794120166444,0.231233827325598,0.0,0.0803108447372023,8.763963218545657e-06,4.931292443444728e-08,19.189143244464063,4.598143773747599,8
RAW_CP_REPO_PLUS_PM,top_5pct,perturbation_magnitude,cluster_entry_loose,ex_post_descriptive,10,73460,6677,0.0908924009494766,93.56312312731652,93.33707782519215,0.2260453021243695,0.0,0.0464892793464454,9.466779897021149e-06,3.0949849313695645e-08,20.29197079542466,4.863242977158448,9
CP_REPO_HAAR_SHAPE,condition_cluster_entry_loose,condition_label,cluster_entry_loose,ex_post_descriptive,10,73460,73460,1.0,93.56312312731652,93.34640769231632,0.2167154350002103,0.0227227257370159,0.445163642012521,8.356847150806145e-06,4.786511824630752e-08,6.252195919481991,0.0,8
CP_REPO_HAAR_SHAPE,top_30pct,perturbation_magnitude,cluster_entry_loose,ex_post_descriptive,10,73460,28898,0.393385722661345,93.56312312731652,93.3469338801995,0.2161892471170323,0.0,0.1797486153851588,8.417408697309237e-06,4.661483984030292e-08,12.003650029515956,2.8535382305014445,8
CP_REPO_RECENT_SLOPE,top_30pct,perturbation_magnitude,cluster_entry_loose,ex_post_descriptive,10,73460,31281,0.4258098536419372,93.56312312731652,93.34704423745568,0.2160788898608535,0.0,0.2000138712216219,5.392006832612638e-06,1.5804275506500317e-08,10.970423378958122,3.10835492651622,7
CP_REPO_RECENT_SLOPE,validation_selected,prefix_validation_perturbation_magnitude,cluster_entry_loose,ex_post_descriptive,10,55374,9819,0.1783824851639974,92.99917502899002,92.79082714546342,0.208347883526612,0.0,0.0859464331087196,4.368761416767504e-06,1.5155973574327962e-08,16.58695475921295,4.455391971110155,7
CP_REPO_HAAR_SHAPE,top_20pct,perturbation_magnitude,cluster_entry_loose,ex_post_descriptive,10,73460,20158,0.2744089275980577,93.56312312731652,93.3586259084765,0.2044972188400464,0.0,0.1275415372044667,8.268404537055737e-06,4.537208320479964e-08,14.436877331228647,3.563453663429473,8
CP_REPO_RECENT_SLOPE,top_20pct,perturbation_magnitude,cluster_entry_loose,ex_post_descriptive,10,73460,23512,0.3200508492753829,93.56312312731652,93.36448005931008,0.1986430680064451,0.0,0.1502698801839602,5.122148853788929e-06,1.4934863777369673e-08,12.33812996013298,3.693732504432477,7
CP_REPO_HAAR_SHAPE,top_10pct,perturbation_magnitude,cluster_entry_loose,ex_post_descriptive,10,73460,10822,0.14731972200939,93.56312312731652,93.3674003074414,0.1957228198751535,0.0,0.0714417965362256,7.747483126161782e-06,4.1516377985546495e-08,19.235941647384102,4.4925970728172056,8
CP_REPO_OPS_HG,condition_cluster_entry_loose,condition_label,cluster_entry_loose,ex_post_descriptive,10,73460,73460,1.0,93.56312312731652,93.37017576600677,0.1929473613097804,0.0701146046561802,0.4514162838844773,1.7287469604936306e-05,4.903804697993896e-08,12.319089776057693,0.0,6
CP_REPO_OPS_HG,top_20pct,perturbation_magnitude,cluster_entry_loose,ex_post_descriptive,10,73460,32183,0.4381054858075576,93.56312312731652,93.37169913702915,0.191423990287376,0.0,0.2027838627686629,1.63096473264662e-05,4.6789613473115364e-08,21.9500400848045,5.113067842706241,6
CP_REPO_OPS_HG,top_10pct,perturbation_magnitude,cluster_entry_loose,ex_post_descriptive,10,73460,19614,0.2670045646519872,93.56312312731652,93.37549252179042,0.1876306055261236,0.0,0.1257733317884626,1.531318858523414e-05,4.376773278579176e-08,27.512372934175,7.17305780849793,6
CP_REPO_OPS_HG,top_30pct,perturbation_magnitude,cluster_entry_loose,ex_post_descriptive,10,73460,41476,0.5646105262929926,93.56312312731652,93.37557092486664,0.1875522024499068,0.0,0.2591569407911037,1.6695213509864775e-05,4.8658815472656914e-08,19.049318499272974,3.824875535073808,6
CP_REPO_RECENT_SLOPE,top_10pct,perturbation_magnitude,cluster_entry_loose,ex_post_descriptive,10,73460,14330,0.1950618122141364,93.56312312731652,93.39146025584948,0.171662871467056,0.0,0.0917074667896633,4.6171544947359386e-06,1.4224282707988313e-08,14.921416005970856,4.464691631164078,7
CP_REPO_OPS_HG,top_5pct,perturbation_magnitude,cluster_entry_loose,ex_post_descriptive,10,73460,11305,0.1538943969220101,93.56312312731652,93.40568847534573,0.157434651970796,0.0,0.073471352507339,1.3280285478330708e-05,3.765566920329431e-08,33.313489630222506,8.842032418006573,5
RANDOM_GATE_PLACEBO_REPO,condition_entry_with_recent_spike,condition_label,cluster_entry_loose,ex_post_descriptive,10,73460,43750,0.5955593881310464,93.56312312731652,93.41096874307544,0.1521543842410942,0.0,0.2734184786185978,5.038028806421337e-06,2.0648709176939996e-08,4.048945413823774,4.7681669552318,9
CP_REPO_RECENT_SLOPE,top_5pct,perturbation_magnitude,cluster_entry_loose,ex_post_descriptive,10,73460,8468,0.1152688651218063,93.56312312731652,93.4182470782436,0.1448760490729342,0.0,0.0540692315445319,3.8871305720163545e-06,1.3339659572442837e-08,18.030816663887315,5.0211757895201545,7
CP_REPO_HAAR_SHAPE,top_5pct,perturbation_magnitude,cluster_entry_loose,ex_post_descriptive,10,73460,5737,0.0780981663961596,93.56312312731652,93.43142321300066,0.1316999143158685,0.0,0.0389336212195464,6.438564954273078e-06,3.655483842997799e-08,24.712304891269547,5.20523757522537,8
SHUFFLED_LAG_PM_PLACEBO_REPO,condition_entry_with_recent_spike,condition_label,cluster_entry_loose,ex_post_descriptive,10,73460,43750,0.5955593881310464,93.56312312731652,93.4322249723655,0.1308981549510386,0.0,0.2828646103804945,4.98692983417348e-06,1.7391576072434726e-08,3.711755006213798,5.300258110002815,9
SHUFFLED_LAG_PM_PLACEBO_REPO,condition_cluster_entry_loose,condition_label,cluster_entry_loose,ex_post_descriptive,10,73460,73460,1.0,93.56312312731652,93.43324994352744,0.1298731837891148,0.0523172939632699,0.4635120574294847,4.666327535383805e-06,2.113590683320661e-08,4.443325503379823,0.0,7
SHUFFLED_LAG_PM_PLACEBO_REPO,top_30pct,perturbation_magnitude,cluster_entry_loose,ex_post_descriptive,10,73460,27325,0.3719717811238718,93.56312312731652,93.45483905298931,0.108284074327213,0.0,0.1770934150680014,4.27842897810591e-06,1.9086977981816357e-08,9.44554883649429,1.8699195148228145,7
CP_REPO_GATED_RIDGE_OPS_C,condition_entry_with_recent_spike,condition_label,cluster_entry_loose,ex_post_descriptive,10,73460,43750,0.5955593881310464,93.56312312731652,93.47644347063554,0.0866796566809897,0.0,0.269798308714664,5.409492326754925e-06,2.1785692227024082e-08,8.122151243348315,8.98604518602464,6
SHUFFLED_LAG_PM_PLACEBO_REPO,validation_selected,prefix_validation_perturbation_magnitude,cluster_entry_loose,ex_post_descriptive,10,55374,13582,0.2437375346396292,92.99917502899002,92.92123376733925,0.0779412616508161,0.0,0.1209907263082945,3.852681504014653e-06,1.8795594423953537e-08,13.266651977512186,2.3509131817794886,6
CP_REPO_RECENT_SLOPE,top_30pct_random_gate,shuffled_perturbation_magnitude,cluster_entry_loose,ex_post_descriptive,10,73460,22056,0.3002454638244759,93.56312312731652,93.49731545681088,0.0658076705056578,0.0,0.1388827518179173,1.7046134639808146e-06,6.491330634677178e-09,6.358549844233153,6.4011809549248735,8
SHUFFLED_LAG_PM_PLACEBO_REPO,top_20pct,perturbation_magnitude,cluster_entry_loose,ex_post_descriptive,10,73460,18662,0.2540451578146505,93.56312312731652,93.4975839718722,0.0655391554443478,0.0,0.1211166384647842,3.705846865791616e-06,1.7259026181332106e-08,11.788667979436696,2.351705551175841,7
RAW_CP_REPO_PLUS_PM,top_30pct_random_gate,shuffled_perturbation_magnitude,cluster_entry_loose,ex_post_descriptive,10,73460,22054,0.3002184812799676,93.56312312731652,93.49921617261268,0.0639069547038634,0.0,0.1348664525749709,3.2653792299758197e-06,8.114356081840778e-09,6.013557144123691,6.183874438245587,8
CP_REPO_OPS_HG,top_30pct_random_gate,shuffled_perturbation_magnitude,cluster_entry_loose,ex_post_descriptive,10,73460,22140,0.3013882921271565,93.56312312731652,93.51027873755278,0.0528443897637694,0.0,0.136158848391852,5.20669181268859e-06,1.498130038165807e-08,12.411564292329787,12.177043484667609,6
CP_REPO_HAAR_SHAPE,top_20pct_random_gate,shuffled_perturbation_magnitude,cluster_entry_loose,ex_post_descriptive,10,73460,14638,0.199265894039893,93.56312312731652,93.51532387270522,0.0477992546113229,0.0,0.0888941590810216,1.9226573721704376e-06,1.354770278851697e-08,6.295602941453482,6.572075983119819,8
CP_REPO_RECENT_SLOPE,top_20pct_random_gate,shuffled_perturbation_magnitude,cluster_entry_loose,ex_post_descriptive,10,73460,14708,0.2002176178817286,93.56312312731652,93.5158858309326,0.0472372963839279,0.0,0.0927064768522837,1.1767688459122755e-06,4.656011348585884e-09,6.374000976222092,6.389064596660311,8
SHUFFLED_LAG_PM_PLACEBO_REPO,top_30pct_random_gate,shuffled_perturbation_magnitude,cluster_entry_loose,ex_post_descriptive,10,73460,22044,0.300080606679766,93.56312312731652,93.5216925885934,0.0414305387231368,0.0,0.1391250085274696,1.4779113605721214e-06,7.976816571488595e-09,4.424185659164655,4.295156976550967,8
RAW_CP_REPO_PLUS_PM,top_20pct_random_gate,shuffled_perturbation_magnitude,cluster_entry_loose,ex_post_descriptive,10,73460,14645,0.1993604844484479,93.56312312731652,93.52229708942376,0.0408260378927818,0.0,0.0897653968394297,2.212524643871005e-06,5.592163949313247e-09,6.044541060300809,6.184939150076239,8
RANDOM_GATE_PLACEBO_REPO,condition_cluster_entry_loose,condition_label,cluster_entry_loose,ex_post_descriptive,10,73460,73460,1.0,93.56312312731652,93.52468417495552,0.0384389523610123,0.0043141076353458,0.4448233544181626,3.410992804444744e-06,2.4112197577641812e-08,4.471828601666859,0.0,7
RANDOM_GATE_PLACEBO_REPO,top_30pct,perturbation_magnitude,cluster_entry_loose,ex_post_descriptive,10,73460,28677,0.3903742796479685,93.56312312731652,93.5251194485338,0.0380036787827377,0.0,0.175772210390761,3.306368366274182e-06,2.252140783558596e-08,9.358849708305266,1.5800354910768395,7
CP_REPO_HAAR_SHAPE,top_30pct_random_gate,shuffled_perturbation_magnitude,cluster_entry_loose,ex_post_descriptive,10,73460,21995,0.2994143646817295,93.56312312731652,93.52721845950782,0.035904667808734,0.0,0.1325242638576473,2.7271282690082595e-06,1.8012735313796023e-08,6.373053332439801,6.600286719104718,6
RANDOM_GATE_PLACEBO_REPO,validation_selected,prefix_validation_perturbation_magnitude,cluster_entry_loose,ex_post_descriptive,10,55374,5952,0.1054507910542815,92.99917502899002,92.97356140526584,0.0256136237242017,0.0,0.0526143741493506,2.8287052712429577e-06,1.925173840195451e-08,19.79060734201168,3.081370710678796,6
RANDOM_GATE_PLACEBO_REPO,top_20pct,perturbation_magnitude,cluster_entry_loose,ex_post_descriptive,10,73460,19967,0.2718059818484656,93.56312312731652,93.53846265799942,0.0246604693171243,0.0,0.1232522697764975,3.117533548014858e-06,2.1573964385339253e-08,11.682761462435348,2.047336258268501,6
SHUFFLED_LAG_PM_PLACEBO_REPO,top_10pct_random_gate,shuffled_perturbation_magnitude,cluster_entry_loose,ex_post_descriptive,10,73460,7248,0.0986659236133896,93.56312312731652,93.53948804546648,0.0236350818500675,0.0,0.046488804711871,4.60480283572196e-07,2.733950860219743e-09,4.32280032670379,4.295319508421749,8
SHUFFLED_LAG_PM_PLACEBO_REPO,top_20pct_random_gate,shuffled_perturbation_magnitude,cluster_entry_loose,ex_post_descriptive,10,73460,14639,0.1992779568481936,93.56312312731652,93.53949185534246,0.0236312719740636,0.0,0.0924731825745032,8.347875428680684e-07,5.492156382309286e-09,4.3659442333736695,4.31258198683554,6
RANDOM_GATE_PLACEBO_REPO,top_20pct_random_gate,shuffled_perturbation_magnitude,cluster_entry_loose,ex_post_descriptive,10,73460,14714,0.2002983248865621,93.56312312731652,93.54014704706232,0.0229760802542181,0.0,0.0890705677242482,8.99321075742643e-07,6.178769912996698e-09,4.465912626534061,4.414404260982382,7
RAW_CP_REPO_PLUS_PM,top_10pct_random_gate,shuffled_perturbation_magnitude,cluster_entry_loose,ex_post_descriptive,10,73460,7225,0.0983530608897681,93.56312312731652,93.54252238523098,0.0206007420855596,0.0,0.0437931702020021,1.051936928554199e-06,2.876015098932782e-09,5.945385867111911,6.195390710980012,6
CP_REPO_RECENT_SLOPE,top_10pct_random_gate,shuffled_perturbation_magnitude,cluster_entry_loose,ex_post_descriptive,10,73460,7186,0.0978224001956045,93.56312312731652,93.54586691458522,0.0172562127313161,0.0,0.0449514063950169,4.856789552562297e-07,2.181383914319056e-09,6.3765564333391165,6.3797136638775465,6
RANDOM_GATE_PLACEBO_REPO,top_10pct_random_gate,shuffled_perturbation_magnitude,cluster_entry_loose,ex_post_descriptive,10,73460,7289,0.09922394353031,93.56312312731652,93.54638844989344,0.0167346774231006,0.0,0.0447184450462788,5.353655778758161e-07,3.2896954514796397e-09,4.338331711542952,4.444497787902598,6
SHUFFLED_LAG_PM_PLACEBO_REPO,top_5pct_random_gate,shuffled_perturbation_magnitude,cluster_entry_loose,ex_post_descriptive,10,73460,3596,0.0489513946447697,93.56312312731652,93.54684147167478,0.0162816556417725,0.0,0.0233055139140458,3.148666643807124e-07,2.160707067249472e-09,4.0334459620848495,4.303930203497467,8
CP_REPO_HAAR_SHAPE,top_10pct_random_gate,shuffled_perturbation_magnitude,cluster_entry_loose,ex_post_descriptive,10,73460,7247,0.098652070487664,93.56312312731652,93.5493153008786,0.0138078264379628,0.0,0.0439157118092214,8.07513424810934e-07,6.909754869218881e-09,6.301463727387559,6.592880864220598,7
RANDOM_GATE_PLACEBO_REPO,top_5pct_random_gate,shuffled_perturbation_magnitude,cluster_entry_loose,ex_post_descriptive,10,73460,3550,0.0483258103229589,93.56312312731652,93.55149084296556,0.0116322843509698,0.0,0.0219573713599951,2.492695855853993e-07,2.145249082049202e-09,4.106960903359119,4.456637987147531,7
CP_REPO_RECENT_SLOPE,top_5pct_random_gate,shuffled_perturbation_magnitude,cluster_entry_loose,ex_post_descriptive,10,73460,3551,0.0483398115997718,93.56312312731652,93.55302160190334,0.0101015254131928,0.0,0.0223398483362139,2.3227297047164335e-07,1.3396952789425872e-09,6.333324695808711,6.374115223265187,5
CP_REPO_OPS_HG,top_5pct_random_gate,shuffled_perturbation_magnitude,cluster_entry_loose,ex_post_descriptive,10,73460,3559,0.0484484628259562,93.56312312731652,93.5541270157731,0.0089961115434303,0.0,0.022053789824701,8.416783314973129e-07,2.7658992144345973e-09,12.806255973103031,12.15907840996901,6
CP_REPO_OPS_HG,top_10pct_random_gate,shuffled_perturbation_magnitude,cluster_entry_loose,ex_post_descriptive,10,73460,7278,0.0990746864662779,93.56312312731652,93.55536388211198,0.0077592452045648,0.0,0.0447200731129644,1.709516335399164e-06,4.373880015076295e-09,12.760788777277677,12.15398999994682,6
RAW_CP_REPO_PLUS_PM,top_5pct_random_gate,shuffled_perturbation_magnitude,cluster_entry_loose,ex_post_descriptive,10,73460,3544,0.0482441922711192,93.56312312731652,93.55692925466232,0.0061938726542196,0.0,0.0213860381648287,5.600003218996332e-07,1.2022367580375626e-09,5.949712424398282,6.205547253481124,6
CP_REPO_HAAR_SHAPE,top_5pct_random_gate,shuffled_perturbation_magnitude,cluster_entry_loose,ex_post_descriptive,10,73460,3571,0.0486116914689054,93.56312312731652,93.55712071826652,0.0060024090500391,0.0,0.0217809554977466,4.343081204916132e-07,4.609759781943268e-09,6.397487041507384,6.591906712127622,9
CP_REPO_OPS_HG,top_20pct_random_gate,shuffled_perturbation_magnitude,cluster_entry_loose,ex_post_descriptive,10,73460,14675,0.1997698772576782,93.56312312731652,93.5572382287495,0.0058848985670535,0.0,0.0902151131873018,3.318462428477536e-06,8.366646438939502e-09,12.721689056004674,12.197582551250166,5
CP_REPO_GATED_RIDGE_OPS_C,top_5pct_random_gate,shuffled_perturbation_magnitude,cluster_entry_loose,ex_post_descriptive,10,73460,3605,0.0490740844030763,93.56312312731652,93.55842412097174,0.0046990063448136,0.0,0.0221213027296049,4.483437813291051e-07,3.753227948451656e-09,8.723525807035672,8.405571904195444,5
RANDOM_GATE_PLACEBO_REPO,top_10pct,perturbation_magnitude,cluster_entry_loose,ex_post_descriptive,10,73460,10486,0.1427444554656993,93.56312312731652,93.5612797198892,0.0018434074273489,0.0,0.0653021575103944,2.530603022592729e-06,1.8213774452075408e-08,16.475738788709485,2.7419942945763287,6
RANDOM_GATE_PLACEBO_REPO,top_30pct_random_gate,shuffled_perturbation_magnitude,cluster_entry_loose,ex_post_descriptive,10,73460,21978,0.2991818326230847,93.56312312731652,93.56548787317033,-0.0023647458537854,0.0,0.1323053927827261,9.2562347446351e-07,7.455353831322641e-09,4.582309252846246,4.433052761285642,6
SHUFFLED_LAG_PM_PLACEBO_REPO,top_10pct,perturbation_magnitude,cluster_entry_loose,ex_post_descriptive,10,73460,9614,0.1308758121206243,93.56312312731652,93.57060995149077,-0.0074868241742328,0.0,0.0616822328437238,2.584285498576967e-06,1.3173181650181828e-08,16.677730512996746,3.002441439715453,3
CP_REPO_GATED_RIDGE_OPS_C,top_10pct_random_gate,shuffled_perturbation_magnitude,cluster_entry_loose,ex_post_descriptive,10,73460,7302,0.0994013955316781,93.56312312731652,93.57352467704716,-0.0104015497306268,0.0,0.0445285976459594,3.5613353692626495e-07,4.165359815155466e-09,8.929041671060947,8.410081174148992,5
RANDOM_GATE_PLACEBO_REPO,top_5pct,perturbation_magnitude,cluster_entry_loose,ex_post_descriptive,10,73460,5467,0.0744220288336499,93.56312312731652,93.58445422660672,-0.0213310992901631,0.0,0.034182952473853,1.7779468329590543e-06,1.4193198844625313e-08,22.15778541106137,3.297317037383171,6
CP_REPO_GATED_RIDGE_OPS_C,top_20pct_random_gate,shuffled_perturbation_magnitude,cluster_entry_loose,ex_post_descriptive,10,73460,14744,0.2007085983197777,93.56312312731652,93.59517817466022,-0.032055047343676,0.0,0.0891803141469521,4.853052445551512e-07,6.342106811849915e-09,8.774194053979418,8.447904904938838,4
CP_REPO_GATED_RIDGE_OPS_C,top_30pct_random_gate,shuffled_perturbation_magnitude,cluster_entry_loose,ex_post_descriptive,10,73460,22082,0.3006007519661908,93.56312312731652,93.60816584805984,-0.0450427207433245,0.0,0.1328379994544739,5.935338615590473e-07,8.591438603222768e-09,8.72912009366983,8.443025705654986,5
SHUFFLED_LAG_PM_PLACEBO_REPO,top_5pct,perturbation_magnitude,cluster_entry_loose,ex_post_descriptive,10,73460,4931,0.0671261443567694,93.56312312731652,93.61419420807805,-0.0510710807615074,0.0,0.0316103558628435,1.64048203284912e-06,1.0277256613043218e-08,23.235338347720575,3.43943148443777,2
CP_REPO_GATED_RIDGE_OPS_C,validation_selected,prefix_validation_perturbation_magnitude,cluster_entry_loose,ex_post_descriptive,10,55374,12789,0.2280999065759588,92.99917502899002,93.06715990997697,-0.0679848809869155,0.0,0.1069872096240381,1.7771485944771705e-06,2.266017128236848e-08,20.742304403049776,5.312665411228666,4
CP_REPO_GATED_RIDGE_OPS_C,top_5pct,perturbation_magnitude,cluster_entry_loose,ex_post_descriptive,10,73460,10828,0.1474011718966933,93.56312312731652,93.63348311770224,-0.0703599903856995,0.0,0.0661738689848853,1.8906249206311905e-06,1.9196103441948604e-08,23.529312411580975,6.027706266540231,3
CP_REPO_GATED_RIDGE_OPS_C,top_10pct,perturbation_magnitude,cluster_entry_loose,ex_post_descriptive,10,73460,18818,0.256168820100892,93.56312312731652,93.67835382688048,-0.1152306995639561,0.0,0.113575153163151,1.5445206996354573e-06,2.2551878355551228e-08,19.38541711259349,4.914540785019065,4
CP_REPO_GATED_RIDGE_OPS_C,top_20pct,perturbation_magnitude,cluster_entry_loose,ex_post_descriptive,10,73460,31286,0.4258968967081467,93.56312312731652,93.7139387107246,-0.1508155834080488,0.0,0.1883396039239818,1.5150095414795764e-06,2.4338578645729792e-08,15.534023859052132,3.493602933595488,4
CP_REPO_GATED_RIDGE_OPS_C,condition_cluster_entry_loose,condition_label,cluster_entry_loose,ex_post_descriptive,10,73460,73460,1.0,93.56312312731652,93.72731055929096,-0.1641874319744298,0.0040156474173637,0.4399235685253275,1.8140555056309548e-06,2.611661094679693e-08,8.721741369068784,0.0,3
CP_REPO_GATED_RIDGE_OPS_C,top_30pct,perturbation_magnitude,cluster_entry_loose,ex_post_descriptive,10,73460,40836,0.5559015699935219,93.56312312731652,93.73540091096204,-0.1722777836455025,0.0,0.2445084628432303,1.431010145508697e-06,2.5318322379556432e-08,13.428791082531532,2.6025837362275888,3
RAW_CP_REPO_PLUS_PM,condition_entry_with_recent_spike,condition_label,cluster_entry_strict,ex_post_descriptive,10,73269,43632,0.5955100441303967,93.5037594115472,93.10702760365544,0.3967318078917703,0.0,0.2792639172380527,1.3360007311946578e-05,3.2354885990721526e-08,5.746976300882926,5.804342957689015,9
CP_REPO_OPS_HG,condition_entry_with_recent_spike,condition_label,cluster_entry_strict,ex_post_descriptive,10,73269,43632,0.5955100441303967,93.5037594115472,93.15479167782904,0.3489677337181612,0.0,0.2750983513523281,1.7041995784966683e-05,4.006083096795588e-08,11.735049982625076,12.532864764539983,9
CP_REPO_HAAR_SHAPE,condition_entry_with_recent_spike,condition_label,cluster_entry_strict,ex_post_descriptive,10,73269,43632,0.5955100441303967,93.5037594115472,93.18977648479056,0.3139829267566337,0.0,0.2734551616932124,9.544859220503776e-06,3.899588651036341e-08,5.785388863315282,6.743003606651645,9
CP_REPO_OPS_HG,validation_selected,prefix_validation_perturbation_magnitude,cluster_entry_strict,ex_post_descriptive,10,55265,16642,0.2994461461308733,92.96200619970053,92.66375392841822,0.2982522712822999,0.0,0.1487427197830973,1.6142690705877356e-05,4.6738157844202016e-08,27.706611173548065,7.059255444383008,5
RAW_CP_REPO_PLUS_PM,validation_selected,prefix_validation_perturbation_magnitude,cluster_entry_strict,ex_post_descriptive,10,55265,6608,0.118598151750535,92.96200619970053,92.67403455828716,0.2879716414133598,0.0,0.0648011950155221,1.0713256779215713e-05,3.7133643912363535e-08,17.57171732791023,4.641902959518083,9
RAW_CP_REPO_PLUS_PM,top_10pct,perturbation_magnitude,cluster_entry_strict,ex_post_descriptive,10,73269,11985,0.1635457730469327,93.5037594115472,93.23711394267748,0.2666454688697263,0.0,0.0800372701277904,1.0753021273871443e-05,3.3018344133601146e-08,16.337712350989392,4.21616051482386,9
RAW_CP_REPO_PLUS_PM,top_20pct,perturbation_magnitude,cluster_entry_strict,ex_post_descriptive,10,73269,21169,0.2888740741071516,93.5037594115472,93.242740640817,0.2610187707302005,0.0,0.1354191366949152,1.128510145752321e-05,3.4356590442425594e-08,12.846600301665513,3.3929897399232702,9
CP_REPO_RECENT_SLOPE,condition_cluster_entry_loose,condition_label,cluster_entry_strict,ex_post_descriptive,10,73269,73269,1.0,93.5037594115472,93.24951595815509,0.2542434533921348,0.0585134770521314,0.4600918452583387,5.457246527310305e-06,1.6248220815061015e-08,6.32003159366694,0.0,7
RAW_CP_REPO_PLUS_PM,top_30pct,perturbation_magnitude,cluster_entry_strict,ex_post_descriptive,10,73269,29546,0.403192082818307,93.5037594115472,93.25296939740656,0.2507900141406308,0.0,0.1855758140315508,1.14011951052429e-05,3.431920603675703e-08,10.968266925836874,2.7856882579908837,9
RAW_CP_REPO_PLUS_PM,condition_cluster_entry_loose,condition_label,cluster_entry_strict,ex_post_descriptive,10,73269,73269,1.0,93.5037594115472,93.25889029813328,0.24486911341393,0.0142053095414105,0.4500810630710005,1.1506976170054456e-05,3.4553091534941935e-08,5.928009201592315,0.0,9
CP_REPO_RECENT_SLOPE,condition_entry_with_recent_spike,condition_label,cluster_entry_strict,ex_post_descriptive,10,73269,43632,0.5955100441303967,93.5037594115472,93.27078420480709,0.2329752067401152,0.0,0.2813191026405103,5.907827102737731e-06,1.3465073310928542e-08,5.844864793584195,7.002086414255885,8
RAW_CP_REPO_PLUS_PM,top_5pct,perturbation_magnitude,cluster_entry_strict,ex_post_descriptive,10,73269,6672,0.0910439947666323,93.5037594115472,93.27775919584116,0.2260002157060427,0.0,0.0465713892768092,9.483430524179031e-06,3.103252428391206e-08,20.25638068129161,4.859511431693123,9
CP_REPO_HAAR_SHAPE,validation_selected,prefix_validation_perturbation_magnitude,cluster_entry_strict,ex_post_descriptive,10,55265,8638,0.1534411220511147,92.96200619970053,92.73685184024134,0.2251543594591754,0.0,0.0802689048328885,8.742868180582823e-06,4.9361650777295973e-08,19.186906571673568,4.5967571505128815,8
CP_REPO_RECENT_SLOPE,top_30pct,perturbation_magnitude,cluster_entry_strict,ex_post_descriptive,10,73269,31221,0.426129158279751,93.5037594115472,93.2847552234469,0.2190041881003232,0.0,0.2001747917246833,5.403007406676611e-06,1.5844907292395288e-08,10.954146881474772,3.102391172220909,7
CP_REPO_HAAR_SHAPE,condition_cluster_entry_loose,condition_label,cluster_entry_strict,ex_post_descriptive,10,73269,73269,1.0,93.5037594115472,93.29312845410628,0.2106309574409333,0.0222185130310368,0.4453275109387499,8.334034578531932e-06,4.79604434037568e-08,6.249799489837037,0.0,8
CP_REPO_HAAR_SHAPE,top_30pct,perturbation_magnitude,cluster_entry_strict,ex_post_descriptive,10,73269,28857,0.3938038354613803,93.5037594115472,93.29349170903284,0.2102677025143777,0.0,0.1799467650840858,8.39772824588515e-06,4.6701275158748176e-08,11.98930196221199,2.8523441625667028,8
CP_REPO_RECENT_SLOPE,validation_selected,prefix_validation_perturbation_magnitude,cluster_entry_strict,ex_post_descriptive,10,55265,9813,0.1785702768999958,92.96200619970053,92.75196468424278,0.2100415154577402,0.0,0.0860240936791977,4.37331617752584e-06,1.5177840852060522e-08,16.538329169819413,4.451784910095492,7
CP_REPO_RECENT_SLOPE,top_20pct,perturbation_magnitude,cluster_entry_strict,ex_post_descriptive,10,73269,23477,0.3204300283339253,93.5037594115472,93.30204559499576,0.201713816551468,0.0,0.1504910794003865,5.136700821299845e-06,1.4976089034320197e-08,12.318441567769357,3.688346168134436,7
CP_REPO_HAAR_SHAPE,top_20pct,perturbation_magnitude,cluster_entry_strict,ex_post_descriptive,10,73269,20129,0.2746876444833609,93.5037594115472,93.30468365824564,0.1990757533015628,0.0,0.1276739542970074,8.250987492647565e-06,4.5454454802076724e-08,14.418627943521583,3.561254616814035,8
CP_REPO_OPS_HG,condition_cluster_entry_loose,condition_label,cluster_entry_strict,ex_post_descriptive,10,73269,73269,1.0,93.5037594115472,93.31013108274774,0.1936283287994732,0.0694971515938803,0.4515513608647656,1.729349779379958e-05,4.9154333096797656e-08,12.311921829736448,0.0,6
CP_REPO_OPS_HG,top_20pct,perturbation_magnitude,cluster_entry_strict,ex_post_descriptive,10,73269,32137,0.4386007336016128,93.5037594115472,93.31046662473484,0.1932927868123701,0.0,0.2030972910458663,1.6335028747755765e-05,4.6911116051033794e-08,21.930550562839557,5.106488106805366,6
CP_REPO_HAAR_SHAPE,top_10pct,perturbation_magnitude,cluster_entry_strict,ex_post_descriptive,10,73269,10807,0.1474664018581293,93.5037594115472,93.3133627816346,0.1903966299126343,0.0,0.0714959499145259,7.733408005447973e-06,4.1593088748161626e-08,19.206389784413894,4.489889885110824,8
CP_REPO_OPS_HG,top_10pct,perturbation_magnitude,cluster_entry_strict,ex_post_descriptive,10,73269,19590,0.2673694448789804,93.5037594115472,93.31369653290145,0.1900628786457671,0.0,0.1260121148297338,1.5349900964222504e-05,4.389118580702248e-08,27.48752337933,7.167398218921248,6
CP_REPO_OPS_HG,top_30pct,perturbation_magnitude,cluster_entry_strict,ex_post_descriptive,10,73269,41410,0.5651607764987319,93.5037594115472,93.31549351804016,0.1882658935070313,0.0,0.2594680554045633,1.6711080463162585e-05,4.87762374969213e-08,19.030681920178743,3.8177809703540944,6
CP_REPO_RECENT_SLOPE,top_10pct,perturbation_magnitude,cluster_entry_strict,ex_post_descriptive,10,73269,14323,0.1954888107035763,93.5037594115472,93.32882419591547,0.1749352156317454,0.0,0.0919314763714637,4.637207414602486e-06,1.4263714236433886e-08,14.888146009177678,4.459080361852875,7
CP_REPO_OPS_HG,top_5pct,perturbation_magnitude,cluster_entry_strict,ex_post_descriptive,10,73269,11295,0.1541630032695174,93.5037594115472,93.34788035427285,0.1558790572743776,0.0,0.0735869329019098,1.32937121177633e-05,3.773711024403646e-08,33.297780740682626,8.83899412090734,5
RANDOM_GATE_PLACEBO_REPO,condition_entry_with_recent_spike,condition_label,cluster_entry_strict,ex_post_descriptive,10,73269,43632,0.5955100441303967,93.5037594115472,93.35151934976408,0.1522400617831202,0.0,0.2735160896425845,5.0459918164174666e-06,2.070152800102583e-08,4.045820141583246,4.75645460501096,9
CP_REPO_RECENT_SLOPE,top_5pct,perturbation_magnitude,cluster_entry_strict,ex_post_descriptive,10,73269,8465,0.1155277460677027,93.5037594115472,93.3570408440276,0.1467185675196196,0.0,0.0542006674469651,3.900241434212913e-06,1.3372662637374976e-08,17.99443602087941,5.017355497747835,7
SHUFFLED_LAG_PM_PLACEBO_REPO,condition_entry_with_recent_spike,condition_label,cluster_entry_strict,ex_post_descriptive,10,73269,43632,0.5955100441303967,93.5037594115472,93.37330040178696,0.1304590097602661,0.0,0.2829277086392724,4.984529052483224e-06,1.741994283427157e-08,3.702561691564023,5.300366953151771,9
SHUFFLED_LAG_PM_PLACEBO_REPO,condition_cluster_entry_loose,condition_label,cluster_entry_strict,ex_post_descriptive,10,73269,73269,1.0,93.5037594115472,93.37380046083275,0.1299589507144255,0.0522661754404652,0.4636383895510313,4.6650887644041625e-06,2.1174351510421883e-08,4.4358975004051775,0.0,7
CP_REPO_HAAR_SHAPE,top_5pct,perturbation_magnitude,cluster_entry_strict,ex_post_descriptive,10,73269,5730,0.0781814260257707,93.5037594115472,93.37598064202751,0.1277787695196905,0.0,0.0389586673181903,6.431950088074564e-06,3.6633527906171915e-08,24.65742079356334,5.20034113669254,8
SHUFFLED_LAG_PM_PLACEBO_REPO,top_30pct,perturbation_magnitude,cluster_entry_strict,ex_post_descriptive,10,73269,27275,0.3721712968222966,93.5037594115472,93.39514908519917,0.1086103263480519,0.0,0.1772270083492782,4.283071521345584e-06,1.9123997212476192e-08,9.424311842070832,1.868668556348134,7
CP_REPO_GATED_RIDGE_OPS_C,condition_entry_with_recent_spike,condition_label,cluster_entry_strict,ex_post_descriptive,10,73269,43632,0.5955100441303967,93.5037594115472,93.41697131356857,0.0867880979786408,0.0,0.2699086421354607,5.423590748118934e-06,2.1850196806924157e-08,8.12101708728471,8.98727049998329,6
SHUFFLED_LAG_PM_PLACEBO_REPO,validation_selected,prefix_validation_perturbation_magnitude,cluster_entry_strict,ex_post_descriptive,10,55265,13565,0.2437798400082042,92.96200619970053,92.88166593854427,0.0803402611562482,0.0,0.1210455344950721,3.862991730641576e-06,1.8818393697037322e-08,13.222528352281111,2.349976051579335,5
CP_REPO_RECENT_SLOPE,top_30pct_random_gate,shuffled_perturbation_magnitude,cluster_entry_strict,ex_post_descriptive,10,73269,21989,0.3001135293259894,93.5037594115472,93.43763215382178,0.0661272577254338,0.0,0.1388383477840084,1.7082967982052772e-06,6.5057009877746604e-09,6.356576553949855,6.399575060573919,7
SHUFFLED_LAG_PM_PLACEBO_REPO,top_20pct,perturbation_magnitude,cluster_entry_strict,ex_post_descriptive,10,73269,18627,0.2541535223135762,93.5037594115472,93.4377258273635,0.0660335841837133,0.0,0.1212026031062597,3.713991123014348e-06,1.7296945251671453e-08,11.758555861943057,2.3500152854034257,7
RAW_CP_REPO_PLUS_PM,top_30pct_random_gate,shuffled_perturbation_magnitude,cluster_entry_strict,ex_post_descriptive,10,73269,21993,0.3001642647581626,93.5037594115472,93.44334277175606,0.060416639791149,0.0,0.1348701977752026,3.2487792175666363e-06,8.126337382503252e-09,6.017644713414673,6.183510278281373,8
CP_REPO_OPS_HG,top_30pct_random_gate,shuffled_perturbation_magnitude,cluster_entry_strict,ex_post_descriptive,10,73269,22080,0.3013538164216383,93.5037594115472,93.4500908452018,0.0536685663454375,0.0,0.1361932676087448,5.20691181164795e-06,1.5011076624098176e-08,12.41231387246631,12.169346069371535,6
CP_REPO_HAAR_SHAPE,top_20pct_random_gate,shuffled_perturbation_magnitude,cluster_entry_strict,ex_post_descriptive,10,73269,14606,0.1993473881163233,93.5037594115472,93.45460106578602,0.0491583457611672,0.0,0.088991879621029,1.9304770978725784e-06,1.3587330155133028e-08,6.271855982852242,6.557781171385328,8
CP_REPO_RECENT_SLOPE,top_20pct_random_gate,shuffled_perturbation_magnitude,cluster_entry_strict,ex_post_descriptive,10,73269,14660,0.2000823622653499,93.5037594115472,93.45633250778305,0.0474269037641848,0.0,0.0926358497491386,1.1801570682248234e-06,4.667306100524066e-09,6.370206216720112,6.387906051771447,7
SHUFFLED_LAG_PM_PLACEBO_REPO,top_30pct_random_gate,shuffled_perturbation_magnitude,cluster_entry_strict,ex_post_descriptive,10,73269,21983,0.3000294613096438,93.5037594115472,93.46208007350732,0.0416793380399038,0.0,0.1391543024231912,1.4774768416774711e-06,7.993059658511574e-09,4.421206554970555,4.287967514823476,8
RAW_CP_REPO_PLUS_PM,top_20pct_random_gate,shuffled_perturbation_magnitude,cluster_entry_strict,ex_post_descriptive,10,73269,14606,0.1993442427266809,93.5037594115472,93.46553047988178,0.0382289316654148,0.0,0.08974525499531,2.19906248601229e-06,5.5977731024853365e-09,6.04842759832888,6.182901135041513,8
CP_REPO_HAAR_SHAPE,top_30pct_random_gate,shuffled_perturbation_magnitude,cluster_entry_strict,ex_post_descriptive,10,73269,21945,0.2995125134510158,93.5037594115472,93.46679169204393,0.036967719503276,0.0,0.1326005862277366,2.735422128383283e-06,1.806453955792557e-08,6.359610017684548,6.582833515617244,6
RANDOM_GATE_PLACEBO_REPO,top_30pct,perturbation_magnitude,cluster_entry_strict,ex_post_descriptive,10,73269,28621,0.390567815429358,93.5037594115472,93.4683681091899,0.0353913023572954,0.0,0.1759611858364065,3.2982408807016534e-06,2.2569755601089547e-08,9.35390150454998,1.578988567536328,7
RANDOM_GATE_PLACEBO_REPO,condition_cluster_entry_loose,condition_label,cluster_entry_strict,ex_post_descriptive,10,73269,73269,1.0,93.5037594115472,93.46850321778555,0.0352561937616445,0.0041495674259785,0.4448764916627981,3.3966721175451898e-06,2.416262595646025e-08,4.469962002438641,0.0,7
SHUFFLED_LAG_PM_PLACEBO_REPO,top_10pct_random_gate,shuffled_perturbation_magnitude,cluster_entry_strict,ex_post_descriptive,10,73269,7226,0.0986210712405402,93.5037594115472,93.47963231179848,0.0241270997487422,0.0,0.0465160172702957,4.615038500111379e-07,2.7408521802336966e-09,4.312748394752516,4.289926792361195,8
SHUFFLED_LAG_PM_PLACEBO_REPO,top_20pct_random_gate,shuffled_perturbation_magnitude,cluster_entry_strict,ex_post_descriptive,10,73269,14595,0.1991962347129682,93.5037594115472,93.47964905861474,0.0241103529324818,0.0,0.092475672395895,8.342037460592675e-07,5.5032984965302525e-09,4.361442841470837,4.306247682465686,6
RANDOM_GATE_PLACEBO_REPO,validation_selected,prefix_validation_perturbation_magnitude,cluster_entry_strict,ex_post_descriptive,10,55265,5946,0.1055157662300922,92.96200619970053,92.9384967504656,0.0235094492349204,0.0,0.0526305404576503,2.820973544896406e-06,1.9274236198852678e-08,19.7906802062902,3.081160745716926,6
RANDOM_GATE_PLACEBO_REPO,top_20pct_random_gate,shuffled_perturbation_magnitude,cluster_entry_strict,ex_post_descriptive,10,73269,14676,0.2002994261197404,93.5037594115472,93.48107841671462,0.0226809948325915,0.0,0.0891151912589736,8.949792690496588e-07,6.1863595013663026e-09,4.461933799474918,4.4086932404097565,7
RANDOM_GATE_PLACEBO_REPO,top_20pct,perturbation_magnitude,cluster_entry_strict,ex_post_descriptive,10,73269,19927,0.2719195245095759,93.5037594115472,93.48180794551894,0.0219514660282785,0.0,0.1233730905379248,3.1104673133559533e-06,2.162191371116356e-08,11.678679553706036,2.0469140318214203,6
RAW_CP_REPO_PLUS_PM,top_10pct_random_gate,shuffled_perturbation_magnitude,cluster_entry_strict,ex_post_descriptive,10,73269,7202,0.0982934352732463,93.5037594115472,93.48511189241546,0.0186475191317428,0.0,0.0437310690163478,1.0422176023919455e-06,2.878359547769825e-09,5.95093084940771,6.192441927192037,6
CP_REPO_RECENT_SLOPE,top_10pct_random_gate,shuffled_perturbation_magnitude,cluster_entry_strict,ex_post_descriptive,10,73269,7158,0.097692283932152,93.5037594115472,93.48588602285562,0.0178733886915785,0.0,0.0449052355187258,4.910617919042708e-07,2.1909637015190452e-09,6.36770323049059,6.378615510919886,6
CP_REPO_HAAR_SHAPE,top_10pct_random_gate,shuffled_perturbation_magnitude,cluster_entry_strict,ex_post_descriptive,10,73269,7226,0.0986233509324712,93.5037594115472,93.48737306152788,0.016386350019335,0.0,0.0439630754986224,8.163733177509966e-07,6.934781411139921e-09,6.255666143081883,6.578075405927313,9
SHUFFLED_LAG_PM_PLACEBO_REPO,top_5pct_random_gate,shuffled_perturbation_magnitude,cluster_entry_strict,ex_post_descriptive,10,73269,3589,0.0489809631748448,93.5037594115472,93.48768968831192,0.0160697232352799,0.0,0.0233241809054584,3.1390456794545613e-07,2.163933187989045e-09,4.03316396996911,4.299069767054853,8
RANDOM_GATE_PLACEBO_REPO,top_10pct_random_gate,shuffled_perturbation_magnitude,cluster_entry_strict,ex_post_descriptive,10,73269,7266,0.099166864838902,93.5037594115472,93.48782305638746,0.0159363551597545,0.0,0.0447429891465993,5.318803018313661e-07,3.294107952220918e-09,4.342055906547551,4.439916065679205,6
RANDOM_GATE_PLACEBO_REPO,top_5pct_random_gate,shuffled_perturbation_magnitude,cluster_entry_strict,ex_post_descriptive,10,73269,3539,0.0483009783269516,93.5037594115472,93.49226649973092,0.011492911816278,0.0,0.0219764693033525,2.477405156045239e-07,2.147373517590512e-09,4.108094258372235,4.450753893508212,7
CP_REPO_RECENT_SLOPE,top_5pct_random_gate,shuffled_perturbation_magnitude,cluster_entry_strict,ex_post_descriptive,10,73269,3534,0.0482329864134015,93.5037594115472,93.49309837523148,0.010661036315734,0.0,0.0223031038690555,2.337204537379101e-07,1.3428566485040151e-09,6.310511265047856,6.373528272988734,5
CP_REPO_OPS_HG,top_5pct_random_gate,shuffled_perturbation_magnitude,cluster_entry_strict,ex_post_descriptive,10,73269,3547,0.0484108189591621,93.5037594115472,93.49553969261204,0.0082197189351709,0.0,0.022030226103675,8.361447527465196e-07,2.765798692887811e-09,12.811884300207192,12.15657276410887,6
CP_REPO_HAAR_SHAPE,top_5pct_random_gate,shuffled_perturbation_magnitude,cluster_entry_strict,ex_post_descriptive,10,73269,3560,0.0485867397567001,93.5037594115472,93.49578540986607,0.0079740016811466,0.0,0.0217842898428389,4.374123114882786e-07,4.62443431379255e-09,6.302341047327363,6.578038876679001,9
CP_REPO_OPS_HG,top_10pct_random_gate,shuffled_perturbation_magnitude,cluster_entry_strict,ex_post_descriptive,10,73269,7255,0.0990188664385053,93.5037594115472,93.49684725956016,0.0069121519870601,0.0,0.0447036730809945,1.7020766278506762e-06,4.376023233045287e-09,12.768328200314787,12.150774563777318,6
CP_REPO_GATED_RIDGE_OPS_C,top_5pct_random_gate,shuffled_perturbation_magnitude,cluster_entry_strict,ex_post_descriptive,10,73269,3592,0.0490230034949177,93.5037594115472,93.4978802569144,0.0058791546328343,0.0,0.0221675208558496,4.5517668789648366e-07,3.768386548195126e-09,8.717526222852445,8.404341407223646,5
CP_REPO_OPS_HG,top_20pct_random_gate,shuffled_perturbation_magnitude,cluster_entry_strict,ex_post_descriptive,10,73269,14634,0.1997292497317824,93.5037594115472,93.49803676949172,0.0057226420554725,0.0,0.0902089200211975,3.31067062389654e-06,8.373473587480451e-09,12.71861410931727,12.192392318950215,5
RAW_CP_REPO_PLUS_PM,top_5pct_random_gate,shuffled_perturbation_magnitude,cluster_entry_strict,ex_post_descriptive,10,73269,3530,0.0481762937733548,93.5037594115472,93.49856403773312,0.0051953738140703,0.0,0.0213192490639854,5.560499373634994e-07,1.2044175631112494e-09,5.958959519309213,6.201073122661514,6
RANDOM_GATE_PLACEBO_REPO,top_10pct,perturbation_magnitude,cluster_entry_strict,ex_post_descriptive,10,73269,10468,0.1428373201996289,93.5037594115472,93.5049253611474,-0.0011659496001985,0.0,0.0653560373191017,2.5216704788384718e-06,1.8247426858741197e-08,16.458582110972294,2.7418640441436986,6
RANDOM_GATE_PLACEBO_REPO,top_30pct_random_gate,shuffled_perturbation_magnitude,cluster_entry_strict,ex_post_descriptive,10,73269,21922,0.2991953379441833,93.5037594115472,93.50683240456736,-0.0030729930201307,0.0,0.1323565199660523,9.198398133238268e-07,7.46680478267234e-09,4.580511143984554,4.426956653254183,6
SHUFFLED_LAG_PM_PLACEBO_REPO,top_10pct,perturbation_magnitude,cluster_entry_strict,ex_post_descriptive,10,73269,9592,0.1308626924411688,93.5037594115472,93.50980137574572,-0.0060419641985179,0.0,0.0617277756063007,2.597047833056542e-06,1.3205983071686553e-08,16.631298383284562,2.9996965882501576,3
CP_REPO_GATED_RIDGE_OPS_C,top_10pct_random_gate,shuffled_perturbation_magnitude,cluster_entry_strict,ex_post_descriptive,10,73269,7281,0.0993720654342903,93.5037594115472,93.51383335964496,-0.0100739480977558,0.0,0.0445801779594217,3.6221482884873924e-07,4.184252551376054e-09,8.92980134238719,8.410180089942063,5
RANDOM_GATE_PLACEBO_REPO,top_5pct,perturbation_magnitude,cluster_entry_strict,ex_post_descriptive,10,73269,5458,0.0744732387227286,93.5037594115472,93.5291721868239,-0.0254127752766682,0.0,0.0341844868773759,1.7620434194685234e-06,1.4211755401197877e-08,22.15624164250618,3.297272576360572,6
CP_REPO_GATED_RIDGE_OPS_C,top_20pct_random_gate,shuffled_perturbation_magnitude,cluster_entry_strict,ex_post_descriptive,10,73269,14705,0.2006975277119334,93.5037594115472,93.53552102849258,-0.0317616169453792,0.0,0.0892435084204659,4.89413584326754e-07,6.366289204321274e-09,8.77676671629372,8.447147989275896,4
CP_REPO_GATED_RIDGE_OPS_C,top_30pct_random_gate,shuffled_perturbation_magnitude,cluster_entry_strict,ex_post_descriptive,10,73269,22027,0.3006308510514744,93.5037594115472,93.5490815856735,-0.045322174126289,0.0,0.1328927494800376,5.975609644272154e-07,8.623963953110726e-09,8.733353498129436,8.441491369435148,5
SHUFFLED_LAG_PM_PLACEBO_REPO,top_5pct,perturbation_magnitude,cluster_entry_strict,ex_post_descriptive,10,73269,4917,0.0670773400154728,93.5037594115472,93.55332652369822,-0.0495671121510071,0.0,0.0316127727480756,1.645169101487852e-06,1.0297796150764008e-08,23.152968383736415,3.43680189141986,2
CP_REPO_GATED_RIDGE_OPS_C,validation_selected,prefix_validation_perturbation_magnitude,cluster_entry_strict,ex_post_descriptive,10,55265,12779,0.2283274960658271,92.96200619970053,93.03264779846484,-0.0706415987643324,0.0,0.1070543772885182,1.7693084280739335e-06,2.2695629695337953e-08,20.73770253108928,5.312059908291577,4
CP_REPO_GATED_RIDGE_OPS_C,top_5pct,perturbation_magnitude,cluster_entry_strict,ex_post_descriptive,10,73269,10822,0.1477060112272744,93.5037594115472,93.57567915400804,-0.0719197424608227,0.0,0.0662972241839093,1.8897681722851488e-06,1.9247467970398975e-08,23.52474029478744,6.024172231933216,3
CP_REPO_GATED_RIDGE_OPS_C,top_10pct,perturbation_magnitude,cluster_entry_strict,ex_post_descriptive,10,73269,18803,0.2566324886224091,93.5037594115472,93.6218051201142,-0.1180457085669905,0.0,0.1137709782695517,1.5346215473721884e-06,2.2606071911895647e-08,19.376820255446624,4.912853492704435,4
CP_REPO_GATED_RIDGE_OPS_C,top_20pct,perturbation_magnitude,cluster_entry_strict,ex_post_descriptive,10,73269,31239,0.4263516454358232,93.5037594115472,93.65632774885704,-0.1525683373098543,0.0,0.1886035845190802,1.5072455119737666e-06,2.4402332291749053e-08,15.529436441863677,3.491152459706112,4
CP_REPO_GATED_RIDGE_OPS_C,condition_cluster_entry_loose,condition_label,cluster_entry_strict,ex_post_descriptive,10,73269,73269,1.0,93.5037594115472,93.66969064783412,-0.1659312362869026,0.0039198979974074,0.4400550171780423,1.806545266117292e-06,2.6189521397407644e-08,8.72165434341645,0.0,3
CP_REPO_GATED_RIDGE_OPS_C,top_30pct,perturbation_magnitude,cluster_entry_strict,ex_post_descriptive,10,73269,40761,0.556303009321197,93.5037594115472,93.67731149010632,-0.1735520785591088,0.0,0.2447815599431672,1.4219687768833524e-06,2.538124660617579e-08,13.424785943873877,2.5994958937936303,4
CP_REPO_GATED_RIDGE_OPS_C,condition_cluster_entry_loose,condition_label,cluster_exit_loose,ex_post_descriptive,10,73456,0,0.0,97.78270467627152,97.78270467627152,0.0,0.0,0.0,0.0,0.0,0.0,4.063742668615605,0
CP_REPO_GATED_RIDGE_OPS_C,condition_entry_with_recent_spike,condition_label,cluster_exit_loose,ex_post_descriptive,10,73456,0,0.0,97.78270467627152,97.78270467627152,0.0,0.0,0.0,0.0,0.0,0.0,4.063742668615605,0
CP_REPO_HAAR_SHAPE,condition_cluster_entry_loose,condition_label,cluster_exit_loose,ex_post_descriptive,10,73456,0,0.0,97.78270467627152,97.78270467627152,0.0,0.0,0.0,0.0,0.0,0.0,7.190010063869609,0
CP_REPO_HAAR_SHAPE,condition_entry_with_recent_spike,condition_label,cluster_exit_loose,ex_post_descriptive,10,73456,0,0.0,97.78270467627152,97.78270467627152,0.0,0.0,0.0,0.0,0.0,0.0,7.190010063869609,0
CP_REPO_OPS_HG,condition_cluster_entry_loose,condition_label,cluster_exit_loose,ex_post_descriptive,10,73456,0,0.0,97.78270467627152,97.78270467627152,0.0,0.0,0.0,0.0,0.0,0.0,5.785594700259119,0
CP_REPO_OPS_HG,condition_entry_with_recent_spike,condition_label,cluster_exit_loose,ex_post_descriptive,10,73456,0,0.0,97.78270467627152,97.78270467627152,0.0,0.0,0.0,0.0,0.0,0.0,5.785594700259119,0
CP_REPO_RECENT_SLOPE,condition_cluster_entry_loose,condition_label,cluster_exit_loose,ex_post_descriptive,10,73456,0,0.0,97.78270467627152,97.78270467627152,0.0,0.0,0.0,0.0,0.0,0.0,5.546412794342134,0
CP_REPO_RECENT_SLOPE,condition_entry_with_recent_spike,condition_label,cluster_exit_loose,ex_post_descriptive,10,73456,0,0.0,97.78270467627152,97.78270467627152,0.0,0.0,0.0,0.0,0.0,0.0,5.546412794342134,0
RANDOM_GATE_PLACEBO_REPO,condition_cluster_entry_loose,condition_label,cluster_exit_loose,ex_post_descriptive,10,73456,0,0.0,97.78270467627152,97.78270467627152,0.0,0.0,0.0,0.0,0.0,0.0,5.029754303370096,0
RANDOM_GATE_PLACEBO_REPO,condition_entry_with_recent_spike,condition_label,cluster_exit_loose,ex_post_descriptive,10,73456,0,0.0,97.78270467627152,97.78270467627152,0.0,0.0,0.0,0.0,0.0,0.0,5.029754303370096,0
RAW_CP_REPO_PLUS_PM,condition_cluster_entry_loose,condition_label,cluster_exit_loose,ex_post_descriptive,10,73456,0,0.0,97.78270467627152,97.78270467627152,0.0,0.0,0.0,0.0,0.0,0.0,6.558720206018018,0
RAW_CP_REPO_PLUS_PM,condition_entry_with_recent_spike,condition_label,cluster_exit_loose,ex_post_descriptive,10,73456,0,0.0,97.78270467627152,97.78270467627152,0.0,0.0,0.0,0.0,0.0,0.0,6.558720206018018,0
SHUFFLED_LAG_PM_PLACEBO_REPO,condition_cluster_entry_loose,condition_label,cluster_exit_loose,ex_post_descriptive,10,73456,0,0.0,97.78270467627152,97.78270467627152,0.0,0.0,0.0,0.0,0.0,0.0,5.759565355644154,0
SHUFFLED_LAG_PM_PLACEBO_REPO,condition_entry_with_recent_spike,condition_label,cluster_exit_loose,ex_post_descriptive,10,73456,0,0.0,97.78270467627152,97.78270467627152,0.0,0.0,0.0,0.0,0.0,0.0,5.759565355644154,0
CP_REPO_GATED_RIDGE_OPS_C,top_5pct_random_gate,shuffled_perturbation_magnitude,cluster_exit_loose,ex_post_descriptive,10,73456,3727,0.0507379878279814,97.78270467627152,97.79742784206486,-0.0147231657933403,0.0,0.0223811807331628,9.605633896749369e-08,7.022116919888864e-11,5.030599448296929,4.063601517098207,6
RANDOM_GATE_PLACEBO_REPO,top_5pct_random_gate,shuffled_perturbation_magnitude,cluster_exit_loose,ex_post_descriptive,10,73456,3765,0.0512561570521928,97.78270467627152,97.80344646651082,-0.0207417902393143,0.0,0.0214966669034763,1.0397894151719991e-08,-2.0315846684662802e-09,5.916614912066081,5.032895095231957,3
CP_REPO_GATED_RIDGE_OPS_C,top_10pct_random_gate,shuffled_perturbation_magnitude,cluster_exit_loose,ex_post_descriptive,10,73456,7428,0.1011218563512361,97.78270467627152,97.80709936614744,-0.0243946898759212,0.0,0.0444354752770673,2.424323300213968e-07,8.596581180191273e-10,5.084093187736175,4.050252129945732,2
CP_REPO_OPS_HG,top_5pct_random_gate,shuffled_perturbation_magnitude,cluster_exit_loose,ex_post_descriptive,10,73456,3735,0.0508468314862176,97.78270467627152,97.8103853971999,-0.0276807209283814,0.0,0.0213195628492943,-1.3416108636456094e-07,2.3482779273075976e-10,6.887048067173245,5.782453914964264,2
SHUFFLED_LAG_PM_PLACEBO_REPO,top_5pct_random_gate,shuffled_perturbation_magnitude,cluster_exit_loose,ex_post_descriptive,10,73456,3684,0.0501528014587477,97.78270467627152,97.81248820155496,-0.0297835252834677,0.0,0.0196996068958984,-1.85561044256923e-07,6.8122929056722916e-12,6.177961747582247,5.766236872895324,2
RANDOM_GATE_PLACEBO_REPO,top_10pct_random_gate,shuffled_perturbation_magnitude,cluster_exit_loose,ex_post_descriptive,10,73456,7325,0.0997203869470493,97.78270467627152,97.81318146676044,-0.0304767904889236,0.0,0.0422166867954911,6.18191190306425e-08,-2.025719677474143e-09,5.943805511025067,5.016265114962499,2
RAW_CP_REPO_PLUS_PM,top_5pct_random_gate,shuffled_perturbation_magnitude,cluster_exit_loose,ex_post_descriptive,10,73456,3705,0.0504382459505541,97.78270467627152,97.81938342440596,-0.0366787481344767,0.0,0.019290902955385,-4.803657855737036e-07,-8.435194164087352e-11,6.935071293446569,6.556967409293378,3
CP_REPO_RECENT_SLOPE,top_5pct_random_gate,shuffled_perturbation_magnitude,cluster_exit_loose,ex_post_descriptive,10,73456,3727,0.0507373958037321,97.78270467627152,97.8216246717772,-0.038919995505683,0.0,0.018813761011651,-5.276882305196482e-07,-4.4968772691916436e-10,5.956605576297961,5.542428072743889,1
CP_REPO_GATED_RIDGE_OPS_C,top_20pct_random_gate,shuffled_perturbation_magnitude,cluster_exit_loose,ex_post_descriptive,10,73456,14668,0.1996847174860282,97.78270467627152,97.82425967480545,-0.041554998533937,0.0,0.0871962915601023,5.471365298162408e-07,1.6488127764626823e-09,4.99278140533872,4.048041664425972,1
SHUFFLED_LAG_PM_PLACEBO_REPO,top_10pct_random_gate,shuffled_perturbation_magnitude,cluster_exit_loose,ex_post_descriptive,10,73456,7446,0.1013667175807521,97.78270467627152,97.82516370452149,-0.0424590282499654,0.0,0.0396704201004073,-2.770482902931349e-07,-1.292356329868144e-10,6.02027443941598,5.751992077956334,2
CP_REPO_OPS_HG,top_10pct_random_gate,shuffled_perturbation_magnitude,cluster_exit_loose,ex_post_descriptive,10,73456,7347,0.1000187375674907,97.78270467627152,97.8296500961363,-0.0469454198648044,0.0,0.0410319870701903,-2.002651854511611e-07,8.966012772696772e-10,6.644297959482444,5.759586172102424,4
CP_REPO_HAAR_SHAPE,top_5pct_random_gate,shuffled_perturbation_magnitude,cluster_exit_loose,ex_post_descriptive,10,73456,3755,0.051119369849389,97.78270467627152,97.8369018511109,-0.0541971748393893,0.0,0.0218093149095386,2.839937804219783e-08,7.634922048684473e-10,9.66251307476862,7.202381211507725,0
CP_REPO_RECENT_SLOPE,top_10pct_random_gate,shuffled_perturbation_magnitude,cluster_exit_loose,ex_post_descriptive,10,73456,7428,0.1011207315051624,97.78270467627152,97.84489493562764,-0.0621902593561443,0.0,0.0376419378137728,-9.276814288230036e-07,-2.5132443023711236e-10,5.790406286783059,5.512499495396325,1
CP_REPO_GATED_RIDGE_OPS_C,top_30pct_random_gate,shuffled_perturbation_magnitude,cluster_exit_loose,ex_post_descriptive,10,73456,21960,0.2989544555745004,97.78270467627152,97.85812038884664,-0.0754157125751207,0.0,0.1303239852704367,8.32638779638741e-07,3.160311996789407e-09,5.045070513246829,4.045255514879504,3
SHUFFLED_LAG_PM_PLACEBO_REPO,top_20pct_random_gate,shuffled_perturbation_magnitude,cluster_exit_loose,ex_post_descriptive,10,73456,14680,0.1998472873448896,97.78270467627152,97.86515112119478,-0.0824464449232784,0.0,0.0790548924883963,-5.658206504647061e-07,-6.972627009167664e-11,6.001094556747273,5.762013674993615,1
RANDOM_GATE_PLACEBO_REPO,top_20pct_random_gate,shuffled_perturbation_magnitude,cluster_exit_loose,ex_post_descriptive,10,73456,14581,0.1985006393861892,97.78270467627152,97.87152125775398,-0.0888165814824869,0.0,0.0818597257743677,6.897146534091838e-08,-1.5507898456423422e-09,6.109641949651467,4.991052853563643,2
RAW_CP_REPO_PLUS_PM,top_10pct_random_gate,shuffled_perturbation_magnitude,cluster_exit_loose,ex_post_descriptive,10,73456,7440,0.1012854918537463,97.78270467627152,97.87370301894462,-0.0909983426731177,0.0,0.0384998105522402,-1.0631147963229543e-06,8.768818556355531e-11,7.153607101358864,6.567508033877237,2
CP_REPO_OPS_HG,top_20pct_random_gate,shuffled_perturbation_magnitude,cluster_exit_loose,ex_post_descriptive,10,73456,14650,0.1994396786492374,97.78270467627152,97.87484007319622,-0.0921353969247195,0.0,0.0820922728994979,-3.806859241423886e-07,3.2235448497621753e-09,6.585040215408729,5.764912194408237,3
CP_REPO_HAAR_SHAPE,top_10pct_random_gate,shuffled_perturbation_magnitude,cluster_exit_loose,ex_post_descriptive,10,73456,7452,0.1014488905465567,97.78270467627152,97.8788012556735,-0.0960965794019811,0.0,0.0423799374822392,-7.462374317848546e-08,7.313665343330443e-10,9.033318371701425,7.218920314520429,0
RANDOM_GATE_PLACEBO_REPO,top_30pct_random_gate,shuffled_perturbation_magnitude,cluster_exit_loose,ex_post_descriptive,10,73456,22056,0.3002621483375959,97.78270467627152,97.90698551522216,-0.124280838950625,0.0,0.1233412664582741,1.4997945435789818e-07,-1.6262537753980881e-09,5.977735085223623,4.976383290337708,1
CP_REPO_RECENT_SLOPE,top_20pct_random_gate,shuffled_perturbation_magnitude,cluster_exit_loose,ex_post_descriptive,10,73456,14761,0.2009505541346973,97.78270467627152,97.92291508279052,-0.1402104065190215,0.0,0.0742905477408354,-1.8205133206661745e-06,7.318668305725795e-10,5.824042559483249,5.51586445275793,1
RAW_CP_REPO_PLUS_PM,top_20pct_random_gate,shuffled_perturbation_magnitude,cluster_exit_loose,ex_post_descriptive,10,73456,14693,0.2000248354172586,97.78270467627152,97.92485352546444,-0.1421488491929342,0.0,0.0769996507056929,-1.7875667029198657e-06,1.8423739126611928e-10,7.062901347204533,6.555235614623041,0
CP_REPO_GATED_RIDGE_OPS_C,top_5pct,perturbation_magnitude,cluster_exit_loose,ex_post_descriptive,10,73456,1929,0.0262616036752865,97.78270467627152,97.92716945617644,-0.1444647799049245,0.0,0.0105105617126077,-5.2561662655423e-07,1.762268287559112e-09,28.958957612105007,3.6223906560554417,0
SHUFFLED_LAG_PM_PLACEBO_REPO,top_30pct_random_gate,shuffled_perturbation_magnitude,cluster_exit_loose,ex_post_descriptive,10,73456,22065,0.3003834245050677,97.78270467627152,97.92993888599652,-0.147234209725015,0.0,0.1182629712513024,-9.769141446898052e-07,-4.3259337330905546e-10,6.108396670534027,5.7890275690142845,0
CP_REPO_OPS_HG,top_30pct_random_gate,shuffled_perturbation_magnitude,cluster_exit_loose,ex_post_descriptive,10,73456,21952,0.2988466183574879,97.78270467627152,97.94081398287526,-0.1581093066037334,0.0,0.121994322487449,-4.6125479621669364e-07,4.786662568443767e-09,6.661486978746853,5.772578310191909,2
CP_REPO_GATED_RIDGE_OPS_C,validation_selected,prefix_validation_perturbation_magnitude,cluster_exit_loose,ex_post_descriptive,10,55433,3463,0.0613625628875208,96.46213322973536,96.62061158152363,-0.1584783517882777,0.0,0.0293940972306865,-4.70641863714629e-07,3.076265515433733e-09,24.06966415103819,3.365119115309649,0
CP_REPO_OPS_HG,top_5pct,perturbation_magnitude,cluster_exit_loose,ex_post_descriptive,10,73456,2090,0.0284514125698588,97.78270467627152,97.96887868672286,-0.1861740104513544,0.0,0.011122359571848,-1.5824111781950424e-06,6.402114181778018e-09,29.635910077576664,5.249415474108554,0
CP_REPO_RECENT_SLOPE,top_30pct_random_gate,shuffled_perturbation_magnitude,cluster_exit_loose,ex_post_descriptive,10,73456,22047,0.3001382080610021,97.78270467627152,97.98908582519014,-0.2063811489186313,0.0,0.111006914843232,-2.815586405755969e-06,7.793386442460304e-10,5.788151011986814,5.500681170554726,1
CP_REPO_HAAR_SHAPE,top_20pct_random_gate,shuffled_perturbation_magnitude,cluster_exit_loose,ex_post_descriptive,10,73456,14755,0.2008681443591929,97.78270467627152,97.99077578530178,-0.208071109030276,0.0,0.0822273728331912,-2.946330859353866e-07,-1.0275648656199175e-09,9.08551834425998,7.20667159340922,1
RAW_CP_REPO_PLUS_PM,top_30pct_random_gate,shuffled_perturbation_magnitude,cluster_exit_loose,ex_post_descriptive,10,73456,21949,0.2988041110163872,97.78270467627152,98.00456920522797,-0.2218645289564529,0.0,0.1152544224211423,-2.7562458668085058e-06,-2.3208484097688802e-10,7.173974103608953,6.557020018224809,0
CP_REPO_GATED_RIDGE_OPS_C,top_10pct,perturbation_magnitude,cluster_exit_loose,ex_post_descriptive,10,73456,4323,0.058852538599981,97.78270467627152,98.00978842686796,-0.227083750596467,0.0,0.0237703656341763,-4.855988517700537e-07,1.5838206259941644e-09,23.0233109113942,3.255706260901733,0
CP_REPO_RECENT_SLOPE,top_5pct,perturbation_magnitude,cluster_exit_loose,ex_post_descriptive,10,73456,5612,0.0764013509993369,97.78270467627152,98.0191052340084,-0.2364005577369016,0.0,0.0268738751539263,-3.830762909584997e-06,9.221825431206607e-10,17.020214945244646,4.630717081212467,0
SHUFFLED_LAG_PM_PLACEBO_REPO,top_5pct,perturbation_magnitude,cluster_exit_loose,ex_post_descriptive,10,73456,5598,0.0762082918916358,97.78270467627152,98.0658688735094,-0.2831641972378694,0.0,0.0291199263521833,-1.816360949151075e-06,-3.2274894935286317e-09,25.47383879575723,4.490816240195359,0
CP_REPO_RECENT_SLOPE,validation_selected,prefix_validation_perturbation_magnitude,cluster_exit_loose,ex_post_descriptive,10,55433,7244,0.1307798656500801,96.46213322973536,96.75799707863426,-0.2958638488989022,0.0,0.0459130777705676,-3.5043104854410537e-06,2.4307122733179994e-09,15.03064712255781,4.251457739385992,1
CP_REPO_OPS_HG,validation_selected,prefix_validation_perturbation_magnitude,cluster_exit_loose,ex_post_descriptive,10,55433,5664,0.1007702250973096,96.46213322973536,96.77166371299072,-0.3095304832553552,0.0,0.0431648795206361,-2.8883324094455e-06,9.976673996938e-09,22.36214625863028,4.637245804388296,1
CP_REPO_HAAR_SHAPE,top_30pct_random_gate,shuffled_perturbation_magnitude,cluster_exit_loose,ex_post_descriptive,10,73456,22238,0.3027383489627735,97.78270467627152,98.0923335542146,-0.3096288779430912,0.0,0.1240897627166808,-1.462080526651869e-07,2.2954690763501096e-09,9.129690284068332,7.200958052697598,1
CP_REPO_OPS_HG,top_10pct,perturbation_magnitude,cluster_exit_loose,ex_post_descriptive,10,73456,4553,0.0619799658994032,97.78270467627152,98.09295338775448,-0.3102487114829891,0.0,0.0245450589656152,-2.1355027935496397e-06,8.255408237201397e-09,25.33848946907539,4.765712419688181,2
SHUFFLED_LAG_PM_PLACEBO_REPO,validation_selected,prefix_validation_perturbation_magnitude,cluster_exit_loose,ex_post_descriptive,10,55433,16032,0.286701362979019,96.46213322973536,96.7728751293704,-0.3107418996350363,0.0,0.1164328111526387,-2.2304123655971893e-06,-2.458906108188709e-09,15.037656588169392,2.9235245851494733,0
SHUFFLED_LAG_PM_PLACEBO_REPO,top_10pct,perturbation_magnitude,cluster_exit_loose,ex_post_descriptive,10,73456,11251,0.1531655832622904,97.78270467627152,98.10864480665926,-0.3259401303877417,0.0,0.0599419224211423,-2.0062765313771205e-06,-2.4347088521581686e-09,18.811623553565735,3.8210874156393366,0
RANDOM_GATE_PLACEBO_REPO,validation_selected,prefix_validation_perturbation_magnitude,cluster_exit_loose,ex_post_descriptive,10,55433,5282,0.0931724816491092,96.46213322973536,96.79481592365276,-0.3326826939174029,0.0,0.0404944693162416,-1.1004114215278215e-06,-2.7847348888560314e-09,29.54875913294331,3.616072221913976,1
SHUFFLED_LAG_PM_PLACEBO_REPO,top_20pct,perturbation_magnitude,cluster_exit_loose,ex_post_descriptive,10,73456,21997,0.2994538576300085,97.78270467627152,98.11997094276906,-0.3372662664975455,0.0,0.1187530193236715,-2.1727088887166378e-06,-1.3723810544577358e-09,13.47264550075382,2.863269166716782,0
CP_REPO_GATED_RIDGE_OPS_C,top_20pct,perturbation_magnitude,cluster_exit_loose,ex_post_descriptive,10,73456,9800,0.1334144110542767,97.78270467627152,98.12528272330958,-0.3425780470380739,0.0,0.0535307142180543,-1.7010251325936276e-07,2.412595684161253e-09,17.342487144354486,2.6908248685704925,0
RAW_CP_REPO_PLUS_PM,top_5pct,perturbation_magnitude,cluster_exit_loose,ex_post_descriptive,10,73456,4996,0.0680132850241545,97.78270467627152,98.13334459097112,-0.3506399146996146,0.0,0.0240966597991853,-3.5240425083119606e-06,3.5029875225425446e-09,22.98836020868889,5.633582098554198,0
CP_REPO_GATED_RIDGE_OPS_C,top_30pct,perturbation_magnitude,cluster_exit_loose,ex_post_descriptive,10,73456,16225,0.2208809616841906,97.78270467627152,98.13893648096015,-0.3562318046886447,0.0,0.089729267310789,4.79759713265806e-07,3.656792988950886e-09,13.836289613633175,2.195628384599368,0
SHUFFLED_LAG_PM_PLACEBO_REPO,top_30pct,perturbation_magnitude,cluster_exit_loose,ex_post_descriptive,10,73456,31576,0.4298577957753149,97.78270467627152,98.14904784938436,-0.3663431731128567,0.0,0.1694241676139054,-2.4062118231767924e-06,-1.5096680578626123e-09,10.985031394910854,2.2341773379581547,0
CP_REPO_RECENT_SLOPE,top_10pct,perturbation_magnitude,cluster_exit_loose,ex_post_descriptive,10,73456,10408,0.1416919461021123,97.78270467627152,98.15262695716626,-0.3699222808947494,0.0,0.0489423190773894,-5.5717585668700735e-06,1.079134693585501e-09,14.142462211634992,4.172385963572054,1
RANDOM_GATE_PLACEBO_REPO,top_5pct,perturbation_magnitude,cluster_exit_loose,ex_post_descriptive,10,73456,4814,0.0655383868523254,97.78270467627152,98.1858299485612,-0.4031252722896978,0.0,0.0241928341384863,-1.6087216693735922e-06,-3.531376090252628e-09,31.668312016774884,3.92041432549516,0
RAW_CP_REPO_PLUS_PM,validation_selected,prefix_validation_perturbation_magnitude,cluster_exit_loose,ex_post_descriptive,10,55433,5583,0.0995344693293967,96.46213322973536,96.86811433198622,-0.4059811022508709,0.0,0.0378462753341636,-4.772846413108144e-06,5.878200263498837e-09,19.97478136335542,5.3484522022612975,0
RANDOM_GATE_PLACEBO_REPO,top_30pct,perturbation_magnitude,cluster_exit_loose,ex_post_descriptive,10,73456,27975,0.3808433977455716,97.78270467627152,98.24848741205388,-0.4657827357823706,0.0,0.1538369091597992,-2.358766456940091e-07,1.4178337349914749e-10,12.857943879780374,1.771030218014161,0
RANDOM_GATE_PLACEBO_REPO,top_10pct,perturbation_magnitude,cluster_exit_loose,ex_post_descriptive,10,73456,9666,0.1315925156294402,97.78270467627152,98.2508071560588,-0.4681024797872872,0.0,0.0510396833854314,-1.2135438880685325e-06,-1.670287283240871e-09,23.4383317797314,3.221868309438436,0
RANDOM_GATE_PLACEBO_REPO,top_20pct,perturbation_magnitude,cluster_exit_loose,ex_post_descriptive,10,73456,19097,0.2599826832907076,97.78270467627152,98.25928560742888,-0.4765809311573767,0.0,0.1038341562470398,-6.108457066622671e-07,-4.0331372920011226e-10,16.308936846136223,2.350835072571656,0
CP_REPO_OPS_HG,top_20pct,perturbation_magnitude,cluster_exit_loose,ex_post_descriptive,10,73456,10095,0.1374242208960879,97.78270467627152,98.2647950458679,-0.4820903695964046,0.0,0.0540731564364876,-2.6786702614441425e-06,1.0949473964117089e-08,19.687017055412905,4.015728483792104,2
RAW_CP_REPO_PLUS_PM,top_10pct,perturbation_magnitude,cluster_exit_loose,ex_post_descriptive,10,73456,10406,0.1416644761769442,97.78270467627152,98.28023484163852,-0.4975301653670043,0.0,0.0508485483565406,-5.118320226470203e-06,4.164544626288562e-09,18.36468566276768,4.980296390381755,0
CP_REPO_RECENT_SLOPE,top_20pct,perturbation_magnitude,cluster_exit_loose,ex_post_descriptive,10,73456,18546,0.2524791311452117,97.78270467627152,98.28616381933831,-0.5034591430668163,0.0,0.0884358423321019,-7.12202130688312e-06,6.312413631669155e-10,11.791650050826414,3.524589950206276,1
CP_REPO_OPS_HG,top_30pct,perturbation_magnitude,cluster_exit_loose,ex_post_descriptive,10,73456,16554,0.2253508039689305,97.78270467627152,98.31909040209337,-0.5363857258218568,0.0,0.0883248377853556,-2.8077698366048987e-06,1.2034489933918989e-08,15.999068909691346,3.3325110656111447,0
CP_REPO_RECENT_SLOPE,top_30pct,perturbation_magnitude,cluster_exit_loose,ex_post_descriptive,10,73456,25431,0.346207788671024,97.78270467627152,98.36764646171936,-0.5849417854478481,0.0,0.1225795384578952,-7.988466990554356e-06,8.213126154982361e-10,10.509466424355413,3.029067948416293,1
RAW_CP_REPO_PLUS_PM,top_20pct,perturbation_magnitude,cluster_exit_loose,ex_post_descriptive,10,73456,20956,0.2852906839064128,97.78270467627152,98.42184256940436,-0.6391378931328536,0.0,0.1048156436487638,-6.934850633781781e-06,5.1219469938778485e-09,14.369325954761942,3.944215288470557,0
RAW_CP_REPO_PLUS_PM,top_30pct,perturbation_magnitude,cluster_exit_loose,ex_post_descriptive,10,73456,30345,0.4131129523065264,97.78270467627152,98.50027919341328,-0.7175745171417877,0.0,0.1519482037984275,-7.993177511581156e-06,6.0557281308440215e-09,12.334960775738663,3.1886091789780293,0
CP_REPO_HAAR_SHAPE,top_5pct,perturbation_magnitude,cluster_exit_loose,ex_post_descriptive,10,73456,4766,0.0648832232168229,97.78270467627152,98.51809559759042,-0.735390921318918,0.0,0.0221233245713744,-2.69039198783635e-06,-3.750688158100397e-09,40.29742267808116,6.087063538711703,0
CP_REPO_HAAR_SHAPE,validation_selected,prefix_validation_perturbation_magnitude,cluster_exit_loose,ex_post_descriptive,10,55433,8228,0.1455367292300992,96.46213322973536,97.25791660958716,-0.7957833798517806,0.0,0.0603926354115207,-3.0493570816811903e-06,1.8991869621604854e-09,31.97654933735935,5.297547385127615,0
CP_REPO_HAAR_SHAPE,top_10pct,perturbation_magnitude,cluster_exit_loose,ex_post_descriptive,10,73456,9725,0.13239435327271,97.78270467627152,98.64593133652632,-0.8632266602548222,0.0,0.0486847293265132,-2.353318087626953e-06,1.455537645850542e-09,30.5441880074839,5.279627308696204,0
CP_REPO_HAAR_SHAPE,top_30pct,perturbation_magnitude,cluster_exit_loose,ex_post_descriptive,10,73456,28618,0.3895972163019797,97.78270467627152,98.67577375796988,-0.8930690816983606,0.0,0.1530355747371412,-1.184026577698516e-06,5.325040551056532e-09,17.530104204513187,3.1995568537198573,0
CP_REPO_HAAR_SHAPE,top_20pct,perturbation_magnitude,cluster_exit_loose,ex_post_descriptive,10,73456,19561,0.2662980427678317,97.78270467627152,98.7064353056727,-0.923730629401188,0.0,0.10195687695368,-1.8276539204637493e-06,3.886221317044489e-09,21.61911075079701,4.087600687744724,0
CP_REPO_GATED_RIDGE_OPS_C,condition_cluster_entry_loose,condition_label,cluster_exit_strict,ex_post_descriptive,10,73335,0,0.0,97.69577346128555,97.69577346128555,0.0,0.0,0.0,0.0,0.0,0.0,4.063696519728244,0
CP_REPO_GATED_RIDGE_OPS_C,condition_entry_with_recent_spike,condition_label,cluster_exit_strict,ex_post_descriptive,10,73335,0,0.0,97.69577346128555,97.69577346128555,0.0,0.0,0.0,0.0,0.0,0.0,4.063696519728244,0
CP_REPO_HAAR_SHAPE,condition_cluster_entry_loose,condition_label,cluster_exit_strict,ex_post_descriptive,10,73335,0,0.0,97.69577346128555,97.69577346128555,0.0,0.0,0.0,0.0,0.0,0.0,7.189257800641431,0
CP_REPO_HAAR_SHAPE,condition_entry_with_recent_spike,condition_label,cluster_exit_strict,ex_post_descriptive,10,73335,0,0.0,97.69577346128555,97.69577346128555,0.0,0.0,0.0,0.0,0.0,0.0,7.189257800641431,0
CP_REPO_OPS_HG,condition_cluster_entry_loose,condition_label,cluster_exit_strict,ex_post_descriptive,10,73335,0,0.0,97.69577346128555,97.69577346128555,0.0,0.0,0.0,0.0,0.0,0.0,5.785947990263269,0
CP_REPO_OPS_HG,condition_entry_with_recent_spike,condition_label,cluster_exit_strict,ex_post_descriptive,10,73335,0,0.0,97.69577346128555,97.69577346128555,0.0,0.0,0.0,0.0,0.0,0.0,5.785947990263269,0
CP_REPO_RECENT_SLOPE,condition_cluster_entry_loose,condition_label,cluster_exit_strict,ex_post_descriptive,10,73335,0,0.0,97.69577346128555,97.69577346128555,0.0,0.0,0.0,0.0,0.0,0.0,5.549526920099394,0
CP_REPO_RECENT_SLOPE,condition_entry_with_recent_spike,condition_label,cluster_exit_strict,ex_post_descriptive,10,73335,0,0.0,97.69577346128555,97.69577346128555,0.0,0.0,0.0,0.0,0.0,0.0,5.549526920099394,0
RANDOM_GATE_PLACEBO_REPO,condition_cluster_entry_loose,condition_label,cluster_exit_strict,ex_post_descriptive,10,73335,0,0.0,97.69577346128555,97.69577346128555,0.0,0.0,0.0,0.0,0.0,0.0,5.02785954813947,0
RANDOM_GATE_PLACEBO_REPO,condition_entry_with_recent_spike,condition_label,cluster_exit_strict,ex_post_descriptive,10,73335,0,0.0,97.69577346128555,97.69577346128555,0.0,0.0,0.0,0.0,0.0,0.0,5.02785954813947,0
RAW_CP_REPO_PLUS_PM,condition_cluster_entry_loose,condition_label,cluster_exit_strict,ex_post_descriptive,10,73335,0,0.0,97.69577346128555,97.69577346128555,0.0,0.0,0.0,0.0,0.0,0.0,6.555615191428949,0
RAW_CP_REPO_PLUS_PM,condition_entry_with_recent_spike,condition_label,cluster_exit_strict,ex_post_descriptive,10,73335,0,0.0,97.69577346128555,97.69577346128555,0.0,0.0,0.0,0.0,0.0,0.0,6.555615191428949,0
SHUFFLED_LAG_PM_PLACEBO_REPO,condition_cluster_entry_loose,condition_label,cluster_exit_strict,ex_post_descriptive,10,73335,0,0.0,97.69577346128555,97.69577346128555,0.0,0.0,0.0,0.0,0.0,0.0,5.759922949329187,0
SHUFFLED_LAG_PM_PLACEBO_REPO,condition_entry_with_recent_spike,condition_label,cluster_exit_strict,ex_post_descriptive,10,73335,0,0.0,97.69577346128555,97.69577346128555,0.0,0.0,0.0,0.0,0.0,0.0,5.759922949329187,0
CP_REPO_GATED_RIDGE_OPS_C,top_5pct_random_gate,shuffled_perturbation_magnitude,cluster_exit_strict,ex_post_descriptive,10,73335,3719,0.0507148248519189,97.69577346128555,97.7105070464674,-0.0147335851818472,0.0,0.0223938791701229,9.684761270501481e-08,7.222569813143513e-11,5.03666641629937,4.063465275653762,6
RANDOM_GATE_PLACEBO_REPO,top_5pct_random_gate,shuffled_perturbation_magnitude,cluster_exit_strict,ex_post_descriptive,10,73335,3760,0.0512737253494015,97.69577346128555,97.7161880289731,-0.0204145676875477,0.0,0.0215347549008409,1.2139569389421668e-08,-2.032428554928958e-09,5.909760421814393,5.030900375363039,3
CP_REPO_GATED_RIDGE_OPS_C,top_10pct_random_gate,shuffled_perturbation_magnitude,cluster_exit_strict,ex_post_descriptive,10,73335,7413,0.1010867354227387,97.69577346128555,97.72004983293324,-0.0242763716476705,0.0,0.0444603969104517,2.430860324377753e-07,8.61966316956046e-10,5.08790163931049,4.049968206445688,2
CP_REPO_OPS_HG,top_5pct_random_gate,shuffled_perturbation_magnitude,cluster_exit_strict,ex_post_descriptive,10,73335,3728,0.0508364732434041,97.69577346128555,97.7235480836769,-0.0277746223913501,0.0,0.0213417960070097,-1.357664469549161e-07,2.361185210811346e-10,6.897387792805875,5.782703408918802,2
SHUFFLED_LAG_PM_PLACEBO_REPO,top_5pct_random_gate,shuffled_perturbation_magnitude,cluster_exit_strict,ex_post_descriptive,10,73335,3679,0.0501679842279423,97.69577346128555,97.72584214098254,-0.0300686796969621,0.0,0.0197077962101686,-1.865892722341969e-07,6.64508842195332e-12,6.182043864239235,5.766882673190424,2
RANDOM_GATE_PLACEBO_REPO,top_10pct_random_gate,shuffled_perturbation_magnitude,cluster_exit_strict,ex_post_descriptive,10,73335,7313,0.0997239195591226,97.69577346128555,97.72603024414204,-0.0302567828564794,0.0,0.0422774912532204,6.182877902687209e-08,-2.028549985119766e-09,5.943338329239046,5.014139449099309,2
RAW_CP_REPO_PLUS_PM,top_5pct_random_gate,shuffled_perturbation_magnitude,cluster_exit_strict,ex_post_descriptive,10,73335,3702,0.0504824530898629,97.69577346128555,97.73250282997378,-0.0367293686882293,0.0,0.0192988467580728,-4.804094676318913e-07,-8.404711732426834e-11,6.935071293446569,6.553219464356014,3
CP_REPO_RECENT_SLOPE,top_5pct_random_gate,shuffled_perturbation_magnitude,cluster_exit_strict,ex_post_descriptive,10,73335,3719,0.0507128335476464,97.69577346128555,97.73475849278616,-0.0389850315005935,0.0,0.0188202229376558,-5.286894546503782e-07,-4.4623308103876115e-10,5.965258869318273,5.545532038918147,1
CP_REPO_GATED_RIDGE_OPS_C,top_20pct_random_gate,shuffled_perturbation_magnitude,cluster_exit_strict,ex_post_descriptive,10,73335,14642,0.1996620225391361,97.69577346128555,97.73721003029156,-0.0414365690059969,0.0,0.0872290131087832,5.495972686837515e-07,1.652376454663336e-09,4.991902278224672,4.047924607572496,1
SHUFFLED_LAG_PM_PLACEBO_REPO,top_10pct_random_gate,shuffled_perturbation_magnitude,cluster_exit_strict,ex_post_descriptive,10,73335,7436,0.1014006595316934,97.69577346128555,97.73853352074975,-0.0427600594642163,0.0,0.0396862787558294,-2.782214014290747e-07,-1.2903155872999932e-10,6.021457384652686,5.752832716759828,3
CP_REPO_OPS_HG,top_10pct_random_gate,shuffled_perturbation_magnitude,cluster_exit_strict,ex_post_descriptive,10,73335,7335,0.100022337801665,97.69577346128555,97.74282880129986,-0.0470553400143084,0.0,0.0410759386681348,-2.0283819683247285e-07,8.973920436533e-10,6.6514898816085095,5.759692224430118,4
CP_REPO_HAAR_SHAPE,top_5pct_random_gate,shuffled_perturbation_magnitude,cluster_exit_strict,ex_post_descriptive,10,73335,3752,0.0511650746038861,97.69577346128555,97.75009221161736,-0.0543187503318127,0.0,0.0218348739995194,2.7482236216540257e-08,7.637358750897811e-10,9.66251307476862,7.201386274766112,0
CP_REPO_RECENT_SLOPE,top_10pct_random_gate,shuffled_perturbation_magnitude,cluster_exit_strict,ex_post_descriptive,10,73335,7415,0.101109881114551,97.69577346128555,97.75833204857511,-0.0625585872895615,0.0,0.0376396975297121,-9.300998018384984e-07,-2.471249608900301e-10,5.794846766372915,5.515705415674426,1
CP_REPO_GATED_RIDGE_OPS_C,top_30pct_random_gate,shuffled_perturbation_magnitude,cluster_exit_strict,ex_post_descriptive,10,73335,21925,0.2989745083278913,97.69577346128555,97.77091731174036,-0.0751438504547989,0.0,0.1304064348377016,8.366495797896059e-07,3.167467869184229e-09,5.045356132603671,4.044903843348077,3
SHUFFLED_LAG_PM_PLACEBO_REPO,top_20pct_random_gate,shuffled_perturbation_magnitude,cluster_exit_strict,ex_post_descriptive,10,73335,14661,0.1999219697620695,97.69577346128555,97.77884763811424,-0.0830741768286732,0.0,0.0790716285369434,-5.69953971538736e-07,-7.110144637351696e-11,6.002959662415205,5.76263916681804,1
RANDOM_GATE_PLACEBO_REPO,top_20pct_random_gate,shuffled_perturbation_magnitude,cluster_exit_strict,ex_post_descriptive,10,73335,14559,0.1985340420798473,97.69577346128555,97.78378587238448,-0.0880124110989254,0.0,0.0819633385949188,7.70585879188271e-08,-1.5448973485243527e-09,6.100432602905988,4.98964210558876,2
RAW_CP_REPO_PLUS_PM,top_10pct_random_gate,shuffled_perturbation_magnitude,cluster_exit_strict,ex_post_descriptive,10,73335,7426,0.1012613766849662,97.69577346128555,97.78678898251457,-0.0910155212290049,0.0,0.0385131950008849,-1.0659123951541896e-06,8.469961451219891e-11,7.158263292270858,6.563371566496441,2
CP_REPO_OPS_HG,top_20pct_random_gate,shuffled_perturbation_magnitude,cluster_exit_strict,ex_post_descriptive,10,73335,14626,0.1994438388508216,97.69577346128555,97.78858204354356,-0.0928085822579993,0.0,0.0821664928803701,-3.841101302989278e-07,3.228748577639277e-09,6.590291518454028,5.766420525607645,3
CP_REPO_HAAR_SHAPE,top_10pct_random_gate,shuffled_perturbation_magnitude,cluster_exit_strict,ex_post_descriptive,10,73335,7443,0.1014941700068855,97.69577346128555,97.79182725609483,-0.096053794809294,0.0,0.0424277557224329,-7.618907354111856e-08,7.316093864659017e-10,9.035025127930105,7.217910415104038,0
RANDOM_GATE_PLACEBO_REPO,top_30pct_random_gate,shuffled_perturbation_magnitude,cluster_exit_strict,ex_post_descriptive,10,73335,22021,0.3002868600002039,97.69577346128555,97.81951090543096,-0.1237374441454016,0.0,0.1234640935887481,1.5921390683997482e-07,-1.6182717411759164e-09,5.973612351175516,4.974617636039332,1
CP_REPO_RECENT_SLOPE,top_20pct_random_gate,shuffled_perturbation_magnitude,cluster_exit_strict,ex_post_descriptive,10,73335,14737,0.2009539913941819,97.69577346128555,97.8362771806488,-0.1405037193632128,0.0,0.07433716011712,-1.8264370447318124e-06,7.341459115207104e-10,5.826843925618112,5.519686329856532,1
RAW_CP_REPO_PLUS_PM,top_20pct_random_gate,shuffled_perturbation_magnitude,cluster_exit_strict,ex_post_descriptive,10,73335,14665,0.1999720681207922,97.69577346128555,97.83838638806698,-0.1426129267814335,0.0,0.0770105025934098,-1.7946696495105996e-06,1.7890733004401682e-10,7.068494372682226,6.550211168750117,0
CP_REPO_GATED_RIDGE_OPS_C,top_5pct,perturbation_magnitude,cluster_exit_strict,ex_post_descriptive,10,73335,1928,0.0262794678350592,97.69577346128555,97.84046950964998,-0.1446960483644237,0.0,0.0105229350377984,-5.251374769944334e-07,1.765633559257666e-09,28.958957612105007,3.622060562141464,0
SHUFFLED_LAG_PM_PLACEBO_REPO,top_30pct_random_gate,shuffled_perturbation_magnitude,cluster_exit_strict,ex_post_descriptive,10,73335,22033,0.3004472224336951,97.69577346128555,97.84371543452424,-0.1479419732386865,0.0,0.1183194146358876,-9.81794489761796e-07,-4.3536452701050387e-10,6.1094555631349605,5.7901290918378665,0
CP_REPO_OPS_HG,top_30pct_random_gate,shuffled_perturbation_magnitude,cluster_exit_strict,ex_post_descriptive,10,73335,21915,0.298838725044312,97.69577346128555,97.8549599346366,-0.1591864733510506,0.0,0.1220705855948515,-4.661562002572994e-07,4.794446654962453e-09,6.666043013803543,5.773858413619252,2
CP_REPO_GATED_RIDGE_OPS_C,validation_selected,prefix_validation_perturbation_magnitude,cluster_exit_strict,ex_post_descriptive,10,55362,3460,0.0613802452202729,96.40763967037677,96.56706613403875,-0.1594264636619856,0.0,0.0293923510579137,-4.7414518445217874e-07,3.0779752508564366e-09,24.06966415103819,3.3649793400374977,0
CP_REPO_OPS_HG,top_5pct,perturbation_magnitude,cluster_exit_strict,ex_post_descriptive,10,73335,2089,0.0284769457232193,97.69577346128555,97.88109782388553,-0.1853243625999504,0.0,0.0111374565672551,-1.5763633003889098e-06,6.426036896202324e-09,29.605709275191987,5.249257050434368,0
CP_REPO_RECENT_SLOPE,top_30pct_random_gate,shuffled_perturbation_magnitude,cluster_exit_strict,ex_post_descriptive,10,73335,22012,0.300153889142201,97.69577346128555,97.90263277991838,-0.2068593186328193,0.0,0.1110465811772247,-2.824713884154467e-06,7.820975151878689e-10,5.790783343289634,5.503545585043415,1
CP_REPO_HAAR_SHAPE,top_20pct_random_gate,shuffled_perturbation_magnitude,cluster_exit_strict,ex_post_descriptive,10,73335,14733,0.2009012705840817,97.69577346128555,97.9041970808358,-0.208423619550271,0.0,0.0823043418687423,-2.962579520613182e-07,-1.0295274463646821e-09,9.089970233589344,7.205519965859137,1
RAW_CP_REPO_PLUS_PM,top_30pct_random_gate,shuffled_perturbation_magnitude,cluster_exit_strict,ex_post_descriptive,10,73335,21905,0.2986989038386956,97.69577346128555,97.91955980108928,-0.2237863398037415,0.0,0.1152517965110894,-2.770151480245068e-06,-2.416114229734132e-10,7.17815370769993,6.555181445885748,0
CP_REPO_GATED_RIDGE_OPS_C,top_10pct,perturbation_magnitude,cluster_exit_strict,ex_post_descriptive,10,73335,4318,0.0588598103825252,97.69577346128555,97.92296690401608,-0.2271934427305371,0.0,0.0237881296683267,-4.810874526676719e-07,1.5904426097488851e-09,23.02633691018584,3.255324437397296,0
CP_REPO_RECENT_SLOPE,top_5pct,perturbation_magnitude,cluster_exit_strict,ex_post_descriptive,10,73335,5611,0.0765299610683192,97.69577346128555,97.931536958075,-0.235763496789472,0.0,0.0269237387188852,-3.831763598449874e-06,9.325531670124431e-10,16.999563953350453,4.6324625152723815,0
SHUFFLED_LAG_PM_PLACEBO_REPO,top_5pct,perturbation_magnitude,cluster_exit_strict,ex_post_descriptive,10,73335,5594,0.0762781669904528,97.69577346128555,97.97816533851515,-0.2823918772296122,0.0,0.0291553196860785,-1.8172323421265005e-06,-3.226511273042704e-09,25.447241992284763,4.491167520811253,0
CP_REPO_RECENT_SLOPE,validation_selected,prefix_validation_perturbation_magnitude,cluster_exit_strict,ex_post_descriptive,10,55362,7244,0.1309127905624615,96.40763967037677,96.70402684792288,-0.2963871775461253,0.0,0.0459601267760209,-3.5108090810897488e-06,2.434366346217634e-09,15.03064712255781,4.254007572707673,1
SHUFFLED_LAG_PM_PLACEBO_REPO,validation_selected,prefix_validation_perturbation_magnitude,cluster_exit_strict,ex_post_descriptive,10,55362,16023,0.2868006130222144,96.40763967037677,96.71756473944232,-0.309925069065535,0.0,0.1164869804006834,-2.235381845639217e-06,-2.458373934256303e-09,15.029235202799004,2.923543320370817,0
CP_REPO_OPS_HG,top_10pct,perturbation_magnitude,cluster_exit_strict,ex_post_descriptive,10,73335,4551,0.0620385740337325,97.69577346128555,98.00570139844812,-0.3099279371625565,0.0,0.0245656930639713,-2.1336326624871192e-06,8.279622222679758e-09,25.32394752304435,4.765536626677653,2
CP_REPO_HAAR_SHAPE,top_30pct_random_gate,shuffled_perturbation_magnitude,cluster_exit_strict,ex_post_descriptive,10,73335,22204,0.3027758989571284,97.69577346128555,98.00618390868836,-0.3104104474028041,0.0,0.1241712785774769,-1.4877128431010834e-07,2.2989516492226e-09,9.133261315616194,7.199074348518276,1
CP_REPO_OPS_HG,validation_selected,prefix_validation_perturbation_magnitude,cluster_exit_strict,ex_post_descriptive,10,55362,5660,0.1008474815973681,96.40763967037677,96.71885477989665,-0.311215109519852,0.0,0.0431737971197717,-2.9000236874925817e-06,9.985105068246937e-09,22.36337885824541,4.6383634369860784,1
SHUFFLED_LAG_PM_PLACEBO_REPO,top_10pct,perturbation_magnitude,cluster_exit_strict,ex_post_descriptive,10,73335,11243,0.1533072131323226,97.69577346128555,98.02103159342282,-0.3252581321372749,0.0,0.0600159802169805,-2.0088059972127478e-06,-2.43182006169968e-09,18.79573232518974,3.821211968847821,0
RANDOM_GATE_PLACEBO_REPO,validation_selected,prefix_validation_perturbation_magnitude,cluster_exit_strict,ex_post_descriptive,10,55362,5280,0.0932229421516588,96.40763967037677,96.74160230323557,-0.333962632858804,0.0,0.0405130542967603,-1.1034789157479506e-06,-2.786957193829728e-09,29.54875913294331,3.6148805676111393,1
SHUFFLED_LAG_PM_PLACEBO_REPO,top_20pct,perturbation_magnitude,cluster_exit_strict,ex_post_descriptive,10,73335,21981,0.2997192843781414,97.69577346128555,98.03251168903194,-0.3367382277463845,0.0,0.1188823255669909,-2.179303675598339e-06,-1.3718913236701762e-09,13.464425416020651,2.86291927379024,0
CP_REPO_GATED_RIDGE_OPS_C,top_20pct,perturbation_magnitude,cluster_exit_strict,ex_post_descriptive,10,73335,9792,0.1334824148111858,97.69577346128555,98.03914366891536,-0.3433702076298103,0.0,0.0535646738285747,-1.6873183182391445e-07,2.418020672460495e-09,17.34597886327689,2.69082920347391,0
RAW_CP_REPO_PLUS_PM,top_5pct,perturbation_magnitude,cluster_exit_strict,ex_post_descriptive,10,73335,4995,0.0681024813027423,97.69577346128555,98.0483212634194,-0.3525478021338724,0.0,0.0241215856103915,-3.5352836940351927e-06,3.5053406583970595e-09,22.98836020868889,5.6324517431264205,0
CP_REPO_GATED_RIDGE_OPS_C,top_30pct,perturbation_magnitude,cluster_exit_strict,ex_post_descriptive,10,73335,16214,0.2210319613897813,97.69577346128555,98.05316451160328,-0.357391050317713,0.0,0.0897913954956348,4.813898840973056e-07,3.665197211736913e-09,13.83702973809273,2.195867679605138,0
SHUFFLED_LAG_PM_PLACEBO_REPO,top_30pct,perturbation_magnitude,cluster_exit_strict,ex_post_descriptive,10,73335,31545,0.4301230661315764,97.69577346128555,98.06153542854013,-0.3657619672545767,0.0,0.1695706643175817,-2.4154317982114543e-06,-1.5091153515451612e-09,10.978548884490614,2.233672727733103,0
CP_REPO_RECENT_SLOPE,top_10pct,perturbation_magnitude,cluster_exit_strict,ex_post_descriptive,10,73335,10406,0.1419315641671901,97.69577346128555,98.06536024306692,-0.3695867817813785,0.0,0.0490348762964117,-5.574947428775034e-06,1.0928121791784976e-09,14.131360809129172,4.173433195185665,1
RANDOM_GATE_PLACEBO_REPO,top_5pct,perturbation_magnitude,cluster_exit_strict,ex_post_descriptive,10,73335,4811,0.0655948053992283,97.69577346128555,98.09916508395504,-0.4033916226694651,0.0,0.0242157425635429,-1.602759705804496e-06,-3.525052669189476e-09,31.653057847747423,3.9185167765077766,0
RAW_CP_REPO_PLUS_PM,validation_selected,prefix_validation_perturbation_magnitude,cluster_exit_strict,ex_post_descriptive,10,55362,5581,0.0996346127940232,96.40763967037677,96.81502504375824,-0.4073853733814611,0.0,0.0378808585801088,-4.785260716323549e-06,5.884667392734991e-09,19.97478136335542,5.348433609825004,0
RANDOM_GATE_PLACEBO_REPO,top_30pct,perturbation_magnitude,cluster_exit_strict,ex_post_descriptive,10,73335,27940,0.3809494331539387,97.69577346128555,98.16153404380825,-0.4657605825226668,0.0,0.1539628426811314,-2.259020235899145e-07,1.5514641703255682e-10,12.852428088241718,1.770576709461666,0
RANDOM_GATE_PLACEBO_REPO,top_10pct,perturbation_magnitude,cluster_exit_strict,ex_post_descriptive,10,73335,9654,0.1316260552842328,97.69577346128555,98.1635840515797,-0.4678105902941479,0.0,0.051093062593154,-1.206831389297648e-06,-1.662434517722286e-09,23.42884483274658,3.220349065206187,0
RANDOM_GATE_PLACEBO_REPO,top_20pct,perturbation_magnitude,cluster_exit_strict,ex_post_descriptive,10,73335,19071,0.260022591888896,97.69577346128555,98.17245960067672,-0.4766861393911599,0.0,0.1039180040166685,-6.012938170992834e-07,-3.8891454066070877e-10,16.302200232039304,2.3503054757208184,0
CP_REPO_OPS_HG,top_20pct,perturbation_magnitude,cluster_exit_strict,ex_post_descriptive,10,73335,10092,0.1375775551853717,97.69577346128555,98.17841033693654,-0.4826368756509863,0.0,0.0541237481249059,-2.680341006723746e-06,1.0977508576976708e-08,19.67904962463017,4.015851724013803,2
RAW_CP_REPO_PLUS_PM,top_10pct,perturbation_magnitude,cluster_exit_strict,ex_post_descriptive,10,73335,10399,0.1417876260668469,97.69577346128555,98.19705643003138,-0.501282968745835,0.0,0.0508642984898081,-5.142518840253461e-06,4.163949909174423e-09,18.36468566276768,4.981637344719954,0
CP_REPO_RECENT_SLOPE,top_20pct,perturbation_magnitude,cluster_exit_strict,ex_post_descriptive,10,73335,18535,0.2528045041260857,97.69577346128555,98.1987127296882,-0.5029392684026586,0.0,0.0885916935183112,-7.131700171576568e-06,6.421637807713527e-10,11.784835916733684,3.5246454842792097,1
CP_REPO_OPS_HG,top_30pct,perturbation_magnitude,cluster_exit_strict,ex_post_descriptive,10,73335,16546,0.2255649365032083,97.69577346128555,98.2324851033604,-0.5367116420748475,0.0,0.088416515514217,-2.813612041820289e-06,1.2063532887652843e-08,15.992709441734984,3.331692158972482,0
CP_REPO_RECENT_SLOPE,top_30pct,perturbation_magnitude,cluster_exit_strict,ex_post_descriptive,10,73335,25416,0.3466414764635755,97.69577346128555,98.28013621082631,-0.5843627495407631,0.0,0.1227698134787654,-7.999357130989182e-06,8.329612182129441e-10,10.504180408230209,3.0278776617064302,1
RAW_CP_REPO_PLUS_PM,top_20pct,perturbation_magnitude,cluster_exit_strict,ex_post_descriptive,10,73335,20944,0.2855696821098975,97.69577346128555,98.33921485055612,-0.6434413892705831,0.0,0.1048917315940777,-6.966127006917248e-06,5.120912718172539e-09,14.368756924432493,3.946009353409525,0
RAW_CP_REPO_PLUS_PM,top_30pct,perturbation_magnitude,cluster_exit_strict,ex_post_descriptive,10,73335,30322,0.413441708992232,97.69577346128555,98.41743015808224,-0.7216566967967022,0.0,0.152032691418819,-8.024054611343356e-06,6.058031732627229e-09,12.334517661799053,3.1895636616982133,0
CP_REPO_HAAR_SHAPE,top_5pct,perturbation_magnitude,cluster_exit_strict,ex_post_descriptive,10,73335,4761,0.0649119997842786,97.69577346128555,98.43216445551306,-0.7363909942274964,0.0,0.0221439379328881,-2.691457461475376e-06,-3.748675808018045e-09,40.31263453305219,6.08680030795333,0
CP_REPO_HAAR_SHAPE,validation_selected,prefix_validation_perturbation_magnitude,cluster_exit_strict,ex_post_descriptive,10,55362,8223,0.1455947902171881,96.40763967037677,97.2059368795024,-0.7982972091256102,0.0,0.0603994392642433,-3.060122272332771e-06,1.9004073046647693e-09,31.976939703613382,5.298438437480746,0
CP_REPO_HAAR_SHAPE,top_10pct,perturbation_magnitude,cluster_exit_strict,ex_post_descriptive,10,73335,9718,0.1324989022541333,97.69577346128555,98.55999689059976,-0.8642234293142227,0.0,0.0487478985720817,-2.3491271608196326e-06,1.4701775202455274e-09,30.54929636938474,5.278528928191128,0
CP_REPO_HAAR_SHAPE,top_30pct,perturbation_magnitude,cluster_exit_strict,ex_post_descriptive,10,73335,28593,0.3898546893861029,97.69577346128555,98.5899589823149,-0.8941855210293393,0.0,0.1531900979115476,-1.1827865556170906e-06,5.338068736772948e-09,17.528686177714714,3.197839486026317,0
CP_REPO_HAAR_SHAPE,top_20pct,perturbation_magnitude,cluster_exit_strict,ex_post_descriptive,10,73335,19547,0.2665142650364058,97.69577346128555,98.62082027491331,-0.925046813627785,0.0,0.1020675452173348,-1.8235157931285252e-06,3.904388723485225e-09,21.617808588625813,4.086317717990737,0
RAW_CP_REPO_PLUS_PM,top_20pct,perturbation_magnitude,entry_with_recent_spike,ex_post_descriptive,10,43750,13579,0.3109265362349941,95.27256614829057,94.59259801820733,0.6799681300832241,0.0,0.1564564573255828,2.105116056051098e-05,5.402656697295936e-08,12.4974148341273,3.2428020390648458,9
RAW_CP_REPO_PLUS_PM,top_30pct,perturbation_magnitude,entry_with_recent_spike,ex_post_descriptive,10,43750,18507,0.4237603286781071,95.27256614829057,94.60337162776602,0.6691945205245288,0.0,0.2067504137478978,2.1503611668216288e-05,5.3371912677782114e-08,10.63071625682327,2.668615804153964,9
RAW_CP_REPO_PLUS_PM,condition_cluster_entry_loose,condition_label,entry_with_recent_spike,ex_post_descriptive,10,43750,43750,1.0,95.27256614829057,94.60508148288513,0.6674846654054325,0.1446597885053893,0.4675321429797433,2.2078785421284157e-05,5.34735861374757e-08,5.747737819541305,0.0,9
RAW_CP_REPO_PLUS_PM,condition_entry_with_recent_spike,condition_label,entry_with_recent_spike,ex_post_descriptive,10,43750,43750,1.0,95.27256614829057,94.60508148288513,0.6674846654054325,0.1446597885053893,0.4675321429797433,2.2078785421284157e-05,5.34735861374757e-08,5.747737819541305,0.0,9
CP_REPO_OPS_HG,validation_selected,prefix_validation_perturbation_magnitude,entry_with_recent_spike,ex_post_descriptive,10,32908,9993,0.2989903389493457,94.62062575190711,93.99763111438996,0.6229946375171694,0.0,0.1541301978020009,2.5773652861782805e-05,6.735401288822343e-08,27.60742872496404,6.8478343056332704,9
RAW_CP_REPO_PLUS_PM,top_10pct,perturbation_magnitude,entry_with_recent_spike,ex_post_descriptive,10,43750,8186,0.1874194380726614,95.27256614829057,94.6537797545252,0.6187863937653618,0.0,0.0987865273465806,1.923730756508456e-05,5.2563859373011484e-08,15.792741523054405,4.083146888978975,9
RAW_CP_REPO_PLUS_PM,validation_selected,prefix_validation_perturbation_magnitude,entry_with_recent_spike,ex_post_descriptive,10,32908,4585,0.1373175399669616,94.62062575190711,94.01197340893746,0.6086523429696754,0.0,0.0816021713886197,1.8827847779129485e-05,5.83463065587281e-08,16.879925159572924,4.5924831275207625,9
CP_REPO_OPS_HG,top_30pct,perturbation_magnitude,entry_with_recent_spike,ex_post_descriptive,10,43750,24887,0.5695172419693577,95.27256614829057,94.67373743392191,0.5988287143686348,0.0,0.2687911493117846,2.7715560759526936e-05,6.635266081483575e-08,18.47438606102379,3.671535491444639,9
CP_REPO_OPS_HG,condition_cluster_entry_loose,condition_label,entry_with_recent_spike,ex_post_descriptive,10,43750,43750,1.0,95.27256614829057,94.69106529630956,0.5815008519809959,0.1528818969861596,0.4605483401617354,2.8277409990145333e-05,6.628691205260191e-08,11.739483026592962,0.0,9
CP_REPO_OPS_HG,condition_entry_with_recent_spike,condition_label,entry_with_recent_spike,ex_post_descriptive,10,43750,43750,1.0,95.27256614829057,94.69106529630956,0.5815008519809959,0.1528818969861596,0.4605483401617354,2.8277409990145333e-05,6.628691205260191e-08,11.739483026592962,0.0,9
CP_REPO_OPS_HG,top_20pct,perturbation_magnitude,entry_with_recent_spike,ex_post_descriptive,10,43750,19186,0.4391529592408537,95.27256614829057,94.69229397476968,0.580272173520881,0.0,0.2092829387637637,2.676508146314166e-05,6.46232282031694e-08,21.502041485013923,4.952324718600243,9
CP_REPO_HAAR_SHAPE,top_30pct,perturbation_magnitude,entry_with_recent_spike,ex_post_descriptive,10,43750,17239,0.3950710636492489,95.27256614829057,94.74238635344892,0.5301797948416589,0.0,0.1891412681532203,1.5417011453165088e-05,6.326576740883417e-08,11.32889405827366,2.685485899096141,9
CP_REPO_HAAR_SHAPE,condition_cluster_entry_loose,condition_label,entry_with_recent_spike,ex_post_descriptive,10,43750,43750,1.0,95.27256614829057,94.7459164064019,0.5266497418886555,0.1015842875976446,0.4575661825466802,1.576612449475411e-05,6.436050722274337e-08,5.78689091804843,0.0,9
CP_REPO_HAAR_SHAPE,condition_entry_with_recent_spike,condition_label,entry_with_recent_spike,ex_post_descriptive,10,43750,43750,1.0,95.27256614829057,94.7459164064019,0.5266497418886555,0.1015842875976446,0.4575661825466802,1.576612449475411e-05,6.436050722274337e-08,5.78689091804843,0.0,9
CP_REPO_OPS_HG,top_10pct,perturbation_magnitude,entry_with_recent_spike,ex_post_descriptive,10,43750,11719,0.2682498045153721,95.27256614829057,94.74851325429512,0.5240528939954157,0.0,0.1301041443837539,2.4702437330246684e-05,6.203156700324906e-08,27.11787057957172,6.959821680206529,8
CP_REPO_HAAR_SHAPE,top_20pct,perturbation_magnitude,entry_with_recent_spike,ex_post_descriptive,10,43750,12240,0.2806916431208321,95.27256614829057,94.75206208993598,0.5205040583545766,0.0,0.1385995752447682,1.493826322620018e-05,6.227359708531599e-08,13.650917552371464,3.338181766479464,9
RAW_CP_REPO_PLUS_PM,top_5pct,perturbation_magnitude,entry_with_recent_spike,ex_post_descriptive,10,43750,4842,0.1108600191077535,95.27256614829057,94.7675267824357,0.5050393658548435,0.0,0.061300043365805,1.65236918480059e-05,5.020347335155122e-08,19.585036449051195,4.770860097842845,9
CP_REPO_HAAR_SHAPE,validation_selected,prefix_validation_perturbation_magnitude,entry_with_recent_spike,ex_post_descriptive,10,32908,5504,0.1625056035057329,94.62062575190711,94.1565965217566,0.4640292301505188,0.0,0.0899812856132082,1.4158498935951532e-05,6.876881969527379e-08,18.217521503740095,4.465256991365536,9
CP_REPO_HAAR_SHAPE,top_10pct,perturbation_magnitude,entry_with_recent_spike,ex_post_descriptive,10,43750,6838,0.1568752788228181,95.27256614829057,94.82126689509847,0.4512992531920786,0.0,0.0812665431505374,1.3205879600850862e-05,5.750142741720709e-08,18.198878498758678,4.241853326209975,9
CP_REPO_OPS_HG,top_5pct,perturbation_magnitude,entry_with_recent_spike,ex_post_descriptive,10,43750,6810,0.1558664426420567,95.27256614829057,94.82635598413704,0.4462101641535218,0.0,0.0774397981503362,2.1266403955099923e-05,5.580349199950943e-08,33.0961532095793,8.575797847345887,8
CP_REPO_RECENT_SLOPE,condition_cluster_entry_loose,condition_label,entry_with_recent_spike,ex_post_descriptive,10,43750,43750,1.0,95.27256614829057,94.86993147150876,0.4026346767817904,0.1117032066124721,0.4713297573905249,9.7126869618757e-06,2.2340723034779357e-08,5.851921062533521,0.0,8
CP_REPO_RECENT_SLOPE,condition_entry_with_recent_spike,condition_label,entry_with_recent_spike,ex_post_descriptive,10,43750,43750,1.0,95.27256614829057,94.86993147150876,0.4026346767817904,0.1117032066124721,0.4713297573905249,9.7126869618757e-06,2.2340723034779357e-08,5.851921062533521,0.0,8
CP_REPO_RECENT_SLOPE,top_30pct,perturbation_magnitude,entry_with_recent_spike,ex_post_descriptive,10,43750,18098,0.4132069259381844,95.27256614829057,94.91208750687754,0.3604786414130134,0.0,0.2040428740772316,9.42365797628009e-06,2.2002988080680144e-08,10.165086886979475,2.9587275099080377,9
CP_REPO_RECENT_SLOPE,validation_selected,prefix_validation_perturbation_magnitude,entry_with_recent_spike,ex_post_descriptive,10,32908,5264,0.1631530977878572,94.62062575190711,94.26956140730798,0.3510643445991413,0.0,0.0837637205829324,6.8368116559004925e-06,2.115598783952839e-08,14.69438475460282,4.2301022408853415,7
CP_REPO_RECENT_SLOPE,top_20pct,perturbation_magnitude,entry_with_recent_spike,ex_post_descriptive,10,43750,13430,0.3068313919379201,95.27256614829057,94.93182965587664,0.3407364924139181,0.0,0.1526674161797133,8.917580105467385e-06,2.134084442454164e-08,11.347794152683027,3.527061237310838,9
CP_REPO_HAAR_SHAPE,top_5pct,perturbation_magnitude,entry_with_recent_spike,ex_post_descriptive,10,43750,3724,0.0854817339585154,95.27256614829057,94.94315370270483,0.3294124455857123,0.0,0.0457899258257398,1.083322080827528e-05,5.1376073522990166e-08,23.684653093734408,4.959540096323208,9
CP_REPO_RECENT_SLOPE,top_10pct,perturbation_magnitude,entry_with_recent_spike,ex_post_descriptive,10,43750,7916,0.1812060121802405,95.27256614829057,94.95669146652226,0.3158746817682883,0.0,0.091652943204699,7.875071110939726e-06,2.0533643581127172e-08,13.486504550909071,4.303527036420908,8
CP_REPO_RECENT_SLOPE,top_5pct,perturbation_magnitude,entry_with_recent_spike,ex_post_descriptive,10,43750,4553,0.1046274982654128,95.27256614829057,94.98806910441968,0.2844970438708825,0.0,0.0534486200837103,6.657662802427721e-06,1.9468622591999197e-08,16.043682116000866,4.835264057099471,8
RANDOM_GATE_PLACEBO_REPO,condition_cluster_entry_loose,condition_label,entry_with_recent_spike,ex_post_descriptive,10,43750,43750,1.0,95.27256614829057,95.02008907386362,0.2524770744269269,0.04376239895508,0.4577667319748973,8.327544531541941e-06,3.4132159251630386e-08,4.048945413823774,0.0,9
RANDOM_GATE_PLACEBO_REPO,condition_entry_with_recent_spike,condition_label,entry_with_recent_spike,ex_post_descriptive,10,43750,43750,1.0,95.27256614829057,95.02008907386362,0.2524770744269269,0.04376239895508,0.4577667319748973,8.327544531541941e-06,3.4132159251630386e-08,4.048945413823774,0.0,9
RANDOM_GATE_PLACEBO_REPO,top_30pct,perturbation_magnitude,entry_with_recent_spike,ex_post_descriptive,10,43750,17039,0.3900943490434361,95.27256614829057,95.02041506323384,0.2521510850567239,0.0,0.1848733824218978,8.141732273881064e-06,3.2497372996379086e-08,8.539795347818366,1.5068660466036168,9
RANDOM_GATE_PLACEBO_REPO,top_20pct,perturbation_magnitude,entry_with_recent_spike,ex_post_descriptive,10,43750,11886,0.272266261459769,95.27256614829057,95.04735231527792,0.2252138330126121,0.0,0.1307095396380116,7.76546043432724e-06,3.173315466136318e-08,10.722852748836129,1.9489875103547227,9
SHUFFLED_LAG_PM_PLACEBO_REPO,condition_cluster_entry_loose,condition_label,entry_with_recent_spike,ex_post_descriptive,10,43750,43750,1.0,95.27256614829057,95.05084791315804,0.2217182351325245,0.0773954017202811,0.473669577743297,8.248222307347862e-06,2.8796410161919222e-08,3.711755006213798,0.0,9
SHUFFLED_LAG_PM_PLACEBO_REPO,condition_entry_with_recent_spike,condition_label,entry_with_recent_spike,ex_post_descriptive,10,43750,43750,1.0,95.27256614829057,95.05084791315804,0.2217182351325245,0.0773954017202811,0.473669577743297,8.248222307347862e-06,2.8796410161919222e-08,3.711755006213798,0.0,9
SHUFFLED_LAG_PM_PLACEBO_REPO,top_30pct,perturbation_magnitude,entry_with_recent_spike,ex_post_descriptive,10,43750,14594,0.3348896623746758,95.27256614829057,95.07832214994583,0.1942439983447149,0.0,0.1689302634600105,7.548969199312543e-06,2.629570346078601e-08,8.573005841239553,1.737917173562506,8
RAW_CP_REPO_PLUS_PM,top_30pct_random_gate,shuffled_perturbation_magnitude,entry_with_recent_spike,ex_post_descriptive,10,43750,13086,0.2992032679840676,95.27256614829057,95.0918074823076,0.1807586659829831,0.0,0.1396356046175466,6.403998043047178e-06,1.361517315930178e-08,5.849267295103929,6.45869636002972,9
RANDOM_GATE_PLACEBO_REPO,top_10pct,perturbation_magnitude,entry_with_recent_spike,ex_post_descriptive,10,43750,6218,0.142559147833276,95.27256614829057,95.0980036070446,0.1745625412459615,0.0,0.0703453187899221,6.518456535361617e-06,2.7890470822553415e-08,15.38282804284926,2.5921699042846376,9
RANDOM_GATE_PLACEBO_REPO,validation_selected,prefix_validation_perturbation_magnitude,entry_with_recent_spike,ex_post_descriptive,10,32908,3621,0.1068001715058749,94.62062575190711,94.44615938672244,0.1744663651847015,0.0,0.0582753703150983,6.40015381585713e-06,3.1223789818111594e-08,19.198585710711768,2.921049022720537,8
CP_REPO_OPS_HG,top_30pct_random_gate,shuffled_perturbation_magnitude,entry_with_recent_spike,ex_post_descriptive,10,43750,13206,0.3018112669335259,95.27256614829057,95.10137257737406,0.1711935709164831,0.0,0.1394730940635385,8.440776327048013e-06,1.9268715506630725e-08,11.922762492371255,11.964717734840544,8
CP_REPO_GATED_RIDGE_OPS_C,validation_selected,prefix_validation_perturbation_magnitude,entry_with_recent_spike,ex_post_descriptive,10,32908,7512,0.2226550965932268,94.62062575190711,94.45765703997314,0.1629687119339921,0.0,0.1104007389800476,7.545134821092476e-06,3.51027649280236e-08,20.090917465581796,5.111618102116281,8
SHUFFLED_LAG_PM_PLACEBO_REPO,validation_selected,prefix_validation_perturbation_magnitude,entry_with_recent_spike,ex_post_descriptive,10,32908,7071,0.2140770123977102,94.62062575190711,94.46098667590542,0.1596390760017079,0.0,0.1143967420497383,6.776608035596128e-06,2.6561339912607645e-08,12.929430697412602,2.1180854336260024,6
CP_REPO_GATED_RIDGE_OPS_C,top_20pct,perturbation_magnitude,entry_with_recent_spike,ex_post_descriptive,10,43750,18380,0.4209246918826773,95.27256614829057,95.12702124991408,0.1455448983764644,0.0,0.1932542051105862,8.253240056218956e-06,3.389205274725889e-08,14.82791688856904,3.3341528891600527,8
CP_REPO_GATED_RIDGE_OPS_C,condition_cluster_entry_loose,condition_label,entry_with_recent_spike,ex_post_descriptive,10,43750,43750,1.0,95.27256614829057,95.12885702906264,0.1437091192279111,0.0420470605934781,0.4518265243736259,8.982411994533878e-06,3.6116302338094975e-08,8.122151243348315,0.0,6
CP_REPO_GATED_RIDGE_OPS_C,condition_entry_with_recent_spike,condition_label,entry_with_recent_spike,ex_post_descriptive,10,43750,43750,1.0,95.27256614829057,95.12885702906264,0.1437091192279111,0.0420470605934781,0.4518265243736259,8.982411994533878e-06,3.6116302338094975e-08,8.122151243348315,0.0,6
SHUFFLED_LAG_PM_PLACEBO_REPO,top_20pct,perturbation_magnitude,entry_with_recent_spike,ex_post_descriptive,10,43750,9709,0.2230205183438382,95.27256614829057,95.1292408193651,0.1433253289254425,0.0,0.1142361705982311,6.703278069625045e-06,2.419475331192274e-08,10.995148886078786,2.1460460097827894,8
CP_REPO_GATED_RIDGE_OPS_C,top_30pct,perturbation_magnitude,entry_with_recent_spike,ex_post_descriptive,10,43750,24217,0.5544517032606302,95.27256614829057,95.13088127967508,0.1416848686154887,0.0,0.2528897851910291,8.476048958359109e-06,3.4978742433205964e-08,12.707769762112031,2.449010129415538,7
CP_REPO_GATED_RIDGE_OPS_C,top_10pct,perturbation_magnitude,entry_with_recent_spike,ex_post_descriptive,10,43750,10851,0.2485336822981155,95.27256614829057,95.14525723194518,0.1273089163453571,0.0,0.1150182841955989,7.493805755910346e-06,3.256483491380351e-08,18.878590937976156,4.706507250380883,9
CP_REPO_HAAR_SHAPE,top_30pct_random_gate,shuffled_perturbation_magnitude,entry_with_recent_spike,ex_post_descriptive,10,43750,13030,0.2977803978661694,95.27256614829057,95.14592566191035,0.1266404863802103,0.0,0.1355827191549379,4.885524078879303e-06,2.2265221982497592e-08,5.927966993828084,6.517893571100944,9
RANDOM_GATE_PLACEBO_REPO,top_5pct,perturbation_magnitude,entry_with_recent_spike,ex_post_descriptive,10,43750,3255,0.0746612692486756,95.27256614829057,95.15286319186292,0.1197029564276234,0.0,0.0378827922204415,4.968473351470501e-06,2.2443410269085724e-08,21.234595354856783,3.102902563661589,7
RAW_CP_REPO_PLUS_PM,top_20pct_random_gate,shuffled_perturbation_magnitude,entry_with_recent_spike,ex_post_descriptive,10,43750,8712,0.1991716960145866,95.27256614829057,95.15571498517076,0.1168511631197975,0.0,0.0929798117908074,4.186554318781415e-06,9.639647851453194e-09,5.841222405559706,6.447997917154358,9
CP_REPO_GATED_RIDGE_OPS_C,top_5pct,perturbation_magnitude,entry_with_recent_spike,ex_post_descriptive,10,43750,6274,0.1436732667969622,95.27256614829057,95.15826341003496,0.1143027382556015,0.0,0.0672824748848382,6.671418935215407e-06,2.8828725063960905e-08,23.07978285129623,5.753985061001847,8
CP_REPO_RECENT_SLOPE,top_30pct_random_gate,shuffled_perturbation_magnitude,entry_with_recent_spike,ex_post_descriptive,10,43750,13071,0.2987941935617709,95.27256614829057,95.15851208410334,0.1140540641872045,0.0,0.1414680469470421,3.1486568420784293e-06,8.768704558779892e-09,5.881512625501406,6.01733460900032,9
CP_REPO_HAAR_SHAPE,top_20pct_random_gate,shuffled_perturbation_magnitude,entry_with_recent_spike,ex_post_descriptive,10,43750,8659,0.1978794521582317,95.27256614829057,95.16617365841846,0.1063924898720822,0.0,0.0916249733159752,3.2517686448011307e-06,1.6337055898121114e-08,5.914395839229134,6.499225689264958,9
SHUFFLED_LAG_PM_PLACEBO_REPO,top_30pct_random_gate,shuffled_perturbation_magnitude,entry_with_recent_spike,ex_post_descriptive,10,43750,13136,0.3002550487492718,95.27256614829057,95.20262877187544,0.0699373764151145,0.0,0.1420517784691168,2.6148745667997325e-06,1.0419478946118048e-08,3.713735190850581,3.656087413260261,9
CP_REPO_RECENT_SLOPE,top_20pct_random_gate,shuffled_perturbation_magnitude,entry_with_recent_spike,ex_post_descriptive,10,43750,8683,0.1984951956743411,95.27256614829057,95.20265890586164,0.0699072424288948,0.0,0.0941539565040115,2.089033883390085e-06,6.310446902741828e-09,5.922369418745246,6.037398563423613,8
CP_REPO_OPS_HG,top_20pct_random_gate,shuffled_perturbation_magnitude,entry_with_recent_spike,ex_post_descriptive,10,43750,8728,0.1995472652000225,95.27256614829057,95.20304758815618,0.0695185601343814,0.0,0.0915120914925469,5.2465644427450005e-06,9.593417584435858e-09,12.11461851485884,12.002136382941783,7
RAW_CP_REPO_PLUS_PM,top_10pct_random_gate,shuffled_perturbation_magnitude,entry_with_recent_spike,ex_post_descriptive,10,43750,4291,0.0981069170437394,95.27256614829057,95.20801283499122,0.0645533132993412,0.0,0.0451066360673131,2.0716555712953027e-06,5.489195358767567e-09,5.616746185259076,6.446607362435953,8
CP_REPO_GATED_RIDGE_OPS_C,top_30pct_random_gate,shuffled_perturbation_magnitude,entry_with_recent_spike,ex_post_descriptive,10,43750,13177,0.3011400943072745,95.27256614829057,95.21242108273694,0.0601450655536158,0.0,0.1379307256997915,2.9307209569699547e-06,1.0960401181642137e-08,8.128360621724159,8.119983649497435,8
RANDOM_GATE_PLACEBO_REPO,top_20pct_random_gate,shuffled_perturbation_magnitude,entry_with_recent_spike,ex_post_descriptive,10,43750,8746,0.1998854266073356,95.27256614829057,95.21922836061404,0.0533377876765206,0.0,0.0910827976041761,1.823101136037272e-06,9.033014238061116e-09,4.109220048917909,4.233910871194341,8
SHUFFLED_LAG_PM_PLACEBO_REPO,top_10pct,perturbation_magnitude,entry_with_recent_spike,ex_post_descriptive,10,43750,4875,0.1121433898822399,95.27256614829057,95.21955509378157,0.0530110545089958,0.0,0.0578921360339203,4.918167549023339e-06,1.9188896795310525e-08,16.19893696477498,2.681666567024716,6
RANDOM_GATE_PLACEBO_REPO,top_30pct_random_gate,shuffled_perturbation_magnitude,entry_with_recent_spike,ex_post_descriptive,10,43750,13008,0.2973174162288275,95.27256614829057,95.2213475934856,0.0512185548049592,0.0,0.1352786240360613,2.409730664183697e-06,1.1544130167049968e-08,4.2121099687762165,4.256455982856773,8
CP_REPO_GATED_RIDGE_OPS_C,top_20pct_random_gate,shuffled_perturbation_magnitude,entry_with_recent_spike,ex_post_descriptive,10,43750,8810,0.2013624526580751,95.27256614829057,95.22295553052324,0.049610617767315,0.0,0.0928159928368707,2.144631694637664e-06,7.502569713627474e-09,8.166932243390495,8.09856817117116,8
SHUFFLED_LAG_PM_PLACEBO_REPO,top_20pct_random_gate,shuffled_perturbation_magnitude,entry_with_recent_spike,ex_post_descriptive,10,43750,8761,0.2001931732881211,95.27256614829057,95.22978356896591,0.0427825793246333,0.0,0.0951322656546305,1.726552591217029e-06,7.399703360956873e-09,3.674186410712455,3.68567886229808,9
CP_REPO_HAAR_SHAPE,top_10pct_random_gate,shuffled_perturbation_magnitude,entry_with_recent_spike,ex_post_descriptive,10,43750,4297,0.0982047342854399,95.27256614829057,95.23414981704312,0.0384163312474474,0.0,0.0451540342717891,1.2576689362612766e-06,8.258595745372681e-09,5.904032605438538,6.51652701416879,7
RANDOM_GATE_PLACEBO_REPO,top_10pct_random_gate,shuffled_perturbation_magnitude,entry_with_recent_spike,ex_post_descriptive,10,43750,4319,0.098702291172782,95.27256614829057,95.2366649326199,0.0359012156706626,0.0,0.0456238654435546,9.507516337733652e-07,4.031627562069999e-09,3.853571827662019,4.264590254549082,9
CP_REPO_GATED_RIDGE_OPS_C,top_10pct_random_gate,shuffled_perturbation_magnitude,entry_with_recent_spike,ex_post_descriptive,10,43750,4357,0.0996310607928175,95.27256614829057,95.24255294829156,0.0300131999989942,0.0,0.0462009487942724,1.2411188984840404e-06,5.6564149607668734e-09,8.24239585693731,8.076846910016737,9
CP_REPO_HAAR_SHAPE,top_5pct_random_gate,shuffled_perturbation_magnitude,entry_with_recent_spike,ex_post_descriptive,10,43750,2136,0.0488539919161102,95.27256614829057,95.24631686041776,0.0262492878727872,0.0,0.0230213593784276,7.086630270685312e-07,5.306206136481607e-09,5.872643923791187,6.507938911280884,9
RAW_CP_REPO_PLUS_PM,top_5pct_random_gate,shuffled_perturbation_magnitude,entry_with_recent_spike,ex_post_descriptive,10,43750,2086,0.0476996212184313,95.27256614829057,95.24841730218664,0.024148846103922,0.0,0.0220691684867428,9.752447818442457e-07,2.212624495889173e-09,5.88058464933515,6.455638616809725,5
CP_REPO_RECENT_SLOPE,top_10pct_random_gate,shuffled_perturbation_magnitude,entry_with_recent_spike,ex_post_descriptive,10,43750,4236,0.0968402056117843,95.27256614829057,95.2492235838318,0.0233425644587553,0.0,0.04569066250481,9.747694745418963e-07,3.245864096593324e-09,5.935316782945346,6.040618461093592,6
SHUFFLED_LAG_PM_PLACEBO_REPO,top_10pct_random_gate,shuffled_perturbation_magnitude,entry_with_recent_spike,ex_post_descriptive,10,43750,4394,0.1004528927420206,95.27256614829057,95.25302643387222,0.0195397144183446,0.0,0.0481690529811529,7.910445866436786e-07,3.28844390520368e-09,3.702210364068084,3.686847775492206,8
CP_REPO_OPS_HG,top_10pct_random_gate,shuffled_perturbation_magnitude,entry_with_recent_spike,ex_post_descriptive,10,43750,4328,0.0989602840673255,95.27256614829057,95.253212349753,0.0193537985375465,0.0,0.0451765159122923,2.613150138280429e-06,4.453910836549122e-09,12.317607850695657,11.96389962608031,6
SHUFFLED_LAG_PM_PLACEBO_REPO,top_5pct_random_gate,shuffled_perturbation_magnitude,entry_with_recent_spike,ex_post_descriptive,10,43750,2203,0.0503788697294682,95.27256614829057,95.25685661642584,0.0157095318647159,0.0,0.0244627412197277,4.61773502017824e-07,2.570846320047302e-09,3.267366990477877,3.686213470173051,8
CP_REPO_OPS_HG,top_5pct_random_gate,shuffled_perturbation_magnitude,entry_with_recent_spike,ex_post_descriptive,10,43750,2129,0.0487031162252063,95.27256614829057,95.25839570781946,0.0141704404710856,0.0,0.0222746716286977,1.2666457197276502e-06,2.9726024044144518e-09,12.681466827954187,11.939484391342036,7
CP_REPO_RECENT_SLOPE,top_5pct_random_gate,shuffled_perturbation_magnitude,entry_with_recent_spike,ex_post_descriptive,10,43750,2085,0.0476822085978096,95.27256614829057,95.25840526478852,0.0141608835020445,0.0,0.0227189657901868,4.88033031903045e-07,2.057789430726504e-09,5.914921458873041,6.021114632171612,7
CP_REPO_GATED_RIDGE_OPS_C,top_5pct_random_gate,shuffled_perturbation_magnitude,entry_with_recent_spike,ex_post_descriptive,10,43750,2169,0.0496049047863641,95.27256614829057,95.26034669101912,0.0122194572714393,0.0,0.022995896098849,7.879809806744798e-07,4.748700903042865e-09,8.416771710736406,8.08763716915473,6
RANDOM_GATE_PLACEBO_REPO,top_5pct_random_gate,shuffled_perturbation_magnitude,entry_with_recent_spike,ex_post_descriptive,10,43750,2114,0.0483425130779294,95.27256614829057,95.26155500360906,0.011011144681505,0.0,0.0220652107188513,3.6974470449969845e-07,2.474444753204657e-09,3.8040554564708464,4.2814277487028045,7
SHUFFLED_LAG_PM_PLACEBO_REPO,top_5pct,perturbation_magnitude,entry_with_recent_spike,ex_post_descriptive,10,43750,2456,0.0565279844286597,95.27256614829057,95.29377648929052,-0.0212103409999402,0.0,0.029308301707885,3.2767515021902086e-06,1.5147324935864115e-08,24.203269319276952,3.0516163110525847,4
CP_REPO_RECENT_SLOPE,condition_cluster_entry_loose,condition_label,entry_without_recent_spike,ex_post_descriptive,10,29710,29710,1.0,91.1003900671519,91.05886781013515,0.0415222570167512,0.0,0.4429674358899006,-9.403936096617082e-07,7.046725338250637e-09,6.986599533599976,0.0,6
SHUFFLED_LAG_PM_PLACEBO_REPO,top_10pct_random_gate,shuffled_perturbation_magnitude,entry_without_recent_spike,ex_post_descriptive,10,29710,2854,0.0960195531934162,91.1003900671519,91.07179369532822,0.0285963718236848,0.0,0.0439334790231635,-4.898251548085238e-08,1.86277586302365e-09,5.254877746141993,5.274513072304442,8
SHUFFLED_LAG_PM_PLACEBO_REPO,top_5pct_random_gate,shuffled_perturbation_magnitude,entry_without_recent_spike,ex_post_descriptive,10,29710,1393,0.0468378756840142,91.1003900671519,91.08345041047713,0.0169396566747825,0.0,0.0215694611119933,8.88877267453148e-08,1.5224744487452059e-09,5.234438955776965,5.297146915918813,7
CP_REPO_RECENT_SLOPE,top_20pct_random_gate,shuffled_perturbation_magnitude,entry_without_recent_spike,ex_post_descriptive,10,29710,6025,0.2027471083228903,91.1003900671519,91.08745605615437,0.0129340109975578,0.0,0.0903826366583452,-1.9929688260753855e-07,2.193487524414437e-09,7.010108301139103,7.0160242243105655,5
RANDOM_GATE_PLACEBO_REPO,top_5pct_random_gate,shuffled_perturbation_magnitude,entry_without_recent_spike,ex_post_descriptive,10,29710,1436,0.0483328133045557,91.1003900671519,91.08812931065437,0.0122607564975351,0.0,0.0217697598205083,6.345631116142035e-08,1.612110630362259e-09,4.497806881487814,4.766948018223687,5
CP_REPO_RECENT_SLOPE,top_30pct,perturbation_magnitude,entry_without_recent_spike,ex_post_descriptive,10,29710,13183,0.4446216296449934,91.1003900671519,91.08938383229,0.0110062348619087,0.0,0.1938633241235159,-6.918862975123399e-07,6.495766979916911e-09,11.904196249137858,3.3211402008620268,5
CP_REPO_RECENT_SLOPE,validation_selected,prefix_validation_perturbation_magnitude,entry_without_recent_spike,ex_post_descriptive,10,22466,4555,0.2008781536593959,90.70215351758064,90.69289959265085,0.0092539249297861,0.0,0.0891818363811147,7.085229948899214e-07,6.239945367821857e-09,17.97327370954608,4.8071452437068345,5
CP_REPO_RECENT_SLOPE,top_10pct_random_gate,shuffled_perturbation_magnitude,entry_without_recent_spike,ex_post_descriptive,10,29710,2950,0.0992268185374124,91.1003900671519,91.09157169356229,0.0088183735896346,0.0,0.0437788879474842,-2.511377240935447e-07,5.6390868529728e-10,6.982194458690967,6.983460604372839,4
CP_REPO_RECENT_SLOPE,top_5pct_random_gate,shuffled_perturbation_magnitude,entry_without_recent_spike,ex_post_descriptive,10,29710,1466,0.0493757362291812,91.1003900671519,91.096469817633,0.0039202495189067,0.0,0.0217110440154953,-1.598654569780439e-07,2.3141340532525507e-10,6.867369758217206,6.998154958973946,4
CP_REPO_OPS_HG,top_5pct_random_gate,shuffled_perturbation_magnitude,entry_without_recent_spike,ex_post_descriptive,10,29710,1430,0.0481185933227383,91.1003900671519,91.0997879688593,0.0006020982926103,0.0,0.0217002547489172,2.064526063889037e-07,2.4465479374217507e-09,12.976827149201664,12.52202431642922,5
CP_REPO_GATED_RIDGE_OPS_C,condition_entry_with_recent_spike,condition_label,entry_without_recent_spike,ex_post_descriptive,10,29710,0,0.0,91.1003900671519,91.1003900671519,0.0,0.0,0.0,0.0,0.0,0.0,8.98604518602464,0
CP_REPO_HAAR_SHAPE,condition_entry_with_recent_spike,condition_label,entry_without_recent_spike,ex_post_descriptive,10,29710,0,0.0,91.1003900671519,91.1003900671519,0.0,0.0,0.0,0.0,0.0,0.0,6.7639390360280105,0
CP_REPO_OPS_HG,condition_entry_with_recent_spike,condition_label,entry_without_recent_spike,ex_post_descriptive,10,29710,0,0.0,91.1003900671519,91.1003900671519,0.0,0.0,0.0,0.0,0.0,0.0,12.526414466135307,0
CP_REPO_RECENT_SLOPE,condition_entry_with_recent_spike,condition_label,entry_without_recent_spike,ex_post_descriptive,10,29710,0,0.0,91.1003900671519,91.1003900671519,0.0,0.0,0.0,0.0,0.0,0.0,6.999092216277537,0
RANDOM_GATE_PLACEBO_REPO,condition_entry_with_recent_spike,condition_label,entry_without_recent_spike,ex_post_descriptive,10,29710,0,0.0,91.1003900671519,91.1003900671519,0.0,0.0,0.0,0.0,0.0,0.0,4.7681669552318,0
RAW_CP_REPO_PLUS_PM,condition_entry_with_recent_spike,condition_label,entry_without_recent_spike,ex_post_descriptive,10,29710,0,0.0,91.1003900671519,91.1003900671519,0.0,0.0,0.0,0.0,0.0,0.0,5.8083535901473535,0
SHUFFLED_LAG_PM_PLACEBO_REPO,condition_entry_with_recent_spike,condition_label,entry_without_recent_spike,ex_post_descriptive,10,29710,0,0.0,91.1003900671519,91.1003900671519,0.0,0.0,0.0,0.0,0.0,0.0,5.300258110002815,0
CP_REPO_RECENT_SLOPE,top_20pct,perturbation_magnitude,entry_without_recent_spike,ex_post_descriptive,10,29710,10082,0.3401893792992436,91.1003900671519,91.10178299551092,-0.0013929283590198,0.0,0.1467078645278383,-6.137446335010589e-07,5.3010065529973454e-09,13.405268621478688,3.934655829870741,6
SHUFFLED_LAG_PM_PLACEBO_REPO,top_30pct_random_gate,shuffled_perturbation_magnitude,entry_without_recent_spike,ex_post_descriptive,10,29710,8908,0.2998018779722308,91.1003900671519,91.10239702837212,-0.0020069612202104,0.0,0.1346159639608036,-2.635054592593729e-07,4.201028294678482e-09,5.4191735366287785,5.3240300059292816,6
SHUFFLED_LAG_PM_PLACEBO_REPO,top_20pct_random_gate,shuffled_perturbation_magnitude,entry_without_recent_spike,ex_post_descriptive,10,29710,5878,0.1978115756417447,91.1003900671519,91.106820423676,-0.0064303565241222,0.0,0.0883811696286143,-5.303240466698949e-07,2.5454960229913572e-09,5.344722470038954,5.317606623816714,5
SHUFFLED_LAG_PM_PLACEBO_REPO,condition_cluster_entry_loose,condition_label,entry_without_recent_spike,ex_post_descriptive,10,29710,29710,1.0,91.1003900671519,91.10690943623766,-0.0065193690857456,0.0180786749065774,0.4478556910055233,-7.53999908437595e-07,9.421500415846858e-09,5.45624869910374,0.0,4
CP_REPO_RECENT_SLOPE,top_30pct_random_gate,shuffled_perturbation_magnitude,entry_without_recent_spike,ex_post_descriptive,10,29710,8985,0.3024793159593915,91.1003900671519,91.10749897713488,-0.0071089099829588,0.0,0.1348070903874143,-4.703333812593208e-07,3.106230043556045e-09,7.005881536527609,7.080410247029763,4
CP_REPO_GATED_RIDGE_OPS_C,top_5pct_random_gate,shuffled_perturbation_magnitude,entry_without_recent_spike,ex_post_descriptive,10,29710,1436,0.0483069815425481,91.1003900671519,91.10760794561224,-0.0072178784603278,0.0,0.0208037152847499,-5.959967476460533e-08,2.209726833949555e-09,9.105631633830374,8.961412649468226,4
CP_REPO_OPS_HG,top_10pct_random_gate,shuffled_perturbation_magnitude,entry_without_recent_spike,ex_post_descriptive,10,29710,2950,0.0992120512705918,91.1003900671519,91.110644759955,-0.0102546928030825,0.0,0.043956073555023,3.557900367841244e-07,4.2139442452532755e-09,13.414761475476572,12.471888499443626,5
RANDOM_GATE_PLACEBO_REPO,top_10pct_random_gate,shuffled_perturbation_magnitude,entry_without_recent_spike,ex_post_descriptive,10,29710,2970,0.0998395817856902,91.1003900671519,91.11156057565016,-0.0111705084982476,0.0,0.0433079504048649,-9.51023389989691e-08,2.125569923303677e-09,4.979468529660183,4.760209858269841,5
SHUFFLED_LAG_PM_PLACEBO_REPO,top_30pct,perturbation_magnitude,entry_without_recent_spike,ex_post_descriptive,10,29710,12731,0.4271816645211114,91.1003900671519,91.11866280106412,-0.0182727339122128,0.0,0.1891010977120731,-6.708992043348311e-07,8.066505206230907e-09,10.227579461196054,2.096998075774537,4
RAW_CP_REPO_PLUS_PM,top_5pct_random_gate,shuffled_perturbation_magnitude,entry_without_recent_spike,ex_post_descriptive,10,29710,1458,0.0489801793026685,91.1003900671519,91.12197635176008,-0.0215862846081628,0.0,0.0203136481026315,-7.85478689122439e-08,-3.4314690570111205e-10,6.026861062976423,5.810485143793793,4
RANDOM_GATE_PLACEBO_REPO,top_20pct_random_gate,shuffled_perturbation_magnitude,entry_without_recent_spike,ex_post_descriptive,10,29710,5968,0.2008040918390395,91.1003900671519,91.12219768564096,-0.0218076184890586,0.0,0.0860056967949958,-5.133008140921714e-07,1.771048455044211e-09,4.94177568406176,4.7267996831452015,4
CP_REPO_HAAR_SHAPE,top_5pct_random_gate,shuffled_perturbation_magnitude,entry_without_recent_spike,ex_post_descriptive,10,29710,1435,0.0482634472788392,91.1003900671519,91.12473759253425,-0.0243475253823306,0.0,0.0199190810729075,1.9280454838910663e-08,3.529049914820541e-09,7.089931045520065,6.765338270892362,3
CP_REPO_HAAR_SHAPE,top_10pct_random_gate,shuffled_perturbation_magnitude,entry_without_recent_spike,ex_post_descriptive,10,29710,2950,0.0992469610450181,91.1003900671519,91.12479939428336,-0.0244093271314604,0.0,0.0419870084603659,1.1803668135095926e-07,4.8060362316258215e-09,6.818878553328058,6.756155471224183,4
CP_REPO_RECENT_SLOPE,top_10pct,perturbation_magnitude,entry_without_recent_spike,ex_post_descriptive,10,29710,6414,0.2164369722612791,91.1003900671519,91.12922834704668,-0.0288382798947872,0.0,0.0920353381696507,-3.091375523238334e-07,4.722963470814482e-09,16.224389175039448,4.719696836742191,5
SHUFFLED_LAG_PM_PLACEBO_REPO,validation_selected,prefix_validation_perturbation_magnitude,entry_without_recent_spike,ex_post_descriptive,10,22466,6511,0.2874242775988595,90.70215351758064,90.7425786403408,-0.0404251227601936,0.0,0.130649110848549,-5.192002424256379e-07,7.023481272631277e-09,13.534446050431796,2.7452711874818045,4
CP_REPO_HAAR_SHAPE,top_20pct_random_gate,shuffled_perturbation_magnitude,entry_without_recent_spike,ex_post_descriptive,10,29710,5979,0.2010354032207399,91.1003900671519,91.14183551814574,-0.0414454509938232,0.0,0.0846446761319252,-1.1638476949334694e-07,9.168458944014453e-09,6.794119356244444,6.729105397850371,4
RAW_CP_REPO_PLUS_PM,top_10pct_random_gate,shuffled_perturbation_magnitude,entry_without_recent_spike,ex_post_descriptive,10,29710,2934,0.0986779699377025,91.1003900671519,91.14611340670535,-0.0457233395534641,0.0,0.0417929423065774,-5.121295074666952e-07,-1.1325038209024078e-09,6.398193084307083,5.7968661251326665,4
SHUFFLED_LAG_PM_PLACEBO_REPO,top_20pct,perturbation_magnitude,entry_without_recent_spike,ex_post_descriptive,10,29710,8953,0.3002787380223505,91.1003900671519,91.14866864260202,-0.0482785754501072,0.0,0.1312896270811241,-8.329788078752682e-07,6.646310404516272e-09,12.395708669372992,2.694142450077005,3
CP_REPO_RECENT_SLOPE,top_5pct,perturbation_magnitude,entry_without_recent_spike,ex_post_descriptive,10,29710,3915,0.1320527588002261,91.1003900671519,91.15063183910146,-0.0502417719495485,0.0,0.055348875174394,-3.1559827024687084e-07,4.096171688582404e-09,19.562289042157897,5.325019619395766,3
CP_REPO_GATED_RIDGE_OPS_C,top_10pct_random_gate,shuffled_perturbation_magnitude,entry_without_recent_spike,ex_post_descriptive,10,29710,2945,0.0989908434977517,91.1003900671519,91.1710128861978,-0.0706228190458974,0.0,0.042004992566886,-9.778663383726154e-07,1.8729057052132286e-09,9.877540815988574,8.981833202836938,2
RAW_CP_REPO_PLUS_PM,top_20pct_random_gate,shuffled_perturbation_magnitude,entry_without_recent_spike,ex_post_descriptive,10,29710,5933,0.1997243557271632,91.1003900671519,91.17342321330548,-0.0730331461535633,0.0,0.0849724320122611,-8.13375584171456e-07,-5.97021734894029e-10,6.290850290817285,5.761683699345705,2
RANDOM_GATE_PLACEBO_REPO,top_30pct_random_gate,shuffled_perturbation_magnitude,entry_without_recent_spike,ex_post_descriptive,10,29710,8970,0.3019310276732332,91.1003900671519,91.18282824624364,-0.0824381790917252,0.0,0.1278007977230761,-1.3383836993503102e-06,1.1474434556636039e-09,5.068397698661751,4.7422039253716735,2
CP_REPO_OPS_HG,top_20pct_random_gate,shuffled_perturbation_magnitude,entry_without_recent_spike,ex_post_descriptive,10,29710,5947,0.2000473557230036,91.1003900671519,91.19180983796367,-0.0914197708117577,0.0,0.0880264780239533,4.135504892268917e-07,6.451715064892455e-09,13.593012807621514,12.525370856344734,2
SHUFFLED_LAG_PM_PLACEBO_REPO,top_10pct,perturbation_magnitude,entry_without_recent_spike,ex_post_descriptive,10,29710,4739,0.1589092637350598,91.1003900671519,91.19536366517288,-0.0949735980209754,0.0,0.0673190339455873,-9.527773305789906e-07,3.9689940642681985e-09,16.906202036755417,3.523369142079525,2
SHUFFLED_LAG_PM_PLACEBO_REPO,top_5pct,perturbation_magnitude,entry_without_recent_spike,ex_post_descriptive,10,29710,2475,0.0830165162981978,91.1003900671519,91.19549213236574,-0.0951020652138327,0.0,0.0349854504378848,-8.516870432765577e-07,2.8166156128628727e-09,22.430362117417047,4.067121908538213,2
CP_REPO_HAAR_SHAPE,top_30pct_random_gate,shuffled_perturbation_magnitude,entry_without_recent_spike,ex_post_descriptive,10,29710,8965,0.3015252765273825,91.1003900671519,91.20299762546313,-0.1026075583111987,0.0,0.1276010717594971,-5.793436740661895e-07,1.1425344599363276e-08,6.952316448369361,6.779754218708666,3
RAW_CP_REPO_PLUS_PM,top_30pct_random_gate,shuffled_perturbation_magnitude,entry_without_recent_spike,ex_post_descriptive,10,29710,8968,0.3019031735791523,91.1003900671519,91.2104892269773,-0.1100991598253777,0.0,0.1277311481752097,-1.5310313857580429e-06,-2.763976660689354e-10,6.188406456807407,5.741081376669657,2
CP_REPO_HAAR_SHAPE,validation_selected,prefix_validation_perturbation_magnitude,entry_without_recent_spike,ex_post_descriptive,10,22466,3145,0.1400715220500963,90.70215351758064,90.822739471141,-0.1205859535603649,0.0,0.0656790006393055,5.449304813835205e-07,1.969165722812435e-08,20.71879199310223,4.830365789438883,4
CP_REPO_OPS_HG,top_30pct_random_gate,shuffled_perturbation_magnitude,entry_without_recent_spike,ex_post_descriptive,10,29710,8934,0.3005372019995839,91.1003900671519,91.22763101890412,-0.1272409517522293,0.0,0.1308695741497023,3.261765737868169e-07,8.413619920307573e-09,13.097320346721023,12.535590591338432,4
CP_REPO_GATED_RIDGE_OPS_C,top_20pct_random_gate,shuffled_perturbation_magnitude,entry_without_recent_spike,ex_post_descriptive,10,29710,5934,0.199536988707731,91.1003900671519,91.25364189557315,-0.1532518284212701,0.0,0.0836748482739851,-2.009327673401862e-06,4.5642028212973445e-09,9.623569846957896,9.038444145537408,1
CP_REPO_HAAR_SHAPE,top_5pct,perturbation_magnitude,entry_without_recent_spike,ex_post_descriptive,10,29710,2013,0.0674391723761868,91.1003900671519,91.26226460583224,-0.1618745386803252,0.0,0.0286971289200658,-2.9326926537110855e-07,1.3856399956669582e-08,26.1629722653258,5.604465387306892,2
CP_REPO_HAAR_SHAPE,top_10pct,perturbation_magnitude,entry_without_recent_spike,ex_post_descriptive,10,29710,3984,0.1333866903469697,91.1003900671519,91.28485278905532,-0.1844627219034092,0.0,0.0566609742798848,-5.997905296489889e-07,1.7032240363566423e-08,20.67092161987838,4.889473405274002,2
RAW_CP_REPO_PLUS_PM,top_5pct,perturbation_magnitude,entry_without_recent_spike,ex_post_descriptive,10,29710,1835,0.0615524496669873,91.1003900671519,91.2900786062458,-0.1896885390939076,0.0,0.0243447908592195,-1.3220482453140114e-06,1.5629343026884547e-09,21.184517549958706,5.016325480856763,0
CP_REPO_OPS_HG,validation_selected,prefix_validation_perturbation_magnitude,entry_without_recent_spike,ex_post_descriptive,10,22466,6668,0.2995650595359586,90.70215351758064,90.89612262237596,-0.1939691047953433,0.0,0.1401911844206347,1.6514174301387936e-06,1.5503424767538177e-08,27.892910570481146,7.415348499346193,3
RANDOM_GATE_PLACEBO_REPO,validation_selected,prefix_validation_perturbation_magnitude,entry_without_recent_spike,ex_post_descriptive,10,22466,2331,0.1035185162432406,90.70215351758064,90.89955607094744,-0.1974025533668255,0.0,0.0440491628797309,-2.593744222660846e-06,9.87478023319137e-10,20.26634934074464,3.33480744960636,2
RAW_CP_REPO_PLUS_PM,validation_selected,prefix_validation_perturbation_magnitude,entry_without_recent_spike,ex_post_descriptive,10,22466,2027,0.0906473133581449,90.70215351758064,90.90246438885904,-0.2003108712784249,0.0,0.039397072183982,-1.6260374093931705e-06,4.826845313599161e-09,18.649451488297533,4.739839125608302,0
CP_REPO_GATED_RIDGE_OPS_C,top_30pct_random_gate,shuffled_perturbation_magnitude,entry_without_recent_spike,ex_post_descriptive,10,29710,8905,0.2995048472872595,91.1003900671519,91.30122953732464,-0.2008394701727279,0.0,0.1250852314614534,-2.917096600079546e-06,4.956275563519231e-09,9.556363221657689,8.988118814501659,1
RANDOM_GATE_PLACEBO_REPO,top_5pct,perturbation_magnitude,entry_without_recent_spike,ex_post_descriptive,10,29710,2212,0.0743533039428713,91.1003900671519,91.33214505157176,-0.2317549844198304,0.0,0.0286297479997064,-3.098439563588889e-06,1.5058258206813588e-09,23.36275776026277,3.606712099483179,1
CP_REPO_HAAR_SHAPE,condition_cluster_entry_loose,condition_label,entry_without_recent_spike,ex_post_descriptive,10,29710,29710,1.0,91.1003900671519,91.3488705478156,-0.2484804806636996,-0.0568333782043453,0.4260465418156657,-2.939133437398716e-06,2.2613647134282482e-08,6.8861203168071885,0.0,3
CP_REPO_HAAR_SHAPE,top_30pct,perturbation_magnitude,entry_without_recent_spike,ex_post_descriptive,10,29710,11659,0.3910448953868571,91.1003900671519,91.35464495066296,-0.2542548835110439,0.0,0.1653078800810948,-2.267509053517443e-06,2.1115321390058312e-08,12.839077486293988,3.111693123420181,2
RAW_CP_REPO_PLUS_PM,top_10pct,perturbation_magnitude,entry_without_recent_spike,ex_post_descriptive,10,29710,3809,0.127722257189246,91.1003900671519,91.35684139590288,-0.2564513287509609,0.0,0.0515741914381237,-2.242761763070528e-06,2.9988888702616247e-09,17.016133465240973,4.43230372098946,0
RANDOM_GATE_PLACEBO_REPO,top_10pct,perturbation_magnitude,entry_without_recent_spike,ex_post_descriptive,10,29710,4268,0.1432317549476276,91.1003900671519,91.35803818273,-0.2576481155780991,0.0,0.0575493719793403,-3.559266128702968e-06,3.3618636727357206e-09,17.641152815136017,2.977717200498462,1
CP_REPO_HAAR_SHAPE,top_20pct,perturbation_magnitude,entry_without_recent_spike,ex_post_descriptive,10,29710,7918,0.2654905050970801,91.1003900671519,91.36862286936989,-0.2682328022179687,0.0,0.1108381742168406,-1.9203285507130388e-06,1.9483131858182096e-08,15.373814742095664,3.909761912868805,2
CP_REPO_OPS_HG,top_5pct,perturbation_magnitude,entry_without_recent_spike,ex_post_descriptive,10,29710,4495,0.1511939423640808,91.1003900671519,91.37782630531564,-0.2774362381637464,0.0,0.0673905915411739,1.216638597015561e-06,1.0088851750332145e-08,33.28016622549419,9.284975175098031,3
RANDOM_GATE_PLACEBO_REPO,top_20pct,perturbation_magnitude,entry_without_recent_spike,ex_post_descriptive,10,29710,8081,0.2711030807995379,91.1003900671519,91.37835194755708,-0.2779618804051729,0.0,0.1117427508339634,-3.982432605129728e-06,5.976816876632758e-09,12.831261393918206,2.2003755897511907,2
RANDOM_GATE_PLACEBO_REPO,condition_cluster_entry_loose,condition_label,entry_without_recent_spike,ex_post_descriptive,10,29710,29710,1.0,91.1003900671519,91.3849085960601,-0.2845185289081798,-0.0362467291369522,0.4249265051112963,-4.093044359087758e-06,8.733494014795143e-09,5.047669447488874,0.0,2
RANDOM_GATE_PLACEBO_REPO,top_30pct,perturbation_magnitude,entry_without_recent_spike,ex_post_descriptive,10,29710,11638,0.3904109012153335,91.1003900671519,91.38568364911708,-0.2852935819651743,0.0,0.1616362991241213,-4.077154555955849e-06,7.206193323325426e-09,10.3738001823461,1.694111535119784,2
CP_REPO_OPS_HG,top_10pct,perturbation_magnitude,entry_without_recent_spike,ex_post_descriptive,10,29710,7895,0.2653866198789048,91.1003900671519,91.42070552037754,-0.3203154532256306,0.0,0.1190007599065946,1.1337330344180114e-06,1.6047658318735248e-08,27.83496899778593,7.530237996249625,4
CP_REPO_GATED_RIDGE_OPS_C,top_5pct,perturbation_magnitude,entry_without_recent_spike,ex_post_descriptive,10,29710,4554,0.1535507081475475,91.1003900671519,91.4454392294238,-0.3450491622719019,0.0,0.0645578967072759,-5.326376827740568e-06,4.609647463040256e-09,24.16531804481034,6.49414806812977,3
RAW_CP_REPO_PLUS_PM,top_20pct,perturbation_magnitude,entry_without_recent_spike,ex_post_descriptive,10,29710,7613,0.2554675376993717,91.1003900671519,91.462497101674,-0.3621070345220908,0.0,0.1033668023776424,-3.6610271197109545e-06,4.164738643719841e-09,13.258637885553316,3.6252304894257152,0
RAW_CP_REPO_PLUS_PM,top_30pct,perturbation_magnitude,entry_without_recent_spike,ex_post_descriptive,10,29710,11082,0.3719185987736874,91.1003900671519,91.47393393282891,-0.3735438656770254,0.0,0.1531661687559019,-4.0428830715305424e-06,5.09833267912105e-09,11.40122975057032,2.9709460446686573,0
RAW_CP_REPO_PLUS_PM,condition_cluster_entry_loose,condition_label,entry_without_recent_spike,ex_post_descriptive,10,29710,29710,1.0,91.1003900671519,91.48222410908112,-0.3818340419292179,-0.0563933568160344,0.4233535278317122,-4.61166033875804e-06,5.555503372443979e-09,6.153855196373006,0.0,0
CP_REPO_OPS_HG,condition_cluster_entry_loose,condition_label,entry_without_recent_spike,ex_post_descriptive,10,29710,29710,1.0,91.1003900671519,91.49413083161224,-0.3937407644603288,0.0063666458697269,0.4371943945046836,7.243864116195169e-07,2.2931307854983378e-08,13.133044951758771,0.0,3
CP_REPO_OPS_HG,top_20pct,perturbation_magnitude,entry_without_recent_spike,ex_post_descriptive,10,29710,12997,0.4367480926192919,91.1003900671519,91.49538535552595,-0.3949952883740463,0.0,0.1926912213244823,5.350432149359397e-07,1.9754023737668642e-08,22.450331908367826,5.36934303841984,3
CP_REPO_GATED_RIDGE_OPS_C,validation_selected,prefix_validation_perturbation_magnitude,entry_without_recent_spike,ex_post_descriptive,10,22466,5277,0.2364459643463807,90.70215351758064,91.11847156911256,-0.4163180515319397,0.0,0.101738525618003,-6.882588606173108e-06,3.949588218484741e-09,21.595452201754664,5.661859720530228,3
CP_REPO_OPS_HG,top_30pct,perturbation_magnitude,entry_without_recent_spike,ex_post_descriptive,10,29710,16589,0.5575747405071644,91.1003900671519,91.53333344859269,-0.4329433814407691,0.0,0.2443827075853284,7.248460317787208e-08,2.1855979743542912e-08,19.76303896850593,4.049707278162896,3
CP_REPO_GATED_RIDGE_OPS_C,top_10pct,perturbation_magnitude,entry_without_recent_spike,ex_post_descriptive,10,29710,7967,0.2683852137505782,91.1003900671519,91.57915728428593,-0.4787672171339919,0.0,0.111368763332043,-7.441855079609101e-06,7.35115352336102e-09,19.94928032549522,5.271562988305652,2
CP_REPO_GATED_RIDGE_OPS_C,top_20pct,perturbation_magnitude,entry_without_recent_spike,ex_post_descriptive,10,29710,12906,0.4342382003485417,91.1003900671519,91.69527156844396,-0.5948815012920556,0.0,0.1809883775713442,-8.663032624278287e-06,9.851111015967032e-09,16.39389267563005,3.7592133591518127,2
CP_REPO_GATED_RIDGE_OPS_C,condition_cluster_entry_loose,condition_label,entry_without_recent_spike,ex_post_descriptive,10,29710,29710,1.0,91.1003900671519,91.7255935527675,-0.6252034856156027,-0.0423423981579844,0.4217439265499729,-8.99857469982144e-06,1.0979840986253e-08,9.566562922193432,0.0,1
CP_REPO_GATED_RIDGE_OPS_C,top_30pct,perturbation_magnitude,entry_without_recent_spike,ex_post_descriptive,10,29710,16619,0.558819728848941,91.1003900671519,91.74323634453408,-0.6428462773821754,0.0,0.2319069270910859,-9.204607520203264e-06,1.068059042526978e-08,14.351380057610765,2.8456100895385177,1
CP_REPO_OPS_HG,condition_cluster_entry_loose,condition_label,high_within_block_dispersion,ex_post_descriptive,10,68973,24273,0.3590086658377839,122.74661640611995,122.11608227255392,0.6305341335660468,0.0,0.1555358292254864,2.2064441438427757e-05,4.0920493648093495e-08,13.039439574979689,6.919311437613304,9
CP_REPO_OPS_HG,condition_entry_with_recent_spike,condition_label,high_within_block_dispersion,ex_post_descriptive,10,68973,15617,0.2320277194576123,122.74661640611995,122.12238227878233,0.6242341273376637,0.0,0.1048038818205096,1.86559464930102e-05,3.7278574742039536e-08,11.935850198000931,7.926149722642668,9
CP_REPO_OPS_HG,validation_selected,prefix_validation_perturbation_magnitude,high_within_block_dispersion,ex_post_descriptive,10,50098,9421,0.1779405798099885,120.37404637807686,119.81432224316688,0.5597241349099763,0.0,0.0949804806324562,2.1721880831133832e-05,4.3906892166239423e-08,32.793405697704706,5.977968083420114,9
RAW_CP_REPO_PLUS_PM,condition_entry_with_recent_spike,condition_label,high_within_block_dispersion,ex_post_descriptive,10,68973,15617,0.2320277194576123,122.74661640611995,122.24456195394214,0.5020544521778816,0.0,0.1097469050326058,1.3573645797042872e-05,3.265409839118678e-08,6.831094584265455,6.63548460668955,9
RAW_CP_REPO_PLUS_PM,condition_cluster_entry_loose,condition_label,high_within_block_dispersion,ex_post_descriptive,10,68973,24273,0.3590086658377839,122.74661640611995,122.32385090738164,0.4227654987383444,0.0,0.154053042058004,1.2673773698719152e-05,3.022017215164363e-08,6.936083647476442,6.699753671343205,9
CP_REPO_HAAR_SHAPE,condition_entry_with_recent_spike,condition_label,high_within_block_dispersion,ex_post_descriptive,10,68973,15617,0.2320277194576123,122.74661640611995,122.35241073730884,0.394205668811154,0.0,0.1045826701016826,1.0060301067172994e-05,2.9838201816848e-08,5.683180335939122,8.054112072132952,9
CP_REPO_RECENT_SLOPE,condition_cluster_entry_loose,condition_label,high_within_block_dispersion,ex_post_descriptive,10,68973,24273,0.3590086658377839,122.74661640611995,122.37794866487302,0.3686677412469529,0.0,0.1529954636267352,5.046171991454434e-06,1.6926247009561273e-08,7.740612439478218,6.083239296486956,7
CP_REPO_RECENT_SLOPE,condition_entry_with_recent_spike,condition_label,high_within_block_dispersion,ex_post_descriptive,10,68973,15617,0.2320277194576123,122.74661640611995,122.41193517432228,0.3346812317976971,0.0,0.1051724203091612,5.5627411901706575e-06,1.515696826959848e-08,5.80132631453523,7.056754167654729,9
CP_REPO_HAAR_SHAPE,condition_cluster_entry_loose,condition_label,high_within_block_dispersion,ex_post_descriptive,10,68973,24273,0.3590086658377839,122.74661640611995,122.41398726013269,0.3326291459872881,0.0,0.149524804602591,9.602272862550972e-06,2.995293308171846e-08,6.587207121624172,8.21172970823676,8
CP_REPO_OPS_HG,top_5pct,perturbation_magnitude,high_within_block_dispersion,ex_post_descriptive,10,68973,5802,0.0850880732536797,122.74661640611995,122.42117931584676,0.3254370902732332,0.0,0.0410448594403391,1.6258597022366304e-05,3.391604388577994e-08,40.69455877446596,7.142796603646896,8
CP_REPO_OPS_HG,top_30pct,perturbation_magnitude,high_within_block_dispersion,ex_post_descriptive,10,68973,23682,0.3479464934959421,122.74661640611995,122.42148989011544,0.325126516004547,0.0,0.1461462350813937,2.625219752264321e-05,4.3129311952684695e-08,22.769311609733325,3.9862218089362407,8
CP_REPO_OPS_HG,top_10pct,perturbation_magnitude,high_within_block_dispersion,ex_post_descriptive,10,68973,9816,0.1442125866973227,122.74661640611995,122.431018303608,0.3155981025119828,0.0,0.0662356305747106,1.9843900548124054e-05,3.824536222793283e-08,34.8561730488254,6.139960706609827,8
CP_REPO_OPS_HG,top_20pct,perturbation_magnitude,high_within_block_dispersion,ex_post_descriptive,10,68973,16834,0.2473165628856072,122.74661640611995,122.44855633044617,0.2980600756738482,0.0,0.10768937466705,2.387693359428511e-05,4.141936858582266e-08,27.430363530373388,4.88835503470081,8
CP_REPO_GATED_RIDGE_OPS_C,condition_entry_with_recent_spike,condition_label,high_within_block_dispersion,ex_post_descriptive,10,68973,15617,0.2320277194576123,122.74661640611995,122.51280267712336,0.2338137289966443,0.0,0.1001831278126114,6.950620093946531e-06,1.6072633481030583e-08,7.005212265699418,5.673317268914684,9
SHUFFLED_LAG_PM_PLACEBO_REPO,condition_cluster_entry_loose,condition_label,high_within_block_dispersion,ex_post_descriptive,10,68973,24273,0.3590086658377839,122.74661640611995,122.51403826093876,0.2325781451812191,0.0,0.1573744590660491,4.763869304877209e-06,1.6986771582974693e-08,5.010119838541514,6.53949253883448,9
RANDOM_GATE_PLACEBO_REPO,condition_entry_with_recent_spike,condition_label,high_within_block_dispersion,ex_post_descriptive,10,68973,15617,0.2320277194576123,122.74661640611995,122.52954758628088,0.2170688198390759,0.0,0.102376072795511,5.527709304743619e-06,1.7350964706633917e-08,4.081842621869053,5.630397431763383,9
SHUFFLED_LAG_PM_PLACEBO_REPO,condition_entry_with_recent_spike,condition_label,high_within_block_dispersion,ex_post_descriptive,10,68973,15617,0.2320277194576123,122.74661640611995,122.55563316088588,0.1909832452341175,0.0,0.108210971417909,4.754713450959877e-06,1.5675920691036446e-08,3.265326595568774,6.832413806433404,9
RANDOM_GATE_PLACEBO_REPO,condition_cluster_entry_loose,condition_label,high_within_block_dispersion,ex_post_descriptive,10,68973,24273,0.3590086658377839,122.74661640611995,122.59846137001428,0.1481550361056645,0.0,0.1495975120761017,4.379210895476059e-06,1.5407992875565946e-08,5.180738720608562,5.675874315810519,8
CP_REPO_OPS_HG,top_30pct_random_gate,shuffled_perturbation_magnitude,high_within_block_dispersion,ex_post_descriptive,10,68973,20621,0.2992317201861235,122.74661640611995,122.60697482044728,0.1396415856727137,0.0,0.1182884423220154,9.279059652720848e-06,1.1959699808283977e-08,10.373866238968784,9.590407226973536,8
RAW_CP_REPO_PLUS_PM,validation_selected,prefix_validation_perturbation_magnitude,high_within_block_dispersion,ex_post_descriptive,10,50098,5778,0.1106069231195375,120.37404637807686,120.26583315342528,0.1082132246515614,0.0,0.056885867187812,1.0450457849703747e-05,3.0091246528603385e-08,24.801603034852008,5.481231072881485,8
CP_REPO_GATED_RIDGE_OPS_C,condition_cluster_entry_loose,condition_label,high_within_block_dispersion,ex_post_descriptive,10,68973,24273,0.3590086658377839,122.74661640611995,122.64701059763247,0.0996058084874863,0.0,0.146123784438538,5.6922541595342296e-06,1.3240564100954837e-08,8.321584368204524,5.207582746266873,6
CP_REPO_RECENT_SLOPE,validation_selected,prefix_validation_perturbation_magnitude,high_within_block_dispersion,ex_post_descriptive,10,50098,8976,0.1848504805329507,120.37404637807686,120.28250593534138,0.0915404427354704,0.0,0.0741672369396185,1.6721395702413413e-06,1.3702063240273232e-08,17.339955260894975,4.714450968184282,6
CP_REPO_OPS_HG,top_20pct_random_gate,shuffled_perturbation_magnitude,high_within_block_dispersion,ex_post_descriptive,10,68973,13650,0.1980412996734876,122.74661640611995,122.66820121547488,0.0784151906450946,0.0,0.0784642209030002,5.922733569888565e-06,5.878412899891796e-09,10.371358318993716,9.596010978631814,8
RAW_CP_REPO_PLUS_PM,top_5pct,perturbation_magnitude,high_within_block_dispersion,ex_post_descriptive,10,68973,5815,0.0856096625813207,122.74661640611995,122.69590098694562,0.0507154191743575,0.0,0.0395231161606272,8.939765231967712e-06,2.6804977725647736e-08,29.60991338791455,5.767820034267556,8
CP_REPO_OPS_HG,top_10pct_random_gate,shuffled_perturbation_magnitude,high_within_block_dispersion,ex_post_descriptive,10,68973,6828,0.0989768456524141,122.74661640611995,122.69814363194602,0.0484727741739644,0.0,0.0397476557011108,3.087226359549687e-06,2.545708957973729e-09,10.521554289912554,9.553619456514951,8
CP_REPO_RECENT_SLOPE,top_5pct,perturbation_magnitude,high_within_block_dispersion,ex_post_descriptive,10,68973,8847,0.1282435554762266,122.74661640611995,122.7099596585393,0.0366567475806626,0.0,0.0511660066353183,8.823751949313504e-07,1.1372414158015016e-08,19.39877815791616,5.164280097116825,2
CP_REPO_OPS_HG,top_5pct_random_gate,shuffled_perturbation_magnitude,high_within_block_dispersion,ex_post_descriptive,10,68973,3383,0.0489497586026678,122.74661640611995,122.72309494701253,0.0235214591074683,0.0,0.0196309494833698,1.556054451098954e-06,1.8374181267266422e-09,11.175954830483366,9.527983447344516,7
CP_REPO_GATED_RIDGE_OPS_C,top_10pct_random_gate,shuffled_perturbation_magnitude,high_within_block_dispersion,ex_post_descriptive,10,68973,6770,0.0981227923164911,122.74661640611995,122.72355096580434,0.0230654403156457,0.0,0.0387345437096727,1.2270123348587194e-06,1.2516831889672482e-09,7.1408021915109625,6.31559488065752,5
CP_REPO_GATED_RIDGE_OPS_C,top_20pct_random_gate,shuffled_perturbation_magnitude,high_within_block_dispersion,ex_post_descriptive,10,68973,13693,0.1985687836297581,122.74661640611995,122.7278619446583,0.0187544614616965,0.0,0.0776782359249651,2.2163037785809598e-06,1.732291043198121e-09,7.347306846179,6.344476201226072,4
RAW_CP_REPO_PLUS_PM,top_10pct,perturbation_magnitude,high_within_block_dispersion,ex_post_descriptive,10,68973,10483,0.153822958857164,122.74661640611995,122.7293268577782,0.0172895483418108,0.0,0.0667606333360764,1.0513601878492156e-05,2.7178962074913883e-08,23.87859556248969,5.020999970524471,7
CP_REPO_GATED_RIDGE_OPS_C,top_5pct_random_gate,shuffled_perturbation_magnitude,high_within_block_dispersion,ex_post_descriptive,10,68973,3358,0.0486586256164755,122.74661640611995,122.73035053032368,0.0162658757963286,0.0,0.0196067185626442,8.837783579547477e-07,1.499290477678819e-09,7.258324246557014,6.34130334439884,7
CP_REPO_GATED_RIDGE_OPS_C,top_30pct_random_gate,shuffled_perturbation_magnitude,high_within_block_dispersion,ex_post_descriptive,10,68973,20554,0.2978666941061797,122.74661640611995,122.7354139383806,0.0112024677394015,0.0,0.1169499215981549,3.210681884435349e-06,2.498504202515368e-09,7.566899520200636,6.350210557923857,5
SHUFFLED_LAG_PM_PLACEBO_REPO,top_5pct_random_gate,shuffled_perturbation_magnitude,high_within_block_dispersion,ex_post_descriptive,10,68973,3442,0.0499648659031494,122.74661640611995,122.7477793551329,-0.0011629490129115,0.0,0.0193644264294932,3.593616705639929e-07,8.286047963972816e-10,6.699824243639921,6.083320591548901,5
RAW_CP_REPO_PLUS_PM,top_30pct,perturbation_magnitude,high_within_block_dispersion,ex_post_descriptive,10,68973,25875,0.3779944627967592,122.74661640611995,122.74838671271618,-0.0017703065962086,0.0,0.1515987426528456,1.2598872396020462e-05,2.7005751100112148e-08,15.6074488472105,3.316698617118616,6
RANDOM_GATE_PLACEBO_REPO,top_10pct_random_gate,shuffled_perturbation_magnitude,high_within_block_dispersion,ex_post_descriptive,10,68973,6710,0.0972849563579041,122.74661640611995,122.74847071248394,-0.0018543063639573,0.0,0.0380864134209447,9.278753234468168e-07,1.4104150302838542e-09,6.824117203289385,5.508690328917151,4
RAW_CP_REPO_PLUS_PM,top_5pct_random_gate,shuffled_perturbation_magnitude,high_within_block_dispersion,ex_post_descriptive,10,68973,3394,0.0493023384763618,122.74661640611995,122.75081890771196,-0.0042025015919627,0.0,0.0185870961894271,6.064414935229853e-07,9.27747628368133e-10,7.860155940041386,7.289309237891752,5
RAW_CP_REPO_PLUS_PM,top_30pct_random_gate,shuffled_perturbation_magnitude,high_within_block_dispersion,ex_post_descriptive,10,68973,20385,0.295331421536078,122.74661640611995,122.75115809374849,-0.0045416876284965,0.0,0.1114460901674741,4.012343249179009e-06,7.450900652442668e-09,7.962837763897019,7.35189585738294,5
SHUFFLED_LAG_PM_PLACEBO_REPO,top_10pct_random_gate,shuffled_perturbation_magnitude,high_within_block_dispersion,ex_post_descriptive,10,68973,6938,0.1004905225953946,122.74661640611995,122.75144879775004,-0.0048323916300466,0.0,0.0392486740081391,6.36113019357676e-07,1.6222173683995003e-09,7.047909951237728,6.077503229867849,6
RAW_CP_REPO_PLUS_PM,top_20pct_random_gate,shuffled_perturbation_magnitude,high_within_block_dispersion,ex_post_descriptive,10,68973,13617,0.1973947143562252,122.74661640611995,122.75218823828186,-0.0055718321618907,0.0,0.0745354698611226,2.59190230979739e-06,4.2155662609342625e-09,7.950973088660373,7.344596325903064,5
RAW_CP_REPO_PLUS_PM,top_20pct,perturbation_magnitude,high_within_block_dispersion,ex_post_descriptive,10,68973,18525,0.2710733571516048,122.74661640611995,122.75374685058824,-0.0071304444682156,0.0,0.1118906356786798,1.1847170317438242e-05,2.7310932941917585e-08,18.51308672713219,4.029947777805364,7
CP_REPO_HAAR_SHAPE,top_5pct_random_gate,shuffled_perturbation_magnitude,high_within_block_dispersion,ex_post_descriptive,10,68973,3341,0.0485149813350162,122.74661640611995,122.75547347095292,-0.00885706483292,0.0,0.0195216788055832,9.276572551656488e-07,1.4530646226698283e-09,10.875891537335736,8.060167141372714,4
RANDOM_GATE_PLACEBO_REPO,top_5pct_random_gate,shuffled_perturbation_magnitude,high_within_block_dispersion,ex_post_descriptive,10,68973,3338,0.0484200064252727,122.74661640611995,122.75683873730088,-0.0102223311808953,0.0,0.0188370113054343,4.2172778443551524e-07,6.342441184308285e-10,7.0809361816518335,5.536442818485584,4
CP_REPO_RECENT_SLOPE,top_5pct_random_gate,shuffled_perturbation_magnitude,high_within_block_dispersion,ex_post_descriptive,10,68973,3423,0.049610449880618,122.74661640611995,122.75793893188802,-0.0113225257680295,0.0,0.0180480774381076,-2.194232053231949e-08,4.4113355742547184e-10,7.418925895762679,7.244069064650773,3
CP_REPO_RECENT_SLOPE,top_10pct_random_gate,shuffled_perturbation_magnitude,high_within_block_dispersion,ex_post_descriptive,10,68973,6827,0.0988676005067096,122.74661640611995,122.75816692459608,-0.0115505184760818,0.0,0.0360824978299433,7.686566231278899e-08,1.1105106232479555e-09,7.774386595818832,7.222256251315491,5
RANDOM_GATE_PLACEBO_REPO,top_20pct_random_gate,shuffled_perturbation_magnitude,high_within_block_dispersion,ex_post_descriptive,10,68973,13735,0.1994115460356958,122.74661640611995,122.76240695045946,-0.0157905443394895,0.0,0.0771407507630635,1.7607714089544005e-06,3.4871680054885037e-09,7.048221832932877,5.444166715115388,4
RAW_CP_REPO_PLUS_PM,top_10pct_random_gate,shuffled_perturbation_magnitude,high_within_block_dispersion,ex_post_descriptive,10,68973,6786,0.0985515977907938,122.74661640611995,122.76616915802032,-0.0195527519003689,0.0,0.0367645724602661,1.2099439742477249e-06,1.5845681820666851e-09,7.905131327977784,7.322386987162456,3
CP_REPO_GATED_RIDGE_OPS_C,validation_selected,prefix_validation_perturbation_magnitude,high_within_block_dispersion,ex_post_descriptive,10,50098,6870,0.1299880048791282,120.37404637807686,120.3939450740616,-0.0198986959847369,0.0,0.0623035071604065,4.608670259893989e-06,1.2367699486702086e-08,22.77214580539221,4.624101821167697,5
SHUFFLED_LAG_PM_PLACEBO_REPO,top_20pct_random_gate,shuffled_perturbation_magnitude,high_within_block_dispersion,ex_post_descriptive,10,68973,13730,0.1986818508253225,122.74661640611995,122.7684060991721,-0.0217896930521299,0.0,0.0762120148454776,1.195917666532004e-06,3.692647918226703e-09,6.90222170045422,6.105562337665852,6
CP_REPO_RECENT_SLOPE,top_20pct_random_gate,shuffled_perturbation_magnitude,high_within_block_dispersion,ex_post_descriptive,10,68973,13856,0.2009689409393051,122.74661640611995,122.76996762011052,-0.0233512139905499,0.0,0.0729399607932509,2.694980259047517e-07,3.2558566527319573e-09,7.567257758653119,7.245007059062146,3
RANDOM_GATE_PLACEBO_REPO,top_30pct_random_gate,shuffled_perturbation_magnitude,high_within_block_dispersion,ex_post_descriptive,10,68973,20706,0.3004359034116409,122.74661640611995,122.7750742653923,-0.0284578592723248,0.0,0.1159330799900142,2.525138316786533e-06,4.477779497137966e-09,7.096655938035438,5.418479922752597,4
CP_REPO_RECENT_SLOPE,top_30pct_random_gate,shuffled_perturbation_magnitude,high_within_block_dispersion,ex_post_descriptive,10,68973,20714,0.3002295329732106,122.74661640611995,122.77578414458536,-0.029167738465376,0.0,0.1088772297760445,3.888398583198362e-07,4.396106277536985e-09,7.438790235102528,7.268501524942084,3
CP_REPO_HAAR_SHAPE,top_10pct_random_gate,shuffled_perturbation_magnitude,high_within_block_dispersion,ex_post_descriptive,10,68973,6824,0.0988062463960456,122.74661640611995,122.7810599486508,-0.0344435425308165,0.0,0.038109070040793,1.6694988541381768e-06,2.722443840005314e-09,10.254384985036356,8.066177207310618,4
SHUFFLED_LAG_PM_PLACEBO_REPO,top_30pct_random_gate,shuffled_perturbation_magnitude,high_within_block_dispersion,ex_post_descriptive,10,68973,20618,0.2988188644661994,122.74661640611995,122.78530725740492,-0.0386908512849303,0.0,0.1139873040595564,1.8102944075428115e-06,5.307486122696855e-09,7.058951512900006,6.082086988207235,4
CP_REPO_RECENT_SLOPE,top_10pct,perturbation_magnitude,high_within_block_dispersion,ex_post_descriptive,10,68973,14012,0.2014706324564543,122.74661640611995,122.79549724965054,-0.048880843530567,0.0,0.0778436455263655,5.217889363426669e-07,1.1882481352068688e-08,16.823455702274167,4.5767432917098425,2
CP_REPO_GATED_RIDGE_OPS_C,top_5pct,perturbation_magnitude,high_within_block_dispersion,ex_post_descriptive,10,68973,5162,0.0762317631895992,122.74661640611995,122.79931945286668,-0.0527030467467153,0.0,0.0314644262389919,3.511190425278641e-06,9.15462857715798e-09,26.72133837056446,4.99013060573901,4
CP_REPO_HAAR_SHAPE,top_20pct_random_gate,shuffled_perturbation_magnitude,high_within_block_dispersion,ex_post_descriptive,10,68973,13628,0.1977655335115095,122.74661640611995,122.82923932859276,-0.082622922472776,0.0,0.0765960036517877,3.1779582088505065e-06,6.1017180522827274e-09,10.53159162003936,8.071876791504947,2
CP_REPO_RECENT_SLOPE,top_20pct,perturbation_magnitude,high_within_block_dispersion,ex_post_descriptive,10,68973,21671,0.3107246786059908,122.74661640611995,122.83859667397812,-0.0919802678581307,0.0,0.1183198561323692,7.736352185194956e-07,1.2409915335462708e-08,14.234553849323552,3.841901598957242,2
SHUFFLED_LAG_PM_PLACEBO_REPO,validation_selected,prefix_validation_perturbation_magnitude,high_within_block_dispersion,ex_post_descriptive,10,50098,14544,0.2902623346174141,120.37404637807686,120.4761421764846,-0.1020957984077647,0.0,0.1221666862062121,3.7268449831207783e-06,1.5347433785104176e-08,18.2341138686706,2.808699090308445,2
CP_REPO_GATED_RIDGE_OPS_C,top_10pct,perturbation_magnitude,high_within_block_dispersion,ex_post_descriptive,10,68973,9103,0.1346366570028944,122.74661640611995,122.8516665794444,-0.1050501733244075,0.0,0.0537549804023955,4.483994465711861e-06,1.0454781773192656e-08,22.66942990058197,4.351131666788733,3
CP_REPO_RECENT_SLOPE,top_30pct,perturbation_magnitude,high_within_block_dispersion,ex_post_descriptive,10,68973,28264,0.4048588927013691,122.74661640611995,122.86146160655883,-0.1148452004388959,0.0,0.1525302192772865,8.88594068662726e-07,1.2631935841388162e-08,12.728302103297237,3.2894535036839345,1
CP_REPO_HAAR_SHAPE,top_30pct_random_gate,shuffled_perturbation_magnitude,high_within_block_dispersion,ex_post_descriptive,10,68973,20636,0.2992380104113528,122.74661640611995,122.87804320065108,-0.1314267945311069,0.0,0.1148967921906322,4.8839001862831135e-06,9.33453488759293e-09,10.479741598820636,8.062235207639416,3
SHUFFLED_LAG_PM_PLACEBO_REPO,top_30pct,perturbation_magnitude,high_within_block_dispersion,ex_post_descriptive,10,68973,28731,0.4191831142473156,122.74661640611995,122.90410659230533,-0.1574901861853112,0.0,0.1653155419196671,4.432827645131399e-06,1.4578083634913811e-08,14.214902030893366,2.1497690853673816,2
CP_REPO_GATED_RIDGE_OPS_C,top_30pct,perturbation_magnitude,high_within_block_dispersion,ex_post_descriptive,10,68973,23897,0.3502234795352554,122.74661640611995,122.91402964782068,-0.1674132417007326,0.0,0.1368694378712103,7.52286613086657e-06,1.2632574111408837e-08,15.466445640127445,2.7590322124708093,4
CP_REPO_GATED_RIDGE_OPS_C,top_20pct,perturbation_magnitude,high_within_block_dispersion,ex_post_descriptive,10,68973,16458,0.2421928217325696,122.74661640611995,122.92114801161104,-0.1745316054910799,0.0,0.0952162087999995,6.192494369035132e-06,1.1491546690308662e-08,18.425533017380797,3.439266799955225,4
RANDOM_GATE_PLACEBO_REPO,validation_selected,prefix_validation_perturbation_magnitude,high_within_block_dispersion,ex_post_descriptive,10,50098,5817,0.1100651403541139,120.37404637807686,120.55273876912192,-0.1786923910450779,0.0,0.0520931152843508,3.570267303827245e-06,1.29023672482419e-08,30.91858838506049,3.909587434447816,2
SHUFFLED_LAG_PM_PLACEBO_REPO,top_20pct,perturbation_magnitude,high_within_block_dispersion,ex_post_descriptive,10,68973,20923,0.3057154763277784,122.74661640611995,122.926905514203,-0.1802891080829907,0.0,0.1213283173799831,3.440917792290086e-06,1.331902617770129e-08,17.195452844215513,2.7287866625044925,2
SHUFFLED_LAG_PM_PLACEBO_REPO,top_10pct,perturbation_magnitude,high_within_block_dispersion,ex_post_descriptive,10,68973,11770,0.1725943965877242,122.74661640611995,123.00755485980623,-0.2609384536862547,0.0,0.0675095556140135,1.563398082701675e-06,9.96861021274704e-09,23.10637604039449,3.692375453837609,2
SHUFFLED_LAG_PM_PLACEBO_REPO,top_5pct,perturbation_magnitude,high_within_block_dispersion,ex_post_descriptive,10,68973,6333,0.0932638711292053,122.74661640611995,123.0115362373802,-0.2649198312602329,0.0,0.0359071375185578,2.864956514903896e-07,6.991358534065299e-09,29.705880583815524,4.464495243246855,2
RANDOM_GATE_PLACEBO_REPO,top_30pct,perturbation_magnitude,high_within_block_dispersion,ex_post_descriptive,10,68973,27801,0.4061610139344694,122.74661640611995,123.0596260274785,-0.3130096213585356,0.0,0.1586109647490117,6.0491759923650295e-06,1.2923468216007688e-08,14.7951884041394,1.9054272944896475,2
RANDOM_GATE_PLACEBO_REPO,top_5pct,perturbation_magnitude,high_within_block_dispersion,ex_post_descriptive,10,68973,5425,0.0803487111948801,122.74661640611995,123.09690504264674,-0.3502886365267772,0.0,0.0300622032727751,1.410762366909398e-06,7.352455074317981e-09,34.43446627516399,4.196742931564758,1
RANDOM_GATE_PLACEBO_REPO,top_20pct,perturbation_magnitude,high_within_block_dispersion,ex_post_descriptive,10,68973,19689,0.2882858820765588,122.74661640611995,123.09770641213306,-0.3510900060130825,0.0,0.1134364979567101,4.995981858849205e-06,1.2141022206746002e-08,18.39314703675509,2.50469678824107,2
CP_REPO_HAAR_SHAPE,validation_selected,prefix_validation_perturbation_magnitude,high_within_block_dispersion,ex_post_descriptive,10,50098,8369,0.158832037173276,120.37404637807686,120.74314183550662,-0.3690954574297424,0.0,0.0782371382606229,1.0471049482412385e-05,3.0535631256318855e-08,35.959288709820704,5.724217560518326,2
RANDOM_GATE_PLACEBO_REPO,top_10pct,perturbation_magnitude,high_within_block_dispersion,ex_post_descriptive,10,68973,10538,0.1550297285980223,122.74661640611995,123.13019021981684,-0.3835738136968755,0.0,0.0596768783294718,3.0595252780255564e-06,1.002421957357004e-08,25.859337475482285,3.412881555555473,1
CP_REPO_HAAR_SHAPE,top_30pct,perturbation_magnitude,high_within_block_dispersion,ex_post_descriptive,10,68973,27210,0.3980785807259006,122.74661640611995,123.16111251420377,-0.4144961080837581,0.0,0.1587591127786503,1.3309159502232976e-05,2.7114080327915213e-08,20.80883089061177,3.3031003252128146,2
CP_REPO_HAAR_SHAPE,top_20pct,perturbation_magnitude,high_within_block_dispersion,ex_post_descriptive,10,68973,19591,0.2875811817012654,122.74661640611995,123.23500375172353,-0.4883873456035431,0.0,0.1149244165909882,1.1625003845382417e-05,2.6493323698099883e-08,25.45802913262053,4.1793235015489545,1
CP_REPO_HAAR_SHAPE,top_5pct,perturbation_magnitude,high_within_block_dispersion,ex_post_descriptive,10,68973,5507,0.0819788385715982,122.74661640611995,123.23815406791743,-0.4915376617974417,0.0,0.0327175504866211,5.523049477043613e-06,2.1171761614171863e-08,46.02492091640156,6.526657032176978,1
CP_REPO_HAAR_SHAPE,top_10pct,perturbation_magnitude,high_within_block_dispersion,ex_post_descriptive,10,68973,10561,0.1561703564033585,122.74661640611995,123.26986046157153,-0.5232440554515323,0.0,0.0627712001531991,8.469279778177303e-06,2.385078897283784e-08,35.5404031644661,5.528417656567503,1
CP_REPO_OPS_HG,condition_entry_with_recent_spike,condition_label,inflection_points,ex_post_descriptive,10,144895,15866,0.1087413832776904,91.94016361609246,91.78822347286446,0.1519401432280121,0.0,0.0522374232268902,5.235291653149258e-06,1.266676518426996e-08,12.01791951308942,8.470289463509525,9
RAW_CP_REPO_PLUS_PM,condition_entry_with_recent_spike,condition_label,inflection_points,ex_post_descriptive,10,144895,15866,0.1087413832776904,91.94016361609246,91.82516265196024,0.115000964132222,0.0,0.0532025483333655,3.731219017155267e-06,9.051197972870416e-09,6.004876448954003,5.898564522080256,9
CP_REPO_OPS_HG,condition_cluster_entry_loose,condition_label,inflection_points,ex_post_descriptive,10,144895,39930,0.278208151287753,91.94016361609246,91.84795019636935,0.0922134197231007,0.0,0.1243610231001973,5.3873585798048025e-06,1.6699334165985155e-08,12.859976521879243,7.439838627742963,6
CP_REPO_HAAR_SHAPE,condition_entry_with_recent_spike,condition_label,inflection_points,ex_post_descriptive,10,144895,15866,0.1087413832776904,91.94016361609246,91.85242631445254,0.0877373016399266,0.0,0.0516223260075839,2.72731399606204e-06,9.743648876347923e-09,6.073425204090937,6.699700537117868,8
CP_REPO_RECENT_SLOPE,condition_cluster_entry_loose,condition_label,inflection_points,ex_post_descriptive,10,144895,39930,0.278208151287753,91.94016361609246,91.86351078056764,0.0766528355248129,0.0,0.125599127892682,1.3183791050333852e-06,5.273097921302929e-09,6.639120566856555,5.26710860826389,8
CP_REPO_RECENT_SLOPE,condition_entry_with_recent_spike,condition_label,inflection_points,ex_post_descriptive,10,144895,15866,0.1087413832776904,91.94016361609246,91.8811088259611,0.0590547901313703,0.0,0.0529305273546435,1.7323126001730233e-06,3.774409175580735e-09,5.597613147124639,5.694500425975015,9
RAW_CP_REPO_PLUS_PM,condition_cluster_entry_loose,condition_label,inflection_points,ex_post_descriptive,10,144895,39930,0.278208151287753,91.94016361609246,91.88470452603744,0.0554590900550069,0.0,0.1227183025944372,2.830922654568061e-06,9.520702021443981e-09,6.13020781739747,5.889220621143972,9
SHUFFLED_LAG_PM_PLACEBO_REPO,condition_cluster_entry_loose,condition_label,inflection_points,ex_post_descriptive,10,144895,39930,0.278208151287753,91.94016361609246,91.88997739318044,0.0501862229120305,0.0,0.127261627088965,1.2181963543330544e-06,6.615477684361549e-09,4.894893983802624,4.827172968673123,9
CP_REPO_HAAR_SHAPE,condition_cluster_entry_loose,condition_label,inflection_points,ex_post_descriptive,10,144895,39930,0.278208151287753,91.94016361609246,91.8916219885472,0.0485416275452415,0.0,0.1219196878700948,2.162444541157352e-06,1.3167413058088622e-08,6.625076894921534,6.657361458644959,7
RANDOM_GATE_PLACEBO_REPO,condition_entry_with_recent_spike,condition_label,inflection_points,ex_post_descriptive,10,144895,15866,0.1087413832776904,91.94016361609246,91.89367371864668,0.0464898974458,0.0,0.051776121751846,1.4732007507209583e-06,5.636537818314126e-09,4.2524606853624975,4.668619050532034,9
CP_REPO_GATED_RIDGE_OPS_C,condition_entry_with_recent_spike,condition_label,inflection_points,ex_post_descriptive,10,144895,15866,0.1087413832776904,91.94016361609246,91.89497244512286,0.0451911709696052,0.0,0.0506861815565752,1.983660715059577e-06,5.780150346964428e-09,8.458270741847624,6.104526194787726,8
SHUFFLED_LAG_PM_PLACEBO_REPO,condition_entry_with_recent_spike,condition_label,inflection_points,ex_post_descriptive,10,144895,15866,0.1087413832776904,91.94016361609246,91.90191862736116,0.0382449887312879,0.0,0.053238601687311,1.3854053429296326e-06,4.979651515160815e-09,3.7400827898887306,4.9810024030629005,9
CP_REPO_GATED_RIDGE_OPS_C,top_5pct_random_gate,shuffled_perturbation_magnitude,inflection_points,ex_post_descriptive,10,144895,7169,0.0494461549218903,91.94016361609246,91.9379014773975,0.0022621386949623,0.0,0.0225874921265901,2.5439357373201004e-07,1.3756142127557064e-09,6.780433859805948,6.386568124736658,6
RANDOM_GATE_PLACEBO_REPO,condition_cluster_entry_loose,condition_label,inflection_points,ex_post_descriptive,10,144895,39930,0.278208151287753,91.94016361609246,91.94237429787054,-0.0022106817780544,0.0,0.121997099228188,6.737573065959392e-07,6.7363208514458385e-09,4.8461879562142505,4.623419093148541,6
CP_REPO_OPS_HG,top_5pct_random_gate,shuffled_perturbation_magnitude,inflection_points,ex_post_descriptive,10,144895,7187,0.0496278111612158,91.94016361609246,91.94794938615212,-0.0077857700596497,0.0,0.0218358819356949,2.137557223958581e-07,1.2911832981282167e-09,9.380561900178051,9.02435396723264,4
RANDOM_GATE_PLACEBO_REPO,top_5pct_random_gate,shuffled_perturbation_magnitude,inflection_points,ex_post_descriptive,10,144895,7162,0.0495074073971197,91.94016361609246,91.94942995872768,-0.0092663426352114,0.0,0.0218224688058884,3.9500408086532384e-08,6.523767011520906e-10,4.945424903986923,4.661934785152639,4
SHUFFLED_LAG_PM_PLACEBO_REPO,top_5pct_random_gate,shuffled_perturbation_magnitude,inflection_points,ex_post_descriptive,10,144895,7082,0.0489348800763336,91.94016361609246,91.95612019523556,-0.0159565791430884,0.0,0.0210804833485178,4.5322665037536534e-08,9.754571092180904e-10,5.3165964584118335,4.82772318936599,4
RANDOM_GATE_PLACEBO_REPO,top_10pct_random_gate,shuffled_perturbation_magnitude,inflection_points,ex_post_descriptive,10,144895,14373,0.0993015118469479,91.94016361609246,91.95734654822355,-0.0171829321311025,0.0,0.0432200485363317,6.543984973462298e-08,9.375819975947151e-10,4.9885402014834686,4.650427948898015,2
SHUFFLED_LAG_PM_PLACEBO_REPO,top_10pct_random_gate,shuffled_perturbation_magnitude,inflection_points,ex_post_descriptive,10,144895,14299,0.0987045172387963,91.94016361609246,91.9579352791722,-0.01777166307973,0.0,0.0427144022274927,7.168080146919914e-08,1.1841275114318027e-09,5.144932833388116,4.81507385058224,4
CP_REPO_OPS_HG,top_10pct_random_gate,shuffled_perturbation_magnitude,inflection_points,ex_post_descriptive,10,144895,14245,0.0983272156579012,91.94016361609246,91.9582659217762,-0.0181023056837486,0.0,0.0430685701458402,4.164106527605689e-07,1.6120146763060499e-09,9.40734147992548,9.016244569287492,5
CP_REPO_RECENT_SLOPE,top_5pct_random_gate,shuffled_perturbation_magnitude,inflection_points,ex_post_descriptive,10,144895,7176,0.0495310061756175,91.94016361609246,91.9587650657233,-0.0186014496308362,0.0,0.0208688076817221,-1.3515302547210938e-07,2.3543767297826067e-10,6.0338177218106726,5.706769805703219,2
RAW_CP_REPO_PLUS_PM,top_5pct_random_gate,shuffled_perturbation_magnitude,inflection_points,ex_post_descriptive,10,144895,7256,0.0500581428777517,91.94016361609246,91.9590546179384,-0.0188910018459156,0.0,0.0208991974721132,-4.165572902847109e-09,2.6210026444488596e-10,6.509816999147345,6.019183722125342,2
CP_REPO_GATED_RIDGE_OPS_C,top_10pct_random_gate,shuffled_perturbation_magnitude,inflection_points,ex_post_descriptive,10,144895,14395,0.0993945414481094,91.94016361609246,91.96136024043248,-0.0211966243400252,0.0,0.0440980318344221,7.996771245793925e-08,1.1815014572099154e-09,6.937237876992673,6.3929970789987935,3
CP_REPO_HAAR_SHAPE,top_5pct_random_gate,shuffled_perturbation_magnitude,inflection_points,ex_post_descriptive,10,144895,7161,0.0495190757877558,91.94016361609246,91.9678330728215,-0.0276694567290391,0.0,0.0213075014696545,-1.6226421700588883e-08,1.551946864727272e-09,7.485413895706569,6.730121363183622,0
CP_REPO_OPS_HG,validation_selected,prefix_validation_perturbation_magnitude,inflection_points,ex_post_descriptive,10,109677,21009,0.1856338950640664,91.26014630673998,91.2884349406049,-0.0282886338649394,0.0,0.0869738450161009,4.140551256560742e-06,2.2118608877562333e-08,25.839023691588647,6.06959253892592,4
CP_REPO_RECENT_SLOPE,top_10pct_random_gate,shuffled_perturbation_magnitude,inflection_points,ex_post_descriptive,10,144895,14441,0.0996429657690194,91.94016361609246,91.969145482533,-0.0289818664405329,0.0,0.0421120801894632,-2.132337116455478e-07,6.813190754311105e-10,5.964179271481529,5.69993208505058,4
SHUFFLED_LAG_PM_PLACEBO_REPO,top_20pct_random_gate,shuffled_perturbation_magnitude,inflection_points,ex_post_descriptive,10,144895,28697,0.1981052529099024,91.94016361609246,91.96958911180585,-0.0294254957133817,0.0,0.0861268450376372,1.5577063087292352e-07,2.1257008654727633e-09,5.117284574128716,4.810087458865544,2
CP_REPO_OPS_HG,top_5pct,perturbation_magnitude,inflection_points,ex_post_descriptive,10,144895,11115,0.0772074153577516,91.94016361609246,91.9752462183312,-0.0350826022387381,0.0,0.0347720007954545,3.6369357276196473e-06,1.65637009090234e-08,31.569615343251314,7.257188146648484,5
CP_REPO_OPS_HG,top_20pct_random_gate,shuffled_perturbation_magnitude,inflection_points,ex_post_descriptive,10,144895,28732,0.1983498290079619,91.94016361609246,91.97549779123683,-0.0353341751443794,0.0,0.0863335358400567,8.311391161297928e-07,4.012492558909849e-09,9.263361264623668,9.0264909201544,4
RANDOM_GATE_PLACEBO_REPO,top_20pct_random_gate,shuffled_perturbation_magnitude,inflection_points,ex_post_descriptive,10,144895,28722,0.1982699397615564,91.94016361609246,91.9783065563126,-0.0381429402201249,0.0,0.0858951284635475,5.4890323504733894e-08,2.021390275733532e-09,5.106102247826994,4.623281818522512,2
CP_REPO_HAAR_SHAPE,top_10pct_random_gate,shuffled_perturbation_magnitude,inflection_points,ex_post_descriptive,10,144895,14397,0.0995363170995839,91.94016361609246,91.978790327077,-0.038626710984537,0.0,0.042792060045912,5.1733725830573694e-08,2.737649839460705e-09,7.207895523051926,6.7295557540001925,2
RAW_CP_REPO_PLUS_PM,top_10pct_random_gate,shuffled_perturbation_magnitude,inflection_points,ex_post_descriptive,10,144895,14436,0.099623223553041,91.94016361609246,91.98088299969577,-0.0407193836032903,0.0,0.0415998543159837,-2.8942959120795385e-08,9.861587585746147e-10,6.449294866208939,6.019396622491527,1
CP_REPO_RECENT_SLOPE,top_20pct_random_gate,shuffled_perturbation_magnitude,inflection_points,ex_post_descriptive,10,144895,28933,0.1997398965319229,91.94016361609246,91.98610485625974,-0.0459412401672914,0.0,0.0853123636565343,-3.1073979972586e-07,1.865026067481737e-09,5.947580991460302,5.688459533124313,2
CP_REPO_GATED_RIDGE_OPS_C,top_20pct_random_gate,shuffled_perturbation_magnitude,inflection_points,ex_post_descriptive,10,144895,28808,0.1988323221371128,91.94016361609246,91.98615176917497,-0.0459881530824919,0.0,0.0880550838940362,1.6177309116952172e-07,2.482156485556571e-09,6.938074257532404,6.405540606313447,2
CP_REPO_OPS_HG,top_30pct_random_gate,shuffled_perturbation_magnitude,inflection_points,ex_post_descriptive,10,144895,43189,0.298184558449783,91.94016361609246,91.98661780475724,-0.0464541886647909,0.0,0.1293004348340408,1.427174965683536e-06,7.756068783179701e-09,9.22070530834707,9.001000469548625,4
SHUFFLED_LAG_PM_PLACEBO_REPO,top_30pct_random_gate,shuffled_perturbation_magnitude,inflection_points,ex_post_descriptive,10,144895,43068,0.297280474830811,91.94016361609246,91.99228950566004,-0.0521258895675567,0.0,0.1297107546728839,2.0524623135651162e-07,2.7940140697873803e-09,5.201387500305366,4.817428180825969,3
CP_REPO_HAAR_SHAPE,top_20pct_random_gate,shuffled_perturbation_magnitude,inflection_points,ex_post_descriptive,10,144895,28866,0.19939659446115,91.94016361609246,92.00262558687793,-0.0624619707854437,0.0,0.0861908669483471,2.453806930779274e-07,5.592589337340225e-09,7.23854864891068,6.717959378894892,2
RAW_CP_REPO_PLUS_PM,top_20pct_random_gate,shuffled_perturbation_magnitude,inflection_points,ex_post_descriptive,10,144895,28865,0.1992928645672332,91.94016361609246,92.00496118515574,-0.0647975690632756,0.0,0.0842902583903394,4.2684215905081445e-08,1.9544544974012473e-09,6.381158951386487,6.010705978938249,0
RANDOM_GATE_PLACEBO_REPO,top_30pct_random_gate,shuffled_perturbation_magnitude,inflection_points,ex_post_descriptive,10,144895,43314,0.2989786016211622,91.94016361609246,92.01017823568034,-0.0700146195878846,0.0,0.1291084227747599,-2.3286727624671637e-09,2.8292610350902334e-09,5.101269063564435,4.632796636002262,1
CP_REPO_GATED_RIDGE_OPS_C,condition_cluster_entry_loose,condition_label,inflection_points,ex_post_descriptive,10,144895,39930,0.278208151287753,91.94016361609246,92.01066397354096,-0.0705003574484808,0.0,0.1200852734978235,3.4141974832894104e-07,7.303454239536035e-09,9.278114311471564,5.452637228669483,3
CP_REPO_GATED_RIDGE_OPS_C,top_30pct_random_gate,shuffled_perturbation_magnitude,inflection_points,ex_post_descriptive,10,144895,43136,0.2977155686899483,91.94016361609246,92.01447404459184,-0.0743104284993851,0.0,0.1313493409251536,1.7930302077343054e-07,3.191134688157448e-09,6.987421378102535,6.394453860339077,2
CP_REPO_RECENT_SLOPE,top_30pct_random_gate,shuffled_perturbation_magnitude,inflection_points,ex_post_descriptive,10,144895,43436,0.2996997521096151,91.94016361609246,92.0168914548567,-0.0767278387642398,0.0,0.1284694597100108,-5.44151744938536e-07,2.7099851158940742e-09,5.987159452260318,5.6856314272516135,3
RAW_CP_REPO_PLUS_PM,validation_selected,prefix_validation_perturbation_magnitude,inflection_points,ex_post_descriptive,10,109677,9947,0.0881676266249737,91.26014630673998,91.34253141187592,-0.0823851051359533,0.0,0.0411281916255265,1.7855476417327625e-06,1.3004182365760757e-08,20.09863842568188,4.864441033709811,1
CP_REPO_OPS_HG,top_10pct,perturbation_magnitude,inflection_points,ex_post_descriptive,10,144895,21280,0.148096122511009,91.94016361609246,92.03326329958182,-0.0930996834893374,0.0,0.0661050919922359,3.892663788689221e-06,2.0342134768385337e-08,26.188211430355118,6.204319044897103,4
RAW_CP_REPO_PLUS_PM,top_30pct_random_gate,shuffled_perturbation_magnitude,inflection_points,ex_post_descriptive,10,144895,43366,0.2992923558116698,91.94016361609246,92.03807663978544,-0.0979130236929887,0.0,0.1268367343828217,-4.2373485935399736e-08,2.6241870223706043e-09,6.366919216163305,6.025502567476549,0
RAW_CP_REPO_PLUS_PM,top_5pct,perturbation_magnitude,inflection_points,ex_post_descriptive,10,144895,8993,0.0628083856108902,91.94016361609246,92.04276442965929,-0.1026008135668359,0.0,0.027634033953833,1.6216306066593289e-06,9.476950713585797e-09,23.299797524303003,5.101143211512481,1
CP_REPO_HAAR_SHAPE,top_30pct_random_gate,shuffled_perturbation_magnitude,inflection_points,ex_post_descriptive,10,144895,43252,0.2986659699794573,91.94016361609246,92.04388706307812,-0.1037234469856716,0.0,0.1285473649339688,3.6788563652686973e-07,8.300268100491967e-09,7.29367589186973,6.70935766377598,1
CP_REPO_RECENT_SLOPE,top_5pct,perturbation_magnitude,inflection_points,ex_post_descriptive,10,144895,11114,0.0763765628109759,91.94016361609246,92.05593575479996,-0.1157721387075043,0.0,0.0314825332428913,-5.637781034981821e-07,4.034901215198667e-09,19.16324917522833,4.822899816739724,1
CP_REPO_GATED_RIDGE_OPS_C,validation_selected,prefix_validation_perturbation_magnitude,inflection_points,ex_post_descriptive,10,109677,15184,0.1343551634891711,91.26014630673998,91.38519053652276,-0.1250442297828023,0.0,0.0615284722010994,-9.689639971881813e-08,7.568089566875032e-09,21.96678727826984,4.559312992334286,3
RANDOM_GATE_PLACEBO_REPO,validation_selected,prefix_validation_perturbation_magnitude,inflection_points,ex_post_descriptive,10,109677,10240,0.0903082539014633,91.26014630673998,91.3936875525961,-0.1335412458561265,0.0,0.0408927774721836,2.0030391967975965e-07,5.768584980231661e-09,24.62216435284716,3.3155174675340904,0
CP_REPO_GATED_RIDGE_OPS_C,top_5pct,perturbation_magnitude,inflection_points,ex_post_descriptive,10,144895,11032,0.0766104369288553,91.94016361609246,92.07519762328334,-0.1350340071908791,0.0,0.0328052399903507,-5.66404513948455e-08,6.181183202048255e-09,24.93597743601505,5.073671675827781,2
SHUFFLED_LAG_PM_PLACEBO_REPO,validation_selected,prefix_validation_perturbation_magnitude,inflection_points,ex_post_descriptive,10,109677,26023,0.2381714641947988,91.26014630673998,91.39578662413965,-0.1356403173996787,0.0,0.1083779518095671,9.509740832895808e-07,7.0199143461524754e-09,15.031596111337551,2.6610889916158547,1
CP_REPO_RECENT_SLOPE,validation_selected,prefix_validation_perturbation_magnitude,inflection_points,ex_post_descriptive,10,109677,13830,0.1307326202080042,91.26014630673998,91.40258502613032,-0.1424387193903647,0.0,0.0552122395330598,-1.9665992801542565e-07,5.608549661254353e-09,17.61285870841554,4.378038994134643,0
SHUFFLED_LAG_PM_PLACEBO_REPO,top_30pct,perturbation_magnitude,inflection_points,ex_post_descriptive,10,144895,52605,0.3673685624468924,91.94016361609246,92.0876201347822,-0.1474565186897329,0.0,0.1618187122077805,7.975752826649101e-07,7.245313240416642e-09,10.668186081579684,2.1176387843012945,1
SHUFFLED_LAG_PM_PLACEBO_REPO,top_20pct,perturbation_magnitude,inflection_points,ex_post_descriptive,10,144895,35544,0.2485795864539513,91.94016361609246,92.09455644839302,-0.1543928323005607,0.0,0.1097648100315869,7.012825115751446e-07,6.395148977034041e-09,13.36821848194752,2.649216647919458,1
RAW_CP_REPO_PLUS_PM,top_10pct,perturbation_magnitude,inflection_points,ex_post_descriptive,10,144895,17978,0.1255836071800706,91.94016361609246,92.09691469700466,-0.1567510809122022,0.0,0.05363562544946,1.380358009472893e-06,1.0841199728160097e-08,18.124931147058756,4.53434873872116,1
CP_REPO_RECENT_SLOPE,top_10pct,perturbation_magnitude,inflection_points,ex_post_descriptive,10,144895,20260,0.1387752450731403,91.94016361609246,92.10784351701952,-0.1676799009270711,0.0,0.0570347497454446,-1.0704328468183722e-06,5.088030995981062e-09,15.654833012106227,4.397295734878734,1
CP_REPO_OPS_HG,top_20pct,perturbation_magnitude,inflection_points,ex_post_descriptive,10,144895,39625,0.2761770044176808,91.94016361609246,92.11028578867597,-0.1701221725835056,0.0,0.1210524010148545,3.817869532982664e-06,2.353706461640477e-08,20.649738269575288,4.753544617898648,3
RANDOM_GATE_PLACEBO_REPO,top_5pct,perturbation_magnitude,inflection_points,ex_post_descriptive,10,144895,8925,0.0626180588905687,91.94016361609246,92.13788571056814,-0.1977220944756786,0.0,0.0254499019723994,-5.225080233900285e-07,3.9670218785565185e-09,27.017314301875693,3.5879836808339007,0
CP_REPO_OPS_HG,top_30pct,perturbation_magnitude,inflection_points,ex_post_descriptive,10,144895,55891,0.3893340756544591,91.94016361609246,92.13791409397612,-0.1977504778836642,0.0,0.1695605184489279,3.690814769962753e-06,2.505490888254184e-08,17.541769318823135,3.7378465013898974,3
SHUFFLED_LAG_PM_PLACEBO_REPO,top_10pct,perturbation_magnitude,inflection_points,ex_post_descriptive,10,144895,17684,0.1239249424795867,91.94016361609246,92.1384628991412,-0.198299283048741,0.0,0.0532940573316769,1.6058245047311819e-07,4.378771383869961e-09,19.170200642243863,3.412635949169926,0
CP_REPO_GATED_RIDGE_OPS_C,top_10pct,perturbation_magnitude,inflection_points,ex_post_descriptive,10,144895,21089,0.1466700699670707,91.94016361609246,92.1418237930624,-0.2016601769699461,0.0,0.0624517085447426,-3.673812345411713e-07,7.843254889261695e-09,20.40632736393179,4.3066624698411005,0
SHUFFLED_LAG_PM_PLACEBO_REPO,top_5pct,perturbation_magnitude,inflection_points,ex_post_descriptive,10,144895,8665,0.0608112111698257,91.94016361609246,92.14586504152892,-0.2057014254364353,0.0,0.0254426422415808,-2.10193723860217e-07,3.1140765671337794e-09,27.04634231356524,3.9258285449696046,0
RANDOM_GATE_PLACEBO_REPO,top_30pct,perturbation_magnitude,inflection_points,ex_post_descriptive,10,144895,51892,0.3624830319968638,91.94016361609246,92.149133752264,-0.2089701361715251,0.0,0.1546419909143919,-5.241193418966457e-08,8.630103932600988e-09,11.043069904716448,1.701804918086578,0
RANDOM_GATE_PLACEBO_REPO,top_10pct,perturbation_magnitude,inflection_points,ex_post_descriptive,10,144895,17929,0.1256404671372998,91.94016361609246,92.15194589571662,-0.2117822796241401,0.0,0.0525015699195095,-2.988695882083015e-07,6.0689830474977555e-09,19.83538772857703,2.973095786200287,0
RANDOM_GATE_PLACEBO_REPO,top_20pct,perturbation_magnitude,inflection_points,ex_post_descriptive,10,144895,35310,0.2470447749870672,91.94016361609246,92.1530764570922,-0.2129128409997311,0.0,0.1051091413695012,-1.0074901425119173e-07,7.874633925280722e-09,13.923365948205625,2.2129572427472697,0
CP_REPO_HAAR_SHAPE,validation_selected,prefix_validation_perturbation_magnitude,inflection_points,ex_post_descriptive,10,109677,14893,0.1317745685726849,91.26014630673998,91.47810655885418,-0.2179602521142123,0.0,0.0608026237911767,1.3438302505587288e-06,1.7852720574865162e-08,26.24219689392038,4.915350224025343,0
CP_REPO_RECENT_SLOPE,top_20pct,perturbation_magnitude,inflection_points,ex_post_descriptive,10,144895,36102,0.2471770168070394,91.94016361609246,92.16160397647714,-0.2214403603846722,0.0,0.1022713030378575,-1.5477729089318826e-06,5.486053552431115e-09,12.88263501705742,3.742625446776232,0
CP_REPO_RECENT_SLOPE,top_30pct,perturbation_magnitude,inflection_points,ex_post_descriptive,10,144895,50468,0.3455440962818346,91.94016361609246,92.17919312078988,-0.2390295046974005,0.0,0.144607088557276,-1.7353510957179488e-06,5.989293779413971e-09,11.316596757524758,3.209787153746497,1
RAW_CP_REPO_PLUS_PM,top_20pct,perturbation_magnitude,inflection_points,ex_post_descriptive,10,144895,35590,0.248452977328963,91.94016361609246,92.1810630383216,-0.2408994222291292,0.0,0.1035510253489673,5.928394471139119e-07,1.2496185142492052e-08,13.930241292612482,3.7000249768541793,0
CP_REPO_HAAR_SHAPE,top_5pct,perturbation_magnitude,inflection_points,ex_post_descriptive,10,144895,8782,0.0615965543828953,91.94016361609246,92.18115257471035,-0.2409889586178957,0.0,0.0261064452506077,8.497426356791205e-07,1.1921307508385269e-08,32.7071983117567,5.58552811530883,0
CP_REPO_GATED_RIDGE_OPS_C,top_20pct,perturbation_magnitude,inflection_points,ex_post_descriptive,10,144895,39239,0.2736299248631245,91.94016361609246,92.19862319290024,-0.2584595768077695,0.0,0.1171163412658774,-3.424099782203469e-07,9.299861250698008e-09,16.02152568010749,3.248251725539923,0
CP_REPO_HAAR_SHAPE,top_10pct,perturbation_magnitude,inflection_points,ex_post_descriptive,10,144895,17588,0.1232286623655066,91.94016361609246,92.20143819131968,-0.2612745752272057,0.0,0.0524412617370113,9.847319060038131e-07,1.5312213823824463e-08,24.431837764025087,4.878306221220486,0
RAW_CP_REPO_PLUS_PM,top_30pct,perturbation_magnitude,inflection_points,ex_post_descriptive,10,144895,52159,0.3638872381922603,91.94016361609246,92.20650271854032,-0.2663391024478567,0.0,0.1515052204746068,2.3588063804242878e-07,1.2989361124244352e-08,11.820337543919122,3.031206372561193,0
CP_REPO_GATED_RIDGE_OPS_C,top_30pct,perturbation_magnitude,inflection_points,ex_post_descriptive,10,144895,55671,0.3884222668358481,91.94016361609246,92.21628077294672,-0.276117156854247,0.0,0.1664414575302841,-2.509842192867758e-07,1.0141867701995816e-08,13.514772145516403,2.515541006074036,0
CP_REPO_HAAR_SHAPE,top_20pct,perturbation_magnitude,inflection_points,ex_post_descriptive,10,144895,35113,0.2455217114638225,91.94016361609246,92.2363876833066,-0.2962240672141231,0.0,0.1041131008816431,9.366156052419594e-07,1.8089802717620704e-08,17.7130944894025,3.88069032489926,0
CP_REPO_HAAR_SHAPE,top_30pct,perturbation_magnitude,inflection_points,ex_post_descriptive,10,144895,52160,0.3643166871955244,91.94016361609246,92.23706592218412,-0.2969023060916597,0.0,0.1549930647171932,9.26876964947785e-07,1.9594405109667553e-08,14.421807429680012,3.1221925314867343,0
RAW_CP_REPO_PLUS_PM,condition_cluster_entry_loose,condition_label,older_spike_position,ex_post_descriptive,10,108875,1327,0.0128296025064185,98.42624044954538,98.42287160582806,0.0033688437172997,0.0,0.0056612341670765,3.336248070233514e-08,1.315600795696193e-09,5.390599863981973,6.083231602757016,6
CP_REPO_GATED_RIDGE_OPS_C,condition_entry_with_recent_spike,condition_label,older_spike_position,ex_post_descriptive,10,108875,0,0.0,98.42624044954538,98.42624044954538,0.0,0.0,0.0,0.0,0.0,0.0,4.587010753546304,0
CP_REPO_HAAR_SHAPE,condition_entry_with_recent_spike,condition_label,older_spike_position,ex_post_descriptive,10,108875,0,0.0,98.42624044954538,98.42624044954538,0.0,0.0,0.0,0.0,0.0,0.0,6.67473573095557,0
CP_REPO_OPS_HG,condition_entry_with_recent_spike,condition_label,older_spike_position,ex_post_descriptive,10,108875,0,0.0,98.42624044954538,98.42624044954538,0.0,0.0,0.0,0.0,0.0,0.0,6.150289645787536,0
CP_REPO_RECENT_SLOPE,condition_entry_with_recent_spike,condition_label,older_spike_position,ex_post_descriptive,10,108875,0,0.0,98.42624044954538,98.42624044954538,0.0,0.0,0.0,0.0,0.0,0.0,4.376856951398754,0
RANDOM_GATE_PLACEBO_REPO,condition_entry_with_recent_spike,condition_label,older_spike_position,ex_post_descriptive,10,108875,0,0.0,98.42624044954538,98.42624044954538,0.0,0.0,0.0,0.0,0.0,0.0,4.579708788941329,0
RAW_CP_REPO_PLUS_PM,condition_entry_with_recent_spike,condition_label,older_spike_position,ex_post_descriptive,10,108875,0,0.0,98.42624044954538,98.42624044954538,0.0,0.0,0.0,0.0,0.0,0.0,6.095027812838297,0
SHUFFLED_LAG_PM_PLACEBO_REPO,condition_entry_with_recent_spike,condition_label,older_spike_position,ex_post_descriptive,10,108875,0,0.0,98.42624044954538,98.42624044954538,0.0,0.0,0.0,0.0,0.0,0.0,4.826190286944818,0
CP_REPO_HAAR_SHAPE,condition_cluster_entry_loose,condition_label,older_spike_position,ex_post_descriptive,10,108875,1327,0.0128296025064185,98.42624044954538,98.42752776706698,-0.0012873175216139,0.0,0.0056760175770639,-3.8224374871502993e-08,2.6183000513316857e-10,5.89279464131969,6.6755147592959485,4
RANDOM_GATE_PLACEBO_REPO,condition_cluster_entry_loose,condition_label,older_spike_position,ex_post_descriptive,10,108875,1327,0.0128296025064185,98.42624044954538,98.42842063032252,-0.0021801807771502,0.0,0.0054276513692593,-6.697954603934265e-09,2.417925425334849e-10,3.744131483076612,4.582234273680127,3
CP_REPO_OPS_HG,condition_cluster_entry_loose,condition_label,older_spike_position,ex_post_descriptive,10,108875,1327,0.0128296025064185,98.42624044954538,98.42855477423916,-0.0023143246937984,0.0,0.0056916514623392,-3.480973649527743e-08,7.646147137692846e-10,10.354453140411527,6.079056053570211,4
SHUFFLED_LAG_PM_PLACEBO_REPO,condition_cluster_entry_loose,condition_label,older_spike_position,ex_post_descriptive,10,108875,1327,0.0128296025064185,98.42624044954538,98.43141109777169,-0.0051706482263039,0.0,0.0056169231363885,-1.0513056713772214e-08,1.9010567019851755e-10,4.529429256871949,4.833123440744795,2
CP_REPO_RECENT_SLOPE,condition_cluster_entry_loose,condition_label,older_spike_position,ex_post_descriptive,10,108875,1327,0.0128296025064185,98.42624044954538,98.43142580282772,-0.0051853532823498,0.0,0.0058227801766238,-8.938433240958518e-09,6.205953006748349e-11,4.480212199521623,4.382895958351469,3
CP_REPO_GATED_RIDGE_OPS_C,condition_cluster_entry_loose,condition_label,older_spike_position,ex_post_descriptive,10,108875,1327,0.0128296025064185,98.42624044954538,98.43426712238706,-0.0080266728416833,0.0,0.0052866619182293,-7.100307289234054e-08,5.602918021442209e-11,8.002644461303435,4.53583303184865,2
RANDOM_GATE_PLACEBO_REPO,top_5pct_random_gate,shuffled_perturbation_magnitude,older_spike_position,ex_post_descriptive,10,108875,5539,0.0508764580679551,98.42624044954538,98.43465537247036,-0.0084149229249604,0.0,0.0211579716325223,6.09464598119925e-08,-1.365261826277118e-09,5.039839375814057,4.573565878118596,3
CP_REPO_GATED_RIDGE_OPS_C,top_5pct_random_gate,shuffled_perturbation_magnitude,older_spike_position,ex_post_descriptive,10,108875,5438,0.0499806680747351,98.42624044954538,98.43475118343196,-0.0085107338865991,0.0,0.0213563819137574,9.735557727295473e-08,-2.8022388268849625e-11,5.403946904942283,4.575106449062704,4
CP_REPO_OPS_HG,top_5pct_random_gate,shuffled_perturbation_magnitude,older_spike_position,ex_post_descriptive,10,108875,5495,0.0505400396449226,98.42624044954538,98.43559253268828,-0.0093520831429086,0.0,0.0210067001798418,1.3339619465443748e-07,8.14086603256713e-10,6.6329375463380185,6.144973601095818,5
RAW_CP_REPO_PLUS_PM,top_5pct_random_gate,shuffled_perturbation_magnitude,older_spike_position,ex_post_descriptive,10,108875,5469,0.050175542653852,98.42624044954538,98.4369625022945,-0.0107220527491311,0.0,0.0201353356072588,-1.3516715699456718e-07,-1.9679058695779542e-10,6.376171883772735,6.083103930914136,5
SHUFFLED_LAG_PM_PLACEBO_REPO,top_5pct_random_gate,shuffled_perturbation_magnitude,older_spike_position,ex_post_descriptive,10,108875,5473,0.0502019486181871,98.42624044954538,98.43920784492262,-0.0129673953772506,0.0,0.0209853538541658,1.418729438447625e-07,5.016656789456909e-10,5.322635890462362,4.834108852992356,4
RANDOM_GATE_PLACEBO_REPO,top_10pct_random_gate,shuffled_perturbation_magnitude,older_spike_position,ex_post_descriptive,10,108875,10993,0.1009111317376823,98.42624044954538,98.4394730172331,-0.0132325676877262,0.0,0.0423518270229182,1.9950129775582886e-07,-1.2920798143786774e-09,5.068567778917772,4.558988804048292,4
CP_REPO_RECENT_SLOPE,top_5pct_random_gate,shuffled_perturbation_magnitude,older_spike_position,ex_post_descriptive,10,108875,5450,0.0500773576423256,98.42624044954538,98.44251904938294,-0.0162785998375656,0.0,0.0204335079055205,6.297699353403746e-08,1.65961968331344e-10,4.917858047624383,4.376298629951849,3
CP_REPO_OPS_HG,top_10pct_random_gate,shuffled_perturbation_magnitude,older_spike_position,ex_post_descriptive,10,108875,10885,0.0999904414844431,98.42624044954538,98.44288523699264,-0.0166447874472785,0.0,0.0420261927330171,2.4381758986155306e-07,1.4286371139416402e-09,6.622346226729403,6.14021769735573,4
SHUFFLED_LAG_PM_PLACEBO_REPO,top_10pct_random_gate,shuffled_perturbation_magnitude,older_spike_position,ex_post_descriptive,10,108875,10922,0.100305298587919,98.42624044954538,98.4431719379378,-0.0169314883924181,0.0,0.0418013909115691,2.938353794101429e-07,6.069298564711832e-10,5.204567950640024,4.829953185039328,3
CP_REPO_GATED_RIDGE_OPS_C,top_10pct_random_gate,shuffled_perturbation_magnitude,older_spike_position,ex_post_descriptive,10,108875,10914,0.1002355895929633,98.42624044954538,98.44578982876531,-0.0195493792199491,0.0,0.043345881237219,1.611062209744377e-07,-1.9422627362191763e-10,5.43605449639807,4.575334255910759,2
CP_REPO_GATED_RIDGE_OPS_C,top_20pct_random_gate,shuffled_perturbation_magnitude,older_spike_position,ex_post_descriptive,10,108875,21693,0.1991821874756542,98.42624044954538,98.45451077982594,-0.0282703302805578,0.0,0.0864863828681401,4.280985275280261e-07,3.8816335966584256e-10,5.369959277150132,4.57522270655849,3
CP_REPO_RECENT_SLOPE,top_10pct_random_gate,shuffled_perturbation_magnitude,older_spike_position,ex_post_descriptive,10,108875,10939,0.1004962973887833,98.42624044954538,98.4550378525202,-0.0287974029748268,0.0,0.0408404151358944,1.376972196973352e-07,4.66632960432243e-10,4.858032006548831,4.366851173145913,4
CP_REPO_HAAR_SHAPE,top_5pct_random_gate,shuffled_perturbation_magnitude,older_spike_position,ex_post_descriptive,10,108875,5499,0.0504677541659885,98.42624044954538,98.45796887733228,-0.0317284277869132,0.0,0.0212002488345146,1.1914000029582153e-07,4.824769232672751e-10,8.349910313881356,6.673919437175451,2
SHUFFLED_LAG_PM_PLACEBO_REPO,top_20pct_random_gate,shuffled_perturbation_magnitude,older_spike_position,ex_post_descriptive,10,108875,21786,0.1999599432348596,98.42624044954538,98.46121595596976,-0.0349755064243691,0.0,0.0829924779675987,5.181041645057483e-07,8.385545459541709e-10,5.168896163436436,4.833306417935473,2
CP_REPO_OPS_HG,top_20pct_random_gate,shuffled_perturbation_magnitude,older_spike_position,ex_post_descriptive,10,108875,21706,0.1993487568324779,98.42624044954538,98.469198540975,-0.042958091429598,0.0,0.0825728098836071,3.671462667562857e-07,2.068549902816441e-09,6.56112375254822,6.141501689319522,5
CP_REPO_GATED_RIDGE_OPS_C,top_30pct_random_gate,shuffled_perturbation_magnitude,older_spike_position,ex_post_descriptive,10,108875,32661,0.2998919329412149,98.42624044954538,98.4698645296982,-0.0436240801528468,0.0,0.1299116140647831,7.197872173900937e-07,8.446706119724335e-10,5.367554946702507,4.571850956280807,2
RAW_CP_REPO_PLUS_PM,top_10pct_random_gate,shuffled_perturbation_magnitude,older_spike_position,ex_post_descriptive,10,108875,10972,0.1007534987237843,98.42624044954538,98.47000328666574,-0.0437628371203725,0.0,0.0399959763069929,-4.216954714926502e-07,1.5497854596581766e-10,6.594113997609645,6.085696970084656,2
RANDOM_GATE_PLACEBO_REPO,top_20pct_random_gate,shuffled_perturbation_magnitude,older_spike_position,ex_post_descriptive,10,108875,21875,0.2008161664421322,98.42624044954538,98.4804084650048,-0.0541680154594419,0.0,0.0835712823457001,1.918207037872148e-07,-9.114080518851285e-10,5.277823670966065,4.558631064594287,1
CP_REPO_HAAR_SHAPE,top_10pct_random_gate,shuffled_perturbation_magnitude,older_spike_position,ex_post_descriptive,10,108875,10951,0.1005571869443522,98.42624044954538,98.48311124759188,-0.0568707980465221,0.0,0.0418137618501488,1.5066606035559837e-07,7.678270683451851e-10,7.945387604374464,6.674977340882409,0
CP_REPO_RECENT_SLOPE,top_20pct_random_gate,shuffled_perturbation_magnitude,older_spike_position,ex_post_descriptive,10,108875,21780,0.200149075479645,98.42624044954538,98.49665753392092,-0.070417084375555,0.0,0.0812586395823426,2.1653272493634762e-07,8.672662531984316e-10,4.923716312839038,4.36180687391953,2
SHUFFLED_LAG_PM_PLACEBO_REPO,top_30pct_random_gate,shuffled_perturbation_magnitude,older_spike_position,ex_post_descriptive,10,108875,32704,0.300358308732727,98.42624044954538,98.49739782335152,-0.0711573738061755,0.0,0.1239752954674045,7.583939134904878e-07,1.1734359726985583e-09,5.306628458089499,4.824784476923159,2
CP_REPO_OPS_HG,top_30pct_random_gate,shuffled_perturbation_magnitude,older_spike_position,ex_post_descriptive,10,108875,32590,0.2994088998204601,98.42624044954538,98.50574870072096,-0.0795082511756013,0.0,0.1233500773622753,5.799426653149595e-07,3.332738221208154e-09,6.624257040847722,6.134684340629436,3
RAW_CP_REPO_PLUS_PM,top_20pct_random_gate,shuffled_perturbation_magnitude,older_spike_position,ex_post_descriptive,10,108875,21807,0.2001340574751862,98.42624044954538,98.50818525521508,-0.0819448056697011,0.0,0.0805139212010547,-7.011779888349854e-07,7.527288966555143e-10,6.608423243416063,6.093997460751983,0
RANDOM_GATE_PLACEBO_REPO,top_30pct_random_gate,shuffled_perturbation_magnitude,older_spike_position,ex_post_descriptive,10,108875,32831,0.3014357988590088,98.42624044954538,98.51641559333156,-0.0901751437862093,0.0,0.1249371797464486,1.2137767619890568e-07,-1.3249402160033155e-09,5.264422653368558,4.58104419239622,0
CP_REPO_RECENT_SLOPE,top_30pct_random_gate,shuffled_perturbation_magnitude,older_spike_position,ex_post_descriptive,10,108875,32696,0.3004719550649129,98.42624044954538,98.53848790512234,-0.1122474555769524,0.0,0.1222745785471433,2.97996895479231e-07,1.6106981518921747e-09,4.938429787966284,4.371849577507547,3
CP_REPO_HAAR_SHAPE,top_20pct_random_gate,shuffled_perturbation_magnitude,older_spike_position,ex_post_descriptive,10,108875,21834,0.2004653892948834,98.42624044954538,98.54966247953357,-0.1234220299881942,0.0,0.0826268017590294,-8.635728052935215e-09,-2.0513331907443416e-10,7.929226006049338,6.67634856535877,0
RAW_CP_REPO_PLUS_PM,top_30pct_random_gate,shuffled_perturbation_magnitude,older_spike_position,ex_post_descriptive,10,108875,32649,0.299729481569457,98.42624044954538,98.55930955805437,-0.1330691085089907,0.0,0.1203653906766454,-1.1444711549063562e-06,8.760492527364927e-10,6.656485495115663,6.104851601698488,0
CP_REPO_GATED_RIDGE_OPS_C,validation_selected,prefix_validation_perturbation_magnitude,older_spike_position,ex_post_descriptive,10,81984,5112,0.061318456463742,97.25535913883172,97.392265597464,-0.1369064586322926,0.0,0.0293274055746725,-2.5564390290415224e-07,1.577278146649915e-09,26.40918584202065,3.7371092539271777,1
CP_REPO_OPS_HG,top_5pct,perturbation_magnitude,older_spike_position,ex_post_descriptive,10,108875,2455,0.0229620910270916,98.42624044954538,98.56507934309896,-0.1388388935535742,0.0,0.0091166396364689,-5.563511261356453e-07,3.779497776240832e-09,33.182919566746136,5.675603320051469,0
CP_REPO_GATED_RIDGE_OPS_C,top_5pct,perturbation_magnitude,older_spike_position,ex_post_descriptive,10,108875,2741,0.0256645892055234,98.42624044954538,98.57672727662484,-0.150486827079445,0.0,0.0102916393977434,-3.298013201765712e-07,8.69071347836744e-10,32.85469708145971,4.112235981076585,0
CP_REPO_OPS_HG,validation_selected,prefix_validation_perturbation_magnitude,older_spike_position,ex_post_descriptive,10,81984,7588,0.0907339850096096,97.25535913883172,97.438412851708,-0.1830537128762792,0.0,0.040685174701294,-8.509147176020851e-07,6.87036366385828e-09,25.46744625330049,4.907355754834697,0
CP_REPO_HAAR_SHAPE,top_30pct_random_gate,shuffled_perturbation_magnitude,older_spike_position,ex_post_descriptive,10,108875,32835,0.3015807285137641,98.42624044954538,98.61426077308477,-0.1880203235393837,0.0,0.1238706179899198,1.6471517549141834e-07,2.0378940475290456e-09,7.985124201684965,6.654769193232331,0
CP_REPO_RECENT_SLOPE,top_5pct,perturbation_magnitude,older_spike_position,ex_post_descriptive,10,108875,2466,0.0228236975295911,98.42624044954538,98.61526762846394,-0.1890271789185598,0.0,0.0083909913540545,-5.460228901835277e-07,-3.7032453871626986e-11,24.867906871941308,4.140414394138219,0
CP_REPO_GATED_RIDGE_OPS_C,top_10pct,perturbation_magnitude,older_spike_position,ex_post_descriptive,10,108875,6558,0.0613351547733227,98.42624044954538,98.62603978223916,-0.1997993326937931,0.0,0.0249306442856333,-2.379774132775352e-07,1.21929964278884e-09,24.285741152864183,3.667977305452636,0
CP_REPO_RECENT_SLOPE,validation_selected,prefix_validation_perturbation_magnitude,older_spike_position,ex_post_descriptive,10,81984,5173,0.0679602578588332,97.25535913883172,97.45918479188607,-0.2038256530543855,0.0,0.024005306087034,2.875946806122086e-07,6.908053294079494e-10,20.839235924583345,3.817837256405204,1
RANDOM_GATE_PLACEBO_REPO,validation_selected,prefix_validation_perturbation_magnitude,older_spike_position,ex_post_descriptive,10,81984,6155,0.0727132428666119,97.25535913883172,97.46522322837308,-0.2098640895413788,0.0,0.0321711023850443,-7.374182872099125e-08,-1.4706018481410924e-09,30.786593320807,3.304153868741051,0
CP_REPO_OPS_HG,top_10pct,perturbation_magnitude,older_spike_position,ex_post_descriptive,10,108875,5915,0.0552387363759706,98.42624044954538,98.64042014914772,-0.2141796996023707,0.0,0.0223902254261703,-5.507919017335757e-07,5.306868264347761e-09,26.882377736128653,5.181249998661669,1
SHUFFLED_LAG_PM_PLACEBO_REPO,validation_selected,prefix_validation_perturbation_magnitude,older_spike_position,ex_post_descriptive,10,81984,16173,0.1974584625164325,97.25535913883172,97.4845666992152,-0.2292075603834906,0.0,0.0851544612996528,1.182898600960328e-06,5.674006268933036e-10,17.71974310128705,2.684741711585726,1
RAW_CP_REPO_PLUS_PM,validation_selected,prefix_validation_perturbation_magnitude,older_spike_position,ex_post_descriptive,10,81984,5822,0.0695192725458746,97.25535913883172,97.48991697526284,-0.2345578364311437,0.0,0.0281032577863842,-1.3101968342075425e-06,6.110161245455728e-09,23.43009560473441,4.964175815395707,0
CP_REPO_GATED_RIDGE_OPS_C,top_20pct,perturbation_magnitude,older_spike_position,ex_post_descriptive,10,108875,15303,0.1428700814459413,98.42624044954538,98.6682927254312,-0.2420522758858129,0.0,0.0590675987915626,2.0194448450385406e-07,1.6254257890237783e-09,17.672832513118617,2.935956453668961,0
RAW_CP_REPO_PLUS_PM,top_5pct,perturbation_magnitude,older_spike_position,ex_post_descriptive,10,108875,5328,0.0494621873083107,98.42624044954538,98.6706010921162,-0.2443606425707999,0.0,0.018471658955999,-9.76127976685037e-07,4.3930414935313335e-09,27.995365845125484,5.254317052128149,1
CP_REPO_GATED_RIDGE_OPS_C,top_30pct,perturbation_magnitude,older_spike_position,ex_post_descriptive,10,108875,25545,0.2381801659209691,98.42624044954538,98.67527512113703,-0.2490346715916532,0.0,0.0992540858739169,6.82342221512049e-07,2.2251619080469797e-09,14.049561688999107,2.341063373807812,0
CP_REPO_RECENT_SLOPE,top_10pct,perturbation_magnitude,older_spike_position,ex_post_descriptive,10,108875,5773,0.053240023517779,98.42624044954538,98.67846949905793,-0.2522290495125502,0.0,0.0200496045905934,-5.057752816653514e-07,3.9198031484063107e-10,18.742834709162917,3.8861644342359822,0
SHUFFLED_LAG_PM_PLACEBO_REPO,top_30pct,perturbation_magnitude,older_spike_position,ex_post_descriptive,10,108875,34116,0.3157244421704591,98.42624044954538,98.69202258275496,-0.2657821332096159,0.0,0.1311464876046663,1.6399804383784248e-06,8.649149899110331e-10,12.563120731190304,2.1488239921029413,1
RANDOM_GATE_PLACEBO_REPO,top_5pct,perturbation_magnitude,older_spike_position,ex_post_descriptive,10,108875,5351,0.0494041967358994,98.42624044954538,98.69938512072348,-0.2731446711781141,0.0,0.018984400660505,-6.356281208835086e-07,-1.5339097414327207e-09,33.89052254061595,3.581219313709243,0
SHUFFLED_LAG_PM_PLACEBO_REPO,top_20pct,perturbation_magnitude,older_spike_position,ex_post_descriptive,10,108875,22542,0.2084386794797577,98.42624044954538,98.70296295862516,-0.2767225090797801,0.0,0.0870212968275057,1.2886196338726485e-06,7.009843439267256e-10,16.125010570363287,2.6602796509439437,0
CP_REPO_OPS_HG,top_20pct,perturbation_magnitude,older_spike_position,ex_post_descriptive,10,108875,14575,0.135968258176213,98.42624044954538,98.7201717604056,-0.2939313108602314,0.0,0.0554962735397184,-2.63721950774043e-07,7.376992690965023e-09,20.34205070157129,4.283727934241629,1
CP_REPO_RECENT_SLOPE,top_20pct,perturbation_magnitude,older_spike_position,ex_post_descriptive,10,108875,13689,0.126293478074584,98.42624044954538,98.72099001968738,-0.2947495701420189,0.0,0.0496651017732018,4.419069476809694e-09,1.0434839495727143e-09,13.787486619656027,3.436346326299281,2
SHUFFLED_LAG_PM_PLACEBO_REPO,top_5pct,perturbation_magnitude,older_spike_position,ex_post_descriptive,10,108875,5380,0.0496073091377217,98.42624044954538,98.72936859574166,-0.3031281461962953,0.0,0.0195520226515425,-3.6779011196771936e-08,-5.654345590250871e-10,33.92518263070463,3.926476822644814,0
SHUFFLED_LAG_PM_PLACEBO_REPO,top_10pct,perturbation_magnitude,older_spike_position,ex_post_descriptive,10,108875,10929,0.1008466396856957,98.42624044954538,98.73194436082984,-0.3057039112844629,0.0,0.0410838918123486,5.663282668321465e-07,2.1166386087682454e-11,23.91058597862398,3.408787128026673,0
CP_REPO_RECENT_SLOPE,top_30pct,perturbation_magnitude,older_spike_position,ex_post_descriptive,10,108875,22286,0.205118769317179,98.42624044954538,98.74073437666272,-0.3144939271173433,0.0,0.0825725708034641,3.517301998528507e-07,1.3460349857180516e-09,11.64755850433646,3.022394108283474,3
RANDOM_GATE_PLACEBO_REPO,top_10pct,perturbation_magnitude,older_spike_position,ex_post_descriptive,10,108875,10878,0.1005106132131045,98.42624044954538,98.745135711736,-0.3188952621906364,0.0,0.0397943057771328,-3.484048100224537e-07,-1.143975795050609e-09,24.79214488712032,2.9972420835501405,0
RAW_CP_REPO_PLUS_PM,top_10pct,perturbation_magnitude,older_spike_position,ex_post_descriptive,10,108875,11244,0.1043539714477414,98.42624044954538,98.7454588001846,-0.3192183506392262,0.0,0.0392888170806642,-1.6563901364092043e-06,5.276327343223776e-09,21.24428409350177,4.688930112260032,0
CP_REPO_OPS_HG,top_30pct,perturbation_magnitude,older_spike_position,ex_post_descriptive,10,108875,24495,0.2282503427566033,98.42624044954538,98.74699780537678,-0.3207573558314184,0.0,0.09263193535638,-2.7077423277508234e-08,8.789425326860566e-09,16.51477076583941,3.5071765778037767,1
RANDOM_GATE_PLACEBO_REPO,top_30pct,perturbation_magnitude,older_spike_position,ex_post_descriptive,10,108875,33791,0.3128380975150107,98.42624044954538,98.7540976000186,-0.327857150473231,0.0,0.1273869515808265,3.69618912209117e-07,1.9932738727953958e-10,13.125586434919695,1.7410949246892102,0
RANDOM_GATE_PLACEBO_REPO,top_20pct,perturbation_magnitude,older_spike_position,ex_post_descriptive,10,108875,22362,0.2069065659414339,98.42624044954538,98.7680011987872,-0.3417607492418124,0.0,0.0834656637423756,7.904996806297699e-08,-2.0641587257166022e-10,16.868532077216727,2.255381194247245,0
RAW_CP_REPO_PLUS_PM,top_20pct,perturbation_magnitude,older_spike_position,ex_post_descriptive,10,108875,23234,0.2154889074203036,98.42624044954538,98.82949530943549,-0.4032548598901032,0.0,0.0817942072557776,-2.6043964858662456e-06,6.173089882194489e-09,15.891723003658845,3.851012252879829,0
RAW_CP_REPO_PLUS_PM,top_30pct,perturbation_magnitude,older_spike_position,ex_post_descriptive,10,108875,35201,0.3264645203715749,98.42624044954538,98.8639687201632,-0.4377282706178497,0.0,0.1245218925388978,-3.0904120221124613e-06,7.179954401043937e-09,13.21829428934752,3.183224931026076,0
CP_REPO_HAAR_SHAPE,top_5pct,perturbation_magnitude,older_spike_position,ex_post_descriptive,10,108875,5453,0.0501847267211483,98.42624044954538,98.90307333861536,-0.4768328890699775,0.0,0.0184914914554896,-8.519222571482449e-07,4.3314229822962837e-10,42.1026060294512,5.633105377760569,0
CP_REPO_HAAR_SHAPE,validation_selected,prefix_validation_perturbation_magnitude,older_spike_position,ex_post_descriptive,10,81984,9593,0.1138400354020021,97.25535913883172,97.75825981526552,-0.5029006764338108,0.0,0.048400002934188,-1.158897493517671e-06,2.984107619278194e-09,32.94797775871564,4.934220963970211,1
CP_REPO_HAAR_SHAPE,top_10pct,perturbation_magnitude,older_spike_position,ex_post_descriptive,10,108875,11170,0.103009850628748,98.42624044954538,98.98057232376512,-0.5543318742197443,0.0,0.0395015756984242,-6.119201315381805e-07,2.6891315726534564e-09,31.41714038097972,4.924434310117478,0
CP_REPO_HAAR_SHAPE,top_30pct,perturbation_magnitude,older_spike_position,ex_post_descriptive,10,108875,34200,0.3165402260627311,98.42624044954538,99.0194476305983,-0.5932071810529165,0.0,0.1251399264394993,-1.0452278069819925e-07,6.196306709313658e-09,17.599085673628906,3.1735633898357483,0
CP_REPO_HAAR_SHAPE,top_20pct,perturbation_magnitude,older_spike_position,ex_post_descriptive,10,108875,22732,0.2102202288630193,98.42624044954538,99.0209235531617,-0.5946831036163293,0.0,0.0824248864884386,-2.864762965424392e-07,5.036402597985216e-09,22.12500193329204,3.907808870556421,0
CP_REPO_OPS_HG,validation_selected,prefix_validation_perturbation_magnitude,recent_ramp_high_dispersion,ex_post_descriptive,10,18406,6481,0.3358151690061959,118.17888627190624,116.3984265736358,1.7804596982704557,0.0,0.1861458927304112,5.654465095160411e-05,1.2296700582337596e-07,30.94395310802971,6.525130529684527,9
CP_REPO_OPS_HG,condition_cluster_entry_loose,condition_label,recent_ramp_high_dispersion,ex_post_descriptive,10,24273,24273,1.0,120.08880512780316,118.31492827883729,1.7738768489658796,0.4987081592349973,0.4411101480770627,6.566706736790633e-05,1.22272466313939e-07,13.039439574979689,0.0,9
CP_REPO_OPS_HG,condition_entry_with_recent_spike,condition_label,recent_ramp_high_dispersion,ex_post_descriptive,10,24273,15617,0.6430668122255465,120.08880512780316,118.34189021061654,1.74691491718661,0.0,0.2968387894534826,5.490446465912215e-05,1.1075545932180845e-07,11.935850198000931,12.628841193015049,9
CP_REPO_OPS_HG,top_30pct,perturbation_magnitude,recent_ramp_high_dispersion,ex_post_descriptive,10,24273,13770,0.5654811887271121,120.08880512780316,118.38199399257635,1.7068111352267834,0.0,0.266146993117898,6.313648043562869e-05,1.2196673337259156e-07,21.69187696716545,3.524228748214488,9
CP_REPO_OPS_HG,top_20pct,perturbation_magnitude,recent_ramp_high_dispersion,ex_post_descriptive,10,24273,11142,0.457445484847627,120.08880512780316,118.4210770753491,1.6677280524540687,0.0,0.2202633829488418,6.096569850061552e-05,1.202825981384188e-07,25.238709510313065,4.555559028980158,9
CP_REPO_OPS_HG,top_10pct,perturbation_magnitude,recent_ramp_high_dispersion,ex_post_descriptive,10,24273,7580,0.3109569097865463,120.08880512780316,118.58477555833574,1.5040295694674377,0.0,0.1550670958209544,5.499709488480313e-05,1.1396828992323621e-07,31.81536281354684,6.363835199522131,9
RAW_CP_REPO_PLUS_PM,condition_entry_with_recent_spike,condition_label,recent_ramp_high_dispersion,ex_post_descriptive,10,24273,15617,0.6430668122255465,120.08880512780316,118.71171215974366,1.3770929680595143,0.0,0.3092214322108276,4.004016005723457e-05,9.639432456131545e-08,6.831094584265455,6.198513909190256,9
CP_REPO_OPS_HG,top_5pct,perturbation_magnitude,recent_ramp_high_dispersion,ex_post_descriptive,10,24273,4895,0.2011606572248919,120.08880512780316,118.85295873162336,1.235846396179801,0.0,0.1030141330860553,4.675153121261496e-05,1.0193294454878697e-07,38.22611828437479,8.239042068999128,9
RAW_CP_REPO_PLUS_PM,condition_cluster_entry_loose,condition_label,recent_ramp_high_dispersion,ex_post_descriptive,10,24273,24273,1.0,120.08880512780316,118.93290995237015,1.155895175433005,0.2105249161061529,0.4352784039637191,3.736264802647975e-05,8.899095722185268e-08,6.936083647476442,0.0,9
RAW_CP_REPO_PLUS_PM,top_30pct,perturbation_magnitude,recent_ramp_high_dispersion,ex_post_descriptive,10,24273,12074,0.4945792837564369,120.08880512780316,118.94045415874254,1.1483509690606142,0.0,0.2388545429521747,3.658931807340973e-05,9.016988352399433e-08,12.141027363347948,2.769221642825118,9
RAW_CP_REPO_PLUS_PM,top_20pct,perturbation_magnitude,recent_ramp_high_dispersion,ex_post_descriptive,10,24273,9383,0.3844538832890756,120.08880512780316,118.96154829589508,1.1272568319080507,0.0,0.1929314296111174,3.5554552775206704e-05,9.121200670118681e-08,14.017623421096342,3.418790651538102,9
CP_REPO_HAAR_SHAPE,condition_entry_with_recent_spike,condition_label,recent_ramp_high_dispersion,ex_post_descriptive,10,24273,15617,0.6430668122255465,120.08880512780316,119.0172457735433,1.0715593542598678,0.0,0.2946282858819729,2.9373441901087525e-05,8.766992347048764e-08,5.683180335939122,7.154013694635718,9
RAW_CP_REPO_PLUS_PM,top_10pct,perturbation_magnitude,recent_ramp_high_dispersion,ex_post_descriptive,10,24273,6047,0.2477166157484123,120.08880512780316,119.0434464711971,1.045358656606059,0.0,0.1322147952389783,3.265724519935908e-05,8.992645569906733e-08,17.216773291495983,4.46878283583104,9
RAW_CP_REPO_PLUS_PM,validation_selected,prefix_validation_perturbation_magnitude,recent_ramp_high_dispersion,ex_post_descriptive,10,18406,3567,0.1874790908011988,118.17888627190624,117.19666494188512,0.982221330021146,0.0,0.1141729094034332,3.135861234362318e-05,9.574716762688043e-08,18.1575694094016,5.167384841508745,9
CP_REPO_RECENT_SLOPE,condition_cluster_entry_loose,condition_label,recent_ramp_high_dispersion,ex_post_descriptive,10,24273,24273,1.0,120.08880512780316,119.16538827355244,0.9234168542507224,0.22521250221059,0.4314067060325243,1.5188470043123084e-05,4.8777428507011e-08,7.740612439478218,0.0,7
CP_REPO_HAAR_SHAPE,condition_cluster_entry_loose,condition_label,recent_ramp_high_dispersion,ex_post_descriptive,10,24273,24273,1.0,120.08880512780316,119.16679346730248,0.9220116605007134,0.2013447333901334,0.423569164329966,2.848542925609091e-05,8.866315638140083e-08,6.587207121624172,0.0,8
CP_REPO_HAAR_SHAPE,top_30pct,perturbation_magnitude,recent_ramp_high_dispersion,ex_post_descriptive,10,24273,11251,0.4613761320008008,120.08880512780316,119.19735474264382,0.8914503851593365,0.0,0.2138607087978487,2.7610045278389506e-05,8.851158842685224e-08,12.091994564657483,2.7369441342159995,8
RAW_CP_REPO_PLUS_PM,top_5pct,perturbation_magnitude,recent_ramp_high_dispersion,ex_post_descriptive,10,24273,3724,0.152999297509624,120.08880512780316,119.2219870668559,0.8668180609472641,0.0,0.0867076460291369,2.8377873934920755e-05,8.71660006176562e-08,20.71053281818217,5.425142356419952,9
CP_REPO_RECENT_SLOPE,top_30pct,perturbation_magnitude,recent_ramp_high_dispersion,ex_post_descriptive,10,24273,13341,0.5461571462819623,120.08880512780316,119.2359191372675,0.852885990535664,0.0,0.2515752991066041,1.5543026063507313e-05,4.8152482217324006e-08,12.093824687581012,2.876547461119796,7
CP_REPO_HAAR_SHAPE,validation_selected,prefix_validation_perturbation_magnitude,recent_ramp_high_dispersion,ex_post_descriptive,10,18406,3757,0.1915657565289744,118.17888627190624,117.337709356573,0.8411769153332568,0.0,0.1132257370540573,2.681090796425578e-05,9.859174186424921e-08,16.48905541261634,4.855093109211522,9
CP_REPO_HAAR_SHAPE,top_20pct,perturbation_magnitude,recent_ramp_high_dispersion,ex_post_descriptive,10,24273,8362,0.34321831088227,120.08880512780316,119.25075521222728,0.8380499155759009,0.0,0.1648717758591107,2.642017541806763e-05,8.870893726430276e-08,14.34506273190964,3.464716693061857,8
CP_REPO_RECENT_SLOPE,condition_entry_with_recent_spike,condition_label,recent_ramp_high_dispersion,ex_post_descriptive,10,24273,15617,0.6430668122255465,120.08880512780316,119.25164165667684,0.8371634711263043,0.0,0.295432909827783,1.6345851926762473e-05,4.350114934683592e-08,5.80132631453523,10.897113285161598,9
CP_REPO_RECENT_SLOPE,top_20pct,perturbation_magnitude,recent_ramp_high_dispersion,ex_post_descriptive,10,24273,11088,0.4540919121056338,120.08880512780316,119.27866459370468,0.8101405340984857,0.0,0.2102970829339323,1.5033080890583087e-05,4.692407751782189e-08,13.34095929438541,3.4201543190572385,7
CP_REPO_RECENT_SLOPE,validation_selected,prefix_validation_perturbation_magnitude,recent_ramp_high_dispersion,ex_post_descriptive,10,18406,5312,0.2885494567837007,118.17888627190624,117.38595887839908,0.7929273935072056,0.0,0.1398752729145226,1.3379023551011076e-05,4.572032475180298e-08,16.610969008476765,4.627938818243495,9
CP_REPO_RECENT_SLOPE,top_10pct,perturbation_magnitude,recent_ramp_high_dispersion,ex_post_descriptive,10,24273,7960,0.3267053866105592,120.08880512780316,119.34775540702944,0.741049720773724,0.0,0.1526608529980707,1.3885208096388173e-05,4.464922816468098e-08,15.608403920060136,4.291877282363241,7
CP_REPO_HAAR_SHAPE,top_10pct,perturbation_magnitude,recent_ramp_high_dispersion,ex_post_descriptive,10,24273,4822,0.1982499181500249,120.08880512780316,119.35997031064277,0.7288348171603933,0.0,0.1016156840326001,2.309002855193682e-05,8.361952640351321e-08,18.53758565431339,4.576998621556349,8
CP_REPO_GATED_RIDGE_OPS_C,condition_entry_with_recent_spike,condition_label,recent_ramp_high_dispersion,ex_post_descriptive,10,24273,15617,0.6430668122255465,120.08880512780316,119.4278216793192,0.6609834484839603,0.0,0.2833005300076545,2.061979203103404e-05,4.834967583017716e-08,7.005212265699418,8.029842034623417,9
CP_REPO_RECENT_SLOPE,top_5pct,perturbation_magnitude,recent_ramp_high_dispersion,ex_post_descriptive,10,24273,5430,0.2237127032626227,120.08880512780316,119.44004448240209,0.6487606454010878,0.0,0.1058111783562543,1.2151893420453684e-05,4.125456198757259e-08,18.260237020897545,5.082685788183832,7
SHUFFLED_LAG_PM_PLACEBO_REPO,condition_cluster_entry_loose,condition_label,recent_ramp_high_dispersion,ex_post_descriptive,10,24273,24273,1.0,120.08880512780316,119.45968574852654,0.6291193792766284,0.1524707112389478,0.4458069534212005,1.4216125366581022e-05,5.04742182777372e-08,5.010119838541514,0.0,9
RANDOM_GATE_PLACEBO_REPO,condition_entry_with_recent_spike,condition_label,recent_ramp_high_dispersion,ex_post_descriptive,10,24273,15617,0.6430668122255465,120.08880512780316,119.49769792814534,0.5911071996578456,0.0,0.2889136481907063,1.6072611779577035e-05,5.119081145354684e-08,4.081842621869053,5.374629873025524,9
SHUFFLED_LAG_PM_PLACEBO_REPO,top_30pct,perturbation_magnitude,recent_ramp_high_dispersion,ex_post_descriptive,10,24273,11311,0.4650507891041252,120.08880512780316,119.50818241594848,0.5806227118546878,0.0,0.2213607226953511,1.2782113466683852e-05,4.7473854596159535e-08,9.783609957789086,1.7181014021958532,9
CP_REPO_HAAR_SHAPE,top_5pct,perturbation_magnitude,recent_ramp_high_dispersion,ex_post_descriptive,10,24273,2649,0.1089477015613927,120.08880512780316,119.55566318894536,0.5331419388578078,0.0,0.0585415727685365,1.8861698997914645e-05,7.685912388831726e-08,23.281615238123912,5.549778677742637,8
SHUFFLED_LAG_PM_PLACEBO_REPO,top_20pct,perturbation_magnitude,recent_ramp_high_dispersion,ex_post_descriptive,10,24273,8310,0.3417172660039472,120.08880512780316,119.56797058383384,0.5208345439693252,0.0,0.1656313802477368,1.1314086057757504e-05,4.495328969421532e-08,11.716481325667148,2.212021590670499,9
SHUFFLED_LAG_PM_PLACEBO_REPO,condition_entry_with_recent_spike,condition_label,recent_ramp_high_dispersion,ex_post_descriptive,10,24273,15617,0.6430668122255465,120.08880512780316,119.582666357826,0.5061387699771787,0.0,0.3054225065601905,1.4035918410503688e-05,4.6562409872396394e-08,3.265326595568774,7.85847269983757,9
SHUFFLED_LAG_PM_PLACEBO_REPO,validation_selected,prefix_validation_perturbation_magnitude,recent_ramp_high_dispersion,ex_post_descriptive,10,18406,5871,0.3154936187812152,118.17888627190624,117.6994401674796,0.4794461044266436,0.0,0.1604570955465218,1.0976340234709257e-05,4.8134292851600916e-08,12.255473085572511,2.3161715907004425,8
CP_REPO_OPS_HG,top_30pct_random_gate,shuffled_perturbation_magnitude,recent_ramp_high_dispersion,ex_post_descriptive,10,24273,7234,0.2980587044572486,120.08880512780316,119.6243034000356,0.4645017277675439,0.0,0.1302660046511844,1.852923891913599e-05,3.036712525508857e-08,13.045178652177674,13.45544060490981,9
RANDOM_GATE_PLACEBO_REPO,condition_cluster_entry_loose,condition_label,recent_ramp_high_dispersion,ex_post_descriptive,10,24273,24273,1.0,120.08880512780316,119.68028434222724,0.4085207855759259,0.0972148782262557,0.4239285914176506,1.3199793200752446e-05,4.618243315770812e-08,5.180738720608562,0.0,8
RANDOM_GATE_PLACEBO_REPO,top_30pct,perturbation_magnitude,recent_ramp_high_dispersion,ex_post_descriptive,10,24273,11734,0.4812454478356439,120.08880512780316,119.72935255829044,0.3594525695127367,0.0,0.2144133096235684,1.216689447380188e-05,4.5234433610666764e-08,9.518193411356746,1.5936860687412835,8
SHUFFLED_LAG_PM_PLACEBO_REPO,top_10pct,perturbation_magnitude,recent_ramp_high_dispersion,ex_post_descriptive,10,24273,4699,0.1932400769145651,120.08880512780316,119.73302967231916,0.3557754554840004,0.0,0.0937875852630719,8.136504172066097e-06,3.7365634082847863e-08,15.488509053120255,3.041579759718608,9
RANDOM_GATE_PLACEBO_REPO,top_20pct,perturbation_magnitude,recent_ramp_high_dispersion,ex_post_descriptive,10,24273,8607,0.3524229144139373,120.08880512780316,119.76706800570447,0.3217371220986894,0.0,0.1612210132311456,1.1238377447758676e-05,4.4276777901139174e-08,11.609973119813471,2.108095513797707,8
CP_REPO_GATED_RIDGE_OPS_C,condition_cluster_entry_loose,condition_label,recent_ramp_high_dispersion,ex_post_descriptive,10,24273,24273,1.0,120.08880512780316,119.78737679739592,0.3014283304072472,0.0655050596406198,0.4144049752006779,1.7615574382586222e-05,4.0944668938732e-08,8.321584368204524,0.0,6
RAW_CP_REPO_PLUS_PM,top_30pct_random_gate,shuffled_perturbation_magnitude,recent_ramp_high_dispersion,ex_post_descriptive,10,24273,7089,0.292335349587864,120.08880512780316,119.79681537631484,0.2919897514883186,0.0,0.1264433329054927,1.0502995829327228e-05,2.4430340803353556e-08,7.124914501340905,7.896612374626525,9
CP_REPO_GATED_RIDGE_OPS_C,validation_selected,prefix_validation_perturbation_magnitude,recent_ramp_high_dispersion,ex_post_descriptive,10,18406,4663,0.2400271962015945,118.17888627190624,117.89271355822282,0.2861727136834386,0.0,0.1176769170909495,1.3145435710624808e-05,4.042718905966263e-08,20.269671425839512,4.609127216457436,7
CP_REPO_HAAR_SHAPE,top_30pct_random_gate,shuffled_perturbation_magnitude,recent_ramp_high_dispersion,ex_post_descriptive,10,24273,7206,0.296812471775252,120.08880512780316,119.81411597747253,0.2746891503306366,0.0,0.1265223589839777,9.04322081408026e-06,2.856238677360193e-08,6.6257264525419,7.504643524417716,8
CP_REPO_GATED_RIDGE_OPS_C,top_30pct,perturbation_magnitude,recent_ramp_high_dispersion,ex_post_descriptive,10,24273,12933,0.5314589449021566,120.08880512780316,119.83500210180836,0.2538030259947845,0.0,0.2257293411531466,1.6043635834598404e-05,4.0155846428497136e-08,13.491820647182305,2.358767803924706,6
SHUFFLED_LAG_PM_PLACEBO_REPO,top_5pct,perturbation_magnitude,recent_ramp_high_dispersion,ex_post_descriptive,10,24273,2535,0.1042861988633529,120.08880512780316,119.84233481174591,0.2464703160572347,0.0,0.0516614786824282,5.555886112413249e-06,3.021374369094437e-08,19.806071020393205,3.6560325755800944,7
CP_REPO_RECENT_SLOPE,top_30pct_random_gate,shuffled_perturbation_magnitude,recent_ramp_high_dispersion,ex_post_descriptive,10,24273,7225,0.2976077562566571,120.08880512780316,119.84789199907614,0.2409131287270212,0.0,0.1277892886994057,4.287350769061488e-06,1.5074771167713262e-08,7.896121548623919,8.197320956758611,8
CP_REPO_GATED_RIDGE_OPS_C,top_20pct,perturbation_magnitude,recent_ramp_high_dispersion,ex_post_descriptive,10,24273,10076,0.4138373642134358,120.08880512780316,119.84937785969768,0.239427268105461,0.0,0.1770520493359956,1.4994733613699024e-05,3.8592620360970494e-08,15.624461073808764,3.0505694886889616,6
CP_REPO_OPS_HG,top_20pct_random_gate,shuffled_perturbation_magnitude,recent_ramp_high_dispersion,ex_post_descriptive,10,24273,4759,0.1962035494221751,120.08880512780316,119.850489733368,0.2383153944351581,0.0,0.085510519383711,1.1500380491536204e-05,1.3698781213397445e-08,13.677916509425827,13.414202960123754,8
RANDOM_GATE_PLACEBO_REPO,validation_selected,prefix_validation_perturbation_magnitude,recent_ramp_high_dispersion,ex_post_descriptive,10,18406,2770,0.1417294166982985,118.17888627190624,117.94574890998447,0.23313736192177,0.0,0.0760251344274312,9.015596810552891e-06,4.3231350298259965e-08,17.49767197169582,3.399894753859841,8
RANDOM_GATE_PLACEBO_REPO,top_10pct,perturbation_magnitude,recent_ramp_high_dispersion,ex_post_descriptive,10,24273,4804,0.1964121912910811,120.08880512780316,119.86597763317008,0.2228274946330652,0.0,0.0913277419562646,8.895845859594316e-06,3.949229614980996e-08,15.659402684821549,2.9182339331702307,8
CP_REPO_GATED_RIDGE_OPS_C,top_10pct,perturbation_magnitude,recent_ramp_high_dispersion,ex_post_descriptive,10,24273,6496,0.2668848236374568,120.08880512780316,119.86886146408868,0.2199436637145003,0.0,0.1150933506639475,1.2970430277909414e-05,3.67104491705429e-08,19.3667555821365,4.180636374319959,6
CP_REPO_GATED_RIDGE_OPS_C,top_5pct,perturbation_magnitude,recent_ramp_high_dispersion,ex_post_descriptive,10,24273,4053,0.1666367801306789,120.08880512780316,119.88223482963716,0.2065702981659996,0.0,0.0740295420730662,1.1296270587912796e-05,3.2146478368208646e-08,23.018727428327843,5.170104031566976,6
SHUFFLED_LAG_PM_PLACEBO_REPO,top_30pct_random_gate,shuffled_perturbation_magnitude,recent_ramp_high_dispersion,ex_post_descriptive,10,24273,7224,0.2977159622537418,120.08880512780316,119.90403440788494,0.1847707199182282,0.0,0.1319294122439976,4.283118164952687e-06,1.5937577811335013e-08,4.82879919695602,5.079116946204687,10
CP_REPO_HAAR_SHAPE,top_20pct_random_gate,shuffled_perturbation_magnitude,recent_ramp_high_dispersion,ex_post_descriptive,10,24273,4768,0.1963602880154668,120.08880512780316,119.9135616811628,0.175243446640388,0.0,0.0836104253926118,5.739461654965199e-06,1.9146630621828784e-08,6.724133562758705,7.500215615320604,8
RAW_CP_REPO_PLUS_PM,top_20pct_random_gate,shuffled_perturbation_magnitude,recent_ramp_high_dispersion,ex_post_descriptive,10,24273,4746,0.1958082902804949,120.08880512780316,119.91565410562232,0.1731510221808463,0.0,0.0844100271803005,6.577851905920366e-06,1.3601369016249026e-08,7.199357354844826,7.884136242743165,9
CP_REPO_RECENT_SLOPE,top_20pct_random_gate,shuffled_perturbation_magnitude,recent_ramp_high_dispersion,ex_post_descriptive,10,24273,4822,0.1988544863166575,120.08880512780316,119.9261006551438,0.1627044726593627,0.0,0.0851265697158803,2.8176874511121866e-06,9.634789169988824e-09,8.05624391917534,8.156377219711567,8
RANDOM_GATE_PLACEBO_REPO,top_30pct_random_gate,shuffled_perturbation_magnitude,recent_ramp_high_dispersion,ex_post_descriptive,10,24273,7269,0.2996623479933964,120.08880512780316,119.95261183835116,0.136193289452002,0.0,0.1269364445932607,3.984409810408999e-06,1.4578156839287231e-08,5.18720026901106,5.01602750910583,7
CP_REPO_OPS_HG,top_10pct_random_gate,shuffled_perturbation_magnitude,recent_ramp_high_dispersion,ex_post_descriptive,10,24273,2325,0.0959988494524893,120.08880512780316,119.96387977541784,0.1249253523853137,0.0,0.0417052265073076,5.858201618342917e-06,5.134721296995478e-09,14.011083740131124,13.276175796084695,8
RANDOM_GATE_PLACEBO_REPO,top_20pct_random_gate,shuffled_perturbation_magnitude,recent_ramp_high_dispersion,ex_post_descriptive,10,24273,4899,0.2019879711648383,120.08880512780316,119.96995586550908,0.1188492622940905,0.0,0.0863400280514972,3.104764541958125e-06,1.1518291169440793e-08,5.009808721160058,5.017338488330904,7
RANDOM_GATE_PLACEBO_REPO,top_5pct,perturbation_magnitude,recent_ramp_high_dispersion,ex_post_descriptive,10,24273,2582,0.1054624812286209,120.08880512780316,119.97255913253746,0.1162459952657013,0.0,0.0491010984676141,6.17146515376901e-06,3.199217045269856e-08,20.30154566964841,3.622042367112452,7
SHUFFLED_LAG_PM_PLACEBO_REPO,top_20pct_random_gate,shuffled_perturbation_magnitude,recent_ramp_high_dispersion,ex_post_descriptive,10,24273,4805,0.1978243692354423,120.08880512780316,119.97575863396588,0.1130464938373029,0.0,0.087904833206121,2.5928862513138752e-06,1.0801791309571429e-08,4.760336944340724,5.117894338589268,9
CP_REPO_GATED_RIDGE_OPS_C,top_30pct_random_gate,shuffled_perturbation_magnitude,recent_ramp_high_dispersion,ex_post_descriptive,10,24273,7219,0.2975996607364738,120.08880512780316,119.9978674897056,0.0909376380975728,0.0,0.1242870099338209,4.6721289233221145e-06,6.249522234433733e-09,8.261405597059591,7.993724651573666,6
RAW_CP_REPO_PLUS_PM,top_10pct_random_gate,shuffled_perturbation_magnitude,recent_ramp_high_dispersion,ex_post_descriptive,10,24273,2322,0.095903875437253,120.08880512780316,120.00213115867746,0.0866739691257197,0.0,0.0408645783003445,3.098717938046275e-06,5.893073088224963e-09,6.797770804326338,7.851678844415682,6
CP_REPO_RECENT_SLOPE,top_10pct_random_gate,shuffled_perturbation_magnitude,recent_ramp_high_dispersion,ex_post_descriptive,10,24273,2318,0.0956307371234076,120.08880512780316,120.0157382139632,0.0730669138399838,0.0,0.040421329276711,1.2343119509317914e-06,3.8798250155318325e-09,8.154165307143185,8.123020342578886,6
RANDOM_GATE_PLACEBO_REPO,top_10pct_random_gate,shuffled_perturbation_magnitude,recent_ramp_high_dispersion,ex_post_descriptive,10,24273,2368,0.0975441986282075,120.08880512780316,120.02524637294304,0.0635587548601118,0.0,0.0425109301809433,1.7019146286153716e-06,5.074412162020479e-09,4.758747607165091,5.066722645098393,7
CP_REPO_GATED_RIDGE_OPS_C,top_20pct_random_gate,shuffled_perturbation_magnitude,recent_ramp_high_dispersion,ex_post_descriptive,10,24273,4791,0.1974057815177611,120.08880512780316,120.02894290393712,0.0598622238660611,0.0,0.0825834423231791,3.2587326209130337e-06,4.54429182366283e-09,8.039065212464457,7.976239672816267,7
CP_REPO_OPS_HG,top_5pct_random_gate,shuffled_perturbation_magnitude,recent_ramp_high_dispersion,ex_post_descriptive,10,24273,1102,0.0454893731308496,120.08880512780316,120.02991511760654,0.0588900101966355,0.0,0.0193266316740865,2.831552334971849e-06,4.2000099311589294e-09,14.98614396671635,13.213695000468174,7
SHUFFLED_LAG_PM_PLACEBO_REPO,top_10pct_random_gate,shuffled_perturbation_magnitude,recent_ramp_high_dispersion,ex_post_descriptive,10,24273,2356,0.0971149377737599,120.08880512780316,120.03246388764362,0.0563412401595496,0.0,0.0430540738028237,1.243040148366859e-06,4.691534437478788e-09,5.088327570073782,5.069184744238148,9
CP_REPO_HAAR_SHAPE,top_10pct_random_gate,shuffled_perturbation_magnitude,recent_ramp_high_dispersion,ex_post_descriptive,10,24273,2340,0.0964953502365957,120.08880512780316,120.04582173683896,0.0429833909641868,0.0,0.0402279567438035,2.4092166356720635e-06,7.792830548736509e-09,7.192111549477073,7.510207110286788,7
RAW_CP_REPO_PLUS_PM,top_5pct_random_gate,shuffled_perturbation_magnitude,recent_ramp_high_dispersion,ex_post_descriptive,10,24273,1166,0.0482349792563997,120.08880512780316,120.05174486090884,0.0370602668943134,0.0,0.0203666218535502,1.5688980680609774e-06,3.2467890276879613e-09,6.815819859226622,7.841554713301711,8
CP_REPO_GATED_RIDGE_OPS_C,top_10pct_random_gate,shuffled_perturbation_magnitude,recent_ramp_high_dispersion,ex_post_descriptive,10,24273,2330,0.095880574513859,120.08880512780316,120.05188266291913,0.0369224648840527,0.0,0.0401104336161457,1.74394804405451e-06,3.1683430933422714e-09,8.034065248356958,7.881994323041755,5
CP_REPO_HAAR_SHAPE,top_5pct_random_gate,shuffled_perturbation_magnitude,recent_ramp_high_dispersion,ex_post_descriptive,10,24273,1116,0.0460343532473419,120.08880512780316,120.05540498605782,0.0334001417453251,0.0,0.0202969293046433,1.2935168596422844e-06,3.635473574727554e-09,7.078287396910474,7.49431440149076,7
CP_REPO_GATED_RIDGE_OPS_C,top_5pct_random_gate,shuffled_perturbation_magnitude,recent_ramp_high_dispersion,ex_post_descriptive,10,24273,1130,0.0464671402907285,120.08880512780316,120.05827170389104,0.0305334239120973,0.0,0.0197642350127277,1.4849811427422858e-06,3.745132614478943e-09,8.171599943161123,7.887218748731835,6
RANDOM_GATE_PLACEBO_REPO,top_5pct_random_gate,shuffled_perturbation_magnitude,recent_ramp_high_dispersion,ex_post_descriptive,10,24273,1124,0.0462616365302375,120.08880512780316,120.061074113354,0.0277310144491687,0.0,0.0203275922484371,7.346851061468729e-07,2.320958243384527e-09,4.445258188090422,5.09050157224002,8
CP_REPO_RECENT_SLOPE,top_5pct_random_gate,shuffled_perturbation_magnitude,recent_ramp_high_dispersion,ex_post_descriptive,10,24273,1131,0.0466174274462012,120.08880512780316,120.06110321146544,0.027701916337706,0.0,0.0190477981429042,4.88125305087608e-07,1.812756315678497e-09,7.675062440082343,8.128175552373765,5
SHUFFLED_LAG_PM_PLACEBO_REPO,top_5pct_random_gate,shuffled_perturbation_magnitude,recent_ramp_high_dispersion,ex_post_descriptive,10,24273,1147,0.0473325852330093,120.08880512780316,120.06198343987168,0.0268216879314695,0.0,0.0207215601974907,6.830422632259797e-07,2.1904085105711453e-09,4.873509317765165,5.086481494724211,9
CP_REPO_OPS_HG,validation_selected,prefix_validation_perturbation_magnitude,recent_spike_position,ex_post_descriptive,10,93644,16119,0.1881052449360395,104.10550267001445,103.82739813311728,0.2781045368971774,0.0,0.0959999025438023,1.150407785756894e-05,3.0892643789338416e-08,27.503656437720814,5.994218872858935,8
RAW_CP_REPO_PLUS_PM,condition_cluster_entry_loose,condition_label,recent_spike_position,ex_post_descriptive,10,125370,43750,0.3622961082189586,105.29490877113508,105.04711904313908,0.2477897279960209,0.0,0.1725368348874569,8.669794677769032e-06,2.101786467229588e-08,5.747737819541305,5.040592576623583,9
RAW_CP_REPO_PLUS_PM,condition_entry_with_recent_spike,condition_label,recent_spike_position,ex_post_descriptive,10,125370,43750,0.3622961082189586,105.29490877113508,105.04711904313908,0.2477897279960209,0.0,0.1725368348874569,8.669794677769032e-06,2.101786467229588e-08,5.747737819541305,5.040592576623583,9
CP_REPO_OPS_HG,condition_cluster_entry_loose,condition_label,recent_spike_position,ex_post_descriptive,10,125370,43750,0.3622961082189586,105.29490877113508,105.07031468102662,0.2245940901084795,0.0,0.1700032047396113,1.087004742465398e-05,2.5896593868751947e-08,11.739483026592962,7.339120871580453,9
CP_REPO_OPS_HG,condition_entry_with_recent_spike,condition_label,recent_spike_position,ex_post_descriptive,10,125370,43750,0.3622961082189586,105.29490877113508,105.07031468102662,0.2245940901084795,0.0,0.1700032047396113,1.087004742465398e-05,2.5896593868751947e-08,11.739483026592962,7.339120871580453,9
CP_REPO_OPS_HG,top_30pct,perturbation_magnitude,recent_spike_position,ex_post_descriptive,10,125370,44883,0.3702742792953223,105.29490877113508,105.07800215508232,0.2169066160527812,0.0,0.1707746774277292,1.3326262273701406e-05,3.0613214794371406e-08,18.174552249959635,3.688644851215052,7
CP_REPO_HAAR_SHAPE,condition_cluster_entry_loose,condition_label,recent_spike_position,ex_post_descriptive,10,125370,43750,0.3622961082189586,105.29490877113508,105.09695681046416,0.1979519606709214,0.0,0.1690216300189368,6.141715056422466e-06,2.536978698692676e-08,5.78689091804843,5.616735638311714,9
CP_REPO_HAAR_SHAPE,condition_entry_with_recent_spike,condition_label,recent_spike_position,ex_post_descriptive,10,125370,43750,0.3622961082189586,105.29490877113508,105.09695681046416,0.1979519606709214,0.0,0.1690216300189368,6.141715056422466e-06,2.536978698692676e-08,5.78689091804843,5.616735638311714,9
RAW_CP_REPO_PLUS_PM,validation_selected,prefix_validation_perturbation_magnitude,recent_spike_position,ex_post_descriptive,10,93644,7007,0.0813380501627458,104.10550267001445,103.91989802092756,0.1856046490869064,0.0,0.0455432933074774,8.240772630932898e-06,2.5094636977904948e-08,21.260085669759647,4.329722116884019,9
CP_REPO_OPS_HG,top_20pct,perturbation_magnitude,recent_spike_position,ex_post_descriptive,10,125370,31202,0.2578163546701005,105.29490877113508,105.12159888659828,0.173309884536807,0.0,0.120819545610072,1.2202729302422055e-05,2.932481721552925e-08,21.67567867746542,4.785167217178987,7
RAW_CP_REPO_PLUS_PM,top_30pct,perturbation_magnitude,recent_spike_position,ex_post_descriptive,10,125370,34369,0.2822386246665259,105.29490877113508,105.125452128421,0.1694566427141188,0.0,0.1309160315196304,9.755420103705796e-06,2.378976500865544e-08,12.388456259198858,2.8040932708618422,8
RAW_CP_REPO_PLUS_PM,top_20pct,perturbation_magnitude,recent_spike_position,ex_post_descriptive,10,125370,23469,0.1929388697119533,105.29490877113508,105.13050396998554,0.1644048011495499,0.0,0.0920038550782904,9.29436502026752e-06,2.335912306186189e-08,15.005535309350828,3.3279810286577827,8
RAW_CP_REPO_PLUS_PM,top_10pct,perturbation_magnitude,recent_spike_position,ex_post_descriptive,10,125370,12852,0.1057860685947663,105.29490877113508,105.1491932188765,0.1457155522585891,0.0,0.0531082984150107,8.281672988674589e-06,2.2592636766351787e-08,19.848537151200578,4.002111627897366,9
CP_REPO_RECENT_SLOPE,condition_cluster_entry_loose,condition_label,recent_spike_position,ex_post_descriptive,10,125370,43750,0.3622961082189586,105.29490877113508,105.17279139609067,0.122117375044399,0.0,0.1736856873388955,3.90566160765011e-06,8.635027404737642e-09,5.851921062533521,4.475004803764508,8
CP_REPO_RECENT_SLOPE,condition_entry_with_recent_spike,condition_label,recent_spike_position,ex_post_descriptive,10,125370,43750,0.3622961082189586,105.29490877113508,105.17279139609067,0.122117375044399,0.0,0.1736856873388955,3.90566160765011e-06,8.635027404737642e-09,5.851921062533521,4.475004803764508,8
RAW_CP_REPO_PLUS_PM,top_5pct,perturbation_magnitude,recent_spike_position,ex_post_descriptive,10,125370,7076,0.0582385253034118,105.29490877113508,105.17842520133622,0.1164835697988586,0.0,0.0309056380801661,7.039141366845008e-06,2.1614771647216504e-08,25.773810165620283,4.517787468818592,9
CP_REPO_HAAR_SHAPE,validation_selected,prefix_validation_perturbation_magnitude,recent_spike_position,ex_post_descriptive,10,93644,10070,0.1172837922014155,104.10550267001445,103.99293944724386,0.1125632227706107,0.0,0.0602785613991133,6.08037692537972e-06,3.153822787819893e-08,24.855201387435407,4.180780624563302,8
CP_REPO_OPS_HG,top_10pct,perturbation_magnitude,recent_spike_position,ex_post_descriptive,10,125370,16764,0.1384618000688814,105.29490877113508,105.18248363531848,0.1124251358166166,0.0,0.0657777134398169,1.0325997532318715e-05,2.7129385637676943e-08,27.83610008309296,6.307445986080496,7
CP_REPO_OPS_HG,top_5pct,perturbation_magnitude,recent_spike_position,ex_post_descriptive,10,125370,8889,0.0733074162004328,105.29490877113508,105.19222235705055,0.1026864140845307,0.0,0.03561913587044,8.510405433804225e-06,2.3099304748700513e-08,33.89699886662159,7.366065786009588,7
RANDOM_GATE_PLACEBO_REPO,condition_cluster_entry_loose,condition_label,recent_spike_position,ex_post_descriptive,10,125370,43750,0.3622961082189586,105.29490877113508,105.19646367898272,0.0984450921523856,0.0,0.1691453991836562,3.239250972415081e-06,1.3530839361040752e-08,4.048945413823774,3.8438294941653046,9
RANDOM_GATE_PLACEBO_REPO,condition_entry_with_recent_spike,condition_label,recent_spike_position,ex_post_descriptive,10,125370,43750,0.3622961082189586,105.29490877113508,105.19646367898272,0.0984450921523856,0.0,0.1691453991836562,3.239250972415081e-06,1.3530839361040752e-08,4.048945413823774,3.8438294941653046,9
CP_REPO_OPS_HG,top_30pct_random_gate,shuffled_perturbation_magnitude,recent_spike_position,ex_post_descriptive,10,125370,37511,0.2992262711196977,105.29490877113508,105.19944716115728,0.0954616099778339,0.0,0.1256921271112797,4.688808136318155e-06,8.927639622031499e-09,9.128739414475474,9.16830131764866,8
CP_REPO_HAAR_SHAPE,top_20pct,perturbation_magnitude,recent_spike_position,ex_post_descriptive,10,125370,22897,0.188047150176202,105.29490877113508,105.2024581290178,0.0924506421172827,0.0,0.0876182965074301,6.556647951450764e-06,2.9170186514886072e-08,17.544622671240845,3.2784308542294864,8
CP_REPO_HAAR_SHAPE,top_30pct,perturbation_magnitude,recent_spike_position,ex_post_descriptive,10,125370,33903,0.2782063656758595,105.29490877113508,105.20300617655508,0.0919025945799942,0.0,0.1259945513128332,6.764487681639868e-06,2.993104720960078e-08,14.101070317440335,2.7036701311946194,8
CP_REPO_HAAR_SHAPE,top_10pct,perturbation_magnitude,recent_spike_position,ex_post_descriptive,10,125370,12014,0.098672853839249,105.29490877113508,105.21384123280764,0.0810675383274414,0.0,0.0478724020433559,5.697395963972411e-06,2.5951320836089862e-08,23.98073139481111,4.0831804745406375,8
RAW_CP_REPO_PLUS_PM,top_30pct_random_gate,shuffled_perturbation_magnitude,recent_spike_position,ex_post_descriptive,10,125370,37560,0.2990758541808565,105.29490877113508,105.21666261776662,0.0782461533684685,0.0,0.1270033870870232,3.139373136728401e-06,5.865841666125501e-09,5.473179565173213,5.586962280083332,9
SHUFFLED_LAG_PM_PLACEBO_REPO,condition_cluster_entry_loose,condition_label,recent_spike_position,ex_post_descriptive,10,125370,43750,0.3622961082189586,105.29490877113508,105.21801710174849,0.0768916693866174,0.0,0.1748181663479711,3.240430502107316e-06,1.1365347063849593e-08,3.711755006213798,3.818987453338913,9
SHUFFLED_LAG_PM_PLACEBO_REPO,condition_entry_with_recent_spike,condition_label,recent_spike_position,ex_post_descriptive,10,125370,43750,0.3622961082189586,105.29490877113508,105.21801710174849,0.0768916693866174,0.0,0.1748181663479711,3.240430502107316e-06,1.1365347063849593e-08,3.711755006213798,3.818987453338913,9
CP_REPO_GATED_RIDGE_OPS_C,condition_cluster_entry_loose,condition_label,recent_spike_position,ex_post_descriptive,10,125370,43750,0.3622961082189586,105.29490877113508,105.23745828411975,0.0574504870153336,0.0,0.1666603404331231,3.4240509298124238e-06,1.4161518138401054e-08,8.122151243348315,5.454833388330396,6
CP_REPO_GATED_RIDGE_OPS_C,condition_entry_with_recent_spike,condition_label,recent_spike_position,ex_post_descriptive,10,125370,43750,0.3622961082189586,105.29490877113508,105.23745828411975,0.0574504870153336,0.0,0.1666603404331231,3.4240509298124238e-06,1.4161518138401054e-08,8.122151243348315,5.454833388330396,6
RAW_CP_REPO_PLUS_PM,top_20pct_random_gate,shuffled_perturbation_magnitude,recent_spike_position,ex_post_descriptive,10,125370,25018,0.1992467573853988,105.29490877113508,105.23750847409036,0.0574002970447425,0.0,0.0848858947980833,2.159560295471102e-06,4.464391500694193e-09,5.443251057510944,5.590939054655914,9
CP_REPO_OPS_HG,top_20pct_random_gate,shuffled_perturbation_magnitude,recent_spike_position,ex_post_descriptive,10,125370,24928,0.1987171716067243,105.29490877113508,105.24756968123332,0.0473390899017905,0.0,0.0829822666747163,2.913892096145066e-06,4.400605785291778e-09,9.10747400548063,9.213087510829345,9
CP_REPO_HAAR_SHAPE,top_30pct_random_gate,shuffled_perturbation_magnitude,recent_spike_position,ex_post_descriptive,10,125370,37543,0.2994048653033264,105.29490877113508,105.25278957954797,0.0421191915871522,0.0,0.1243193262974801,2.277928043445366e-06,9.637860391807248e-09,5.874762673571794,5.923631050774175,7
CP_REPO_HAAR_SHAPE,top_5pct,perturbation_magnitude,recent_spike_position,ex_post_descriptive,10,125370,6327,0.0518393085448515,105.29490877113508,105.25360652597608,0.0413022451590225,0.0,0.0261254841173329,4.700558688482606e-06,2.2732394960593243e-08,31.926259203961592,4.708344557047072,8
CP_REPO_HAAR_SHAPE,top_20pct_random_gate,shuffled_perturbation_magnitude,recent_spike_position,ex_post_descriptive,10,125370,24966,0.1990940915522121,105.29490877113508,105.26082325733644,0.0340855137986564,0.0,0.0831726408619711,1.4962318702004304e-06,7.342075367275355e-09,5.855066311603175,5.929216277486744,8
CP_REPO_RECENT_SLOPE,top_30pct_random_gate,shuffled_perturbation_magnitude,recent_spike_position,ex_post_descriptive,10,125370,37540,0.2993859088757347,105.29490877113508,105.26539785113955,0.029510919995554,0.0,0.1301779181515013,1.941486776116345e-06,3.978778991509664e-09,5.343927661006491,5.076516198407556,8
RAW_CP_REPO_PLUS_PM,top_10pct_random_gate,shuffled_perturbation_magnitude,recent_spike_position,ex_post_descriptive,10,125370,12509,0.0997025148180308,105.29490877113508,105.26891487303952,0.0259938980955568,0.0,0.0418310899378612,1.006147581837248e-06,2.413937042099607e-09,5.340309168521416,5.585919600494849,9
CP_REPO_GATED_RIDGE_OPS_C,validation_selected,prefix_validation_perturbation_magnitude,recent_spike_position,ex_post_descriptive,10,93644,11817,0.1375794862874964,104.10550267001445,104.08126821138542,0.0242344586290333,0.0,0.0675925583454705,2.847423073426845e-06,1.4420723982854644e-08,21.80451910741747,4.553431072612221,6
CP_REPO_OPS_HG,top_10pct_random_gate,shuffled_perturbation_magnitude,recent_spike_position,ex_post_descriptive,10,125370,12518,0.0998111007083783,105.29490877113508,105.2707060719426,0.0242026991924913,0.0,0.0421811848531261,1.4425520609822869e-06,2.2466428535866263e-09,9.205982178454068,9.205941931911331,7
RANDOM_GATE_PLACEBO_REPO,validation_selected,prefix_validation_perturbation_magnitude,recent_spike_position,ex_post_descriptive,10,93644,6615,0.077532976186732,104.10550267001445,104.0824914444649,0.023011225549558,0.0,0.0387934017517367,2.478876842803332e-06,1.3412141968871874e-08,24.256983660837395,2.800968786360884,7
CP_REPO_RECENT_SLOPE,top_30pct,perturbation_magnitude,recent_spike_position,ex_post_descriptive,10,125370,41839,0.3314514037511822,105.29490877113508,105.27267514985128,0.0222336212838025,0.0,0.1428414537625691,5.5816022868127706e-06,9.242137699181311e-09,10.4338998905725,2.965659671789214,7
CP_REPO_RECENT_SLOPE,validation_selected,prefix_validation_perturbation_magnitude,recent_spike_position,ex_post_descriptive,10,93644,13178,0.11630277445766,104.10550267001445,104.0846623616818,0.0208403083326451,0.0,0.0455739444520073,3.4545690755993394e-06,8.573942920974926e-09,18.667687838676216,4.072734798926885,6
CP_REPO_RECENT_SLOPE,top_20pct_random_gate,shuffled_perturbation_magnitude,recent_spike_position,ex_post_descriptive,10,125370,24968,0.1992560936161777,105.29490877113508,105.27487687586132,0.0200318952737862,0.0,0.086831387025703,1.2896523074873542e-06,2.927183050504473e-09,5.360127536311652,5.082021208726113,8
CP_REPO_OPS_HG,top_5pct_random_gate,shuffled_perturbation_magnitude,recent_spike_position,ex_post_descriptive,10,125370,6244,0.0497934874106126,105.29490877113508,105.27917669768289,0.015732073452229,0.0,0.0210341175069824,7.188585244957192e-07,1.3398596936568923e-09,9.094196591042332,9.192690240530892,7
CP_REPO_GATED_RIDGE_OPS_C,top_20pct_random_gate,shuffled_perturbation_magnitude,recent_spike_position,ex_post_descriptive,10,125370,25147,0.2004038024142547,105.29490877113508,105.28038611391948,0.0145226572156143,0.0,0.0838069483620429,1.03886313934312e-06,3.558480730933365e-09,6.653679709801496,6.4912338768757305,8
RANDOM_GATE_PLACEBO_REPO,top_30pct,perturbation_magnitude,recent_spike_position,ex_post_descriptive,10,125370,34251,0.2814391827387282,105.29490877113508,105.28047535041688,0.0144334207182311,0.0,0.1263929342212685,3.286615727453036e-06,1.403967659394798e-08,10.675910370541652,1.5194869563545232,7
RANDOM_GATE_PLACEBO_REPO,top_10pct_random_gate,shuffled_perturbation_magnitude,recent_spike_position,ex_post_descriptive,10,125370,12586,0.1003908919108491,105.29490877113508,105.28273015744765,0.0121786136874672,0.0,0.0422222908949007,4.0794903485458243e-07,1.6422982032024304e-09,3.91503435006105,3.997464946704105,7
CP_REPO_HAAR_SHAPE,top_10pct_random_gate,shuffled_perturbation_magnitude,recent_spike_position,ex_post_descriptive,10,125370,12522,0.0998595269888951,105.29490877113508,105.28324249641152,0.0116662747235585,0.0,0.0414914641628307,5.459195590385904e-07,3.4842147236262174e-09,5.816460133514203,5.9434330669634345,6
CP_REPO_RECENT_SLOPE,top_10pct_random_gate,shuffled_perturbation_magnitude,recent_spike_position,ex_post_descriptive,10,125370,12468,0.099322628863379,105.29490877113508,105.28541122788629,0.009497543248813,0.0,0.0429061270820644,6.175227367179501e-07,1.4821332531791516e-09,5.275904680485711,5.079929965397817,8
SHUFFLED_LAG_PM_PLACEBO_REPO,top_10pct_random_gate,shuffled_perturbation_magnitude,recent_spike_position,ex_post_descriptive,10,125370,12689,0.1012186835752979,105.29490877113508,105.28684173061632,0.0080670405187701,0.0,0.0431910351166475,5.365888959400381e-07,1.5316029790947511e-09,3.99917428823164,3.72577035038448,7
CP_REPO_GATED_RIDGE_OPS_C,top_30pct_random_gate,shuffled_perturbation_magnitude,recent_spike_position,ex_post_descriptive,10,125370,37683,0.3003356767780566,105.29490877113508,105.28701585485264,0.0078929162824638,0.0,0.1254063327480142,1.4070793107236276e-06,4.6076285825509655e-09,6.709557259013312,6.5045021447325695,5
CP_REPO_GATED_RIDGE_OPS_C,top_10pct_random_gate,shuffled_perturbation_magnitude,recent_spike_position,ex_post_descriptive,10,125370,12495,0.0996297760532523,105.29490877113508,105.28724293045028,0.0076658406848265,0.0,0.0416704068802683,5.533446296010865e-07,2.1926381205753292e-09,6.711190772087811,6.475109985829323,7
CP_REPO_HAAR_SHAPE,top_5pct_random_gate,shuffled_perturbation_magnitude,recent_spike_position,ex_post_descriptive,10,125370,6273,0.0499830957658662,105.29490877113508,105.287400947845,0.0075078232901263,0.0,0.0210183315206982,3.1542510169671173e-07,2.317254190778476e-09,5.807274158948675,5.940188724547715,6
RANDOM_GATE_PLACEBO_REPO,top_20pct_random_gate,shuffled_perturbation_magnitude,recent_spike_position,ex_post_descriptive,10,125370,25107,0.2000583898839322,105.29490877113508,105.28769721212092,0.0072115590141787,0.0,0.0829552130831719,7.683067765628369e-07,3.958281188579187e-09,4.101806176056899,3.98624767930733,4
SHUFFLED_LAG_PM_PLACEBO_REPO,top_5pct_random_gate,shuffled_perturbation_magnitude,recent_spike_position,ex_post_descriptive,10,125370,6394,0.0509549756195952,105.29490877113508,105.28822327648416,0.0066854946509226,0.0,0.0218383559394779,2.866005396185204e-07,1.1440591712633462e-09,3.803929574056691,3.733393336117794,7
RANDOM_GATE_PLACEBO_REPO,top_5pct_random_gate,shuffled_perturbation_magnitude,recent_spike_position,ex_post_descriptive,10,125370,6249,0.0497986220477056,105.29490877113508,105.28846555681903,0.0064432143160414,0.0,0.0208324450327915,1.5744085078592764e-07,9.71860175742646e-10,3.861714521375888,3.992747471864855,7
CP_REPO_RECENT_SLOPE,top_5pct_random_gate,shuffled_perturbation_magnitude,recent_spike_position,ex_post_descriptive,10,125370,6313,0.0502735493574872,105.29490877113508,105.28894565668972,0.0059631144453723,0.0,0.0218612462147195,3.2403313067933905e-07,9.52229337510023e-10,5.323198274785486,5.071029463543894,8
CP_REPO_GATED_RIDGE_OPS_C,top_5pct_random_gate,shuffled_perturbation_magnitude,recent_spike_position,ex_post_descriptive,10,125370,6262,0.0499122098272022,105.29490877113508,105.28908998157884,0.0058187895562565,0.0,0.0209938398864137,3.459281500427605e-07,1.9083369952081315e-09,6.70260906839714,6.484520696838364,7
RAW_CP_REPO_PLUS_PM,top_5pct_random_gate,shuffled_perturbation_magnitude,recent_spike_position,ex_post_descriptive,10,125370,6262,0.0498390227996115,105.29490877113508,105.28916055459544,0.0057482165396492,0.0,0.020853645446591,4.257407261450526e-07,8.529707927463101e-10,5.509790204978112,5.591013722769597,6
RANDOM_GATE_PLACEBO_REPO,top_30pct_random_gate,shuffled_perturbation_magnitude,recent_spike_position,ex_post_descriptive,10,125370,37468,0.298597992941123,105.29490877113508,105.29168929071454,0.0032194804205547,0.0,0.1237617894357826,1.0294987538332082e-06,5.011263651765936e-09,4.136892813837351,3.994272110108828,5
SHUFFLED_LAG_PM_PLACEBO_REPO,top_20pct_random_gate,shuffled_perturbation_magnitude,recent_spike_position,ex_post_descriptive,10,125370,25190,0.2008042868180166,105.29490877113508,105.29368185169062,0.0012269194444766,0.0,0.0855722833485878,1.0755465601428168e-06,3.553517234843269e-09,4.074275195510596,3.736602526852379,5
SHUFFLED_LAG_PM_PLACEBO_REPO,top_30pct_random_gate,shuffled_perturbation_magnitude,recent_spike_position,ex_post_descriptive,10,125370,37688,0.3004038595850066,105.29490877113508,105.29691619256366,-0.0020074214285601,0.0,0.1280317432842267,1.6020468553078172e-06,4.904399643839208e-09,4.120366343760528,3.730416072600158,5
CP_REPO_RECENT_SLOPE,top_20pct,perturbation_magnitude,recent_spike_position,ex_post_descriptive,10,125370,27315,0.2165952877741836,105.29490877113508,105.29841389118135,-0.0035051200462573,0.0,0.0950659311572615,5.077441586937148e-06,8.555263095519289e-09,12.42382952921876,3.463459304385176,6
RANDOM_GATE_PLACEBO_REPO,top_20pct,perturbation_magnitude,recent_spike_position,ex_post_descriptive,10,125370,22824,0.1876634716173384,105.29490877113508,105.30387422446458,-0.0089654533294755,0.0,0.0850566341035406,2.99186324939141e-06,1.32939704322115e-08,13.735206185357892,1.9401371048485128,7
CP_REPO_GATED_RIDGE_OPS_C,top_30pct,perturbation_magnitude,recent_spike_position,ex_post_descriptive,10,125370,44596,0.3691014674208716,105.29490877113508,105.30688598653832,-0.0119772154032292,0.0,0.1655755553637128,3.6733279011712814e-06,1.5151158285712642e-08,13.304968692639452,2.470911008040729,4
CP_REPO_RECENT_SLOPE,top_5pct,perturbation_magnitude,recent_spike_position,ex_post_descriptive,10,125370,6250,0.0494263557922705,105.29490877113508,105.30753606417676,-0.0126272930416796,0.0,0.0240800854020568,2.7163552406019416e-06,7.431703119184616e-09,21.25208948459045,4.436192403584526,4
CP_REPO_RECENT_SLOPE,top_10pct,perturbation_magnitude,recent_spike_position,ex_post_descriptive,10,125370,13070,0.1032269280838327,105.29490877113508,105.3149084068552,-0.019999635720108,0.0,0.0473760921224587,3.655145439515156e-06,8.190386969468487e-09,16.13600373609829,4.072996618427968,4
CP_REPO_GATED_RIDGE_OPS_C,top_20pct,perturbation_magnitude,recent_spike_position,ex_post_descriptive,10,125370,30977,0.2563919141295901,105.29490877113508,105.31763452032553,-0.0227257491904609,0.0,0.1163206289672395,3.3706840151541565e-06,1.4238527026070072e-08,15.946556711528643,3.2616793418199435,5
CP_REPO_GATED_RIDGE_OPS_C,top_5pct,perturbation_magnitude,recent_spike_position,ex_post_descriptive,10,125370,8565,0.0706521470043858,105.29490877113508,105.32198448878208,-0.0270757176469647,0.0,0.0325651157006727,2.250959954165074e-06,1.1105507961487576e-08,25.549040164843912,5.132924822880681,5
RANDOM_GATE_PLACEBO_REPO,top_10pct,perturbation_magnitude,recent_spike_position,ex_post_descriptive,10,125370,11474,0.0943008087779793,105.29490877113508,105.32580575102529,-0.0308969798901678,0.0,0.0436386510573624,2.356094943494318e-06,1.1381113749006614e-08,20.102483655900564,2.5361436540873656,7
RANDOM_GATE_PLACEBO_REPO,top_5pct,perturbation_magnitude,recent_spike_position,ex_post_descriptive,10,125370,5813,0.0477765298970522,105.29490877113508,105.3386703223674,-0.0437615512323025,0.0,0.0223306716934214,1.6493676616424367e-06,8.848745069316505e-09,27.51040272014539,3.0118919684990457,5
CP_REPO_GATED_RIDGE_OPS_C,top_10pct,perturbation_magnitude,recent_spike_position,ex_post_descriptive,10,125370,16299,0.1346418026542312,105.29490877113508,105.34130048883635,-0.0463917177012569,0.0,0.0611704224317033,2.7075724297078607e-06,1.2878590814286874e-08,20.814177228850703,4.372286956364604,6
SHUFFLED_LAG_PM_PLACEBO_REPO,validation_selected,prefix_validation_perturbation_magnitude,recent_spike_position,ex_post_descriptive,10,93644,14266,0.1585462369331214,104.10550267001445,104.1770506094053,-0.0715479393908375,0.0,0.0799502896177639,3.745354128965504e-06,1.2100303130885705e-08,18.11466447399146,2.13727924609005,2
SHUFFLED_LAG_PM_PLACEBO_REPO,top_30pct,perturbation_magnitude,recent_spike_position,ex_post_descriptive,10,125370,30563,0.2497037350604403,105.29490877113508,105.37659808046276,-0.0816893093276558,0.0,0.1180907592787494,4.096757038925348e-06,1.1546790582733856e-08,12.044871819546668,1.7644720162125054,2
SHUFFLED_LAG_PM_PLACEBO_REPO,top_20pct,perturbation_magnitude,recent_spike_position,ex_post_descriptive,10,125370,20042,0.1639016400549335,105.29490877113508,105.41243742146412,-0.1175286503290135,0.0,0.0779325125432558,3.4356602203940475e-06,1.0277848657976256e-08,15.792202272260056,2.148289446341098,2
SHUFFLED_LAG_PM_PLACEBO_REPO,top_10pct,perturbation_magnitude,recent_spike_position,ex_post_descriptive,10,125370,10000,0.0816773364491706,105.29490877113508,105.48503308557072,-0.1901243144356072,0.0,0.0380778080988761,2.15499540430988e-06,7.719574444383996e-09,23.773136883970047,2.685431719639003,2
SHUFFLED_LAG_PM_PLACEBO_REPO,top_5pct,perturbation_magnitude,recent_spike_position,ex_post_descriptive,10,125370,5091,0.0415005031100342,105.29490877113508,105.52129137463226,-0.2263826034971732,0.0,0.018764666356168,1.113581854328107e-06,5.70527100576781e-09,34.41297055844801,3.0772422630094285,1
CP_REPO_HAAR_SHAPE,top_30pct,perturbation_magnitude,same_average_different_path,ex_post_descriptive,10,7396,2157,0.286444764801526,112.23405285559916,111.89239852014018,0.3416543354589894,0.0,0.1164289812175495,6.114161475796132e-06,3.5197481586138844e-09,13.76507988459634,3.32965627451028,9
CP_REPO_HAAR_SHAPE,top_20pct,perturbation_magnitude,same_average_different_path,ex_post_descriptive,10,7396,1274,0.1688505800024816,112.23405285559916,111.9942370882576,0.2398157673415764,0.0,0.070966279653436,4.650542165986947e-06,2.913266969767861e-09,17.516024537630866,4.22662048958818,8
RANDOM_GATE_PLACEBO_REPO,top_30pct,perturbation_magnitude,same_average_different_path,ex_post_descriptive,10,7396,2177,0.2905119395732946,112.23405285559916,112.00731776532452,0.2267350902746549,0.0,0.1172894972858902,3.879735904562968e-06,1.9856259905803007e-09,10.63136746880587,1.8716781592709684,5
RANDOM_GATE_PLACEBO_REPO,top_20pct,perturbation_magnitude,same_average_different_path,ex_post_descriptive,10,7396,1398,0.1850852712670913,112.23405285559916,112.04974872213988,0.1843041334593038,0.0,0.0742502935899817,3.155155220059791e-06,1.5124351760837602e-09,13.757827546722478,2.354431465528923,5
CP_REPO_HAAR_SHAPE,validation_selected,prefix_validation_perturbation_magnitude,same_average_different_path,ex_post_descriptive,10,5611,359,0.0755976979538879,110.8624538756858,110.70884216901354,0.1536117066722329,0.0,0.0371580285552546,1.8288798460799524e-06,6.382061976518363e-10,19.88033312307556,5.128567600415973,7
CP_REPO_HAAR_SHAPE,top_30pct_random_gate,shuffled_perturbation_magnitude,same_average_different_path,ex_post_descriptive,10,7396,2236,0.3045362478218941,112.23405285559916,112.12407164297204,0.1099812126271243,0.0,0.1231004476781166,2.118651951814486e-06,1.1489927497590252e-09,6.145817479637734,6.501230853248417,7
CP_REPO_HAAR_SHAPE,top_10pct,perturbation_magnitude,same_average_different_path,ex_post_descriptive,10,7396,440,0.0571905080958044,112.23405285559916,112.13232640571498,0.1017264498841893,0.0,0.0239286737906051,2.095684769365223e-06,1.4181981321601254e-09,25.017363355308746,5.316229748624929,7
RAW_CP_REPO_PLUS_PM,condition_entry_with_recent_spike,condition_label,same_average_different_path,ex_post_descriptive,10,7396,2333,0.3230654805379661,112.23405285559916,112.13850809871232,0.0955447568868568,0.0,0.1394252933867896,1.7823133164286572e-06,-4.3632013134253345e-09,5.00925822534289,4.888392608503192,6
RANDOM_GATE_PLACEBO_REPO,top_30pct_random_gate,shuffled_perturbation_magnitude,same_average_different_path,ex_post_descriptive,10,7396,2200,0.2975877583718946,112.23405285559916,112.1433837082688,0.090669147330369,0.0,0.1215064763832842,1.589186107817434e-06,2.5367228571577856e-11,4.286391540212375,4.327291498720438,7
SHUFFLED_LAG_PM_PLACEBO_REPO,top_30pct,perturbation_magnitude,same_average_different_path,ex_post_descriptive,10,7396,2129,0.2830943451822376,112.23405285559916,112.17343144833492,0.0606214072642726,0.0,0.1063705833649996,3.144250973571481e-06,-2.7382781493165954e-09,9.859721929465508,2.290336542510045,5
CP_REPO_RECENT_SLOPE,condition_entry_with_recent_spike,condition_label,same_average_different_path,ex_post_descriptive,10,7396,2333,0.3230654805379661,112.23405285559916,112.17385008401864,0.0602027715805388,0.0,0.1453167350458236,-6.139720420446502e-08,-4.73018296536356e-09,6.931776859180727,5.023936228073033,5
CP_REPO_HAAR_SHAPE,condition_cluster_entry_loose,condition_label,same_average_different_path,ex_post_descriptive,10,7396,3579,0.4832931991490217,112.23405285559916,112.17866563125976,0.0553872243394366,0.0,0.2014758207514583,1.3057586067920478e-06,1.861408945718901e-09,5.502509975601809,6.70195405174684,7
RANDOM_GATE_PLACEBO_REPO,condition_cluster_entry_loose,condition_label,same_average_different_path,ex_post_descriptive,10,7396,3579,0.4832931991490217,112.23405285559916,112.17923701450384,0.0548158410953306,0.0,0.2053665784545444,9.516032549205486e-07,1.3711894760904304e-09,3.827896352247513,4.486340346023579,6
SHUFFLED_LAG_PM_PLACEBO_REPO,top_30pct_random_gate,shuffled_perturbation_magnitude,same_average_different_path,ex_post_descriptive,10,7396,2236,0.3004321426272472,112.23405285559916,112.17932220488775,0.0547306507114275,0.0,0.1216266035293257,1.183518567941219e-06,-8.826545854879562e-10,3.937366832972796,4.316467739852149,7
CP_REPO_HAAR_SHAPE,top_20pct_random_gate,shuffled_perturbation_magnitude,same_average_different_path,ex_post_descriptive,10,7396,1490,0.2015137336129424,112.23405285559916,112.17955720815526,0.0544956474439171,0.0,0.0818587448889186,1.2865289740250897e-06,8.029101872080605e-10,6.286230524419382,6.524782696177567,8
RANDOM_GATE_PLACEBO_REPO,top_20pct_random_gate,shuffled_perturbation_magnitude,same_average_different_path,ex_post_descriptive,10,7396,1502,0.2034429950594276,112.23405285559916,112.17995750915952,0.0540953464396427,0.0,0.0824165727413589,6.587995199775084e-07,-9.832413098291604e-10,4.284285731718322,4.326555103376032,7
CP_REPO_HAAR_SHAPE,top_5pct_random_gate,shuffled_perturbation_magnitude,same_average_different_path,ex_post_descriptive,10,7396,356,0.0470995854905736,112.23405285559916,112.18328154554068,0.0507713100584938,0.0,0.0185847101137597,3.815422716627113e-07,6.721083175259595e-11,4.790873326323828,6.440615255955189,7
CP_REPO_HAAR_SHAPE,top_10pct_random_gate,shuffled_perturbation_magnitude,same_average_different_path,ex_post_descriptive,10,7396,768,0.1043420582869983,112.23405285559916,112.18478382540658,0.0492690301925706,0.0,0.0436092677685008,6.699846598592321e-07,3.6163277126308076e-10,6.4178862994844845,6.481767149500167,7
SHUFFLED_LAG_PM_PLACEBO_REPO,top_20pct,perturbation_magnitude,same_average_different_path,ex_post_descriptive,10,7396,1240,0.1623218550283538,112.23405285559916,112.18670689183448,0.0473459637646907,0.0,0.061561971723495,2.4287073434478502e-06,-3.888109983617489e-09,12.683716480133471,2.8411188257954096,6
RANDOM_GATE_PLACEBO_REPO,top_10pct,perturbation_magnitude,same_average_different_path,ex_post_descriptive,10,7396,572,0.0751070801497326,112.23405285559916,112.18907189805356,0.0449809575456235,0.0,0.0290640969967761,1.5835942932396647e-06,8.565578661783006e-10,20.647307888176893,3.1374105084207584,4
SHUFFLED_LAG_PM_PLACEBO_REPO,validation_selected,prefix_validation_perturbation_magnitude,same_average_different_path,ex_post_descriptive,10,5611,879,0.1536723536295985,110.8624538756858,110.82036378089758,0.0420900947881986,0.0,0.062339889588263,1.2737231155084191e-06,-4.737627215463856e-09,12.409964604712446,2.820195628060126,4
CP_REPO_RECENT_SLOPE,condition_cluster_entry_loose,condition_label,same_average_different_path,ex_post_descriptive,10,7396,3579,0.4832931991490217,112.23405285559916,112.19211579836124,0.041937057237938,0.0,0.2097701893750597,-1.3343072454183275e-06,-5.874054951194948e-09,7.110396509675057,3.7477233564713943,4
SHUFFLED_LAG_PM_PLACEBO_REPO,top_5pct_random_gate,shuffled_perturbation_magnitude,same_average_different_path,ex_post_descriptive,10,7396,378,0.0514634486286382,112.23405285559916,112.19243275908411,0.0416200965150753,0.0,0.0233635765152528,1.5611509052625908e-07,-2.7481121060566265e-10,3.184365247024875,4.185050013466665,7
RANDOM_GATE_PLACEBO_REPO,condition_entry_with_recent_spike,condition_label,same_average_different_path,ex_post_descriptive,10,7396,2333,0.3230654805379661,112.23405285559916,112.1984696932204,0.0355831623787874,0.0,0.1401517919692421,7.500452221412436e-07,9.69540133111273e-10,3.559995253861925,4.537288942685009,6
RANDOM_GATE_PLACEBO_REPO,top_10pct_random_gate,shuffled_perturbation_magnitude,same_average_different_path,ex_post_descriptive,10,7396,738,0.1008044403292064,112.23405285559916,112.19979190064494,0.0342609549542515,0.0,0.0434383563059932,2.92628771577619e-07,8.33751745252346e-12,4.622808514207676,4.32760690685922,8
SHUFFLED_LAG_PM_PLACEBO_REPO,top_10pct_random_gate,shuffled_perturbation_magnitude,same_average_different_path,ex_post_descriptive,10,7396,761,0.1020759574975835,112.23405285559916,112.20468714154512,0.0293657140540408,0.0,0.0417343552674774,1.905270086334228e-07,-2.4542287124416795e-09,3.538504887449077,4.229919994291117,7
SHUFFLED_LAG_PM_PLACEBO_REPO,top_20pct_random_gate,shuffled_perturbation_magnitude,same_average_different_path,ex_post_descriptive,10,7396,1486,0.1998979881080889,112.23405285559916,112.20541156236058,0.028641293238606,0.0,0.0796255999053135,5.819378919254894e-07,-2.216753337414892e-09,3.991851196595012,4.230505569190222,7
CP_REPO_HAAR_SHAPE,condition_entry_with_recent_spike,condition_label,same_average_different_path,ex_post_descriptive,10,7396,2333,0.3230654805379661,112.23405285559916,112.20543537203908,0.0286174835601079,0.0,0.1370901081032993,1.0312920301768364e-06,5.121911625393308e-10,5.4301365554491525,6.672608471861002,6
RANDOM_GATE_PLACEBO_REPO,top_5pct_random_gate,shuffled_perturbation_magnitude,same_average_different_path,ex_post_descriptive,10,7396,365,0.0498305567758072,112.23405285559916,112.20827640209674,0.0257764535024116,0.0,0.0227783339004729,2.982153910715342e-07,1.4868066429247444e-10,3.746528789942373,4.333584842747011,7
RANDOM_GATE_PLACEBO_REPO,validation_selected,prefix_validation_perturbation_magnitude,same_average_different_path,ex_post_descriptive,10,5611,255,0.0509378268339975,110.8624538756858,110.84109931974564,0.0213545559401249,0.0,0.0255970382412832,8.492470478508257e-07,1.2079340693924248e-10,27.079852105136236,3.309237158454496,7
CP_REPO_OPS_HG,top_5pct_random_gate,shuffled_perturbation_magnitude,same_average_different_path,ex_post_descriptive,10,7396,380,0.0515137748095391,112.23405285559916,112.22000714434026,0.0140457112588973,0.0,0.0219631621595225,4.763078742981288e-07,-2.4716057019967072e-11,9.385916672909604,8.388919722015645,5
CP_REPO_OPS_HG,top_10pct_random_gate,shuffled_perturbation_magnitude,same_average_different_path,ex_post_descriptive,10,7396,758,0.1008195101504983,112.23405285559916,112.22297233687353,0.0110805187256509,0.0,0.0431322239317412,8.455416271398766e-07,-4.848826569248781e-10,9.91638635580857,8.36094828753144,6
RAW_CP_REPO_PLUS_PM,condition_cluster_entry_loose,condition_label,same_average_different_path,ex_post_descriptive,10,7396,3579,0.4832931991490217,112.23405285559916,112.22814570462906,0.0059071509701017,0.0,0.2046353538076071,1.4471278512371616e-06,-4.567515822819251e-09,5.137171382966878,5.113358838201238,5
CP_REPO_GATED_RIDGE_OPS_C,top_20pct_random_gate,shuffled_perturbation_magnitude,same_average_different_path,ex_post_descriptive,10,7396,1469,0.1974564488395812,112.23405285559916,112.22870852538328,0.0053443302158733,0.0,0.0811638297049857,1.0928029538160031e-06,2.8487611692096252e-09,6.705634536219279,5.680293021759594,6
CP_REPO_OPS_HG,top_20pct_random_gate,shuffled_perturbation_magnitude,same_average_different_path,ex_post_descriptive,10,7396,1550,0.2081642203390721,112.23405285559916,112.2293984469484,0.004654408650777,0.0,0.0859264918577357,1.5016482397210712e-06,-2.380056658688978e-09,9.342006320090144,8.381802986851145,6
CP_REPO_GATED_RIDGE_OPS_C,validation_selected,prefix_validation_perturbation_magnitude,same_average_different_path,ex_post_descriptive,10,5611,377,0.0785731612411719,110.8624538756858,110.85939362068925,0.0030602549965278,0.0,0.0380820174935816,1.0301097383089731e-06,5.205007180542707e-09,23.61030145468201,4.36038254046654,7
CP_REPO_RECENT_SLOPE,validation_selected,prefix_validation_perturbation_magnitude,same_average_different_path,ex_post_descriptive,10,5611,412,0.0851793708510649,110.8624538756858,110.85957387125696,0.0028800044288142,0.0,0.0289694576790118,-1.3342255813808838e-06,-2.590979412002149e-09,21.31433127769635,4.76122790281773,2
CP_REPO_GATED_RIDGE_OPS_C,top_10pct_random_gate,shuffled_perturbation_magnitude,same_average_different_path,ex_post_descriptive,10,7396,742,0.0998709201648748,112.23405285559916,112.23188609771248,0.002166757886706,0.0,0.0409301604745497,4.459081348147815e-07,7.788620904939311e-10,6.702933125750334,5.70269829809163,5
CP_REPO_GATED_RIDGE_OPS_C,top_5pct_random_gate,shuffled_perturbation_magnitude,same_average_different_path,ex_post_descriptive,10,7396,391,0.0520993299630096,112.23405285559916,112.2372369393768,-0.0031840837776521,0.0,0.0212176111389926,2.0731889148467438e-07,4.022871296537782e-10,6.993697609750221,5.74205245428602,6
CP_REPO_RECENT_SLOPE,top_5pct_random_gate,shuffled_perturbation_magnitude,same_average_different_path,ex_post_descriptive,10,7396,342,0.0454467752456092,112.23405285559916,112.23785607799182,-0.0038032223926365,0.0,0.0162390596636568,-1.9540377178557505e-07,-1.6864811266432615e-10,4.663448181822686,5.901907788044004,6
CP_REPO_GATED_RIDGE_OPS_C,top_30pct_random_gate,shuffled_perturbation_magnitude,same_average_different_path,ex_post_descriptive,10,7396,2193,0.2954180091992072,112.23405285559916,112.23975588403952,-0.0057030284403723,0.0,0.1242383970933624,1.253871537210645e-06,3.640877841708091e-09,6.842901105054237,5.705156455747823,6
SHUFFLED_LAG_PM_PLACEBO_REPO,condition_cluster_entry_loose,condition_label,same_average_different_path,ex_post_descriptive,10,7396,3579,0.4832931991490217,112.23405285559916,112.24081598079796,-0.0067631251987609,0.0,0.2069989509318895,-5.971136259668115e-08,-4.422569962974704e-09,3.754889218149221,4.533112802144342,4
SHUFFLED_LAG_PM_PLACEBO_REPO,condition_entry_with_recent_spike,condition_label,same_average_different_path,ex_post_descriptive,10,7396,2333,0.3230654805379661,112.23405285559916,112.24215936360238,-0.0081065080032182,0.0,0.1402231899116605,2.0232700496772318e-07,-4.3183364898499834e-09,3.297472615899116,4.735187204041326,3
RAW_CP_REPO_PLUS_PM,validation_selected,prefix_validation_perturbation_magnitude,same_average_different_path,ex_post_descriptive,10,5611,159,0.0313965897117675,110.8624538756858,110.87366941260012,-0.0112155369143431,0.0,0.014129659203634,2.709884334963999e-07,-6.294395228618792e-10,28.17531608763186,4.654670571788588,6
RAW_CP_REPO_PLUS_PM,top_10pct,perturbation_magnitude,same_average_different_path,ex_post_descriptive,10,7396,426,0.0545186241310651,112.23405285559916,112.24740245740227,-0.0133496018030916,0.0,0.0204351407095867,4.429109499833674e-07,-1.2075621950406976e-09,21.533869946432397,4.55106487618975,5
CP_REPO_RECENT_SLOPE,top_10pct_random_gate,shuffled_perturbation_magnitude,same_average_different_path,ex_post_descriptive,10,7396,696,0.0940908566985718,112.23405285559916,112.25638746315704,-0.0223346075578554,0.0,0.0332025637763114,-4.85206563538901e-07,-6.371004573775579e-10,4.81886843004896,5.955968757047924,6
SHUFFLED_LAG_PM_PLACEBO_REPO,top_10pct,perturbation_magnitude,same_average_different_path,ex_post_descriptive,10,7396,435,0.0542043843081103,112.23405285559916,112.26271330223253,-0.0286604466333402,0.0,0.0200785444764406,9.97290009380078e-07,-4.8780207779799185e-09,18.74683181466,3.5511498737349134,4
CP_REPO_GATED_RIDGE_OPS_C,condition_entry_with_recent_spike,condition_label,same_average_different_path,ex_post_descriptive,10,7396,2333,0.3230654805379661,112.23405285559916,112.263543153461,-0.0294902978618395,0.0,0.1399908990606895,1.0295267711655611e-06,2.693690221105656e-09,8.259909108347205,4.585853695839616,5
RANDOM_GATE_PLACEBO_REPO,top_5pct,perturbation_magnitude,same_average_different_path,ex_post_descriptive,10,7396,238,0.0304945996239739,112.23405285559916,112.26466569722552,-0.0306128416263322,0.0,0.0109120954358468,5.875659151937859e-07,-2.6034239076243765e-10,30.545813130368597,3.682309656481889,3
RAW_CP_REPO_PLUS_PM,top_30pct_random_gate,shuffled_perturbation_magnitude,same_average_different_path,ex_post_descriptive,10,7396,2223,0.2990278273604644,112.23405285559916,112.267310578489,-0.0332577228898142,0.0,0.1151286088650746,-6.626134867986382e-07,-3.181772847165684e-09,5.27358561557286,5.368303064431182,5
RAW_CP_REPO_PLUS_PM,top_20pct_random_gate,shuffled_perturbation_magnitude,same_average_different_path,ex_post_descriptive,10,7396,1507,0.2038176519933603,112.23405285559916,112.26949259561192,-0.0354397400127351,0.0,0.0773523955822264,-4.897099853768501e-07,-3.5738120072657675e-09,5.353251008973215,5.309057816257608,4
CP_REPO_GATED_RIDGE_OPS_C,top_5pct,perturbation_magnitude,same_average_different_path,ex_post_descriptive,10,7396,294,0.0402119555690895,112.23405285559916,112.270374650651,-0.0363217950518258,0.0,0.0183787130694517,8.625583077174711e-07,2.2344464612358176e-09,34.32171877632395,4.689283042713177,4
CP_REPO_OPS_HG,top_30pct_random_gate,shuffled_perturbation_magnitude,same_average_different_path,ex_post_descriptive,10,7396,2277,0.3053214825606058,112.23405285559916,112.27417420110962,-0.0401213455104572,0.0,0.1226775814870344,2.5420352878472385e-06,-2.427251668696549e-09,9.034204037312128,8.372286617518236,6
CP_REPO_RECENT_SLOPE,top_20pct_random_gate,shuffled_perturbation_magnitude,same_average_different_path,ex_post_descriptive,10,7396,1435,0.1934549386925384,112.23405285559916,112.27534794081716,-0.0412950852179865,0.0,0.0673748972167762,-1.3671729934107445e-06,-2.065770404172451e-09,5.543459617792832,5.945704427106441,5
RAW_CP_REPO_PLUS_PM,top_5pct_random_gate,shuffled_perturbation_magnitude,same_average_different_path,ex_post_descriptive,10,7396,395,0.0528982719148068,112.23405285559916,112.27749213337547,-0.0434392777763082,0.0,0.0190491086446554,-5.321026215153311e-07,-2.7861171420995436e-09,5.599178608427117,5.33766101437839,4
RAW_CP_REPO_PLUS_PM,top_5pct,perturbation_magnitude,same_average_different_path,ex_post_descriptive,10,7396,154,0.0187157830357907,112.23405285559916,112.2784979396016,-0.0444450840024386,0.0,0.006915413374133,8.134070167022772e-08,-1.7621483575391624e-09,45.87893152096488,4.955158926549019,3
CP_REPO_HAAR_SHAPE,top_5pct,perturbation_magnitude,same_average_different_path,ex_post_descriptive,10,7396,158,0.0198862567174796,112.23405285559916,112.28006895789365,-0.0460161022944557,0.0,0.0081066991647481,4.929487433205404e-07,-1.5282555375839523e-09,34.29140263440605,5.884069024609774,7
RAW_CP_REPO_PLUS_PM,top_10pct_random_gate,shuffled_perturbation_magnitude,same_average_different_path,ex_post_descriptive,10,7396,762,0.1025913716593791,112.23405285559916,112.2811514535737,-0.0470985979745272,0.0,0.0377516843901087,-3.940751666846461e-07,-3.098692042982346e-09,5.30873445783431,5.331425957393127,4
CP_REPO_GATED_RIDGE_OPS_C,top_30pct,perturbation_magnitude,same_average_different_path,ex_post_descriptive,10,7396,2100,0.2863916735191679,112.23405285559916,112.30083499484222,-0.0667821392430438,0.0,0.1168601562961755,1.3997749295618928e-06,5.4623440368864196e-09,13.93865935618266,2.490387960272014,4
SHUFFLED_LAG_PM_PLACEBO_REPO,top_5pct,perturbation_magnitude,same_average_different_path,ex_post_descriptive,10,7396,180,0.0216073059741688,112.23405285559916,112.30343958220222,-0.0693867266030278,0.0,0.0079235095042196,1.8318387732599578e-07,-4.587229320587028e-09,30.0477480969863,3.8854972642597287,3
CP_REPO_GATED_RIDGE_OPS_C,top_20pct,perturbation_magnitude,same_average_different_path,ex_post_descriptive,10,7396,1406,0.191362049836452,112.23405285559916,112.31060295639789,-0.0765501007987134,0.0,0.0796237986038573,1.1079242920829686e-06,5.317130155612541e-09,17.066771393670408,3.058686531728858,4
CP_REPO_GATED_RIDGE_OPS_C,top_10pct,perturbation_magnitude,same_average_different_path,ex_post_descriptive,10,7396,644,0.0880841736463189,112.23405285559916,112.3190805798682,-0.0850277242690204,0.0,0.038224502845541,8.81701143024425e-07,4.208284464353705e-09,24.84267302715284,4.066416165113274,4
RAW_CP_REPO_PLUS_PM,top_30pct,perturbation_magnitude,same_average_different_path,ex_post_descriptive,10,7396,2066,0.2727113648905717,112.23405285559916,112.32274492390688,-0.088692068307707,0.0,0.0952489047722195,-3.365133169597493e-07,-5.149420331277741e-09,11.019839518057577,3.2169767595036887,4
RAW_CP_REPO_PLUS_PM,top_20pct,perturbation_magnitude,same_average_different_path,ex_post_descriptive,10,7396,1188,0.1564135715031425,112.23405285559916,112.3231282410225,-0.0890753854233348,0.0,0.0541702294285012,-1.7254792646158149e-07,-3.582697082249394e-09,13.13808341150696,3.867011427547497,3
CP_REPO_GATED_RIDGE_OPS_C,condition_cluster_entry_loose,condition_label,same_average_different_path,ex_post_descriptive,10,7396,3579,0.4832931991490217,112.23405285559916,112.35497885506996,-0.1209259994707921,0.0,0.2036267923306526,1.53715590316868e-07,4.099687504312714e-09,8.800734593725227,3.022636167493273,4
CP_REPO_RECENT_SLOPE,top_10pct,perturbation_magnitude,same_average_different_path,ex_post_descriptive,10,7396,669,0.0921757924598896,112.23405285559916,112.36117203450912,-0.1271191789099424,0.0,0.0299589889426616,-2.7006418132010725e-06,-6.3377214572126675e-09,15.057680864251362,4.940268659709245,4
CP_REPO_RECENT_SLOPE,top_30pct_random_gate,shuffled_perturbation_magnitude,same_average_different_path,ex_post_descriptive,10,7396,2162,0.2921960069609411,112.23405285559916,112.3705760479847,-0.1365231923855278,0.0,0.0987161292621504,-2.5309708444094783e-06,-4.141007477969097e-09,5.80234716374884,5.932001201246251,4
CP_REPO_RECENT_SLOPE,top_5pct,perturbation_magnitude,same_average_different_path,ex_post_descriptive,10,7396,252,0.0332048811174243,112.23405285559916,112.37746905565416,-0.1434162000549806,0.0,0.0082108514378864,-2.0870150574643066e-06,-3.0919535522394647e-09,22.226320007515447,5.576837914464855,2
CP_REPO_RECENT_SLOPE,top_20pct,perturbation_magnitude,same_average_different_path,ex_post_descriptive,10,7396,1547,0.2145601617041564,112.23405285559916,112.4646632413932,-0.2306103857940272,0.0,0.0721964746318263,-4.423735069316345e-06,-8.804951865739608e-09,11.656532330287446,4.061910999887739,1
CP_REPO_OPS_HG,top_5pct,perturbation_magnitude,same_average_different_path,ex_post_descriptive,10,7396,328,0.0441499415343252,112.23405285559916,112.50601144627016,-0.2719585906709802,0.0,0.0182431333590013,2.6072104593309118e-06,-3.386856253633466e-09,55.46216480387494,6.976166173638381,3
CP_REPO_OPS_HG,condition_entry_with_recent_spike,condition_label,same_average_different_path,ex_post_descriptive,10,7396,2333,0.3230654805379661,112.23405285559916,112.53980877831982,-0.3057559227206562,0.0,0.1344107097269072,2.152262270451306e-06,-7.555566536328584e-09,13.349802748389374,6.39669316750909,4
CP_REPO_OPS_HG,validation_selected,prefix_validation_perturbation_magnitude,same_average_different_path,ex_post_descriptive,10,5611,587,0.1162932249449608,110.8624538756858,111.18358458744773,-0.3211307117619456,0.0,0.0542797982222057,3.164228225085864e-06,-2.781176467734689e-09,39.79627629695981,6.1367559076833365,5
CP_REPO_OPS_HG,top_20pct,perturbation_magnitude,same_average_different_path,ex_post_descriptive,10,7396,1378,0.1889141713895704,112.23405285559916,112.59607154906656,-0.362018693467382,0.0,0.0793748014274952,4.410542465037749e-06,-4.696905065404898e-09,28.369711181284792,4.506614155690948,4
CP_REPO_OPS_HG,top_30pct,perturbation_magnitude,same_average_different_path,ex_post_descriptive,10,7396,2040,0.2801005473984849,112.23405285559916,112.61167662510368,-0.3776237695045059,0.0,0.1154697361527141,4.728902497202407e-06,-5.030828414835869e-09,22.19046311184132,3.4841403554234582,4
CP_REPO_RECENT_SLOPE,top_30pct,perturbation_magnitude,same_average_different_path,ex_post_descriptive,10,7396,2332,0.3247172865672663,112.23405285559916,112.62474373425091,-0.3906908786517256,0.0,0.1096276658048958,-5.685648265976468e-06,-9.395957251607064e-09,10.677493750847416,3.494071631788522,1
CP_REPO_OPS_HG,top_10pct,perturbation_magnitude,same_average_different_path,ex_post_descriptive,10,7396,699,0.0940241164225488,112.23405285559916,112.65269021211552,-0.4186373565163433,0.0,0.0373154021852326,2.716515949849313e-06,-4.451313583596218e-09,38.88396926189263,6.06013256432165,2
CP_REPO_OPS_HG,condition_cluster_entry_loose,condition_label,same_average_different_path,ex_post_descriptive,10,7396,3579,0.4832931991490217,112.23405285559916,112.77701945771658,-0.5429666021174212,0.0,0.1970990115770565,2.5190156157485755e-06,-6.8857079198447585e-09,13.854648867684404,4.157204852880243,3
SHUFFLED_LAG_PM_PLACEBO_REPO,condition_entry_with_recent_spike,condition_label,stable_low_dispersion,ex_post_descriptive,10,68970,4235,0.0638324566275581,80.15495874897937,80.15108620467743,0.003872544301929,0.0,0.0304179119988133,-1.9830309128470955e-08,-1.1769575827890624e-10,3.6405766563311737,4.1818719842900185,5
CP_REPO_RECENT_SLOPE,condition_entry_with_recent_spike,condition_label,stable_low_dispersion,ex_post_descriptive,10,68970,4235,0.0638324566275581,80.15495874897937,80.16232528903068,-0.0073665400513245,0.0,0.0313239143581042,8.226298126268692e-08,-3.8221640478921614e-11,4.962024477683126,4.615884352469875,5
SHUFFLED_LAG_PM_PLACEBO_REPO,top_5pct_random_gate,shuffled_perturbation_magnitude,stable_low_dispersion,ex_post_descriptive,10,68970,3467,0.050201610833088,80.15495874897937,80.16761217660154,-0.0126534276221738,0.0,0.0232113754942179,4.627422676302645e-08,9.030395296202767e-10,4.456366147422186,4.161152619003976,3
CP_REPO_RECENT_SLOPE,condition_cluster_entry_loose,condition_label,stable_low_dispersion,ex_post_descriptive,10,68970,8205,0.1245627630148818,80.15495874897937,80.16771453624531,-0.0127557872659623,0.0,0.0600776929791639,1.0933322807870304e-07,3.3478191775794347e-10,4.848262125632028,4.639721313159841,5
RANDOM_GATE_PLACEBO_REPO,top_5pct_random_gate,shuffled_perturbation_magnitude,stable_low_dispersion,ex_post_descriptive,10,68970,3590,0.051998838316341,80.15495874897937,80.16925337233083,-0.0142946233514647,0.0,0.0229655188931925,-1.3643227811484718e-07,2.4807619469350776e-10,4.1753737546705,4.115316426898045,2
SHUFFLED_LAG_PM_PLACEBO_REPO,condition_cluster_entry_loose,condition_label,stable_low_dispersion,ex_post_descriptive,10,68970,8205,0.1245627630148818,80.15495874897937,80.17228598640486,-0.017327237425491,0.0,0.058490972147745,-1.0440137824664729e-07,1.4210171459657707e-09,4.1842333106819,4.1891793311105605,4
CP_REPO_GATED_RIDGE_OPS_C,top_5pct_random_gate,shuffled_perturbation_magnitude,stable_low_dispersion,ex_post_descriptive,10,68970,3484,0.0506372975637531,80.15495874897937,80.17243104571837,-0.0174722967390024,0.0,0.0225999742714696,-1.856359170720486e-07,1.3052558155617443e-09,5.059633846147748,4.926389690924776,3
CP_REPO_GATED_RIDGE_OPS_C,condition_entry_with_recent_spike,condition_label,stable_low_dispersion,ex_post_descriptive,10,68970,4235,0.0638324566275581,80.15495874897937,80.17249304237403,-0.0175342933946656,0.0,0.0286310513772003,-3.9789020273944506e-07,2.3355337048597647e-09,7.450061498176616,4.725185627715414,3
RANDOM_GATE_PLACEBO_REPO,top_10pct_random_gate,shuffled_perturbation_magnitude,stable_low_dispersion,ex_post_descriptive,10,68970,7012,0.1016712694925358,80.15495874897937,80.17360931005535,-0.0186505610759967,0.0,0.0444211649351968,-2.0761618043932601e-07,8.499595456897627e-10,4.030251089261541,4.105495084600944,1
RANDOM_GATE_PLACEBO_REPO,condition_entry_with_recent_spike,condition_label,stable_low_dispersion,ex_post_descriptive,10,68970,4235,0.0638324566275581,80.15495874897937,80.17640200206843,-0.0214432530890664,0.0,0.0280611692839963,-3.37777028632964e-07,6.451101622160184e-10,3.98077030446554,4.126096098411006,1
CP_REPO_OPS_HG,condition_entry_with_recent_spike,condition_label,stable_low_dispersion,ex_post_descriptive,10,68970,4235,0.0638324566275581,80.15495874897937,80.1765002189778,-0.0215414699984248,0.0,0.029013009308377,-5.569984369614954e-07,3.1831741792221432e-09,10.366023124760224,6.930783982093456,2
CP_REPO_OPS_HG,top_5pct_random_gate,shuffled_perturbation_magnitude,stable_low_dispersion,ex_post_descriptive,10,68970,3428,0.0498110418438573,80.15495874897937,80.17726642656098,-0.0223076775816235,0.0,0.0217871587993296,-2.6196852046088284e-07,1.774934423767786e-09,7.045537635773362,7.187395300040267,1
RANDOM_GATE_PLACEBO_REPO,condition_cluster_entry_loose,condition_label,stable_low_dispersion,ex_post_descriptive,10,68970,8205,0.1245627630148818,80.15495874897937,80.17817465341406,-0.0232159044347118,0.0,0.0549129793307713,-4.033902126999967e-07,3.454359145329016e-09,4.056844602090867,4.093460639106897,3
SHUFFLED_LAG_PM_PLACEBO_REPO,top_10pct_random_gate,shuffled_perturbation_magnitude,stable_low_dispersion,ex_post_descriptive,10,68970,6937,0.1003175043976938,80.15495874897937,80.17836157023703,-0.023402821257663,0.0,0.0455712301474389,-3.4931835726225735e-08,1.1499024736745451e-09,4.386115804354324,4.153181691904574,3
CP_REPO_RECENT_SLOPE,top_5pct_random_gate,shuffled_perturbation_magnitude,stable_low_dispersion,ex_post_descriptive,10,68970,3451,0.0500152087788503,80.15495874897937,80.17992981307785,-0.0249710640984724,0.0,0.0233172384193942,-3.7966010569244224e-08,6.41306412989916e-11,5.444911299580211,4.592637097719626,5
RAW_CP_REPO_PLUS_PM,condition_entry_with_recent_spike,condition_label,stable_low_dispersion,ex_post_descriptive,10,68970,4235,0.0638324566275581,80.15495874897937,80.18321129432954,-0.0282525453501666,0.0,0.028059617742711,-4.386279852501438e-07,2.955146430922122e-09,5.677577780711947,5.7788846638732805,1
CP_REPO_GATED_RIDGE_OPS_C,top_10pct_random_gate,shuffled_perturbation_magnitude,stable_low_dispersion,ex_post_descriptive,10,68970,6963,0.1009335321375349,80.15495874897937,80.18321811595501,-0.0282593669756473,0.0,0.0461814487639201,-2.951346928676575e-07,2.3822034338675314e-09,5.162910283702036,4.928307307991328,1
CP_REPO_RECENT_SLOPE,top_10pct_random_gate,shuffled_perturbation_magnitude,stable_low_dispersion,ex_post_descriptive,10,68970,6937,0.1005882581524997,80.15495874897937,80.18442138353828,-0.0294626345589192,0.0,0.0473432604290257,-6.173125607924721e-09,4.933006503825271e-10,5.196859176637479,4.58253242570692,4
CP_REPO_HAAR_SHAPE,top_5pct_random_gate,shuffled_perturbation_magnitude,stable_low_dispersion,ex_post_descriptive,10,68970,3576,0.0518109538683669,80.15495874897937,80.18478743115594,-0.0298286821765781,0.0,0.0223228797067803,-3.0830959331436965e-07,2.2078903738717203e-09,6.104083934110177,6.062414824800462,1
CP_REPO_GATED_RIDGE_OPS_C,condition_cluster_entry_loose,condition_label,stable_low_dispersion,ex_post_descriptive,10,68970,8205,0.1245627630148818,80.15495874897937,80.19057873620723,-0.0356199872278552,0.0,0.055954909065612,-6.489886895061473e-07,6.350427444798851e-09,7.662085639969549,4.50766990643489,2
CP_REPO_HAAR_SHAPE,condition_entry_with_recent_spike,condition_label,stable_low_dispersion,ex_post_descriptive,10,68970,4235,0.0638324566275581,80.15495874897937,80.19119929117684,-0.0362405421974841,0.0,0.0282202653772633,-5.033633604759551e-07,2.8882312761114483e-09,6.133942935383141,6.059724709495489,1
CP_REPO_OPS_HG,condition_cluster_entry_loose,condition_label,stable_low_dispersion,ex_post_descriptive,10,68970,8205,0.1245627630148818,80.15495874897937,80.19317090582271,-0.03821215684334,0.0,0.0563871465048551,-1.0792655594470097e-06,7.608917239473298e-09,10.572636757428672,6.633740522576931,2
CP_REPO_HAAR_SHAPE,top_10pct_random_gate,shuffled_perturbation_magnitude,stable_low_dispersion,ex_post_descriptive,10,68970,7047,0.1020545679131664,80.15495874897937,80.19549051078924,-0.0405317618098636,0.0,0.0447790388745199,-6.152306009397853e-07,3.907388810739177e-09,6.069718031986524,6.051259678166589,2
SHUFFLED_LAG_PM_PLACEBO_REPO,top_20pct_random_gate,shuffled_perturbation_magnitude,stable_low_dispersion,ex_post_descriptive,10,68970,13780,0.1996046483007436,80.15495874897937,80.19839284989733,-0.0434341009179714,0.0,0.0897521392334364,-1.640544941793423e-07,2.004314822222664e-09,4.321561454755918,4.145596444654824,3
RAW_CP_REPO_PLUS_PM,top_5pct_random_gate,shuffled_perturbation_magnitude,stable_low_dispersion,ex_post_descriptive,10,68970,3427,0.0496356586913537,80.15495874897937,80.2048937465793,-0.0499349975999271,0.0,0.0207166555316931,-5.098880412023027e-07,-2.6572606581278826e-10,6.369024370038944,5.775892013865834,0
CP_REPO_OPS_HG,top_10pct_random_gate,shuffled_perturbation_magnitude,stable_low_dispersion,ex_post_descriptive,10,68970,6897,0.100227296954286,80.15495874897937,80.20779314804187,-0.0528343990625185,0.0,0.0443090328361121,-6.320731439902387e-07,3.2391222009544276e-09,7.418951895731736,7.186975134793174,1
RANDOM_GATE_PLACEBO_REPO,top_20pct_random_gate,shuffled_perturbation_magnitude,stable_low_dispersion,ex_post_descriptive,10,68970,13886,0.2010123158643476,80.15495874897937,80.20852649312341,-0.0535677441440637,0.0,0.0868380320027919,-7.119278761870911e-07,1.528704770029208e-09,4.095369470010869,4.098526161417949,1
CP_REPO_HAAR_SHAPE,condition_cluster_entry_loose,condition_label,stable_low_dispersion,ex_post_descriptive,10,68970,8205,0.1245627630148818,80.15495874897937,80.20967576064848,-0.0547170116691175,0.0,0.0547707103476107,-7.590368600684046e-07,6.765824495010351e-09,6.371041168011519,6.010453131509554,1
RAW_CP_REPO_PLUS_PM,condition_cluster_entry_loose,condition_label,stable_low_dispersion,ex_post_descriptive,10,68970,8205,0.1245627630148818,80.15495874897937,80.21084740396616,-0.0558886549868005,0.0,0.0543457906806441,-8.860617065500171e-07,4.572342886339452e-09,5.982125377858441,5.747580385475986,0
CP_REPO_GATED_RIDGE_OPS_C,top_20pct_random_gate,shuffled_perturbation_magnitude,stable_low_dispersion,ex_post_descriptive,10,68970,13862,0.2004574624255179,80.15495874897937,80.21198478613006,-0.0570260371506928,0.0,0.0916354558729865,-5.734375133087568e-07,4.240026383949597e-09,5.101185598919285,4.957583149952556,0
RAW_CP_REPO_PLUS_PM,top_10pct_random_gate,shuffled_perturbation_magnitude,stable_low_dispersion,ex_post_descriptive,10,68970,6826,0.0989132623789622,80.15495874897937,80.21356526501017,-0.058606516030816,0.0,0.04229061870554,-8.283192874241523e-07,7.117737811654865e-10,6.022767882681516,5.76302462256832,0
CP_REPO_GATED_RIDGE_OPS_C,validation_selected,prefix_validation_perturbation_magnitude,stable_low_dispersion,ex_post_descriptive,10,52776,4434,0.0803692524430557,80.15451159423891,80.21693203785594,-0.0624204436170271,0.0,0.0377810352858336,-7.966609561930972e-07,1.1730024605777131e-08,19.128526202752404,3.81921149389349,2
CP_REPO_GATED_RIDGE_OPS_C,top_30pct_random_gate,shuffled_perturbation_magnitude,stable_low_dispersion,ex_post_descriptive,10,68970,20752,0.3005348693120793,80.15495874897937,80.22150889155776,-0.0665501425783795,0.0,0.1365710254304153,-8.273687688031595e-07,5.2095310756424e-09,5.047348747562844,4.92737051194873,2
CP_REPO_GATED_RIDGE_OPS_C,top_5pct,perturbation_magnitude,stable_low_dispersion,ex_post_descriptive,10,68970,2561,0.0373706423091307,80.15495874897937,80.2229469307984,-0.0679881818190364,0.0,0.0171575564447059,-4.782277074921515e-07,8.644109396850782e-09,23.21414788898185,4.25849078102389,1
CP_REPO_OPS_HG,top_20pct_random_gate,shuffled_perturbation_magnitude,stable_low_dispersion,ex_post_descriptive,10,68970,13842,0.2006530700348086,80.15495874897937,80.22663884758796,-0.0716800986086075,0.0,0.0882448272280224,-1.087580774150135e-06,4.973527464773303e-09,7.21099804797956,7.14109608707304,2
CP_REPO_HAAR_SHAPE,top_20pct_random_gate,shuffled_perturbation_magnitude,stable_low_dispersion,ex_post_descriptive,10,68970,13783,0.1993769746019,80.15495874897937,80.23097616147257,-0.0760174124932073,0.0,0.087206251676987,-1.1492515307672826e-06,6.080439703998321e-09,6.096445980629678,6.033906849949579,1
CP_REPO_RECENT_SLOPE,top_20pct_random_gate,shuffled_perturbation_magnitude,stable_low_dispersion,ex_post_descriptive,10,68970,13842,0.200955931419981,80.15495874897937,80.2313438230259,-0.0763850740465413,0.0,0.0937432776439686,-6.112797715764821e-08,1.0395574511138571e-09,5.304886667696221,4.5612747506202975,3
SHUFFLED_LAG_PM_PLACEBO_REPO,top_30pct_random_gate,shuffled_perturbation_magnitude,stable_low_dispersion,ex_post_descriptive,10,68970,20669,0.299207331819856,80.15495874897937,80.23723305148596,-0.0822743025065897,0.0,0.1341030169223379,-3.350163112133202e-07,2.1073782766932376e-09,4.402907153314246,4.135921420691361,2
RANDOM_GATE_PLACEBO_REPO,validation_selected,prefix_validation_perturbation_magnitude,stable_low_dispersion,ex_post_descriptive,10,52776,3921,0.0713741510012632,80.15451159423891,80.23806054071079,-0.0835489464718593,0.0,0.0315093584312808,-6.898258284454263e-07,7.137482325579258e-09,21.184919170009305,2.987090734186684,2
RANDOM_GATE_PLACEBO_REPO,top_30pct_random_gate,shuffled_perturbation_magnitude,stable_low_dispersion,ex_post_descriptive,10,68970,20753,0.3004887670187161,80.15495874897937,80.24007719724003,-0.0851184482606688,0.0,0.1298582185794313,-1.0683661375508498e-06,2.1073712479069166e-09,4.108992447128109,4.10369042011374,0
RANDOM_GATE_PLACEBO_REPO,top_5pct,perturbation_magnitude,stable_low_dispersion,ex_post_descriptive,10,68970,3137,0.0455539191341663,80.15495874897937,80.2474025552775,-0.092443806298142,0.0,0.0199212460230415,-6.272761905272471e-07,5.621306543262563e-09,23.614480508172743,3.2092512440855407,1
CP_REPO_HAAR_SHAPE,top_5pct,perturbation_magnitude,stable_low_dispersion,ex_post_descriptive,10,68970,3236,0.0463199218013558,80.15495874897937,80.26267959028947,-0.1077208413100904,0.0,0.0208853278704314,-6.76317713053183e-07,1.3435314707446704e-08,27.504096918431127,5.043337988230332,1
RAW_CP_REPO_PLUS_PM,top_20pct_random_gate,shuffled_perturbation_magnitude,stable_low_dispersion,ex_post_descriptive,10,68970,13804,0.2002150228069023,80.15495874897937,80.2629497523156,-0.1079910033362353,0.0,0.0858315509175649,-1.6502092349028758e-06,1.894564590121311e-09,5.985428349839986,5.740837569551001,0
CP_REPO_OPS_HG,top_30pct_random_gate,shuffled_perturbation_magnitude,stable_low_dispersion,ex_post_descriptive,10,68970,20592,0.2985462031519877,80.15495874897937,80.26482860596522,-0.1098698569858634,0.0,0.131211890326992,-1.5841816663909563e-06,7.188977830533852e-09,7.2226072879205585,7.116363270877796,2
CP_REPO_RECENT_SLOPE,top_30pct_random_gate,shuffled_perturbation_magnitude,stable_low_dispersion,ex_post_descriptive,10,68970,20676,0.3000625700832858,80.15495874897937,80.26713449245126,-0.1121757434719016,0.0,0.1408801379546826,-1.0909608734634829e-07,1.931195173615927e-09,5.269793094435576,4.575259083323805,5
CP_REPO_HAAR_SHAPE,top_30pct_random_gate,shuffled_perturbation_magnitude,stable_low_dispersion,ex_post_descriptive,10,68970,20668,0.2993485902836173,80.15495874897937,80.2689862493555,-0.1140275003761437,0.0,0.1311279341046371,-1.5691901130043222e-06,9.66598364631029e-09,6.140459220178237,6.010277206567912,1
CP_REPO_GATED_RIDGE_OPS_C,top_10pct,perturbation_magnitude,stable_low_dispersion,ex_post_descriptive,10,68970,5729,0.0844656242401549,80.15495874897937,80.2747709604559,-0.1198122114765457,0.0,0.0382050509665147,-9.661536446778628e-07,1.0694222183818194e-08,18.80453210029456,3.7432422924494495,1
RANDOM_GATE_PLACEBO_REPO,top_10pct,perturbation_magnitude,stable_low_dispersion,ex_post_descriptive,10,68970,6456,0.094568607915418,80.15495874897937,80.27742163914363,-0.1224628901642642,0.0,0.0414189312788667,-1.0500059955905568e-06,7.2182639373636054e-09,17.70467586456969,2.710726944348246,0
CP_REPO_OPS_HG,top_5pct,perturbation_magnitude,stable_low_dispersion,ex_post_descriptive,10,68970,2974,0.0433657101897093,80.15495874897937,80.30155115873973,-0.1465924097603644,0.0,0.019036495533559,-1.4661967090645156e-06,1.3211760060121906e-08,26.28752843776716,6.4249881342796,1
CP_REPO_HAAR_SHAPE,validation_selected,prefix_validation_perturbation_magnitude,stable_low_dispersion,ex_post_descriptive,10,52776,6279,0.1138911276703161,80.15451159423891,80.30641684895512,-0.1519052547161957,0.0,0.049579977705094,-2.2571611593860365e-06,2.0946679096848453e-08,22.14469478743657,4.47009368043504,2
CP_REPO_GATED_RIDGE_OPS_C,top_20pct,perturbation_magnitude,stable_low_dispersion,ex_post_descriptive,10,68970,12857,0.1912757991175544,80.15495874897937,80.30737254075774,-0.1524137917783768,0.0,0.0853696348150886,-1.5613066931554388e-06,1.2007113146258128e-08,13.966884919563972,2.88965942509808,0
RANDOM_GATE_PLACEBO_REPO,top_20pct,perturbation_magnitude,stable_low_dispersion,ex_post_descriptive,10,68970,13405,0.1976954655898267,80.15495874897937,80.30749958512854,-0.1525408361491736,0.0,0.0868968175658488,-1.6188943607669148e-06,9.149479151456706e-09,12.439263473205198,2.0658195207266985,2
CP_REPO_HAAR_SHAPE,top_10pct,perturbation_magnitude,stable_low_dispersion,ex_post_descriptive,10,68970,6748,0.0980664234982807,80.15495874897937,80.32507929315463,-0.1701205441752559,0.0,0.0431364205243087,-1.687908604881304e-06,1.7512659005811324e-08,21.12413269391834,4.46352381777118,0
RANDOM_GATE_PLACEBO_REPO,top_30pct,perturbation_magnitude,stable_low_dispersion,ex_post_descriptive,10,68970,20628,0.3046257390335445,80.15495874897937,80.32934543527026,-0.1743866862908781,0.0,0.1327561521983062,-2.1022936774098496e-06,9.742759030845678e-09,9.691784147247004,1.612233242987482,1
CP_REPO_GATED_RIDGE_OPS_C,top_30pct,perturbation_magnitude,stable_low_dispersion,ex_post_descriptive,10,68970,20070,0.2991527153399489,80.15495874897937,80.332114799911,-0.1771560509316343,0.0,0.1331775703674744,-1.92716945308642e-06,1.3017260163101175e-08,11.422636868309407,2.267975477388979,2
CP_REPO_RECENT_SLOPE,top_5pct,perturbation_magnitude,stable_low_dispersion,ex_post_descriptive,10,68970,1845,0.0268112267754934,80.15495874897937,80.34586871196647,-0.1909099629871236,0.0,0.0118884020873349,-5.160038564937984e-07,6.656637435628883e-10,22.531654247856487,4.346084998243782,2
RAW_CP_REPO_PLUS_PM,top_30pct_random_gate,shuffled_perturbation_magnitude,stable_low_dispersion,ex_post_descriptive,10,68970,20775,0.3013002115866705,80.15495874897937,80.34618822017504,-0.1912294711956687,0.0,0.1279147673886633,-2.666802574796272e-06,2.6769959694135387e-09,6.008343142973514,5.764408177229004,0
RAW_CP_REPO_PLUS_PM,top_5pct,perturbation_magnitude,stable_low_dispersion,ex_post_descriptive,10,68970,3762,0.0543808362330335,80.15495874897937,80.35056168932348,-0.1956029403441357,0.0,0.0228384476131893,-1.5853939669381068e-06,8.753594083780591e-09,20.747477726177312,4.992291673366341,1
CP_REPO_OPS_HG,top_10pct,perturbation_magnitude,stable_low_dispersion,ex_post_descriptive,10,68970,6643,0.0976891030908342,80.15495874897937,80.35616642979173,-0.201207680812374,0.0,0.0434710353464142,-2.18610852670952e-06,1.727167782007711e-08,21.953929297872644,5.674986287983893,1
CP_REPO_OPS_HG,validation_selected,prefix_validation_perturbation_magnitude,stable_low_dispersion,ex_post_descriptive,10,52776,7467,0.1346670740870237,80.15451159423891,80.36757637018802,-0.2130647759490864,0.0,0.0597514386355792,-2.664160997420075e-06,1.9376580777035105e-08,20.543228555587483,5.462779008094088,1
SHUFFLED_LAG_PM_PLACEBO_REPO,top_20pct,perturbation_magnitude,stable_low_dispersion,ex_post_descriptive,10,68970,12853,0.1894838482714886,80.15495874897937,80.36907471890572,-0.2141159699263715,0.0,0.0880356096557185,-3.973424740700833e-07,3.175164121213492e-09,13.145652682480044,2.4906367502530773,1
RAW_CP_REPO_PLUS_PM,validation_selected,prefix_validation_perturbation_magnitude,stable_low_dispersion,ex_post_descriptive,10,52776,4475,0.0809067327557996,80.15451159423891,80.37106795484033,-0.2165563606014023,0.0,0.0339089961492689,-2.275736210874516e-06,1.1706624380483062e-08,18.40537362529785,4.776368225078808,2
SHUFFLED_LAG_PM_PLACEBO_REPO,top_30pct,perturbation_magnitude,stable_low_dispersion,ex_post_descriptive,10,68970,20307,0.3000774900869949,80.15495874897937,80.37585406184255,-0.2208953128631866,0.0,0.1372802738284798,-7.068709166427723e-07,3.7949039802427045e-09,10.18331039956409,2.020992781204809,1
SHUFFLED_LAG_PM_PLACEBO_REPO,validation_selected,prefix_validation_perturbation_magnitude,stable_low_dispersion,ex_post_descriptive,10,52776,9558,0.1832637454999052,80.15451159423891,80.37741419372578,-0.2229025994868647,0.0,0.0857968804719666,-1.495989959447681e-07,3.5557513200446197e-09,15.912216186476549,2.464688272785703,2
SHUFFLED_LAG_PM_PLACEBO_REPO,top_5pct,perturbation_magnitude,stable_low_dispersion,ex_post_descriptive,10,68970,2631,0.0380646591153744,80.15495874897937,80.38184687929434,-0.2268881303149768,0.0,0.0173290970428246,-2.273437626941179e-07,1.2410724425210123e-09,29.7015521252246,3.4993923545073717,0
CP_REPO_RECENT_SLOPE,top_10pct,perturbation_magnitude,stable_low_dispersion,ex_post_descriptive,10,68970,4314,0.0623781035272001,80.15495874897937,80.3866356781226,-0.2316769291432447,0.0,0.0281854814772372,-6.42961025816658e-07,1.3936446895346703e-09,17.435753981749198,4.094596564137066,1
SHUFFLED_LAG_PM_PLACEBO_REPO,top_10pct,perturbation_magnitude,stable_low_dispersion,ex_post_descriptive,10,68970,5713,0.0836708918303917,80.15495874897937,80.39112407372714,-0.2361653247477927,0.0,0.038070842281745,-4.0507116379975977e-07,1.4495893577323582e-09,19.80942551710003,3.1207888577163496,1
CP_REPO_RECENT_SLOPE,top_20pct,perturbation_magnitude,stable_low_dispersion,ex_post_descriptive,10,68970,9895,0.1428677333546012,80.15495874897937,80.41996191985643,-0.2650031708770649,0.0,0.0651491396204125,-8.089973950602917e-07,1.884999341975593e-09,13.563743197105214,3.5872103323672118,3
CP_REPO_RECENT_SLOPE,validation_selected,prefix_validation_perturbation_magnitude,stable_low_dispersion,ex_post_descriptive,10,52776,3521,0.0750090681015717,80.15451159423891,80.42255306454646,-0.2680414703075456,0.0,0.0331163626968926,-3.073922318714488e-07,1.779255749640663e-09,20.91976788501709,3.912927419536324,2
CP_REPO_HAAR_SHAPE,top_20pct,perturbation_magnitude,stable_low_dispersion,ex_post_descriptive,10,68970,14160,0.2081378578637212,80.15495874897937,80.42447765183415,-0.2695189028547758,0.0,0.0883884707599462,-3.383902586851748e-06,1.952184111144325e-08,15.435647737458012,3.625093907315277,1
CP_REPO_RECENT_SLOPE,top_30pct,perturbation_magnitude,stable_low_dispersion,ex_post_descriptive,10,68970,16148,0.2328717922083802,80.15495874897937,80.43636940549331,-0.2814106565139465,0.0,0.1068020559784062,-9.179312792186792e-07,2.2024793316965463e-09,11.348625732288074,3.120631496446438,3
CP_REPO_OPS_HG,top_20pct,perturbation_magnitude,stable_low_dispersion,ex_post_descriptive,10,68970,14417,0.2138341419221742,80.15495874897937,80.44347020521309,-0.288511456233729,0.0,0.0948822983507294,-3.326120669869232e-06,1.9071899112690522e-08,17.41253708141505,4.484129782069711,0
RAW_CP_REPO_PLUS_PM,top_10pct,perturbation_magnitude,stable_low_dispersion,ex_post_descriptive,10,68970,7900,0.1154832193566902,80.15495874897937,80.4584329103413,-0.3034741613619298,0.0,0.0466857280751967,-3.297721474536646e-06,9.632584521664922e-09,16.31848723197642,4.460376352340941,0
CP_REPO_HAAR_SHAPE,top_30pct,perturbation_magnitude,stable_low_dispersion,ex_post_descriptive,10,68970,21821,0.3216988421741211,80.15495874897937,80.49132540122642,-0.3363666522470522,0.0,0.1352372143743914,-4.512188947072306e-06,2.08568500695288e-08,12.596094345631068,2.959681725166203,0
CP_REPO_OPS_HG,top_30pct,perturbation_magnitude,stable_low_dispersion,ex_post_descriptive,10,68970,22108,0.328169610840613,80.15495874897937,80.51163828927847,-0.3566795402991062,0.0,0.1438008060362809,-4.460764918459771e-06,2.049821156298699e-08,14.639918275973605,3.5599986299624207,1
RAW_CP_REPO_PLUS_PM,top_20pct,perturbation_magnitude,stable_low_dispersion,ex_post_descriptive,10,68970,16308,0.2396188231425505,80.15495874897937,80.58819206713203,-0.4332333181526674,0.0,0.0959536375825711,-5.684962483845261e-06,1.1207807558695932e-08,12.613458369208448,3.638222612842646,0
RAW_CP_REPO_PLUS_PM,top_30pct,perturbation_magnitude,stable_low_dispersion,ex_post_descriptive,10,68970,24340,0.3585556308930613,80.15495874897937,80.67523854172495,-0.5202797927455813,0.0,0.1435948116523867,-7.1382459420186505e-06,1.279904887673957e-08,10.794007315021434,2.984710807096253,0
