feature_name,feature_family,source_model,n_lags,zero_block_sum_pass,max_abs_block_sum,global_weight_sum,global_level_sum_pass,block_sums_json,weights_json,asset,run_type,seed,prime_mode,laplacian_eigenvalue,diffusion_tau,model_role,component,pm_low_modes
PMCTR_k2_r0,OPS_R,CP_REPO_OPS_R,22,False,0.045454545454545456,0.0,True,"{""B1"": -0.045454545454545456, ""B2"": 0.045454545454545456, ""B3"": 0.0, ""B4"": 0.0}","[-0.045454545454545456, 0.045454545454545456, -0.045454545454545456, 0.045454545454545456, -0.045454545454545456, 0.045454545454545456, -0.045454545454545456, 0.045454545454545456, -0.045454545454545456, 0.045454545454545456, -0.045454545454545456, 0.045454545454545456, -0.045454545454545456, 0.045454545454545456, -0.045454545454545456, 0.045454545454545456, -0.045454545454545456, 0.045454545454545456, -0.045454545454545456, 0.045454545454545456, -0.045454545454545456, 0.045454545454545456]",AAPL,smoke,42,,,,,,
PMCTR_k2_r1,OPS_R,CP_REPO_OPS_R,22,False,0.045454545454545456,0.0,True,"{""B1"": 0.045454545454545456, ""B2"": -0.045454545454545456, ""B3"": 0.0, ""B4"": 0.0}","[0.045454545454545456, -0.045454545454545456, 0.045454545454545456, -0.045454545454545456, 0.045454545454545456, -0.045454545454545456, 0.045454545454545456, -0.045454545454545456, 0.045454545454545456, -0.045454545454545456, 0.045454545454545456, -0.045454545454545456, 0.045454545454545456, -0.045454545454545456, 0.045454545454545456, -0.045454545454545456, 0.045454545454545456, -0.045454545454545456, 0.045454545454545456, -0.045454545454545456, 0.045454545454545456, -0.045454545454545456]",AAPL,smoke,42,,,,,,
PMCTR_k3_r0,OPS_R,CP_REPO_OPS_R,22,False,0.08333333333333331,4.163336342344337e-17,True,"{""B1"": 0.005952380952380959, ""B2"": -0.08333333333333331, ""B3"": 0.011904761904761911, ""B4"": 0.0654761904761905}","[-0.041666666666666664, -0.047619047619047616, 0.09523809523809523, -0.041666666666666664, -0.047619047619047616, 0.09523809523809523, -0.041666666666666664, -0.047619047619047616, 0.09523809523809523, -0.041666666666666664, -0.047619047619047616, 0.09523809523809523, -0.041666666666666664, -0.047619047619047616, 0.09523809523809523, -0.041666666666666664, -0.047619047619047616, 0.09523809523809523, -0.041666666666666664, -0.047619047619047616, 0.09523809523809523, -0.041666666666666664]",AAPL,smoke,42,,,,,,
PMCTR_k3_r1,OPS_R,CP_REPO_OPS_R,22,False,0.023809523809523836,1.1102230246251565e-16,True,"{""B1"": -0.01190476190476189, ""B2"": 0.023809523809523836, ""B3"": -0.02380952380952378, ""B4"": 0.011904761904761946}","[0.08333333333333334, -0.047619047619047616, -0.047619047619047616, 0.08333333333333334, -0.047619047619047616, -0.047619047619047616, 0.08333333333333334, -0.047619047619047616, -0.047619047619047616, 0.08333333333333334, -0.047619047619047616, -0.047619047619047616, 0.08333333333333334, -0.047619047619047616, -0.047619047619047616, 0.08333333333333334, -0.047619047619047616, -0.047619047619047616, 0.08333333333333334, -0.047619047619047616, -0.047619047619047616, 0.08333333333333334]",AAPL,smoke,42,,,,,,
PMCTR_k3_r2,OPS_R,CP_REPO_OPS_R,22,False,0.07738095238095236,4.85722573273506e-17,True,"{""B1"": 0.005952380952380952, ""B2"": 0.05952380952380952, ""B3"": 0.011904761904761918, ""B4"": -0.07738095238095236}","[-0.041666666666666664, 0.09523809523809523, -0.047619047619047616, -0.041666666666666664, 0.09523809523809523, -0.047619047619047616, -0.041666666666666664, 0.09523809523809523, -0.047619047619047616, -0.041666666666666664, 0.09523809523809523, -0.047619047619047616, -0.041666666666666664, 0.09523809523809523, -0.047619047619047616, -0.041666666666666664, 0.09523809523809523, -0.047619047619047616, -0.041666666666666664, 0.09523809523809523, -0.047619047619047616, -0.041666666666666664]",AAPL,smoke,42,,,,,,
PMCTR_k5_r0,OPS_R,CP_REPO_OPS_R,22,False,0.14,5.551115123125783e-17,True,"{""B1"": -0.13, ""B2"": 0.020000000000000004, ""B3"": -0.03, ""B4"": 0.14}","[-0.04, -0.04, -0.05, -0.05, 0.2, -0.04, -0.04, -0.05, -0.05, 0.2, -0.04, -0.04, -0.05, -0.05, 0.2, -0.04, -0.04, -0.05, -0.05, 0.2, -0.04, -0.04]",AAPL,smoke,42,,,,,,
PMCTR_k5_r1,OPS_R,CP_REPO_OPS_R,22,False,0.08000000000000002,-6.938893903907228e-18,True,"{""B1"": 0.06999999999999999, ""B2"": -0.030000000000000006, ""B3"": -0.08000000000000002, ""B4"": 0.039999999999999994}","[0.16, -0.04, -0.05, -0.05, -0.05, 0.16, -0.04, -0.05, -0.05, -0.05, 0.16, -0.04, -0.05, -0.05, -0.05, 0.16, -0.04, -0.05, -0.05, -0.05, 0.16, -0.04]",AAPL,smoke,42,,,,,,
PMCTR_k5_r2,OPS_R,CP_REPO_OPS_R,22,False,0.08000000000000002,2.7755575615628914e-17,True,"{""B1"": 0.06999999999999999, ""B2"": -0.030000000000000013, ""B3"": -0.08000000000000002, ""B4"": 0.039999999999999994}","[-0.04, 0.16, -0.05, -0.05, -0.05, -0.04, 0.16, -0.05, -0.05, -0.05, -0.04, 0.16, -0.05, -0.05, -0.05, -0.04, 0.16, -0.05, -0.05, -0.05, -0.04, 0.16]",AAPL,smoke,42,,,,,,
PMCTR_k5_r3,OPS_R,CP_REPO_OPS_R,22,False,0.12000000000000001,5.551115123125783e-17,True,"{""B1"": 0.12000000000000001, ""B2"": 0.01999999999999999, ""B3"": -0.030000000000000013, ""B4"": -0.10999999999999999}","[-0.04, -0.04, 0.2, -0.05, -0.05, -0.04, -0.04, 0.2, -0.05, -0.05, -0.04, -0.04, 0.2, -0.05, -0.05, -0.04, -0.04, 0.2, -0.05, -0.05, -0.04, -0.04]",AAPL,smoke,42,,,,,,
PMCTR_k5_r4,OPS_R,CP_REPO_OPS_R,22,False,0.22000000000000003,2.7755575615628914e-17,True,"{""B1"": -0.13, ""B2"": 0.020000000000000004, ""B3"": 0.22000000000000003, ""B4"": -0.10999999999999997}","[-0.04, -0.04, -0.05, 0.2, -0.05, -0.04, -0.04, -0.05, 0.2, -0.05, -0.04, -0.04, -0.05, 0.2, -0.05, -0.04, -0.04, -0.05, 0.2, -0.05, -0.04, -0.04]",AAPL,smoke,42,,,,,,
RANDCTR_k2_r0,RANDOM_RESIDUES,RANDOM_RESIDUES_PLACEBO_REPO,22,False,0.13636363636363635,1.3877787807814457e-17,True,"{""B1"": -0.045454545454545456, ""B2"": 0.13636363636363635, ""B3"": 0.0, ""B4"": -0.09090909090909091}","[0.045454545454545456, -0.045454545454545456, -0.045454545454545456, 0.045454545454545456, 0.045454545454545456, 0.045454545454545456, 0.045454545454545456, -0.045454545454545456, 0.045454545454545456, -0.045454545454545456, 0.045454545454545456, -0.045454545454545456, 0.045454545454545456, -0.045454545454545456, -0.045454545454545456, -0.045454545454545456, -0.045454545454545456, -0.045454545454545456, -0.045454545454545456, 0.045454545454545456, 0.045454545454545456, 0.045454545454545456]",AAPL,smoke,42,,,,,,
RANDCTR_k2_r1,RANDOM_RESIDUES,RANDOM_RESIDUES_PLACEBO_REPO,22,False,0.13636363636363635,-1.3877787807814457e-17,True,"{""B1"": 0.045454545454545456, ""B2"": -0.13636363636363635, ""B3"": 0.0, ""B4"": 0.09090909090909091}","[-0.045454545454545456, 0.045454545454545456, 0.045454545454545456, -0.045454545454545456, -0.045454545454545456, -0.045454545454545456, -0.045454545454545456, 0.045454545454545456, -0.045454545454545456, 0.045454545454545456, -0.045454545454545456, 0.045454545454545456, -0.045454545454545456, 0.045454545454545456, 0.045454545454545456, 0.045454545454545456, 0.045454545454545456, 0.045454545454545456, 0.045454545454545456, -0.045454545454545456, -0.045454545454545456, -0.045454545454545456]",AAPL,smoke,42,,,,,,
RANDCTR_k3_r0,RANDOM_RESIDUES,RANDOM_RESIDUES_PLACEBO_REPO,22,False,0.2202380952380952,5.551115123125783e-17,True,"{""B1"": 0.1488095238095238, ""B2"": -0.07738095238095237, ""B3"": 0.1488095238095238, ""B4"": -0.2202380952380952}","[-0.041666666666666664, 0.09523809523809523, 0.09523809523809523, -0.041666666666666664, -0.047619047619047616, 0.09523809523809523, -0.041666666666666664, -0.041666666666666664, 0.09523809523809523, 0.09523809523809523, -0.047619047619047616, 0.09523809523809523, -0.047619047619047616, -0.041666666666666664, -0.041666666666666664, 0.09523809523809523, -0.041666666666666664, -0.047619047619047616, -0.047619047619047616, -0.041666666666666664, -0.047619047619047616, -0.047619047619047616]",AAPL,smoke,42,,,,,,
RANDCTR_k3_r1,RANDOM_RESIDUES,RANDOM_RESIDUES_PLACEBO_REPO,22,False,0.1547619047619048,1.1102230246251565e-16,True,"{""B1"": -0.01190476190476189, ""B2"": 0.1547619047619048, ""B3"": -0.15476190476190474, ""B4"": 0.011904761904761946}","[0.08333333333333334, -0.047619047619047616, -0.047619047619047616, 0.08333333333333334, -0.047619047619047616, -0.047619047619047616, 0.08333333333333334, 0.08333333333333334, -0.047619047619047616, -0.047619047619047616, -0.047619047619047616, -0.047619047619047616, -0.047619047619047616, 0.08333333333333334, 0.08333333333333334, -0.047619047619047616, 0.08333333333333334, -0.047619047619047616, -0.047619047619047616, 0.08333333333333334, -0.047619047619047616, -0.047619047619047616]",AAPL,smoke,42,,,,,,
RANDCTR_k3_r2,RANDOM_RESIDUES,RANDOM_RESIDUES_PLACEBO_REPO,22,False,0.20833333333333334,2.7755575615628914e-17,True,"{""B1"": -0.1369047619047619, ""B2"": -0.07738095238095238, ""B3"": 0.005952380952380952, ""B4"": 0.20833333333333334}","[-0.041666666666666664, -0.047619047619047616, -0.047619047619047616, -0.041666666666666664, 0.09523809523809523, -0.047619047619047616, -0.041666666666666664, -0.041666666666666664, -0.047619047619047616, -0.047619047619047616, 0.09523809523809523, -0.047619047619047616, 0.09523809523809523, -0.041666666666666664, -0.041666666666666664, -0.047619047619047616, -0.041666666666666664, 0.09523809523809523, 0.09523809523809523, -0.041666666666666664, 0.09523809523809523, 0.09523809523809523]",AAPL,smoke,42,,,,,,
RANDCTR_k5_r0,RANDOM_RESIDUES,RANDOM_RESIDUES_PLACEBO_REPO,22,False,0.24000000000000005,4.163336342344337e-17,True,"{""B1"": -0.14, ""B2"": -0.24000000000000005, ""B3"": 0.23, ""B4"": 0.15000000000000002}","[-0.05, -0.05, -0.04, -0.05, -0.05, -0.05, -0.04, -0.05, 0.2, -0.04, 0.2, -0.05, -0.04, -0.04, 0.2, -0.04, -0.04, -0.05, 0.2, -0.04, -0.04, -0.04]",AAPL,smoke,42,,,,,,
RANDCTR_k5_r1,RANDOM_RESIDUES,RANDOM_RESIDUES_PLACEBO_REPO,22,False,0.14,3.469446951953614e-17,True,"{""B1"": -0.14, ""B2"": -0.04000000000000002, ""B3"": 0.13, ""B4"": 0.04999999999999999}","[-0.05, -0.05, -0.04, -0.05, -0.05, -0.05, 0.16, -0.05, -0.05, 0.16, -0.05, -0.05, -0.04, 0.16, -0.05, -0.04, -0.04, -0.05, -0.05, 0.16, 0.16, -0.04]",AAPL,smoke,42,,,,,,
RANDCTR_k5_r2,RANDOM_RESIDUES,RANDOM_RESIDUES_PLACEBO_REPO,22,False,0.25,0.0,True,"{""B1"": 0.06, ""B2"": -0.24000000000000005, ""B3"": -0.07, ""B4"": 0.25}","[-0.05, -0.05, 0.16, -0.05, -0.05, -0.05, -0.04, -0.05, -0.05, -0.04, -0.05, -0.05, 0.16, -0.04, -0.05, 0.16, 0.16, -0.05, -0.05, -0.04, -0.04, 0.16]",AAPL,smoke,42,,,,,,
RANDCTR_k5_r3,RANDOM_RESIDUES,RANDOM_RESIDUES_PLACEBO_REPO,22,False,0.36000000000000004,9.71445146547012e-17,True,"{""B1"": 0.36000000000000004, ""B2"": 0.26, ""B3"": -0.27, ""B4"": -0.35}","[0.2, 0.2, -0.04, 0.2, -0.05, -0.05, -0.04, 0.2, -0.05, -0.04, -0.05, -0.05, -0.04, -0.04, -0.05, -0.04, -0.04, -0.05, -0.05, -0.04, -0.04, -0.04]",AAPL,smoke,42,,,,,,
RANDCTR_k5_r4,RANDOM_RESIDUES,RANDOM_RESIDUES_PLACEBO_REPO,22,False,0.26000000000000006,4.163336342344337e-17,True,"{""B1"": -0.14, ""B2"": 0.26000000000000006, ""B3"": -0.020000000000000004, ""B4"": -0.09999999999999998}","[-0.05, -0.05, -0.04, -0.05, 0.2, 0.2, -0.04, -0.05, -0.05, -0.04, -0.05, 0.2, -0.04, -0.04, -0.05, -0.04, -0.04, 0.2, -0.05, -0.04, -0.04, -0.04]",AAPL,smoke,42,,,,,,
SHUFCTR_k2_r0,SHUFFLED_PM,SHUFFLED_LAG_PM_PLACEBO_REPO,22,False,0.045454545454545456,-1.3877787807814457e-17,True,"{""B1"": 0.045454545454545456, ""B2"": -0.045454545454545456, ""B3"": 0.0, ""B4"": 0.0}","[0.045454545454545456, -0.045454545454545456, 0.045454545454545456, 0.045454545454545456, -0.045454545454545456, 0.045454545454545456, -0.045454545454545456, -0.045454545454545456, 0.045454545454545456, -0.045454545454545456, 0.045454545454545456, -0.045454545454545456, 0.045454545454545456, -0.045454545454545456, 0.045454545454545456, 0.045454545454545456, 0.045454545454545456, -0.045454545454545456, -0.045454545454545456, -0.045454545454545456, 0.045454545454545456, -0.045454545454545456]",AAPL,smoke,42,,,,,,
SHUFCTR_k2_r1,SHUFFLED_PM,SHUFFLED_LAG_PM_PLACEBO_REPO,22,False,0.045454545454545456,1.3877787807814457e-17,True,"{""B1"": -0.045454545454545456, ""B2"": 0.045454545454545456, ""B3"": 0.0, ""B4"": 0.0}","[-0.045454545454545456, 0.045454545454545456, -0.045454545454545456, -0.045454545454545456, 0.045454545454545456, -0.045454545454545456, 0.045454545454545456, 0.045454545454545456, -0.045454545454545456, 0.045454545454545456, -0.045454545454545456, 0.045454545454545456, -0.045454545454545456, 0.045454545454545456, -0.045454545454545456, -0.045454545454545456, -0.045454545454545456, 0.045454545454545456, 0.045454545454545456, 0.045454545454545456, -0.045454545454545456, 0.045454545454545456]",AAPL,smoke,42,,,,,,
SHUFCTR_k3_r0,SHUFFLED_PM,SHUFFLED_LAG_PM_PLACEBO_REPO,22,False,0.19642857142857142,2.7755575615628914e-17,True,"{""B1"": 0.011904761904761904, ""B2"": -0.08333333333333333, ""B3"": -0.12499999999999997, ""B4"": 0.19642857142857142}","[-0.041666666666666664, 0.09523809523809523, -0.041666666666666664, -0.047619047619047616, 0.09523809523809523, -0.041666666666666664, -0.047619047619047616, -0.041666666666666664, -0.047619047619047616, -0.041666666666666664, 0.09523809523809523, -0.041666666666666664, -0.047619047619047616, -0.041666666666666664, -0.047619047619047616, 0.09523809523809523, -0.041666666666666664, 0.09523809523809523, -0.047619047619047616, -0.047619047619047616, 0.09523809523809523, 0.09523809523809523]",AAPL,smoke,42,,,,,,
SHUFCTR_k3_r1,SHUFFLED_PM,SHUFFLED_LAG_PM_PLACEBO_REPO,22,False,0.24999999999999997,1.1102230246251565e-16,True,"{""B1"": 0.11904761904761907, ""B2"": 0.023809523809523836, ""B3"": 0.10714285714285718, ""B4"": -0.24999999999999997}","[0.08333333333333334, -0.047619047619047616, 0.08333333333333334, -0.047619047619047616, -0.047619047619047616, 0.08333333333333334, -0.047619047619047616, 0.08333333333333334, -0.047619047619047616, 0.08333333333333334, -0.047619047619047616, 0.08333333333333334, -0.047619047619047616, 0.08333333333333334, -0.047619047619047616, -0.047619047619047616, 0.08333333333333334, -0.047619047619047616, -0.047619047619047616, -0.047619047619047616, -0.047619047619047616, -0.047619047619047616]",AAPL,smoke,42,,,,,,
SHUFCTR_k3_r2,SHUFFLED_PM,SHUFFLED_LAG_PM_PLACEBO_REPO,22,False,0.13095238095238093,2.7755575615628914e-17,True,"{""B1"": -0.13095238095238093, ""B2"": 0.05952380952380953, ""B3"": 0.017857142857142856, ""B4"": 0.053571428571428575}","[-0.041666666666666664, -0.047619047619047616, -0.041666666666666664, 0.09523809523809523, -0.047619047619047616, -0.041666666666666664, 0.09523809523809523, -0.041666666666666664, 0.09523809523809523, -0.041666666666666664, -0.047619047619047616, -0.041666666666666664, 0.09523809523809523, -0.041666666666666664, 0.09523809523809523, -0.047619047619047616, -0.041666666666666664, -0.047619047619047616, 0.09523809523809523, 0.09523809523809523, -0.047619047619047616, -0.047619047619047616]",AAPL,smoke,42,,,,,,
SHUFCTR_k5_r0,SHUFFLED_PM,SHUFFLED_LAG_PM_PLACEBO_REPO,22,False,0.39,5.551115123125783e-17,True,"{""B1"": 0.11000000000000001, ""B2"": -0.23000000000000004, ""B3"": -0.26999999999999996, ""B4"": 0.39}","[-0.04, -0.05, 0.2, -0.05, -0.05, -0.05, -0.04, -0.04, -0.04, -0.05, -0.04, -0.05, -0.05, -0.04, 0.2, -0.05, -0.04, -0.04, 0.2, -0.04, -0.04, 0.2]",AAPL,smoke,42,,,,,,
SHUFCTR_k5_r1,SHUFFLED_PM,SHUFFLED_LAG_PM_PLACEBO_REPO,22,False,0.06999999999999998,-1.3877787807814457e-17,True,"{""B1"": 0.06, ""B2"": -0.03000000000000002, ""B3"": -0.06999999999999998, ""B4"": 0.039999999999999994}","[0.16, -0.05, -0.05, -0.05, -0.05, -0.05, 0.16, -0.04, -0.04, -0.05, -0.04, -0.05, -0.05, 0.16, -0.05, -0.05, -0.04, 0.16, -0.05, -0.04, 0.16, -0.05]",AAPL,smoke,42,,,,,,
SHUFCTR_k5_r2,SHUFFLED_PM,SHUFFLED_LAG_PM_PLACEBO_REPO,22,False,0.14,-6.938893903907228e-18,True,"{""B1"": -0.14, ""B2"": -0.030000000000000027, ""B3"": 0.13000000000000003, ""B4"": 0.039999999999999994}","[-0.04, -0.05, -0.05, -0.05, -0.05, -0.05, -0.04, 0.16, 0.16, -0.05, 0.16, -0.05, -0.05, -0.04, -0.05, -0.05, 0.16, -0.04, -0.05, 0.16, -0.04, -0.05]",AAPL,smoke,42,,,,,,
SHUFCTR_k5_r3,SHUFFLED_PM,SHUFFLED_LAG_PM_PLACEBO_REPO,22,False,0.11,-6.938893903907228e-18,True,"{""B1"": 0.11, ""B2"": 0.020000000000000018, ""B3"": -0.02000000000000001, ""B4"": -0.10999999999999997}","[-0.04, 0.2, -0.05, 0.2, -0.05, -0.05, -0.04, -0.04, -0.04, 0.2, -0.04, -0.05, -0.05, -0.04, -0.05, 0.2, -0.04, -0.04, -0.05, -0.04, -0.04, -0.05]",AAPL,smoke,42,,,,,,
SHUFCTR_k5_r4,SHUFFLED_PM,SHUFFLED_LAG_PM_PLACEBO_REPO,22,False,0.36,1.0408340855860843e-16,True,"{""B1"": -0.14, ""B2"": 0.2700000000000001, ""B3"": 0.23, ""B4"": -0.36}","[-0.04, -0.05, -0.05, -0.05, 0.2, 0.2, -0.04, -0.04, -0.04, -0.05, -0.04, 0.2, 0.2, -0.04, -0.05, -0.05, -0.04, -0.04, -0.05, -0.04, -0.04, -0.05]",AAPL,smoke,42,,,,,,
LRPM_B1_p2_r0,LRPM,CP_REPO_LRPM,22,True,1.1102230246251565e-16,1.1102230246251565e-16,True,"{""B1"": 1.1102230246251565e-16, ""B2"": 0.0, ""B3"": 0.0, ""B4"": 0.0}","[-0.3333333333333333, 0.6666666666666667, -0.3333333333333333, 0.0, 0.0, 0.0, 0.0, 0.0, 0.0, 0.0, 0.0, 0.0, 0.0, 0.0, 0.0, 0.0, 0.0, 0.0, 0.0, 0.0, 0.0, 0.0]",AAPL,smoke,42,,,,,,
LRPM_B1_p2_r1,LRPM,CP_REPO_LRPM,22,True,5.551115123125783e-17,5.551115123125783e-17,True,"{""B1"": 5.551115123125783e-17, ""B2"": 0.0, ""B3"": 0.0, ""B4"": 0.0}","[0.16666666666666669, -0.3333333333333333, 0.16666666666666669, 0.0, 0.0, 0.0, 0.0, 0.0, 0.0, 0.0, 0.0, 0.0, 0.0, 0.0, 0.0, 0.0, 0.0, 0.0, 0.0, 0.0, 0.0, 0.0]",AAPL,smoke,42,,,,,,
LRPM_B1_p3_r0,LRPM,CP_REPO_LRPM,22,True,1.1102230246251565e-16,1.1102230246251565e-16,True,"{""B1"": 1.1102230246251565e-16, ""B2"": 0.0, ""B3"": 0.0, ""B4"": 0.0}","[-0.3333333333333333, -0.3333333333333333, 0.6666666666666667, 0.0, 0.0, 0.0, 0.0, 0.0, 0.0, 0.0, 0.0, 0.0, 0.0, 0.0, 0.0, 0.0, 0.0, 0.0, 0.0, 0.0, 0.0, 0.0]",AAPL,smoke,42,,,,,,
LRPM_B1_p3_r1,LRPM,CP_REPO_LRPM,22,True,1.1102230246251565e-16,1.1102230246251565e-16,True,"{""B1"": 1.1102230246251565e-16, ""B2"": 0.0, ""B3"": 0.0, ""B4"": 0.0}","[0.6666666666666667, -0.3333333333333333, -0.3333333333333333, 0.0, 0.0, 0.0, 0.0, 0.0, 0.0, 0.0, 0.0, 0.0, 0.0, 0.0, 0.0, 0.0, 0.0, 0.0, 0.0, 0.0, 0.0, 0.0]",AAPL,smoke,42,,,,,,
LRPM_B1_p3_r2,LRPM,CP_REPO_LRPM,22,True,1.1102230246251565e-16,1.1102230246251565e-16,True,"{""B1"": 1.1102230246251565e-16, ""B2"": 0.0, ""B3"": 0.0, ""B4"": 0.0}","[-0.3333333333333333, 0.6666666666666667, -0.3333333333333333, 0.0, 0.0, 0.0, 0.0, 0.0, 0.0, 0.0, 0.0, 0.0, 0.0, 0.0, 0.0, 0.0, 0.0, 0.0, 0.0, 0.0, 0.0, 0.0]",AAPL,smoke,42,,,,,,
LRPM_B2_p2_r0,LRPM,CP_REPO_LRPM,22,True,5.551115123125783e-17,-5.551115123125783e-17,True,"{""B1"": 0.0, ""B2"": -5.551115123125783e-17, ""B3"": 0.0, ""B4"": 0.0}","[0.0, 0.0, 0.0, -0.2, 0.3, -0.2, 0.3, -0.2, 0.0, 0.0, 0.0, 0.0, 0.0, 0.0, 0.0, 0.0, 0.0, 0.0, 0.0, 0.0, 0.0, 0.0]",AAPL,smoke,42,,,,,,
LRPM_B2_p2_r1,LRPM,CP_REPO_LRPM,22,True,1.1102230246251565e-16,-1.1102230246251565e-16,True,"{""B1"": 0.0, ""B2"": -1.1102230246251565e-16, ""B3"": 0.0, ""B4"": 0.0}","[0.0, 0.0, 0.0, 0.1333333333333333, -0.2, 0.1333333333333333, -0.2, 0.1333333333333333, 0.0, 0.0, 0.0, 0.0, 0.0, 0.0, 0.0, 0.0, 0.0, 0.0, 0.0, 0.0, 0.0, 0.0]",AAPL,smoke,42,,,,,,
LRPM_B2_p3_r0,LRPM,CP_REPO_LRPM,22,True,0.0,5.551115123125783e-17,True,"{""B1"": 0.0, ""B2"": 0.0, ""B3"": 0.0, ""B4"": 0.0}","[0.0, 0.0, 0.0, -0.2, -0.2, 0.8, -0.2, -0.2, 0.0, 0.0, 0.0, 0.0, 0.0, 0.0, 0.0, 0.0, 0.0, 0.0, 0.0, 0.0, 0.0, 0.0]",AAPL,smoke,42,,,,,,
LRPM_B2_p3_r1,LRPM,CP_REPO_LRPM,22,True,5.551115123125783e-17,-5.551115123125783e-17,True,"{""B1"": 0.0, ""B2"": -5.551115123125783e-17, ""B3"": 0.0, ""B4"": 0.0}","[0.0, 0.0, 0.0, 0.3, -0.2, -0.2, 0.3, -0.2, 0.0, 0.0, 0.0, 0.0, 0.0, 0.0, 0.0, 0.0, 0.0, 0.0, 0.0, 0.0, 0.0, 0.0]",AAPL,smoke,42,,,,,,
LRPM_B2_p3_r2,LRPM,CP_REPO_LRPM,22,True,5.551115123125783e-17,-5.551115123125783e-17,True,"{""B1"": 0.0, ""B2"": -5.551115123125783e-17, ""B3"": 0.0, ""B4"": 0.0}","[0.0, 0.0, 0.0, -0.2, 0.3, -0.2, -0.2, 0.3, 0.0, 0.0, 0.0, 0.0, 0.0, 0.0, 0.0, 0.0, 0.0, 0.0, 0.0, 0.0, 0.0, 0.0]",AAPL,smoke,42,,,,,,
LRPM_B3_p2_r0,LRPM,CP_REPO_LRPM,22,True,0.0,0.0,True,"{""B1"": 0.0, ""B2"": 0.0, ""B3"": 0.0, ""B4"": 0.0}","[0.0, 0.0, 0.0, 0.0, 0.0, 0.0, 0.0, 0.0, -0.16666666666666666, 0.16666666666666666, -0.16666666666666666, 0.16666666666666666, -0.16666666666666666, 0.16666666666666666, 0.0, 0.0, 0.0, 0.0, 0.0, 0.0, 0.0, 0.0]",AAPL,smoke,42,,,,,,
LRPM_B3_p2_r1,LRPM,CP_REPO_LRPM,22,True,0.0,0.0,True,"{""B1"": 0.0, ""B2"": 0.0, ""B3"": 0.0, ""B4"": 0.0}","[0.0, 0.0, 0.0, 0.0, 0.0, 0.0, 0.0, 0.0, 0.16666666666666666, -0.16666666666666666, 0.16666666666666666, -0.16666666666666666, 0.16666666666666666, -0.16666666666666666, 0.0, 0.0, 0.0, 0.0, 0.0, 0.0, 0.0, 0.0]",AAPL,smoke,42,,,,,,
LRPM_B3_p3_r0,LRPM,CP_REPO_LRPM,22,True,1.1102230246251565e-16,1.1102230246251565e-16,True,"{""B1"": 0.0, ""B2"": 0.0, ""B3"": 1.1102230246251565e-16, ""B4"": 0.0}","[0.0, 0.0, 0.0, 0.0, 0.0, 0.0, 0.0, 0.0, -0.16666666666666666, -0.16666666666666666, 0.33333333333333337, -0.16666666666666666, -0.16666666666666666, 0.33333333333333337, 0.0, 0.0, 0.0, 0.0, 0.0, 0.0, 0.0, 0.0]",AAPL,smoke,42,,,,,,
LRPM_B3_p3_r1,LRPM,CP_REPO_LRPM,22,True,1.1102230246251565e-16,1.1102230246251565e-16,True,"{""B1"": 0.0, ""B2"": 0.0, ""B3"": 1.1102230246251565e-16, ""B4"": 0.0}","[0.0, 0.0, 0.0, 0.0, 0.0, 0.0, 0.0, 0.0, 0.33333333333333337, -0.16666666666666666, -0.16666666666666666, 0.33333333333333337, -0.16666666666666666, -0.16666666666666666, 0.0, 0.0, 0.0, 0.0, 0.0, 0.0, 0.0, 0.0]",AAPL,smoke,42,,,,,,
LRPM_B3_p3_r2,LRPM,CP_REPO_LRPM,22,True,1.1102230246251565e-16,1.1102230246251565e-16,True,"{""B1"": 0.0, ""B2"": 0.0, ""B3"": 1.1102230246251565e-16, ""B4"": 0.0}","[0.0, 0.0, 0.0, 0.0, 0.0, 0.0, 0.0, 0.0, -0.16666666666666666, 0.33333333333333337, -0.16666666666666666, -0.16666666666666666, 0.33333333333333337, -0.16666666666666666, 0.0, 0.0, 0.0, 0.0, 0.0, 0.0, 0.0, 0.0]",AAPL,smoke,42,,,,,,
LRPM_B4_p2_r0,LRPM,CP_REPO_LRPM,22,True,0.0,0.0,True,"{""B1"": 0.0, ""B2"": 0.0, ""B3"": 0.0, ""B4"": 0.0}","[0.0, 0.0, 0.0, 0.0, 0.0, 0.0, 0.0, 0.0, 0.0, 0.0, 0.0, 0.0, 0.0, 0.0, -0.125, 0.125, -0.125, 0.125, -0.125, 0.125, -0.125, 0.125]",AAPL,smoke,42,,,,,,
LRPM_B4_p2_r1,LRPM,CP_REPO_LRPM,22,True,0.0,0.0,True,"{""B1"": 0.0, ""B2"": 0.0, ""B3"": 0.0, ""B4"": 0.0}","[0.0, 0.0, 0.0, 0.0, 0.0, 0.0, 0.0, 0.0, 0.0, 0.0, 0.0, 0.0, 0.0, 0.0, 0.125, -0.125, 0.125, -0.125, 0.125, -0.125, 0.125, -0.125]",AAPL,smoke,42,,,,,,
LRPM_B4_p3_r0,LRPM,CP_REPO_LRPM,22,True,0.0,0.0,True,"{""B1"": 0.0, ""B2"": 0.0, ""B3"": 0.0, ""B4"": 0.0}","[0.0, 0.0, 0.0, 0.0, 0.0, 0.0, 0.0, 0.0, 0.0, 0.0, 0.0, 0.0, 0.0, 0.0, -0.125, -0.125, 0.375, -0.125, -0.125, 0.375, -0.125, -0.125]",AAPL,smoke,42,,,,,,
LRPM_B4_p3_r1,LRPM,CP_REPO_LRPM,22,True,5.551115123125783e-17,-5.551115123125783e-17,True,"{""B1"": 0.0, ""B2"": 0.0, ""B3"": 0.0, ""B4"": -5.551115123125783e-17}","[0.0, 0.0, 0.0, 0.0, 0.0, 0.0, 0.0, 0.0, 0.0, 0.0, 0.0, 0.0, 0.0, 0.0, 0.20833333333333331, -0.125, -0.125, 0.20833333333333331, -0.125, -0.125, 0.20833333333333331, -0.125]",AAPL,smoke,42,,,,,,
LRPM_B4_p3_r2,LRPM,CP_REPO_LRPM,22,True,5.551115123125783e-17,-5.551115123125783e-17,True,"{""B1"": 0.0, ""B2"": 0.0, ""B3"": 0.0, ""B4"": -5.551115123125783e-17}","[0.0, 0.0, 0.0, 0.0, 0.0, 0.0, 0.0, 0.0, 0.0, 0.0, 0.0, 0.0, 0.0, 0.0, -0.125, 0.20833333333333331, -0.125, -0.125, 0.20833333333333331, -0.125, -0.125, 0.20833333333333331]",AAPL,smoke,42,,,,,,
LRPM_B4_p5_r0,LRPM,CP_REPO_LRPM,22,True,0.0,0.0,True,"{""B1"": 0.0, ""B2"": 0.0, ""B3"": 0.0, ""B4"": 0.0}","[0.0, 0.0, 0.0, 0.0, 0.0, 0.0, 0.0, 0.0, 0.0, 0.0, 0.0, 0.0, 0.0, 0.0, -0.125, -0.125, -0.125, -0.125, 0.875, -0.125, -0.125, -0.125]",AAPL,smoke,42,,,,,,
LRPM_B4_p5_r1,LRPM,CP_REPO_LRPM,22,True,0.0,0.0,True,"{""B1"": 0.0, ""B2"": 0.0, ""B3"": 0.0, ""B4"": 0.0}","[0.0, 0.0, 0.0, 0.0, 0.0, 0.0, 0.0, 0.0, 0.0, 0.0, 0.0, 0.0, 0.0, 0.0, 0.375, -0.125, -0.125, -0.125, -0.125, 0.375, -0.125, -0.125]",AAPL,smoke,42,,,,,,
LRPM_B4_p5_r2,LRPM,CP_REPO_LRPM,22,True,0.0,0.0,True,"{""B1"": 0.0, ""B2"": 0.0, ""B3"": 0.0, ""B4"": 0.0}","[0.0, 0.0, 0.0, 0.0, 0.0, 0.0, 0.0, 0.0, 0.0, 0.0, 0.0, 0.0, 0.0, 0.0, -0.125, 0.375, -0.125, -0.125, -0.125, -0.125, 0.375, -0.125]",AAPL,smoke,42,,,,,,
LRPM_B4_p5_r3,LRPM,CP_REPO_LRPM,22,True,0.0,0.0,True,"{""B1"": 0.0, ""B2"": 0.0, ""B3"": 0.0, ""B4"": 0.0}","[0.0, 0.0, 0.0, 0.0, 0.0, 0.0, 0.0, 0.0, 0.0, 0.0, 0.0, 0.0, 0.0, 0.0, -0.125, -0.125, 0.375, -0.125, -0.125, -0.125, -0.125, 0.375]",AAPL,smoke,42,,,,,,
LRPM_B4_p5_r4,LRPM,CP_REPO_LRPM,22,True,0.0,0.0,True,"{""B1"": 0.0, ""B2"": 0.0, ""B3"": 0.0, ""B4"": 0.0}","[0.0, 0.0, 0.0, 0.0, 0.0, 0.0, 0.0, 0.0, 0.0, 0.0, 0.0, 0.0, 0.0, 0.0, -0.125, -0.125, -0.125, 0.875, -0.125, -0.125, -0.125, -0.125]",AAPL,smoke,42,,,,,,
RSLOPE_B1,RECENT_SLOPE,CP_REPO_RECENT_SLOPE,22,True,0.0,0.0,True,"{""B1"": 0.0, ""B2"": 0.0, ""B3"": 0.0, ""B4"": 0.0}","[1.0, -0.5, -0.5, 0.0, 0.0, 0.0, 0.0, 0.0, 0.0, 0.0, 0.0, 0.0, 0.0, 0.0, 0.0, 0.0, 0.0, 0.0, 0.0, 0.0, 0.0, 0.0]",AAPL,smoke,42,,,,,,
RSLOPE_B2,RECENT_SLOPE,CP_REPO_RECENT_SLOPE,22,True,1.1102230246251565e-16,5.551115123125783e-17,True,"{""B1"": 0.0, ""B2"": 1.1102230246251565e-16, ""B3"": 0.0, ""B4"": 0.0}","[0.0, 0.0, 0.0, 0.5, 0.5, -0.3333333333333333, -0.3333333333333333, -0.3333333333333333, 0.0, 0.0, 0.0, 0.0, 0.0, 0.0, 0.0, 0.0, 0.0, 0.0, 0.0, 0.0, 0.0, 0.0]",AAPL,smoke,42,,,,,,
HAAR_B1_R,HAAR,CP_REPO_HAAR_SHAPE,22,True,0.0,0.0,True,"{""B1"": 0.0, ""B2"": 0.0, ""B3"": 0.0, ""B4"": 0.0}","[1.0, -0.5, -0.5, 0.0, 0.0, 0.0, 0.0, 0.0, 0.0, 0.0, 0.0, 0.0, 0.0, 0.0, 0.0, 0.0, 0.0, 0.0, 0.0, 0.0, 0.0, 0.0]",AAPL,smoke,42,,,,,,
HAAR_B1_RR,HAAR,CP_REPO_HAAR_SHAPE,22,True,0.0,0.0,True,"{""B1"": 0.0, ""B2"": 0.0, ""B3"": 0.0, ""B4"": 0.0}","[0.0, 1.0, -1.0, 0.0, 0.0, 0.0, 0.0, 0.0, 0.0, 0.0, 0.0, 0.0, 0.0, 0.0, 0.0, 0.0, 0.0, 0.0, 0.0, 0.0, 0.0, 0.0]",AAPL,smoke,42,,,,,,
HAAR_B2_R,HAAR,CP_REPO_HAAR_SHAPE,22,True,1.1102230246251565e-16,5.551115123125783e-17,True,"{""B1"": 0.0, ""B2"": 1.1102230246251565e-16, ""B3"": 0.0, ""B4"": 0.0}","[0.0, 0.0, 0.0, 0.5, 0.5, -0.3333333333333333, -0.3333333333333333, -0.3333333333333333, 0.0, 0.0, 0.0, 0.0, 0.0, 0.0, 0.0, 0.0, 0.0, 0.0, 0.0, 0.0, 0.0, 0.0]",AAPL,smoke,42,,,,,,
HAAR_B2_RL,HAAR,CP_REPO_HAAR_SHAPE,22,True,0.0,0.0,True,"{""B1"": 0.0, ""B2"": 0.0, ""B3"": 0.0, ""B4"": 0.0}","[0.0, 0.0, 0.0, 1.0, -1.0, 0.0, 0.0, 0.0, 0.0, 0.0, 0.0, 0.0, 0.0, 0.0, 0.0, 0.0, 0.0, 0.0, 0.0, 0.0, 0.0, 0.0]",AAPL,smoke,42,,,,,,
HAAR_B2_RR,HAAR,CP_REPO_HAAR_SHAPE,22,True,0.0,0.0,True,"{""B1"": 0.0, ""B2"": 0.0, ""B3"": 0.0, ""B4"": 0.0}","[0.0, 0.0, 0.0, 0.0, 0.0, 1.0, -0.5, -0.5, 0.0, 0.0, 0.0, 0.0, 0.0, 0.0, 0.0, 0.0, 0.0, 0.0, 0.0, 0.0, 0.0, 0.0]",AAPL,smoke,42,,,,,,
HAAR_B2_RRR,HAAR,CP_REPO_HAAR_SHAPE,22,True,0.0,0.0,True,"{""B1"": 0.0, ""B2"": 0.0, ""B3"": 0.0, ""B4"": 0.0}","[0.0, 0.0, 0.0, 0.0, 0.0, 0.0, 1.0, -1.0, 0.0, 0.0, 0.0, 0.0, 0.0, 0.0, 0.0, 0.0, 0.0, 0.0, 0.0, 0.0, 0.0, 0.0]",AAPL,smoke,42,,,,,,
HAAR_B3_R,HAAR,CP_REPO_HAAR_SHAPE,22,True,1.1102230246251565e-16,0.0,True,"{""B1"": 0.0, ""B2"": 0.0, ""B3"": 1.1102230246251565e-16, ""B4"": 0.0}","[0.0, 0.0, 0.0, 0.0, 0.0, 0.0, 0.0, 0.0, 0.3333333333333333, 0.3333333333333333, 0.3333333333333333, -0.3333333333333333, -0.3333333333333333, -0.3333333333333333, 0.0, 0.0, 0.0, 0.0, 0.0, 0.0, 0.0, 0.0]",AAPL,smoke,42,,,,,,
HAAR_B3_RL,HAAR,CP_REPO_HAAR_SHAPE,22,True,0.0,0.0,True,"{""B1"": 0.0, ""B2"": 0.0, ""B3"": 0.0, ""B4"": 0.0}","[0.0, 0.0, 0.0, 0.0, 0.0, 0.0, 0.0, 0.0, 1.0, -0.5, -0.5, 0.0, 0.0, 0.0, 0.0, 0.0, 0.0, 0.0, 0.0, 0.0, 0.0, 0.0]",AAPL,smoke,42,,,,,,
HAAR_B3_RLR,HAAR,CP_REPO_HAAR_SHAPE,22,True,0.0,0.0,True,"{""B1"": 0.0, ""B2"": 0.0, ""B3"": 0.0, ""B4"": 0.0}","[0.0, 0.0, 0.0, 0.0, 0.0, 0.0, 0.0, 0.0, 0.0, 1.0, -1.0, 0.0, 0.0, 0.0, 0.0, 0.0, 0.0, 0.0, 0.0, 0.0, 0.0, 0.0]",AAPL,smoke,42,,,,,,
HAAR_B3_RR,HAAR,CP_REPO_HAAR_SHAPE,22,True,0.0,0.0,True,"{""B1"": 0.0, ""B2"": 0.0, ""B3"": 0.0, ""B4"": 0.0}","[0.0, 0.0, 0.0, 0.0, 0.0, 0.0, 0.0, 0.0, 0.0, 0.0, 0.0, 1.0, -0.5, -0.5, 0.0, 0.0, 0.0, 0.0, 0.0, 0.0, 0.0, 0.0]",AAPL,smoke,42,,,,,,
HAAR_B3_RRR,HAAR,CP_REPO_HAAR_SHAPE,22,True,0.0,0.0,True,"{""B1"": 0.0, ""B2"": 0.0, ""B3"": 0.0, ""B4"": 0.0}","[0.0, 0.0, 0.0, 0.0, 0.0, 0.0, 0.0, 0.0, 0.0, 0.0, 0.0, 0.0, 1.0, -1.0, 0.0, 0.0, 0.0, 0.0, 0.0, 0.0, 0.0, 0.0]",AAPL,smoke,42,,,,,,
HAAR_B4_R,HAAR,CP_REPO_HAAR_SHAPE,22,True,0.0,0.0,True,"{""B1"": 0.0, ""B2"": 0.0, ""B3"": 0.0, ""B4"": 0.0}","[0.0, 0.0, 0.0, 0.0, 0.0, 0.0, 0.0, 0.0, 0.0, 0.0, 0.0, 0.0, 0.0, 0.0, 0.25, 0.25, 0.25, 0.25, -0.25, -0.25, -0.25, -0.25]",AAPL,smoke,42,,,,,,
HAAR_B4_RL,HAAR,CP_REPO_HAAR_SHAPE,22,True,0.0,0.0,True,"{""B1"": 0.0, ""B2"": 0.0, ""B3"": 0.0, ""B4"": 0.0}","[0.0, 0.0, 0.0, 0.0, 0.0, 0.0, 0.0, 0.0, 0.0, 0.0, 0.0, 0.0, 0.0, 0.0, 0.5, 0.5, -0.5, -0.5, 0.0, 0.0, 0.0, 0.0]",AAPL,smoke,42,,,,,,
HAAR_B4_RLL,HAAR,CP_REPO_HAAR_SHAPE,22,True,0.0,0.0,True,"{""B1"": 0.0, ""B2"": 0.0, ""B3"": 0.0, ""B4"": 0.0}","[0.0, 0.0, 0.0, 0.0, 0.0, 0.0, 0.0, 0.0, 0.0, 0.0, 0.0, 0.0, 0.0, 0.0, 1.0, -1.0, 0.0, 0.0, 0.0, 0.0, 0.0, 0.0]",AAPL,smoke,42,,,,,,
HAAR_B4_RLR,HAAR,CP_REPO_HAAR_SHAPE,22,True,0.0,0.0,True,"{""B1"": 0.0, ""B2"": 0.0, ""B3"": 0.0, ""B4"": 0.0}","[0.0, 0.0, 0.0, 0.0, 0.0, 0.0, 0.0, 0.0, 0.0, 0.0, 0.0, 0.0, 0.0, 0.0, 0.0, 0.0, 1.0, -1.0, 0.0, 0.0, 0.0, 0.0]",AAPL,smoke,42,,,,,,
HAAR_B4_RR,HAAR,CP_REPO_HAAR_SHAPE,22,True,0.0,0.0,True,"{""B1"": 0.0, ""B2"": 0.0, ""B3"": 0.0, ""B4"": 0.0}","[0.0, 0.0, 0.0, 0.0, 0.0, 0.0, 0.0, 0.0, 0.0, 0.0, 0.0, 0.0, 0.0, 0.0, 0.0, 0.0, 0.0, 0.0, 0.5, 0.5, -0.5, -0.5]",AAPL,smoke,42,,,,,,
HAAR_B4_RRL,HAAR,CP_REPO_HAAR_SHAPE,22,True,0.0,0.0,True,"{""B1"": 0.0, ""B2"": 0.0, ""B3"": 0.0, ""B4"": 0.0}","[0.0, 0.0, 0.0, 0.0, 0.0, 0.0, 0.0, 0.0, 0.0, 0.0, 0.0, 0.0, 0.0, 0.0, 0.0, 0.0, 0.0, 0.0, 1.0, -1.0, 0.0, 0.0]",AAPL,smoke,42,,,,,,
HAAR_B4_RRR,HAAR,CP_REPO_HAAR_SHAPE,22,True,0.0,0.0,True,"{""B1"": 0.0, ""B2"": 0.0, ""B3"": 0.0, ""B4"": 0.0}","[0.0, 0.0, 0.0, 0.0, 0.0, 0.0, 0.0, 0.0, 0.0, 0.0, 0.0, 0.0, 0.0, 0.0, 0.0, 0.0, 0.0, 0.0, 0.0, 0.0, 1.0, -1.0]",AAPL,smoke,42,,,,,,
OPSC_B1_q2_c1,OPS_C,CP_REPO_OPS_C,22,True,0.0,0.0,True,"{""B1"": 0.0, ""B2"": 0.0, ""B3"": 0.0, ""B4"": 0.0}","[0.35355339059327373, 0.35355339059327373, -0.7071067811865475, 0.0, 0.0, 0.0, 0.0, 0.0, 0.0, 0.0, 0.0, 0.0, 0.0, 0.0, 0.0, 0.0, 0.0, 0.0, 0.0, 0.0, 0.0, 0.0]",AAPL,smoke,42,,,,,,
OPSC_B1_q3_c1,OPS_C,CP_REPO_OPS_C,22,True,0.0,0.0,True,"{""B1"": 0.0, ""B2"": 0.0, ""B3"": 0.0, ""B4"": 0.0}","[0.7071067811865475, -0.7071067811865475, 0.0, 0.0, 0.0, 0.0, 0.0, 0.0, 0.0, 0.0, 0.0, 0.0, 0.0, 0.0, 0.0, 0.0, 0.0, 0.0, 0.0, 0.0, 0.0, 0.0]",AAPL,smoke,42,,,,,,
OPSC_B1_q3_c2,OPS_C,CP_REPO_OPS_C,22,True,0.0,0.0,True,"{""B1"": 0.0, ""B2"": 0.0, ""B3"": 0.0, ""B4"": 0.0}","[0.4082482904638631, 0.4082482904638631, -0.8164965809277261, 0.0, 0.0, 0.0, 0.0, 0.0, 0.0, 0.0, 0.0, 0.0, 0.0, 0.0, 0.0, 0.0, 0.0, 0.0, 0.0, 0.0, 0.0, 0.0]",AAPL,smoke,42,,,,,,
OPSC_B2_q2_c1,OPS_C,CP_REPO_OPS_C,22,True,0.0,-2.7755575615628914e-17,True,"{""B1"": 0.0, ""B2"": 0.0, ""B3"": 0.0, ""B4"": 0.0}","[0.0, 0.0, 0.0, 0.2357022603955158, 0.2357022603955158, 0.2357022603955158, -0.35355339059327373, -0.35355339059327373, 0.0, 0.0, 0.0, 0.0, 0.0, 0.0, 0.0, 0.0, 0.0, 0.0, 0.0, 0.0, 0.0, 0.0]",AAPL,smoke,42,,,,,,
OPSC_B2_q3_c1,OPS_C,CP_REPO_OPS_C,22,True,0.0,0.0,True,"{""B1"": 0.0, ""B2"": 0.0, ""B3"": 0.0, ""B4"": 0.0}","[0.0, 0.0, 0.0, 0.35355339059327373, 0.35355339059327373, -0.35355339059327373, -0.35355339059327373, 0.0, 0.0, 0.0, 0.0, 0.0, 0.0, 0.0, 0.0, 0.0, 0.0, 0.0, 0.0, 0.0, 0.0, 0.0]",AAPL,smoke,42,,,,,,
OPSC_B2_q3_c2,OPS_C,CP_REPO_OPS_C,22,True,0.0,2.7755575615628914e-17,True,"{""B1"": 0.0, ""B2"": 0.0, ""B3"": 0.0, ""B4"": 0.0}","[0.0, 0.0, 0.0, 0.20412414523193154, 0.20412414523193154, 0.20412414523193154, 0.20412414523193154, -0.8164965809277261, 0.0, 0.0, 0.0, 0.0, 0.0, 0.0, 0.0, 0.0, 0.0, 0.0, 0.0, 0.0, 0.0, 0.0]",AAPL,smoke,42,,,,,,
OPSC_B2_q5_c1,OPS_C,CP_REPO_OPS_C,22,True,0.0,0.0,True,"{""B1"": 0.0, ""B2"": 0.0, ""B3"": 0.0, ""B4"": 0.0}","[0.0, 0.0, 0.0, 0.7071067811865475, -0.7071067811865475, 0.0, 0.0, 0.0, 0.0, 0.0, 0.0, 0.0, 0.0, 0.0, 0.0, 0.0, 0.0, 0.0, 0.0, 0.0, 0.0, 0.0]",AAPL,smoke,42,,,,,,
OPSC_B2_q5_c2,OPS_C,CP_REPO_OPS_C,22,True,0.0,0.0,True,"{""B1"": 0.0, ""B2"": 0.0, ""B3"": 0.0, ""B4"": 0.0}","[0.0, 0.0, 0.0, 0.4082482904638631, 0.4082482904638631, -0.8164965809277261, 0.0, 0.0, 0.0, 0.0, 0.0, 0.0, 0.0, 0.0, 0.0, 0.0, 0.0, 0.0, 0.0, 0.0, 0.0, 0.0]",AAPL,smoke,42,,,,,,
OPSC_B2_q5_c3,OPS_C,CP_REPO_OPS_C,22,True,1.1102230246251565e-16,-1.1102230246251565e-16,True,"{""B1"": 0.0, ""B2"": -1.1102230246251565e-16, ""B3"": 0.0, ""B4"": 0.0}","[0.0, 0.0, 0.0, 0.28867513459481287, 0.28867513459481287, 0.28867513459481287, -0.8660254037844387, 0.0, 0.0, 0.0, 0.0, 0.0, 0.0, 0.0, 0.0, 0.0, 0.0, 0.0, 0.0, 0.0, 0.0, 0.0]",AAPL,smoke,42,,,,,,
OPSC_B2_q5_c4,OPS_C,CP_REPO_OPS_C,22,True,0.0,-2.7755575615628914e-17,True,"{""B1"": 0.0, ""B2"": 0.0, ""B3"": 0.0, ""B4"": 0.0}","[0.0, 0.0, 0.0, 0.22360679774997896, 0.22360679774997896, 0.22360679774997896, 0.22360679774997896, -0.8944271909999159, 0.0, 0.0, 0.0, 0.0, 0.0, 0.0, 0.0, 0.0, 0.0, 0.0, 0.0, 0.0, 0.0, 0.0]",AAPL,smoke,42,,,,,,
OPSC_B3_q2_c1,OPS_C,CP_REPO_OPS_C,22,True,5.551115123125783e-17,0.0,True,"{""B1"": 0.0, ""B2"": 0.0, ""B3"": 5.551115123125783e-17, ""B4"": 0.0}","[0.0, 0.0, 0.0, 0.0, 0.0, 0.0, 0.0, 0.0, 0.2357022603955158, 0.2357022603955158, 0.2357022603955158, -0.2357022603955158, -0.2357022603955158, -0.2357022603955158, 0.0, 0.0, 0.0, 0.0, 0.0, 0.0, 0.0, 0.0]",AAPL,smoke,42,,,,,,
OPSC_B3_q3_c1,OPS_C,CP_REPO_OPS_C,22,True,0.0,0.0,True,"{""B1"": 0.0, ""B2"": 0.0, ""B3"": 0.0, ""B4"": 0.0}","[0.0, 0.0, 0.0, 0.0, 0.0, 0.0, 0.0, 0.0, 0.35355339059327373, 0.35355339059327373, -0.35355339059327373, -0.35355339059327373, 0.0, 0.0, 0.0, 0.0, 0.0, 0.0, 0.0, 0.0, 0.0, 0.0]",AAPL,smoke,42,,,,,,
OPSC_B3_q3_c2,OPS_C,CP_REPO_OPS_C,22,True,0.0,0.0,True,"{""B1"": 0.0, ""B2"": 0.0, ""B3"": 0.0, ""B4"": 0.0}","[0.0, 0.0, 0.0, 0.0, 0.0, 0.0, 0.0, 0.0, 0.20412414523193154, 0.20412414523193154, 0.20412414523193154, 0.20412414523193154, -0.4082482904638631, -0.4082482904638631, 0.0, 0.0, 0.0, 0.0, 0.0, 0.0, 0.0, 0.0]",AAPL,smoke,42,,,,,,
OPSC_B3_q5_c1,OPS_C,CP_REPO_OPS_C,22,True,0.0,0.0,True,"{""B1"": 0.0, ""B2"": 0.0, ""B3"": 0.0, ""B4"": 0.0}","[0.0, 0.0, 0.0, 0.0, 0.0, 0.0, 0.0, 0.0, 0.35355339059327373, 0.35355339059327373, -0.7071067811865475, 0.0, 0.0, 0.0, 0.0, 0.0, 0.0, 0.0, 0.0, 0.0, 0.0, 0.0]",AAPL,smoke,42,,,,,,
OPSC_B3_q5_c2,OPS_C,CP_REPO_OPS_C,22,True,0.0,0.0,True,"{""B1"": 0.0, ""B2"": 0.0, ""B3"": 0.0, ""B4"": 0.0}","[0.0, 0.0, 0.0, 0.0, 0.0, 0.0, 0.0, 0.0, 0.20412414523193154, 0.20412414523193154, 0.4082482904638631, -0.8164965809277261, 0.0, 0.0, 0.0, 0.0, 0.0, 0.0, 0.0, 0.0, 0.0, 0.0]",AAPL,smoke,42,,,,,,
OPSC_B3_q5_c3,OPS_C,CP_REPO_OPS_C,22,True,1.1102230246251565e-16,-1.1102230246251565e-16,True,"{""B1"": 0.0, ""B2"": 0.0, ""B3"": -1.1102230246251565e-16, ""B4"": 0.0}","[0.0, 0.0, 0.0, 0.0, 0.0, 0.0, 0.0, 0.0, 0.14433756729740643, 0.14433756729740643, 0.28867513459481287, 0.28867513459481287, -0.8660254037844387, 0.0, 0.0, 0.0, 0.0, 0.0, 0.0, 0.0, 0.0, 0.0]",AAPL,smoke,42,,,,,,
OPSC_B3_q5_c4,OPS_C,CP_REPO_OPS_C,22,True,0.0,0.0,True,"{""B1"": 0.0, ""B2"": 0.0, ""B3"": 0.0, ""B4"": 0.0}","[0.0, 0.0, 0.0, 0.0, 0.0, 0.0, 0.0, 0.0, 0.11180339887498948, 0.11180339887498948, 0.22360679774997896, 0.22360679774997896, 0.22360679774997896, -0.8944271909999159, 0.0, 0.0, 0.0, 0.0, 0.0, 0.0, 0.0, 0.0]",AAPL,smoke,42,,,,,,
OPSC_B4_q2_c1,OPS_C,CP_REPO_OPS_C,22,True,0.0,0.0,True,"{""B1"": 0.0, ""B2"": 0.0, ""B3"": 0.0, ""B4"": 0.0}","[0.0, 0.0, 0.0, 0.0, 0.0, 0.0, 0.0, 0.0, 0.0, 0.0, 0.0, 0.0, 0.0, 0.0, 0.17677669529663687, 0.17677669529663687, 0.17677669529663687, 0.17677669529663687, -0.17677669529663687, -0.17677669529663687, -0.17677669529663687, -0.17677669529663687]",AAPL,smoke,42,,,,,,
OPSC_B4_q3_c1,OPS_C,CP_REPO_OPS_C,22,True,0.0,5.551115123125783e-17,True,"{""B1"": 0.0, ""B2"": 0.0, ""B3"": 0.0, ""B4"": 0.0}","[0.0, 0.0, 0.0, 0.0, 0.0, 0.0, 0.0, 0.0, 0.0, 0.0, 0.0, 0.0, 0.0, 0.0, 0.2357022603955158, 0.2357022603955158, 0.2357022603955158, -0.2357022603955158, -0.2357022603955158, -0.2357022603955158, 0.0, 0.0]",AAPL,smoke,42,,,,,,
OPSC_B4_q3_c2,OPS_C,CP_REPO_OPS_C,22,True,1.1102230246251565e-16,0.0,True,"{""B1"": 0.0, ""B2"": 0.0, ""B3"": 0.0, ""B4"": 1.1102230246251565e-16}","[0.0, 0.0, 0.0, 0.0, 0.0, 0.0, 0.0, 0.0, 0.0, 0.0, 0.0, 0.0, 0.0, 0.0, 0.13608276348795437, 0.13608276348795437, 0.13608276348795437, 0.13608276348795437, 0.13608276348795437, 0.13608276348795437, -0.4082482904638631, -0.4082482904638631]",AAPL,smoke,42,,,,,,
OPSC_B4_q5_c1,OPS_C,CP_REPO_OPS_C,22,True,0.0,0.0,True,"{""B1"": 0.0, ""B2"": 0.0, ""B3"": 0.0, ""B4"": 0.0}","[0.0, 0.0, 0.0, 0.0, 0.0, 0.0, 0.0, 0.0, 0.0, 0.0, 0.0, 0.0, 0.0, 0.0, 0.35355339059327373, 0.35355339059327373, -0.35355339059327373, -0.35355339059327373, 0.0, 0.0, 0.0, 0.0]",AAPL,smoke,42,,,,,,
OPSC_B4_q5_c2,OPS_C,CP_REPO_OPS_C,22,True,0.0,0.0,True,"{""B1"": 0.0, ""B2"": 0.0, ""B3"": 0.0, ""B4"": 0.0}","[0.0, 0.0, 0.0, 0.0, 0.0, 0.0, 0.0, 0.0, 0.0, 0.0, 0.0, 0.0, 0.0, 0.0, 0.20412414523193154, 0.20412414523193154, 0.20412414523193154, 0.20412414523193154, -0.4082482904638631, -0.4082482904638631, 0.0, 0.0]",AAPL,smoke,42,,,,,,
OPSC_B4_q5_c3,OPS_C,CP_REPO_OPS_C,22,True,1.1102230246251565e-16,-1.1102230246251565e-16,True,"{""B1"": 0.0, ""B2"": 0.0, ""B3"": 0.0, ""B4"": -1.1102230246251565e-16}","[0.0, 0.0, 0.0, 0.0, 0.0, 0.0, 0.0, 0.0, 0.0, 0.0, 0.0, 0.0, 0.0, 0.0, 0.14433756729740643, 0.14433756729740643, 0.14433756729740643, 0.14433756729740643, 0.14433756729740643, 0.14433756729740643, -0.8660254037844387, 0.0]",AAPL,smoke,42,,,,,,
OPSC_B4_q5_c4,OPS_C,CP_REPO_OPS_C,22,True,5.551115123125783e-17,0.0,True,"{""B1"": 0.0, ""B2"": 0.0, ""B3"": 0.0, ""B4"": -5.551115123125783e-17}","[0.0, 0.0, 0.0, 0.0, 0.0, 0.0, 0.0, 0.0, 0.0, 0.0, 0.0, 0.0, 0.0, 0.0, 0.11180339887498948, 0.11180339887498948, 0.11180339887498948, 0.11180339887498948, 0.11180339887498948, 0.11180339887498948, 0.22360679774997896, -0.8944271909999159]",AAPL,smoke,42,,,,,,
KOPS_B1_e1,OPS_K,CP_REPO_OPS_K,22,True,5.551115123125783e-17,5.551115123125783e-17,True,"{""B1"": 5.551115123125783e-17, ""B2"": 0.0, ""B3"": 0.0, ""B4"": 0.0}","[0.4082482904638631, -0.816496580927726, 0.408248290463863, 0.0, 0.0, 0.0, 0.0, 0.0, 0.0, 0.0, 0.0, 0.0, 0.0, 0.0, 0.0, 0.0, 0.0, 0.0, 0.0, 0.0, 0.0, 0.0]",AAPL,smoke,42,,,,,,
KOPS_B1_e2,OPS_K,CP_REPO_OPS_K,22,True,1.1102230246251565e-16,1.1102230246251565e-16,True,"{""B1"": 1.1102230246251565e-16, ""B2"": 0.0, ""B3"": 0.0, ""B4"": 0.0}","[0.7071067811865476, 1.711593829630449e-16, -0.7071067811865477, 0.0, 0.0, 0.0, 0.0, 0.0, 0.0, 0.0, 0.0, 0.0, 0.0, 0.0, 0.0, 0.0, 0.0, 0.0, 0.0, 0.0, 0.0, 0.0]",AAPL,smoke,42,,,,,,
KOPS_B2_e1,OPS_K,CP_REPO_OPS_K,22,True,0.0,0.0,True,"{""B1"": 0.0, ""B2"": 0.0, ""B3"": 0.0, ""B4"": 0.0}","[0.0, 0.0, 0.0, 0.2934204959008854, -0.5403393298910715, 0.4938376679803721, -0.5403393298910717, 0.29342049590088565, 0.0, 0.0, 0.0, 0.0, 0.0, 0.0, 0.0, 0.0, 0.0, 0.0, 0.0, 0.0, 0.0, 0.0]",AAPL,smoke,42,,,,,,
KOPS_B2_e2,OPS_K,CP_REPO_OPS_K,22,True,1.1102230246251565e-16,1.1102230246251565e-16,True,"{""B1"": 0.0, ""B2"": 1.1102230246251565e-16, ""B3"": 0.0, ""B4"": 0.0}","[0.0, 0.0, 0.0, 0.5000000000000003, -0.5, -8.326672684688668e-18, 0.4999999999999998, -0.5, 0.0, 0.0, 0.0, 0.0, 0.0, 0.0, 0.0, 0.0, 0.0, 0.0, 0.0, 0.0, 0.0, 0.0]",AAPL,smoke,42,,,,,,
KOPS_B3_e1,OPS_K,CP_REPO_OPS_K,22,True,1.1102230246251565e-16,-1.1102230246251565e-16,True,"{""B1"": 0.0, ""B2"": 0.0, ""B3"": -1.1102230246251565e-16, ""B4"": 0.0}","[0.0, 0.0, 0.0, 0.0, 0.0, 0.0, 0.0, 0.0, 0.40824829046386324, -0.40824829046386346, 0.408248290463863, -0.40824829046386263, 0.40824829046386285, -0.40824829046386313, 0.0, 0.0, 0.0, 0.0, 0.0, 0.0, 0.0, 0.0]",AAPL,smoke,42,,,,,,
KOPS_B3_e2,OPS_K,CP_REPO_OPS_K,22,True,1.1102230246251565e-16,-1.1102230246251565e-16,True,"{""B1"": 0.0, ""B2"": 0.0, ""B3"": -1.1102230246251565e-16, ""B4"": 0.0}","[0.0, 0.0, 0.0, 0.0, 0.0, 0.0, 0.0, 0.0, 0.22070801247177652, -0.5723777934190468, 0.3516697809472701, 0.22070801247177743, -0.572377793419047, 0.35166978094726975, 0.0, 0.0, 0.0, 0.0, 0.0, 0.0, 0.0, 0.0]",AAPL,smoke,42,,,,,,
KOPS_B4_e1,OPS_K,CP_REPO_OPS_K,22,True,8.326672684688674e-17,1.1102230246251565e-16,True,"{""B1"": 0.0, ""B2"": 0.0, ""B3"": 0.0, ""B4"": 8.326672684688674e-17}","[0.0, 0.0, 0.0, 0.0, 0.0, 0.0, 0.0, 0.0, 0.0, 0.0, 0.0, 0.0, 0.0, 0.0, 0.4831685376430966, -0.4174907403916187, 0.20229845817807873, -0.22655017046531203, 0.22655017046531165, -0.20229845817807854, 0.4174907403916188, -0.4831685376430964]",AAPL,smoke,42,,,,,,
KOPS_B4_e2,OPS_K,CP_REPO_OPS_K,22,True,5.551115123125783e-17,-5.551115123125783e-17,True,"{""B1"": 0.0, ""B2"": 0.0, ""B3"": 0.0, ""B4"": -5.551115123125783e-17}","[0.0, 0.0, 0.0, 0.0, 0.0, 0.0, 0.0, 0.0, 0.0, 0.0, 0.0, 0.0, 0.0, 0.0, 0.3241922329050883, 0.0293285586603906, -0.6224003002537654, 0.08159104126640102, -0.08159104126640934, 0.6224003002537709, -0.029328558660387343, -0.3241922329050888]",AAPL,smoke,42,,,,,,
PMQDK_MODE_01_REAL,PM_QDK_HARMONIC,PM_QDK,22,True,9.284612690514033e-16,6.595631744863237e-16,True,"{""B1"": 6.515275861800065e-17, ""B2"": 4.842503229402778e-16, ""B3"": 9.284612690514033e-16, ""B4"": -8.183011761233579e-16}","[3.7192528719904115e-16, -2.726288744397761e-16, -3.4143654141264415e-17, 1.1365798312841141e-15, -6.195004832396788e-16, 1.2316157330143005e-16, -5.980560842997148e-16, 4.420654858941272e-16, 4.79521077671747e-16, -1.0162753460331106e-16, -6.26569289384709e-17, -5.430147922379499e-16, 2.0510093189109264e-16, 9.511385152682955e-16, -7.478378379131151e-16, 3.374224169075629e-16, -7.788632091656156e-16, 2.0779639161590682e-16, 6.605101441299158e-16, -4.120640982485287e-17, -1.7886562551893226e-16, -2.772570463542278e-16]",AAPL,smoke,42,"[0, 0, 1]",1.381966011250105,0.05,PM quotient harmonic basis,real,
PMQDK_MODE_01_IMAG,PM_QDK_HARMONIC,PM_QDK,22,True,4.8634208353340206e-15,-8.264444898180463e-15,True,"{""B1"": -8.519802801769384e-16, ""B2"": 2.7706372182871746e-16, ""B3"": -2.8261075044982215e-15, ""B4"": -4.8634208353340206e-15}","[-1.4296322578316826e-15, -6.7327531391633095e-16, 1.2509272915710754e-15, 1.265146387021996e-15, 7.54584300078489e-16, -9.918195745384417e-16, -1.3391856207932598e-15, 5.883382300599339e-16, -9.682603097949145e-16, 1.9839678860498105e-16, -5.165451711035121e-16, -2.1170626925774796e-15, 1.0446223754503682e-15, -4.672584950776643e-16, -8.205049983258583e-16, 1.859318318452862e-16, -1.855499306297149e-15, 2.225856991299135e-16, 6.616425710137735e-17, -3.0942271403196557e-16, -1.0888705395560304e-15, -1.263805065199595e-15]",AAPL,smoke,42,"[0, 0, 1]",1.381966011250105,0.05,PM quotient harmonic basis,imag,
PMQDK_MODE_02_REAL,PM_QDK_HARMONIC,PM_QDK,22,True,8.263045803542772e-16,9.40261978277986e-16,True,"{""B1"": 1.465021385667842e-16, ""B2"": 7.205568772720924e-16, ""B3"": 8.263045803542772e-16, ""B4"": -7.53101617915168e-16}","[3.7192528719904125e-16, -2.3033642001827334e-16, 4.913271386016271e-18, 1.091033950027116e-15, -2.799217010399281e-16, 8.995525153193756e-17, -5.731337722875621e-16, 3.926231490405289e-16, 4.832297595879277e-16, -1.7571644331132027e-16, -1.0376280864693873e-17, -5.03425688563235e-16, 1.0534409055363092e-16, 9.272491429519678e-16, -7.092572546686047e-16, 4.0477770122057644e-16, -7.45956892116535e-16, 2.165519121638915e-16, 7.027753232313399e-16, -1.626131673772764e-16, -1.7647710717528677e-16, -2.82902133193273e-16]",AAPL,smoke,42,"[0, 0, 4]",1.3819660112501055,0.05,PM quotient harmonic basis,real,
PMQDK_MODE_02_IMAG,PM_QDK_HARMONIC,PM_QDK,22,True,4.929755035552269e-15,7.789142222207864e-15,True,"{""B1"": 7.3700428624463985e-16, ""B2"": -5.384682474221091e-16, ""B3"": 2.660851147833065e-15, ""B4"": 4.929755035552269e-15}","[1.4296322578316824e-15, 5.956001528265954e-16, -1.288228124413638e-15, -1.3437495754071138e-15, -7.621027682386809e-16, 8.112449601887391e-16, 1.336664676724555e-15, -5.805255406896085e-16, 9.508610356300877e-16, -1.765234099290949e-16, 3.71748541359099e-16, 2.178785837498326e-15, -1.1508184771699691e-15, 4.867976204446164e-16, 8.049132258260024e-16, -1.7209500960836472e-16, 1.852451610584481e-15, -2.4442794681220197e-16, 3.376047263733655e-17, 3.3139777122163106e-16, 1.0317259355376086e-15, 1.2920289761657763e-15]",AAPL,smoke,42,"[0, 0, 4]",1.3819660112501055,0.05,PM quotient harmonic basis,imag,
PMQDK_MODE_03_REAL,PM_QDK_HARMONIC,PM_QDK,22,True,2.7118441996716752e-15,-3.846744901212363e-15,True,"{""B1"": -2.7118441996716752e-15, ""B2"": -8.936181252167956e-16, ""B3"": 1.6625893089396746e-16, ""B4"": -4.0754150721785935e-16}","[-9.194867540564094e-16, -2.9745279064431104e-16, -1.4949046549709548e-15, -8.89258425378325e-16, 6.798534059360804e-17, -5.811840481123261e-16, 2.715860744516104e-16, 2.3725293322863697e-16, -2.4270827939884196e-16, -4.2894150462808265e-16, 1.292655770630927e-15, -1.0596402870184747e-15, 1.0893067371464532e-16, 4.959625575937945e-16, -3.884202587510009e-16, 7.704353692752524e-17, 8.737465327252706e-16, -1.1997643900795777e-15, 4.525350089656397e-16, 1.6899433533135342e-16, -1.7623003250564533e-17, -3.740532690865052e-16]",AAPL,smoke,42,"[0, 1, 0]",2.9999999999999996,0.05,PM quotient harmonic basis,real,
PMQDK_MODE_03_IMAG,PM_QDK_HARMONIC,PM_QDK,22,True,2.8008585001125316e-15,-7.620110585834433e-15,True,"{""B1"": 2.5585816698420065e-16, ""B2"": -2.4752788589032274e-15, ""B3"": -2.599831393802874e-15, ""B4"": -2.8008585001125316e-15}","[-1.294890087099184e-15, -1.4513466797022364e-16, 1.6958829220536082e-15, 4.363976148613283e-16, -7.822516771821381e-17, 6.438468435279388e-16, -4.656695107699462e-16, -3.0116286388043344e-15, 2.0999012765672677e-15, -1.0112514229970289e-15, -2.1128748968518698e-15, 1.6611891779421576e-15, -2.0795933607362554e-15, -1.1572021677271452e-15, 1.8062113049423615e-15, -1.821991899346907e-15, -1.0636606778025515e-15, 5.778406169645681e-17, -3.0831552718577907e-16, -1.5331032628522301e-15, 9.328206189519274e-16, -8.706031185158095e-16]",AAPL,smoke,42,"[0, 1, 0]",2.9999999999999996,0.05,PM quotient harmonic basis,imag,
PMQDK_MODE_04_REAL,PM_QDK_HARMONIC,PM_QDK,22,True,2.7615958458977633e-15,-4.0302140394300974e-15,True,"{""B1"": -2.7615958458977633e-15, ""B2"": -8.79101422743854e-16, ""B3"": 9.235803724260405e-17, ""B4"": -4.818748080310829e-16}","[-9.194867540564098e-16, -4.2222157093600175e-16, -1.4198875209053517e-15, -8.866137886167313e-16, 1.0221732281475278e-16, -5.7093244641129715e-16, 2.42204512941109e-16, 2.340229765283125e-16, -2.3558496682989754e-16, -4.1674468783545194e-16, 1.238571550012998e-15, -1.0222260733403701e-15, 7.826427916775174e-17, 4.50077936067574e-16, -5.138809636438026e-16, 7.766341652524356e-17, 9.240750875445151e-16, -1.176510036681215e-15, 4.596828698637856e-16, 1.8365110499363205e-16, -5.16604273914812e-17, -3.8489585924176037e-16]",AAPL,smoke,42,"[0, 2, 0]",3.000000000000001,0.05,PM quotient harmonic basis,real,
PMQDK_MODE_04_IMAG,PM_QDK_HARMONIC,PM_QDK,22,True,2.824362085337352e-15,7.946814402134431e-15,True,"{""B1"": -1.3081674938271715e-16, ""B2"": 2.5782898424580823e-15, ""B3"": 2.6749792237217125e-15, ""B4"": 2.824362085337352e-15}","[1.2948900870991833e-15, 2.623370772076393e-16, -1.6880439136895397e-15, -4.805786646258542e-16, 1.1967755869307797e-16, -6.339921293392543e-16, 5.159591174020776e-16, 3.0572239603280353e-15, -2.063193433062021e-15, 9.89566974107873e-16, 2.069096768825861e-15, -1.6444260976350063e-15, 2.1509130684285058e-15, 1.1730219430565003e-15, -1.7557605113292895e-15, 1.8350735531228296e-15, 1.161978701950181e-15, -8.11472597350976e-17, 3.096252285482152e-16, 1.4596657703426126e-15, -9.377289133772247e-16, 8.326555158151254e-16]",AAPL,smoke,42,"[0, 2, 0]",3.000000000000001,0.05,PM quotient harmonic basis,imag,
PMQDK_MODE_05_REAL,PM_QDK_HARMONIC,PM_QDK,22,True,2.3493576707053414e-15,-4.170801568490911e-15,True,"{""B1"": -1.165931137246898e-15, ""B2"": 7.290253970800207e-16, ""B3"": -1.384538157618692e-15, ""B4"": -2.3493576707053414e-15}","[-1.2481876650850748e-15, -1.915957058252922e-16, 2.738522336634692e-16, 6.276189559081472e-16, -5.918077087650199e-16, 1.0785443288620837e-19, -3.60521650884925e-16, 1.0536279463889321e-15, -1.4147246137443514e-15, -9.206049764928143e-17, 4.940914821874985e-16, -1.3672210389515504e-15, 1.2388713650357377e-15, -2.434948544967452e-16, -1.8019224158833004e-15, 1.1960005798383687e-15, -8.758456711740444e-16, 1.9451319646025568e-16, 7.648406426642472e-17, -6.170067294563889e-16, -5.115284397509298e-16, -1.005225500572705e-17]",AAPL,smoke,42,"[0, 0, 2]",3.618033988749895,0.05,PM quotient harmonic basis,real,
PMQDK_MODE_05_IMAG,PM_QDK_HARMONIC,PM_QDK,22,True,1.1852315615396852e-15,-2.63922991541217e-15,True,"{""B1"": -1.1852315615396852e-15, ""B2"": -7.841157922731252e-16, ""B3"": -1.6516798318850458e-16, ""B4"": -5.047145784108549e-16}","[-6.434662354938537e-16, -5.499069479735369e-16, 8.141621927705288e-18, -3.7273623707477775e-16, -1.8537474897791717e-15, 7.010714027179937e-16, -4.3280095914757153e-16, 1.174097491010402e-15, -5.24363622196597e-16, -5.575745368979526e-16, 2.769858321374959e-16, -1.3286666521405771e-16, 8.169959956879563e-16, -4.434498670534932e-17, -1.2658694987030755e-15, 9.217192564228113e-16, -4.876906578128388e-16, 1.1768387698488955e-15, -4.3729620758744126e-16, -7.487072877616595e-16, 1.6843211619716897e-16, 1.6785893098528446e-16]",AAPL,smoke,42,"[0, 0, 2]",3.618033988749895,0.05,PM quotient harmonic basis,imag,
PMQDK_MODE_06_REAL,PM_QDK_HARMONIC,PM_QDK,22,True,2.25791524027286e-15,-4.185955293399524e-15,True,"{""B1"": -1.1070036547862415e-15, ""B2"": 5.231882101585286e-16, ""B3"": -1.3442246084989515e-15, ""B4"": -2.25791524027286e-15}","[-1.2481876650850756e-15, -1.818584153943287e-16, 3.2304242569316283e-16, 6.415129217930953e-16, -6.107492463244469e-16, -1.3265452033842813e-16, -3.451621535151933e-16, 9.702412085435016e-16, -1.3439194302736739e-15, -1.2324475682076773e-17, 3.7873180990882105e-16, -1.3092774944700652e-15, 1.2028845052657382e-15, -2.603195232476951e-16, -1.8233682036615506e-15, 1.2272368633493517e-15, -8.654722577950201e-16, 2.0903390009409477e-16, 7.358241725684643e-17, -4.2251265151575556e-16, -6.543703158725844e-16, -2.0449921282422916e-18]",AAPL,smoke,42,"[0, 0, 3]",3.618033988749895,0.05,PM quotient harmonic basis,real,
PMQDK_MODE_06_IMAG,PM_QDK_HARMONIC,PM_QDK,22,True,1.0412648569189438e-15,2.783834087742722e-15,True,"{""B1"": 1.0412648569189438e-15, ""B2"": 7.72225217560646e-16, ""B3"": 2.882251842655833e-16, ""B4"": 6.821188289975488e-16}","[6.434662354938529e-16, 4.858654097176622e-16, -8.806678829257144e-17, 3.9131866135373266e-16, 1.8270002573129235e-15, -6.742291479234584e-16, 3.826864262787592e-16, -1.154550979461311e-15, 5.823568609700904e-16, 5.936057794323725e-16, -2.9346525159523697e-16, 6.12255013165911e-17, -6.8413056377755445e-16, 2.863285791932076e-17, 1.2949107709319163e-15, -9.344986117473381e-16, 4.2660773044927444e-16, -1.1067022536859905e-15, 4.524984297250384e-16, 7.408875431891743e-16, -1.945402548609428e-16, 2.9554749964165713e-18]",AAPL,smoke,42,"[0, 0, 3]",3.618033988749895,0.05,PM quotient harmonic basis,imag,
PMQDK_MODE_07_REAL,PM_QDK_HARMONIC,PM_QDK,22,True,1.7956712613945467e-15,-2.3831100459897473e-15,True,"{""B1"": 1.3938427273761862e-15, ""B2"": -6.521865464243305e-16, ""B3"": -1.7956712613945467e-15, ""B4"": -1.329094965547056e-15}","[-1.5068570025688503e-15, 5.525142342752451e-16, 2.3481854956697914e-15, -6.027428010275401e-16, -7.408713595963513e-16, 5.744892322293741e-16, 6.529713677798351e-16, -5.360329858096483e-16, 5.776285176513926e-16, -2.7625711713762255e-15, 7.785427846605726e-16, 5.0228566752295e-16, 5.776285176513926e-16, -1.469185577504629e-15, -6.843642220000194e-16, -3.0137140051377007e-16, 6.780856511559826e-16, 5.587928051192819e-16, -2.134714086972538e-16, -2.6287591302626894e-15, 1.6638212736697721e-15, -4.0182853401836006e-16]",AAPL,smoke,42,"[1, 0, 0]",4.0,0.05,PM quotient harmonic basis,real,
PMQDK_MODE_07_IMAG,PM_QDK_HARMONIC,PM_QDK,22,True,2.0202811819115894e-31,1.6938904552031674e-31,True,"{""B1"": -1.8537337935378543e-31, ""B2"": 2.0202811819115894e-31, ""B3"": -9.831402863597887e-33, ""B4"": 1.6256570954654115e-31}","[-2.8283487116775597e-31, 1.3474426859024257e-31, -3.7282776776272037e-32, 7.990729431545942e-32, 2.521520747623294e-31, -1.7377911502905028e-33, 7.388325830470135e-32, -2.0217671804104074e-31, 1.3300500007978436e-32, 8.183616261124666e-32, 5.378624961420389e-32, 2.5201505879185773e-32, -1.4622146811444687e-31, -3.773435286176577e-32, 1.3870363262178016e-31, -1.01334023051997e-32, 6.814252071192929e-32, -1.9242758478175702e-31, 2.968648913220252e-32, 7.651579749157204e-32, 3.193073855025826e-32, 2.0147518125755607e-32]",AAPL,smoke,42,"[1, 0, 0]",4.0,0.05,PM quotient harmonic basis,imag,
PMQDK_MODE_08_REAL,PM_QDK_HARMONIC,PM_QDK,22,False,0.5678582047646442,-3.337607967779377e-15,True,"{""B1"": 0.04430868927011311, ""B2"": 0.22838882154157086, ""B3"": -0.5678582047646442, ""B4"": 0.2951606939529569}","[-1.4655102530349636e-15, 0.8241357083998908, -0.7798270191297763, 0.6613997976588478, -0.7057084869289633, 0.5801157283519235, -0.601250903105569, 0.29383268556533176, -0.019480940663448593, -0.07365449024765221, 0.15223319484927864, -0.49366596264002843, 0.6454230213964403, -0.7787130274592339, 0.8646731328077982, -0.7399626723067292, 0.29953008120487734, -0.15942868783199557, 0.13679417046383413, -0.08531015563118267, 0.0076137491055264855, -0.0287489238591718]",AAPL,smoke,42,"[0, 1, 1]",4.381966011250105,0.05,PM quotient harmonic basis,real,
PMQDK_MODE_08_IMAG,PM_QDK_HARMONIC,PM_QDK,22,False,0.6998247381830598,-3.3306690738754696e-16,True,"{""B1"": -0.04221070355671075, ""B2"": -0.6998247381830598, ""B3"": 0.4574814476639971, ""B4"": 0.2845539940757733}","[4.062580966035482e-16, -0.3042890182516571, 0.26207831469494597, -0.3199247963981663, 0.36213549995487687, -0.3668229722680372, 0.4952288092534536, -0.8704412787251868, 0.905082396783952, -0.8121217269077637, 0.6184168926741789, -0.36623570808041134, -0.05527957729689302, 0.1676191704909344, -0.3137134996341777, 0.5324371524172662, -0.7371409927302108, 0.6636425413271342, -0.7527767708767201, 0.7636997265870652, -0.7840310728234082, 0.9124369098088246]",AAPL,smoke,42,"[0, 1, 1]",4.381966011250105,0.05,PM quotient harmonic basis,imag,
PMQDK_MODE_09_REAL,PM_QDK_HARMONIC,PM_QDK,22,False,1.4650359650564182,4.218847493575595e-15,True,"{""B1"": 0.1345911828440061, ""B2"": 1.4650359650564182, ""B3"": -1.4442137045129995, ""B4"": -0.1554134433874207}","[1.0109421873794396e-15, 0.20891893995761615, -0.07432775711361106, -0.24492116145797121, 0.11032997861396396, 0.2068952029043593, 0.5700471316219566, 0.8226848133741094, 0.3904696624891929, -0.5069164890104475, -0.9444842536380855, -0.9748300906506019, -0.05795824184095892, 0.6495057081379018, 0.9023275890884523, 0.497724843031979, -0.34121410775353606, -0.6903988144195417, -0.7950542091691235, -0.505741078691967, 0.23986420770174863, 0.5370781268245675]",AAPL,smoke,42,"[0, 1, 4]",4.381966011250105,0.05,PM quotient harmonic basis,real,
PMQDK_MODE_09_IMAG,PM_QDK_HARMONIC,PM_QDK,22,False,1.7522081351090562,-3.941291737419306e-15,True,"{""B1"": -0.9227909928602009, ""B2"": 1.7522081351090562, ""B3"": -0.1477570289792195, ""B4"": -0.6816601132696394}","[-1.1556395321723745e-15, -0.6130854705236665, -0.30970552233653337, 0.22152241937431547, 0.7012685734858831, 0.6608498518887024, 0.3687455224356037, -0.2001782320754486, -0.9353903813685172, -1.0492186573039473, -0.37079320071299715, 0.6243567277966963, 0.9173295925043906, 0.665958890105155, -0.2555781739119466, -0.9129699871997101, -0.7866988180089356, -0.4074458380924079, 0.047909071889046154, 0.6035282577300087, 0.6229133360240052, 0.4066820383003011]",AAPL,smoke,42,"[0, 1, 4]",4.381966011250105,0.05,PM quotient harmonic basis,imag,
PMQDK_MODE_10_REAL,PM_QDK_HARMONIC,PM_QDK,22,False,1.4650359650564186,3.4416913763379853e-15,True,"{""B1"": 0.13459118284400556, ""B2"": 1.4650359650564186, ""B3"": -1.444213704513, ""B4"": -0.15541344338742158}","[1.010942187379439e-15, 0.2089189399576153, -0.07432775711361071, -0.24492116145797138, 0.11032997861396474, 0.20689520290435948, 0.5700471316219575, 0.8226848133741084, 0.39046966248919185, -0.5069164890104486, -0.944484253638086, -0.9748300906506018, -0.05795824184095846, 0.6495057081379033, 0.9023275890884519, 0.49772484303197856, -0.3412141077535371, -0.6903988144195417, -0.7950542091691237, -0.5057410786919665, 0.23986420770174896, 0.537078126824568]",AAPL,smoke,42,"[0, 2, 1]",4.381966011250106,0.05,PM quotient harmonic basis,real,
PMQDK_MODE_10_IMAG,PM_QDK_HARMONIC,PM_QDK,22,False,1.7522081351090533,1.942890293094024e-15,True,"{""B1"": 0.9227909928602005, ""B2"": -1.7522081351090533, ""B3"": 0.1477570289792174, ""B4"": 0.681660113269638}","[1.1556395321723757e-15, 0.613085470523666, 0.3097055223365334, -0.2215224193743156, -0.7012685734858829, -0.6608498518887022, -0.3687455224356028, 0.20017823207545007, 0.9353903813685167, 1.0492186573039464, 0.3707932007129965, -0.6243567277966968, -0.9173295925043914, -0.6659588901051541, 0.2555781739119474, 0.9129699871997099, 0.786698818008935, 0.4074458380924069, -0.04790907188904665, -0.6035282577300095, -0.6229133360240047, -0.40668203830030053]",AAPL,smoke,42,"[0, 2, 1]",4.381966011250106,0.05,PM quotient harmonic basis,imag,
PMQDK_MODE_11_REAL,PM_QDK_HARMONIC,PM_QDK,22,False,0.5678582047646432,-2.525757381022231e-15,True,"{""B1"": 0.04430868927011322, ""B2"": 0.2283888215415712, ""B3"": -0.5678582047646432, ""B4"": 0.2951606939529562}","[-1.4655102530349636e-15, 0.8241357083998907, -0.779827019129776, 0.6613997976588475, -0.7057084869289626, 0.5801157283519234, -0.6012509031055682, 0.2938326855653311, -0.019480940663446997, -0.0736544902476528, 0.15223319484927875, -0.4936659626400291, 0.6454230213964404, -0.7787130274592334, 0.8646731328077976, -0.7399626723067287, 0.2995300812048764, -0.15942868783199532, 0.13679417046383283, -0.08531015563118191, 0.0076137491055260145, -0.028748923859170612]",AAPL,smoke,42,"[0, 2, 4]",4.381966011250107,0.05,PM quotient harmonic basis,real,
PMQDK_MODE_11_IMAG,PM_QDK_HARMONIC,PM_QDK,22,False,0.6998247381830602,-3.3306690738754696e-16,True,"{""B1"": 0.04221070355671014, ""B2"": 0.6998247381830602, ""B3"": -0.4574814476639978, ""B4"": -0.2845539940757728}","[-4.062580966035482e-16, 0.30428901825165766, -0.26207831469494713, 0.3199247963981673, -0.3621354999548774, 0.3668229722680375, -0.4952288092534545, 0.8704412787251874, -0.9050823967839516, 0.8121217269077634, -0.6184168926741782, 0.36623570808041167, 0.05527957729689343, -0.16761917049093641, 0.3137134996341779, -0.5324371524172671, 0.7371409927302113, -0.6636425413271342, 0.752776770876721, -0.7636997265870648, 0.7840310728234081, -0.9124369098088251]",AAPL,smoke,42,"[0, 2, 4]",4.381966011250107,0.05,PM quotient harmonic basis,imag,
PMQDK_MODE_12_REAL,PM_QDK_HARMONIC,PM_QDK,22,False,0.9673019087898193,3.3306690738754696e-16,True,"{""B1"": 0.6279630406404544, ""B2"": -0.3135404162825625, ""B3"": 0.6528792844319277, ""B4"": -0.9673019087898193}","[-5.885563934582605e-16, -0.32826084779102793, 0.956223888431483, 0.17534617691828777, -0.8033092175587426, 0.5316464072662499, 0.49692894515551284, -0.7141527280638704, 0.00517607448850626, 0.5657757306601019, -0.3512618885238928, -0.21396291147845992, 0.23441034813318037, 0.4127419311524919, -0.6890112812461744, -0.06679384978154256, 0.8576979826402271, -0.4764815085007923, -0.5932641825592863, 0.926544768144816, -0.11359066896081449, -0.8124031685262524]",AAPL,smoke,42,"[1, 0, 1]",5.381966011250105,0.05,PM quotient harmonic basis,real,
PMQDK_MODE_12_IMAG,PM_QDK_HARMONIC,PM_QDK,22,False,1.0963047522357203,2.275957200481571e-15,True,"{""B1"": -0.8915483339261591, ""B2"": 1.0963047522357203, ""B3"": -0.3245064110937135, ""B4"": 0.11974999278415455}","[1.5386378545400092e-15, -0.5988407210546045, -0.2927076128715561, 1.1037883934076693, -0.2122400594815075, -0.6393403600132486, 0.7516494208649059, 0.09244735745790107, -0.7437728601939352, 0.2658886541781615, 0.36794548043401637, -0.16334815128944744, -0.46994892014056017, 0.4187293859180514, 0.2232525102836496, -0.6743124189510973, 0.208859661706443, 0.670209175554213, -0.7787449191317841, -0.27690110498030157, 0.9457072985303285, -0.19832021022729646]",AAPL,smoke,42,"[1, 0, 1]",5.381966011250105,0.05,PM quotient harmonic basis,imag,
PMQDK_MODE_13_REAL,PM_QDK_HARMONIC,PM_QDK,22,False,0.9673019087898196,7.771561172376096e-16,True,"{""B1"": 0.6279630406404539, ""B2"": -0.3135404162825611, ""B3"": 0.6528792844319276, ""B4"": -0.9673019087898196}","[-5.885563934582597e-16, -0.32826084779102843, 0.956223888431483, 0.17534617691828866, -0.8033092175587426, 0.5316464072662497, 0.4969289451555136, -0.7141527280638704, 0.005176074488505548, 0.5657757306601019, -0.3512618885238927, -0.21396291147845986, 0.23441034813318018, 0.4127419311524925, -0.6890112812461743, -0.0667938497815429, 0.8576979826402273, -0.476481508500792, -0.593264182559287, 0.9265447681448159, -0.113590668960814, -0.8124031685262526]",AAPL,smoke,42,"[1, 0, 4]",5.381966011250105,0.05,PM quotient harmonic basis,real,
PMQDK_MODE_13_IMAG,PM_QDK_HARMONIC,PM_QDK,22,False,1.0963047522357197,-2.0816681711721685e-15,True,"{""B1"": 0.8915483339261592, ""B2"": -1.0963047522357197, ""B3"": 0.32450641109371337, ""B4"": -0.11974999278415477}","[-1.5386378545400092e-15, 0.5988407210546043, 0.29270761287155644, -1.103788393407669, 0.21224005948150723, 0.6393403600132489, -0.7516494208649055, -0.09244735745790125, 0.7437728601939348, -0.2658886541781614, -0.36794548043401637, 0.16334815128944732, 0.46994892014055994, -0.4187293859180511, -0.22325251028364965, 0.6743124189510974, -0.20885966170644255, -0.670209175554213, 0.7787449191317837, 0.27690110498030174, -0.9457072985303285, 0.1983202102272961]",AAPL,smoke,42,"[1, 0, 4]",5.381966011250105,0.05,PM quotient harmonic basis,imag,
PMQDK_MODE_14_REAL,PM_QDK_HARMONIC,PM_QDK,22,False,1.1321815540347577,-4.996003610813204e-16,True,"{""B1"": -0.3132569428682032, ""B2"": 0.88090277287844, ""B3"": -1.1321815540347577, ""B4"": 0.5645357240245201}","[-7.378859191366572e-17, -0.5833389498511823, 0.2700820069829792, 0.47691860498992494, -0.1636616621217216, -0.4893210474632946, 0.4363921411366772, 0.620574736336854, -0.8025308604271393, -0.557757966728468, 1.086766870148511, 0.34705757922862657, -1.0987047173159656, -0.10701245894032224, 0.9471153239587576, -0.11699484640915109, -0.6276328404635704, 0.208047973996133, 0.43262471437753636, -0.22569569510856782, -0.4804509762760656, 0.427522069949448]",AAPL,smoke,42,"[0, 1, 2]",6.618033988749895,0.05,PM quotient harmonic basis,real,
PMQDK_MODE_14_IMAG,PM_QDK_HARMONIC,PM_QDK,22,False,0.6715468684401628,3.7192471324942744e-15,True,"{""B1"": -0.6715468684401628, ""B2"": 0.6292156408109251, ""B3"": -0.26948352189239366, ""B4"": 0.311814749521635}","[1.5796434485229427e-15, -0.14248872919165825, -0.5290581392485061, 0.2131654865077876, 0.4583813819323774, -0.30436624229295917, -0.42381541691783214, 0.6858504315815513, 0.5516906207792142, -0.901777861944255, -0.3420793912629661, 1.0978851472843, 0.3698005989206967, -1.0450026356693836, -0.017450149915263023, 0.918553978908968, -0.07550768731706216, -0.5265928912537422, 0.2801465283823838, 0.46084662992714165, -0.272108345353043, -0.4560733138577481]",AAPL,smoke,42,"[0, 1, 2]",6.618033988749895,0.05,PM quotient harmonic basis,imag,
PMQDK_MODE_15_REAL,PM_QDK_HARMONIC,PM_QDK,22,False,2.692825475003987,2.6645352591003757e-15,True,"{""B1"": 0.5598439072559809, ""B2"": -2.692825475003987, ""B3"": 0.834413950254947, ""B4"": 1.2985676174930614}","[1.373301355112108e-15, 0.450157267138869, 0.10968664011711052, -0.09664806899176771, -0.4631958382642108, -0.512771604650642, -0.6781153809029484, -0.9420945821944181, -0.6523934756264015, -0.19355318157360926, 0.005184429898438465, 0.339532572347568, 0.6054236210234698, 0.7302199841854815, 1.0026471771653065, 1.02127280515898, 0.5656268965633249, 0.22698432105383684, 0.018821560432688476, -0.34589815732748436, -0.5136856304067772, -0.6772013551468132]",AAPL,smoke,42,"[0, 1, 3]",6.618033988749895,0.05,PM quotient harmonic basis,real,
PMQDK_MODE_15_IMAG,PM_QDK_HARMONIC,PM_QDK,22,False,4.03597651408381,1.3877787807814457e-16,True,"{""B1"": -0.08264107021110742, ""B2"": 0.4329298301541735, ""B3"": -4.03597651408381, ""B4"": 3.6856877541407442}","[7.875862878114384e-16, -0.10611360460147744, 0.023472534390369223, 0.04562906457772753, 0.03701200563338204, 0.3273970892876658, 0.1682258596786202, -0.14533418902322207, -0.544373623193805, -0.7641976023859242, -0.8928928122060704, -0.878155370295807, -0.6249255848846437, -0.33143152111755986, -0.03314111400797427, 0.20748247861634947, 0.6784334105544322, 0.7467872395175005, 0.830176079733637, 0.7603267107605135, 0.358013244302055, 0.13760970466423103]",AAPL,smoke,42,"[0, 1, 3]",6.618033988749895,0.05,PM quotient harmonic basis,imag,
PMQDK_MODE_16_REAL,PM_QDK_HARMONIC,PM_QDK,22,False,2.6928254750039873,2.1094237467877974e-15,True,"{""B1"": 0.5598439072559805, ""B2"": -2.6928254750039873, ""B3"": 0.834413950254944, ""B4"": 1.2985676174930647}","[1.3733013551121088e-15, 0.4501572671388686, 0.1096866401171105, -0.09664806899176742, -0.46319583826421074, -0.512771604650642, -0.6781153809029487, -0.9420945821944184, -0.652393475626402, -0.19355318157360996, 0.00518442989843832, 0.3395325723475677, 0.6054236210234691, 0.730219984185481, 1.0026471771653063, 1.0212728051589801, 0.5656268965633253, 0.22698432105383765, 0.018821560432689392, -0.3458981573274835, -0.5136856304067772, -0.6772013551468131]",AAPL,smoke,42,"[0, 2, 2]",6.618033988749896,0.05,PM quotient harmonic basis,real,
PMQDK_MODE_16_IMAG,PM_QDK_HARMONIC,PM_QDK,22,False,4.035976514083812,-3.0531133177191805e-16,True,"{""B1"": 0.08264107021110804, ""B2"": -0.43292983015417585, ""B3"": 4.035976514083812, ""B4"": -3.6856877541407442}","[-7.875862878114382e-16, 0.10611360460147781, -0.02347253439036898, -0.04562906457772778, -0.037012005633382375, -0.3273970892876659, -0.16822585967862067, 0.14533418902322093, 0.5443736231938046, 0.7641976023859245, 0.8928928122060704, 0.8781553702958068, 0.6249255848846442, 0.3314315211175608, 0.03314111400797477, -0.20748247861634903, -0.6784334105544317, -0.7467872395175003, -0.8301760797336373, -0.7603267107605136, -0.35801324430205517, -0.13760970466423159]",AAPL,smoke,42,"[0, 2, 2]",6.618033988749896,0.05,PM quotient harmonic basis,imag,
PMQDK_MODE_17_REAL,PM_QDK_HARMONIC,PM_QDK,22,False,1.1321815540347584,3.3306690738754696e-16,True,"{""B1"": -0.3132569428682035, ""B2"": 0.8809027728784407, ""B3"": -1.1321815540347584, ""B4"": 0.5645357240245215}","[-7.378859191366494e-17, -0.5833389498511821, 0.2700820069829787, 0.47691860498992505, -0.16366166212172117, -0.4893210474632943, 0.4363921411366767, 0.6205747363368544, -0.8025308604271392, -0.557757966728469, 1.0867668701485107, 0.34705757922862734, -1.098704717315965, -0.10701245894032349, 0.9471153239587573, -0.11699484640915067, -0.6276328404635703, 0.20804797399613298, 0.4326247143775369, -0.22569569510856688, -0.4804509762760656, 0.42752206994944775]",AAPL,smoke,42,"[0, 2, 3]",6.618033988749896,0.05,PM quotient harmonic basis,real,
PMQDK_MODE_17_IMAG,PM_QDK_HARMONIC,PM_QDK,22,False,0.6715468684401621,-4.052314039881821e-15,True,"{""B1"": 0.6715468684401621, ""B2"": -0.6292156408109251, ""B3"": 0.26948352189239255, ""B4"": -0.3118147495216337}","[-1.5796434485229427e-15, 0.1424887291916576, 0.5290581392485061, -0.21316548650778705, -0.4583813819323779, 0.3043662422929589, 0.42381541691783214, -0.6858504315815512, -0.5516906207792155, 0.9017778619442547, 0.34207939126296744, -1.0978851472842996, -0.3698005989206976, 1.0450026356693831, 0.01745014991526353, -0.9185539789089687, 0.07550768731706184, 0.5265928912537428, -0.28014652838238263, -0.4608466299271414, 0.27210834535304274, 0.45607331385774835]",AAPL,smoke,42,"[0, 2, 3]",6.618033988749896,0.05,PM quotient harmonic basis,imag,
PMQDK_MODE_18_REAL,PM_QDK_HARMONIC,PM_QDK,22,False,1.5308338278436233,2.55351295663786e-15,True,"{""B1"": -0.9911854406868252, ""B2"": 1.5308338278436233, ""B3"": 0.44186215369400295, ""B4"": -0.981510540850799}","[6.705802470842326e-16, -0.3947573733463416, -0.5964280673404843, 0.10801551757777939, 0.8831699231090455, 0.9089577337625478, 0.17581134988528932, -0.5451206964910383, -0.5365903319406072, -0.15794586941174513, 0.32976922916130014, 0.7140827180266113, 0.3016386978450989, -0.20909228998665494, -0.5263610478256251, -0.43515589225498397, 0.13489421342536373, 0.8399100659864208, 0.6376671043494825, -0.1988630058716728, -0.803571070668864, -0.6300309079909203]",AAPL,smoke,42,"[1, 1, 0]",7.0,0.05,PM quotient harmonic basis,real,
PMQDK_MODE_18_IMAG,PM_QDK_HARMONIC,PM_QDK,22,False,0.844200107205926,-1.1102230246251565e-16,True,"{""B1"": 0.844200107205926, ""B2"": 0.42374688550858464, ""B3"": -0.7191544569928592, ""B4"": -0.5487925357216515}","[1.4738497777482217e-15, 0.8924693182327674, -0.04826921102684285, -0.47474188727576594, -0.36945821993015915, 0.37899848752134735, 0.7992245599903267, 0.08972394520283566, -0.3160781512651813, -0.4420323983916937, -0.5442495511544192, -0.062011739342719585, 0.40989078257852596, 0.23532660058262853, 0.1300429332370223, -0.20341213399782246, -0.9852597780184862, -0.4513455167545201, 0.5554934379583187, 0.6814476850848321, 0.3686631976308935, -0.6444223608618893]",AAPL,smoke,42,"[1, 1, 0]",7.0,0.05,PM quotient harmonic basis,imag,
PMQDK_MODE_19_REAL,PM_QDK_HARMONIC,PM_QDK,22,False,1.5308338278436242,2.886579864025407e-15,True,"{""B1"": -0.9911854406868232, ""B2"": 1.5308338278436242, ""B3"": 0.44186215369400195, ""B4"": -0.9815105408507997}","[6.705802470842359e-16, -0.3947573733463399, -0.5964280673404839, 0.10801551757777854, 0.8831699231090449, 0.9089577337625482, 0.1758113498852906, -0.5451206964910381, -0.5365903319406076, -0.15794586941174585, 0.32976922916129914, 0.714082718026611, 0.30163869784509956, -0.20909228998665444, -0.5263610478256248, -0.4351558922549841, 0.134894213425362, 0.8399100659864199, 0.6376671043494833, -0.19886300587167155, -0.8035710706688631, -0.6300309079909213]",AAPL,smoke,42,"[1, 2, 0]",7.000000000000001,0.05,PM quotient harmonic basis,real,
PMQDK_MODE_19_IMAG,PM_QDK_HARMONIC,PM_QDK,22,False,0.8442001072059269,2.220446049250313e-16,True,"{""B1"": -0.8442001072059269, ""B2"": -0.4237468855085834, ""B3"": 0.7191544569928592, ""B4"": 0.5487925357216512}","[-1.4738497777482197e-15, -0.8924693182327679, 0.04826921102684247, 0.47474188727576594, 0.36945821993015976, -0.3789984875213468, -0.7992245599903263, -0.08972394520283611, 0.31607815126518096, 0.4420323983916935, 0.5442495511544193, 0.06201173934271998, -0.40989078257852585, -0.23532660058262866, -0.1300429332370225, 0.20341213399782215, 0.9852597780184863, 0.45134551675452056, -0.5554934379583182, -0.6814476850848322, -0.3686631976308939, 0.6444223608618891]",AAPL,smoke,42,"[1, 2, 0]",7.000000000000001,0.05,PM quotient harmonic basis,imag,
PMQDK_MODE_20_REAL,PM_QDK_HARMONIC,PM_QDK,22,False,1.6717422365704153,2.0816681711721685e-15,True,"{""B1"": 0.7081416535915394, ""B2"": -1.6717422365704153, ""B3"": 0.7945199991871168, ""B4"": 0.16908058379176127}","[1.2599258846666803e-15, 0.5564728537275239, 0.1516687998640143, -0.23014515495668106, -0.4779964986348586, -0.6663898289165019, -0.3447107260748816, 0.0474999720125079, 0.5336525869071148, 0.7688262812747396, 0.6010566053040792, 0.10547973567260793, -0.324679616812007, -0.889815593159418, -0.9289896166897748, -0.6137342546146319, -0.4753771732997274, 0.12551084493548345, 0.5863081612089848, 0.6381598340498943, 0.6790674782270549, 0.15813530997447797]",AAPL,smoke,42,"[1, 0, 2]",7.618033988749895,0.05,PM quotient harmonic basis,real,
PMQDK_MODE_20_IMAG,PM_QDK_HARMONIC,PM_QDK,22,False,2.698716495002949,1.6653345369377348e-15,True,"{""B1"": 0.4507914598223413, ""B2"": -2.3915784851370665, ""B3"": 2.698716495002949, ""B4"": -0.757929469688222}","[8.118634548540372e-16, 0.1483284957787341, 0.3024629640436064, -0.0657153916816304, -0.3850760681407088, -0.5640821582748395, -0.8061485918512302, -0.5705562751886576, -0.32470386670903595, 0.06951353110263117, 0.6206805493210523, 0.6662567877624623, 0.9701046987325129, 0.6968647947933263, 0.1328522238430193, -0.5458238279684633, -0.692951809758804, -0.7020113875874598, -0.3064455364026599, 0.18271031319505748, 0.4892254369222501, 0.6845151180688384]",AAPL,smoke,42,"[1, 0, 2]",7.618033988749895,0.05,PM quotient harmonic basis,imag,
PMQDK_MODE_21_REAL,PM_QDK_HARMONIC,PM_QDK,22,False,1.671742236570418,1.3322676295501878e-15,True,"{""B1"": 0.7081416535915401, ""B2"": -1.671742236570418, ""B3"": 0.7945199991871197, ""B4"": 0.1690805837917606}","[1.25992588466668e-15, 0.5564728537275239, 0.151668799864015, -0.23014515495668125, -0.47799649863485927, -0.6663898289165018, -0.3447107260748825, 0.04749997201250699, 0.5336525869071145, 0.7688262812747396, 0.6010566053040794, 0.10547973567260849, -0.3246796168120057, -0.8898155931594169, -0.9289896166897744, -0.613734254614632, -0.4753771732997277, 0.12551084493548234, 0.5863081612089843, 0.6381598340498946, 0.6790674782270548, 0.15813530997447833]",AAPL,smoke,42,"[1, 0, 3]",7.618033988749895,0.05,PM quotient harmonic basis,real,
PMQDK_MODE_21_IMAG,PM_QDK_HARMONIC,PM_QDK,22,False,2.6987164950029503,-2.3314683517128287e-15,True,"{""B1"": -0.4507914598223412, ""B2"": 2.3915784851370665, ""B3"": -2.6987164950029503, ""B4"": 0.7579294696882222}","[-8.118634548540375e-16, -0.14832849577873372, -0.3024629640436067, 0.06571539168162999, 0.3850760681407091, 0.5640821582748394, 0.8061485918512302, 0.5705562751886579, 0.3247038667090365, -0.06951353110263112, -0.6206805493210524, -0.6662567877624626, -0.9701046987325135, -0.6968647947933273, -0.13285222384301965, 0.5458238279684634, 0.6929518097588039, 0.7020113875874602, 0.30644553640266053, -0.18271031319505748, -0.48922543692225023, -0.6845151180688381]",AAPL,smoke,42,"[1, 0, 3]",7.618033988749895,0.05,PM quotient harmonic basis,imag,
PMQDK_MODE_22_REAL,PM_QDK_HARMONIC,PM_QDK,22,False,1.3169979514588948,5.467848396278896e-15,True,"{""B1"": 0.0767491601904188, ""B2"": 1.3169979514588948, ""B3"": -0.5752986238548946, ""B4"": -0.8184484877944135}","[8.174647584229107e-16, 0.02602852358824946, 0.05072063660216852, -0.0601588209842695, -0.016590339206144094, 0.5071462548466001, 0.4570063547393807, 0.42959450206332744, 0.27451722075595714, 0.10058226313717242, -0.0925094244820694, -0.3999241656580381, -0.2244957202492786, -0.23346879735863804, -0.2620560569427975, -0.5000523591768644, -0.2911185976164967, -0.25581941841621897, 0.01911039758695212, 0.17806413301177368, 0.08541552881233216, 0.20800788494690617]",AAPL,smoke,42,"[1, 1, 1]",8.381966011250105,0.05,PM quotient harmonic basis,real,
PMQDK_MODE_22_IMAG,PM_QDK_HARMONIC,PM_QDK,22,False,4.516930488928794,6.661338147750939e-16,True,"{""B1"": 0.2609292705095599, ""B2"": -2.360339100801541, ""B3"": -2.417520658636812, ""B4"": 4.516930488928794}","[-5.60658399291768e-16, 0.11864953409056123, 0.14227973641899921, -0.0840609955606936, -0.17686827494886753, -0.6735196862082651, -0.8066311676655846, -0.61925897641813, -0.6177798940240368, -0.6803208606131141, -0.4574922084672686, -0.47245628548611834, -0.1669299816199489, -0.02254142842632486, 0.08115034600726136, 0.23459533300245436, 0.3814725646153092, 0.6439092216190764, 0.7243823180110556, 0.7760387895547232, 0.89641656167308, 0.7789653544458336]",AAPL,smoke,42,"[1, 1, 1]",8.381966011250105,0.05,PM quotient harmonic basis,imag,
PMQDK_MODE_23_REAL,PM_QDK_HARMONIC,PM_QDK,22,False,0.6821242603642205,-1.6653345369377348e-15,True,"{""B1"": 0.4710875904329786, ""B2"": -0.6821242603642205, ""B3"": -0.15187152102517604, ""B4"": 0.36290819095641624}","[-1.0219863732916824e-15, -0.1880747999483884, 0.659162390381368, -0.8272912936656875, 0.3562037032327097, 0.2826996966287709, -0.6473027450810193, 0.15356637852100563, 0.005587451549316553, 0.03392756091227839, -0.07107609540464493, 0.005327110888685744, -0.31987590132080074, 0.19423835234998893, -0.0955142366510593, 0.1527859439913753, -0.1502405112567471, -0.4928528675815737, 0.6274654897663817, -0.2946170274939273, -0.36440954521550306, 0.9802909453974697]",AAPL,smoke,42,"[1, 1, 4]",8.381966011250105,0.05,PM quotient harmonic basis,real,
PMQDK_MODE_23_IMAG,PM_QDK_HARMONIC,PM_QDK,22,False,0.3002356805747731,-4.996003610813204e-16,True,"{""B1"": 0.003428870798724004, ""B2"": 0.3002356805747731, ""B3"": -0.1719524228811208, ""B4"": -0.1317121284923768}","[1.2225637802225416e-15, -0.8479409613604948, 0.8513698321592176, 0.3141159664871121, -0.31754483728583643, 0.6257494329158939, -0.09819826593837475, -0.22388661560402165, 0.024141589004344193, -0.24057015151183125, 0.27923422515782376, -0.0516387805930846, -0.09868919042046512, -0.08443011451790777, -0.10211117916429342, -0.08626678988637358, 0.5343421356484752, -0.5287940261347329, -0.25382744097354765, 0.6602261679619611, -0.8187168681873442, 0.4634358722434787]",AAPL,smoke,42,"[1, 1, 4]",8.381966011250105,0.05,PM quotient harmonic basis,imag,
PMQDK_MODE_24_REAL,PM_QDK_HARMONIC,PM_QDK,22,False,0.6821242603642226,-2.4424906541753444e-15,True,"{""B1"": 0.4710875904329789, ""B2"": -0.6821242603642226, ""B3"": -0.1518715210251753, ""B4"": 0.36290819095641647}","[-1.0219863732916794e-15, -0.1880747999483891, 0.659162390381369, -0.8272912936656873, 0.3562037032327088, 0.28269969662877076, -0.6473027450810194, 0.15356637852100458, 0.005587451549316575, 0.0339275609122784, -0.07107609540464452, 0.005327110888685295, -0.31987590132080074, 0.19423835234998968, -0.09551423665105922, 0.15278594399137538, -0.1502405112567466, -0.49285286758157404, 0.6274654897663806, -0.29461702749392643, -0.36440954521550345, 0.9802909453974702]",AAPL,smoke,42,"[1, 2, 1]",8.381966011250107,0.05,PM quotient harmonic basis,real,
PMQDK_MODE_24_IMAG,PM_QDK_HARMONIC,PM_QDK,22,False,0.3002356805747731,-1.6653345369377348e-16,True,"{""B1"": -0.003428870798723782, ""B2"": -0.3002356805747731, ""B3"": 0.17195242288111953, ""B4"": 0.1317121284923774}","[-1.222563780222543e-15, 0.8479409613604946, -0.8513698321592171, -0.3141159664871127, 0.31754483728583704, -0.6257494329158938, 0.09819826593837373, 0.22388661560402254, -0.02414158900434529, 0.24057015151183112, -0.2792342251578231, 0.051638780593085236, 0.0986891904204641, 0.08443011451790747, 0.10211117916429384, 0.08626678988637299, -0.5343421356484757, 0.5287940261347325, 0.2538274409735497, -0.6602261679619622, 0.8187168681873437, -0.46343587224347743]",AAPL,smoke,42,"[1, 2, 1]",8.381966011250107,0.05,PM quotient harmonic basis,imag,
PMQDK_MODE_25_REAL,PM_QDK_HARMONIC,PM_QDK,22,False,1.3169979514588914,5.578870698741412e-15,True,"{""B1"": 0.07674916019041997, ""B2"": 1.3169979514588914, ""B3"": -0.5752986238548967, ""B4"": -0.8184484877944093}","[8.174647584229088e-16, 0.026028523588249804, 0.05072063660216934, -0.06015882098426996, -0.016590339206144812, 0.5071462548465996, 0.45700635473937956, 0.42959450206332706, 0.2745172207559568, 0.1005822631371721, -0.09250942448206956, -0.39992416565803895, -0.22449572024927889, -0.23346879735863824, -0.26205605694279727, -0.5000523591768641, -0.29111859761649633, -0.2558194184162189, 0.01911039758695304, 0.17806413301177446, 0.08541552881233264, 0.20800788494690736]",AAPL,smoke,42,"[1, 2, 4]",8.381966011250107,0.05,PM quotient harmonic basis,real,
PMQDK_MODE_25_IMAG,PM_QDK_HARMONIC,PM_QDK,22,False,4.516930488928791,-1.4432899320127035e-15,True,"{""B1"": -0.2609292705095608, ""B2"": 2.360339100801543, ""B3"": 2.4175206586368088, ""B4"": -4.516930488928791}","[5.606583992917709e-16, -0.11864953409056174, -0.1422797364189996, 0.08406099556069418, 0.17686827494886784, 0.6735196862082649, 0.8066311676655848, 0.6192589764181312, 0.617779894024037, 0.6803208606131137, 0.45749220846726874, 0.4724562854861181, 0.16692998161994754, 0.022541428426323385, -0.08115034600726144, -0.23459533300245441, -0.38147256461530915, -0.6439092216190759, -0.7243823180110547, -0.7760387895547229, -0.8964165616730799, -0.7789653544458334]",AAPL,smoke,42,"[1, 2, 4]",8.381966011250107,0.05,PM quotient harmonic basis,imag,
PMQDK_MODE_26_REAL,PM_QDK_HARMONIC,PM_QDK,22,False,1.2838199080539525,-3.3306690738754696e-16,True,"{""B1"": -1.2838199080539525, ""B2"": 0.48967698659457626, ""B3"": 0.24689875711631182, ""B4"": 0.547244164343064}","[2.366771236244676e-16, -0.7495485398292682, -0.5342713682246846, 0.6021541936915522, 0.6816657143624008, -0.39828226879464873, -0.6003220885639086, 0.20446143589918067, 0.47259688439748687, -0.10004520852143947, -0.5253505584298228, 0.21063287544510573, 0.3910434769365617, -0.20197871271158024, -0.49551828343842275, 0.1175571219982504, 0.6768528831116275, -0.06123354461105782, -0.8727723653774592, -0.08610222240253762, 0.8060757052262209, 0.46238486983644267]",AAPL,smoke,42,"[1, 1, 2]",10.618033988749895,0.05,PM quotient harmonic basis,real,
PMQDK_MODE_26_IMAG,PM_QDK_HARMONIC,PM_QDK,22,False,0.5788382016811764,-1.3322676295501878e-15,True,"{""B1"": 0.11329450947277969, ""B2"": 0.15575587815236075, ""B3"": -0.5788382016811764, ""B4"": 0.3097878140560346}","[-1.3183241961739918e-15, -0.3759661438305024, 0.48926065330328344, 0.547524025100553, -0.6608185345733336, -0.6460386319231545, 0.3731564867431712, 0.5419325328051247, -0.13281423137788217, -0.42942262121017066, -0.02287818580121963, 0.6865080162839453, -0.30760869436955673, -0.37262248520629265, 0.17700946831653835, 0.5192576005882513, -0.02287887086074301, -0.723584491738852, -0.04208730851637919, 0.913231687466966, 0.14965921713612276, -0.6608194883358696]",AAPL,smoke,42,"[1, 1, 2]",10.618033988749895,0.05,PM quotient harmonic basis,imag,
PMQDK_MODE_27_REAL,PM_QDK_HARMONIC,PM_QDK,22,False,0.7182498323176155,-1.9984014443252818e-15,True,"{""B1"": 0.0871509725654922, ""B2"": -0.47193393597624905, ""B3"": 0.7182498323176155, ""B4"": -0.3334668689068608}","[-1.2629811699465656e-15, 0.27170512893033655, -0.18455415636484307, -0.5023835407442907, 0.41523256817879717, -0.7938181796985253, 0.7489303167285302, -0.3398951004407604, 0.25211500224356415, 0.08408020668252637, -0.18082523269788728, 0.23529119095123244, -0.11257180148686578, 0.44016046662504565, -0.49531479731887096, 0.625383530501436, -0.6023798530530803, 0.6370210582924692, -0.18989192812431932, -0.003997977542453026, 0.3492598818949763, -0.6535467835570188]",AAPL,smoke,42,"[1, 1, 3]",10.618033988749895,0.05,PM quotient harmonic basis,real,
PMQDK_MODE_27_IMAG,PM_QDK_HARMONIC,PM_QDK,22,False,0.20856894357237354,-1.942890293094024e-16,True,"{""B1"": -0.11607063026234743, ""B2"": -0.11598216491453117, ""B3"": 0.023483851604504835, ""B4"": 0.20856894357237354}","[-4.952128784290927e-16, 0.5173410816627654, -0.6334117119251124, 0.5240074374159269, -0.40793680715357866, 0.08501831948626978, 0.17815875197641112, -0.49522986663956037, 0.675412589464539, -0.6594794515790101, 0.573273066098715, -0.6037384779463709, 0.5906057407886931, -0.5525896152220612, 0.43431945674291206, -0.16265537198677085, -0.2679546607359577, 0.5380358377759793, -0.6468304116584048, 0.6330968019896764, -0.49563601359821413, 0.1761933050431532]",AAPL,smoke,42,"[1, 1, 3]",10.618033988749895,0.05,PM quotient harmonic basis,imag,
PMQDK_MODE_28_REAL,PM_QDK_HARMONIC,PM_QDK,22,False,0.7182498323176172,-2.1094237467877974e-15,True,"{""B1"": 0.08715097256549201, ""B2"": -0.47193393597624933, ""B3"": 0.7182498323176172, ""B4"": -0.33346686890686195}","[-1.2629811699465666e-15, 0.2717051289303377, -0.18455415636484443, -0.5023835407442896, 0.4152325681787964, -0.7938181796985254, 0.7489303167285299, -0.33989510044076066, 0.2521150022435652, 0.08408020668252561, -0.18082523269788647, 0.2352911909512322, -0.11257180148686413, 0.4401604666250449, -0.49531479731887035, 0.6253835305014351, -0.6023798530530813, 0.6370210582924694, -0.18989192812432046, -0.003997977542452087, 0.3492598818949764, -0.6535467835570187]",AAPL,smoke,42,"[1, 2, 2]",10.618033988749897,0.05,PM quotient harmonic basis,real,
PMQDK_MODE_28_IMAG,PM_QDK_HARMONIC,PM_QDK,22,False,0.20856894357237588,8.326672684688674e-17,True,"{""B1"": 0.11607063026234721, ""B2"": 0.11598216491453289, ""B3"": -0.02348385160450428, ""B4"": -0.20856894357237588}","[4.952128784290894e-16, -0.5173410816627652, 0.6334117119251119, -0.5240074374159277, 0.4079368071535795, -0.08501831948627006, -0.178158751976409, 0.4952298666395602, -0.6754125894645385, 0.6594794515790099, -0.5732730660987145, 0.6037384779463707, -0.5906057407886937, 0.5525896152220618, -0.43431945674291234, 0.16265537198677116, 0.26795466073595614, -0.5380358377759784, 0.6468304116584044, -0.6330968019896768, 0.4956360135982138, -0.1761933050431538]",AAPL,smoke,42,"[1, 2, 2]",10.618033988749897,0.05,PM quotient harmonic basis,imag,
PMQDK_MODE_29_REAL,PM_QDK_HARMONIC,PM_QDK,22,False,1.2838199080539519,-4.996003610813204e-16,True,"{""B1"": -1.2838199080539519, ""B2"": 0.48967698659457704, ""B3"": 0.24689875711631085, ""B4"": 0.5472441643430637}","[2.366771236244655e-16, -0.7495485398292687, -0.5342713682246832, 0.6021541936915531, 0.6816657143623991, -0.39828226879464895, -0.6003220885639068, 0.2044614358991805, 0.4725968843974863, -0.1000452085214398, -0.5253505584298221, 0.21063287544510573, 0.3910434769365611, -0.20197871271158038, -0.49551828343842236, 0.11755712199825046, 0.6768528831116275, -0.061233544611058316, -0.8727723653774596, -0.08610222240253587, 0.8060757052262203, 0.4623848698364415]",AAPL,smoke,42,"[1, 2, 3]",10.618033988749897,0.05,PM quotient harmonic basis,real,
PMQDK_MODE_29_IMAG,PM_QDK_HARMONIC,PM_QDK,22,False,0.5788382016811748,1.2212453270876722e-15,True,"{""B1"": -0.11329450947278158, ""B2"": -0.1557558781523607, ""B3"": 0.5788382016811748, ""B4"": -0.3097878140560314}","[1.3183241961739922e-15, 0.37596614383050103, -0.48926065330328394, -0.5475240251005515, 0.6608185345733343, 0.6460386319231546, -0.37315648674317325, -0.5419325328051248, 0.13281423137788242, 0.4294226212101706, 0.0228781858012183, -0.6865080162839454, 0.3076086943695572, 0.3726224852062918, -0.17700946831653844, -0.5192576005882503, 0.022878870860746484, 0.7235844917388521, 0.042087308516378076, -0.9132316874669667, -0.14965921713612237, 0.6608194883358698]",AAPL,smoke,42,"[1, 2, 3]",10.618033988749897,0.05,PM quotient harmonic basis,imag,
PHQO_ENERGY_LAG_01,PHQO_ENERGY_FIELD,PHQO,22,False,0.037062265489993085,2.418204525511669e-15,True,"{""B1"": 0.017565528430828863, ""B2"": -0.01100277436364961, ""B3"": -0.037062265489993085, ""B4"": 0.030499511422816317}","[7.54235107958212e-16, -0.040921761455599816, 0.05848728988642792, -0.045339105415665125, 0.027773576984836783, -0.11186734894539317, 0.08735894798373774, 0.031071155028834153, 0.06663983950103637, 0.03110601590550178, -0.01248046414027709, -0.06135634646580237, -0.13171304152436678, 0.070741731233915, 0.0073389919746343095, 0.12574483564567734, -0.0099656527867359, 0.042154596609104, -0.09204246531928592, -0.0662185848649719, -0.0013970225600070227, 0.024884812724401392]",AAPL,smoke,42,,,0.05,Prime-harmonic quotient energy row,,12.0
PHQO_ENERGY_LAG_02,PHQO_ENERGY_FIELD,PHQO,22,False,0.12979172812840434,-5.967448757360216e-16,True,"{""B1"": 0.07896015656385291, ""B2"": -0.12979172812840434, ""B3"": -0.046562751573962294, ""B4"": 0.09739432313851312}","[-2.077897471669481e-16, 0.14386212653430075, -0.06490196997044764, 0.012553245338455017, -0.0915134019023082, -0.0021331435542165426, -0.12942561848213904, 0.08072719047180445, 0.058228950189086796, 0.08637024001982949, 0.031624190008520875, -0.056204668010218256, -0.02052498992361391, -0.1460564738575673, 0.10471429296456611, 0.014912184586722069, 0.08092749982733632, 0.004699769422257179, 0.07527427833002513, -0.09957113108208798, -0.0444032310410263, -0.03915933986927941]",AAPL,smoke,42,,,0.05,Prime-harmonic quotient energy row,,12.0
PHQO_ENERGY_LAG_03,PHQO_ENERGY_FIELD,PHQO,22,False,0.26473385731560806,-5.93275428784068e-16,True,"{""B1"": 0.07138568889244168, ""B2"": -0.26473385731560806, ""B3"": 0.19017689193975948, ""B4"": 0.0031712764834063434}","[-4.7096029277661803e-17, -0.04987231607225614, 0.12125800496469787, -0.07352420779686643, 0.002138518904424929, -0.06907161981873862, 0.006533436668610845, -0.1308099852730388, 0.08122369859018362, 0.06160015596940614, 0.07971148839254952, 0.046294061042986286, -0.06679173917042586, -0.011860772884940229, -0.14661856799085876, 0.09878942769322682, 0.027813173816232988, 0.07634371947876661, 0.004161282091622915, 0.08287989311702823, -0.1094292962670381, -0.03076835545557439]",AAPL,smoke,42,,,0.05,Prime-harmonic quotient energy row,,12.0
PHQO_ENERGY_LAG_04,PHQO_ENERGY_FIELD,PHQO,22,False,0.049689906705292886,-1.3877787807814457e-16,True,"{""B1"": -0.04736626268806843, ""B2"": 0.005326915580315382, ""B3"": 0.049689906705292886, ""B4"": -0.007650559597539991}","[-1.3920815588751882e-16, 0.009660013881194631, -0.05702627656926292, 0.12256351022068647, -0.07519724753261778, 0.030911894202010636, -0.06744405619320759, -0.005507185116556358, -0.1308695569430395, 0.08477667384702209, 0.04943640348202219, 0.07472802989484656, 0.04381268551790372, -0.07219432909346216, -0.0101292315189661, -0.15401266245052786, 0.0932525391748579, 0.018720776167916422, 0.08050037581581519, 0.0005498052045614728, 0.07366436476649499, -0.11019652675769201]",AAPL,smoke,42,,,0.05,Prime-harmonic quotient energy row,,12.0
PHQO_ENERGY_LAG_05,PHQO_ENERGY_FIELD,PHQO,22,False,0.10032939256444634,-7.91033905045424e-16,True,"{""B1"": -0.10032939256444634, ""B2"": 0.01772741884458867, ""B3"": 0.07788189844067515, ""B4"": 0.004720075279181751}","[-7.579858275122183e-17, -0.09377248993589041, -0.006556902628555865, -0.03087676434238164, 0.13120615690682813, -0.03243817532946085, 0.04248948727146748, -0.09265328566186445, -0.01745757645948551, -0.13016521624877553, 0.06370367118729398, 0.08653810104286384, 0.02758078725951205, 0.04768213165926632, -0.08477774152581072, -0.014328389727374139, -0.13990298502339224, 0.07162940103090844, 0.0006522091426012034, 0.08373680086775781, -0.016937106130459227, 0.10464788664495063]",AAPL,smoke,42,,,0.05,Prime-harmonic quotient energy row,,12.0
PHQO_ENERGY_LAG_06,PHQO_ENERGY_FIELD,PHQO,22,False,0.18736411527082614,4.40619762898109e-16,True,"{""B1"": -0.02233095905600081, ""B2"": 0.18736411527082614, ""B3"": -0.07727965032831853, ""B4"": -0.08775350588650639}","[-9.259389398374675e-17, 0.020680004190951146, -0.04301096324695186, 0.012885155275408516, 0.00944580378059183, 0.1301344628413989, -0.03288841508628258, 0.06778710845970948, -0.10510586098912246, -0.03609035779320607, -0.1148158567925384, 0.043331900118458895, 0.11079323608275567, 0.02460728904533385, 0.03209769970809954, -0.09344074891249138, -0.002251202988561974, -0.13556938129551385, 0.06761341666838011, -0.005453145695485397, 0.07812214286363117, -0.028872286234564618]",AAPL,smoke,42,,,0.05,Prime-harmonic quotient energy row,,12.0
PHQO_ENERGY_LAG_07,PHQO_ENERGY_FIELD,PHQO,22,False,0.12398578926922776,1.0547118733938987e-15,True,"{""B1"": -0.02499642588121591, ""B2"": 0.12398578926922776, ""B3"": -0.057079048165977586, ""B4"": -0.04191031522203323}","[2.5921303457274157e-16, -0.060979266957941924, 0.03598284107672576, -0.011030976254570704, 0.03602740213578622, 0.004793690589487615, 0.13342615078106934, -0.0392304779825447, 0.054366172083977364, -0.1132842468910742, -0.03647214288649402, -0.08803213686387903, 0.012669354011925347, 0.11367395237956698, 0.008974532229849343, 0.03834183430706235, -0.08130177921381061, -0.00942171710610629, -0.15700914820897396, 0.06828231252543888, -0.006663382010055595, 0.09688703225456265]",AAPL,smoke,42,,,0.05,Prime-harmonic quotient energy row,,12.0
PHQO_ENERGY_LAG_08,PHQO_ENERGY_FIELD,PHQO,22,False,0.16339762493631865,-4.371503159461554e-16,True,"{""B1"": 0.0026350319596780553, ""B2"": 0.14142203572803846, ""B3"": -0.16339762493631865, ""B4"": 0.01934055724860166}","[-5.125543302865359e-17, 0.05007152217031186, -0.04743649021063376, 0.014861042157997236, -0.017496074117674777, -0.013737926387526765, -0.003217112625008171, 0.16101210670025096, -0.030647518741505373, 0.05149614095895023, -0.08953493317753612, -0.05630635639263963, -0.05424128192401789, 0.015836324340430134, 0.12104951132990004, 0.016859744597056442, 0.035160632255392524, -0.05933433456559972, -4.984775692206986e-05, -0.1550495781711753, 0.0864131149680062, -0.025708685408056438]",AAPL,smoke,42,,,0.05,Prime-harmonic quotient energy row,,12.0
PHQO_ENERGY_LAG_09,PHQO_ENERGY_FIELD,PHQO,22,False,0.18494513907515,-5.551115123125783e-16,True,"{""B1"": 0.0987184749997365, ""B2"": -0.18494513907515, ""B3"": 0.00048631517256608747, ""B4"": 0.08574034890284685}","[-1.3768555780870044e-17, 0.07659706749993786, 0.022121407499798657, -0.07533245214418188, -0.023386022855554887, -0.04218616529465848, -0.02548895781456756, -0.018551540966187188, 0.17999785091500708, -0.013238932247980015, 0.04711443266144706, -0.10493302103709584, -0.04569489937456236, -0.06275911574424983, 0.04000735261793776, 0.1322041901751522, -0.0156324230809901, 0.04212503284095086, -0.04190628302657525, -0.0033823975144025974, -0.13713245754194095, 0.06945733443271494]",AAPL,smoke,42,,,0.05,Prime-harmonic quotient energy row,,12.0
PHQO_ENERGY_LAG_10,PHQO_ENERGY_FIELD,PHQO,22,False,0.1557012220372879,5.273559366969494e-16,True,"{""B1"": 0.08575331222026962, ""B2"": -0.1557012220372879, ""B3"": 0.08605405892649244, ""B4"": -0.01610614910947361}","[4.8394241216073135e-17, 0.009603130973023639, 0.07615018124724593, -0.0030563290196115975, -0.0826969832006577, -0.031684478477800024, -0.03994712279232302, 0.001683691453104458, -0.012769171900994303, 0.17746792887321658, 0.0008459282573516104, 0.03310936546966968, -0.07544518048117112, -0.03715481129158002, -0.059190748704011815, 0.034065005635380154, 0.14329924077730594, -0.0023886922191784688, 0.05298031221218598, -0.03558019696854759, -0.0032264554149314213, -0.14606461442767638]",AAPL,smoke,42,,,0.05,Prime-harmonic quotient energy row,,12.0
PHQO_ENERGY_LAG_11,PHQO_ENERGY_FIELD,PHQO,22,False,0.1310849466443747,4.85722573273506e-16,True,"{""B1"": -0.03663416730345168, ""B2"": -0.1310849466443747, ""B3"": 0.09406356978273313, ""B4"": 0.07365554416509372}","[2.0002127314362162e-16, 0.0016433528075735428, -0.03827752011102543, 0.0720106101502284, -0.03537644284677623, -0.04895379896014936, -0.03216874718297917, -0.08659656780469834, 0.010297053888587327, 0.008085080785617918, 0.14551288439614438, 0.014478931458767323, 0.0002834703507459864, -0.08459385109712982, -0.022540864195582544, -0.056964665790422545, 0.009578398288144404, 0.12459061756497707, 0.0022861870583144994, 0.04983222625674153, -0.03959441964557298, 0.006468064628494294]",AAPL,smoke,42,,,0.05,Prime-harmonic quotient energy row,,12.0
PHQO_ENERGY_LAG_12,PHQO_ENERGY_FIELD,PHQO,22,False,0.09023413155885812,-5.273559366969494e-16,True,"{""B1"": -0.053327768411392265, ""B2"": -0.00971873956288644, ""B3"": 0.09023413155885812, ""B4"": -0.027187623584579934}","[-2.368587435065453e-16, -0.05834586522244754, 0.005018096811055513, -0.03293653089757778, 0.0862642993089694, -0.00481865065920872, -0.03752790833697399, -0.02069994897809534, -0.09539140005183182, 0.0025180913931212054, 0.00754592929695514, 0.15492928550927118, 0.011295937423855817, 0.009336287987486607, -0.09675503937070495, -0.03535907165598062, -0.03207335106148178, 0.004385914743184271, 0.11899164296192255, 0.007972648668613453, 0.0326317930182347, -0.02698216088836755]",AAPL,smoke,42,,,0.05,Prime-harmonic quotient energy row,,12.0
PHQO_ENERGY_LAG_13,PHQO_ENERGY_FIELD,PHQO,22,False,0.08763020625401496,-1.1796119636642288e-16,True,"{""B1"": -0.03301416922268752, ""B2"": 0.08763020625401496, ""B3"": 0.0017854736779267316, ""B4"": -0.05640151070925434}","[-1.3882375033250346e-16, 0.0032345018665384823, -0.03624867108922586, 0.038521587161247456, -0.005507417938559952, 0.11483001266124693, -0.004897051812968506, -0.05531692381695097, -0.03303969731491279, -0.10111953087411986, -0.010060559806119026, 0.006949493781642485, 0.1395431329192414, -0.00048736502780546265, -0.0017924260234557364, -0.1020482788528961, -0.04028161011323859, -0.047977538013064314, -0.0049945248185294935, 0.10841937483613615, -0.002721174002232035, 0.03499466627802576]",AAPL,smoke,42,,,0.05,Prime-harmonic quotient energy row,,12.0
PHQO_ENERGY_LAG_14,PHQO_ENERGY_FIELD,PHQO,22,False,0.21719535296653358,-5.967448757360216e-16,True,"{""B1"": -0.0773316172513295, ""B2"": 0.21719535296653358, ""B3"": -0.054422534317690285, ""B4"": -0.08544120139751439}","[-2.867303485180882e-17, -0.11291622396460428, 0.0355846067132748, -0.0033686161765677956, 0.0807002334278976, -0.006357361888218882, 0.1274373335342477, 0.018783764069174987, -0.07717015844218607, -0.05454387461774314, -0.08695982189268903, 0.021405425976902235, -0.012997965898794572, 0.15584386055682029, -0.029901580641122385, -0.004492289384098735, -0.0591970340275682, -0.04137040488365518, -0.07530508593806626, 0.0037452218309676063, 0.09780947316500652, 0.02327049848102225]",AAPL,smoke,42,,,0.05,Prime-harmonic quotient energy row,,12.0
PHQO_ENERGY_LAG_15,PHQO_ENERGY_FIELD,PHQO,22,False,0.18987633263386897,-5.689893001203927e-16,True,"{""B1"": -0.010374316025048153, ""B2"": 0.15043147531308906, ""B3"": -0.18987633263386897, ""B4"": 0.049819173345827514}","[-1.0022142703779268e-16, 0.09721190722578768, -0.10758622325083574, 0.02696619191588711, -0.016591875890839543, 0.04299913581161826, -0.022286478935825887, 0.11934450241224913, 0.03002109117722695, -0.06978226607341467, -0.05059316764710693, -0.11114623458611962, 0.03855073824444006, -0.026926493748894748, 0.17134447170864617, -0.0170827447098277, -0.037474542606803274, -0.05030901740585366, -0.03006078934421909, -0.08497032974439205, 0.024676776545316484, 0.07369534890296064]",AAPL,smoke,42,,,0.05,Prime-harmonic quotient energy row,,12.0
PHQO_ENERGY_LAG_16,PHQO_ENERGY_FIELD,PHQO,22,False,0.10155556288925308,2.213507155346406e-15,True,"{""B1"": 0.10036472428807713, ""B2"": -0.10155556288925308, ""B3"": 0.0034944265811659714, ""B4"": -0.0023035879799878645}","[4.995486509795061e-16, -0.0037249525414490745, 0.1040896768295257, -0.1244524254356092, 0.02408770114753238, -0.05049397881710554, 0.04275537655478652, 0.0065477636611427775, 0.12297777470003492, 0.024904538109674516, -0.0489135910669349, -0.05426531668864834, -0.0904403713426376, 0.0492313928696774, -0.026452662999666823, 0.1750659937601494, -0.004688737812427665, -0.020197069148031134, -0.04775674213410305, -0.022539576257539776, -0.07565842387610856, 0.01992363048773977]",AAPL,smoke,42,,,0.05,Prime-harmonic quotient energy row,,12.0
PHQO_ENERGY_LAG_17,PHQO_ENERGY_FIELD,PHQO,22,False,0.09874237128427879,-9.71445146547012e-17,True,"{""B1"": 0.07768823202136294, ""B2"": -0.09874237128427879, ""B3"": -0.019747415211799027, ""B4"": 0.04080155447471476}","[-4.980916686099934e-17, 0.09478813782647834, -0.01709990580511534, 0.07538176896584108, -0.15307000098720414, 0.002183063693659383, -0.06237086640605113, 0.039133663449476025, 0.023821505746621802, 0.13516207097607602, 0.026228237170557157, -0.07758962928056572, -0.0274055929479482, -0.09996400687654011, 0.0708467213171451, -0.02087770988888514, 0.1458227607232489, 0.005371835303587279, 0.0007607321640770606, -0.05293879130601685, -0.0075335909753315635, -0.10065040286311004]",AAPL,smoke,42,,,0.05,Prime-harmonic quotient energy row,,12.0
PHQO_ENERGY_LAG_18,PHQO_ENERGY_FIELD,PHQO,22,False,0.19337062664849836,-5.620504062164855e-16,True,"{""B1"": -0.010627414366422512, ""B2"": -0.19337062664849836, ""B3"": 0.1330474105770225, ""B4"": 0.07095063043789782}","[-6.134295924155959e-17, -0.05673973200144406, 0.04611231763502161, -0.033241050841622787, 0.04386846520804563, -0.13311255272870215, 0.009694892207342279, -0.08058038049356134, 0.04615073352265215, 0.037646623860933474, 0.11947949757476047, 0.052419664179007223, -0.10381196282002103, -0.018837145740309792, -0.0918956026220292, 0.07158764081845209, -0.017571218100540985, 0.1382800256785607, 0.005927463059280284, 0.010380513553050157, -0.05795458566451057, 0.012196393715635329]",AAPL,smoke,42,,,0.05,Prime-harmonic quotient energy row,,12.0
PHQO_ENERGY_LAG_19,PHQO_ENERGY_FIELD,PHQO,22,False,0.0698273433630827,-2.636779683484747e-16,True,"{""B1"": 0.004592547191254216, ""B2"": -0.0698273433630827, ""B3"": 0.05818253158495505, ""B4"": 0.007052264586873205}","[-1.1708763048934418e-16, 0.06297829904813758, -0.05838575185688325, 0.03483862642081319, -0.03943117361206742, 0.06617516016374382, -0.13645269524615317, 0.005042738910580868, -0.07478582800260242, 0.05078893988442392, 0.030254374980461587, 0.0923271602255401, 0.07357304502881042, -0.11397516053167857, -0.010082312434665097, -0.10141113913157905, 0.0564063750422576, -0.020230032082507284, 0.15392236211346777, -0.0012754538376914108, 0.004981603987373496, -0.07525913906978283]",AAPL,smoke,42,,,0.05,Prime-harmonic quotient energy row,,12.0
PHQO_ENERGY_LAG_20,PHQO_ENERGY_FIELD,PHQO,22,False,0.1297626489740779,-1.0408340855860843e-15,True,"{""B1"": -0.050428599825997206, ""B2"": -0.007187925396190453, ""B3"": 0.1297626489740779, ""B4"": -0.0721461237518913}","[-2.4651890808349646e-16, -0.11985758646173258, 0.06942898663573563, -0.016942961450168593, 0.06737156127616586, 0.009808860661824409, 0.0819777161848299, -0.14940310206884203, -0.017046262092980265, -0.08520610935082827, 0.03579080759221683, 0.06953563719003518, 0.04620809721395074, 0.0804804784216837, -0.13952970448345936, -0.019636132123730003, -0.07174641131761389, 0.03376601821915609, -0.04649125487853464, 0.15736425255812095, -0.025963536130311233, 0.04009064440448079]",AAPL,smoke,42,,,0.05,Prime-harmonic quotient energy row,,12.0
PHQO_ENERGY_LAG_21,PHQO_ENERGY_FIELD,PHQO,22,False,0.2779169037964295,7.008282842946301e-16,True,"{""B1"": -0.10513015491324908, ""B2"": 0.2779169037964295, ""B3"": -0.11783634239947757, ""B4"": -0.0549504064837021}","[1.620925629949591e-16, -0.016516804723199593, -0.08861335019004965, 0.09199847529535259, 0.013131679617896243, 0.06876109271311119, 0.011715156342668615, 0.09231049982740086, -0.16144379618812102, -0.029888879997378826, -0.07838272986588063, 0.03624087034130488, 0.06952056590102651, 0.046117627409571475, 0.06588935468240066, -0.14276190702696337, -0.007528117962870197, -0.0732177155383787, 0.02332769348319725, -0.049132154302917556, 0.1523835441797328, -0.023911103997902965]",AAPL,smoke,42,,,0.05,Prime-harmonic quotient energy row,,12.0
PHQO_ENERGY_LAG_22,PHQO_ENERGY_FIELD,PHQO,22,False,0.09293643242510223,7.216449660063518e-16,True,"{""B1"": -0.02372450133872593, ""B2"": 0.09293643242510223, ""B3"": -0.08389438452814073, ""B4"": 0.014682453441765213}","[1.0123245426679282e-16, -0.011905278250119493, -0.01181922308860654, -0.07385949988195677, 0.09758400122068221, 0.0004774833416116895, 0.06637139870498134, 0.002363049039783753, 0.08877361652644235, -0.16207607784732067, -0.031076190048530246, -0.06664717559353155, 0.019549957036259644, 0.06758148539853974, 0.04284210387727036, 0.07413172878266952, -0.14619704010972312, -0.010093782987436382, -0.08249560204302586, 0.02164997274936766, -0.04353302207575032, 0.15837809524839336]",AAPL,smoke,42,,,0.05,Prime-harmonic quotient energy row,,12.0
