model_name,condition,loss_variant,loss_metric,n_obs_total,n_assets,pooled_cp_loss,pooled_model_loss,pooled_advantage_cp_minus_model,assets_positive
HAR_RV,all_rows,standard,SMAPE,367468,10,100.87996479236024,102.17009400940049,-1.2901292170402636,1
HAR_RV,all_rows,standard,MAE,367468,10,0.0005862627333686,0.0006037872445987,-1.752451123009843e-05,0
HAR_RV,all_rows,standard,MSE,367468,10,2.195810003722176e-06,2.241665494002838e-06,-4.585549028066224e-08,0
HAR_RV,all_rows,standard,RMSE,367468,10,0.001388809861051,0.0014029618740851,-1.4152013034178274e-05,0
HAR_RV,all_rows,standard,QLIKE,367468,10,296920.5433224973,4.631986630753895,296915.91133586655,10
HAR_RV,all_rows,standard,log_RV_MAE,367468,10,5.013575715182238,5.055630554761998,-0.0420548395797588,0
HAR_RV,all_rows,standard,log_RV_MSE,367468,10,86.01532967319302,87.09802147350473,-1.082691800311712,1
HAR_RV,all_rows,standard,winsorized_SMAPE_1_99,367468,10,100.88870917101808,102.17903709983553,-1.2903279288174216,1
HAR_RV,all_rows,excluding_near_zero_actual_bottom_asset_decile,SMAPE,280990,10,70.80150601340222,72.43573228015744,-1.634226266755232,1
HAR_RV,all_rows,excluding_near_zero_actual_bottom_asset_decile,MAE,280990,10,0.0006347107778826,0.0006462202868561,-1.150950897355082e-05,3
HAR_RV,all_rows,excluding_near_zero_actual_bottom_asset_decile,MSE,280990,10,2.7844815379535592e-06,2.8368884449843894e-06,-5.24069070308302e-08,0
HAR_RV,all_rows,excluding_near_zero_actual_bottom_asset_decile,RMSE,280990,10,0.0015906907657762,0.0016055289426073,-1.4838176831168434e-05,0
HAR_RV,all_rows,excluding_near_zero_actual_bottom_asset_decile,QLIKE,280990,10,387469.9542930861,0.6085691794712313,387469.3457239067,10
HAR_RV,all_rows,excluding_near_zero_actual_bottom_asset_decile,log_RV_MAE,280990,10,0.8477474698162,0.8558277658505066,-0.0080802960343064,5
HAR_RV,all_rows,excluding_near_zero_actual_bottom_asset_decile,log_RV_MSE,280990,10,1.4753525524316455,1.2519496304298372,0.2234029220018082,10
HAR_RV,all_rows,excluding_near_zero_actual_bottom_asset_decile,winsorized_SMAPE_1_99,280990,10,70.73639077833658,72.37148813440923,-1.6350973560726672,1
HAR_RV,all_rows,high_vol_actual_top_asset_quintile,SMAPE,73496,10,74.0205758822783,78.34043884760837,-4.319862965330052,0
HAR_RV,all_rows,high_vol_actual_top_asset_quintile,MAE,73496,10,0.0013977588560888,0.0014468934677236,-4.913461163474521e-05,0
HAR_RV,all_rows,high_vol_actual_top_asset_quintile,MSE,73496,10,9.91631467307809e-06,1.0165547281913373e-05,-2.49232608835283e-07,0
HAR_RV,all_rows,high_vol_actual_top_asset_quintile,RMSE,73496,10,0.0029503490075918,0.0029858988116926,-3.5549804100784135e-05,0
HAR_RV,all_rows,high_vol_actual_top_asset_quintile,QLIKE,73496,10,577828.0338365107,1.272294671171166,577826.7615418393,9
HAR_RV,all_rows,high_vol_actual_top_asset_quintile,log_RV_MAE,73496,10,0.8562913770706451,0.897262722826127,-0.0409713457554817,0
HAR_RV,all_rows,high_vol_actual_top_asset_quintile,log_RV_MSE,73496,10,1.2429973653708484,1.153880985267997,0.0891163801028512,9
HAR_RV,all_rows,high_vol_actual_top_asset_quintile,winsorized_SMAPE_1_99,73496,10,73.97732781808993,78.31383555009423,-4.336507732004295,0
HAR_RV,all_observations,standard,SMAPE,367248,10,100.86366051352246,102.15141709422994,-1.2877565807074738,1
HAR_RV,all_observations,standard,MAE,367248,10,0.0005861095985985,0.0006035874743551,-1.7477875756574622e-05,0
HAR_RV,all_observations,standard,MSE,367248,10,2.193500144908159e-06,2.239257050654467e-06,-4.57569057463077e-08,0
HAR_RV,all_observations,standard,RMSE,367248,10,0.0013880844118661,0.0014022180165701,-1.4133604703937658e-05,0
HAR_RV,all_observations,standard,QLIKE,367248,10,297098.4085887108,4.629545588042107,297093.77904312283,10
HAR_RV,all_observations,standard,log_RV_MAE,367248,10,5.011387938732,5.053295207418615,-0.0419072686866143,0
HAR_RV,all_observations,standard,log_RV_MSE,367248,10,85.97070871507968,87.05014085021911,-1.0794321351394254,1
HAR_RV,all_observations,standard,winsorized_SMAPE_1_99,367248,10,100.87240025609772,102.1603636437833,-1.2879633876855778,1
HAR_RV,all_observations,excluding_near_zero_actual_bottom_asset_decile,SMAPE,280865,10,70.7998613143532,72.43097508841274,-1.6311137740595367,1
HAR_RV,all_observations,excluding_near_zero_actual_bottom_asset_decile,MAE,280865,10,0.0006344831477051,0.0006459681094576,-1.1484961752510434e-05,3
HAR_RV,all_observations,excluding_near_zero_actual_bottom_asset_decile,MSE,280865,10,2.7811051718795994e-06,2.833417201113916e-06,-5.231202923431648e-08,0
HAR_RV,all_observations,excluding_near_zero_actual_bottom_asset_decile,RMSE,280865,10,0.0015897076573964,0.0016045297062396,-1.4822048843204102e-05,0
HAR_RV,all_observations,excluding_near_zero_actual_bottom_asset_decile,QLIKE,280865,10,387642.3986589653,0.6082341699583903,387641.7904247954,10
HAR_RV,all_observations,excluding_near_zero_actual_bottom_asset_decile,log_RV_MAE,280865,10,0.8477187669523202,0.8557469011316029,-0.0080281341792826,5
HAR_RV,all_observations,excluding_near_zero_actual_bottom_asset_decile,log_RV_MSE,280865,10,1.4753477712987084,1.2517053058186074,0.2236424654801014,10
HAR_RV,all_observations,excluding_near_zero_actual_bottom_asset_decile,winsorized_SMAPE_1_99,280865,10,70.73471741592948,72.36671313374669,-1.631995717817191,1
HAR_RV,all_observations,high_vol_actual_top_asset_quintile,SMAPE,73477,10,74.0098124350625,78.33293547033524,-4.323123035272721,0
HAR_RV,all_observations,high_vol_actual_top_asset_quintile,MAE,73477,10,0.0013967078250143,0.0014458641493295,-4.915632431514385e-05,0
HAR_RV,all_observations,high_vol_actual_top_asset_quintile,MSE,73477,10,9.90175140491125e-06,1.0150690785716009e-05,-2.489393808047604e-07,0
HAR_RV,all_observations,high_vol_actual_top_asset_quintile,RMSE,73477,10,0.0029481653737893,0.0029837017466932,-3.55363729038815e-05,0
HAR_RV,all_observations,high_vol_actual_top_asset_quintile,QLIKE,73477,10,577977.449553732,1.27093568637719,577976.1786180456,9
HAR_RV,all_observations,high_vol_actual_top_asset_quintile,log_RV_MAE,73477,10,0.8560873034002608,0.8970856643666804,-0.0409983609664194,0
HAR_RV,all_observations,high_vol_actual_top_asset_quintile,log_RV_MSE,73477,10,1.2423106282398957,1.153150018740951,0.0891606094989446,9
HAR_RV,all_observations,high_vol_actual_top_asset_quintile,winsorized_SMAPE_1_99,73477,10,73.9666730676769,78.30600829511374,-4.339335227436845,0
HAR_RV,cluster_entry_loose,standard,SMAPE,73457,10,93.56088920634404,92.95960192845736,0.6012872778866808,9
HAR_RV,cluster_entry_loose,standard,MAE,73457,10,0.0007565085518804,0.0007390380835995,1.7470468280945207e-05,9
HAR_RV,cluster_entry_loose,standard,MSE,73457,10,2.4613245517090537e-06,2.5071466797422487e-06,-4.582212803319439e-08,2
HAR_RV,cluster_entry_loose,standard,RMSE,73457,10,0.0014483360606577,0.0014605522592218,-1.221619856411242e-05,2
HAR_RV,cluster_entry_loose,standard,QLIKE,73457,10,175829.54926030466,3.397478265935601,175826.15178203877,8
HAR_RV,cluster_entry_loose,standard,log_RV_MAE,73457,10,3.804190144501006,3.787827098838666,0.0163630456623394,9
HAR_RV,cluster_entry_loose,standard,log_RV_MSE,73457,10,62.079879726914335,61.90129508558595,0.1785846413283933,9
HAR_RV,cluster_entry_loose,standard,winsorized_SMAPE_1_99,73457,10,93.56917055787952,92.9675851819822,0.6015853758973495,9
HAR_RV,cluster_entry_loose,excluding_near_zero_actual_bottom_asset_decile,SMAPE,61461,10,72.99789797170354,72.29162840192956,0.7062695697739846,9
HAR_RV,cluster_entry_loose,excluding_near_zero_actual_bottom_asset_decile,MAE,61461,10,0.0007865964891234,0.0007717848552005,1.4811633922871162e-05,9
HAR_RV,cluster_entry_loose,excluding_near_zero_actual_bottom_asset_decile,MSE,61461,10,2.8317450639894594e-06,2.9024762117020077e-06,-7.073114771254826e-08,1
HAR_RV,cluster_entry_loose,excluding_near_zero_actual_bottom_asset_decile,RMSE,61461,10,0.0015742075191736,0.0015926664868573,-1.8458967683698487e-05,1
HAR_RV,cluster_entry_loose,excluding_near_zero_actual_bottom_asset_decile,QLIKE,61461,10,210144.59489315952,0.5749436255985632,210144.01994953392,8
HAR_RV,cluster_entry_loose,excluding_near_zero_actual_bottom_asset_decile,log_RV_MAE,61461,10,0.8662174520726127,0.846893814974653,0.0193236370979596,9
HAR_RV,cluster_entry_loose,excluding_near_zero_actual_bottom_asset_decile,log_RV_MSE,61461,10,1.3601494572286972,1.1965010516922727,0.1636484055364246,10
HAR_RV,cluster_entry_loose,excluding_near_zero_actual_bottom_asset_decile,winsorized_SMAPE_1_99,61461,10,72.93293539887844,72.22378996644633,0.7091454324321009,9
HAR_RV,cluster_entry_loose,high_vol_actual_top_asset_quintile,SMAPE,22973,10,69.00735262283271,74.74854560048077,-5.7411929776480575,0
HAR_RV,cluster_entry_loose,high_vol_actual_top_asset_quintile,MAE,22973,10,0.0012877885229073,0.001352784304067,-6.49957811596688e-05,0
HAR_RV,cluster_entry_loose,high_vol_actual_top_asset_quintile,MSE,22973,10,6.7247425578925214e-06,7.050326325256953e-06,-3.255837673644311e-07,0
HAR_RV,cluster_entry_loose,high_vol_actual_top_asset_quintile,RMSE,22973,10,0.0023906769741809,0.0024462674506205,-5.559047643964015e-05,0
HAR_RV,cluster_entry_loose,high_vol_actual_top_asset_quintile,QLIKE,22973,10,268014.68012032646,0.8950003048177633,268013.78512002167,3
HAR_RV,cluster_entry_loose,high_vol_actual_top_asset_quintile,log_RV_MAE,22973,10,0.7732837175225007,0.8367340108634532,-0.0634502933409525,0
HAR_RV,cluster_entry_loose,high_vol_actual_top_asset_quintile,log_RV_MSE,22973,10,0.9451687695589692,0.9665219738515116,-0.0213532042925427,2
HAR_RV,cluster_entry_loose,high_vol_actual_top_asset_quintile,winsorized_SMAPE_1_99,22973,10,68.91269580989183,74.66555719327204,-5.7528613833802,0
HAR_RV,recent_spike_position,standard,SMAPE,125358,10,111.5312633098087,111.99805864962404,-0.4667953398153673,4
HAR_RV,recent_spike_position,standard,MAE,125358,10,0.000609182778318,0.0006188285133109,-9.645734992917357e-06,1
HAR_RV,recent_spike_position,standard,MSE,125358,10,2.105711101802365e-06,2.13737444980687e-06,-3.166334800450492e-08,2
HAR_RV,recent_spike_position,standard,RMSE,125358,10,0.0013297050754869,0.0013388396471102,-9.13457162333133e-06,2
HAR_RV,recent_spike_position,standard,QLIKE,125358,10,249149.85066705736,5.876470993970891,249143.97419606333,9
HAR_RV,recent_spike_position,standard,log_RV_MAE,125358,10,6.256003684262452,6.320794565809323,-0.0647908815468703,1
HAR_RV,recent_spike_position,standard,log_RV_MSE,125358,10,109.413873260945,111.63561981775968,-2.221746556814669,1
HAR_RV,recent_spike_position,standard,winsorized_SMAPE_1_99,125358,10,111.54553490151334,112.01148838614849,-0.4659534846350995,4
HAR_RV,recent_spike_position,excluding_near_zero_actual_bottom_asset_decile,SMAPE,87314,10,73.36349002624341,73.99607456467433,-0.6325845384309099,4
HAR_RV,recent_spike_position,excluding_near_zero_actual_bottom_asset_decile,MAE,87314,10,0.0007165853575134,0.0007172633382186,-6.779807051454437e-07,5
HAR_RV,recent_spike_position,excluding_near_zero_actual_bottom_asset_decile,MSE,87314,10,2.911648263991405e-06,2.9560876266954117e-06,-4.4439362704005394e-08,4
HAR_RV,recent_spike_position,excluding_near_zero_actual_bottom_asset_decile,RMSE,87314,10,0.0016055951177445,0.0016168871684222,-1.129205067762986e-05,4
HAR_RV,recent_spike_position,excluding_near_zero_actual_bottom_asset_decile,QLIKE,87314,10,357700.4542242482,0.6742195649383057,357699.78000468324,10
HAR_RV,recent_spike_position,excluding_near_zero_actual_bottom_asset_decile,log_RV_MAE,87314,10,0.8796930028966632,0.8773352112374484,0.0023577916592148,4
HAR_RV,recent_spike_position,excluding_near_zero_actual_bottom_asset_decile,log_RV_MSE,87314,10,1.46266464228245,1.3009511889397796,0.1617134533426704,10
HAR_RV,recent_spike_position,excluding_near_zero_actual_bottom_asset_decile,winsorized_SMAPE_1_99,87314,10,73.3008461151611,73.93196179284344,-0.6311156776823665,4
HAR_RV,recent_spike_position,high_vol_actual_top_asset_quintile,SMAPE,25722,10,76.6380234808837,79.28356345563195,-2.645539974748247,1
HAR_RV,recent_spike_position,high_vol_actual_top_asset_quintile,MAE,25722,10,0.0014520315728545,0.0014873679171065,-3.533634425208573e-05,1
HAR_RV,recent_spike_position,high_vol_actual_top_asset_quintile,MSE,25722,10,9.030757734515107e-06,9.239392200375408e-06,-2.08634465860302e-07,2
HAR_RV,recent_spike_position,high_vol_actual_top_asset_quintile,RMSE,25722,10,0.002817499668717,0.0028482481543789,-3.074848566191326e-05,2
HAR_RV,recent_spike_position,high_vol_actual_top_asset_quintile,QLIKE,25722,10,730283.7780196941,1.3626236292859326,730282.4153960646,5
HAR_RV,recent_spike_position,high_vol_actual_top_asset_quintile,log_RV_MAE,25722,10,0.8980758793102885,0.9139526968887152,-0.0158768175784267,1
HAR_RV,recent_spike_position,high_vol_actual_top_asset_quintile,log_RV_MSE,25722,10,1.3696668123426177,1.2097339538963694,0.1599328584462482,4
HAR_RV,recent_spike_position,high_vol_actual_top_asset_quintile,winsorized_SMAPE_1_99,25722,10,76.58265438950966,79.23424828947213,-2.6515938999624606,1
HAR_RV,cluster_exit_loose,standard,SMAPE,73455,10,97.78270322300334,99.1133915427254,-1.3306883197220505,0
HAR_RV,cluster_exit_loose,standard,MAE,73455,10,0.0006171643472766,0.0006335651434434,-1.640079616681821e-05,1
HAR_RV,cluster_exit_loose,standard,MSE,73455,10,2.753487709512812e-06,2.830263506622494e-06,-7.677579710968177e-08,0
HAR_RV,cluster_exit_loose,standard,RMSE,73455,10,0.001537824377701,0.0015592395042616,-2.141512656056839e-05,0
HAR_RV,cluster_exit_loose,standard,QLIKE,73455,10,319713.10949986114,4.395407249210429,319708.7140926119,7
HAR_RV,cluster_exit_loose,standard,log_RV_MAE,73455,10,4.775102499739926,4.794855394283927,-0.0197528945440007,2
HAR_RV,cluster_exit_loose,standard,log_RV_MSE,73455,10,82.09800802784856,82.42606249775683,-0.3280544699082586,3
HAR_RV,cluster_exit_loose,standard,winsorized_SMAPE_1_99,73455,10,97.79101156573374,99.12206176217131,-1.3310501964376131,0
HAR_RV,cluster_exit_loose,excluding_near_zero_actual_bottom_asset_decile,SMAPE,57273,10,69.26376081385803,70.93428835605445,-1.6705275421964236,0
HAR_RV,cluster_exit_loose,excluding_near_zero_actual_bottom_asset_decile,MAE,57273,10,0.000661178907095,0.0006739084317506,-1.2729524655586037e-05,0
HAR_RV,cluster_exit_loose,excluding_near_zero_actual_bottom_asset_decile,MSE,57273,10,3.4480117172837792e-06,3.5389516879433665e-06,-9.093997065958743e-08,0
HAR_RV,cluster_exit_loose,excluding_near_zero_actual_bottom_asset_decile,RMSE,57273,10,0.0017516744733704,0.0017756546974396,-2.3980224069136327e-05,0
HAR_RV,cluster_exit_loose,excluding_near_zero_actual_bottom_asset_decile,QLIKE,57273,10,409447.8060087569,0.6038133730756714,409447.2021953838,7
HAR_RV,cluster_exit_loose,excluding_near_zero_actual_bottom_asset_decile,log_RV_MAE,57273,10,0.8285547380337411,0.8344449313955036,-0.0058901933617626,3
HAR_RV,cluster_exit_loose,excluding_near_zero_actual_bottom_asset_decile,log_RV_MSE,57273,10,1.468738852648666,1.1980998533288405,0.2706389993198253,8
HAR_RV,cluster_exit_loose,excluding_near_zero_actual_bottom_asset_decile,winsorized_SMAPE_1_99,57273,10,69.19739766691099,70.87106707760215,-1.6736694106911487,0
HAR_RV,cluster_exit_loose,high_vol_actual_top_asset_quintile,SMAPE,17006,10,68.55587459894774,76.01859490873771,-7.4627203097899715,0
HAR_RV,cluster_exit_loose,high_vol_actual_top_asset_quintile,MAE,17006,10,0.0013369827883075,0.001415162895852,-7.818010754453705e-05,0
HAR_RV,cluster_exit_loose,high_vol_actual_top_asset_quintile,MSE,17006,10,1.0979860152382522e-05,1.1374259601698248e-05,-3.943994493157288e-07,0
HAR_RV,cluster_exit_loose,high_vol_actual_top_asset_quintile,RMSE,17006,10,0.0030405995595415,0.0030965441673872,-5.594460784569546e-05,0
HAR_RV,cluster_exit_loose,high_vol_actual_top_asset_quintile,QLIKE,17006,10,263331.26459515106,1.1753552278707795,263330.0892399232,2
HAR_RV,cluster_exit_loose,high_vol_actual_top_asset_quintile,log_RV_MAE,17006,10,0.779457159228256,0.8662281160368914,-0.0867709568086353,0
HAR_RV,cluster_exit_loose,high_vol_actual_top_asset_quintile,log_RV_MSE,17006,10,0.9978065877696454,1.086881824204732,-0.0890752364350868,2
HAR_RV,cluster_exit_loose,high_vol_actual_top_asset_quintile,winsorized_SMAPE_1_99,17006,10,68.5145672335015,75.9922630803416,-7.477695846840091,0
HAR_RV,older_spike_position,standard,SMAPE,108871,10,97.43444156272852,99.2082581760944,-1.7738166133658595,1
HAR_RV,older_spike_position,standard,MAE,108871,10,0.0005701423444708,0.0005931944034965,-2.305205902563437e-05,1
HAR_RV,older_spike_position,standard,MSE,108871,10,2.325430719071407e-06,2.3852402778413213e-06,-5.980955876991469e-08,0
HAR_RV,older_spike_position,standard,RMSE,108871,10,0.0014265116032149,0.0014448702359141,-1.835863269916514e-05,0
HAR_RV,older_spike_position,standard,QLIKE,108871,10,310676.42338787334,4.311515682714009,310672.1118721905,8
HAR_RV,older_spike_position,standard,log_RV_MAE,108871,10,4.699872146442731,4.732200298736644,-0.0323281522939132,1
HAR_RV,older_spike_position,standard,log_RV_MSE,108871,10,80.56611779435829,81.10873115023266,-0.5426133558743604,1
HAR_RV,older_spike_position,standard,winsorized_SMAPE_1_99,108871,10,97.44221425187747,99.21690053584784,-1.7746862839703357,1
HAR_RV,older_spike_position,excluding_near_zero_actual_bottom_asset_decile,SMAPE,85180,10,69.3545856504564,71.56341045107756,-2.2088248006211857,1
HAR_RV,older_spike_position,excluding_near_zero_actual_bottom_asset_decile,MAE,85180,10,0.0005996808597667,0.0006176919014327,-1.801104166605634e-05,2
HAR_RV,older_spike_position,excluding_near_zero_actual_bottom_asset_decile,MSE,85180,10,2.892131608948893e-06,2.9570515806225584e-06,-6.491997167366641e-08,0
HAR_RV,older_spike_position,excluding_near_zero_actual_bottom_asset_decile,RMSE,85180,10,0.0016071511084485,0.0016259936690545,-1.8842560605981928e-05,0
HAR_RV,older_spike_position,excluding_near_zero_actual_bottom_asset_decile,QLIKE,85180,10,395338.3603923037,0.5852480388281189,395337.77514426486,8
HAR_RV,older_spike_position,excluding_near_zero_actual_bottom_asset_decile,log_RV_MAE,85180,10,0.8306895025168325,0.8458423152822072,-0.0151528127653748,3
HAR_RV,older_spike_position,excluding_near_zero_actual_bottom_asset_decile,log_RV_MSE,85180,10,1.4717707449212003,1.241090851351332,0.2306798935698679,8
HAR_RV,older_spike_position,excluding_near_zero_actual_bottom_asset_decile,winsorized_SMAPE_1_99,85180,10,69.28381540261677,71.49415303995787,-2.210337637341073,1
HAR_RV,older_spike_position,high_vol_actual_top_asset_quintile,SMAPE,20509,10,71.97662527280492,77.67579294882269,-5.699167676017768,0
HAR_RV,older_spike_position,high_vol_actual_top_asset_quintile,MAE,20509,10,0.0014069911717764,0.0014673064047646,-6.031523298818326e-05,0
HAR_RV,older_spike_position,high_vol_actual_top_asset_quintile,MSE,20509,10,1.1340659190055558e-05,1.1642928918453391e-05,-3.022697283978348e-07,0
HAR_RV,older_spike_position,high_vol_actual_top_asset_quintile,RMSE,20509,10,0.0031001645234287,0.0031430746474585,-4.2910124029856665e-05,0
HAR_RV,older_spike_position,high_vol_actual_top_asset_quintile,QLIKE,20509,10,528354.6846762492,1.2698494419390198,528353.4148268073,6
HAR_RV,older_spike_position,high_vol_actual_top_asset_quintile,log_RV_MAE,20509,10,0.8302399911732007,0.8897172743476851,-0.0594772831744844,0
HAR_RV,older_spike_position,high_vol_actual_top_asset_quintile,log_RV_MSE,20509,10,1.1982180799171949,1.1427094412773,0.0555086386398948,6
HAR_RV,older_spike_position,high_vol_actual_top_asset_quintile,winsorized_SMAPE_1_99,20509,10,71.93587644514969,77.65378538679764,-5.717908941647961,0
HAR_RV,high_within_block_dispersion,standard,SMAPE,68970,10,119.60427233753936,120.6354640555324,-1.0311917179930286,3
HAR_RV,high_within_block_dispersion,standard,MAE,68970,10,0.0005686239436959,0.0005947832577569,-2.615931406100957e-05,1
HAR_RV,high_within_block_dispersion,standard,MSE,68970,10,1.1231333770356058e-06,1.138755554963122e-06,-1.5622177927516174e-08,4
HAR_RV,high_within_block_dispersion,standard,RMSE,68970,10,0.0010218476548916,0.0010276654505146,-5.817795623025554e-06,4
HAR_RV,high_within_block_dispersion,standard,QLIKE,68970,10,503895.0954919666,6.812287197293912,503888.28320476937,8
HAR_RV,high_within_block_dispersion,standard,log_RV_MAE,68970,10,7.336315052592766,7.3910123235467395,-0.054697270953973,0
HAR_RV,high_within_block_dispersion,standard,log_RV_MSE,68970,10,134.18160425169935,135.94162853690298,-1.7600242852036407,1
HAR_RV,high_within_block_dispersion,standard,winsorized_SMAPE_1_99,68970,10,119.61807792324268,120.65016310217504,-1.0320851789323322,3
HAR_RV,high_within_block_dispersion,excluding_near_zero_actual_bottom_asset_decile,SMAPE,44524,10,76.0726803313092,77.5926896574799,-1.5200093261707082,3
HAR_RV,high_within_block_dispersion,excluding_near_zero_actual_bottom_asset_decile,MAE,44524,10,0.0006047171369936,0.000612451045418,-7.733908424338132e-06,5
HAR_RV,high_within_block_dispersion,excluding_near_zero_actual_bottom_asset_decile,MSE,44524,10,1.5377627543209002e-06,1.5347254944926835e-06,3.0372598282167766e-09,7
HAR_RV,high_within_block_dispersion,excluding_near_zero_actual_bottom_asset_decile,RMSE,44524,10,0.0012018726265101,0.0011988506707369,3.0219557731639047e-06,7
HAR_RV,high_within_block_dispersion,excluding_near_zero_actual_bottom_asset_decile,QLIKE,44524,10,778263.0005437186,0.57487822248262,778262.4256654964,10
HAR_RV,high_within_block_dispersion,excluding_near_zero_actual_bottom_asset_decile,log_RV_MAE,44524,10,0.9279896341069244,0.923717392686342,0.0042722414205825,6
HAR_RV,high_within_block_dispersion,excluding_near_zero_actual_bottom_asset_decile,log_RV_MSE,44524,10,1.8841423421682129,1.3823055777974111,0.5018367643708017,9
HAR_RV,high_within_block_dispersion,excluding_near_zero_actual_bottom_asset_decile,winsorized_SMAPE_1_99,44524,10,75.999265651473,77.52456361131401,-1.525297959841008,3
HAR_RV,high_within_block_dispersion,high_vol_actual_top_asset_quintile,SMAPE,8611,10,83.57927734565325,79.48351830954897,4.095759036104293,10
HAR_RV,high_within_block_dispersion,high_vol_actual_top_asset_quintile,MAE,8611,10,0.0014329468653602,0.0014000684662742,3.287839908593003e-05,9
HAR_RV,high_within_block_dispersion,high_vol_actual_top_asset_quintile,MSE,8611,10,6.356666223296062e-06,6.268449816019547e-06,8.821640727651448e-08,8
HAR_RV,high_within_block_dispersion,high_vol_actual_top_asset_quintile,RMSE,8611,10,0.0024338471985146,0.0024159623419907,1.7884856523867925e-05,8
HAR_RV,high_within_block_dispersion,high_vol_actual_top_asset_quintile,QLIKE,8611,10,1164588.1052037366,1.214406950103873,1164586.8907967864,10
HAR_RV,high_within_block_dispersion,high_vol_actual_top_asset_quintile,log_RV_MAE,8611,10,0.9835186676880447,0.9111303868069492,0.0723882808810957,10
HAR_RV,high_within_block_dispersion,high_vol_actual_top_asset_quintile,log_RV_MSE,8611,10,1.6033125836104825,1.176015141978924,0.4272974416315585,10
HAR_RV,high_within_block_dispersion,high_vol_actual_top_asset_quintile,winsorized_SMAPE_1_99,8611,10,83.52311784459015,79.42876739294428,4.0943504516458695,10
RAW_PM,all_rows,standard,SMAPE,367468,10,100.87996479236024,101.90737803914652,-1.0274132467862906,1
RAW_PM,all_rows,standard,MAE,367468,10,0.0005862627333686,0.0005993109791939,-1.3048245825296968e-05,1
RAW_PM,all_rows,standard,MSE,367468,10,2.195810003722176e-06,2.2441948555805e-06,-4.8384851858323534e-08,0
RAW_PM,all_rows,standard,RMSE,367468,10,0.001388809861051,0.0014035337803292,-1.4723919278278158e-05,0
RAW_PM,all_rows,standard,QLIKE,367468,10,296920.5433224973,4.638025223059142,296915.90529727424,10
RAW_PM,all_rows,standard,log_RV_MAE,367468,10,5.013575715182238,5.04297216583195,-0.029396450649711,0
RAW_PM,all_rows,standard,log_RV_MSE,367468,10,86.01532967319302,86.7464315627124,-0.7311018895193852,1
RAW_PM,all_rows,standard,winsorized_SMAPE_1_99,367468,10,100.88870917101808,101.9166529933773,-1.0279438223591988,1
RAW_PM,all_rows,excluding_near_zero_actual_bottom_asset_decile,SMAPE,280990,10,70.80150601340222,72.10667687847021,-1.3051708650680005,1
RAW_PM,all_rows,excluding_near_zero_actual_bottom_asset_decile,MAE,280990,10,0.0006347107778826,0.0006428745393545,-8.163761471882429e-06,3
RAW_PM,all_rows,excluding_near_zero_actual_bottom_asset_decile,MSE,280990,10,2.7844815379535592e-06,2.8421103238061663e-06,-5.762878585260705e-08,0
RAW_PM,all_rows,excluding_near_zero_actual_bottom_asset_decile,RMSE,280990,10,0.0015906907657762,0.0016072968161041,-1.6606050327914325e-05,0
RAW_PM,all_rows,excluding_near_zero_actual_bottom_asset_decile,QLIKE,280990,10,387469.9542930861,0.6289189461842959,387469.32537414,10
RAW_PM,all_rows,excluding_near_zero_actual_bottom_asset_decile,log_RV_MAE,280990,10,0.8477474698162,0.851768535181818,-0.004021065365618,5
RAW_PM,all_rows,excluding_near_zero_actual_bottom_asset_decile,log_RV_MSE,280990,10,1.4753525524316455,1.2447296507467478,0.2306229016848978,10
RAW_PM,all_rows,excluding_near_zero_actual_bottom_asset_decile,winsorized_SMAPE_1_99,280990,10,70.73639077833658,72.04502475614834,-1.3086339778117746,1
RAW_PM,all_rows,high_vol_actual_top_asset_quintile,SMAPE,73496,10,74.0205758822783,79.36859933584567,-5.348023453567353,0
RAW_PM,all_rows,high_vol_actual_top_asset_quintile,MAE,73496,10,0.0013977588560888,0.0014630835604704,-6.532470438158469e-05,0
RAW_PM,all_rows,high_vol_actual_top_asset_quintile,MSE,73496,10,9.91631467307809e-06,1.0258106659834852e-05,-3.417919867567642e-07,0
RAW_PM,all_rows,high_vol_actual_top_asset_quintile,RMSE,73496,10,0.0029503490075918,0.0030001069938637,-4.9757986271897775e-05,0
RAW_PM,all_rows,high_vol_actual_top_asset_quintile,QLIKE,73496,10,577828.0338365107,1.3704077666554395,577826.663428744,8
RAW_PM,all_rows,high_vol_actual_top_asset_quintile,log_RV_MAE,73496,10,0.8562913770706451,0.9153355746959154,-0.0590441976252703,0
RAW_PM,all_rows,high_vol_actual_top_asset_quintile,log_RV_MSE,73496,10,1.2429973653708484,1.212579462845646,0.0304179025252026,5
RAW_PM,all_rows,high_vol_actual_top_asset_quintile,winsorized_SMAPE_1_99,73496,10,73.97732781808993,79.34362513346561,-5.366297315375691,0
RAW_PM,all_observations,standard,SMAPE,367248,10,100.86366051352246,101.88760919193612,-1.0239486784136542,1
RAW_PM,all_observations,standard,MAE,367248,10,0.0005861095985985,0.000599077968757,-1.2968370158479552e-05,1
RAW_PM,all_observations,standard,MSE,367248,10,2.193500144908159e-06,2.2418718542848985e-06,-4.8371709376739385e-08,0
RAW_PM,all_observations,standard,RMSE,367248,10,0.0013880844118661,0.00140281318666,-1.472877479384942e-05,0
RAW_PM,all_observations,standard,QLIKE,367248,10,297098.4085887108,4.63563409104256,297093.7729546198,10
RAW_PM,all_observations,standard,log_RV_MAE,367248,10,5.011387938732,5.040595595492084,-0.029207656760084,0
RAW_PM,all_observations,standard,log_RV_MSE,367248,10,85.97070871507968,86.6975786705794,-0.726869955499719,1
RAW_PM,all_observations,standard,winsorized_SMAPE_1_99,367248,10,100.87240025609772,101.8968782097131,-1.02447795361536,1
RAW_PM,all_observations,excluding_near_zero_actual_bottom_asset_decile,SMAPE,280865,10,70.7998613143532,72.10056920722293,-1.3007078928697204,1
RAW_PM,all_observations,excluding_near_zero_actual_bottom_asset_decile,MAE,280865,10,0.0006344831477051,0.0006426014481407,-8.118300435654293e-06,3
RAW_PM,all_observations,excluding_near_zero_actual_bottom_asset_decile,MSE,280865,10,2.7811051718795994e-06,2.8387957782603457e-06,-5.769060638074648e-08,0
RAW_PM,all_observations,excluding_near_zero_actual_bottom_asset_decile,RMSE,280865,10,0.0015897076573964,0.0016063370777429,-1.662942034654804e-05,0
RAW_PM,all_observations,excluding_near_zero_actual_bottom_asset_decile,QLIKE,280865,10,387642.3986589653,0.6286777751124527,387641.7699811903,10
RAW_PM,all_observations,excluding_near_zero_actual_bottom_asset_decile,log_RV_MAE,280865,10,0.8477187669523202,0.851666173990889,-0.0039474070385687,5
RAW_PM,all_observations,excluding_near_zero_actual_bottom_asset_decile,log_RV_MSE,280865,10,1.4753477712987084,1.2444244581499635,0.2309233131487446,10
RAW_PM,all_observations,excluding_near_zero_actual_bottom_asset_decile,winsorized_SMAPE_1_99,280865,10,70.73471741592948,72.03892974122986,-1.3042123253003708,1
RAW_PM,all_observations,high_vol_actual_top_asset_quintile,SMAPE,73477,10,74.0098124350625,79.36392703283894,-5.354114597776428,0
RAW_PM,all_observations,high_vol_actual_top_asset_quintile,MAE,73477,10,0.0013967078250143,0.0014620985925223,-6.539076750800907e-05,0
RAW_PM,all_observations,high_vol_actual_top_asset_quintile,MSE,73477,10,9.90175140491125e-06,1.0243880314417945e-05,-3.421289095066929e-07,0
RAW_PM,all_observations,high_vol_actual_top_asset_quintile,RMSE,73477,10,0.0029481653737893,0.0029980016808319,-4.983630704256233e-05,0
RAW_PM,all_observations,high_vol_actual_top_asset_quintile,QLIKE,73477,10,577977.449553732,1.369477788401822,577976.0800759436,8
RAW_PM,all_observations,high_vol_actual_top_asset_quintile,log_RV_MAE,73477,10,0.8560873034002608,0.9152130426914602,-0.0591257392911992,0
RAW_PM,all_observations,high_vol_actual_top_asset_quintile,log_RV_MSE,73477,10,1.2423106282398957,1.2120472447344053,0.03026338350549,5
RAW_PM,all_observations,high_vol_actual_top_asset_quintile,winsorized_SMAPE_1_99,73477,10,73.9666730676769,79.33878444859815,-5.372111380921245,0
RAW_PM,cluster_entry_loose,standard,SMAPE,73457,10,93.56088920634404,94.03880713330504,-0.477917926960997,3
RAW_PM,cluster_entry_loose,standard,MAE,73457,10,0.0007565085518804,0.0007346324358854,2.1876115994995054e-05,10
RAW_PM,cluster_entry_loose,standard,MSE,73457,10,2.4613245517090537e-06,2.550909501579017e-06,-8.958494986996335e-08,0
RAW_PM,cluster_entry_loose,standard,RMSE,73457,10,0.0014483360606577,0.0014721974009339,-2.3861340276162578e-05,0
RAW_PM,cluster_entry_loose,standard,QLIKE,73457,10,175829.54926030466,3.4568118190467167,175826.0924484856,7
RAW_PM,cluster_entry_loose,standard,log_RV_MAE,73457,10,3.804190144501006,3.7891515492070735,0.0150385952939318,9
RAW_PM,cluster_entry_loose,standard,log_RV_MSE,73457,10,62.079879726914335,61.46622659804935,0.613653128864983,10
RAW_PM,cluster_entry_loose,standard,winsorized_SMAPE_1_99,73457,10,93.56917055787952,94.04693254211315,-0.4777619842336498,3
RAW_PM,cluster_entry_loose,excluding_near_zero_actual_bottom_asset_decile,SMAPE,61461,10,72.99789797170354,73.58025581181988,-0.5823578401163374,3
RAW_PM,cluster_entry_loose,excluding_near_zero_actual_bottom_asset_decile,MAE,61461,10,0.0007865964891234,0.0007742164154053,1.2380073718096357e-05,8
RAW_PM,cluster_entry_loose,excluding_near_zero_actual_bottom_asset_decile,MSE,61461,10,2.8317450639894594e-06,2.9717038534471086e-06,-1.3995878945764874e-07,0
RAW_PM,cluster_entry_loose,excluding_near_zero_actual_bottom_asset_decile,RMSE,61461,10,0.0015742075191736,0.0016129792741261,-3.8771754952519e-05,0
RAW_PM,cluster_entry_loose,excluding_near_zero_actual_bottom_asset_decile,QLIKE,61461,10,210144.59489315952,0.659678717653944,210143.93521444185,7
RAW_PM,cluster_entry_loose,excluding_near_zero_actual_bottom_asset_decile,log_RV_MAE,61461,10,0.8662174520726127,0.8622936227208106,0.003923829351802,7
RAW_PM,cluster_entry_loose,excluding_near_zero_actual_bottom_asset_decile,log_RV_MSE,61461,10,1.3601494572286972,1.219698573854317,0.1404508833743805,9
RAW_PM,cluster_entry_loose,excluding_near_zero_actual_bottom_asset_decile,winsorized_SMAPE_1_99,61461,10,72.93293539887844,73.51531586680491,-0.5823804679264613,3
RAW_PM,cluster_entry_loose,high_vol_actual_top_asset_quintile,SMAPE,22973,10,69.00735262283271,81.7593151982424,-12.75196257540968,0
RAW_PM,cluster_entry_loose,high_vol_actual_top_asset_quintile,MAE,22973,10,0.0012877885229073,0.0014346354112385,-0.0001468468883311,0
RAW_PM,cluster_entry_loose,high_vol_actual_top_asset_quintile,MSE,22973,10,6.7247425578925214e-06,7.493906484385124e-06,-7.691639264926032e-07,0
RAW_PM,cluster_entry_loose,high_vol_actual_top_asset_quintile,RMSE,22973,10,0.0023906769741809,0.0025213336346111,-0.0001306566604302,0
RAW_PM,cluster_entry_loose,high_vol_actual_top_asset_quintile,QLIKE,22973,10,268014.68012032646,1.1572623505442177,268013.5228579759,2
RAW_PM,cluster_entry_loose,high_vol_actual_top_asset_quintile,log_RV_MAE,22973,10,0.7732837175225007,0.932801888678904,-0.1595181711564031,0
RAW_PM,cluster_entry_loose,high_vol_actual_top_asset_quintile,log_RV_MSE,22973,10,0.9451687695589692,1.1828857793663392,-0.2377170098073703,1
RAW_PM,cluster_entry_loose,high_vol_actual_top_asset_quintile,winsorized_SMAPE_1_99,22973,10,68.91269580989183,81.71375037932174,-12.801054569429906,0
RAW_PM,recent_spike_position,standard,SMAPE,125358,10,111.5312633098087,111.83579349828956,-0.3045301884808684,1
RAW_PM,recent_spike_position,standard,MAE,125358,10,0.000609182778318,0.000598699531016,1.0483247301997188e-05,9
RAW_PM,recent_spike_position,standard,MSE,125358,10,2.105711101802365e-06,2.159670848928732e-06,-5.3959747126367525e-08,0
RAW_PM,recent_spike_position,standard,RMSE,125358,10,0.0013297050754869,0.0013450492217656,-1.5344146278709547e-05,0
RAW_PM,recent_spike_position,standard,QLIKE,125358,10,249149.85066705736,5.907482556818123,249143.94318450053,9
RAW_PM,recent_spike_position,standard,log_RV_MAE,125358,10,6.256003684262452,6.274387479496824,-0.0183837952343714,6
RAW_PM,recent_spike_position,standard,log_RV_MSE,125358,10,109.413873260945,110.00486808047026,-0.5909948195252489,6
RAW_PM,recent_spike_position,standard,winsorized_SMAPE_1_99,125358,10,111.54553490151334,111.85010035548378,-0.3045654539704226,1
RAW_PM,recent_spike_position,excluding_near_zero_actual_bottom_asset_decile,SMAPE,87314,10,73.36349002624341,73.79654918783804,-0.4330591615946183,1
RAW_PM,recent_spike_position,excluding_near_zero_actual_bottom_asset_decile,MAE,87314,10,0.0007165853575134,0.0007066039191477,9.981438365717417e-06,8
RAW_PM,recent_spike_position,excluding_near_zero_actual_bottom_asset_decile,MSE,87314,10,2.911648263991405e-06,3.0112044228762118e-06,-9.955615888480684e-08,0
RAW_PM,recent_spike_position,excluding_near_zero_actual_bottom_asset_decile,RMSE,87314,10,0.0016055951177445,0.0016329078689441,-2.731275119957066e-05,0
RAW_PM,recent_spike_position,excluding_near_zero_actual_bottom_asset_decile,QLIKE,87314,10,357700.4542242482,0.7808358246130961,357699.6733884236,9
RAW_PM,recent_spike_position,excluding_near_zero_actual_bottom_asset_decile,log_RV_MAE,87314,10,0.8796930028966632,0.8728953407554072,0.006797662141256,7
RAW_PM,recent_spike_position,excluding_near_zero_actual_bottom_asset_decile,log_RV_MSE,87314,10,1.46266464228245,1.2825095517781622,0.1801550905042878,9
RAW_PM,recent_spike_position,excluding_near_zero_actual_bottom_asset_decile,winsorized_SMAPE_1_99,87314,10,73.3008461151611,73.73115637861633,-0.4303102634552329,1
RAW_PM,recent_spike_position,high_vol_actual_top_asset_quintile,SMAPE,25722,10,76.6380234808837,88.01513112444842,-11.377107643564717,0
RAW_PM,recent_spike_position,high_vol_actual_top_asset_quintile,MAE,25722,10,0.0014520315728545,0.001582961391594,-0.0001309298187395,0
RAW_PM,recent_spike_position,high_vol_actual_top_asset_quintile,MSE,25722,10,9.030757734515107e-06,9.728334561641878e-06,-6.975768271267699e-07,0
RAW_PM,recent_spike_position,high_vol_actual_top_asset_quintile,RMSE,25722,10,0.002817499668717,0.0029228454922414,-0.0001053458235244,0
RAW_PM,recent_spike_position,high_vol_actual_top_asset_quintile,QLIKE,25722,10,730283.7780196941,1.8097645243905465,730281.9682551696,3
RAW_PM,recent_spike_position,high_vol_actual_top_asset_quintile,log_RV_MAE,25722,10,0.8980758793102885,1.036451272904684,-0.1383753935943956,0
RAW_PM,recent_spike_position,high_vol_actual_top_asset_quintile,log_RV_MSE,25722,10,1.3696668123426177,1.50179356636725,-0.1321267540246322,1
RAW_PM,recent_spike_position,high_vol_actual_top_asset_quintile,winsorized_SMAPE_1_99,25722,10,76.58265438950966,87.99859903686932,-11.415944647359666,0
RAW_PM,cluster_exit_loose,standard,SMAPE,73455,10,97.78270322300334,99.878091256098,-2.0953880330946366,2
RAW_PM,cluster_exit_loose,standard,MAE,73455,10,0.0006171643472766,0.0006583931844601,-4.1228837183460806e-05,0
RAW_PM,cluster_exit_loose,standard,MSE,73455,10,2.753487709512812e-06,2.817111268569742e-06,-6.362355905693021e-08,0
RAW_PM,cluster_exit_loose,standard,RMSE,73455,10,0.001537824377701,0.0015554868214903,-1.7662443789289014e-05,0
RAW_PM,cluster_exit_loose,standard,QLIKE,73455,10,319713.10949986114,4.393333312794321,319708.7161665484,7
RAW_PM,cluster_exit_loose,standard,log_RV_MAE,73455,10,4.775102499739926,4.8320332747807,-0.0569307750407729,0
RAW_PM,cluster_exit_loose,standard,log_RV_MSE,73455,10,82.09800802784856,83.35843994174192,-1.2604319138933489,0
RAW_PM,cluster_exit_loose,standard,winsorized_SMAPE_1_99,73455,10,97.79101156573374,99.8865154832568,-2.095503917523055,2
RAW_PM,cluster_exit_loose,excluding_near_zero_actual_bottom_asset_decile,SMAPE,57273,10,69.26376081385803,71.8824833418376,-2.6187225279795605,2
RAW_PM,cluster_exit_loose,excluding_near_zero_actual_bottom_asset_decile,MAE,57273,10,0.000661178907095,0.0006902937736779,-2.9114866582833967e-05,3
RAW_PM,cluster_exit_loose,excluding_near_zero_actual_bottom_asset_decile,MSE,57273,10,3.4480117172837792e-06,3.4985265591364053e-06,-5.0514841852625924e-08,0
RAW_PM,cluster_exit_loose,excluding_near_zero_actual_bottom_asset_decile,RMSE,57273,10,0.0017516744733704,0.0017646704153267,-1.2995941956285948e-05,0
RAW_PM,cluster_exit_loose,excluding_near_zero_actual_bottom_asset_decile,QLIKE,57273,10,409447.8060087569,0.5707771835095281,409447.2352315734,8
RAW_PM,cluster_exit_loose,excluding_near_zero_actual_bottom_asset_decile,log_RV_MAE,57273,10,0.8285547380337411,0.8516602243552209,-0.0231054863214798,4
RAW_PM,cluster_exit_loose,excluding_near_zero_actual_bottom_asset_decile,log_RV_MSE,57273,10,1.468738852648666,1.2564525203596262,0.2122863322890396,9
RAW_PM,cluster_exit_loose,excluding_near_zero_actual_bottom_asset_decile,winsorized_SMAPE_1_99,57273,10,69.19739766691099,71.82354496394305,-2.6261472970320368,2
RAW_PM,cluster_exit_loose,high_vol_actual_top_asset_quintile,SMAPE,17006,10,68.55587459894774,68.26646823674388,0.2894063622038557,4
RAW_PM,cluster_exit_loose,high_vol_actual_top_asset_quintile,MAE,17006,10,0.0013369827883075,0.0013436708371637,-6.6880488562555e-06,2
RAW_PM,cluster_exit_loose,high_vol_actual_top_asset_quintile,MSE,17006,10,1.0979860152382522e-05,1.1073370053282138e-05,-9.35099008996154e-08,2
RAW_PM,cluster_exit_loose,high_vol_actual_top_asset_quintile,RMSE,17006,10,0.0030405995595415,0.0030539795556518,-1.3379996110323685e-05,2
RAW_PM,cluster_exit_loose,high_vol_actual_top_asset_quintile,QLIKE,17006,10,263331.26459515106,0.9702579127641876,263330.2943372382,7
RAW_PM,cluster_exit_loose,high_vol_actual_top_asset_quintile,log_RV_MAE,17006,10,0.779457159228256,0.7701300366961251,0.0093271225321309,5
RAW_PM,cluster_exit_loose,high_vol_actual_top_asset_quintile,log_RV_MSE,17006,10,0.9978065877696454,0.912911380766698,0.0848952070029474,7
RAW_PM,cluster_exit_loose,high_vol_actual_top_asset_quintile,winsorized_SMAPE_1_99,17006,10,68.5145672335015,68.22670773970174,0.2878594937997741,4
RAW_PM,older_spike_position,standard,SMAPE,108871,10,97.43444156272852,98.88075369226311,-1.446312129534614,3
RAW_PM,older_spike_position,standard,MAE,108871,10,0.0005701423444708,0.0005976952275542,-2.7552883083377904e-05,0
RAW_PM,older_spike_position,standard,MSE,108871,10,2.325430719071407e-06,2.367997117395636e-06,-4.256639832422887e-08,0
RAW_PM,older_spike_position,standard,RMSE,108871,10,0.0014265116032149,0.0014395776082583,-1.3066005043348134e-05,0
RAW_PM,older_spike_position,standard,QLIKE,108871,10,310676.42338787334,4.302600066413182,310672.1207878069,8
RAW_PM,older_spike_position,standard,log_RV_MAE,108871,10,4.699872146442731,4.740203921299172,-0.0403317748564416,0
RAW_PM,older_spike_position,standard,log_RV_MSE,108871,10,80.56611779435829,81.53359133392912,-0.9674735395708032,0
RAW_PM,older_spike_position,standard,winsorized_SMAPE_1_99,108871,10,97.44221425187747,98.88939855702996,-1.4471843051524886,3
RAW_PM,older_spike_position,excluding_near_zero_actual_bottom_asset_decile,SMAPE,85180,10,69.3545856504564,71.14909245997819,-1.794506809521797,3
RAW_PM,older_spike_position,excluding_near_zero_actual_bottom_asset_decile,MAE,85180,10,0.0005996808597667,0.0006176186030034,-1.7937743236683168e-05,3
RAW_PM,older_spike_position,excluding_near_zero_actual_bottom_asset_decile,MSE,85180,10,2.892131608948893e-06,2.9259141255859203e-06,-3.3782516637027675e-08,0
RAW_PM,older_spike_position,excluding_near_zero_actual_bottom_asset_decile,RMSE,85180,10,0.0016071511084485,0.001616814325894,-9.663217445469109e-06,0
RAW_PM,older_spike_position,excluding_near_zero_actual_bottom_asset_decile,QLIKE,85180,10,395338.3603923037,0.5598511764621237,395337.8005411273,8
RAW_PM,older_spike_position,excluding_near_zero_actual_bottom_asset_decile,log_RV_MAE,85180,10,0.8306895025168325,0.8420842535253941,-0.0113947510085616,4
RAW_PM,older_spike_position,excluding_near_zero_actual_bottom_asset_decile,log_RV_MSE,85180,10,1.4717707449212003,1.2417070138354682,0.2300637310857317,9
RAW_PM,older_spike_position,excluding_near_zero_actual_bottom_asset_decile,winsorized_SMAPE_1_99,85180,10,69.28381540261677,71.08355189113213,-1.799736488515353,3
RAW_PM,older_spike_position,high_vol_actual_top_asset_quintile,SMAPE,20509,10,71.97662527280492,72.85467034854632,-0.8780450757414028,3
RAW_PM,older_spike_position,high_vol_actual_top_asset_quintile,MAE,20509,10,0.0014069911717764,0.0014245773476757,-1.7586175899299335e-05,2
RAW_PM,older_spike_position,high_vol_actual_top_asset_quintile,MSE,20509,10,1.1340659190055558e-05,1.1447049953088369e-05,-1.0639076303280677e-07,1
RAW_PM,older_spike_position,high_vol_actual_top_asset_quintile,RMSE,20509,10,0.0031001645234287,0.0031152654602075,-1.5100936778858863e-05,1
RAW_PM,older_spike_position,high_vol_actual_top_asset_quintile,QLIKE,20509,10,528354.6846762492,1.1376391493881983,528353.5470371,8
RAW_PM,older_spike_position,high_vol_actual_top_asset_quintile,log_RV_MAE,20509,10,0.8302399911732007,0.8304196026035429,-0.0001796114303422,5
RAW_PM,older_spike_position,high_vol_actual_top_asset_quintile,log_RV_MSE,20509,10,1.1982180799171949,1.0370910840117185,0.1611269959054762,8
RAW_PM,older_spike_position,high_vol_actual_top_asset_quintile,winsorized_SMAPE_1_99,20509,10,71.93587644514969,72.82213238701044,-0.8862559418607403,3
RAW_PM,high_within_block_dispersion,standard,SMAPE,68970,10,119.60427233753936,122.32504139681927,-2.7207690592799088,2
RAW_PM,high_within_block_dispersion,standard,MAE,68970,10,0.0005686239436959,0.0006055941431938,-3.697019949790083e-05,1
RAW_PM,high_within_block_dispersion,standard,MSE,68970,10,1.1231333770356058e-06,1.1618073490900628e-06,-3.8673972054457056e-08,2
RAW_PM,high_within_block_dispersion,standard,RMSE,68970,10,0.0010218476548916,0.0010377235466007,-1.587589170914329e-05,2
RAW_PM,high_within_block_dispersion,standard,QLIKE,68970,10,503895.0954919666,6.865436520737637,503888.230055446,8
RAW_PM,high_within_block_dispersion,standard,log_RV_MAE,68970,10,7.336315052592766,7.406646539006223,-0.0703314864134564,0
RAW_PM,high_within_block_dispersion,standard,log_RV_MSE,68970,10,134.18160425169935,135.678417791327,-1.496813539627664,1
RAW_PM,high_within_block_dispersion,standard,winsorized_SMAPE_1_99,68970,10,119.61807792324268,122.34085885067223,-2.7227809274295165,2
RAW_PM,high_within_block_dispersion,excluding_near_zero_actual_bottom_asset_decile,SMAPE,44524,10,76.0726803313092,80.18023051085261,-4.107550179543429,2
RAW_PM,high_within_block_dispersion,excluding_near_zero_actual_bottom_asset_decile,MAE,44524,10,0.0006047171369936,0.0006310871785787,-2.637004158502411e-05,3
RAW_PM,high_within_block_dispersion,excluding_near_zero_actual_bottom_asset_decile,MSE,44524,10,1.5377627543209002e-06,1.5748040594578043e-06,-3.704130513690376e-08,2
RAW_PM,high_within_block_dispersion,excluding_near_zero_actual_bottom_asset_decile,RMSE,44524,10,0.0012018726265101,0.0012164483910437,-1.4575764533638914e-05,2
RAW_PM,high_within_block_dispersion,excluding_near_zero_actual_bottom_asset_decile,QLIKE,44524,10,778263.0005437186,0.6685482678803157,778262.3319954509,9
RAW_PM,high_within_block_dispersion,excluding_near_zero_actual_bottom_asset_decile,log_RV_MAE,44524,10,0.9279896341069244,0.9591923585685548,-0.0312027244616301,3
RAW_PM,high_within_block_dispersion,excluding_near_zero_actual_bottom_asset_decile,log_RV_MSE,44524,10,1.8841423421682129,1.4609131683455885,0.4232291738226245,9
RAW_PM,high_within_block_dispersion,excluding_near_zero_actual_bottom_asset_decile,winsorized_SMAPE_1_99,44524,10,75.999265651473,80.12326764859752,-4.12400199712451,2
RAW_PM,high_within_block_dispersion,high_vol_actual_top_asset_quintile,SMAPE,8611,10,83.57927734565325,87.81281552490701,-4.2335381792537445,4
RAW_PM,high_within_block_dispersion,high_vol_actual_top_asset_quintile,MAE,8611,10,0.0014329468653602,0.001489770174658,-5.682330929778525e-05,2
RAW_PM,high_within_block_dispersion,high_vol_actual_top_asset_quintile,MSE,8611,10,6.356666223296062e-06,6.8388449536045126e-06,-4.821787303084491e-07,1
RAW_PM,high_within_block_dispersion,high_vol_actual_top_asset_quintile,RMSE,8611,10,0.0024338471985146,0.0025206163381074,-8.676913959277328e-05,1
RAW_PM,high_within_block_dispersion,high_vol_actual_top_asset_quintile,QLIKE,8611,10,1164588.1052037366,1.6654770272356458,1164586.4397267092,6
RAW_PM,high_within_block_dispersion,high_vol_actual_top_asset_quintile,log_RV_MAE,8611,10,0.9835186676880447,1.03627499613508,-0.0527563284470353,3
RAW_PM,high_within_block_dispersion,high_vol_actual_top_asset_quintile,log_RV_MSE,8611,10,1.6033125836104825,1.5071470434674583,0.0961655401430241,6
RAW_PM,high_within_block_dispersion,high_vol_actual_top_asset_quintile,winsorized_SMAPE_1_99,8611,10,83.52311784459015,87.79197049732517,-4.268852652735022,3
RAW_CP_REPO_PLUS_PM,all_rows,standard,SMAPE,367468,10,100.87996479236024,101.1044471326595,-0.2244823402992529,1
RAW_CP_REPO_PLUS_PM,all_rows,standard,MAE,367468,10,0.0005862627333686,0.0005851831743292,1.0795590394960513e-06,8
RAW_CP_REPO_PLUS_PM,all_rows,standard,MSE,367468,10,2.195810003722176e-06,2.1845776184809086e-06,1.1232385241267308e-08,10
RAW_CP_REPO_PLUS_PM,all_rows,standard,RMSE,367468,10,0.001388809861051,0.0013855043709116,3.305490139376616e-06,10
RAW_CP_REPO_PLUS_PM,all_rows,standard,QLIKE,367468,10,296920.5433224973,1117494.9455568502,-820574.402234353,1
RAW_CP_REPO_PLUS_PM,all_rows,standard,log_RV_MAE,367468,10,5.013575715182238,5.027748323279645,-0.0141726080974067,3
RAW_CP_REPO_PLUS_PM,all_rows,standard,log_RV_MSE,367468,10,86.01532967319302,86.21821440060269,-0.2028847274096744,3
RAW_CP_REPO_PLUS_PM,all_rows,standard,winsorized_SMAPE_1_99,367468,10,100.88870917101808,101.11357852076964,-0.2248693497515635,1
RAW_CP_REPO_PLUS_PM,all_rows,excluding_near_zero_actual_bottom_asset_decile,SMAPE,280990,10,70.80150601340222,71.11264927223407,-0.3111432588318507,1
RAW_CP_REPO_PLUS_PM,all_rows,excluding_near_zero_actual_bottom_asset_decile,MAE,280990,10,0.0006347107778826,0.000635736388513,-1.025610630410635e-06,4
RAW_CP_REPO_PLUS_PM,all_rows,excluding_near_zero_actual_bottom_asset_decile,MSE,280990,10,2.7844815379535592e-06,2.772349665070193e-06,1.2131872883366031e-08,9
RAW_CP_REPO_PLUS_PM,all_rows,excluding_near_zero_actual_bottom_asset_decile,RMSE,280990,10,0.0015906907657762,0.0015873158447165,3.374921059641256e-06,9
RAW_CP_REPO_PLUS_PM,all_rows,excluding_near_zero_actual_bottom_asset_decile,QLIKE,280990,10,387469.9542930861,1459395.5683678424,-1071925.6140747564,1
RAW_CP_REPO_PLUS_PM,all_rows,excluding_near_zero_actual_bottom_asset_decile,log_RV_MAE,280990,10,0.8477474698162,0.8809630897861117,-0.0332156199699116,1
RAW_CP_REPO_PLUS_PM,all_rows,excluding_near_zero_actual_bottom_asset_decile,log_RV_MSE,280990,10,1.4753525524316455,2.134143656960993,-0.6587911045293483,2
RAW_CP_REPO_PLUS_PM,all_rows,excluding_near_zero_actual_bottom_asset_decile,winsorized_SMAPE_1_99,280990,10,70.73639077833658,71.03876328876207,-0.3023725104255136,2
RAW_CP_REPO_PLUS_PM,all_rows,high_vol_actual_top_asset_quintile,SMAPE,73496,10,74.0205758822783,73.60627671897342,0.4142991633048861,8
RAW_CP_REPO_PLUS_PM,all_rows,high_vol_actual_top_asset_quintile,MAE,73496,10,0.0013977588560888,0.0013891361902498,8.622665838996001e-06,9
RAW_CP_REPO_PLUS_PM,all_rows,high_vol_actual_top_asset_quintile,MSE,73496,10,9.91631467307809e-06,9.857264897381898e-06,5.90497756961904e-08,10
RAW_CP_REPO_PLUS_PM,all_rows,high_vol_actual_top_asset_quintile,RMSE,73496,10,0.0029503490075918,0.0029420794537376,8.269553854257799e-06,10
RAW_CP_REPO_PLUS_PM,all_rows,high_vol_actual_top_asset_quintile,QLIKE,73496,10,577828.0338365107,2438900.9122937964,-1861072.878457286,0
RAW_CP_REPO_PLUS_PM,all_rows,high_vol_actual_top_asset_quintile,log_RV_MAE,73496,10,0.8562913770706451,0.8707853409922511,-0.0144939639216059,4
RAW_CP_REPO_PLUS_PM,all_rows,high_vol_actual_top_asset_quintile,log_RV_MSE,73496,10,1.2429973653708484,1.676310328601282,-0.4333129632304335,0
RAW_CP_REPO_PLUS_PM,all_rows,high_vol_actual_top_asset_quintile,winsorized_SMAPE_1_99,73496,10,73.97732781808993,73.55140886588147,0.4259189522084542,8
RAW_CP_REPO_PLUS_PM,all_observations,standard,SMAPE,367248,10,100.86366051352246,101.079028874464,-0.2153683609415369,2
RAW_CP_REPO_PLUS_PM,all_observations,standard,MAE,367248,10,0.0005861095985985,0.0005850036994936,1.1058991049526677e-06,8
RAW_CP_REPO_PLUS_PM,all_observations,standard,MSE,367248,10,2.193500144908159e-06,2.1822329106680623e-06,1.12672342400966e-08,10
RAW_CP_REPO_PLUS_PM,all_observations,standard,RMSE,367248,10,0.0013880844118661,0.001384768185296,3.3162265701473877e-06,10
RAW_CP_REPO_PLUS_PM,all_observations,standard,QLIKE,367248,10,297098.4085887108,1098485.524472503,-801387.115883792,1
RAW_CP_REPO_PLUS_PM,all_observations,standard,log_RV_MAE,367248,10,5.011387938732,5.024762244344728,-0.0133743056127281,3
RAW_CP_REPO_PLUS_PM,all_observations,standard,log_RV_MSE,367248,10,85.97070871507968,86.15826013522813,-0.1875514201484381,3
RAW_CP_REPO_PLUS_PM,all_observations,standard,winsorized_SMAPE_1_99,367248,10,100.87240025609772,101.08814911751524,-0.2157488614175098,2
RAW_CP_REPO_PLUS_PM,all_observations,excluding_near_zero_actual_bottom_asset_decile,SMAPE,280865,10,70.7998613143532,71.09936836691764,-0.2995070525644484,1
RAW_CP_REPO_PLUS_PM,all_observations,excluding_near_zero_actual_bottom_asset_decile,MAE,280865,10,0.0006344831477051,0.0006354771351623,-9.939874571995678e-07,5
RAW_CP_REPO_PLUS_PM,all_observations,excluding_near_zero_actual_bottom_asset_decile,MSE,280865,10,2.7811051718795994e-06,2.768938729844122e-06,1.2166442035476861e-08,9
RAW_CP_REPO_PLUS_PM,all_observations,excluding_near_zero_actual_bottom_asset_decile,RMSE,280865,10,0.0015897076573964,0.0015863222338403,3.385423556113525e-06,9
RAW_CP_REPO_PLUS_PM,all_observations,excluding_near_zero_actual_bottom_asset_decile,QLIKE,280865,10,387642.3986589653,1434513.029700945,-1046870.6310419798,1
RAW_CP_REPO_PLUS_PM,all_observations,excluding_near_zero_actual_bottom_asset_decile,log_RV_MAE,280865,10,0.8477187669523202,0.8797042593119195,-0.0319854923595992,1
RAW_CP_REPO_PLUS_PM,all_observations,excluding_near_zero_actual_bottom_asset_decile,log_RV_MSE,280865,10,1.4753477712987084,2.1101548491970834,-0.634807077898375,2
RAW_CP_REPO_PLUS_PM,all_observations,excluding_near_zero_actual_bottom_asset_decile,winsorized_SMAPE_1_99,280865,10,70.73471741592948,71.02549096306524,-0.2907735471357619,2
RAW_CP_REPO_PLUS_PM,all_observations,high_vol_actual_top_asset_quintile,SMAPE,73477,10,74.0098124350625,73.59411301244708,0.4156994226154352,8
RAW_CP_REPO_PLUS_PM,all_observations,high_vol_actual_top_asset_quintile,MAE,73477,10,0.0013967078250143,0.0013880801962761,8.627628738175888e-06,9
RAW_CP_REPO_PLUS_PM,all_observations,high_vol_actual_top_asset_quintile,MSE,73477,10,9.90175140491125e-06,9.842756710916546e-06,5.899469399470208e-08,10
RAW_CP_REPO_PLUS_PM,all_observations,high_vol_actual_top_asset_quintile,RMSE,73477,10,0.0029481653737893,0.0029398959375084,8.269436280910543e-06,10
RAW_CP_REPO_PLUS_PM,all_observations,high_vol_actual_top_asset_quintile,QLIKE,73477,10,577977.449553732,2424080.633224256,-1846103.1836705236,0
RAW_CP_REPO_PLUS_PM,all_observations,high_vol_actual_top_asset_quintile,log_RV_MAE,73477,10,0.8560873034002608,0.8703206473381145,-0.0142333439378535,4
RAW_CP_REPO_PLUS_PM,all_observations,high_vol_actual_top_asset_quintile,log_RV_MSE,73477,10,1.2423106282398957,1.669863408842056,-0.4275527806021607,0
RAW_CP_REPO_PLUS_PM,all_observations,high_vol_actual_top_asset_quintile,winsorized_SMAPE_1_99,73477,10,73.9666730676769,73.53916512890878,0.427507938768115,8
RAW_CP_REPO_PLUS_PM,cluster_entry_loose,standard,SMAPE,73457,10,93.56088920634404,93.31457387458951,0.2463153317545228,9
RAW_CP_REPO_PLUS_PM,cluster_entry_loose,standard,MAE,73457,10,0.0007565085518804,0.0007449778910768,1.1530660803631418e-05,9
RAW_CP_REPO_PLUS_PM,cluster_entry_loose,standard,MSE,73457,10,2.4613245517090537e-06,2.426816161660499e-06,3.4508390048554766e-08,9
RAW_CP_REPO_PLUS_PM,cluster_entry_loose,standard,RMSE,73457,10,0.0014483360606577,0.0014382633836292,1.0072677028523772e-05,9
RAW_CP_REPO_PLUS_PM,cluster_entry_loose,standard,QLIKE,73457,10,175829.54926030466,1034856.1246846084,-859026.5754243038,1
RAW_CP_REPO_PLUS_PM,cluster_entry_loose,standard,log_RV_MAE,73457,10,3.804190144501006,3.808715369377014,-0.004525224876008,2
RAW_CP_REPO_PLUS_PM,cluster_entry_loose,standard,log_RV_MSE,73457,10,62.079879726914335,62.20451864945071,-0.1246389225363839,3
RAW_CP_REPO_PLUS_PM,cluster_entry_loose,standard,winsorized_SMAPE_1_99,73457,10,93.56917055787952,93.3231240498286,0.2460465080509111,9
RAW_CP_REPO_PLUS_PM,cluster_entry_loose,excluding_near_zero_actual_bottom_asset_decile,SMAPE,61461,10,72.99789797170354,72.7136260462361,0.2842719254674235,9
RAW_CP_REPO_PLUS_PM,cluster_entry_loose,excluding_near_zero_actual_bottom_asset_decile,MAE,61461,10,0.0007865964891234,0.0007775418538489,9.054635274431232e-06,9
RAW_CP_REPO_PLUS_PM,cluster_entry_loose,excluding_near_zero_actual_bottom_asset_decile,MSE,61461,10,2.8317450639894594e-06,2.800509309907734e-06,3.1235754081724866e-08,9
RAW_CP_REPO_PLUS_PM,cluster_entry_loose,excluding_near_zero_actual_bottom_asset_decile,RMSE,61461,10,0.0015742075191736,0.0015654811012398,8.726417933780857e-06,9
RAW_CP_REPO_PLUS_PM,cluster_entry_loose,excluding_near_zero_actual_bottom_asset_decile,QLIKE,61461,10,210144.59489315952,1236141.1426565526,-1025996.5477633931,2
RAW_CP_REPO_PLUS_PM,cluster_entry_loose,excluding_near_zero_actual_bottom_asset_decile,log_RV_MAE,61461,10,0.8662174520726127,0.8793701042492876,-0.0131526521766751,3
RAW_CP_REPO_PLUS_PM,cluster_entry_loose,excluding_near_zero_actual_bottom_asset_decile,log_RV_MSE,61461,10,1.3601494572286972,1.754111165321151,-0.3939617080924533,2
RAW_CP_REPO_PLUS_PM,cluster_entry_loose,excluding_near_zero_actual_bottom_asset_decile,winsorized_SMAPE_1_99,61461,10,72.93293539887844,72.64812152505468,0.2848138738237605,9
RAW_CP_REPO_PLUS_PM,cluster_entry_loose,high_vol_actual_top_asset_quintile,SMAPE,22973,10,69.00735262283271,69.30750635086272,-0.3001537280300161,4
RAW_CP_REPO_PLUS_PM,cluster_entry_loose,high_vol_actual_top_asset_quintile,MAE,22973,10,0.0012877885229073,0.0012873278959889,4.606269183956991e-07,7
RAW_CP_REPO_PLUS_PM,cluster_entry_loose,high_vol_actual_top_asset_quintile,MSE,22973,10,6.7247425578925214e-06,6.706680030509981e-06,1.806252738253984e-08,6
RAW_CP_REPO_PLUS_PM,cluster_entry_loose,high_vol_actual_top_asset_quintile,RMSE,22973,10,0.0023906769741809,0.0023872593050727,3.417669108218756e-06,6
RAW_CP_REPO_PLUS_PM,cluster_entry_loose,high_vol_actual_top_asset_quintile,QLIKE,22973,10,268014.68012032646,2168522.206351917,-1900507.526231591,2
RAW_CP_REPO_PLUS_PM,cluster_entry_loose,high_vol_actual_top_asset_quintile,log_RV_MAE,22973,10,0.7732837175225007,0.7935487929286811,-0.0202650754061803,3
RAW_CP_REPO_PLUS_PM,cluster_entry_loose,high_vol_actual_top_asset_quintile,log_RV_MSE,22973,10,0.9451687695589692,1.3351249587773273,-0.3899561892183581,2
RAW_CP_REPO_PLUS_PM,cluster_entry_loose,high_vol_actual_top_asset_quintile,winsorized_SMAPE_1_99,22973,10,68.91269580989183,69.19766744562912,-0.2849716357372913,4
RAW_CP_REPO_PLUS_PM,recent_spike_position,standard,SMAPE,125358,10,111.5312633098087,111.30796010983144,0.2233031999772686,8
RAW_CP_REPO_PLUS_PM,recent_spike_position,standard,MAE,125358,10,0.000609182778318,0.0005993532312267,9.829547091264415e-06,9
RAW_CP_REPO_PLUS_PM,recent_spike_position,standard,MSE,125358,10,2.105711101802365e-06,2.083293832175596e-06,2.2417269626768552e-08,10
RAW_CP_REPO_PLUS_PM,recent_spike_position,standard,RMSE,125358,10,0.0013297050754869,0.0013228347453725,6.870330114334293e-06,10
RAW_CP_REPO_PLUS_PM,recent_spike_position,standard,QLIKE,125358,10,249149.85066705736,981083.4457678284,-731933.595100771,2
RAW_CP_REPO_PLUS_PM,recent_spike_position,standard,log_RV_MAE,125358,10,6.256003684262452,6.256011725919075,-8.041656623229855e-06,6
RAW_CP_REPO_PLUS_PM,recent_spike_position,standard,log_RV_MSE,125358,10,109.413873260945,109.42613841138466,-0.0122651504396711,5
RAW_CP_REPO_PLUS_PM,recent_spike_position,standard,winsorized_SMAPE_1_99,125358,10,111.54553490151334,111.32129160890312,0.2242432926102261,8
RAW_CP_REPO_PLUS_PM,recent_spike_position,excluding_near_zero_actual_bottom_asset_decile,SMAPE,87314,10,73.36349002624341,73.06621562749689,0.2972743987465353,8
RAW_CP_REPO_PLUS_PM,recent_spike_position,excluding_near_zero_actual_bottom_asset_decile,MAE,87314,10,0.0007165853575134,0.0007083241998813,8.26115763218596e-06,9
RAW_CP_REPO_PLUS_PM,recent_spike_position,excluding_near_zero_actual_bottom_asset_decile,MSE,87314,10,2.911648263991405e-06,2.8896789547357334e-06,2.1969309255671557e-08,9
RAW_CP_REPO_PLUS_PM,recent_spike_position,excluding_near_zero_actual_bottom_asset_decile,RMSE,87314,10,0.0016055951177445,0.0015991796258678,6.415491876705139e-06,9
RAW_CP_REPO_PLUS_PM,recent_spike_position,excluding_near_zero_actual_bottom_asset_decile,QLIKE,87314,10,357700.4542242482,1408282.160008713,-1050581.7057844645,2
RAW_CP_REPO_PLUS_PM,recent_spike_position,excluding_near_zero_actual_bottom_asset_decile,log_RV_MAE,87314,10,0.8796930028966632,0.8967649516170736,-0.0170719487204102,2
RAW_CP_REPO_PLUS_PM,recent_spike_position,excluding_near_zero_actual_bottom_asset_decile,log_RV_MSE,87314,10,1.46266464228245,1.9485329714191648,-0.4858683291367148,2
RAW_CP_REPO_PLUS_PM,recent_spike_position,excluding_near_zero_actual_bottom_asset_decile,winsorized_SMAPE_1_99,87314,10,73.3008461151611,72.99926015431389,0.301585960847208,8
RAW_CP_REPO_PLUS_PM,recent_spike_position,high_vol_actual_top_asset_quintile,SMAPE,25722,10,76.6380234808837,77.42747251345841,-0.7894490325747034,2
RAW_CP_REPO_PLUS_PM,recent_spike_position,high_vol_actual_top_asset_quintile,MAE,25722,10,0.0014520315728545,0.001456549788725,-4.518215870545456e-06,2
RAW_CP_REPO_PLUS_PM,recent_spike_position,high_vol_actual_top_asset_quintile,MSE,25722,10,9.030757734515107e-06,9.026994554381657e-06,3.763180133451069e-09,4
RAW_CP_REPO_PLUS_PM,recent_spike_position,high_vol_actual_top_asset_quintile,RMSE,25722,10,0.002817499668717,0.0028168166574526,6.830112643385887e-07,4
RAW_CP_REPO_PLUS_PM,recent_spike_position,high_vol_actual_top_asset_quintile,QLIKE,25722,10,730283.7780196941,2765199.623542358,-2034915.845522664,1
RAW_CP_REPO_PLUS_PM,recent_spike_position,high_vol_actual_top_asset_quintile,log_RV_MAE,25722,10,0.8980758793102885,0.9242066065995402,-0.0261307272892517,2
RAW_CP_REPO_PLUS_PM,recent_spike_position,high_vol_actual_top_asset_quintile,log_RV_MSE,25722,10,1.3696668123426177,1.7685860268791536,-0.3989192145365359,1
RAW_CP_REPO_PLUS_PM,recent_spike_position,high_vol_actual_top_asset_quintile,winsorized_SMAPE_1_99,25722,10,76.58265438950966,77.35978285796408,-0.7771284684544153,2
RAW_CP_REPO_PLUS_PM,cluster_exit_loose,standard,SMAPE,73455,10,97.78270322300334,98.58050764276112,-0.7978044197577654,0
RAW_CP_REPO_PLUS_PM,cluster_exit_loose,standard,MAE,73455,10,0.0006171643472766,0.0006264172349993,-9.252887722653918e-06,1
RAW_CP_REPO_PLUS_PM,cluster_exit_loose,standard,MSE,73455,10,2.753487709512812e-06,2.7468305168490843e-06,6.657192663727599e-09,8
RAW_CP_REPO_PLUS_PM,cluster_exit_loose,standard,RMSE,73455,10,0.001537824377701,0.0015361360938359,1.6882838650574297e-06,8
RAW_CP_REPO_PLUS_PM,cluster_exit_loose,standard,QLIKE,73455,10,319713.10949986114,1281627.1948370864,-961914.0853372256,0
RAW_CP_REPO_PLUS_PM,cluster_exit_loose,standard,log_RV_MAE,73455,10,4.775102499739926,4.802469674621346,-0.027367174881418,1
RAW_CP_REPO_PLUS_PM,cluster_exit_loose,standard,log_RV_MSE,73455,10,82.09800802784856,82.46336496099633,-0.3653569331477682,2
RAW_CP_REPO_PLUS_PM,cluster_exit_loose,standard,winsorized_SMAPE_1_99,73455,10,97.79101156573374,98.58821977261672,-0.7972082068829701,0
RAW_CP_REPO_PLUS_PM,cluster_exit_loose,excluding_near_zero_actual_bottom_asset_decile,SMAPE,57273,10,69.26376081385803,70.29039069674903,-1.026629882890992,0
RAW_CP_REPO_PLUS_PM,cluster_exit_loose,excluding_near_zero_actual_bottom_asset_decile,MAE,57273,10,0.000661178907095,0.0006719284070386,-1.0749499943566326e-05,0
RAW_CP_REPO_PLUS_PM,cluster_exit_loose,excluding_near_zero_actual_bottom_asset_decile,MSE,57273,10,3.4480117172837792e-06,3.4350303589737507e-06,1.2981358310028374e-08,9
RAW_CP_REPO_PLUS_PM,cluster_exit_loose,excluding_near_zero_actual_bottom_asset_decile,RMSE,57273,10,0.0017516744733704,0.0017485107157397,3.1637576307348823e-06,9
RAW_CP_REPO_PLUS_PM,cluster_exit_loose,excluding_near_zero_actual_bottom_asset_decile,QLIKE,57273,10,409447.8060087569,1642553.921652214,-1233106.1156434575,0
RAW_CP_REPO_PLUS_PM,cluster_exit_loose,excluding_near_zero_actual_bottom_asset_decile,log_RV_MAE,57273,10,0.8285547380337411,0.8784072367452819,-0.0498524987115406,0
RAW_CP_REPO_PLUS_PM,cluster_exit_loose,excluding_near_zero_actual_bottom_asset_decile,log_RV_MSE,57273,10,1.468738852648666,2.285033122962472,-0.8162942703138056,0
RAW_CP_REPO_PLUS_PM,cluster_exit_loose,excluding_near_zero_actual_bottom_asset_decile,winsorized_SMAPE_1_99,57273,10,69.19739766691099,70.21011664972825,-1.0127189828172476,0
RAW_CP_REPO_PLUS_PM,cluster_exit_loose,high_vol_actual_top_asset_quintile,SMAPE,17006,10,68.55587459894774,67.03424781993772,1.521626779010007,9
RAW_CP_REPO_PLUS_PM,cluster_exit_loose,high_vol_actual_top_asset_quintile,MAE,17006,10,0.0013369827883075,0.001315943161203,2.1039627104497548e-05,9
RAW_CP_REPO_PLUS_PM,cluster_exit_loose,high_vol_actual_top_asset_quintile,MSE,17006,10,1.0979860152382522e-05,1.084701994775003e-05,1.3284020463248926e-07,10
RAW_CP_REPO_PLUS_PM,cluster_exit_loose,high_vol_actual_top_asset_quintile,RMSE,17006,10,0.0030405995595415,0.0030226397821113,1.7959777430237518e-05,10
RAW_CP_REPO_PLUS_PM,cluster_exit_loose,high_vol_actual_top_asset_quintile,QLIKE,17006,10,263331.26459515106,2606763.1850584405,-2343431.92046329,2
RAW_CP_REPO_PLUS_PM,cluster_exit_loose,high_vol_actual_top_asset_quintile,log_RV_MAE,17006,10,0.779457159228256,0.7928485209123606,-0.0133913616841046,4
RAW_CP_REPO_PLUS_PM,cluster_exit_loose,high_vol_actual_top_asset_quintile,log_RV_MSE,17006,10,0.9978065877696454,1.6778550556933371,-0.6800484679236919,2
RAW_CP_REPO_PLUS_PM,cluster_exit_loose,high_vol_actual_top_asset_quintile,winsorized_SMAPE_1_99,17006,10,68.5145672335015,66.97016888490023,1.544398348601277,9
RAW_CP_REPO_PLUS_PM,older_spike_position,standard,SMAPE,108871,10,97.43444156272852,97.8921383138616,-0.4576967511330971,0
RAW_CP_REPO_PLUS_PM,older_spike_position,standard,MAE,108871,10,0.0005701423444708,0.0005737118049429,-3.569460472058045e-06,1
RAW_CP_REPO_PLUS_PM,older_spike_position,standard,MSE,108871,10,2.325430719071407e-06,2.3168253895199377e-06,8.605329551469198e-09,9
RAW_CP_REPO_PLUS_PM,older_spike_position,standard,RMSE,108871,10,0.0014265116032149,0.001424031369602,2.4802336128907834e-06,9
RAW_CP_REPO_PLUS_PM,older_spike_position,standard,QLIKE,108871,10,310676.42338787334,1133063.3314369365,-822386.9080490634,0
RAW_CP_REPO_PLUS_PM,older_spike_position,standard,log_RV_MAE,108871,10,4.699872146442731,4.719510941830948,-0.0196387953882166,2
RAW_CP_REPO_PLUS_PM,older_spike_position,standard,log_RV_MSE,108871,10,80.56611779435829,80.82700017115317,-0.2608823767948623,4
RAW_CP_REPO_PLUS_PM,older_spike_position,standard,winsorized_SMAPE_1_99,108871,10,97.44221425187747,97.90020818642684,-0.4579939345493628,0
RAW_CP_REPO_PLUS_PM,older_spike_position,excluding_near_zero_actual_bottom_asset_decile,SMAPE,85180,10,69.3545856504564,69.96331724855375,-0.6087315980973541,0
RAW_CP_REPO_PLUS_PM,older_spike_position,excluding_near_zero_actual_bottom_asset_decile,MAE,85180,10,0.0005996808597667,0.0006050955060989,-5.414646332197914e-06,0
RAW_CP_REPO_PLUS_PM,older_spike_position,excluding_near_zero_actual_bottom_asset_decile,MSE,85180,10,2.892131608948893e-06,2.880040152226064e-06,1.2091456722828324e-08,10
RAW_CP_REPO_PLUS_PM,older_spike_position,excluding_near_zero_actual_bottom_asset_decile,RMSE,85180,10,0.0016071511084485,0.0016038732078372,3.2779006113484336e-06,10
RAW_CP_REPO_PLUS_PM,older_spike_position,excluding_near_zero_actual_bottom_asset_decile,QLIKE,85180,10,395338.3603923037,1446670.3062152285,-1051331.9458229246,0
RAW_CP_REPO_PLUS_PM,older_spike_position,excluding_near_zero_actual_bottom_asset_decile,log_RV_MAE,85180,10,0.8306895025168325,0.8719474531332406,-0.0412579506164081,0
RAW_CP_REPO_PLUS_PM,older_spike_position,excluding_near_zero_actual_bottom_asset_decile,log_RV_MSE,85180,10,1.4717707449212003,2.21961363972339,-0.7478428948021899,0
RAW_CP_REPO_PLUS_PM,older_spike_position,excluding_near_zero_actual_bottom_asset_decile,winsorized_SMAPE_1_99,85180,10,69.28381540261677,69.88293137803561,-0.5991159754188304,0
RAW_CP_REPO_PLUS_PM,older_spike_position,high_vol_actual_top_asset_quintile,SMAPE,20509,10,71.97662527280492,70.78653759187529,1.190087680929642,9
RAW_CP_REPO_PLUS_PM,older_spike_position,high_vol_actual_top_asset_quintile,MAE,20509,10,0.0014069911717764,0.0013897354428423,1.725572893410039e-05,9
RAW_CP_REPO_PLUS_PM,older_spike_position,high_vol_actual_top_asset_quintile,MSE,20509,10,1.1340659190055558e-05,1.123012328175248e-05,1.1053590830307998e-07,10
RAW_CP_REPO_PLUS_PM,older_spike_position,high_vol_actual_top_asset_quintile,RMSE,20509,10,0.0031001645234287,0.0030854733652978,1.4691158130842903e-05,10
RAW_CP_REPO_PLUS_PM,older_spike_position,high_vol_actual_top_asset_quintile,QLIKE,20509,10,528354.6846762492,2242946.0948316515,-1714591.4101554025,1
RAW_CP_REPO_PLUS_PM,older_spike_position,high_vol_actual_top_asset_quintile,log_RV_MAE,20509,10,0.8302399911732007,0.8384186667194719,-0.0081786755462711,2
RAW_CP_REPO_PLUS_PM,older_spike_position,high_vol_actual_top_asset_quintile,log_RV_MSE,20509,10,1.1982180799171949,1.6766530316050623,-0.478434951687868,1
RAW_CP_REPO_PLUS_PM,older_spike_position,high_vol_actual_top_asset_quintile,winsorized_SMAPE_1_99,20509,10,71.93587644514969,70.72945560295211,1.2064208421975724,9
RAW_CP_REPO_PLUS_PM,high_within_block_dispersion,standard,SMAPE,68970,10,119.60427233753936,119.56280363348824,0.0414687040511377,6
RAW_CP_REPO_PLUS_PM,high_within_block_dispersion,standard,MAE,68970,10,0.0005686239436959,0.0005536416762193,1.4982267476584946e-05,9
RAW_CP_REPO_PLUS_PM,high_within_block_dispersion,standard,MSE,68970,10,1.1231333770356058e-06,1.094429866641186e-06,2.8703510394419783e-08,10
RAW_CP_REPO_PLUS_PM,high_within_block_dispersion,standard,RMSE,68970,10,0.0010218476548916,0.001008699631922,1.3148022969627988e-05,10
RAW_CP_REPO_PLUS_PM,high_within_block_dispersion,standard,QLIKE,68970,10,503895.0954919666,1634896.4403614998,-1131001.3448695326,1
RAW_CP_REPO_PLUS_PM,high_within_block_dispersion,standard,log_RV_MAE,68970,10,7.336315052592766,7.343096176201666,-0.0067811236088996,5
RAW_CP_REPO_PLUS_PM,high_within_block_dispersion,standard,log_RV_MSE,68970,10,134.18160425169935,134.19922036207663,-0.01761611037728,5
RAW_CP_REPO_PLUS_PM,high_within_block_dispersion,standard,winsorized_SMAPE_1_99,68970,10,119.61807792324268,119.57703736861284,0.0410405546298656,6
RAW_CP_REPO_PLUS_PM,high_within_block_dispersion,excluding_near_zero_actual_bottom_asset_decile,SMAPE,44524,10,76.0726803313092,76.05077190182928,0.0219084294799089,6
RAW_CP_REPO_PLUS_PM,high_within_block_dispersion,excluding_near_zero_actual_bottom_asset_decile,MAE,44524,10,0.0006047171369936,0.0005923730936848,1.2344043308796837e-05,9
RAW_CP_REPO_PLUS_PM,high_within_block_dispersion,excluding_near_zero_actual_bottom_asset_decile,MSE,44524,10,1.5377627543209002e-06,1.5108285088834895e-06,2.6934245437411014e-08,9
RAW_CP_REPO_PLUS_PM,high_within_block_dispersion,excluding_near_zero_actual_bottom_asset_decile,RMSE,44524,10,0.0012018726265101,0.0011905945499224,1.1278076587643514e-05,9
RAW_CP_REPO_PLUS_PM,high_within_block_dispersion,excluding_near_zero_actual_bottom_asset_decile,QLIKE,44524,10,778263.0005437186,2529521.011159548,-1751258.0106158296,1
RAW_CP_REPO_PLUS_PM,high_within_block_dispersion,excluding_near_zero_actual_bottom_asset_decile,log_RV_MAE,44524,10,0.9279896341069244,0.9825594862706571,-0.0545698521637327,1
RAW_CP_REPO_PLUS_PM,high_within_block_dispersion,excluding_near_zero_actual_bottom_asset_decile,log_RV_MSE,44524,10,1.8841423421682129,3.134133064432174,-1.2499907222639617,1
RAW_CP_REPO_PLUS_PM,high_within_block_dispersion,excluding_near_zero_actual_bottom_asset_decile,winsorized_SMAPE_1_99,44524,10,75.999265651473,75.96495032098308,0.0343153304899236,6
RAW_CP_REPO_PLUS_PM,high_within_block_dispersion,high_vol_actual_top_asset_quintile,SMAPE,8611,10,83.57927734565325,86.11841962539525,-2.5391422797419843,1
RAW_CP_REPO_PLUS_PM,high_within_block_dispersion,high_vol_actual_top_asset_quintile,MAE,8611,10,0.0014329468653602,0.0014521610740787,-1.9214208718572657e-05,1
RAW_CP_REPO_PLUS_PM,high_within_block_dispersion,high_vol_actual_top_asset_quintile,MSE,8611,10,6.356666223296062e-06,6.423148025970926e-06,-6.648180267486386e-08,1
RAW_CP_REPO_PLUS_PM,high_within_block_dispersion,high_vol_actual_top_asset_quintile,RMSE,8611,10,0.0024338471985146,0.0024453024730435,-1.1455274528912616e-05,1
RAW_CP_REPO_PLUS_PM,high_within_block_dispersion,high_vol_actual_top_asset_quintile,QLIKE,8611,10,1164588.1052037366,4788466.830395653,-3623878.725191917,3
RAW_CP_REPO_PLUS_PM,high_within_block_dispersion,high_vol_actual_top_asset_quintile,log_RV_MAE,8611,10,0.9835186676880447,1.0596038116702475,-0.0760851439822025,1
RAW_CP_REPO_PLUS_PM,high_within_block_dispersion,high_vol_actual_top_asset_quintile,log_RV_MSE,8611,10,1.6033125836104825,2.6606643947631934,-1.0573518111527107,1
RAW_CP_REPO_PLUS_PM,high_within_block_dispersion,high_vol_actual_top_asset_quintile,winsorized_SMAPE_1_99,8611,10,83.52311784459015,86.04675728687873,-2.523639442288582,1
CP_REPO_OPS_R,all_rows,standard,SMAPE,367468,10,100.87996479236024,108.83373919866372,-7.9537744063035,0
CP_REPO_OPS_R,all_rows,standard,MAE,367468,10,0.0005862627333686,0.0029797552096557,-0.002393492476287,0
CP_REPO_OPS_R,all_rows,standard,MSE,367468,10,2.195810003722176e-06,0.3842742266921805,-0.3842720308821767,0
CP_REPO_OPS_R,all_rows,standard,RMSE,367468,10,0.001388809861051,0.2433724541456433,-0.2419836442845923,0
CP_REPO_OPS_R,all_rows,standard,QLIKE,367468,10,296920.5433224973,30457392.234494127,-30160471.69117163,0
CP_REPO_OPS_R,all_rows,standard,log_RV_MAE,367468,10,5.013575715182238,5.602993265618098,-0.5894175504358607,2
CP_REPO_OPS_R,all_rows,standard,log_RV_MSE,367468,10,86.01532967319302,97.5562340965032,-11.540904423310192,2
CP_REPO_OPS_R,all_rows,standard,winsorized_SMAPE_1_99,367468,10,100.88870917101808,108.8430889354313,-7.95437976441321,0
CP_REPO_OPS_R,all_rows,excluding_near_zero_actual_bottom_asset_decile,SMAPE,280990,10,70.80150601340222,81.20496150848379,-10.403455495081564,0
CP_REPO_OPS_R,all_rows,excluding_near_zero_actual_bottom_asset_decile,MAE,280990,10,0.0006347107778826,0.0035276028975561,-0.0028928921196735,0
CP_REPO_OPS_R,all_rows,excluding_near_zero_actual_bottom_asset_decile,MSE,280990,10,2.7844815379535592e-06,0.5016199505708557,-0.5016171660893177,0
CP_REPO_OPS_R,all_rows,excluding_near_zero_actual_bottom_asset_decile,RMSE,280990,10,0.0015906907657762,0.2930948469532966,-0.2915041561875203,0
CP_REPO_OPS_R,all_rows,excluding_near_zero_actual_bottom_asset_decile,QLIKE,280990,10,387469.9542930861,39796359.713547006,-39408889.75925393,0
CP_REPO_OPS_R,all_rows,excluding_near_zero_actual_bottom_asset_decile,log_RV_MAE,280990,10,0.8477474698162,1.825113233610031,-0.977365763793831,0
CP_REPO_OPS_R,all_rows,excluding_near_zero_actual_bottom_asset_decile,log_RV_MSE,280990,10,1.4753525524316455,20.43888167512455,-18.963529122692908,0
CP_REPO_OPS_R,all_rows,excluding_near_zero_actual_bottom_asset_decile,winsorized_SMAPE_1_99,280990,10,70.73639077833658,81.21133334311408,-10.474942564777528,0
CP_REPO_OPS_R,all_rows,high_vol_actual_top_asset_quintile,SMAPE,73496,10,74.0205758822783,82.18022801475378,-8.159652132475463,0
CP_REPO_OPS_R,all_rows,high_vol_actual_top_asset_quintile,MAE,73496,10,0.0013977588560888,0.0026941394468595,-0.0012963805907706,0
CP_REPO_OPS_R,all_rows,high_vol_actual_top_asset_quintile,MSE,73496,10,9.91631467307809e-06,0.0015138756065331,-0.00150395929186,0
CP_REPO_OPS_R,all_rows,high_vol_actual_top_asset_quintile,RMSE,73496,10,0.0029503490075918,0.0300775579094967,-0.0271272089019048,0
CP_REPO_OPS_R,all_rows,high_vol_actual_top_asset_quintile,QLIKE,73496,10,577828.0338365107,99534534.5292178,-98956706.49538133,0
CP_REPO_OPS_R,all_rows,high_vol_actual_top_asset_quintile,log_RV_MAE,73496,10,0.8562913770706451,1.8510108708374573,-0.994719493766812,0
CP_REPO_OPS_R,all_rows,high_vol_actual_top_asset_quintile,log_RV_MSE,73496,10,1.2429973653708484,22.295714900338528,-21.052717534967677,0
CP_REPO_OPS_R,all_rows,high_vol_actual_top_asset_quintile,winsorized_SMAPE_1_99,73496,10,73.97732781808993,82.19147833680469,-8.214150518714781,0
CP_REPO_OPS_R,all_observations,standard,SMAPE,367248,10,100.86366051352246,108.8151814844009,-7.951520970878432,0
CP_REPO_OPS_R,all_observations,standard,MAE,367248,10,0.0005861095985985,0.0029810092040504,-0.0023948996054518,0
CP_REPO_OPS_R,all_observations,standard,MSE,367248,10,2.193500144908159e-06,0.3845044226009073,-0.3845022291007623,0
CP_REPO_OPS_R,all_observations,standard,RMSE,367248,10,0.0013880844118661,0.2434452834766618,-0.2420571990647957,0
CP_REPO_OPS_R,all_observations,standard,QLIKE,367248,10,297098.4085887108,30464373.35271648,-30167274.94412777,0
CP_REPO_OPS_R,all_observations,standard,log_RV_MAE,367248,10,5.011387938732,5.600721055587773,-0.5893331168557724,2
CP_REPO_OPS_R,all_observations,standard,log_RV_MSE,367248,10,85.97070871507968,97.5106758659918,-11.539967150912128,2
CP_REPO_OPS_R,all_observations,standard,winsorized_SMAPE_1_99,367248,10,100.87240025609772,108.8245301847861,-7.952129928688385,0
CP_REPO_OPS_R,all_observations,excluding_near_zero_actual_bottom_asset_decile,SMAPE,280865,10,70.7998613143532,81.19882422906568,-10.39896291471248,0
CP_REPO_OPS_R,all_observations,excluding_near_zero_actual_bottom_asset_decile,MAE,280865,10,0.0006344831477051,0.003528628590055,-0.0028941454423499,0
CP_REPO_OPS_R,all_observations,excluding_near_zero_actual_bottom_asset_decile,MSE,280865,10,2.7811051718795994e-06,0.5018431937249511,-0.5018404126197792,0
CP_REPO_OPS_R,all_observations,excluding_near_zero_actual_bottom_asset_decile,RMSE,280865,10,0.0015897076573964,0.2931424169986897,-0.2915527093412933,0
CP_REPO_OPS_R,all_observations,excluding_near_zero_actual_bottom_asset_decile,QLIKE,280865,10,387642.3986589653,39799441.92397331,-39411799.52531434,0
CP_REPO_OPS_R,all_observations,excluding_near_zero_actual_bottom_asset_decile,log_RV_MAE,280865,10,0.8477187669523202,1.8247818859343456,-0.9770631189820252,0
CP_REPO_OPS_R,all_observations,excluding_near_zero_actual_bottom_asset_decile,log_RV_MSE,280865,10,1.4753477712987084,20.43370369022376,-18.95835591892505,0
CP_REPO_OPS_R,all_observations,excluding_near_zero_actual_bottom_asset_decile,winsorized_SMAPE_1_99,280865,10,70.73471741592948,81.20520372645522,-10.470486310525752,0
CP_REPO_OPS_R,all_observations,high_vol_actual_top_asset_quintile,SMAPE,73477,10,74.0098124350625,82.17045613842312,-8.16064370336058,0
CP_REPO_OPS_R,all_observations,high_vol_actual_top_asset_quintile,MAE,73477,10,0.0013967078250143,0.0026934208308941,-0.0012967130058798,0
CP_REPO_OPS_R,all_observations,high_vol_actual_top_asset_quintile,MSE,73477,10,9.90175140491125e-06,0.0015142499961664,-0.0015043482447615,0
CP_REPO_OPS_R,all_observations,high_vol_actual_top_asset_quintile,RMSE,73477,10,0.0029481653737893,0.0300806178028344,-0.027132452429045,0
CP_REPO_OPS_R,all_observations,high_vol_actual_top_asset_quintile,QLIKE,73477,10,577977.449553732,99544821.65844987,-98966844.20889616,0
CP_REPO_OPS_R,all_observations,high_vol_actual_top_asset_quintile,log_RV_MAE,73477,10,0.8560873034002608,1.850802543522213,-0.9947152401219522,0
CP_REPO_OPS_R,all_observations,high_vol_actual_top_asset_quintile,log_RV_MSE,73477,10,1.2423106282398957,22.294609847110912,-21.05229921887102,0
CP_REPO_OPS_R,all_observations,high_vol_actual_top_asset_quintile,winsorized_SMAPE_1_99,73477,10,73.9666730676769,82.18169732554217,-8.215024257865277,0
CP_REPO_OPS_R,cluster_entry_loose,standard,SMAPE,73457,10,93.56088920634404,102.59832020875112,-9.037431002407075,0
CP_REPO_OPS_R,cluster_entry_loose,standard,MAE,73457,10,0.0007565085518804,0.0028635599784358,-0.0021070514265553,0
CP_REPO_OPS_R,cluster_entry_loose,standard,MSE,73457,10,2.4613245517090537e-06,0.0174054008236434,-0.0174029394990917,0
CP_REPO_OPS_R,cluster_entry_loose,standard,RMSE,73457,10,0.0014483360606577,0.0772656582036945,-0.0758173221430367,0
CP_REPO_OPS_R,cluster_entry_loose,standard,QLIKE,73457,10,175829.54926030466,47359852.13357127,-47184022.58431096,0
CP_REPO_OPS_R,cluster_entry_loose,standard,log_RV_MAE,73457,10,3.804190144501006,4.557455202325202,-0.753265057824196,0
CP_REPO_OPS_R,cluster_entry_loose,standard,log_RV_MSE,73457,10,62.079879726914335,77.14213947027483,-15.062259743360496,0
CP_REPO_OPS_R,cluster_entry_loose,standard,winsorized_SMAPE_1_99,73457,10,93.56917055787952,102.60651409168048,-9.037343533800966,0
CP_REPO_OPS_R,cluster_entry_loose,excluding_near_zero_actual_bottom_asset_decile,SMAPE,61461,10,72.99789797170354,83.80508205476445,-10.80718408306093,0
CP_REPO_OPS_R,cluster_entry_loose,excluding_near_zero_actual_bottom_asset_decile,MAE,61461,10,0.0007865964891234,0.0028759515107342,-0.0020893550216108,0
CP_REPO_OPS_R,cluster_entry_loose,excluding_near_zero_actual_bottom_asset_decile,MSE,61461,10,2.8317450639894594e-06,0.017679772752388,-0.017676941007324,0
CP_REPO_OPS_R,cluster_entry_loose,excluding_near_zero_actual_bottom_asset_decile,RMSE,61461,10,0.0015742075191736,0.0701873115100298,-0.0686131039908561,0
CP_REPO_OPS_R,cluster_entry_loose,excluding_near_zero_actual_bottom_asset_decile,QLIKE,61461,10,210144.59489315952,56580289.85420032,-56370145.25930716,0
CP_REPO_OPS_R,cluster_entry_loose,excluding_near_zero_actual_bottom_asset_decile,log_RV_MAE,61461,10,0.8662174520726127,1.9654880073613723,-1.0992705552887594,0
CP_REPO_OPS_R,cluster_entry_loose,excluding_near_zero_actual_bottom_asset_decile,log_RV_MSE,61461,10,1.3601494572286972,23.14227820034412,-21.782128743115425,0
CP_REPO_OPS_R,cluster_entry_loose,excluding_near_zero_actual_bottom_asset_decile,winsorized_SMAPE_1_99,61461,10,72.93293539887844,83.81153541792129,-10.878600019042842,0
CP_REPO_OPS_R,cluster_entry_loose,high_vol_actual_top_asset_quintile,SMAPE,22973,10,69.00735262283271,78.71240183928342,-9.705049216450696,0
CP_REPO_OPS_R,cluster_entry_loose,high_vol_actual_top_asset_quintile,MAE,22973,10,0.0012877885229073,0.0027540438451526,-0.0014662553222452,0
CP_REPO_OPS_R,cluster_entry_loose,high_vol_actual_top_asset_quintile,MSE,22973,10,6.7247425578925214e-06,0.0010485657331083,-0.0010418409905504,0
CP_REPO_OPS_R,cluster_entry_loose,high_vol_actual_top_asset_quintile,RMSE,22973,10,0.0023906769741809,0.0227343041358738,-0.0203436271616928,0
CP_REPO_OPS_R,cluster_entry_loose,high_vol_actual_top_asset_quintile,QLIKE,22973,10,268014.68012032646,113469398.69983086,-113201384.01971053,0
CP_REPO_OPS_R,cluster_entry_loose,high_vol_actual_top_asset_quintile,log_RV_MAE,22973,10,0.7732837175225007,1.889157113217253,-1.1158733956947526,0
CP_REPO_OPS_R,cluster_entry_loose,high_vol_actual_top_asset_quintile,log_RV_MSE,22973,10,0.9451687695589692,24.45898180231995,-23.51381303276098,0
CP_REPO_OPS_R,cluster_entry_loose,high_vol_actual_top_asset_quintile,winsorized_SMAPE_1_99,22973,10,68.91269580989183,78.72198553697358,-9.809289727081742,0
CP_REPO_OPS_R,recent_spike_position,standard,SMAPE,125358,10,111.5312633098087,118.83375990972549,-7.302496599916802,0
CP_REPO_OPS_R,recent_spike_position,standard,MAE,125358,10,0.000609182778318,0.0050991590329056,-0.0044899762545875,0
CP_REPO_OPS_R,recent_spike_position,standard,MSE,125358,10,2.105711101802365e-06,1.1154151762805316,-1.1154130705694298,0
CP_REPO_OPS_R,recent_spike_position,standard,RMSE,125358,10,0.0013297050754869,0.3587566263987135,-0.3574269213232267,0
CP_REPO_OPS_R,recent_spike_position,standard,QLIKE,125358,10,249149.85066705736,31390537.543259565,-31141387.69259251,0
CP_REPO_OPS_R,recent_spike_position,standard,log_RV_MAE,125358,10,6.256003684262452,6.778867714570166,-0.5228640303077134,2
CP_REPO_OPS_R,recent_spike_position,standard,log_RV_MSE,125358,10,109.413873260945,119.85428936404703,-10.440416103102022,2
CP_REPO_OPS_R,recent_spike_position,standard,winsorized_SMAPE_1_99,125358,10,111.54553490151334,118.8492045598362,-7.303669658322851,0
CP_REPO_OPS_R,recent_spike_position,excluding_near_zero_actual_bottom_asset_decile,SMAPE,87314,10,73.36349002624341,83.84736187458957,-10.483871848346146,0
CP_REPO_OPS_R,recent_spike_position,excluding_near_zero_actual_bottom_asset_decile,MAE,87314,10,0.0007165853575134,0.0067716496890495,-0.006055064331536,0
CP_REPO_OPS_R,recent_spike_position,excluding_near_zero_actual_bottom_asset_decile,MSE,87314,10,2.911648263991405e-06,1.5991873789627389,-1.5991844673144744,0
CP_REPO_OPS_R,recent_spike_position,excluding_near_zero_actual_bottom_asset_decile,RMSE,87314,10,0.0016055951177445,0.4745885333658919,-0.4729829382481473,0
CP_REPO_OPS_R,recent_spike_position,excluding_near_zero_actual_bottom_asset_decile,QLIKE,87314,10,357700.4542242482,45040979.09887394,-44683278.6446497,0
CP_REPO_OPS_R,recent_spike_position,excluding_near_zero_actual_bottom_asset_decile,log_RV_MAE,87314,10,0.8796930028966632,1.9151425768279084,-1.0354495739312448,0
CP_REPO_OPS_R,recent_spike_position,excluding_near_zero_actual_bottom_asset_decile,log_RV_MSE,87314,10,1.46266464228245,21.74885178627834,-20.286187143995885,0
CP_REPO_OPS_R,recent_spike_position,excluding_near_zero_actual_bottom_asset_decile,winsorized_SMAPE_1_99,87314,10,73.3008461151611,83.85459013466652,-10.553744019505425,0
CP_REPO_OPS_R,recent_spike_position,high_vol_actual_top_asset_quintile,SMAPE,25722,10,76.6380234808837,85.41658064896998,-8.778557168086268,0
CP_REPO_OPS_R,recent_spike_position,high_vol_actual_top_asset_quintile,MAE,25722,10,0.0014520315728545,0.0026701660942242,-0.0012181345213697,0
CP_REPO_OPS_R,recent_spike_position,high_vol_actual_top_asset_quintile,MSE,25722,10,9.030757734515107e-06,0.0007526527359691,-0.0007436219782346,0
CP_REPO_OPS_R,recent_spike_position,high_vol_actual_top_asset_quintile,RMSE,25722,10,0.002817499668717,0.0227552517857296,-0.0199377521170126,0
CP_REPO_OPS_R,recent_spike_position,high_vol_actual_top_asset_quintile,QLIKE,25722,10,730283.7780196941,104956759.76459196,-104226475.98657224,0
CP_REPO_OPS_R,recent_spike_position,high_vol_actual_top_asset_quintile,log_RV_MAE,25722,10,0.8980758793102885,1.9551475237726084,-1.05707164446232,0
CP_REPO_OPS_R,recent_spike_position,high_vol_actual_top_asset_quintile,log_RV_MSE,25722,10,1.3696668123426177,23.720810125743444,-22.351143313400826,0
CP_REPO_OPS_R,recent_spike_position,high_vol_actual_top_asset_quintile,winsorized_SMAPE_1_99,25722,10,76.58265438950966,85.42832118503141,-8.84566679552173,0
CP_REPO_OPS_R,cluster_exit_loose,standard,SMAPE,73455,10,97.78270322300334,106.30229616337328,-8.519592940369932,0
CP_REPO_OPS_R,cluster_exit_loose,standard,MAE,73455,10,0.0006171643472766,0.0019940288054539,-0.0013768644581772,0
CP_REPO_OPS_R,cluster_exit_loose,standard,MSE,73455,10,2.753487709512812e-06,0.0038910736899399,-0.0038883202022304,0
CP_REPO_OPS_R,cluster_exit_loose,standard,RMSE,73455,10,0.001537824377701,0.0432148374650424,-0.0416770130873414,0
CP_REPO_OPS_R,cluster_exit_loose,standard,QLIKE,73455,10,319713.10949986114,35014282.64141858,-34694569.53191872,0
CP_REPO_OPS_R,cluster_exit_loose,standard,log_RV_MAE,73455,10,4.775102499739926,5.401792467475523,-0.6266899677355953,1
CP_REPO_OPS_R,cluster_exit_loose,standard,log_RV_MSE,73455,10,82.09800802784856,94.37057450261086,-12.272566474762284,1
CP_REPO_OPS_R,cluster_exit_loose,standard,winsorized_SMAPE_1_99,73455,10,97.79101156573374,106.31083662917682,-8.51982506344308,0
CP_REPO_OPS_R,cluster_exit_loose,excluding_near_zero_actual_bottom_asset_decile,SMAPE,57273,10,69.26376081385803,80.19400680209314,-10.93024598823511,0
CP_REPO_OPS_R,cluster_exit_loose,excluding_near_zero_actual_bottom_asset_decile,MAE,57273,10,0.000661178907095,0.0022854048975029,-0.0016242259904079,0
CP_REPO_OPS_R,cluster_exit_loose,excluding_near_zero_actual_bottom_asset_decile,MSE,57273,10,3.4480117172837792e-06,0.0049618230552296,-0.0049583750435123,0
CP_REPO_OPS_R,cluster_exit_loose,excluding_near_zero_actual_bottom_asset_decile,RMSE,57273,10,0.0017516744733704,0.0506101111486478,-0.0488584366752773,0
CP_REPO_OPS_R,cluster_exit_loose,excluding_near_zero_actual_bottom_asset_decile,QLIKE,57273,10,409447.8060087569,44866793.848449394,-44457346.04244063,0
CP_REPO_OPS_R,cluster_exit_loose,excluding_near_zero_actual_bottom_asset_decile,log_RV_MAE,57273,10,0.8285547380337411,1.830177397892179,-1.0016226598584377,0
CP_REPO_OPS_R,cluster_exit_loose,excluding_near_zero_actual_bottom_asset_decile,log_RV_MSE,57273,10,1.468738852648666,20.93401760973344,-19.46527875708477,0
CP_REPO_OPS_R,cluster_exit_loose,excluding_near_zero_actual_bottom_asset_decile,winsorized_SMAPE_1_99,57273,10,69.19739766691099,80.20049776163242,-11.003100094721423,0
CP_REPO_OPS_R,cluster_exit_loose,high_vol_actual_top_asset_quintile,SMAPE,17006,10,68.55587459894774,77.86086437842492,-9.304989779477188,0
CP_REPO_OPS_R,cluster_exit_loose,high_vol_actual_top_asset_quintile,MAE,17006,10,0.0013369827883075,0.0028408118676821,-0.0015038290793745,0
CP_REPO_OPS_R,cluster_exit_loose,high_vol_actual_top_asset_quintile,MSE,17006,10,1.0979860152382522e-05,0.0020073046253952,-0.0019963247652428,0
CP_REPO_OPS_R,cluster_exit_loose,high_vol_actual_top_asset_quintile,RMSE,17006,10,0.0030405995595415,0.0328387983579586,-0.0297981987984171,0
CP_REPO_OPS_R,cluster_exit_loose,high_vol_actual_top_asset_quintile,QLIKE,17006,10,263331.26459515106,104610754.590386,-104347423.32579084,0
CP_REPO_OPS_R,cluster_exit_loose,high_vol_actual_top_asset_quintile,log_RV_MAE,17006,10,0.779457159228256,1.813186422677246,-1.03372926344899,0
CP_REPO_OPS_R,cluster_exit_loose,high_vol_actual_top_asset_quintile,log_RV_MSE,17006,10,0.9978065877696454,22.71116717525578,-21.71336058748613,0
CP_REPO_OPS_R,cluster_exit_loose,high_vol_actual_top_asset_quintile,winsorized_SMAPE_1_99,17006,10,68.5145672335015,77.87000129048495,-9.35543405698345,0
CP_REPO_OPS_R,older_spike_position,standard,SMAPE,108871,10,97.43444156272852,105.26435454241576,-7.829912979687217,0
CP_REPO_OPS_R,older_spike_position,standard,MAE,108871,10,0.0005701423444708,0.001799795384884,-0.0012296530404132,0
CP_REPO_OPS_R,older_spike_position,standard,MSE,108871,10,2.325430719071407e-06,0.0036552088478878,-0.0036528834171688,0
CP_REPO_OPS_R,older_spike_position,standard,RMSE,108871,10,0.0014265116032149,0.0419178665139194,-0.0404913549107044,0
CP_REPO_OPS_R,older_spike_position,standard,QLIKE,108871,10,310676.42338787334,27724977.77549927,-27414301.3521114,0
CP_REPO_OPS_R,older_spike_position,standard,log_RV_MAE,108871,10,4.699872146442731,5.277741841271682,-0.577869694828951,1
CP_REPO_OPS_R,older_spike_position,standard,log_RV_MSE,108871,10,80.56611779435829,91.81055363717596,-11.244435842817666,1
CP_REPO_OPS_R,older_spike_position,standard,winsorized_SMAPE_1_99,108871,10,97.44221425187747,105.27270423602616,-7.830489984148687,0
CP_REPO_OPS_R,older_spike_position,excluding_near_zero_actual_bottom_asset_decile,SMAPE,85180,10,69.3545856504564,79.36687277302262,-10.012287122566224,0
CP_REPO_OPS_R,older_spike_position,excluding_near_zero_actual_bottom_asset_decile,MAE,85180,10,0.0005996808597667,0.0020209486035283,-0.0014212677437615,0
CP_REPO_OPS_R,older_spike_position,excluding_near_zero_actual_bottom_asset_decile,MSE,85180,10,2.892131608948893e-06,0.0046329967573078,-0.0046301046256988,0
CP_REPO_OPS_R,older_spike_position,excluding_near_zero_actual_bottom_asset_decile,RMSE,85180,10,0.0016071511084485,0.0485134148917586,-0.04690626378331,0
CP_REPO_OPS_R,older_spike_position,excluding_near_zero_actual_bottom_asset_decile,QLIKE,85180,10,395338.3603923037,35397253.71744338,-35001915.357051075,0
CP_REPO_OPS_R,older_spike_position,excluding_near_zero_actual_bottom_asset_decile,log_RV_MAE,85180,10,0.8306895025168325,1.7447951942098856,-0.9141056916930534,0
CP_REPO_OPS_R,older_spike_position,excluding_near_zero_actual_bottom_asset_decile,log_RV_MSE,85180,10,1.4717707449212003,19.08473194010741,-17.612961195186212,0
CP_REPO_OPS_R,older_spike_position,excluding_near_zero_actual_bottom_asset_decile,winsorized_SMAPE_1_99,85180,10,69.28381540261677,79.37310767450155,-10.08929227188479,0
CP_REPO_OPS_R,older_spike_position,high_vol_actual_top_asset_quintile,SMAPE,20509,10,71.97662527280492,79.01732767973799,-7.040702406933086,0
CP_REPO_OPS_R,older_spike_position,high_vol_actual_top_asset_quintile,MAE,20509,10,0.0014069911717764,0.0026283151968816,-0.0012213240251052,0
CP_REPO_OPS_R,older_spike_position,high_vol_actual_top_asset_quintile,MSE,20509,10,1.1340659190055558e-05,0.0015999741567184,-0.0015886334975283,0
CP_REPO_OPS_R,older_spike_position,high_vol_actual_top_asset_quintile,RMSE,20509,10,0.0031001645234287,0.0274463694207802,-0.0243462048973515,0
CP_REPO_OPS_R,older_spike_position,high_vol_actual_top_asset_quintile,QLIKE,20509,10,528354.6846762492,92355849.91764404,-91827495.2329678,0
CP_REPO_OPS_R,older_spike_position,high_vol_actual_top_asset_quintile,log_RV_MAE,20509,10,0.8302399911732007,1.7232711285715543,-0.8930311373983538,0
CP_REPO_OPS_R,older_spike_position,high_vol_actual_top_asset_quintile,log_RV_MSE,20509,10,1.1982180799171949,20.18113655653569,-18.982918476618494,0
CP_REPO_OPS_R,older_spike_position,high_vol_actual_top_asset_quintile,winsorized_SMAPE_1_99,20509,10,71.93587644514969,79.02871459943377,-7.0928381542840775,0
CP_REPO_OPS_R,high_within_block_dispersion,standard,SMAPE,68970,10,119.60427233753936,127.918411963027,-8.314139625487652,0
CP_REPO_OPS_R,high_within_block_dispersion,standard,MAE,68970,10,0.0005686239436959,0.002731350508509,-0.0021627265648131,0
CP_REPO_OPS_R,high_within_block_dispersion,standard,MSE,68970,10,1.1231333770356058e-06,0.0189739428982257,-0.0189728197648487,0
CP_REPO_OPS_R,high_within_block_dispersion,standard,RMSE,68970,10,0.0010218476548916,0.0831144884616564,-0.0820926408067647,0
CP_REPO_OPS_R,high_within_block_dispersion,standard,QLIKE,68970,10,503895.0954919666,30574183.488162152,-30070288.39267018,0
CP_REPO_OPS_R,high_within_block_dispersion,standard,log_RV_MAE,68970,10,7.336315052592766,7.883664147238095,-0.5473490946453287,2
CP_REPO_OPS_R,high_within_block_dispersion,standard,log_RV_MSE,68970,10,134.18160425169935,144.9525644571187,-10.770960205419389,2
CP_REPO_OPS_R,high_within_block_dispersion,standard,winsorized_SMAPE_1_99,68970,10,119.61807792324268,127.9327404070302,-8.314662483787503,0
CP_REPO_OPS_R,high_within_block_dispersion,excluding_near_zero_actual_bottom_asset_decile,SMAPE,44524,10,76.0726803313092,88.96223228413409,-12.889551952824892,0
CP_REPO_OPS_R,high_within_block_dispersion,excluding_near_zero_actual_bottom_asset_decile,MAE,44524,10,0.0006047171369936,0.0033974864960642,-0.0027927693590706,0
CP_REPO_OPS_R,high_within_block_dispersion,excluding_near_zero_actual_bottom_asset_decile,MSE,44524,10,1.5377627543209002e-06,0.0256298817739118,-0.0256283440111575,0
CP_REPO_OPS_R,high_within_block_dispersion,excluding_near_zero_actual_bottom_asset_decile,RMSE,44524,10,0.0012018726265101,0.0956079371377724,-0.0944060645112623,0
CP_REPO_OPS_R,high_within_block_dispersion,excluding_near_zero_actual_bottom_asset_decile,QLIKE,44524,10,778263.0005437186,47305928.260592006,-46527665.26004829,0
CP_REPO_OPS_R,high_within_block_dispersion,excluding_near_zero_actual_bottom_asset_decile,log_RV_MAE,44524,10,0.9279896341069244,2.227188167635801,-1.2991985335288765,0
CP_REPO_OPS_R,high_within_block_dispersion,excluding_near_zero_actual_bottom_asset_decile,log_RV_MSE,44524,10,1.8841423421682129,27.16872008082561,-25.2845777386574,0
CP_REPO_OPS_R,high_within_block_dispersion,excluding_near_zero_actual_bottom_asset_decile,winsorized_SMAPE_1_99,44524,10,75.999265651473,88.96944189047,-12.970176238997,0
CP_REPO_OPS_R,high_within_block_dispersion,high_vol_actual_top_asset_quintile,SMAPE,8611,10,83.57927734565325,94.88286554242868,-11.30358819677542,0
CP_REPO_OPS_R,high_within_block_dispersion,high_vol_actual_top_asset_quintile,MAE,8611,10,0.0014329468653602,0.0041934546173898,-0.0027605077520295,0
CP_REPO_OPS_R,high_within_block_dispersion,high_vol_actual_top_asset_quintile,MSE,8611,10,6.356666223296062e-06,0.0040753415558588,-0.0040689848896355,0
CP_REPO_OPS_R,high_within_block_dispersion,high_vol_actual_top_asset_quintile,RMSE,8611,10,0.0024338471985146,0.0459825768355433,-0.0435487296370286,0
CP_REPO_OPS_R,high_within_block_dispersion,high_vol_actual_top_asset_quintile,QLIKE,8611,10,1164588.1052037366,147875936.98236775,-146711348.877164,0
CP_REPO_OPS_R,high_within_block_dispersion,high_vol_actual_top_asset_quintile,log_RV_MAE,8611,10,0.9835186676880447,2.503837231497883,-1.5203185638098378,0
CP_REPO_OPS_R,high_within_block_dispersion,high_vol_actual_top_asset_quintile,log_RV_MSE,8611,10,1.6033125836104825,34.154911334275376,-32.551598750664894,0
CP_REPO_OPS_R,high_within_block_dispersion,high_vol_actual_top_asset_quintile,winsorized_SMAPE_1_99,8611,10,83.52311784459015,94.89860816542524,-11.375490320835096,0
CP_REPO_RIDGE_OPS_R,all_rows,standard,SMAPE,367468,10,100.87996479236024,101.01518400446533,-0.1352192121050809,1
CP_REPO_RIDGE_OPS_R,all_rows,standard,MAE,367468,10,0.0005862627333686,0.0005868922601175,-6.295267488519307e-07,1
CP_REPO_RIDGE_OPS_R,all_rows,standard,MSE,367468,10,2.195810003722176e-06,2.195539494642544e-06,2.7050907963203906e-10,8
CP_REPO_RIDGE_OPS_R,all_rows,standard,RMSE,367468,10,0.001388809861051,0.0013887279597751,8.190127587062605e-08,8
CP_REPO_RIDGE_OPS_R,all_rows,standard,QLIKE,367468,10,296920.5433224973,661939.1670704462,-365018.6237479489,2
CP_REPO_RIDGE_OPS_R,all_rows,standard,log_RV_MAE,367468,10,5.013575715182238,5.021873255051577,-0.0082975398693386,2
CP_REPO_RIDGE_OPS_R,all_rows,standard,log_RV_MSE,367468,10,86.01532967319302,86.15822488081062,-0.142895207617603,3
CP_REPO_RIDGE_OPS_R,all_rows,standard,winsorized_SMAPE_1_99,367468,10,100.88870917101808,101.02381807751856,-0.1351089065004668,1
CP_REPO_RIDGE_OPS_R,all_rows,excluding_near_zero_actual_bottom_asset_decile,SMAPE,280990,10,70.80150601340222,70.97781950560757,-0.1763134922053583,1
CP_REPO_RIDGE_OPS_R,all_rows,excluding_near_zero_actual_bottom_asset_decile,MAE,280990,10,0.0006347107778826,0.0006356416362779,-9.308583953267604e-07,1
CP_REPO_RIDGE_OPS_R,all_rows,excluding_near_zero_actual_bottom_asset_decile,MSE,280990,10,2.7844815379535592e-06,2.784110835312571e-06,3.7070264098847876e-10,8
CP_REPO_RIDGE_OPS_R,all_rows,excluding_near_zero_actual_bottom_asset_decile,RMSE,280990,10,0.0015906907657762,0.0015905779964428,1.1276933338716277e-07,8
CP_REPO_RIDGE_OPS_R,all_rows,excluding_near_zero_actual_bottom_asset_decile,QLIKE,280990,10,387469.9542930861,864129.6558247969,-476659.7015317106,2
CP_REPO_RIDGE_OPS_R,all_rows,excluding_near_zero_actual_bottom_asset_decile,log_RV_MAE,280990,10,0.8477474698162,0.8613953434162784,-0.0136478736000783,2
CP_REPO_RIDGE_OPS_R,all_rows,excluding_near_zero_actual_bottom_asset_decile,log_RV_MSE,280990,10,1.4753525524316455,1.7354273230705113,-0.2600747706388658,2
CP_REPO_RIDGE_OPS_R,all_rows,excluding_near_zero_actual_bottom_asset_decile,winsorized_SMAPE_1_99,280990,10,70.73639077833658,70.90924946790135,-0.1728586895647898,1
CP_REPO_RIDGE_OPS_R,all_rows,high_vol_actual_top_asset_quintile,SMAPE,73496,10,74.0205758822783,73.98355519053216,0.037020691746155,7
CP_REPO_RIDGE_OPS_R,all_rows,high_vol_actual_top_asset_quintile,MAE,73496,10,0.0013977588560888,0.0013967359878156,1.02286827320123e-06,8
CP_REPO_RIDGE_OPS_R,all_rows,high_vol_actual_top_asset_quintile,MSE,73496,10,9.91631467307809e-06,9.91160566974218e-06,4.7090033359102956e-09,9
CP_REPO_RIDGE_OPS_R,all_rows,high_vol_actual_top_asset_quintile,RMSE,73496,10,0.0029503490075918,0.0029496282288356,7.207787562645749e-07,9
CP_REPO_RIDGE_OPS_R,all_rows,high_vol_actual_top_asset_quintile,QLIKE,73496,10,577828.0338365107,1489167.0253142514,-911338.9914777412,3
CP_REPO_RIDGE_OPS_R,all_rows,high_vol_actual_top_asset_quintile,log_RV_MAE,73496,10,0.8562913770706451,0.8649005944106944,-0.0086092173400493,4
CP_REPO_RIDGE_OPS_R,all_rows,high_vol_actual_top_asset_quintile,log_RV_MSE,73496,10,1.2429973653708484,1.4488421569877756,-0.2058447916169273,3
CP_REPO_RIDGE_OPS_R,all_rows,high_vol_actual_top_asset_quintile,winsorized_SMAPE_1_99,73496,10,73.97732781808993,73.93679139988176,0.0405364182081752,7
CP_REPO_RIDGE_OPS_R,all_observations,standard,SMAPE,367248,10,100.86366051352246,100.99196609251356,-0.1283055789910899,1
CP_REPO_RIDGE_OPS_R,all_observations,standard,MAE,367248,10,0.0005861095985985,0.0005867128054831,-6.032068845551966e-07,1
CP_REPO_RIDGE_OPS_R,all_observations,standard,MSE,367248,10,2.193500144908159e-06,2.1931983370704734e-06,3.01807837685844e-10,8
CP_REPO_RIDGE_OPS_R,all_observations,standard,RMSE,367248,10,0.0013880844118661,0.0013879935947886,9.081707752262359e-08,8
CP_REPO_RIDGE_OPS_R,all_observations,standard,QLIKE,367248,10,297098.4085887108,651071.3121929831,-353972.9036042722,2
CP_REPO_RIDGE_OPS_R,all_observations,standard,log_RV_MAE,367248,10,5.011387938732,5.019253178438717,-0.0078652397067166,2
CP_REPO_RIDGE_OPS_R,all_observations,standard,log_RV_MSE,367248,10,85.97070871507968,86.10583272207161,-0.1351240069919153,3
CP_REPO_RIDGE_OPS_R,all_observations,standard,winsorized_SMAPE_1_99,367248,10,100.87240025609772,101.00060089032392,-0.1282006342262033,1
CP_REPO_RIDGE_OPS_R,all_observations,excluding_near_zero_actual_bottom_asset_decile,SMAPE,280865,10,70.7998613143532,70.96715832599428,-0.1672970116410942,1
CP_REPO_RIDGE_OPS_R,all_observations,excluding_near_zero_actual_bottom_asset_decile,MAE,280865,10,0.0006344831477051,0.0006353803433372,-8.971956320770759e-07,1
CP_REPO_RIDGE_OPS_R,all_observations,excluding_near_zero_actual_bottom_asset_decile,MSE,280865,10,2.7811051718795994e-06,2.780702440572272e-06,4.0273130732747737e-10,8
CP_REPO_RIDGE_OPS_R,all_observations,excluding_near_zero_actual_bottom_asset_decile,RMSE,280865,10,0.0015897076573964,0.0015895850037475,1.2265364886486193e-07,8
CP_REPO_RIDGE_OPS_R,all_observations,excluding_near_zero_actual_bottom_asset_decile,QLIKE,280865,10,387642.3986589653,849884.934254318,-462242.5355953526,2
CP_REPO_RIDGE_OPS_R,all_observations,excluding_near_zero_actual_bottom_asset_decile,log_RV_MAE,280865,10,0.8477187669523202,0.8606356744016455,-0.0129169074493251,2
CP_REPO_RIDGE_OPS_R,all_observations,excluding_near_zero_actual_bottom_asset_decile,log_RV_MSE,280865,10,1.4753477712987084,1.7219275490594264,-0.2465797777607177,2
CP_REPO_RIDGE_OPS_R,all_observations,excluding_near_zero_actual_bottom_asset_decile,winsorized_SMAPE_1_99,280865,10,70.73471741592948,70.89856365842051,-0.1638462424910341,1
CP_REPO_RIDGE_OPS_R,all_observations,high_vol_actual_top_asset_quintile,SMAPE,73477,10,74.0098124350625,73.9716615983027,0.0381508367598049,7
CP_REPO_RIDGE_OPS_R,all_observations,high_vol_actual_top_asset_quintile,MAE,73477,10,0.0013967078250143,0.0013956818489472,1.0259760671244854e-06,8
CP_REPO_RIDGE_OPS_R,all_observations,high_vol_actual_top_asset_quintile,MSE,73477,10,9.90175140491125e-06,9.897093169151812e-06,4.658235759436004e-09,9
CP_REPO_RIDGE_OPS_R,all_observations,high_vol_actual_top_asset_quintile,RMSE,73477,10,0.0029481653737893,0.0029474498379017,7.155358876730129e-07,9
CP_REPO_RIDGE_OPS_R,all_observations,high_vol_actual_top_asset_quintile,QLIKE,73477,10,577977.449553732,1474101.1599686746,-896123.7104149427,3
CP_REPO_RIDGE_OPS_R,all_observations,high_vol_actual_top_asset_quintile,log_RV_MAE,73477,10,0.8560873034002608,0.8644372496105224,-0.0083499462102614,4
CP_REPO_RIDGE_OPS_R,all_observations,high_vol_actual_top_asset_quintile,log_RV_MSE,73477,10,1.2423106282398957,1.4423463840745498,-0.2000357558346546,3
CP_REPO_RIDGE_OPS_R,all_observations,high_vol_actual_top_asset_quintile,winsorized_SMAPE_1_99,73477,10,73.9666730676769,73.9248547463235,0.0418183213533909,7
CP_REPO_RIDGE_OPS_R,cluster_entry_loose,standard,SMAPE,73457,10,93.56088920634404,93.58965249995477,-0.0287632936107051,1
CP_REPO_RIDGE_OPS_R,cluster_entry_loose,standard,MAE,73457,10,0.0007565085518804,0.0007566389203885,-1.3036850809672686e-07,6
CP_REPO_RIDGE_OPS_R,cluster_entry_loose,standard,MSE,73457,10,2.4613245517090537e-06,2.456184833315412e-06,5.139718393641156e-09,9
CP_REPO_RIDGE_OPS_R,cluster_entry_loose,standard,RMSE,73457,10,0.0014483360606577,0.0014468107231741,1.5253374836326597e-06,9
CP_REPO_RIDGE_OPS_R,cluster_entry_loose,standard,QLIKE,73457,10,175829.54926030466,563402.9294637896,-387573.3802034849,1
CP_REPO_RIDGE_OPS_R,cluster_entry_loose,standard,log_RV_MAE,73457,10,3.804190144501006,3.8105292233527273,-0.006339078851721,0
CP_REPO_RIDGE_OPS_R,cluster_entry_loose,standard,log_RV_MSE,73457,10,62.079879726914335,62.23765821765012,-0.1577784907357811,1
CP_REPO_RIDGE_OPS_R,cluster_entry_loose,standard,winsorized_SMAPE_1_99,73457,10,93.56917055787952,93.5974995721182,-0.0283290142386707,1
CP_REPO_RIDGE_OPS_R,cluster_entry_loose,excluding_near_zero_actual_bottom_asset_decile,SMAPE,61461,10,72.99789797170354,73.03052292703941,-0.0326249553358747,1
CP_REPO_RIDGE_OPS_R,cluster_entry_loose,excluding_near_zero_actual_bottom_asset_decile,MAE,61461,10,0.0007865964891234,0.0007864883180132,1.0817111014921265e-07,6
CP_REPO_RIDGE_OPS_R,cluster_entry_loose,excluding_near_zero_actual_bottom_asset_decile,MSE,61461,10,2.8317450639894594e-06,2.826054188526765e-06,5.6908754626945526e-09,10
CP_REPO_RIDGE_OPS_R,cluster_entry_loose,excluding_near_zero_actual_bottom_asset_decile,RMSE,61461,10,0.0015742075191736,0.0015726025649482,1.604954225349979e-06,10
CP_REPO_RIDGE_OPS_R,cluster_entry_loose,excluding_near_zero_actual_bottom_asset_decile,QLIKE,61461,10,210144.59489315952,673364.8091976029,-463220.2143044433,2
CP_REPO_RIDGE_OPS_R,cluster_entry_loose,excluding_near_zero_actual_bottom_asset_decile,log_RV_MAE,61461,10,0.8662174520726127,0.8704813029863426,-0.0042638509137299,2
CP_REPO_RIDGE_OPS_R,cluster_entry_loose,excluding_near_zero_actual_bottom_asset_decile,log_RV_MSE,61461,10,1.3601494572286972,1.4540717141338453,-0.0939222569051475,2
CP_REPO_RIDGE_OPS_R,cluster_entry_loose,excluding_near_zero_actual_bottom_asset_decile,winsorized_SMAPE_1_99,61461,10,72.93293539887844,72.96349419683634,-0.0305587979578919,1
CP_REPO_RIDGE_OPS_R,cluster_entry_loose,high_vol_actual_top_asset_quintile,SMAPE,22973,10,69.00735262283271,68.8177760132679,0.1895766095648125,7
CP_REPO_RIDGE_OPS_R,cluster_entry_loose,high_vol_actual_top_asset_quintile,MAE,22973,10,0.0012877885229073,0.0012855178478787,2.2706750286388155e-06,7
CP_REPO_RIDGE_OPS_R,cluster_entry_loose,high_vol_actual_top_asset_quintile,MSE,22973,10,6.7247425578925214e-06,6.713886044355293e-06,1.0856513537227912e-08,7
CP_REPO_RIDGE_OPS_R,cluster_entry_loose,high_vol_actual_top_asset_quintile,RMSE,22973,10,0.0023906769741809,0.0023888624619563,1.814512224618727e-06,7
CP_REPO_RIDGE_OPS_R,cluster_entry_loose,high_vol_actual_top_asset_quintile,QLIKE,22973,10,268014.68012032646,1474872.4968231844,-1206857.8167028583,3
CP_REPO_RIDGE_OPS_R,cluster_entry_loose,high_vol_actual_top_asset_quintile,log_RV_MAE,22973,10,0.7732837175225007,0.7794234380023147,-0.0061397204798139,5
CP_REPO_RIDGE_OPS_R,cluster_entry_loose,high_vol_actual_top_asset_quintile,log_RV_MSE,22973,10,0.9451687695589692,1.1448942858373687,-0.1997255162783997,3
CP_REPO_RIDGE_OPS_R,cluster_entry_loose,high_vol_actual_top_asset_quintile,winsorized_SMAPE_1_99,22973,10,68.91269580989183,68.709507887413,0.2031879224788172,7
CP_REPO_RIDGE_OPS_R,recent_spike_position,standard,SMAPE,125358,10,111.5312633098087,111.53581234594328,-0.0045490361345902,5
CP_REPO_RIDGE_OPS_R,recent_spike_position,standard,MAE,125358,10,0.000609182778318,0.0006077921386973,1.3906396207046378e-06,9
CP_REPO_RIDGE_OPS_R,recent_spike_position,standard,MSE,125358,10,2.105711101802365e-06,2.102337739068629e-06,3.3733627337350914e-09,10
CP_REPO_RIDGE_OPS_R,recent_spike_position,standard,RMSE,125358,10,0.0013297050754869,0.0013286303976341,1.0746778527312556e-06,10
CP_REPO_RIDGE_OPS_R,recent_spike_position,standard,QLIKE,125358,10,249149.85066705736,658856.0203693192,-409706.1697022619,2
CP_REPO_RIDGE_OPS_R,recent_spike_position,standard,log_RV_MAE,125358,10,6.256003684262452,6.260931142662763,-0.0049274584003106,1
CP_REPO_RIDGE_OPS_R,recent_spike_position,standard,log_RV_MSE,125358,10,109.413873260945,109.51552753526173,-0.1016542743167194,2
CP_REPO_RIDGE_OPS_R,recent_spike_position,standard,winsorized_SMAPE_1_99,125358,10,111.54553490151334,111.54909974598516,-0.0035648444718116,5
CP_REPO_RIDGE_OPS_R,recent_spike_position,excluding_near_zero_actual_bottom_asset_decile,SMAPE,87314,10,73.36349002624341,73.3740722009731,-0.0105821747296932,4
CP_REPO_RIDGE_OPS_R,recent_spike_position,excluding_near_zero_actual_bottom_asset_decile,MAE,87314,10,0.0007165853575134,0.000715526849905,1.0585076084576466e-06,8
CP_REPO_RIDGE_OPS_R,recent_spike_position,excluding_near_zero_actual_bottom_asset_decile,MSE,87314,10,2.911648263991405e-06,2.908382716026442e-06,3.2655479649634606e-09,7
CP_REPO_RIDGE_OPS_R,recent_spike_position,excluding_near_zero_actual_bottom_asset_decile,RMSE,87314,10,0.0016055951177445,0.0016046284272864,9.6669045809929e-07,7
CP_REPO_RIDGE_OPS_R,recent_spike_position,excluding_near_zero_actual_bottom_asset_decile,QLIKE,87314,10,357700.4542242482,945921.6579057648,-588221.2036815167,2
CP_REPO_RIDGE_OPS_R,recent_spike_position,excluding_near_zero_actual_bottom_asset_decile,log_RV_MAE,87314,10,0.8796930028966632,0.8885860685310407,-0.0088930656343774,2
CP_REPO_RIDGE_OPS_R,recent_spike_position,excluding_near_zero_actual_bottom_asset_decile,log_RV_MSE,87314,10,1.46266464228245,1.670372793098883,-0.207708150816433,2
CP_REPO_RIDGE_OPS_R,recent_spike_position,excluding_near_zero_actual_bottom_asset_decile,winsorized_SMAPE_1_99,87314,10,73.3008461151611,73.31158420999276,-0.0107380948316557,5
CP_REPO_RIDGE_OPS_R,recent_spike_position,high_vol_actual_top_asset_quintile,SMAPE,25722,10,76.6380234808837,76.76080766777629,-0.1227841868925949,2
CP_REPO_RIDGE_OPS_R,recent_spike_position,high_vol_actual_top_asset_quintile,MAE,25722,10,0.0014520315728545,0.001453038099403,-1.0065265485402484e-06,2
CP_REPO_RIDGE_OPS_R,recent_spike_position,high_vol_actual_top_asset_quintile,MSE,25722,10,9.030757734515107e-06,9.032562334425907e-06,-1.8045999107985523e-09,3
CP_REPO_RIDGE_OPS_R,recent_spike_position,high_vol_actual_top_asset_quintile,RMSE,25722,10,0.002817499668717,0.002817904696695,-4.0502797796886793e-07,3
CP_REPO_RIDGE_OPS_R,recent_spike_position,high_vol_actual_top_asset_quintile,QLIKE,25722,10,730283.7780196941,2238011.987752964,-1507728.2097332692,1
CP_REPO_RIDGE_OPS_R,recent_spike_position,high_vol_actual_top_asset_quintile,log_RV_MAE,25722,10,0.8980758793102885,0.9107983225400172,-0.0127224432297287,1
CP_REPO_RIDGE_OPS_R,recent_spike_position,high_vol_actual_top_asset_quintile,log_RV_MSE,25722,10,1.3696668123426177,1.6429713770187984,-0.2733045646761805,1
CP_REPO_RIDGE_OPS_R,recent_spike_position,high_vol_actual_top_asset_quintile,winsorized_SMAPE_1_99,25722,10,76.58265438950966,76.69637833455378,-0.113723945044122,2
CP_REPO_RIDGE_OPS_R,cluster_exit_loose,standard,SMAPE,73455,10,97.78270322300334,98.05803312696392,-0.2753299039605917,0
CP_REPO_RIDGE_OPS_R,cluster_exit_loose,standard,MAE,73455,10,0.0006171643472766,0.0006192540116707,-2.0896643940489885e-06,1
CP_REPO_RIDGE_OPS_R,cluster_exit_loose,standard,MSE,73455,10,2.753487709512812e-06,2.7554855780228374e-06,-1.9978685100252443e-09,1
CP_REPO_RIDGE_OPS_R,cluster_exit_loose,standard,RMSE,73455,10,0.001537824377701,0.0015384151598142,-5.907821132507344e-07,1
CP_REPO_RIDGE_OPS_R,cluster_exit_loose,standard,QLIKE,73455,10,319713.10949986114,829107.7339484625,-509394.6244486012,3
CP_REPO_RIDGE_OPS_R,cluster_exit_loose,standard,log_RV_MAE,73455,10,4.775102499739926,4.788016950592497,-0.0129144508525708,4
CP_REPO_RIDGE_OPS_R,cluster_exit_loose,standard,log_RV_MSE,73455,10,82.09800802784856,82.30064546056066,-0.2026374327121012,4
CP_REPO_RIDGE_OPS_R,cluster_exit_loose,standard,winsorized_SMAPE_1_99,73455,10,97.79101156573374,98.06585341509766,-0.2748418493639353,0
CP_REPO_RIDGE_OPS_R,cluster_exit_loose,excluding_near_zero_actual_bottom_asset_decile,SMAPE,57273,10,69.26376081385803,69.61662689459358,-0.3528660807355422,0
CP_REPO_RIDGE_OPS_R,cluster_exit_loose,excluding_near_zero_actual_bottom_asset_decile,MAE,57273,10,0.000661178907095,0.0006636555893644,-2.4766822694229904e-06,0
CP_REPO_RIDGE_OPS_R,cluster_exit_loose,excluding_near_zero_actual_bottom_asset_decile,MSE,57273,10,3.4480117172837792e-06,3.4495298184803898e-06,-1.518101196610251e-09,2
CP_REPO_RIDGE_OPS_R,cluster_exit_loose,excluding_near_zero_actual_bottom_asset_decile,RMSE,57273,10,0.0017516744733704,0.0017520734714248,-3.989980543694738e-07,2
CP_REPO_RIDGE_OPS_R,cluster_exit_loose,excluding_near_zero_actual_bottom_asset_decile,QLIKE,57273,10,409447.8060087569,1062483.169495502,-653035.3634867452,2
CP_REPO_RIDGE_OPS_R,cluster_exit_loose,excluding_near_zero_actual_bottom_asset_decile,log_RV_MAE,57273,10,0.8285547380337411,0.8525856776902009,-0.0240309396564596,1
CP_REPO_RIDGE_OPS_R,cluster_exit_loose,excluding_near_zero_actual_bottom_asset_decile,log_RV_MSE,57273,10,1.468738852648666,1.9070393413324944,-0.4383004886838286,1
CP_REPO_RIDGE_OPS_R,cluster_exit_loose,excluding_near_zero_actual_bottom_asset_decile,winsorized_SMAPE_1_99,57273,10,69.19739766691099,69.541041396582,-0.3436437296709971,0
CP_REPO_RIDGE_OPS_R,cluster_exit_loose,high_vol_actual_top_asset_quintile,SMAPE,17006,10,68.55587459894774,68.56552447615721,-0.0096498772094879,7
CP_REPO_RIDGE_OPS_R,cluster_exit_loose,high_vol_actual_top_asset_quintile,MAE,17006,10,0.0013369827883075,0.0013360266769629,9.561113445303164e-07,8
CP_REPO_RIDGE_OPS_R,cluster_exit_loose,high_vol_actual_top_asset_quintile,MSE,17006,10,1.0979860152382522e-05,1.0972804331298054e-05,7.055821084464707e-09,10
CP_REPO_RIDGE_OPS_R,cluster_exit_loose,high_vol_actual_top_asset_quintile,RMSE,17006,10,0.0030405995595415,0.0030395217834989,1.0777760425590902e-06,10
CP_REPO_RIDGE_OPS_R,cluster_exit_loose,high_vol_actual_top_asset_quintile,QLIKE,17006,10,263331.26459515106,1032377.8947605762,-769046.6301654249,2
CP_REPO_RIDGE_OPS_R,cluster_exit_loose,high_vol_actual_top_asset_quintile,log_RV_MAE,17006,10,0.779457159228256,0.7896881194148098,-0.0102309601865537,5
CP_REPO_RIDGE_OPS_R,cluster_exit_loose,high_vol_actual_top_asset_quintile,log_RV_MSE,17006,10,0.9978065877696454,1.2160091778249356,-0.2182025900552902,2
CP_REPO_RIDGE_OPS_R,cluster_exit_loose,high_vol_actual_top_asset_quintile,winsorized_SMAPE_1_99,17006,10,68.5145672335015,68.52087324246017,-0.0063060089586549,7
CP_REPO_RIDGE_OPS_R,older_spike_position,standard,SMAPE,108871,10,97.43444156272852,97.61803621956568,-0.1835946568371589,0
CP_REPO_RIDGE_OPS_R,older_spike_position,standard,MAE,108871,10,0.0005701423444708,0.0005724442450027,-2.3019005318632005e-06,1
CP_REPO_RIDGE_OPS_R,older_spike_position,standard,MSE,108871,10,2.325430719071407e-06,2.326081654578257e-06,-6.509355068499941e-10,3
CP_REPO_RIDGE_OPS_R,older_spike_position,standard,RMSE,108871,10,0.0014265116032149,0.0014267335033952,-2.2190018032443245e-07,3
CP_REPO_RIDGE_OPS_R,older_spike_position,standard,QLIKE,108871,10,310676.42338787334,574229.6339207053,-263553.210532832,2
CP_REPO_RIDGE_OPS_R,older_spike_position,standard,log_RV_MAE,108871,10,4.699872146442731,4.708688846757508,-0.0088167003147777,2
CP_REPO_RIDGE_OPS_R,older_spike_position,standard,log_RV_MSE,108871,10,80.56611779435829,80.72066791829324,-0.1545501239349544,2
CP_REPO_RIDGE_OPS_R,older_spike_position,standard,winsorized_SMAPE_1_99,108871,10,97.44221425187747,97.62557435685784,-0.1833601049803567,0
CP_REPO_RIDGE_OPS_R,older_spike_position,excluding_near_zero_actual_bottom_asset_decile,SMAPE,85180,10,69.3545856504564,69.58737676953842,-0.2327911190820356,0
CP_REPO_RIDGE_OPS_R,older_spike_position,excluding_near_zero_actual_bottom_asset_decile,MAE,85180,10,0.0005996808597667,0.000601715549756,-2.0346899893417018e-06,0
CP_REPO_RIDGE_OPS_R,older_spike_position,excluding_near_zero_actual_bottom_asset_decile,MSE,85180,10,2.892131608948893e-06,2.8915381331569814e-06,5.934757919105726e-10,7
CP_REPO_RIDGE_OPS_R,older_spike_position,excluding_near_zero_actual_bottom_asset_decile,RMSE,85180,10,0.0016071511084485,0.0016069921091319,1.589993166233418e-07,7
CP_REPO_RIDGE_OPS_R,older_spike_position,excluding_near_zero_actual_bottom_asset_decile,QLIKE,85180,10,395338.3603923037,732391.3255318691,-337052.96513956547,1
CP_REPO_RIDGE_OPS_R,older_spike_position,excluding_near_zero_actual_bottom_asset_decile,log_RV_MAE,85180,10,0.8306895025168325,0.8437460845878688,-0.0130565820710363,1
CP_REPO_RIDGE_OPS_R,older_spike_position,excluding_near_zero_actual_bottom_asset_decile,log_RV_MSE,85180,10,1.4717707449212003,1.6966217343514918,-0.2248509894302917,1
CP_REPO_RIDGE_OPS_R,older_spike_position,excluding_near_zero_actual_bottom_asset_decile,winsorized_SMAPE_1_99,85180,10,69.28381540261677,69.51249064026814,-0.2286752376513775,0
CP_REPO_RIDGE_OPS_R,older_spike_position,high_vol_actual_top_asset_quintile,SMAPE,20509,10,71.97662527280492,71.54475228072462,0.4318729920802961,9
CP_REPO_RIDGE_OPS_R,older_spike_position,high_vol_actual_top_asset_quintile,MAE,20509,10,0.0014069911717764,0.0014021578007404,4.833371035991274e-06,9
CP_REPO_RIDGE_OPS_R,older_spike_position,high_vol_actual_top_asset_quintile,MSE,20509,10,1.1340659190055558e-05,1.1322724322850436e-05,1.7934867205124416e-08,10
CP_REPO_RIDGE_OPS_R,older_spike_position,high_vol_actual_top_asset_quintile,RMSE,20509,10,0.0031001645234287,0.0030975757193522,2.588804076500704e-06,10
CP_REPO_RIDGE_OPS_R,older_spike_position,high_vol_actual_top_asset_quintile,QLIKE,20509,10,528354.6846762492,992592.665827574,-464237.9811513248,3
CP_REPO_RIDGE_OPS_R,older_spike_position,high_vol_actual_top_asset_quintile,log_RV_MAE,20509,10,0.8302399911732007,0.8303029300664757,-6.29388932749349e-05,6
CP_REPO_RIDGE_OPS_R,older_spike_position,high_vol_actual_top_asset_quintile,log_RV_MSE,20509,10,1.1982180799171949,1.3025516519241318,-0.1043335720069368,4
CP_REPO_RIDGE_OPS_R,older_spike_position,high_vol_actual_top_asset_quintile,winsorized_SMAPE_1_99,20509,10,71.93587644514969,71.50083028500028,0.4350461601494194,9
CP_REPO_RIDGE_OPS_R,high_within_block_dispersion,standard,SMAPE,68970,10,119.60427233753936,119.84783542479973,-0.2435630872603277,2
CP_REPO_RIDGE_OPS_R,high_within_block_dispersion,standard,MAE,68970,10,0.0005686239436959,0.0005691581569654,-5.342132694990249e-07,1
CP_REPO_RIDGE_OPS_R,high_within_block_dispersion,standard,MSE,68970,10,1.1231333770356058e-06,1.1208339847218935e-06,2.2993923137122133e-09,10
CP_REPO_RIDGE_OPS_R,high_within_block_dispersion,standard,RMSE,68970,10,0.0010218476548916,0.0010207803669511,1.0672879404643587e-06,10
CP_REPO_RIDGE_OPS_R,high_within_block_dispersion,standard,QLIKE,68970,10,503895.0954919666,1106688.6454649223,-602793.5499729558,1
CP_REPO_RIDGE_OPS_R,high_within_block_dispersion,standard,log_RV_MAE,68970,10,7.336315052592766,7.3507636281299,-0.0144485755371338,2
CP_REPO_RIDGE_OPS_R,high_within_block_dispersion,standard,log_RV_MSE,68970,10,134.18160425169935,134.44018156844996,-0.2585773167506253,2
CP_REPO_RIDGE_OPS_R,high_within_block_dispersion,standard,winsorized_SMAPE_1_99,68970,10,119.61807792324268,119.86172706969788,-0.2436491464551856,2
CP_REPO_RIDGE_OPS_R,high_within_block_dispersion,excluding_near_zero_actual_bottom_asset_decile,SMAPE,44524,10,76.0726803313092,76.44703100258133,-0.3743506712721384,2
CP_REPO_RIDGE_OPS_R,high_within_block_dispersion,excluding_near_zero_actual_bottom_asset_decile,MAE,44524,10,0.0006047171369936,0.0006058401520947,-1.1230151010306934e-06,1
CP_REPO_RIDGE_OPS_R,high_within_block_dispersion,excluding_near_zero_actual_bottom_asset_decile,MSE,44524,10,1.5377627543209002e-06,1.5347351025606902e-06,3.027651760210523e-09,8
CP_REPO_RIDGE_OPS_R,high_within_block_dispersion,excluding_near_zero_actual_bottom_asset_decile,RMSE,44524,10,0.0012018726265101,0.0012006292783211,1.24334818895607e-06,8
CP_REPO_RIDGE_OPS_R,high_within_block_dispersion,excluding_near_zero_actual_bottom_asset_decile,QLIKE,44524,10,778263.0005437186,1712128.858911285,-933865.858367566,1
CP_REPO_RIDGE_OPS_R,high_within_block_dispersion,excluding_near_zero_actual_bottom_asset_decile,log_RV_MAE,44524,10,0.9279896341069244,0.9581624750624438,-0.030172840955519,1
CP_REPO_RIDGE_OPS_R,high_within_block_dispersion,excluding_near_zero_actual_bottom_asset_decile,log_RV_MSE,44524,10,1.8841423421682129,2.46717731347945,-0.5830349713112366,1
CP_REPO_RIDGE_OPS_R,high_within_block_dispersion,excluding_near_zero_actual_bottom_asset_decile,winsorized_SMAPE_1_99,44524,10,75.999265651473,76.36326529936353,-0.3639996478905327,2
CP_REPO_RIDGE_OPS_R,high_within_block_dispersion,high_vol_actual_top_asset_quintile,SMAPE,8611,10,83.57927734565325,83.6600689607816,-0.0807916151283572,4
CP_REPO_RIDGE_OPS_R,high_within_block_dispersion,high_vol_actual_top_asset_quintile,MAE,8611,10,0.0014329468653602,0.0014324959089885,4.5095637170790315e-07,4
CP_REPO_RIDGE_OPS_R,high_within_block_dispersion,high_vol_actual_top_asset_quintile,MSE,8611,10,6.356666223296062e-06,6.353380737519371e-06,3.285485776691885e-09,6
CP_REPO_RIDGE_OPS_R,high_within_block_dispersion,high_vol_actual_top_asset_quintile,RMSE,8611,10,0.0024338471985146,0.0024333105666099,5.366319047024608e-07,6
CP_REPO_RIDGE_OPS_R,high_within_block_dispersion,high_vol_actual_top_asset_quintile,QLIKE,8611,10,1164588.1052037366,3218253.350435814,-2053665.2452320773,2
CP_REPO_RIDGE_OPS_R,high_within_block_dispersion,high_vol_actual_top_asset_quintile,log_RV_MAE,8611,10,0.9835186676880447,1.011206279519666,-0.0276876118316211,3
CP_REPO_RIDGE_OPS_R,high_within_block_dispersion,high_vol_actual_top_asset_quintile,log_RV_MSE,8611,10,1.6033125836104825,2.2241857584668705,-0.6208731748563876,2
CP_REPO_RIDGE_OPS_R,high_within_block_dispersion,high_vol_actual_top_asset_quintile,winsorized_SMAPE_1_99,8611,10,83.52311784459015,83.58540004954293,-0.0622822049527928,4
CP_REPO_LRPM,all_rows,standard,SMAPE,367468,10,100.87996479236024,113.0186537188445,-12.138688926484283,0
CP_REPO_LRPM,all_rows,standard,MAE,367468,10,0.0005862627333686,20493131.50975305,-20493131.50916679,0
CP_REPO_LRPM,all_rows,standard,MSE,367468,10,2.195810003722176e-06,1.1467156822216593e+20,-1.1467156822216593e+20,0
CP_REPO_LRPM,all_rows,standard,RMSE,367468,10,0.001388809861051,3656914538.39633,-3656914538.394941,0
CP_REPO_LRPM,all_rows,standard,QLIKE,367468,10,296920.5433224973,53424246.22860578,-53127325.68528328,0
CP_REPO_LRPM,all_rows,standard,log_RV_MAE,367468,10,5.013575715182238,5.851600079458174,-0.8380243642759345,2
CP_REPO_LRPM,all_rows,standard,log_RV_MSE,367468,10,86.01532967319302,102.93674868262744,-16.92141900943442,1
CP_REPO_LRPM,all_rows,standard,winsorized_SMAPE_1_99,367468,10,100.88870917101808,113.0295324356486,-12.140823264630486,0
CP_REPO_LRPM,all_rows,excluding_near_zero_actual_bottom_asset_decile,SMAPE,280990,10,70.80150601340222,86.66628161181725,-15.864775598415038,0
CP_REPO_LRPM,all_rows,excluding_near_zero_actual_bottom_asset_decile,MAE,280990,10,0.0006347107778826,3174566.8104924136,-3174566.809857703,0
CP_REPO_LRPM,all_rows,excluding_near_zero_actual_bottom_asset_decile,MSE,280990,10,2.7844815379535592e-06,7.187748227317951e+17,-7.187748227317951e+17,0
CP_REPO_LRPM,all_rows,excluding_near_zero_actual_bottom_asset_decile,RMSE,280990,10,0.0015906907657762,303155093.2597247,-303155093.2581338,0
CP_REPO_LRPM,all_rows,excluding_near_zero_actual_bottom_asset_decile,QLIKE,280990,10,387469.9542930861,69828847.64622185,-69441377.69192877,0
CP_REPO_LRPM,all_rows,excluding_near_zero_actual_bottom_asset_decile,log_RV_MAE,280990,10,0.8477474698162,2.3929632048140643,-1.545215734997864,0
CP_REPO_LRPM,all_rows,excluding_near_zero_actual_bottom_asset_decile,log_RV_MSE,280990,10,1.4753525524316455,31.700467703727544,-30.225115151295896,0
CP_REPO_LRPM,all_rows,excluding_near_zero_actual_bottom_asset_decile,winsorized_SMAPE_1_99,280990,10,70.73639077833658,86.67344210494772,-15.93705132661116,0
CP_REPO_LRPM,all_rows,high_vol_actual_top_asset_quintile,SMAPE,73496,10,74.0205758822783,86.61987513249782,-12.59929925021952,0
CP_REPO_LRPM,all_rows,high_vol_actual_top_asset_quintile,MAE,73496,10,0.0013977588560888,555172.9081435731,-555172.9067458144,0
CP_REPO_LRPM,all_rows,high_vol_actual_top_asset_quintile,MSE,73496,10,9.91631467307809e-06,1.515763364551839e+16,-1.515763364551839e+16,0
CP_REPO_LRPM,all_rows,high_vol_actual_top_asset_quintile,RMSE,73496,10,0.0029503490075918,47569976.810954586,-47569976.808004245,0
CP_REPO_LRPM,all_rows,high_vol_actual_top_asset_quintile,QLIKE,73496,10,577828.0338365107,177925041.61161014,-177347213.5777736,0
CP_REPO_LRPM,all_rows,high_vol_actual_top_asset_quintile,log_RV_MAE,73496,10,0.8562913770706451,2.5029935941327914,-1.6467022170621466,0
CP_REPO_LRPM,all_rows,high_vol_actual_top_asset_quintile,log_RV_MSE,73496,10,1.2429973653708484,36.370363939480086,-35.12736657410923,0
CP_REPO_LRPM,all_rows,high_vol_actual_top_asset_quintile,winsorized_SMAPE_1_99,73496,10,73.97732781808993,86.63147779018452,-12.654149972094592,0
CP_REPO_LRPM,all_observations,standard,SMAPE,367248,10,100.86366051352246,112.9996831175346,-12.136022604012137,0
CP_REPO_LRPM,all_observations,standard,MAE,367248,10,0.0005861095985985,20505407.924960066,-20505407.92437395,0
CP_REPO_LRPM,all_observations,standard,MSE,367248,10,2.193500144908159e-06,1.1474026225183764e+20,-1.1474026225183764e+20,0
CP_REPO_LRPM,all_observations,standard,RMSE,367248,10,0.0013880844118661,3658009632.496965,-3658009632.495576,0
CP_REPO_LRPM,all_observations,standard,QLIKE,367248,10,297098.4085887108,53434702.25458905,-53137603.84600034,0
CP_REPO_LRPM,all_observations,standard,log_RV_MAE,367248,10,5.011387938732,5.849077338155335,-0.8376893994233343,2
CP_REPO_LRPM,all_observations,standard,log_RV_MSE,367248,10,85.97070871507968,102.88643267364633,-16.91572395856661,1
CP_REPO_LRPM,all_observations,standard,winsorized_SMAPE_1_99,367248,10,100.87240025609772,113.01056340068796,-12.138163144590235,0
CP_REPO_LRPM,all_observations,excluding_near_zero_actual_bottom_asset_decile,SMAPE,280865,10,70.7998613143532,86.65898964222816,-15.859128327874958,0
CP_REPO_LRPM,all_observations,excluding_near_zero_actual_bottom_asset_decile,MAE,280865,10,0.0006344831477051,3175979.663112536,-3175979.662478053,0
CP_REPO_LRPM,all_observations,excluding_near_zero_actual_bottom_asset_decile,MSE,280865,10,2.7811051718795994e-06,7.190947161070518e+17,-7.190947161070518e+17,0
CP_REPO_LRPM,all_observations,excluding_near_zero_actual_bottom_asset_decile,RMSE,280865,10,0.0015897076573964,303211584.23692083,-303211584.23533106,0
CP_REPO_LRPM,all_observations,excluding_near_zero_actual_bottom_asset_decile,QLIKE,280865,10,387642.3986589653,69831931.620764,-69444289.22210504,0
CP_REPO_LRPM,all_observations,excluding_near_zero_actual_bottom_asset_decile,log_RV_MAE,280865,10,0.8477187669523202,2.392473229763472,-1.544754462811152,0
CP_REPO_LRPM,all_observations,excluding_near_zero_actual_bottom_asset_decile,log_RV_MSE,280865,10,1.4753477712987084,31.691760997252278,-30.216413225953566,0
CP_REPO_LRPM,all_observations,excluding_near_zero_actual_bottom_asset_decile,winsorized_SMAPE_1_99,280865,10,70.73471741592948,86.66614670246283,-15.931429286533335,0
CP_REPO_LRPM,all_observations,high_vol_actual_top_asset_quintile,SMAPE,73477,10,74.0098124350625,86.61186894564322,-12.6020565105807,0
CP_REPO_LRPM,all_observations,high_vol_actual_top_asset_quintile,MAE,73477,10,0.0013967078250143,555316.4671504898,-555316.465753782,0
CP_REPO_LRPM,all_observations,high_vol_actual_top_asset_quintile,MSE,73477,10,9.90175140491125e-06,1.516155317189079e+16,-1.516155317189079e+16,0
CP_REPO_LRPM,all_observations,high_vol_actual_top_asset_quintile,RMSE,73477,10,0.0029481653737893,47578366.69214895,-47578366.68920079,0
CP_REPO_LRPM,all_observations,high_vol_actual_top_asset_quintile,QLIKE,73477,10,577977.449553732,177955599.29663226,-177377621.84707853,0
CP_REPO_LRPM,all_observations,high_vol_actual_top_asset_quintile,log_RV_MAE,73477,10,0.8560873034002608,2.5029547072306304,-1.6468674038303694,0
CP_REPO_LRPM,all_observations,high_vol_actual_top_asset_quintile,log_RV_MSE,73477,10,1.2423106282398957,36.37286236539301,-35.13055173715311,0
CP_REPO_LRPM,all_observations,high_vol_actual_top_asset_quintile,winsorized_SMAPE_1_99,73477,10,73.9666730676769,86.6234907663175,-12.656817698640625,0
CP_REPO_LRPM,cluster_entry_loose,standard,SMAPE,73457,10,93.56088920634404,107.85395810458743,-14.293068898243405,0
CP_REPO_LRPM,cluster_entry_loose,standard,MAE,73457,10,0.0007565085518804,94059206.96211556,-94059206.96135908,0
CP_REPO_LRPM,cluster_entry_loose,standard,MSE,73457,10,2.4613245517090537e-06,5.718609969188942e+20,-5.718609969188942e+20,0
CP_REPO_LRPM,cluster_entry_loose,standard,RMSE,73457,10,0.0014483360606577,7909427297.149601,-7909427297.148153,0
CP_REPO_LRPM,cluster_entry_loose,standard,QLIKE,73457,10,175829.54926030466,84059076.3925657,-83883246.84330542,0
CP_REPO_LRPM,cluster_entry_loose,standard,log_RV_MAE,73457,10,3.804190144501006,5.012347440864803,-1.2081572963637963,0
CP_REPO_LRPM,cluster_entry_loose,standard,log_RV_MSE,73457,10,62.079879726914335,86.67973298039632,-24.59985325348199,0
CP_REPO_LRPM,cluster_entry_loose,standard,winsorized_SMAPE_1_99,73457,10,93.56917055787952,107.86336753415932,-14.294196976279808,0
CP_REPO_LRPM,cluster_entry_loose,excluding_near_zero_actual_bottom_asset_decile,SMAPE,61461,10,72.99789797170354,90.0770615803695,-17.079163608665983,0
CP_REPO_LRPM,cluster_entry_loose,excluding_near_zero_actual_bottom_asset_decile,MAE,61461,10,0.0007865964891234,7057656.12035413,-7057656.119567532,0
CP_REPO_LRPM,cluster_entry_loose,excluding_near_zero_actual_bottom_asset_decile,MSE,61461,10,2.8317450639894594e-06,1.3981055010711695e+18,-1.3981055010711695e+18,0
CP_REPO_LRPM,cluster_entry_loose,excluding_near_zero_actual_bottom_asset_decile,RMSE,61461,10,0.0015742075191736,381697828.5484921,-381697828.54691786,0
CP_REPO_LRPM,cluster_entry_loose,excluding_near_zero_actual_bottom_asset_decile,QLIKE,61461,10,210144.59489315952,100441990.49419472,-100231845.89930151,0
CP_REPO_LRPM,cluster_entry_loose,excluding_near_zero_actual_bottom_asset_decile,log_RV_MAE,61461,10,0.8662174520726127,2.6495371957446454,-1.7833197436720325,0
CP_REPO_LRPM,cluster_entry_loose,excluding_near_zero_actual_bottom_asset_decile,log_RV_MSE,61461,10,1.3601494572286972,36.86854125554044,-35.50839179831174,0
CP_REPO_LRPM,cluster_entry_loose,excluding_near_zero_actual_bottom_asset_decile,winsorized_SMAPE_1_99,61461,10,72.93293539887844,90.08501392616644,-17.152078527288015,0
CP_REPO_LRPM,cluster_entry_loose,high_vol_actual_top_asset_quintile,SMAPE,22973,10,69.00735262283271,84.40766012030195,-15.400307497469242,0
CP_REPO_LRPM,cluster_entry_loose,high_vol_actual_top_asset_quintile,MAE,22973,10,0.0012877885229073,369882.0180541914,-369882.01676640287,0
CP_REPO_LRPM,cluster_entry_loose,high_vol_actual_top_asset_quintile,MSE,22973,10,6.7247425578925214e-06,3137064884362614.5,-3137064884362614.5,0
CP_REPO_LRPM,cluster_entry_loose,high_vol_actual_top_asset_quintile,RMSE,22973,10,0.0023906769741809,17769904.580095775,-17769904.5777051,0
CP_REPO_LRPM,cluster_entry_loose,high_vol_actual_top_asset_quintile,QLIKE,22973,10,268014.68012032646,204017627.16726628,-203749612.48714596,0
CP_REPO_LRPM,cluster_entry_loose,high_vol_actual_top_asset_quintile,log_RV_MAE,22973,10,0.7732837175225007,2.6344615649485363,-1.8611778474260356,0
CP_REPO_LRPM,cluster_entry_loose,high_vol_actual_top_asset_quintile,log_RV_MSE,22973,10,0.9451687695589692,40.34561388927239,-39.40044511971342,0
CP_REPO_LRPM,cluster_entry_loose,high_vol_actual_top_asset_quintile,winsorized_SMAPE_1_99,22973,10,68.91269580989183,84.41831399463685,-15.50561818474502,0
CP_REPO_LRPM,recent_spike_position,standard,SMAPE,125358,10,111.5312633098087,122.29856583207624,-10.767302522267553,0
CP_REPO_LRPM,recent_spike_position,standard,MAE,125358,10,0.000609182778318,58356297.15073031,-58356297.15012112,0
CP_REPO_LRPM,recent_spike_position,standard,MSE,125358,10,2.105711101802365e-06,3.3601508551585936e+20,-3.3601508551585936e+20,0
CP_REPO_LRPM,recent_spike_position,standard,RMSE,125358,10,0.0013297050754869,5983826194.613658,-5983826194.612327,0
CP_REPO_LRPM,recent_spike_position,standard,QLIKE,125358,10,249149.85066705736,56116844.16819432,-55867694.31752727,0
CP_REPO_LRPM,recent_spike_position,standard,log_RV_MAE,125358,10,6.256003684262452,6.87654423350664,-0.6205405492441874,2
CP_REPO_LRPM,recent_spike_position,standard,log_RV_MSE,125358,10,109.413873260945,122.78773578083236,-13.373862519887332,2
CP_REPO_LRPM,recent_spike_position,standard,winsorized_SMAPE_1_99,125358,10,111.54553490151334,122.31473000092588,-10.769195099412537,0
CP_REPO_LRPM,recent_spike_position,excluding_near_zero_actual_bottom_asset_decile,SMAPE,87314,10,73.36349002624341,88.80918257153256,-15.44569254528915,0
CP_REPO_LRPM,recent_spike_position,excluding_near_zero_actual_bottom_asset_decile,MAE,87314,10,0.0007165853575134,9045343.478179472,-9045343.47746289,0
CP_REPO_LRPM,recent_spike_position,excluding_near_zero_actual_bottom_asset_decile,MSE,87314,10,2.911648263991405e-06,2.27290822321484e+18,-2.27290822321484e+18,0
CP_REPO_LRPM,recent_spike_position,excluding_near_zero_actual_bottom_asset_decile,RMSE,87314,10,0.0016055951177445,506311525.0167831,-506311525.0151776,0
CP_REPO_LRPM,recent_spike_position,excluding_near_zero_actual_bottom_asset_decile,QLIKE,87314,10,357700.4542242482,80533019.90499163,-80175319.45076738,0
CP_REPO_LRPM,recent_spike_position,excluding_near_zero_actual_bottom_asset_decile,log_RV_MAE,87314,10,0.8796930028966632,2.474488190692248,-1.5947951877955848,0
CP_REPO_LRPM,recent_spike_position,excluding_near_zero_actual_bottom_asset_decile,log_RV_MSE,87314,10,1.46266464228245,33.05968570827358,-31.59702106599112,0
CP_REPO_LRPM,recent_spike_position,excluding_near_zero_actual_bottom_asset_decile,winsorized_SMAPE_1_99,87314,10,73.3008461151611,88.81736855053994,-15.51652243537884,0
CP_REPO_LRPM,recent_spike_position,high_vol_actual_top_asset_quintile,SMAPE,25722,10,76.6380234808837,89.25455766426566,-12.61653418338197,0
CP_REPO_LRPM,recent_spike_position,high_vol_actual_top_asset_quintile,MAE,25722,10,0.0014520315728545,330358.5805967799,-330358.5791447482,0
CP_REPO_LRPM,recent_spike_position,high_vol_actual_top_asset_quintile,MSE,25722,10,9.030757734515107e-06,2801795802124551.5,-2801795802124551.5,0
CP_REPO_LRPM,recent_spike_position,high_vol_actual_top_asset_quintile,RMSE,25722,10,0.002817499668717,16890293.837204378,-16890293.834386878,0
CP_REPO_LRPM,recent_spike_position,high_vol_actual_top_asset_quintile,QLIKE,25722,10,730283.7780196941,193934271.1281761,-193203987.3501564,0
CP_REPO_LRPM,recent_spike_position,high_vol_actual_top_asset_quintile,log_RV_MAE,25722,10,0.8980758793102885,2.6022442143151685,-1.7041683350048802,0
CP_REPO_LRPM,recent_spike_position,high_vol_actual_top_asset_quintile,log_RV_MSE,25722,10,1.3696668123426177,37.98991835386818,-36.62025154152557,0
CP_REPO_LRPM,recent_spike_position,high_vol_actual_top_asset_quintile,winsorized_SMAPE_1_99,25722,10,76.58265438950966,89.26679925528258,-12.684144865772916,0
CP_REPO_LRPM,cluster_exit_loose,standard,SMAPE,73455,10,97.78270322300334,111.00971764940286,-13.227014426399526,0
CP_REPO_LRPM,cluster_exit_loose,standard,MAE,73455,10,0.0006171643472766,7632.564185704659,-7632.563568540313,0
CP_REPO_LRPM,cluster_exit_loose,standard,MSE,73455,10,2.753487709512812e-06,2588453535863.193,-2588453535863.193,0
CP_REPO_LRPM,cluster_exit_loose,standard,RMSE,73455,10,0.001537824377701,609646.290505585,-609646.2889677607,0
CP_REPO_LRPM,cluster_exit_loose,standard,QLIKE,73455,10,319713.10949986114,63353274.68114681,-63033561.57164696,0
CP_REPO_LRPM,cluster_exit_loose,standard,log_RV_MAE,73455,10,4.775102499739926,5.716223392516218,-0.9411208927762912,1
CP_REPO_LRPM,cluster_exit_loose,standard,log_RV_MSE,73455,10,82.09800802784856,100.92297533577276,-18.82496730792419,1
CP_REPO_LRPM,cluster_exit_loose,standard,winsorized_SMAPE_1_99,73455,10,97.79101156573374,111.01892316884596,-13.227911603112222,0
CP_REPO_LRPM,cluster_exit_loose,excluding_near_zero_actual_bottom_asset_decile,SMAPE,57273,10,69.26376081385803,86.23590394163756,-16.97214312777953,0
CP_REPO_LRPM,cluster_exit_loose,excluding_near_zero_actual_bottom_asset_decile,MAE,57273,10,0.000661178907095,9788.967293043088,-9788.96663186418,0
CP_REPO_LRPM,cluster_exit_loose,excluding_near_zero_actual_bottom_asset_decile,MSE,57273,10,3.4480117172837792e-06,3319799110163.992,-3319799110163.992,0
CP_REPO_LRPM,cluster_exit_loose,excluding_near_zero_actual_bottom_asset_decile,RMSE,57273,10,0.0017516744733704,738582.1462312725,-738582.1444795983,0
CP_REPO_LRPM,cluster_exit_loose,excluding_near_zero_actual_bottom_asset_decile,QLIKE,57273,10,409447.8060087569,81215543.01317975,-80806095.20717098,0
CP_REPO_LRPM,cluster_exit_loose,excluding_near_zero_actual_bottom_asset_decile,log_RV_MAE,57273,10,0.8285547380337411,2.464785445769907,-1.6362307077361662,0
CP_REPO_LRPM,cluster_exit_loose,excluding_near_zero_actual_bottom_asset_decile,log_RV_MSE,57273,10,1.468738852648666,33.5670000095208,-32.098261156872134,0
CP_REPO_LRPM,cluster_exit_loose,excluding_near_zero_actual_bottom_asset_decile,winsorized_SMAPE_1_99,57273,10,69.19739766691099,86.24232349180576,-17.044925824894776,0
CP_REPO_LRPM,cluster_exit_loose,high_vol_actual_top_asset_quintile,SMAPE,17006,10,68.55587459894774,83.13720510036694,-14.581330501419233,0
CP_REPO_LRPM,cluster_exit_loose,high_vol_actual_top_asset_quintile,MAE,17006,10,0.0013369827883075,554.9468833801192,-554.9455463973308,0
CP_REPO_LRPM,cluster_exit_loose,high_vol_actual_top_asset_quintile,MSE,17006,10,1.0979860152382522e-05,5237001179.91862,-5237001179.918608,0
CP_REPO_LRPM,cluster_exit_loose,high_vol_actual_top_asset_quintile,RMSE,17006,10,0.0030405995595415,23732.75412663249,-23732.75108603293,0
CP_REPO_LRPM,cluster_exit_loose,high_vol_actual_top_asset_quintile,QLIKE,17006,10,263331.26459515106,190823786.64446244,-190560455.3798673,0
CP_REPO_LRPM,cluster_exit_loose,high_vol_actual_top_asset_quintile,log_RV_MAE,17006,10,0.779457159228256,2.510532526280297,-1.7310753670520416,0
CP_REPO_LRPM,cluster_exit_loose,high_vol_actual_top_asset_quintile,log_RV_MSE,17006,10,0.9978065877696454,37.6021191259505,-36.60431253818085,0
CP_REPO_LRPM,cluster_exit_loose,high_vol_actual_top_asset_quintile,winsorized_SMAPE_1_99,17006,10,68.5145672335015,83.14788997038715,-14.633322736885653,0
CP_REPO_LRPM,older_spike_position,standard,SMAPE,108871,10,97.43444156272852,109.86833741048557,-12.43389584775703,0
CP_REPO_LRPM,older_spike_position,standard,MAE,108871,10,0.0005701423444708,1078944.5658198951,-1078944.5652497527,0
CP_REPO_LRPM,older_spike_position,standard,MSE,108871,10,2.325430719071407e-06,1.1440098048060994e+17,-1.1440098048060994e+17,0
CP_REPO_LRPM,older_spike_position,standard,RMSE,108871,10,0.0014265116032149,110957247.09771375,-110957247.09628724,0
CP_REPO_LRPM,older_spike_position,standard,QLIKE,108871,10,310676.42338787334,51221803.97894129,-50911127.55555343,0
CP_REPO_LRPM,older_spike_position,standard,log_RV_MAE,108871,10,4.699872146442731,5.560920374547928,-0.8610482281051958,1
CP_REPO_LRPM,older_spike_position,standard,log_RV_MSE,108871,10,80.56611779435829,97.56585445283672,-16.99973665847842,0
CP_REPO_LRPM,older_spike_position,standard,winsorized_SMAPE_1_99,108871,10,97.44221425187747,109.87793864494677,-12.435724393069307,0
CP_REPO_LRPM,older_spike_position,excluding_near_zero_actual_bottom_asset_decile,SMAPE,85180,10,69.3545856504564,85.24751767876597,-15.892932028309575,0
CP_REPO_LRPM,older_spike_position,excluding_near_zero_actual_bottom_asset_decile,MAE,85180,10,0.0005996808597667,66284.89054976513,-66284.88995008427,0
CP_REPO_LRPM,older_spike_position,excluding_near_zero_actual_bottom_asset_decile,MSE,85180,10,2.892131608948893e-06,174169700004048.7,-174169700004048.7,0
CP_REPO_LRPM,older_spike_position,excluding_near_zero_actual_bottom_asset_decile,RMSE,85180,10,0.0016071511084485,5793483.0480334265,-5793483.046426275,0
CP_REPO_LRPM,older_spike_position,excluding_near_zero_actual_bottom_asset_decile,QLIKE,85180,10,395338.3603923037,65430468.048226446,-65035129.687834136,0
CP_REPO_LRPM,older_spike_position,excluding_near_zero_actual_bottom_asset_decile,log_RV_MAE,85180,10,0.8306895025168325,2.320845875387112,-1.4901563728702794,0
CP_REPO_LRPM,older_spike_position,excluding_near_zero_actual_bottom_asset_decile,log_RV_MSE,85180,10,1.4717707449212003,30.39697716649412,-28.92520642157292,0
CP_REPO_LRPM,older_spike_position,excluding_near_zero_actual_bottom_asset_decile,winsorized_SMAPE_1_99,85180,10,69.28381540261677,85.25423978328726,-15.970424380670472,0
CP_REPO_LRPM,older_spike_position,high_vol_actual_top_asset_quintile,SMAPE,20509,10,71.97662527280492,84.52499727618,-12.548372003375077,0
CP_REPO_LRPM,older_spike_position,high_vol_actual_top_asset_quintile,MAE,20509,10,0.0014069911717764,1227.0754959198075,-1227.074088928636,0
CP_REPO_LRPM,older_spike_position,high_vol_actual_top_asset_quintile,MSE,20509,10,1.1340659190055558e-05,16405020151.885544,-16405020151.885532,0
CP_REPO_LRPM,older_spike_position,high_vol_actual_top_asset_quintile,RMSE,20509,10,0.0031001645234287,40007.42533101595,-40007.42223085143,0
CP_REPO_LRPM,older_spike_position,high_vol_actual_top_asset_quintile,QLIKE,20509,10,528354.6846762492,177015304.5567481,-176486949.8720719,0
CP_REPO_LRPM,older_spike_position,high_vol_actual_top_asset_quintile,log_RV_MAE,20509,10,0.8302399911732007,2.4338310020900176,-1.6035910109168163,0
CP_REPO_LRPM,older_spike_position,high_vol_actual_top_asset_quintile,log_RV_MSE,20509,10,1.1982180799171949,35.26980070443368,-34.07158262451648,0
CP_REPO_LRPM,older_spike_position,high_vol_actual_top_asset_quintile,winsorized_SMAPE_1_99,20509,10,71.93587644514969,84.53786696226287,-12.601990517113164,0
CP_REPO_LRPM,high_within_block_dispersion,standard,SMAPE,68970,10,119.60427233753936,130.81166243307692,-11.207390095537546,0
CP_REPO_LRPM,high_within_block_dispersion,standard,MAE,68970,10,0.0005686239436959,4469578.334999332,-4469578.334430708,0
CP_REPO_LRPM,high_within_block_dispersion,standard,MSE,68970,10,1.1231333770356058e-06,7.365491406666952e+17,-7.365491406666952e+17,0
CP_REPO_LRPM,high_within_block_dispersion,standard,RMSE,68970,10,0.0010218476548916,319206675.9190741,-319206675.9180524,0
CP_REPO_LRPM,high_within_block_dispersion,standard,QLIKE,68970,10,503895.0954919666,46900999.9543318,-46397104.85883983,0
CP_REPO_LRPM,high_within_block_dispersion,standard,log_RV_MAE,68970,10,7.336315052592766,7.976426423208764,-0.6401113706159979,2
CP_REPO_LRPM,high_within_block_dispersion,standard,log_RV_MSE,68970,10,134.18160425169935,147.37489357526997,-13.193289323570625,2
CP_REPO_LRPM,high_within_block_dispersion,standard,winsorized_SMAPE_1_99,68970,10,119.61807792324268,130.8280739400616,-11.209996016818874,0
CP_REPO_LRPM,high_within_block_dispersion,excluding_near_zero_actual_bottom_asset_decile,SMAPE,44524,10,76.0726803313092,93.43027170057744,-17.357591369268246,0
CP_REPO_LRPM,high_within_block_dispersion,excluding_near_zero_actual_bottom_asset_decile,MAE,44524,10,0.0006047171369936,6904132.564019,-6904132.563414284,0
CP_REPO_LRPM,high_within_block_dispersion,excluding_near_zero_actual_bottom_asset_decile,MSE,44524,10,1.5377627543209002e-06,1.140936183715803e+18,-1.140936183715803e+18,0
CP_REPO_LRPM,high_within_block_dispersion,excluding_near_zero_actual_bottom_asset_decile,RMSE,44524,10,0.0012018726265101,391369883.4172745,-391369883.4160727,0
CP_REPO_LRPM,high_within_block_dispersion,excluding_near_zero_actual_bottom_asset_decile,QLIKE,44524,10,778263.0005437186,72589303.19154195,-71811040.19099824,0
CP_REPO_LRPM,high_within_block_dispersion,excluding_near_zero_actual_bottom_asset_decile,log_RV_MAE,44524,10,0.9279896341069244,2.7591496196962177,-1.8311599855892933,0
CP_REPO_LRPM,high_within_block_dispersion,excluding_near_zero_actual_bottom_asset_decile,log_RV_MSE,44524,10,1.8841423421682129,37.87049862537652,-35.9863562832083,0
CP_REPO_LRPM,high_within_block_dispersion,excluding_near_zero_actual_bottom_asset_decile,winsorized_SMAPE_1_99,44524,10,75.999265651473,93.43912852234298,-17.43986287086999,0
CP_REPO_LRPM,high_within_block_dispersion,high_vol_actual_top_asset_quintile,SMAPE,8611,10,83.57927734565325,99.02766999086964,-15.448392645216408,0
CP_REPO_LRPM,high_within_block_dispersion,high_vol_actual_top_asset_quintile,MAE,8611,10,0.0014329468653602,4734483.212681316,-4734483.211248368,0
CP_REPO_LRPM,high_within_block_dispersion,high_vol_actual_top_asset_quintile,MSE,8611,10,6.356666223296062e-06,1.293723191876663e+17,-1.293723191876663e+17,0
CP_REPO_LRPM,high_within_block_dispersion,high_vol_actual_top_asset_quintile,RMSE,8611,10,0.0024338471985146,148505685.80252868,-148505685.80009484,0
CP_REPO_LRPM,high_within_block_dispersion,high_vol_actual_top_asset_quintile,QLIKE,8611,10,1164588.1052037366,224830454.7280743,-223665866.6228706,0
CP_REPO_LRPM,high_within_block_dispersion,high_vol_actual_top_asset_quintile,log_RV_MAE,8611,10,0.9835186676880447,3.1346585927933703,-2.1511399251053254,0
CP_REPO_LRPM,high_within_block_dispersion,high_vol_actual_top_asset_quintile,log_RV_MSE,8611,10,1.6033125836104825,47.851062529877765,-46.24774994626728,0
CP_REPO_LRPM,high_within_block_dispersion,high_vol_actual_top_asset_quintile,winsorized_SMAPE_1_99,8611,10,83.52311784459015,99.04269318980882,-15.519575345218684,0
CP_REPO_RECENT_SLOPE,all_rows,standard,SMAPE,367468,10,100.87996479236024,101.09279405097492,-0.2128292586147047,4
CP_REPO_RECENT_SLOPE,all_rows,standard,MAE,367468,10,0.0005862627333686,0.0005858807409988,3.8199236986173713e-07,7
CP_REPO_RECENT_SLOPE,all_rows,standard,MSE,367468,10,2.195810003722176e-06,2.190864562572889e-06,4.9454411492869445e-09,10
CP_REPO_RECENT_SLOPE,all_rows,standard,RMSE,367468,10,0.001388809861051,0.0013871571678733,1.6526931776356906e-06,10
CP_REPO_RECENT_SLOPE,all_rows,standard,QLIKE,367468,10,296920.5433224973,958991.9687231357,-662071.4254006383,0
CP_REPO_RECENT_SLOPE,all_rows,standard,log_RV_MAE,367468,10,5.013575715182238,5.0046851837030895,0.0088905314791481,2
CP_REPO_RECENT_SLOPE,all_rows,standard,log_RV_MSE,367468,10,86.01532967319302,85.72793855458282,0.2873911186101989,4
CP_REPO_RECENT_SLOPE,all_rows,standard,winsorized_SMAPE_1_99,367468,10,100.88870917101808,101.10156682498022,-0.2128576539621235,4
CP_REPO_RECENT_SLOPE,all_rows,excluding_near_zero_actual_bottom_asset_decile,SMAPE,280990,10,70.80150601340222,71.09167765928598,-0.2901716458837671,4
CP_REPO_RECENT_SLOPE,all_rows,excluding_near_zero_actual_bottom_asset_decile,MAE,280990,10,0.0006347107778826,0.0006354931687762,-7.823908935836294e-07,5
CP_REPO_RECENT_SLOPE,all_rows,excluding_near_zero_actual_bottom_asset_decile,MSE,280990,10,2.7844815379535592e-06,2.7790645306550627e-06,5.417007298495925e-09,9
CP_REPO_RECENT_SLOPE,all_rows,excluding_near_zero_actual_bottom_asset_decile,RMSE,280990,10,0.0015906907657762,0.0015889869560348,1.7038097413922965e-06,9
CP_REPO_RECENT_SLOPE,all_rows,excluding_near_zero_actual_bottom_asset_decile,QLIKE,280990,10,387469.9542930861,1251958.1911135947,-864488.2368205085,0
CP_REPO_RECENT_SLOPE,all_rows,excluding_near_zero_actual_bottom_asset_decile,log_RV_MAE,280990,10,0.8477474698162,0.8752556443874024,-0.0275081745712025,1
CP_REPO_RECENT_SLOPE,all_rows,excluding_near_zero_actual_bottom_asset_decile,log_RV_MSE,280990,10,1.4753525524316455,2.0148598813989618,-0.5395073289673162,1
CP_REPO_RECENT_SLOPE,all_rows,excluding_near_zero_actual_bottom_asset_decile,winsorized_SMAPE_1_99,280990,10,70.73639077833658,71.0183638336536,-0.281973055317016,4
CP_REPO_RECENT_SLOPE,all_rows,high_vol_actual_top_asset_quintile,SMAPE,73496,10,74.0205758822783,73.74520960021079,0.2753662820675303,8
CP_REPO_RECENT_SLOPE,all_rows,high_vol_actual_top_asset_quintile,MAE,73496,10,0.0013977588560888,0.0013929758378313,4.783018257509051e-06,10
CP_REPO_RECENT_SLOPE,all_rows,high_vol_actual_top_asset_quintile,MSE,73496,10,9.91631467307809e-06,9.891231339083915e-06,2.5083333994174026e-08,10
CP_REPO_RECENT_SLOPE,all_rows,high_vol_actual_top_asset_quintile,RMSE,73496,10,0.0029503490075918,0.0029462168615076,4.132146084188571e-06,10
CP_REPO_RECENT_SLOPE,all_rows,high_vol_actual_top_asset_quintile,QLIKE,73496,10,577828.0338365107,2249093.051455119,-1671265.0176186094,1
CP_REPO_RECENT_SLOPE,all_rows,high_vol_actual_top_asset_quintile,log_RV_MAE,73496,10,0.8562913770706451,0.8707998004376483,-0.0145084233670032,3
CP_REPO_RECENT_SLOPE,all_rows,high_vol_actual_top_asset_quintile,log_RV_MSE,73496,10,1.2429973653708484,1.6573592915111348,-0.4143619261402864,3
CP_REPO_RECENT_SLOPE,all_rows,high_vol_actual_top_asset_quintile,winsorized_SMAPE_1_99,73496,10,73.97732781808993,73.68989602299901,0.2874317950909211,8
CP_REPO_RECENT_SLOPE,all_observations,standard,SMAPE,367248,10,100.86366051352246,101.07345758607232,-0.2097970725498561,4
CP_REPO_RECENT_SLOPE,all_observations,standard,MAE,367248,10,0.0005861095985985,0.0005857162064942,3.933921043120046e-07,7
CP_REPO_RECENT_SLOPE,all_observations,standard,MSE,367248,10,2.193500144908159e-06,2.188515856286879e-06,4.984288621279923e-09,10
CP_REPO_RECENT_SLOPE,all_observations,standard,RMSE,367248,10,0.0013880844118661,0.0013864199648832,1.6644469829520829e-06,10
CP_REPO_RECENT_SLOPE,all_observations,standard,QLIKE,367248,10,297098.4085887108,957803.0077222688,-660704.599133558,0
CP_REPO_RECENT_SLOPE,all_observations,standard,log_RV_MAE,367248,10,5.011387938732,5.002390102426725,0.0089978363052758,2
CP_REPO_RECENT_SLOPE,all_observations,standard,log_RV_MSE,367248,10,85.97070871507968,85.68220192027373,0.2885067948059729,4
CP_REPO_RECENT_SLOPE,all_observations,standard,winsorized_SMAPE_1_99,367248,10,100.87240025609772,101.08221999711432,-0.2098197410165789,4
CP_REPO_RECENT_SLOPE,all_observations,excluding_near_zero_actual_bottom_asset_decile,SMAPE,280865,10,70.7998613143532,71.08611891416658,-0.2862575998133964,4
CP_REPO_RECENT_SLOPE,all_observations,excluding_near_zero_actual_bottom_asset_decile,MAE,280865,10,0.0006344831477051,0.0006352464789964,-7.633312913011893e-07,5
CP_REPO_RECENT_SLOPE,all_observations,excluding_near_zero_actual_bottom_asset_decile,MSE,280865,10,2.7811051718795994e-06,2.775636024743924e-06,5.469147135675339e-09,9
CP_REPO_RECENT_SLOPE,all_observations,excluding_near_zero_actual_bottom_asset_decile,RMSE,280865,10,0.0015897076573964,0.0015879887830132,1.7188743831927638e-06,9
CP_REPO_RECENT_SLOPE,all_observations,excluding_near_zero_actual_bottom_asset_decile,QLIKE,280865,10,387642.3986589653,1250309.1344251982,-862666.735766233,0
CP_REPO_RECENT_SLOPE,all_observations,excluding_near_zero_actual_bottom_asset_decile,log_RV_MAE,280865,10,0.8477187669523202,0.8751228666368216,-0.0274040996845013,1
CP_REPO_RECENT_SLOPE,all_observations,excluding_near_zero_actual_bottom_asset_decile,log_RV_MSE,280865,10,1.4753477712987084,2.013542923527341,-0.5381951522286329,1
CP_REPO_RECENT_SLOPE,all_observations,excluding_near_zero_actual_bottom_asset_decile,winsorized_SMAPE_1_99,280865,10,70.73471741592948,71.01276650930448,-0.2780490933750108,4
CP_REPO_RECENT_SLOPE,all_observations,high_vol_actual_top_asset_quintile,SMAPE,73477,10,74.0098124350625,73.73266704988193,0.2771453851806041,8
CP_REPO_RECENT_SLOPE,all_observations,high_vol_actual_top_asset_quintile,MAE,73477,10,0.0013967078250143,0.0013919096738464,4.798151167920879e-06,10
CP_REPO_RECENT_SLOPE,all_observations,high_vol_actual_top_asset_quintile,MSE,73477,10,9.90175140491125e-06,9.876531131888198e-06,2.522027302305184e-08,10
CP_REPO_RECENT_SLOPE,all_observations,high_vol_actual_top_asset_quintile,RMSE,73477,10,0.0029481653737893,0.0029440115150834,4.153858705898412e-06,10
CP_REPO_RECENT_SLOPE,all_observations,high_vol_actual_top_asset_quintile,QLIKE,73477,10,577977.449553732,2249674.629818092,-1671697.18026436,1
CP_REPO_RECENT_SLOPE,all_observations,high_vol_actual_top_asset_quintile,log_RV_MAE,73477,10,0.8560873034002608,0.8705656364021341,-0.0144783330018732,3
CP_REPO_RECENT_SLOPE,all_observations,high_vol_actual_top_asset_quintile,log_RV_MSE,73477,10,1.2423106282398957,1.6566553443721093,-0.4143447161322135,3
CP_REPO_RECENT_SLOPE,all_observations,high_vol_actual_top_asset_quintile,winsorized_SMAPE_1_99,73477,10,73.9666730676769,73.6771753262353,0.2894977414415977,8
CP_REPO_RECENT_SLOPE,cluster_entry_loose,standard,SMAPE,73457,10,93.56088920634404,93.308228708458,0.2526604978860509,7
CP_REPO_RECENT_SLOPE,cluster_entry_loose,standard,MAE,73457,10,0.0007565085518804,0.0007510467287566,5.461823123856475e-06,8
CP_REPO_RECENT_SLOPE,cluster_entry_loose,standard,MSE,73457,10,2.4613245517090537e-06,2.445102582203132e-06,1.6221969505921998e-08,10
CP_REPO_RECENT_SLOPE,cluster_entry_loose,standard,RMSE,73457,10,0.0014483360606577,0.0014433117951472,5.024265510497277e-06,10
CP_REPO_RECENT_SLOPE,cluster_entry_loose,standard,QLIKE,73457,10,175829.54926030466,762218.2754550694,-586388.7261947646,1
CP_REPO_RECENT_SLOPE,cluster_entry_loose,standard,log_RV_MAE,73457,10,3.804190144501006,3.813750557718258,-0.0095604132172517,2
CP_REPO_RECENT_SLOPE,cluster_entry_loose,standard,log_RV_MSE,73457,10,62.079879726914335,62.462670692243925,-0.3827909653295833,2
CP_REPO_RECENT_SLOPE,cluster_entry_loose,standard,winsorized_SMAPE_1_99,73457,10,93.56917055787952,93.31655728483176,0.2526132730477505,7
CP_REPO_RECENT_SLOPE,cluster_entry_loose,excluding_near_zero_actual_bottom_asset_decile,SMAPE,61461,10,72.99789797170354,72.7051980384531,0.2926999332504288,7
CP_REPO_RECENT_SLOPE,cluster_entry_loose,excluding_near_zero_actual_bottom_asset_decile,MAE,61461,10,0.0007865964891234,0.0007808485941244,5.747894998991679e-06,10
CP_REPO_RECENT_SLOPE,cluster_entry_loose,excluding_near_zero_actual_bottom_asset_decile,MSE,61461,10,2.8317450639894594e-06,2.8169240959210496e-06,1.4820968068409761e-08,9
CP_REPO_RECENT_SLOPE,cluster_entry_loose,excluding_near_zero_actual_bottom_asset_decile,RMSE,61461,10,0.0015742075191736,0.0015695373937504,4.670125423209011e-06,9
CP_REPO_RECENT_SLOPE,cluster_entry_loose,excluding_near_zero_actual_bottom_asset_decile,QLIKE,61461,10,210144.59489315952,910427.7552415404,-700283.1603483808,1
CP_REPO_RECENT_SLOPE,cluster_entry_loose,excluding_near_zero_actual_bottom_asset_decile,log_RV_MAE,61461,10,0.8662174520726127,0.8720101643943426,-0.00579271232173,3
CP_REPO_RECENT_SLOPE,cluster_entry_loose,excluding_near_zero_actual_bottom_asset_decile,log_RV_MSE,61461,10,1.3601494572286972,1.590652166345207,-0.2305027091165094,2
CP_REPO_RECENT_SLOPE,cluster_entry_loose,excluding_near_zero_actual_bottom_asset_decile,winsorized_SMAPE_1_99,61461,10,72.93293539887844,72.63791073476648,0.2950246641119624,7
CP_REPO_RECENT_SLOPE,cluster_entry_loose,high_vol_actual_top_asset_quintile,SMAPE,22973,10,69.00735262283271,69.31527380801505,-0.3079211851823504,5
CP_REPO_RECENT_SLOPE,cluster_entry_loose,high_vol_actual_top_asset_quintile,MAE,22973,10,0.0012877885229073,0.0012924808966178,-4.692373710498361e-06,6
CP_REPO_RECENT_SLOPE,cluster_entry_loose,high_vol_actual_top_asset_quintile,MSE,22973,10,6.7247425578925214e-06,6.728062726110028e-06,-3.320168217507596e-09,6
CP_REPO_RECENT_SLOPE,cluster_entry_loose,high_vol_actual_top_asset_quintile,RMSE,22973,10,0.0023906769741809,0.0023906731548972,3.8192836348524846e-09,6
CP_REPO_RECENT_SLOPE,cluster_entry_loose,high_vol_actual_top_asset_quintile,QLIKE,22973,10,268014.68012032646,1679974.0528310582,-1411959.3727107325,2
CP_REPO_RECENT_SLOPE,cluster_entry_loose,high_vol_actual_top_asset_quintile,log_RV_MAE,22973,10,0.7732837175225007,0.7865587341573773,-0.0132750166348765,2
CP_REPO_RECENT_SLOPE,cluster_entry_loose,high_vol_actual_top_asset_quintile,log_RV_MSE,22973,10,0.9451687695589692,1.191143793495249,-0.24597502393628,2
CP_REPO_RECENT_SLOPE,cluster_entry_loose,high_vol_actual_top_asset_quintile,winsorized_SMAPE_1_99,22973,10,68.91269580989183,69.20528310101626,-0.2925872911244414,5
CP_REPO_RECENT_SLOPE,recent_spike_position,standard,SMAPE,125358,10,111.5312633098087,111.40132024889076,0.1299430609179193,7
CP_REPO_RECENT_SLOPE,recent_spike_position,standard,MAE,125358,10,0.000609182778318,0.0006036288919296,5.553886388425982e-06,9
CP_REPO_RECENT_SLOPE,recent_spike_position,standard,MSE,125358,10,2.105711101802365e-06,2.096329200591211e-06,9.381901211153636e-09,10
CP_REPO_RECENT_SLOPE,recent_spike_position,standard,RMSE,125358,10,0.0013297050754869,0.0013264004330464,3.304642440482884e-06,10
CP_REPO_RECENT_SLOPE,recent_spike_position,standard,QLIKE,125358,10,249149.85066705736,931194.0744910492,-682044.2238239918,0
CP_REPO_RECENT_SLOPE,recent_spike_position,standard,log_RV_MAE,125358,10,6.256003684262452,6.198449414121307,0.0575542701411447,5
CP_REPO_RECENT_SLOPE,recent_spike_position,standard,log_RV_MSE,125358,10,109.413873260945,108.21565950986977,1.19821375107526,6
CP_REPO_RECENT_SLOPE,recent_spike_position,standard,winsorized_SMAPE_1_99,125358,10,111.54553490151334,111.41552923069518,0.1300056708181656,7
CP_REPO_RECENT_SLOPE,recent_spike_position,excluding_near_zero_actual_bottom_asset_decile,SMAPE,87314,10,73.36349002624341,73.20758336515527,0.1559066610881621,7
CP_REPO_RECENT_SLOPE,recent_spike_position,excluding_near_zero_actual_bottom_asset_decile,MAE,87314,10,0.0007165853575134,0.0007123257444617,4.259613051704414e-06,8
CP_REPO_RECENT_SLOPE,recent_spike_position,excluding_near_zero_actual_bottom_asset_decile,MSE,87314,10,2.911648263991405e-06,2.903835520935706e-06,7.812743055699096e-09,8
CP_REPO_RECENT_SLOPE,recent_spike_position,excluding_near_zero_actual_bottom_asset_decile,RMSE,87314,10,0.0016055951177445,0.0016030144277177,2.5806900268177656e-06,8
CP_REPO_RECENT_SLOPE,recent_spike_position,excluding_near_zero_actual_bottom_asset_decile,QLIKE,87314,10,357700.4542242482,1336384.6450406583,-978684.1908164102,0
CP_REPO_RECENT_SLOPE,recent_spike_position,excluding_near_zero_actual_bottom_asset_decile,log_RV_MAE,87314,10,0.8796930028966632,0.8978385966623335,-0.0181455937656699,3
CP_REPO_RECENT_SLOPE,recent_spike_position,excluding_near_zero_actual_bottom_asset_decile,log_RV_MSE,87314,10,1.46266464228245,1.9344035577257472,-0.4717389154432971,2
CP_REPO_RECENT_SLOPE,recent_spike_position,excluding_near_zero_actual_bottom_asset_decile,winsorized_SMAPE_1_99,87314,10,73.3008461151611,73.13940813166235,0.161437983498737,7
CP_REPO_RECENT_SLOPE,recent_spike_position,high_vol_actual_top_asset_quintile,SMAPE,25722,10,76.6380234808837,77.36072480258538,-0.7227013217016881,2
CP_REPO_RECENT_SLOPE,recent_spike_position,high_vol_actual_top_asset_quintile,MAE,25722,10,0.0014520315728545,0.0014581909923651,-6.1594195106665655e-06,3
CP_REPO_RECENT_SLOPE,recent_spike_position,high_vol_actual_top_asset_quintile,MSE,25722,10,9.030757734515107e-06,9.03984707098245e-06,-9.089336467343202e-09,4
CP_REPO_RECENT_SLOPE,recent_spike_position,high_vol_actual_top_asset_quintile,RMSE,25722,10,0.002817499668717,0.002819162718873,-1.6630501559838533e-06,4
CP_REPO_RECENT_SLOPE,recent_spike_position,high_vol_actual_top_asset_quintile,QLIKE,25722,10,730283.7780196941,2746324.1998556685,-2016040.4218359736,0
CP_REPO_RECENT_SLOPE,recent_spike_position,high_vol_actual_top_asset_quintile,log_RV_MAE,25722,10,0.8980758793102885,0.9226862572268828,-0.0246103779165943,1
CP_REPO_RECENT_SLOPE,recent_spike_position,high_vol_actual_top_asset_quintile,log_RV_MSE,25722,10,1.3696668123426177,1.7948672470527316,-0.4252004347101141,1
CP_REPO_RECENT_SLOPE,recent_spike_position,high_vol_actual_top_asset_quintile,winsorized_SMAPE_1_99,25722,10,76.58265438950966,77.2964937162526,-0.713839326742933,2
CP_REPO_RECENT_SLOPE,cluster_exit_loose,standard,SMAPE,73455,10,97.78270322300334,98.4937536372565,-0.711050414253151,1
CP_REPO_RECENT_SLOPE,cluster_exit_loose,standard,MAE,73455,10,0.0006171643472766,0.0006267250449588,-9.560697682216148e-06,1
CP_REPO_RECENT_SLOPE,cluster_exit_loose,standard,MSE,73455,10,2.753487709512812e-06,2.7523768926588274e-06,1.1108168539844646e-09,5
CP_REPO_RECENT_SLOPE,cluster_exit_loose,standard,RMSE,73455,10,0.001537824377701,0.0015375683001229,2.56077578048133e-07,5
CP_REPO_RECENT_SLOPE,cluster_exit_loose,standard,QLIKE,73455,10,319713.10949986114,1063993.065588881,-744279.9560890199,1
CP_REPO_RECENT_SLOPE,cluster_exit_loose,standard,log_RV_MAE,73455,10,4.775102499739926,4.79601756786739,-0.0209150681274629,1
CP_REPO_RECENT_SLOPE,cluster_exit_loose,standard,log_RV_MSE,73455,10,82.09800802784856,82.33847052530548,-0.2404624974569102,1
CP_REPO_RECENT_SLOPE,cluster_exit_loose,standard,winsorized_SMAPE_1_99,73455,10,97.79101156573374,98.50159351990548,-0.7105819541717298,1
CP_REPO_RECENT_SLOPE,cluster_exit_loose,excluding_near_zero_actual_bottom_asset_decile,SMAPE,57273,10,69.26376081385803,70.16017989106159,-0.8964190772035595,1
CP_REPO_RECENT_SLOPE,cluster_exit_loose,excluding_near_zero_actual_bottom_asset_decile,MAE,57273,10,0.000661178907095,0.0006705252414955,-9.346334400485924e-06,1
CP_REPO_RECENT_SLOPE,cluster_exit_loose,excluding_near_zero_actual_bottom_asset_decile,MSE,57273,10,3.4480117172837792e-06,3.4412467171550317e-06,6.765000128748835e-09,7
CP_REPO_RECENT_SLOPE,cluster_exit_loose,excluding_near_zero_actual_bottom_asset_decile,RMSE,57273,10,0.0017516744733704,0.0017500363433772,1.6381299932776645e-06,7
CP_REPO_RECENT_SLOPE,cluster_exit_loose,excluding_near_zero_actual_bottom_asset_decile,QLIKE,57273,10,409447.8060087569,1364237.993286955,-954790.187278198,0
CP_REPO_RECENT_SLOPE,cluster_exit_loose,excluding_near_zero_actual_bottom_asset_decile,log_RV_MAE,57273,10,0.8285547380337411,0.8623106919381338,-0.0337559539043926,0
CP_REPO_RECENT_SLOPE,cluster_exit_loose,excluding_near_zero_actual_bottom_asset_decile,log_RV_MSE,57273,10,1.468738852648666,1.965548842648184,-0.4968099899995179,1
CP_REPO_RECENT_SLOPE,cluster_exit_loose,excluding_near_zero_actual_bottom_asset_decile,winsorized_SMAPE_1_99,57273,10,69.19739766691099,70.08985648678087,-0.8924588198698817,1
CP_REPO_RECENT_SLOPE,cluster_exit_loose,high_vol_actual_top_asset_quintile,SMAPE,17006,10,68.55587459894774,66.49451895672793,2.061355642219797,9
CP_REPO_RECENT_SLOPE,cluster_exit_loose,high_vol_actual_top_asset_quintile,MAE,17006,10,0.0013369827883075,0.0013135953624217,2.3387425885778505e-05,9
CP_REPO_RECENT_SLOPE,cluster_exit_loose,high_vol_actual_top_asset_quintile,MSE,17006,10,1.0979860152382522e-05,1.0890838469110404e-05,8.902168327211242e-08,9
CP_REPO_RECENT_SLOPE,cluster_exit_loose,high_vol_actual_top_asset_quintile,RMSE,17006,10,0.0030405995595415,0.0030279028395073,1.2696720034187994e-05,9
CP_REPO_RECENT_SLOPE,cluster_exit_loose,high_vol_actual_top_asset_quintile,QLIKE,17006,10,263331.26459515106,2421700.545198549,-2158369.280603398,2
CP_REPO_RECENT_SLOPE,cluster_exit_loose,high_vol_actual_top_asset_quintile,log_RV_MAE,17006,10,0.779457159228256,0.7799129232089077,-0.0004557639806516,7
CP_REPO_RECENT_SLOPE,cluster_exit_loose,high_vol_actual_top_asset_quintile,log_RV_MSE,17006,10,0.9978065877696454,1.53853902569818,-0.5407324379285348,2
CP_REPO_RECENT_SLOPE,cluster_exit_loose,high_vol_actual_top_asset_quintile,winsorized_SMAPE_1_99,17006,10,68.5145672335015,66.43448916946635,2.0800780640351557,9
CP_REPO_RECENT_SLOPE,older_spike_position,standard,SMAPE,108871,10,97.43444156272852,97.79419853647964,-0.359756973751098,3
CP_REPO_RECENT_SLOPE,older_spike_position,standard,MAE,108871,10,0.0005701423444708,0.0005695720813711,5.70263099696796e-07,7
CP_REPO_RECENT_SLOPE,older_spike_position,standard,MSE,108871,10,2.325430719071407e-06,2.3232986340448654e-06,2.132085026541276e-09,8
CP_REPO_RECENT_SLOPE,older_spike_position,standard,RMSE,108871,10,0.0014265116032149,0.0014258010485725,7.105546423601513e-07,8
CP_REPO_RECENT_SLOPE,older_spike_position,standard,QLIKE,108871,10,310676.42338787334,1148275.683316829,-837599.2599289552,1
CP_REPO_RECENT_SLOPE,older_spike_position,standard,log_RV_MAE,108871,10,4.699872146442731,4.708973282032913,-0.009101135590182,4
CP_REPO_RECENT_SLOPE,older_spike_position,standard,log_RV_MSE,108871,10,80.56611779435829,80.48904856270892,0.0770692316494033,4
CP_REPO_RECENT_SLOPE,older_spike_position,standard,winsorized_SMAPE_1_99,108871,10,97.44221425187747,97.80167184764018,-0.3594575957626959,3
CP_REPO_RECENT_SLOPE,older_spike_position,excluding_near_zero_actual_bottom_asset_decile,SMAPE,85180,10,69.3545856504564,69.82816927180097,-0.473583621344582,3
CP_REPO_RECENT_SLOPE,older_spike_position,excluding_near_zero_actual_bottom_asset_decile,MAE,85180,10,0.0005996808597667,0.0006018096420776,-2.128782310907058e-06,2
CP_REPO_RECENT_SLOPE,older_spike_position,excluding_near_zero_actual_bottom_asset_decile,MSE,85180,10,2.892131608948893e-06,2.8907037204249383e-06,1.4278885239540666e-09,3
CP_REPO_RECENT_SLOPE,older_spike_position,excluding_near_zero_actual_bottom_asset_decile,RMSE,85180,10,0.0016071511084485,0.0016069708951758,1.8021327275460485e-07,3
CP_REPO_RECENT_SLOPE,older_spike_position,excluding_near_zero_actual_bottom_asset_decile,QLIKE,85180,10,395338.3603923037,1465276.865852276,-1069938.505459972,0
CP_REPO_RECENT_SLOPE,older_spike_position,excluding_near_zero_actual_bottom_asset_decile,log_RV_MAE,85180,10,0.8306895025168325,0.8668453214191462,-0.0361558189023137,0
CP_REPO_RECENT_SLOPE,older_spike_position,excluding_near_zero_actual_bottom_asset_decile,log_RV_MSE,85180,10,1.4717707449212003,2.152585920187056,-0.6808151752658553,0
CP_REPO_RECENT_SLOPE,older_spike_position,excluding_near_zero_actual_bottom_asset_decile,winsorized_SMAPE_1_99,85180,10,69.28381540261677,69.75007076307688,-0.4662553604601047,3
CP_REPO_RECENT_SLOPE,older_spike_position,high_vol_actual_top_asset_quintile,SMAPE,20509,10,71.97662527280492,72.12883441422234,-0.1522091414174139,6
CP_REPO_RECENT_SLOPE,older_spike_position,high_vol_actual_top_asset_quintile,MAE,20509,10,0.0014069911717764,0.0014030988176631,3.892354113281611e-06,7
CP_REPO_RECENT_SLOPE,older_spike_position,high_vol_actual_top_asset_quintile,MSE,20509,10,1.1340659190055558e-05,1.131861924098062e-05,2.203994907493736e-08,5
CP_REPO_RECENT_SLOPE,older_spike_position,high_vol_actual_top_asset_quintile,RMSE,20509,10,0.0031001645234287,0.0030978890017801,2.275521648620901e-06,5
CP_REPO_RECENT_SLOPE,older_spike_position,high_vol_actual_top_asset_quintile,QLIKE,20509,10,528354.6846762492,2719296.746491762,-2190942.061815513,0
CP_REPO_RECENT_SLOPE,older_spike_position,high_vol_actual_top_asset_quintile,log_RV_MAE,20509,10,0.8302399911732007,0.8577958628230282,-0.0275558716498274,1
CP_REPO_RECENT_SLOPE,older_spike_position,high_vol_actual_top_asset_quintile,log_RV_MSE,20509,10,1.1982180799171949,1.7772604296207068,-0.5790423497035119,0
CP_REPO_RECENT_SLOPE,older_spike_position,high_vol_actual_top_asset_quintile,winsorized_SMAPE_1_99,20509,10,71.93587644514969,72.07057518648298,-0.1346987413332999,6
CP_REPO_RECENT_SLOPE,high_within_block_dispersion,standard,SMAPE,68970,10,119.60427233753936,119.75328290196768,-0.1490105644283042,1
CP_REPO_RECENT_SLOPE,high_within_block_dispersion,standard,MAE,68970,10,0.0005686239436959,0.000567045926139,1.578017556929965e-06,4
CP_REPO_RECENT_SLOPE,high_within_block_dispersion,standard,MSE,68970,10,1.1231333770356058e-06,1.1098706872855537e-06,1.326268975005243e-08,9
CP_REPO_RECENT_SLOPE,high_within_block_dispersion,standard,RMSE,68970,10,0.0010218476548916,0.0010157418928702,6.10576202143287e-06,9
CP_REPO_RECENT_SLOPE,high_within_block_dispersion,standard,QLIKE,68970,10,503895.0954919666,851944.167636596,-348049.0721446294,3
CP_REPO_RECENT_SLOPE,high_within_block_dispersion,standard,log_RV_MAE,68970,10,7.336315052592766,7.348075183899908,-0.0117601313071418,2
CP_REPO_RECENT_SLOPE,high_within_block_dispersion,standard,log_RV_MSE,68970,10,134.18160425169935,134.44150478152588,-0.2599005298265444,4
CP_REPO_RECENT_SLOPE,high_within_block_dispersion,standard,winsorized_SMAPE_1_99,68970,10,119.61807792324268,119.76607937904046,-0.1480014557977608,1
CP_REPO_RECENT_SLOPE,high_within_block_dispersion,excluding_near_zero_actual_bottom_asset_decile,SMAPE,44524,10,76.0726803313092,76.30463328807447,-0.231952956765261,1
CP_REPO_RECENT_SLOPE,high_within_block_dispersion,excluding_near_zero_actual_bottom_asset_decile,MAE,44524,10,0.0006047171369936,0.0006024187906649,2.298346328702977e-06,5
CP_REPO_RECENT_SLOPE,high_within_block_dispersion,excluding_near_zero_actual_bottom_asset_decile,MSE,44524,10,1.5377627543209002e-06,1.5200762262838717e-06,1.7686528037028862e-08,9
CP_REPO_RECENT_SLOPE,high_within_block_dispersion,excluding_near_zero_actual_bottom_asset_decile,RMSE,44524,10,0.0012018726265101,0.001194556060047,7.316566463018161e-06,9
CP_REPO_RECENT_SLOPE,high_within_block_dispersion,excluding_near_zero_actual_bottom_asset_decile,QLIKE,44524,10,778263.0005437186,1315972.026227547,-537709.0256838282,3
CP_REPO_RECENT_SLOPE,high_within_block_dispersion,excluding_near_zero_actual_bottom_asset_decile,log_RV_MAE,44524,10,0.9279896341069244,0.9497496308253336,-0.0217599967184092,1
CP_REPO_RECENT_SLOPE,high_within_block_dispersion,excluding_near_zero_actual_bottom_asset_decile,log_RV_MSE,44524,10,1.8841423421682129,2.3217157477865373,-0.4375734056183245,3
CP_REPO_RECENT_SLOPE,high_within_block_dispersion,excluding_near_zero_actual_bottom_asset_decile,winsorized_SMAPE_1_99,44524,10,75.999265651473,76.2185678465375,-0.219302195064493,1
CP_REPO_RECENT_SLOPE,high_within_block_dispersion,high_vol_actual_top_asset_quintile,SMAPE,8611,10,83.57927734565325,82.96438752421588,0.6148898214373804,5
CP_REPO_RECENT_SLOPE,high_within_block_dispersion,high_vol_actual_top_asset_quintile,MAE,8611,10,0.0014329468653602,0.0014275471980337,5.399667326426727e-06,5
CP_REPO_RECENT_SLOPE,high_within_block_dispersion,high_vol_actual_top_asset_quintile,MSE,8611,10,6.356666223296062e-06,6.330251626828653e-06,2.6414596467408608e-08,6
CP_REPO_RECENT_SLOPE,high_within_block_dispersion,high_vol_actual_top_asset_quintile,RMSE,8611,10,0.0024338471985146,0.0024286837398627,5.16345865189212e-06,6
CP_REPO_RECENT_SLOPE,high_within_block_dispersion,high_vol_actual_top_asset_quintile,QLIKE,8611,10,1164588.1052037366,2110727.867599552,-946139.7623958156,2
CP_REPO_RECENT_SLOPE,high_within_block_dispersion,high_vol_actual_top_asset_quintile,log_RV_MAE,8611,10,0.9835186676880447,0.9888183825668968,-0.0052997148788519,3
CP_REPO_RECENT_SLOPE,high_within_block_dispersion,high_vol_actual_top_asset_quintile,log_RV_MSE,8611,10,1.6033125836104825,1.9262232585466732,-0.3229106749361909,2
CP_REPO_RECENT_SLOPE,high_within_block_dispersion,high_vol_actual_top_asset_quintile,winsorized_SMAPE_1_99,8611,10,83.52311784459015,82.8870127860387,0.6361050585514311,5
CP_REPO_HAAR_SHAPE,all_rows,standard,SMAPE,367468,10,100.87996479236024,101.14442366662747,-0.2644588742672424,0
CP_REPO_HAAR_SHAPE,all_rows,standard,MAE,367468,10,0.0005862627333686,0.0005845897508456,1.672982523003726e-06,9
CP_REPO_HAAR_SHAPE,all_rows,standard,MSE,367468,10,2.195810003722176e-06,2.1799077468795925e-06,1.5902256842583034e-08,9
CP_REPO_HAAR_SHAPE,all_rows,standard,RMSE,367468,10,0.001388809861051,0.0013843120545716,4.497806479410366e-06,9
CP_REPO_HAAR_SHAPE,all_rows,standard,QLIKE,367468,10,296920.5433224973,1462774.9076291784,-1165854.364306681,0
CP_REPO_HAAR_SHAPE,all_rows,standard,log_RV_MAE,367468,10,5.013575715182238,5.03262415335332,-0.0190484381710812,3
CP_REPO_HAAR_SHAPE,all_rows,standard,log_RV_MSE,367468,10,86.01532967319302,86.29669003136388,-0.2813603581708606,4
CP_REPO_HAAR_SHAPE,all_rows,standard,winsorized_SMAPE_1_99,367468,10,100.88870917101808,101.15353869824185,-0.2648295272237382,0
CP_REPO_HAAR_SHAPE,all_rows,excluding_near_zero_actual_bottom_asset_decile,SMAPE,280990,10,70.80150601340222,71.16396651357667,-0.3624605001744511,0
CP_REPO_HAAR_SHAPE,all_rows,excluding_near_zero_actual_bottom_asset_decile,MAE,280990,10,0.0006347107778826,0.0006352040051989,-4.93227316333791e-07,5
CP_REPO_HAAR_SHAPE,all_rows,excluding_near_zero_actual_bottom_asset_decile,MSE,280990,10,2.7844815379535592e-06,2.76579193867103e-06,1.8689599282528827e-08,10
CP_REPO_HAAR_SHAPE,all_rows,excluding_near_zero_actual_bottom_asset_decile,RMSE,280990,10,0.0015906907657762,0.0015857646732575,4.9260925186010295e-06,10
CP_REPO_HAAR_SHAPE,all_rows,excluding_near_zero_actual_bottom_asset_decile,QLIKE,280990,10,387469.9542930861,1910029.4536367755,-1522559.4993436888,0
CP_REPO_HAAR_SHAPE,all_rows,excluding_near_zero_actual_bottom_asset_decile,log_RV_MAE,280990,10,0.8477474698162,0.8942860406607258,-0.0465385708445257,0
CP_REPO_HAAR_SHAPE,all_rows,excluding_near_zero_actual_bottom_asset_decile,log_RV_MSE,280990,10,1.4753525524316455,2.4186796018004317,-0.9433270493687852,0
CP_REPO_HAAR_SHAPE,all_rows,excluding_near_zero_actual_bottom_asset_decile,winsorized_SMAPE_1_99,280990,10,70.73639077833658,71.08747808024201,-0.3510873019054396,0
CP_REPO_HAAR_SHAPE,all_rows,high_vol_actual_top_asset_quintile,SMAPE,73496,10,74.0205758822783,73.34654506142132,0.6740308208569884,9
CP_REPO_HAAR_SHAPE,all_rows,high_vol_actual_top_asset_quintile,MAE,73496,10,0.0013977588560888,0.0013854649595607,1.229389652814312e-05,10
CP_REPO_HAAR_SHAPE,all_rows,high_vol_actual_top_asset_quintile,MSE,73496,10,9.91631467307809e-06,9.83027814692469e-06,8.603652615339918e-08,10
CP_REPO_HAAR_SHAPE,all_rows,high_vol_actual_top_asset_quintile,RMSE,73496,10,0.0029503490075918,0.0029387513855331,1.1597622058744416e-05,10
CP_REPO_HAAR_SHAPE,all_rows,high_vol_actual_top_asset_quintile,QLIKE,73496,10,577828.0338365107,3250388.3715511155,-2672560.337714604,0
CP_REPO_HAAR_SHAPE,all_rows,high_vol_actual_top_asset_quintile,log_RV_MAE,73496,10,0.8562913770706451,0.8762172134996842,-0.019925836429039,3
CP_REPO_HAAR_SHAPE,all_rows,high_vol_actual_top_asset_quintile,log_RV_MSE,73496,10,1.2429973653708484,1.8701510126505625,-0.627153647279714,0
CP_REPO_HAAR_SHAPE,all_rows,high_vol_actual_top_asset_quintile,winsorized_SMAPE_1_99,73496,10,73.97732781808993,73.28365730614769,0.6936705119422442,9
CP_REPO_HAAR_SHAPE,all_observations,standard,SMAPE,367248,10,100.86366051352246,101.1177831043922,-0.2541225908697058,0
CP_REPO_HAAR_SHAPE,all_observations,standard,MAE,367248,10,0.0005861095985985,0.0005843838503107,1.7257482878792128e-06,9
CP_REPO_HAAR_SHAPE,all_observations,standard,MSE,367248,10,2.193500144908159e-06,2.1774994694228164e-06,1.6000675485342505e-08,9
CP_REPO_HAAR_SHAPE,all_observations,standard,RMSE,367248,10,0.0013880844118661,0.0013835581274585,4.526284407658772e-06,9
CP_REPO_HAAR_SHAPE,all_observations,standard,QLIKE,367248,10,297098.4085887108,1443073.415150741,-1145975.0065620309,0
CP_REPO_HAAR_SHAPE,all_observations,standard,log_RV_MAE,367248,10,5.011387938732,5.029680767023431,-0.0182928282914318,3
CP_REPO_HAAR_SHAPE,all_observations,standard,log_RV_MSE,367248,10,85.97070871507968,86.23769015486153,-0.2669814397818516,4
CP_REPO_HAAR_SHAPE,all_observations,standard,winsorized_SMAPE_1_99,367248,10,100.87240025609772,101.12689225771796,-0.2544920016202391,0
CP_REPO_HAAR_SHAPE,all_observations,excluding_near_zero_actual_bottom_asset_decile,SMAPE,280865,10,70.7998613143532,71.14899823536294,-0.3491369210097391,0
CP_REPO_HAAR_SHAPE,all_observations,excluding_near_zero_actual_bottom_asset_decile,MAE,280865,10,0.0006344831477051,0.0006349152055972,-4.320578921621261e-07,5
CP_REPO_HAAR_SHAPE,all_observations,excluding_near_zero_actual_bottom_asset_decile,MSE,280865,10,2.7811051718795994e-06,2.762313295351431e-06,1.879187652816873e-08,10
CP_REPO_HAAR_SHAPE,all_observations,excluding_near_zero_actual_bottom_asset_decile,RMSE,280865,10,0.0015897076573964,0.0015847532212626,4.954436133799632e-06,10
CP_REPO_HAAR_SHAPE,all_observations,excluding_near_zero_actual_bottom_asset_decile,QLIKE,280865,10,387642.3986589653,1884172.0901048896,-1496529.6914459246,0
CP_REPO_HAAR_SHAPE,all_observations,excluding_near_zero_actual_bottom_asset_decile,log_RV_MAE,280865,10,0.8477187669523202,0.8931049173209185,-0.0453861503685982,0
CP_REPO_HAAR_SHAPE,all_observations,excluding_near_zero_actual_bottom_asset_decile,log_RV_MSE,280865,10,1.4753477712987084,2.39684306796703,-0.9214952966683216,0
CP_REPO_HAAR_SHAPE,all_observations,excluding_near_zero_actual_bottom_asset_decile,winsorized_SMAPE_1_99,280865,10,70.73471741592948,71.07267667358134,-0.3379592576518512,1
CP_REPO_HAAR_SHAPE,all_observations,high_vol_actual_top_asset_quintile,SMAPE,73477,10,74.0098124350625,73.33620060924218,0.6736118258203264,9
CP_REPO_HAAR_SHAPE,all_observations,high_vol_actual_top_asset_quintile,MAE,73477,10,0.0013967078250143,0.0013844232118043,1.228461320999728e-05,10
CP_REPO_HAAR_SHAPE,all_observations,high_vol_actual_top_asset_quintile,MSE,73477,10,9.90175140491125e-06,9.815691352944904e-06,8.606005196634524e-08,10
CP_REPO_HAAR_SHAPE,all_observations,high_vol_actual_top_asset_quintile,RMSE,73477,10,0.0029481653737893,0.0029365606407253,1.160473306402827e-05,10
CP_REPO_HAAR_SHAPE,all_observations,high_vol_actual_top_asset_quintile,QLIKE,73477,10,577977.449553732,3235777.930410405,-2657800.4808566733,0
CP_REPO_HAAR_SHAPE,all_observations,high_vol_actual_top_asset_quintile,log_RV_MAE,73477,10,0.8560873034002608,0.875773623545566,-0.0196863201453051,3
CP_REPO_HAAR_SHAPE,all_observations,high_vol_actual_top_asset_quintile,log_RV_MSE,73477,10,1.2423106282398957,1.863770927780109,-0.621460299540214,0
CP_REPO_HAAR_SHAPE,all_observations,high_vol_actual_top_asset_quintile,winsorized_SMAPE_1_99,73477,10,73.9666730676769,73.2731453768099,0.6935276908670057,9
CP_REPO_HAAR_SHAPE,cluster_entry_loose,standard,SMAPE,73457,10,93.56088920634404,93.34436644659884,0.2165227597452312,8
CP_REPO_HAAR_SHAPE,cluster_entry_loose,standard,MAE,73457,10,0.0007565085518804,0.0007481536861369,8.354865743580413e-06,8
CP_REPO_HAAR_SHAPE,cluster_entry_loose,standard,MSE,73457,10,2.4613245517090537e-06,2.413455734778092e-06,4.786881693096193e-08,9
CP_REPO_HAAR_SHAPE,cluster_entry_loose,standard,RMSE,73457,10,0.0014483360606577,0.001435007556042,1.332850461575975e-05,9
CP_REPO_HAAR_SHAPE,cluster_entry_loose,standard,QLIKE,73457,10,175829.54926030466,999448.2485867548,-823618.69932645,2
CP_REPO_HAAR_SHAPE,cluster_entry_loose,standard,log_RV_MAE,73457,10,3.804190144501006,3.812362331928883,-0.0081721874278769,2
CP_REPO_HAAR_SHAPE,cluster_entry_loose,standard,log_RV_MSE,73457,10,62.079879726914335,62.31622500663532,-0.2363452797209726,2
CP_REPO_HAAR_SHAPE,cluster_entry_loose,standard,winsorized_SMAPE_1_99,73457,10,93.56917055787952,93.3524426263888,0.2167279314906977,8
CP_REPO_HAAR_SHAPE,cluster_entry_loose,excluding_near_zero_actual_bottom_asset_decile,SMAPE,61461,10,72.99789797170354,72.7435982471495,0.254299724554024,8
CP_REPO_HAAR_SHAPE,cluster_entry_loose,excluding_near_zero_actual_bottom_asset_decile,MAE,61461,10,0.0007865964891234,0.0007786590498294,7.937439294001207e-06,9
CP_REPO_HAAR_SHAPE,cluster_entry_loose,excluding_near_zero_actual_bottom_asset_decile,MSE,61461,10,2.8317450639894594e-06,2.779045505409788e-06,5.2699558579670955e-08,10
CP_REPO_HAAR_SHAPE,cluster_entry_loose,excluding_near_zero_actual_bottom_asset_decile,RMSE,61461,10,0.0015742075191736,0.0015600807638319,1.4126755341638635e-05,10
CP_REPO_HAAR_SHAPE,cluster_entry_loose,excluding_near_zero_actual_bottom_asset_decile,QLIKE,61461,10,210144.59489315952,1193593.595783144,-983449.0008899844,2
CP_REPO_HAAR_SHAPE,cluster_entry_loose,excluding_near_zero_actual_bottom_asset_decile,log_RV_MAE,61461,10,0.8662174520726127,0.8796968335151161,-0.0134793814425034,2
CP_REPO_HAAR_SHAPE,cluster_entry_loose,excluding_near_zero_actual_bottom_asset_decile,log_RV_MSE,61461,10,1.3601494572286972,1.739176834493015,-0.3790273772643176,0
CP_REPO_HAAR_SHAPE,cluster_entry_loose,excluding_near_zero_actual_bottom_asset_decile,winsorized_SMAPE_1_99,61461,10,72.93293539887844,72.66882251852869,0.264112880349756,8
CP_REPO_HAAR_SHAPE,cluster_entry_loose,high_vol_actual_top_asset_quintile,SMAPE,22973,10,69.00735262283271,68.14978558561565,0.8575670372170777,10
CP_REPO_HAAR_SHAPE,cluster_entry_loose,high_vol_actual_top_asset_quintile,MAE,22973,10,0.0012877885229073,0.0012725089491736,1.5279573733753337e-05,10
CP_REPO_HAAR_SHAPE,cluster_entry_loose,high_vol_actual_top_asset_quintile,MSE,22973,10,6.7247425578925214e-06,6.62287400668233e-06,1.018685512101923e-07,10
CP_REPO_HAAR_SHAPE,cluster_entry_loose,high_vol_actual_top_asset_quintile,RMSE,22973,10,0.0023906769741809,0.0023729285752339,1.7748398946975465e-05,10
CP_REPO_HAAR_SHAPE,cluster_entry_loose,high_vol_actual_top_asset_quintile,QLIKE,22973,10,268014.68012032646,2161573.3521922943,-1893558.672071968,4
CP_REPO_HAAR_SHAPE,cluster_entry_loose,high_vol_actual_top_asset_quintile,log_RV_MAE,22973,10,0.7732837175225007,0.7795117234810881,-0.0062280059585873,4
CP_REPO_HAAR_SHAPE,cluster_entry_loose,high_vol_actual_top_asset_quintile,log_RV_MSE,22973,10,0.9451687695589692,1.3024618063664573,-0.3572930368074883,3
CP_REPO_HAAR_SHAPE,cluster_entry_loose,high_vol_actual_top_asset_quintile,winsorized_SMAPE_1_99,22973,10,68.91269580989183,68.04052257693311,0.8721732329587232,10
CP_REPO_HAAR_SHAPE,recent_spike_position,standard,SMAPE,125358,10,111.5312633098087,111.42001892764944,0.1112443821592433,8
CP_REPO_HAAR_SHAPE,recent_spike_position,standard,MAE,125358,10,0.000609182778318,0.000602458544405,6.724233912940873e-06,9
CP_REPO_HAAR_SHAPE,recent_spike_position,standard,MSE,125358,10,2.105711101802365e-06,2.0775847079102927e-06,2.8126393892072084e-08,10
CP_REPO_HAAR_SHAPE,recent_spike_position,standard,RMSE,125358,10,0.0013297050754869,0.0013212235183864,8.481557100509362e-06,10
CP_REPO_HAAR_SHAPE,recent_spike_position,standard,QLIKE,125358,10,249149.85066705736,1010715.3907443252,-761565.5400772681,1
CP_REPO_HAAR_SHAPE,recent_spike_position,standard,log_RV_MAE,125358,10,6.256003684262452,6.258900266846433,-0.0028965825839806,4
CP_REPO_HAAR_SHAPE,recent_spike_position,standard,log_RV_MSE,125358,10,109.413873260945,109.44067496421567,-0.0268017032706575,4
CP_REPO_HAAR_SHAPE,recent_spike_position,standard,winsorized_SMAPE_1_99,125358,10,111.54553490151334,111.433155547536,0.112379353977372,8
CP_REPO_HAAR_SHAPE,recent_spike_position,excluding_near_zero_actual_bottom_asset_decile,SMAPE,87314,10,73.36349002624341,73.21951106871218,0.1439789575312532,8
CP_REPO_HAAR_SHAPE,recent_spike_position,excluding_near_zero_actual_bottom_asset_decile,MAE,87314,10,0.0007165853575134,0.0007108734260597,5.711931453762667e-06,9
CP_REPO_HAAR_SHAPE,recent_spike_position,excluding_near_zero_actual_bottom_asset_decile,MSE,87314,10,2.911648263991405e-06,2.876804988376989e-06,3.4843275614416095e-08,9
CP_REPO_HAAR_SHAPE,recent_spike_position,excluding_near_zero_actual_bottom_asset_decile,RMSE,87314,10,0.0016055951177445,0.0015957012980236,9.89381972098264e-06,9
CP_REPO_HAAR_SHAPE,recent_spike_position,excluding_near_zero_actual_bottom_asset_decile,QLIKE,87314,10,357700.4542242482,1451091.3704086223,-1093390.9161843744,1
CP_REPO_HAAR_SHAPE,recent_spike_position,excluding_near_zero_actual_bottom_asset_decile,log_RV_MAE,87314,10,0.8796930028966632,0.9013302105023416,-0.021637207605678,1
CP_REPO_HAAR_SHAPE,recent_spike_position,excluding_near_zero_actual_bottom_asset_decile,log_RV_MSE,87314,10,1.46266464228245,1.9943941517821615,-0.5317295094997115,0
CP_REPO_HAAR_SHAPE,recent_spike_position,excluding_near_zero_actual_bottom_asset_decile,winsorized_SMAPE_1_99,87314,10,73.3008461151611,73.15051234135666,0.1503337738044458,8
CP_REPO_HAAR_SHAPE,recent_spike_position,high_vol_actual_top_asset_quintile,SMAPE,25722,10,76.6380234808837,76.268320886915,0.3697025939687013,7
CP_REPO_HAAR_SHAPE,recent_spike_position,high_vol_actual_top_asset_quintile,MAE,25722,10,0.0014520315728545,0.0014411354611628,1.0896111691609509e-05,8
CP_REPO_HAAR_SHAPE,recent_spike_position,high_vol_actual_top_asset_quintile,MSE,25722,10,9.030757734515107e-06,8.945641377199814e-06,8.511635731529212e-08,8
CP_REPO_HAAR_SHAPE,recent_spike_position,high_vol_actual_top_asset_quintile,RMSE,25722,10,0.002817499668717,0.0028050011993851,1.2498469331897818e-05,8
CP_REPO_HAAR_SHAPE,recent_spike_position,high_vol_actual_top_asset_quintile,QLIKE,25722,10,730283.7780196941,3071965.9321150808,-2341682.1540953866,1
CP_REPO_HAAR_SHAPE,recent_spike_position,high_vol_actual_top_asset_quintile,log_RV_MAE,25722,10,0.8980758793102885,0.9124567013040904,-0.014380821993802,3
CP_REPO_HAAR_SHAPE,recent_spike_position,high_vol_actual_top_asset_quintile,log_RV_MSE,25722,10,1.3696668123426177,1.7961504780718072,-0.4264836657291897,2
CP_REPO_HAAR_SHAPE,recent_spike_position,high_vol_actual_top_asset_quintile,winsorized_SMAPE_1_99,25722,10,76.58265438950966,76.19841524579223,0.3842391437174324,7
CP_REPO_HAAR_SHAPE,cluster_exit_loose,standard,SMAPE,73455,10,97.78270322300334,98.63144861117628,-0.8487453881729514,0
CP_REPO_HAAR_SHAPE,cluster_exit_loose,standard,MAE,73455,10,0.0006171643472766,0.0006176349529214,-4.706056447513927e-07,4
CP_REPO_HAAR_SHAPE,cluster_exit_loose,standard,MSE,73455,10,2.753487709512812e-06,2.7469092912640213e-06,6.578418248790893e-09,6
CP_REPO_HAAR_SHAPE,cluster_exit_loose,standard,RMSE,73455,10,0.001537824377701,0.0015366099022112,1.2144754897637195e-06,6
CP_REPO_HAAR_SHAPE,cluster_exit_loose,standard,QLIKE,73455,10,319713.10949986114,2982747.131794665,-2663034.0222948035,0
CP_REPO_HAAR_SHAPE,cluster_exit_loose,standard,log_RV_MAE,73455,10,4.775102499739926,4.820841602331099,-0.0457391025911726,4
CP_REPO_HAAR_SHAPE,cluster_exit_loose,standard,log_RV_MSE,73455,10,82.09800802784856,82.73222245691436,-0.6342144290657704,5
CP_REPO_HAAR_SHAPE,cluster_exit_loose,standard,winsorized_SMAPE_1_99,73455,10,97.79101156573374,98.63962271764832,-0.8486111519146,0
CP_REPO_HAAR_SHAPE,cluster_exit_loose,excluding_near_zero_actual_bottom_asset_decile,SMAPE,57273,10,69.26376081385803,70.38878122959662,-1.125020415738581,0
CP_REPO_HAAR_SHAPE,cluster_exit_loose,excluding_near_zero_actual_bottom_asset_decile,MAE,57273,10,0.000661178907095,0.0006672678739395,-6.08896684448584e-06,0
CP_REPO_HAAR_SHAPE,cluster_exit_loose,excluding_near_zero_actual_bottom_asset_decile,MSE,57273,10,3.4480117172837792e-06,3.442528737468141e-06,5.4829798156383875e-09,4
CP_REPO_HAAR_SHAPE,cluster_exit_loose,excluding_near_zero_actual_bottom_asset_decile,RMSE,57273,10,0.0017516744733704,0.0017509557246025,7.187487679470275e-07,4
CP_REPO_HAAR_SHAPE,cluster_exit_loose,excluding_near_zero_actual_bottom_asset_decile,QLIKE,57273,10,409447.8060087569,3820156.338093419,-3410708.5320846625,0
CP_REPO_HAAR_SHAPE,cluster_exit_loose,excluding_near_zero_actual_bottom_asset_decile,log_RV_MAE,57273,10,0.8285547380337411,0.935022146963028,-0.106467408929287,0
CP_REPO_HAAR_SHAPE,cluster_exit_loose,excluding_near_zero_actual_bottom_asset_decile,log_RV_MSE,57273,10,1.468738852648666,3.5528973050750694,-2.084158452426404,0
CP_REPO_HAAR_SHAPE,cluster_exit_loose,excluding_near_zero_actual_bottom_asset_decile,winsorized_SMAPE_1_99,57273,10,69.19739766691099,70.34379851930782,-1.146400852396822,0
CP_REPO_HAAR_SHAPE,cluster_exit_loose,high_vol_actual_top_asset_quintile,SMAPE,17006,10,68.55587459894774,69.09299581246269,-0.5371212135149567,1
CP_REPO_HAAR_SHAPE,cluster_exit_loose,high_vol_actual_top_asset_quintile,MAE,17006,10,0.0013369827883075,0.0013359920077742,9.907805332539283e-07,5
CP_REPO_HAAR_SHAPE,cluster_exit_loose,high_vol_actual_top_asset_quintile,MSE,17006,10,1.0979860152382522e-05,1.0915539038779597e-05,6.432111360292534e-08,9
CP_REPO_HAAR_SHAPE,cluster_exit_loose,high_vol_actual_top_asset_quintile,RMSE,17006,10,0.0030405995595415,0.0030330585299138,7.541029627733968e-06,9
CP_REPO_HAAR_SHAPE,cluster_exit_loose,high_vol_actual_top_asset_quintile,QLIKE,17006,10,263331.26459515106,5727959.512959079,-5464628.248363928,0
CP_REPO_HAAR_SHAPE,cluster_exit_loose,high_vol_actual_top_asset_quintile,log_RV_MAE,17006,10,0.779457159228256,0.8468362438199472,-0.0673790845916912,0
CP_REPO_HAAR_SHAPE,cluster_exit_loose,high_vol_actual_top_asset_quintile,log_RV_MSE,17006,10,0.9978065877696454,2.393793626220208,-1.3959870384505633,0
CP_REPO_HAAR_SHAPE,cluster_exit_loose,high_vol_actual_top_asset_quintile,winsorized_SMAPE_1_99,17006,10,68.5145672335015,69.01674280165209,-0.5021755681505725,1
CP_REPO_HAAR_SHAPE,older_spike_position,standard,SMAPE,108871,10,97.43444156272852,97.98396362512736,-0.5495220623988474,0
CP_REPO_HAAR_SHAPE,older_spike_position,standard,MAE,108871,10,0.0005701423444708,0.0005696293373012,5.130071696309155e-07,6
CP_REPO_HAAR_SHAPE,older_spike_position,standard,MSE,108871,10,2.325430719071407e-06,2.317649239473485e-06,7.781479597921667e-09,9
CP_REPO_HAAR_SHAPE,older_spike_position,standard,RMSE,108871,10,0.0014265116032149,0.0014245296401149,1.981963100016621e-06,9
CP_REPO_HAAR_SHAPE,older_spike_position,standard,QLIKE,108871,10,310676.42338787334,2050660.19480381,-1739983.7714159363,0
CP_REPO_HAAR_SHAPE,older_spike_position,standard,log_RV_MAE,108871,10,4.699872146442731,4.730742260426704,-0.0308701139839731,3
CP_REPO_HAAR_SHAPE,older_spike_position,standard,log_RV_MSE,108871,10,80.56611779435829,80.96919129159218,-0.4030734972338726,5
CP_REPO_HAAR_SHAPE,older_spike_position,standard,winsorized_SMAPE_1_99,108871,10,97.44221425187747,97.99176580340564,-0.5495515515281482,0
CP_REPO_HAAR_SHAPE,older_spike_position,excluding_near_zero_actual_bottom_asset_decile,SMAPE,85180,10,69.3545856504564,70.08632358179067,-0.7317379313342712,0
CP_REPO_HAAR_SHAPE,older_spike_position,excluding_near_zero_actual_bottom_asset_decile,MAE,85180,10,0.0005996808597667,0.0006032866377115,-3.6057779448105177e-06,1
CP_REPO_HAAR_SHAPE,older_spike_position,excluding_near_zero_actual_bottom_asset_decile,MSE,85180,10,2.892131608948893e-06,2.88470786444731e-06,7.423744501582627e-09,7
CP_REPO_HAAR_SHAPE,older_spike_position,excluding_near_zero_actual_bottom_asset_decile,RMSE,85180,10,0.0016071511084485,0.0016055490197143,1.6020887341724278e-06,7
CP_REPO_HAAR_SHAPE,older_spike_position,excluding_near_zero_actual_bottom_asset_decile,QLIKE,85180,10,395338.3603923037,2616682.303912396,-2221343.943520092,0
CP_REPO_HAAR_SHAPE,older_spike_position,excluding_near_zero_actual_bottom_asset_decile,log_RV_MAE,85180,10,0.8306895025168325,0.9061148394782964,-0.0754253369614639,0
CP_REPO_HAAR_SHAPE,older_spike_position,excluding_near_zero_actual_bottom_asset_decile,log_RV_MSE,85180,10,1.4717707449212003,2.964405077812425,-1.492634332891225,0
CP_REPO_HAAR_SHAPE,older_spike_position,excluding_near_zero_actual_bottom_asset_decile,winsorized_SMAPE_1_99,85180,10,69.28381540261677,70.00602975061659,-0.722214347999816,0
CP_REPO_HAAR_SHAPE,older_spike_position,high_vol_actual_top_asset_quintile,SMAPE,20509,10,71.97662527280492,72.08567848928818,-0.1090532164832633,3
CP_REPO_HAAR_SHAPE,older_spike_position,high_vol_actual_top_asset_quintile,MAE,20509,10,0.0014069911717764,0.001401746005243,5.245166533436791e-06,8
CP_REPO_HAAR_SHAPE,older_spike_position,high_vol_actual_top_asset_quintile,MSE,20509,10,1.1340659190055558e-05,1.1273523366333951e-05,6.713582372160618e-08,8
CP_REPO_HAAR_SHAPE,older_spike_position,high_vol_actual_top_asset_quintile,RMSE,20509,10,0.0031001645234287,0.0030922812770661,7.88324636256956e-06,8
CP_REPO_HAAR_SHAPE,older_spike_position,high_vol_actual_top_asset_quintile,QLIKE,20509,10,528354.6846762492,4238751.030007511,-3710396.345331262,0
CP_REPO_HAAR_SHAPE,older_spike_position,high_vol_actual_top_asset_quintile,log_RV_MAE,20509,10,0.8302399911732007,0.8721581892453888,-0.0419181980721881,0
CP_REPO_HAAR_SHAPE,older_spike_position,high_vol_actual_top_asset_quintile,log_RV_MSE,20509,10,1.1982180799171949,2.1258454699003813,-0.9276273899831866,0
CP_REPO_HAAR_SHAPE,older_spike_position,high_vol_actual_top_asset_quintile,winsorized_SMAPE_1_99,20509,10,71.93587644514969,72.02479305468401,-0.0889166095343174,3
CP_REPO_HAAR_SHAPE,high_within_block_dispersion,standard,SMAPE,68970,10,119.60427233753936,119.93241058727666,-0.3281382497373155,3
CP_REPO_HAAR_SHAPE,high_within_block_dispersion,standard,MAE,68970,10,0.0005686239436959,0.0005522757566824,1.6348187013476292e-05,9
CP_REPO_HAAR_SHAPE,high_within_block_dispersion,standard,MSE,68970,10,1.1231333770356058e-06,1.0935256145791678e-06,2.960776245643825e-08,9
CP_REPO_HAAR_SHAPE,high_within_block_dispersion,standard,RMSE,68970,10,0.0010218476548916,0.0010091103935738,1.273726131780404e-05,9
CP_REPO_HAAR_SHAPE,high_within_block_dispersion,standard,QLIKE,68970,10,503895.0954919666,3050278.076679497,-2546382.98118753,1
CP_REPO_HAAR_SHAPE,high_within_block_dispersion,standard,log_RV_MAE,68970,10,7.336315052592766,7.370159844011101,-0.0338447914183342,4
CP_REPO_HAAR_SHAPE,high_within_block_dispersion,standard,log_RV_MSE,68970,10,134.18160425169935,134.5971976194392,-0.4155933677398862,5
CP_REPO_HAAR_SHAPE,high_within_block_dispersion,standard,winsorized_SMAPE_1_99,68970,10,119.61807792324268,119.94616612713564,-0.3280882038929343,3
CP_REPO_HAAR_SHAPE,high_within_block_dispersion,excluding_near_zero_actual_bottom_asset_decile,SMAPE,44524,10,76.0726803313092,76.64493339211829,-0.5722530608090914,3
CP_REPO_HAAR_SHAPE,high_within_block_dispersion,excluding_near_zero_actual_bottom_asset_decile,MAE,44524,10,0.0006047171369936,0.0005937166720227,1.1000464970925772e-05,9
CP_REPO_HAAR_SHAPE,high_within_block_dispersion,excluding_near_zero_actual_bottom_asset_decile,MSE,44524,10,1.5377627543209002e-06,1.5084029118618555e-06,2.9359842459044856e-08,8
CP_REPO_HAAR_SHAPE,high_within_block_dispersion,excluding_near_zero_actual_bottom_asset_decile,RMSE,44524,10,0.0012018726265101,0.0011905715530015,1.130107350852661e-05,8
CP_REPO_HAAR_SHAPE,high_within_block_dispersion,excluding_near_zero_actual_bottom_asset_decile,QLIKE,44524,10,778263.0005437186,4717313.823371496,-3939050.822827776,1
CP_REPO_HAAR_SHAPE,high_within_block_dispersion,excluding_near_zero_actual_bottom_asset_decile,log_RV_MAE,44524,10,0.9279896341069244,1.0552233393048456,-0.1272337051979211,1
CP_REPO_HAAR_SHAPE,high_within_block_dispersion,excluding_near_zero_actual_bottom_asset_decile,log_RV_MSE,44524,10,1.8841423421682129,4.6006052110780855,-2.716462868909873,1
CP_REPO_HAAR_SHAPE,high_within_block_dispersion,excluding_near_zero_actual_bottom_asset_decile,winsorized_SMAPE_1_99,44524,10,75.999265651473,76.60033814805303,-0.6010724965800307,3
CP_REPO_HAAR_SHAPE,high_within_block_dispersion,high_vol_actual_top_asset_quintile,SMAPE,8611,10,83.57927734565325,86.35615135518003,-2.7768740095267885,1
CP_REPO_HAAR_SHAPE,high_within_block_dispersion,high_vol_actual_top_asset_quintile,MAE,8611,10,0.0014329468653602,0.0014490546431721,-1.6107777811887855e-05,1
CP_REPO_HAAR_SHAPE,high_within_block_dispersion,high_vol_actual_top_asset_quintile,MSE,8611,10,6.356666223296062e-06,6.382041186465991e-06,-2.537496316992913e-08,3
CP_REPO_HAAR_SHAPE,high_within_block_dispersion,high_vol_actual_top_asset_quintile,RMSE,8611,10,0.0024338471985146,0.0024382687744567,-4.421575942127608e-06,3
CP_REPO_HAAR_SHAPE,high_within_block_dispersion,high_vol_actual_top_asset_quintile,QLIKE,8611,10,1164588.1052037366,8990816.142903676,-7826228.03769994,1
CP_REPO_HAAR_SHAPE,high_within_block_dispersion,high_vol_actual_top_asset_quintile,log_RV_MAE,8611,10,0.9835186676880447,1.114562073512752,-0.131043405824707,1
CP_REPO_HAAR_SHAPE,high_within_block_dispersion,high_vol_actual_top_asset_quintile,log_RV_MSE,8611,10,1.6033125836104825,3.819469168790306,-2.2161565851798235,1
CP_REPO_HAAR_SHAPE,high_within_block_dispersion,high_vol_actual_top_asset_quintile,winsorized_SMAPE_1_99,8611,10,83.52311784459015,86.30381184378545,-2.780693999195316,1
CP_REPO_OPS_C,all_rows,standard,SMAPE,367468,10,100.87996479236024,101.49941084786862,-0.619446055508397,0
CP_REPO_OPS_C,all_rows,standard,MAE,367468,10,0.0005862627333686,0.0006103665030754,-2.4103769706785487e-05,1
CP_REPO_OPS_C,all_rows,standard,MSE,367468,10,2.195810003722176e-06,2.879192298674573e-05,-2.659611298302356e-05,0
CP_REPO_OPS_C,all_rows,standard,RMSE,367468,10,0.001388809861051,0.0035250612308086,-0.0021362513697576,0
CP_REPO_OPS_C,all_rows,standard,QLIKE,367468,10,296920.5433224973,2571422.6975354413,-2274502.154212944,0
CP_REPO_OPS_C,all_rows,standard,log_RV_MAE,367468,10,5.013575715182238,5.057000727426523,-0.0434250122442847,2
CP_REPO_OPS_C,all_rows,standard,log_RV_MSE,367468,10,86.01532967319302,86.76996810260229,-0.7546384294092673,3
CP_REPO_OPS_C,all_rows,standard,winsorized_SMAPE_1_99,367468,10,100.88870917101808,101.50832977650349,-0.6196206054853995,0
CP_REPO_OPS_C,all_rows,excluding_near_zero_actual_bottom_asset_decile,SMAPE,280990,10,70.80150601340222,71.62770683680675,-0.826200823404524,0
CP_REPO_OPS_C,all_rows,excluding_near_zero_actual_bottom_asset_decile,MAE,280990,10,0.0006347107778826,0.000665545040912,-3.08342630294464e-05,0
CP_REPO_OPS_C,all_rows,excluding_near_zero_actual_bottom_asset_decile,MSE,280990,10,2.7844815379535592e-06,3.7271856390482e-05,-3.448737485252844e-05,0
CP_REPO_OPS_C,all_rows,excluding_near_zero_actual_bottom_asset_decile,RMSE,280990,10,0.0015906907657762,0.0041710028724603,-0.0025803121066841,0
CP_REPO_OPS_C,all_rows,excluding_near_zero_actual_bottom_asset_decile,QLIKE,280990,10,387469.9542930861,3358654.7612596448,-2971184.8069665586,0
CP_REPO_OPS_C,all_rows,excluding_near_zero_actual_bottom_asset_decile,log_RV_MAE,280990,10,0.8477474698162,0.9350549167629476,-0.0873074469467477,0
CP_REPO_OPS_C,all_rows,excluding_near_zero_actual_bottom_asset_decile,log_RV_MSE,280990,10,1.4753525524316455,3.1989649432683134,-1.7236123908366678,0
CP_REPO_OPS_C,all_rows,excluding_near_zero_actual_bottom_asset_decile,winsorized_SMAPE_1_99,280990,10,70.73639077833658,71.56605307684372,-0.8296622985071619,0
CP_REPO_OPS_C,all_rows,high_vol_actual_top_asset_quintile,SMAPE,73496,10,74.0205758822783,73.70904311020648,0.3115327720718243,8
CP_REPO_OPS_C,all_rows,high_vol_actual_top_asset_quintile,MAE,73496,10,0.0013977588560888,0.0014055290073173,-7.77015122844902e-06,4
CP_REPO_OPS_C,all_rows,high_vol_actual_top_asset_quintile,MSE,73496,10,9.91631467307809e-06,1.392076074407042e-05,-4.004446070992333e-06,3
CP_REPO_OPS_C,all_rows,high_vol_actual_top_asset_quintile,RMSE,73496,10,0.0029503490075918,0.0033318490394798,-0.0003815000318879,3
CP_REPO_OPS_C,all_rows,high_vol_actual_top_asset_quintile,QLIKE,73496,10,577828.0338365107,6636637.940750045,-6058809.906913534,0
CP_REPO_OPS_C,all_rows,high_vol_actual_top_asset_quintile,log_RV_MAE,73496,10,0.8562913770706451,0.9115353075568,-0.0552439304861546,0
CP_REPO_OPS_C,all_rows,high_vol_actual_top_asset_quintile,log_RV_MSE,73496,10,1.2429973653708484,2.597148778834981,-1.3541514134641333,0
CP_REPO_OPS_C,all_rows,high_vol_actual_top_asset_quintile,winsorized_SMAPE_1_99,73496,10,73.97732781808993,73.63853998752971,0.3387878305602236,8
CP_REPO_OPS_C,all_observations,standard,SMAPE,367248,10,100.86366051352246,101.47233170106462,-0.6086711875421625,0
CP_REPO_OPS_C,all_observations,standard,MAE,367248,10,0.0005861095985985,0.000610164609503,-2.40550109044444e-05,1
CP_REPO_OPS_C,all_observations,standard,MSE,367248,10,2.193500144908159e-06,2.8805442515423457e-05,-2.6611942370515294e-05,0
CP_REPO_OPS_C,all_observations,standard,RMSE,367248,10,0.0013880844118661,0.0035253606015208,-0.0021372761896546,0
CP_REPO_OPS_C,all_observations,standard,QLIKE,367248,10,297098.4085887108,2553794.1563185607,-2256695.74772985,0
CP_REPO_OPS_C,all_observations,standard,log_RV_MAE,367248,10,5.011387938732,5.054076412176242,-0.0426884734442422,2
CP_REPO_OPS_C,all_observations,standard,log_RV_MSE,367248,10,85.97070871507968,86.7116173385851,-0.7409086235054212,3
CP_REPO_OPS_C,all_observations,standard,winsorized_SMAPE_1_99,367248,10,100.87240025609772,101.48124937529752,-0.6088491191997975,0
CP_REPO_OPS_C,all_observations,excluding_near_zero_actual_bottom_asset_decile,SMAPE,280865,10,70.7998613143532,71.61221912331554,-0.8123578089623488,0
CP_REPO_OPS_C,all_observations,excluding_near_zero_actual_bottom_asset_decile,MAE,280865,10,0.0006344831477051,0.0006652599410134,-3.07767933083424e-05,0
CP_REPO_OPS_C,all_observations,excluding_near_zero_actual_bottom_asset_decile,MSE,280865,10,2.7811051718795994e-06,3.728372320349372e-05,-3.450261803161413e-05,0
CP_REPO_OPS_C,all_observations,excluding_near_zero_actual_bottom_asset_decile,RMSE,280865,10,0.0015897076573964,0.0041709005255758,-0.0025811928681794,0
CP_REPO_OPS_C,all_observations,excluding_near_zero_actual_bottom_asset_decile,QLIKE,280865,10,387642.3986589653,3335284.225394925,-2947641.8267359603,0
CP_REPO_OPS_C,all_observations,excluding_near_zero_actual_bottom_asset_decile,log_RV_MAE,280865,10,0.8477187669523202,0.9338916364378104,-0.0861728694854902,0
CP_REPO_OPS_C,all_observations,excluding_near_zero_actual_bottom_asset_decile,log_RV_MSE,280865,10,1.4753477712987084,3.1776408240786966,-1.7022930527799884,0
CP_REPO_OPS_C,all_observations,excluding_near_zero_actual_bottom_asset_decile,winsorized_SMAPE_1_99,280865,10,70.73471741592948,71.55065489871482,-0.8159374827853425,0
CP_REPO_OPS_C,all_observations,high_vol_actual_top_asset_quintile,SMAPE,73477,10,74.0098124350625,73.69993513589004,0.3098772991724726,8
CP_REPO_OPS_C,all_observations,high_vol_actual_top_asset_quintile,MAE,73477,10,0.0013967078250143,0.0014044980307444,-7.7902057300648e-06,4
CP_REPO_OPS_C,all_observations,high_vol_actual_top_asset_quintile,MSE,73477,10,9.90175140491125e-06,1.3907237040782943e-05,-4.005485635871693e-06,3
CP_REPO_OPS_C,all_observations,high_vol_actual_top_asset_quintile,RMSE,73477,10,0.0029481653737893,0.0033299341282899,-0.0003817687545005,3
CP_REPO_OPS_C,all_observations,high_vol_actual_top_asset_quintile,QLIKE,73477,10,577977.449553732,6622903.130572534,-6044925.681018803,0
CP_REPO_OPS_C,all_observations,high_vol_actual_top_asset_quintile,log_RV_MAE,73477,10,0.8560873034002608,0.9111087981123578,-0.055021494712097,0
CP_REPO_OPS_C,all_observations,high_vol_actual_top_asset_quintile,log_RV_MSE,73477,10,1.2423106282398957,2.590939549861816,-1.3486289216219207,0
CP_REPO_OPS_C,all_observations,high_vol_actual_top_asset_quintile,winsorized_SMAPE_1_99,73477,10,73.9666730676769,73.62911729188065,0.3375557757962404,8
CP_REPO_OPS_C,cluster_entry_loose,standard,SMAPE,73457,10,93.56088920634404,93.70699380911668,-0.1461046027726107,3
CP_REPO_OPS_C,cluster_entry_loose,standard,MAE,73457,10,0.0007565085518804,0.0008089166672609,-5.240811538042368e-05,2
CP_REPO_OPS_C,cluster_entry_loose,standard,MSE,73457,10,2.4613245517090537e-06,0.0001114485048262,-0.0001089871802745,0
CP_REPO_OPS_C,cluster_entry_loose,standard,RMSE,73457,10,0.0014483360606577,0.0051006193110259,-0.0036522832503681,0
CP_REPO_OPS_C,cluster_entry_loose,standard,QLIKE,73457,10,175829.54926030466,2619513.81357056,-2443684.264310256,0
CP_REPO_OPS_C,cluster_entry_loose,standard,log_RV_MAE,73457,10,3.804190144501006,3.840676784878824,-0.0364866403778169,1
CP_REPO_OPS_C,cluster_entry_loose,standard,log_RV_MSE,73457,10,62.079879726914335,62.8610243836852,-0.7811446567708558,1
CP_REPO_OPS_C,cluster_entry_loose,standard,winsorized_SMAPE_1_99,73457,10,93.56917055787952,93.7146086868852,-0.145438129005654,3
CP_REPO_OPS_C,cluster_entry_loose,excluding_near_zero_actual_bottom_asset_decile,SMAPE,61461,10,72.99789797170354,73.17637488903097,-0.1784769173274363,3
CP_REPO_OPS_C,cluster_entry_loose,excluding_near_zero_actual_bottom_asset_decile,MAE,61461,10,0.0007865964891234,0.0008480925124649,-6.149602334150739e-05,1
CP_REPO_OPS_C,cluster_entry_loose,excluding_near_zero_actual_bottom_asset_decile,MSE,61461,10,2.8317450639894594e-06,0.0001327948026249,-0.0001299630575609,1
CP_REPO_OPS_C,cluster_entry_loose,excluding_near_zero_actual_bottom_asset_decile,RMSE,61461,10,0.0015742075191736,0.0056975178712148,-0.0041233103520412,1
CP_REPO_OPS_C,cluster_entry_loose,excluding_near_zero_actual_bottom_asset_decile,QLIKE,61461,10,210144.59489315952,3128465.3363653105,-2918320.741472151,0
CP_REPO_OPS_C,cluster_entry_loose,excluding_near_zero_actual_bottom_asset_decile,log_RV_MAE,61461,10,0.8662174520726127,0.9199274806491772,-0.0537100285765646,0
CP_REPO_OPS_C,cluster_entry_loose,excluding_near_zero_actual_bottom_asset_decile,log_RV_MSE,61461,10,1.3601494572286972,2.5264702332138365,-1.1663207759851393,0
CP_REPO_OPS_C,cluster_entry_loose,excluding_near_zero_actual_bottom_asset_decile,winsorized_SMAPE_1_99,61461,10,72.93293539887844,73.09941127666424,-0.1664758777858093,3
CP_REPO_OPS_C,cluster_entry_loose,high_vol_actual_top_asset_quintile,SMAPE,22973,10,69.00735262283271,68.72361885912736,0.2837337637053532,5
CP_REPO_OPS_C,cluster_entry_loose,high_vol_actual_top_asset_quintile,MAE,22973,10,0.0012877885229073,0.0013135451328619,-2.5756609954590276e-05,4
CP_REPO_OPS_C,cluster_entry_loose,high_vol_actual_top_asset_quintile,MSE,22973,10,6.7247425578925214e-06,1.8466241908470668e-05,-1.1741499350578151e-05,4
CP_REPO_OPS_C,cluster_entry_loose,high_vol_actual_top_asset_quintile,RMSE,22973,10,0.0023906769741809,0.0032396866787217,-0.0008490097045407,4
CP_REPO_OPS_C,cluster_entry_loose,high_vol_actual_top_asset_quintile,QLIKE,22973,10,268014.68012032646,6063438.805850894,-5795424.125730566,1
CP_REPO_OPS_C,cluster_entry_loose,high_vol_actual_top_asset_quintile,log_RV_MAE,22973,10,0.7732837175225007,0.8251391645848266,-0.0518554470623259,1
CP_REPO_OPS_C,cluster_entry_loose,high_vol_actual_top_asset_quintile,log_RV_MSE,22973,10,0.9451687695589692,2.2157622704535243,-1.2705935008945557,1
CP_REPO_OPS_C,cluster_entry_loose,high_vol_actual_top_asset_quintile,winsorized_SMAPE_1_99,22973,10,68.91269580989183,68.59818767451083,0.3145081353810098,5
CP_REPO_OPS_C,recent_spike_position,standard,SMAPE,125358,10,111.5312633098087,111.7328258119622,-0.2015625021535152,2
CP_REPO_OPS_C,recent_spike_position,standard,MAE,125358,10,0.000609182778318,0.0006210604897214,-1.1877711403389365e-05,2
CP_REPO_OPS_C,recent_spike_position,standard,MSE,125358,10,2.105711101802365e-06,5.159078371603746e-06,-3.0533672698013817e-06,0
CP_REPO_OPS_C,recent_spike_position,standard,RMSE,125358,10,0.0013297050754869,0.0019138434432236,-0.0005841383677367,0
CP_REPO_OPS_C,recent_spike_position,standard,QLIKE,125358,10,249149.85066705736,2076323.7655662333,-1827173.914899176,0
CP_REPO_OPS_C,recent_spike_position,standard,log_RV_MAE,125358,10,6.256003684262452,6.280036856689703,-0.0240331724272513,2
CP_REPO_OPS_C,recent_spike_position,standard,log_RV_MSE,125358,10,109.413873260945,109.86272020915946,-0.4488469482144543,2
CP_REPO_OPS_C,recent_spike_position,standard,winsorized_SMAPE_1_99,125358,10,111.54553490151334,111.7460690169965,-0.2005341154831626,2
CP_REPO_OPS_C,recent_spike_position,excluding_near_zero_actual_bottom_asset_decile,SMAPE,87314,10,73.36349002624341,73.67313974246156,-0.3096497162181215,1
CP_REPO_OPS_C,recent_spike_position,excluding_near_zero_actual_bottom_asset_decile,MAE,87314,10,0.0007165853575134,0.0007318438794829,-1.5258521969495182e-05,0
CP_REPO_OPS_C,recent_spike_position,excluding_near_zero_actual_bottom_asset_decile,MSE,87314,10,2.911648263991405e-06,6.573423611356172e-06,-3.6617753473647657e-06,0
CP_REPO_OPS_C,recent_spike_position,excluding_near_zero_actual_bottom_asset_decile,RMSE,87314,10,0.0016055951177445,0.0021699823150972,-0.0005643871973526,0
CP_REPO_OPS_C,recent_spike_position,excluding_near_zero_actual_bottom_asset_decile,QLIKE,87314,10,357700.4542242482,2980201.174159774,-2622500.7199355257,0
CP_REPO_OPS_C,recent_spike_position,excluding_near_zero_actual_bottom_asset_decile,log_RV_MAE,87314,10,0.8796930028966632,0.9436242729073518,-0.0639312700106884,0
CP_REPO_OPS_C,recent_spike_position,excluding_near_zero_actual_bottom_asset_decile,log_RV_MSE,87314,10,1.46266464228245,2.813978897246752,-1.3513142549643014,0
CP_REPO_OPS_C,recent_spike_position,excluding_near_zero_actual_bottom_asset_decile,winsorized_SMAPE_1_99,87314,10,73.3008461151611,73.59901793586428,-0.2981718207031965,1
CP_REPO_OPS_C,recent_spike_position,high_vol_actual_top_asset_quintile,SMAPE,25722,10,76.6380234808837,76.6842139662599,-0.046190485376214,5
CP_REPO_OPS_C,recent_spike_position,high_vol_actual_top_asset_quintile,MAE,25722,10,0.0014520315728545,0.0014716550571025,-1.962348424800637e-05,3
CP_REPO_OPS_C,recent_spike_position,high_vol_actual_top_asset_quintile,MSE,25722,10,9.030757734515107e-06,1.934985742610287e-05,-1.0319099691587764e-05,3
CP_REPO_OPS_C,recent_spike_position,high_vol_actual_top_asset_quintile,RMSE,25722,10,0.002817499668717,0.0035034231477102,-0.0006859234789932,3
CP_REPO_OPS_C,recent_spike_position,high_vol_actual_top_asset_quintile,QLIKE,25722,10,730283.7780196941,6310643.679005024,-5580359.9009853285,0
CP_REPO_OPS_C,recent_spike_position,high_vol_actual_top_asset_quintile,log_RV_MAE,25722,10,0.8980758793102885,0.9508082673430543,-0.0527323880327658,1
CP_REPO_OPS_C,recent_spike_position,high_vol_actual_top_asset_quintile,log_RV_MSE,25722,10,1.3696668123426177,2.5765008951605037,-1.206834082817885,0
CP_REPO_OPS_C,recent_spike_position,high_vol_actual_top_asset_quintile,winsorized_SMAPE_1_99,25722,10,76.58265438950966,76.6045767268989,-0.0219223373892352,5
CP_REPO_OPS_C,cluster_exit_loose,standard,SMAPE,73455,10,97.78270322300334,99.03415004382988,-1.2514468208265372,0
CP_REPO_OPS_C,cluster_exit_loose,standard,MAE,73455,10,0.0006171643472766,0.0006555289137853,-3.836456650867902e-05,2
CP_REPO_OPS_C,cluster_exit_loose,standard,MSE,73455,10,2.753487709512812e-06,2.571634286154845e-05,-2.2962855152035645e-05,1
CP_REPO_OPS_C,cluster_exit_loose,standard,RMSE,73455,10,0.001537824377701,0.0032633443753539,-0.0017255199976529,1
CP_REPO_OPS_C,cluster_exit_loose,standard,QLIKE,73455,10,319713.10949986114,4017393.714879951,-3697680.605380089,0
CP_REPO_OPS_C,cluster_exit_loose,standard,log_RV_MAE,73455,10,4.775102499739926,4.848978369392847,-0.0738758696529205,3
CP_REPO_OPS_C,cluster_exit_loose,standard,log_RV_MSE,73455,10,82.09800802784856,83.27793139549316,-1.1799233676445715,3
CP_REPO_OPS_C,cluster_exit_loose,standard,winsorized_SMAPE_1_99,73455,10,97.79101156573374,99.04271779155884,-1.251706225825091,0
CP_REPO_OPS_C,cluster_exit_loose,excluding_near_zero_actual_bottom_asset_decile,SMAPE,57273,10,69.26376081385803,70.90176265916345,-1.6380018453054186,0
CP_REPO_OPS_C,cluster_exit_loose,excluding_near_zero_actual_bottom_asset_decile,MAE,57273,10,0.000661178907095,0.0007113178736172,-5.0138966522176414e-05,0
CP_REPO_OPS_C,cluster_exit_loose,excluding_near_zero_actual_bottom_asset_decile,MSE,57273,10,3.4480117172837792e-06,3.258035293454941e-05,-2.9132341217265622e-05,1
CP_REPO_OPS_C,cluster_exit_loose,excluding_near_zero_actual_bottom_asset_decile,RMSE,57273,10,0.0017516744733704,0.003731930850076,-0.0019802563767055,1
CP_REPO_OPS_C,cluster_exit_loose,excluding_near_zero_actual_bottom_asset_decile,QLIKE,57273,10,409447.8060087569,5146092.794171548,-4736644.9881627895,0
CP_REPO_OPS_C,cluster_exit_loose,excluding_near_zero_actual_bottom_asset_decile,log_RV_MAE,57273,10,0.8285547380337411,0.9779742629011988,-0.1494195248674577,0
CP_REPO_OPS_C,cluster_exit_loose,excluding_near_zero_actual_bottom_asset_decile,log_RV_MSE,57273,10,1.468738852648666,4.364577278771232,-2.895838426122566,0
CP_REPO_OPS_C,cluster_exit_loose,excluding_near_zero_actual_bottom_asset_decile,winsorized_SMAPE_1_99,57273,10,69.19739766691099,70.85599301832151,-1.6585953514105092,0
CP_REPO_OPS_C,cluster_exit_loose,high_vol_actual_top_asset_quintile,SMAPE,17006,10,68.55587459894774,69.45457158018414,-0.8986969812364097,1
CP_REPO_OPS_C,cluster_exit_loose,high_vol_actual_top_asset_quintile,MAE,17006,10,0.0013369827883075,0.0013514949762018,-1.4512187894270766e-05,3
CP_REPO_OPS_C,cluster_exit_loose,high_vol_actual_top_asset_quintile,MSE,17006,10,1.0979860152382522e-05,1.2009468672405733e-05,-1.0296085200232102e-06,4
CP_REPO_OPS_C,cluster_exit_loose,high_vol_actual_top_asset_quintile,RMSE,17006,10,0.0030405995595415,0.0031904297831146,-0.0001498302235731,4
CP_REPO_OPS_C,cluster_exit_loose,high_vol_actual_top_asset_quintile,QLIKE,17006,10,263331.26459515106,8537418.51694803,-8274087.252352879,0
CP_REPO_OPS_C,cluster_exit_loose,high_vol_actual_top_asset_quintile,log_RV_MAE,17006,10,0.779457159228256,0.8865084101064998,-0.1070512508782439,0
CP_REPO_OPS_C,cluster_exit_loose,high_vol_actual_top_asset_quintile,log_RV_MSE,17006,10,0.9978065877696454,3.226550829721766,-2.2287442419521213,0
CP_REPO_OPS_C,cluster_exit_loose,high_vol_actual_top_asset_quintile,winsorized_SMAPE_1_99,17006,10,68.5145672335015,69.38237541389064,-0.8678081803891375,1
CP_REPO_OPS_C,older_spike_position,standard,SMAPE,108871,10,97.43444156272852,98.3500509305997,-0.9156093678712044,0
CP_REPO_OPS_C,older_spike_position,standard,MAE,108871,10,0.0005701423444708,0.000583553543994,-1.3411199523150386e-05,1
CP_REPO_OPS_C,older_spike_position,standard,MSE,108871,10,2.325430719071407e-06,3.0779448753608187e-06,-7.525141562894116e-07,0
CP_REPO_OPS_C,older_spike_position,standard,RMSE,108871,10,0.0014265116032149,0.0016312205629589,-0.0002047089597439,0
CP_REPO_OPS_C,older_spike_position,standard,QLIKE,108871,10,310676.42338787334,3037837.585653714,-2727161.1622658405,0
CP_REPO_OPS_C,older_spike_position,standard,log_RV_MAE,108871,10,4.699872146442731,4.753569135607636,-0.0536969891649054,3
CP_REPO_OPS_C,older_spike_position,standard,log_RV_MSE,108871,10,80.56611779435829,81.41462246914703,-0.848504674788712,3
CP_REPO_OPS_C,older_spike_position,standard,winsorized_SMAPE_1_99,108871,10,97.44221425187747,98.35830968362406,-0.916095431746558,0
CP_REPO_OPS_C,older_spike_position,excluding_near_zero_actual_bottom_asset_decile,SMAPE,85180,10,69.3545856504564,70.55584275836404,-1.2012571079076504,0
CP_REPO_OPS_C,older_spike_position,excluding_near_zero_actual_bottom_asset_decile,MAE,85180,10,0.0005996808597667,0.0006176490287015,-1.796816893482473e-05,0
CP_REPO_OPS_C,older_spike_position,excluding_near_zero_actual_bottom_asset_decile,MSE,85180,10,2.892131608948893e-06,3.6363546375687226e-06,-7.442230286198298e-07,1
CP_REPO_OPS_C,older_spike_position,excluding_near_zero_actual_bottom_asset_decile,RMSE,85180,10,0.0016071511084485,0.0017752089784891,-0.0001680578700405,1
CP_REPO_OPS_C,older_spike_position,excluding_near_zero_actual_bottom_asset_decile,QLIKE,85180,10,395338.3603923037,3878477.141142984,-3483138.78075068,0
CP_REPO_OPS_C,older_spike_position,excluding_near_zero_actual_bottom_asset_decile,log_RV_MAE,85180,10,0.8306895025168325,0.9464051793704672,-0.1157156768536347,0
CP_REPO_OPS_C,older_spike_position,excluding_near_zero_actual_bottom_asset_decile,log_RV_MSE,85180,10,1.4717707449212003,3.730037468017599,-2.258266723096399,0
CP_REPO_OPS_C,older_spike_position,excluding_near_zero_actual_bottom_asset_decile,winsorized_SMAPE_1_99,85180,10,69.28381540261677,70.49908725274096,-1.2152718501241857,0
CP_REPO_OPS_C,older_spike_position,high_vol_actual_top_asset_quintile,SMAPE,20509,10,71.97662527280492,72.41081043895309,-0.4341851661481664,3
CP_REPO_OPS_C,older_spike_position,high_vol_actual_top_asset_quintile,MAE,20509,10,0.0014069911717764,0.0014125138950056,-5.522723229159373e-06,5
CP_REPO_OPS_C,older_spike_position,high_vol_actual_top_asset_quintile,MSE,20509,10,1.1340659190055558e-05,1.2120775194104894e-05,-7.801160040493362e-07,6
CP_REPO_OPS_C,older_spike_position,high_vol_actual_top_asset_quintile,RMSE,20509,10,0.0031001645234287,0.0032086624343893,-0.0001084979109606,6
CP_REPO_OPS_C,older_spike_position,high_vol_actual_top_asset_quintile,QLIKE,20509,10,528354.6846762492,7285067.918813053,-6756713.234136806,0
CP_REPO_OPS_C,older_spike_position,high_vol_actual_top_asset_quintile,log_RV_MAE,20509,10,0.8302399911732007,0.9073784658075432,-0.0771384746343425,0
CP_REPO_OPS_C,older_spike_position,high_vol_actual_top_asset_quintile,log_RV_MSE,20509,10,1.1982180799171949,2.8665650285723525,-1.668346948655158,0
CP_REPO_OPS_C,older_spike_position,high_vol_actual_top_asset_quintile,winsorized_SMAPE_1_99,20509,10,71.93587644514969,72.34179737059104,-0.4059209254413488,3
CP_REPO_OPS_C,high_within_block_dispersion,standard,SMAPE,68970,10,119.60427233753936,120.33604314984647,-0.7317708123071238,1
CP_REPO_OPS_C,high_within_block_dispersion,standard,MAE,68970,10,0.0005686239436959,0.0006108061905314,-4.218224683546645e-05,3
CP_REPO_OPS_C,high_within_block_dispersion,standard,MSE,68970,10,1.1231333770356058e-06,0.0001137986390268,-0.0001126755056498,2
CP_REPO_OPS_C,high_within_block_dispersion,standard,RMSE,68970,10,0.0010218476548916,0.0046475252977873,-0.0036256776428957,2
CP_REPO_OPS_C,high_within_block_dispersion,standard,QLIKE,68970,10,503895.0954919666,4213832.807218296,-3709937.711726329,1
CP_REPO_OPS_C,high_within_block_dispersion,standard,log_RV_MAE,68970,10,7.336315052592766,7.394268085683682,-0.057953033090915,3
CP_REPO_OPS_C,high_within_block_dispersion,standard,log_RV_MSE,68970,10,134.18160425169935,135.06868784010385,-0.8870835884045098,5
CP_REPO_OPS_C,high_within_block_dispersion,standard,winsorized_SMAPE_1_99,68970,10,119.61807792324268,120.34985210555172,-0.7317741823090345,1
CP_REPO_OPS_C,high_within_block_dispersion,excluding_near_zero_actual_bottom_asset_decile,SMAPE,44524,10,76.0726803313092,77.26536582540469,-1.1926854940954958,1
CP_REPO_OPS_C,high_within_block_dispersion,excluding_near_zero_actual_bottom_asset_decile,MAE,44524,10,0.0006047171369936,0.0006787393372291,-7.402220023552058e-05,3
CP_REPO_OPS_C,high_within_block_dispersion,excluding_near_zero_actual_bottom_asset_decile,MSE,44524,10,1.5377627543209002e-06,0.0001756787566582,-0.0001741409939039,2
CP_REPO_OPS_C,high_within_block_dispersion,excluding_near_zero_actual_bottom_asset_decile,RMSE,44524,10,0.0012018726265101,0.0062960145823272,-0.0050941419558171,2
CP_REPO_OPS_C,high_within_block_dispersion,excluding_near_zero_actual_bottom_asset_decile,QLIKE,44524,10,778263.0005437186,6516058.380296224,-5737795.3797525065,1
CP_REPO_OPS_C,high_within_block_dispersion,excluding_near_zero_actual_bottom_asset_decile,log_RV_MAE,44524,10,0.9279896341069244,1.116288955519541,-0.1882993214126165,1
CP_REPO_OPS_C,high_within_block_dispersion,excluding_near_zero_actual_bottom_asset_decile,log_RV_MSE,44524,10,1.8841423421682129,5.776462844203526,-3.892320502035313,1
CP_REPO_OPS_C,high_within_block_dispersion,excluding_near_zero_actual_bottom_asset_decile,winsorized_SMAPE_1_99,44524,10,75.999265651473,77.2262506002238,-1.226984948750813,1
CP_REPO_OPS_C,high_within_block_dispersion,high_vol_actual_top_asset_quintile,SMAPE,8611,10,83.57927734565325,86.87108835215005,-3.291811006496783,1
CP_REPO_OPS_C,high_within_block_dispersion,high_vol_actual_top_asset_quintile,MAE,8611,10,0.0014329468653602,0.001470970559473,-3.802369411278903e-05,1
CP_REPO_OPS_C,high_within_block_dispersion,high_vol_actual_top_asset_quintile,MSE,8611,10,6.356666223296062e-06,6.939106072243272e-06,-5.824398489472077e-07,3
CP_REPO_OPS_C,high_within_block_dispersion,high_vol_actual_top_asset_quintile,RMSE,8611,10,0.0024338471985146,0.0025337208428325,-9.98736443178546e-05,3
CP_REPO_OPS_C,high_within_block_dispersion,high_vol_actual_top_asset_quintile,QLIKE,8611,10,1164588.1052037366,14856705.176117726,-13692117.070913993,1
CP_REPO_OPS_C,high_within_block_dispersion,high_vol_actual_top_asset_quintile,log_RV_MAE,8611,10,0.9835186676880447,1.185595449242158,-0.2020767815541133,1
CP_REPO_OPS_C,high_within_block_dispersion,high_vol_actual_top_asset_quintile,log_RV_MSE,8611,10,1.6033125836104825,5.37102425351151,-3.7677116699010273,1
CP_REPO_OPS_C,high_within_block_dispersion,high_vol_actual_top_asset_quintile,winsorized_SMAPE_1_99,8611,10,83.52311784459015,86.82226610213598,-3.299148257545843,1
CP_REPO_RIDGE_OPS_C,all_rows,standard,SMAPE,367468,10,100.87996479236024,101.14937870607704,-0.2694139137168034,1
CP_REPO_RIDGE_OPS_C,all_rows,standard,MAE,367468,10,0.0005862627333686,0.0005846303603193,1.6323730493235903e-06,8
CP_REPO_RIDGE_OPS_C,all_rows,standard,MSE,367468,10,2.195810003722176e-06,2.1794932082824588e-06,1.6316795439717002e-08,9
CP_REPO_RIDGE_OPS_C,all_rows,standard,RMSE,367468,10,0.001388809861051,0.0013842093680495,4.6004930014584665e-06,9
CP_REPO_RIDGE_OPS_C,all_rows,standard,QLIKE,367468,10,296920.5433224973,1506560.2912475236,-1209639.7479250263,0
CP_REPO_RIDGE_OPS_C,all_rows,standard,log_RV_MAE,367468,10,5.013575715182238,5.032985692386407,-0.0194099772041696,3
CP_REPO_RIDGE_OPS_C,all_rows,standard,log_RV_MSE,367468,10,86.01532967319302,86.30738821025211,-0.2920585370591007,4
CP_REPO_RIDGE_OPS_C,all_rows,standard,winsorized_SMAPE_1_99,367468,10,100.88870917101808,101.15832519577644,-0.2696160247583439,1
CP_REPO_RIDGE_OPS_C,all_rows,excluding_near_zero_actual_bottom_asset_decile,SMAPE,280990,10,70.80150601340222,71.17009903957452,-0.3685930261723095,1
CP_REPO_RIDGE_OPS_C,all_rows,excluding_near_zero_actual_bottom_asset_decile,MAE,280990,10,0.0006347107778826,0.0006352358896728,-5.251117902130994e-07,5
CP_REPO_RIDGE_OPS_C,all_rows,excluding_near_zero_actual_bottom_asset_decile,MSE,280990,10,2.7844815379535592e-06,2.76526294949472e-06,1.9218588458838816e-08,10
CP_REPO_RIDGE_OPS_C,all_rows,excluding_near_zero_actual_bottom_asset_decile,RMSE,280990,10,0.0015906907657762,0.0015856398403296,5.050925446503456e-06,10
CP_REPO_RIDGE_OPS_C,all_rows,excluding_near_zero_actual_bottom_asset_decile,QLIKE,280990,10,387469.9542930861,1967671.129339337,-1580201.1750462514,0
CP_REPO_RIDGE_OPS_C,all_rows,excluding_near_zero_actual_bottom_asset_decile,log_RV_MAE,280990,10,0.8477474698162,0.8949943740117883,-0.0472469041955882,0
CP_REPO_RIDGE_OPS_C,all_rows,excluding_near_zero_actual_bottom_asset_decile,log_RV_MSE,280990,10,1.4753525524316455,2.433760030120739,-0.9584074776890934,0
CP_REPO_RIDGE_OPS_C,all_rows,excluding_near_zero_actual_bottom_asset_decile,winsorized_SMAPE_1_99,280990,10,70.73639077833658,71.09383811372577,-0.3574473353892065,1
CP_REPO_RIDGE_OPS_C,all_rows,high_vol_actual_top_asset_quintile,SMAPE,73496,10,74.0205758822783,73.36352665535759,0.657049226920734,10
CP_REPO_RIDGE_OPS_C,all_rows,high_vol_actual_top_asset_quintile,MAE,73496,10,0.0013977588560888,0.0013852925969724,1.2466259116471808e-05,10
CP_REPO_RIDGE_OPS_C,all_rows,high_vol_actual_top_asset_quintile,MSE,73496,10,9.91631467307809e-06,9.828216785686832e-06,8.809788739125726e-08,10
CP_REPO_RIDGE_OPS_C,all_rows,high_vol_actual_top_asset_quintile,RMSE,73496,10,0.0029503490075918,0.0029385322579032,1.1816749688611136e-05,10
CP_REPO_RIDGE_OPS_C,all_rows,high_vol_actual_top_asset_quintile,QLIKE,73496,10,577828.0338365107,3355474.9494645125,-2777646.915628002,1
CP_REPO_RIDGE_OPS_C,all_rows,high_vol_actual_top_asset_quintile,log_RV_MAE,73496,10,0.8562913770706451,0.877383798819821,-0.0210924217491758,2
CP_REPO_RIDGE_OPS_C,all_rows,high_vol_actual_top_asset_quintile,log_RV_MSE,73496,10,1.2429973653708484,1.8947330364727983,-0.6517356711019503,0
CP_REPO_RIDGE_OPS_C,all_rows,high_vol_actual_top_asset_quintile,winsorized_SMAPE_1_99,73496,10,73.97732781808993,73.30259825263971,0.6747295654501951,10
CP_REPO_RIDGE_OPS_C,all_observations,standard,SMAPE,367248,10,100.86366051352246,101.12208397431918,-0.2584234607967126,1
CP_REPO_RIDGE_OPS_C,all_observations,standard,MAE,367248,10,0.0005861095985985,0.0005844131339369,1.6964646615973605e-06,8
CP_REPO_RIDGE_OPS_C,all_observations,standard,MSE,367248,10,2.193500144908159e-06,2.177070974206556e-06,1.6429170701603332e-08,9
CP_REPO_RIDGE_OPS_C,all_observations,standard,RMSE,367248,10,0.0013880844118661,0.0013834504840006,4.633927865475186e-06,9
CP_REPO_RIDGE_OPS_C,all_observations,standard,QLIKE,367248,10,297098.4085887108,1488293.8439574686,-1191195.435368758,0
CP_REPO_RIDGE_OPS_C,all_observations,standard,log_RV_MAE,367248,10,5.011387938732,5.030046808341687,-0.0186588696096859,3
CP_REPO_RIDGE_OPS_C,all_observations,standard,log_RV_MSE,367248,10,85.97070871507968,86.24875647398925,-0.2780477589095675,4
CP_REPO_RIDGE_OPS_C,all_observations,standard,winsorized_SMAPE_1_99,367248,10,100.87240025609772,101.13102218711698,-0.2586219310192393,1
CP_REPO_RIDGE_OPS_C,all_observations,excluding_near_zero_actual_bottom_asset_decile,SMAPE,280865,10,70.7998613143532,71.15439996986423,-0.3545386555110408,1
CP_REPO_RIDGE_OPS_C,all_observations,excluding_near_zero_actual_bottom_asset_decile,MAE,280865,10,0.0006344831477051,0.0006349373021869,-4.541544818030701e-07,5
CP_REPO_RIDGE_OPS_C,all_observations,excluding_near_zero_actual_bottom_asset_decile,MSE,280865,10,2.7811051718795994e-06,2.7617727909055538e-06,1.9332380974045772e-08,10
CP_REPO_RIDGE_OPS_C,all_observations,excluding_near_zero_actual_bottom_asset_decile,RMSE,280865,10,0.0015897076573964,0.0015846236778256,5.083979570791685e-06,10
CP_REPO_RIDGE_OPS_C,all_observations,excluding_near_zero_actual_bottom_asset_decile,QLIKE,280865,10,387642.3986589653,1943681.5310989977,-1556039.132440032,0
CP_REPO_RIDGE_OPS_C,all_observations,excluding_near_zero_actual_bottom_asset_decile,log_RV_MAE,280865,10,0.8477187669523202,0.8938131650819516,-0.0460943981296313,0
CP_REPO_RIDGE_OPS_C,all_observations,excluding_near_zero_actual_bottom_asset_decile,log_RV_MSE,280865,10,1.4753477712987084,2.4120951831356208,-0.9367474118369128,0
CP_REPO_RIDGE_OPS_C,all_observations,excluding_near_zero_actual_bottom_asset_decile,winsorized_SMAPE_1_99,280865,10,70.73471741592948,71.07815052352501,-0.3434331075955137,1
CP_REPO_RIDGE_OPS_C,all_observations,high_vol_actual_top_asset_quintile,SMAPE,73477,10,74.0098124350625,73.35432139235094,0.6554910427115658,10
CP_REPO_RIDGE_OPS_C,all_observations,high_vol_actual_top_asset_quintile,MAE,73477,10,0.0013967078250143,0.0013842563587434,1.2451466270887284e-05,10
CP_REPO_RIDGE_OPS_C,all_observations,high_vol_actual_top_asset_quintile,MSE,73477,10,9.90175140491125e-06,9.81363531544145e-06,8.811608946979937e-08,10
CP_REPO_RIDGE_OPS_C,all_observations,high_vol_actual_top_asset_quintile,RMSE,73477,10,0.0029481653737893,0.0029363408731551,1.1824500634239074e-05,10
CP_REPO_RIDGE_OPS_C,all_observations,high_vol_actual_top_asset_quintile,QLIKE,73477,10,577977.449553732,3340891.681994917,-2762914.2324411846,1
CP_REPO_RIDGE_OPS_C,all_observations,high_vol_actual_top_asset_quintile,log_RV_MAE,73477,10,0.8560873034002608,0.8769486543920781,-0.0208613509918173,2
CP_REPO_RIDGE_OPS_C,all_observations,high_vol_actual_top_asset_quintile,log_RV_MSE,73477,10,1.2423106282398957,1.8883440182315097,-0.6460333899916145,0
CP_REPO_RIDGE_OPS_C,all_observations,high_vol_actual_top_asset_quintile,winsorized_SMAPE_1_99,73477,10,73.9666730676769,73.29339832282378,0.6732747448531194,10
CP_REPO_RIDGE_OPS_C,cluster_entry_loose,standard,SMAPE,73457,10,93.56088920634404,93.30118671215544,0.259702494188594,8
CP_REPO_RIDGE_OPS_C,cluster_entry_loose,standard,MAE,73457,10,0.0007565085518804,0.0007467280901725,9.780461707974848e-06,9
CP_REPO_RIDGE_OPS_C,cluster_entry_loose,standard,MSE,73457,10,2.4613245517090537e-06,2.409401294767357e-06,5.192325694169653e-08,9
CP_REPO_RIDGE_OPS_C,cluster_entry_loose,standard,RMSE,73457,10,0.0014483360606577,0.0014339947760556,1.4341284602106456e-05,9
CP_REPO_RIDGE_OPS_C,cluster_entry_loose,standard,QLIKE,73457,10,175829.54926030466,1051314.2621664992,-875484.7129061944,1
CP_REPO_RIDGE_OPS_C,cluster_entry_loose,standard,log_RV_MAE,73457,10,3.804190144501006,3.81119596361212,-0.0070058191111131,2
CP_REPO_RIDGE_OPS_C,cluster_entry_loose,standard,log_RV_MSE,73457,10,62.079879726914335,62.29282569162236,-0.2129459647080192,2
CP_REPO_RIDGE_OPS_C,cluster_entry_loose,standard,winsorized_SMAPE_1_99,73457,10,93.56917055787952,93.30878976276078,0.2603807951187357,8
CP_REPO_RIDGE_OPS_C,cluster_entry_loose,excluding_near_zero_actual_bottom_asset_decile,SMAPE,61461,10,72.99789797170354,72.69246036735552,0.3054376043480234,8
CP_REPO_RIDGE_OPS_C,cluster_entry_loose,excluding_near_zero_actual_bottom_asset_decile,MAE,61461,10,0.0007865964891234,0.0007774784884705,9.118000652829168e-06,9
CP_REPO_RIDGE_OPS_C,cluster_entry_loose,excluding_near_zero_actual_bottom_asset_decile,MSE,61461,10,2.8317450639894594e-06,2.775049784977647e-06,5.669527901181267e-08,10
CP_REPO_RIDGE_OPS_C,cluster_entry_loose,excluding_near_zero_actual_bottom_asset_decile,RMSE,61461,10,0.0015742075191736,0.0015591865150809,1.5021004092672011e-05,10
CP_REPO_RIDGE_OPS_C,cluster_entry_loose,excluding_near_zero_actual_bottom_asset_decile,QLIKE,61461,10,210144.59489315952,1255582.853904976,-1045438.2590118163,1
CP_REPO_RIDGE_OPS_C,cluster_entry_loose,excluding_near_zero_actual_bottom_asset_decile,log_RV_MAE,61461,10,0.8662174520726127,0.8788391364277807,-0.012621684355168,2
CP_REPO_RIDGE_OPS_C,cluster_entry_loose,excluding_near_zero_actual_bottom_asset_decile,log_RV_MSE,61461,10,1.3601494572286972,1.7376464604655937,-0.3774970032368963,0
CP_REPO_RIDGE_OPS_C,cluster_entry_loose,excluding_near_zero_actual_bottom_asset_decile,winsorized_SMAPE_1_99,61461,10,72.93293539887844,72.61789638802351,0.3150390108549138,8
CP_REPO_RIDGE_OPS_C,cluster_entry_loose,high_vol_actual_top_asset_quintile,SMAPE,22973,10,69.00735262283271,68.25285527732882,0.7544973455038994,8
CP_REPO_RIDGE_OPS_C,cluster_entry_loose,high_vol_actual_top_asset_quintile,MAE,22973,10,0.0012877885229073,0.0012732777171775,1.4510805729825968e-05,10
CP_REPO_RIDGE_OPS_C,cluster_entry_loose,high_vol_actual_top_asset_quintile,MSE,22973,10,6.7247425578925214e-06,6.621593848563372e-06,1.0314870932915092e-07,10
CP_REPO_RIDGE_OPS_C,cluster_entry_loose,high_vol_actual_top_asset_quintile,RMSE,22973,10,0.0023906769741809,0.0023729136976314,1.7763276549444165e-05,10
CP_REPO_RIDGE_OPS_C,cluster_entry_loose,high_vol_actual_top_asset_quintile,QLIKE,22973,10,268014.68012032646,2282983.185894176,-2014968.505773849,4
CP_REPO_RIDGE_OPS_C,cluster_entry_loose,high_vol_actual_top_asset_quintile,log_RV_MAE,22973,10,0.7732837175225007,0.7823034355959594,-0.0090197180734588,4
CP_REPO_RIDGE_OPS_C,cluster_entry_loose,high_vol_actual_top_asset_quintile,log_RV_MSE,22973,10,0.9451687695589692,1.3426526426123888,-0.3974838730534197,3
CP_REPO_RIDGE_OPS_C,cluster_entry_loose,high_vol_actual_top_asset_quintile,winsorized_SMAPE_1_99,22973,10,68.91269580989183,68.1381179452925,0.7745778645993147,10
CP_REPO_RIDGE_OPS_C,recent_spike_position,standard,SMAPE,125358,10,111.5312633098087,111.4092886783394,0.1219746314692681,7
CP_REPO_RIDGE_OPS_C,recent_spike_position,standard,MAE,125358,10,0.000609182778318,0.0006021770151015,7.005763216472027e-06,9
CP_REPO_RIDGE_OPS_C,recent_spike_position,standard,MSE,125358,10,2.105711101802365e-06,2.0764501044141277e-06,2.9260997388237494e-08,10
CP_REPO_RIDGE_OPS_C,recent_spike_position,standard,RMSE,125358,10,0.0013297050754869,0.0013209225910798,8.782484407072363e-06,10
CP_REPO_RIDGE_OPS_C,recent_spike_position,standard,QLIKE,125358,10,249149.85066705736,1096777.4748936123,-847627.6242265549,0
CP_REPO_RIDGE_OPS_C,recent_spike_position,standard,log_RV_MAE,125358,10,6.256003684262452,6.260878661465638,-0.0048749772031841,1
CP_REPO_RIDGE_OPS_C,recent_spike_position,standard,log_RV_MSE,125358,10,109.413873260945,109.49356491375516,-0.0796916528101366,3
CP_REPO_RIDGE_OPS_C,recent_spike_position,standard,winsorized_SMAPE_1_99,125358,10,111.54553490151334,111.4222350264013,0.1232998751120491,7
CP_REPO_RIDGE_OPS_C,recent_spike_position,excluding_near_zero_actual_bottom_asset_decile,SMAPE,87314,10,73.36349002624341,73.20579884282299,0.1576911834204359,7
CP_REPO_RIDGE_OPS_C,recent_spike_position,excluding_near_zero_actual_bottom_asset_decile,MAE,87314,10,0.0007165853575134,0.0007105658174906,6.019540022810617e-06,9
CP_REPO_RIDGE_OPS_C,recent_spike_position,excluding_near_zero_actual_bottom_asset_decile,MSE,87314,10,2.911648263991405e-06,2.8754129276619724e-06,3.623533632943328e-08,9
CP_REPO_RIDGE_OPS_C,recent_spike_position,excluding_near_zero_actual_bottom_asset_decile,RMSE,87314,10,0.0016055951177445,0.0015953668845862,1.0228233158349111e-05,9
CP_REPO_RIDGE_OPS_C,recent_spike_position,excluding_near_zero_actual_bottom_asset_decile,QLIKE,87314,10,357700.4542242482,1574651.9755452306,-1216951.5213209826,0
CP_REPO_RIDGE_OPS_C,recent_spike_position,excluding_near_zero_actual_bottom_asset_decile,log_RV_MAE,87314,10,0.8796930028966632,0.9033783035334456,-0.0236853006367824,1
CP_REPO_RIDGE_OPS_C,recent_spike_position,excluding_near_zero_actual_bottom_asset_decile,log_RV_MSE,87314,10,1.46266464228245,2.0493803551541285,-0.5867157128716789,0
CP_REPO_RIDGE_OPS_C,recent_spike_position,excluding_near_zero_actual_bottom_asset_decile,winsorized_SMAPE_1_99,87314,10,73.3008461151611,73.13625559470024,0.1645905204608498,7
CP_REPO_RIDGE_OPS_C,recent_spike_position,high_vol_actual_top_asset_quintile,SMAPE,25722,10,76.6380234808837,76.29847253811101,0.3395509427726754,7
CP_REPO_RIDGE_OPS_C,recent_spike_position,high_vol_actual_top_asset_quintile,MAE,25722,10,0.0014520315728545,0.0014411278349097,1.0903737944790327e-05,8
CP_REPO_RIDGE_OPS_C,recent_spike_position,high_vol_actual_top_asset_quintile,MSE,25722,10,9.030757734515107e-06,8.943511070758393e-06,8.724666375671285e-08,8
CP_REPO_RIDGE_OPS_C,recent_spike_position,high_vol_actual_top_asset_quintile,RMSE,25722,10,0.002817499668717,0.0028048046465504,1.2695022166589529e-05,8
CP_REPO_RIDGE_OPS_C,recent_spike_position,high_vol_actual_top_asset_quintile,QLIKE,25722,10,730283.7780196941,3202681.2391459225,-2472397.461126228,1
CP_REPO_RIDGE_OPS_C,recent_spike_position,high_vol_actual_top_asset_quintile,log_RV_MAE,25722,10,0.8980758793102885,0.9147031000106856,-0.0166272207003971,3
CP_REPO_RIDGE_OPS_C,recent_spike_position,high_vol_actual_top_asset_quintile,log_RV_MSE,25722,10,1.3696668123426177,1.844243510397935,-0.4745766980553171,1
CP_REPO_RIDGE_OPS_C,recent_spike_position,high_vol_actual_top_asset_quintile,winsorized_SMAPE_1_99,25722,10,76.58265438950966,76.22859328365038,0.3540611058593,7
CP_REPO_RIDGE_OPS_C,cluster_exit_loose,standard,SMAPE,73455,10,97.78270322300334,98.6289750351847,-0.8462718121813421,0
CP_REPO_RIDGE_OPS_C,cluster_exit_loose,standard,MAE,73455,10,0.0006171643472766,0.0006181663424339,-1.0019951573172052e-06,3
CP_REPO_RIDGE_OPS_C,cluster_exit_loose,standard,MSE,73455,10,2.753487709512812e-06,2.74704958399598e-06,6.438125516832493e-09,5
CP_REPO_RIDGE_OPS_C,cluster_exit_loose,standard,RMSE,73455,10,0.001537824377701,0.0015366964971924,1.127880508550927e-06,5
CP_REPO_RIDGE_OPS_C,cluster_exit_loose,standard,QLIKE,73455,10,319713.10949986114,2921786.3909257078,-2602073.2814258463,0
CP_REPO_RIDGE_OPS_C,cluster_exit_loose,standard,log_RV_MAE,73455,10,4.775102499739926,4.819346439124428,-0.0442439393845006,3
CP_REPO_RIDGE_OPS_C,cluster_exit_loose,standard,log_RV_MSE,73455,10,82.09800802784856,82.70352477657133,-0.6055167487227614,5
CP_REPO_RIDGE_OPS_C,cluster_exit_loose,standard,winsorized_SMAPE_1_99,73455,10,97.79101156573374,98.6376072949592,-0.8465957292254693,0
CP_REPO_RIDGE_OPS_C,cluster_exit_loose,excluding_near_zero_actual_bottom_asset_decile,SMAPE,57273,10,69.26376081385803,70.38473425271323,-1.120973438855188,0
CP_REPO_RIDGE_OPS_C,cluster_exit_loose,excluding_near_zero_actual_bottom_asset_decile,MAE,57273,10,0.000661178907095,0.0006675450632394,-6.366156144372627e-06,0
CP_REPO_RIDGE_OPS_C,cluster_exit_loose,excluding_near_zero_actual_bottom_asset_decile,MSE,57273,10,3.4480117172837792e-06,3.4421694277831133e-06,5.842289500666034e-09,4
CP_REPO_RIDGE_OPS_C,cluster_exit_loose,excluding_near_zero_actual_bottom_asset_decile,RMSE,57273,10,0.0017516744733704,0.0017508813739384,7.930994320630848e-07,4
CP_REPO_RIDGE_OPS_C,cluster_exit_loose,excluding_near_zero_actual_bottom_asset_decile,QLIKE,57273,10,409447.8060087569,3742644.8445522855,-3333197.0385435284,0
CP_REPO_RIDGE_OPS_C,cluster_exit_loose,excluding_near_zero_actual_bottom_asset_decile,log_RV_MAE,57273,10,0.8285547380337411,0.9316706376016134,-0.1031158995678722,0
CP_REPO_RIDGE_OPS_C,cluster_exit_loose,excluding_near_zero_actual_bottom_asset_decile,log_RV_MSE,57273,10,1.468738852648666,3.4764582211114585,-2.0077193684627925,0
CP_REPO_RIDGE_OPS_C,cluster_exit_loose,excluding_near_zero_actual_bottom_asset_decile,winsorized_SMAPE_1_99,57273,10,69.19739766691099,70.33753763155494,-1.1401399646439323,0
CP_REPO_RIDGE_OPS_C,cluster_exit_loose,high_vol_actual_top_asset_quintile,SMAPE,17006,10,68.55587459894774,69.00683899158116,-0.4509643926334267,2
CP_REPO_RIDGE_OPS_C,cluster_exit_loose,high_vol_actual_top_asset_quintile,MAE,17006,10,0.0013369827883075,0.0013344228044663,2.559983841199126e-06,7
CP_REPO_RIDGE_OPS_C,cluster_exit_loose,high_vol_actual_top_asset_quintile,MSE,17006,10,1.0979860152382522e-05,1.0909988115333993e-05,6.987203704852933e-08,8
CP_REPO_RIDGE_OPS_C,cluster_exit_loose,high_vol_actual_top_asset_quintile,RMSE,17006,10,0.0030405995595415,0.0030323257751195,8.273784421983305e-06,8
CP_REPO_RIDGE_OPS_C,cluster_exit_loose,high_vol_actual_top_asset_quintile,QLIKE,17006,10,263331.26459515106,5814752.568351434,-5551421.303756284,0
CP_REPO_RIDGE_OPS_C,cluster_exit_loose,high_vol_actual_top_asset_quintile,log_RV_MAE,17006,10,0.779457159228256,0.8464202715779227,-0.0669631123496666,0
CP_REPO_RIDGE_OPS_C,cluster_exit_loose,high_vol_actual_top_asset_quintile,log_RV_MSE,17006,10,0.9978065877696454,2.414874348414699,-1.4170677606450537,0
CP_REPO_RIDGE_OPS_C,cluster_exit_loose,high_vol_actual_top_asset_quintile,winsorized_SMAPE_1_99,17006,10,68.5145672335015,68.93405772656808,-0.4194904930665681,2
CP_REPO_RIDGE_OPS_C,older_spike_position,standard,SMAPE,108871,10,97.43444156272852,97.9893941214313,-0.5549525587027888,0
CP_REPO_RIDGE_OPS_C,older_spike_position,standard,MAE,108871,10,0.0005701423444708,0.0005700230109562,1.1933351464790245e-07,5
CP_REPO_RIDGE_OPS_C,older_spike_position,standard,MSE,108871,10,2.325430719071407e-06,2.3178970193680123e-06,7.53369970339463e-09,8
CP_REPO_RIDGE_OPS_C,older_spike_position,standard,RMSE,108871,10,0.0014265116032149,0.0014246290176818,1.8825855330783136e-06,8
CP_REPO_RIDGE_OPS_C,older_spike_position,standard,QLIKE,108871,10,310676.42338787334,2036270.7280031,-1725594.3046152263,0
CP_REPO_RIDGE_OPS_C,older_spike_position,standard,log_RV_MAE,108871,10,4.699872146442731,4.728170112301127,-0.0282979658583967,3
CP_REPO_RIDGE_OPS_C,older_spike_position,standard,log_RV_MSE,108871,10,80.56611779435829,80.92100172822309,-0.354883933864781,5
CP_REPO_RIDGE_OPS_C,older_spike_position,standard,winsorized_SMAPE_1_99,108871,10,97.44221425187747,97.9976963087783,-0.5554820569008402,0
CP_REPO_RIDGE_OPS_C,older_spike_position,excluding_near_zero_actual_bottom_asset_decile,SMAPE,85180,10,69.3545856504564,70.09421102613666,-0.7396253756802734,0
CP_REPO_RIDGE_OPS_C,older_spike_position,excluding_near_zero_actual_bottom_asset_decile,MAE,85180,10,0.0005996808597667,0.0006035482564243,-3.867396657590092e-06,1
CP_REPO_RIDGE_OPS_C,older_spike_position,excluding_near_zero_actual_bottom_asset_decile,MSE,85180,10,2.892131608948893e-06,2.88471928937733e-06,7.41231957156275e-09,6
CP_REPO_RIDGE_OPS_C,older_spike_position,excluding_near_zero_actual_bottom_asset_decile,RMSE,85180,10,0.0016071511084485,0.0016055583558583,1.592752590179964e-06,6
CP_REPO_RIDGE_OPS_C,older_spike_position,excluding_near_zero_actual_bottom_asset_decile,QLIKE,85180,10,395338.3603923037,2599546.9617352867,-2204208.6013429835,0
CP_REPO_RIDGE_OPS_C,older_spike_position,excluding_near_zero_actual_bottom_asset_decile,log_RV_MAE,85180,10,0.8306895025168325,0.9046754894539843,-0.0739859869371518,0
CP_REPO_RIDGE_OPS_C,older_spike_position,excluding_near_zero_actual_bottom_asset_decile,log_RV_MSE,85180,10,1.4717707449212003,2.9264581332614474,-1.4546873883402474,0
CP_REPO_RIDGE_OPS_C,older_spike_position,excluding_near_zero_actual_bottom_asset_decile,winsorized_SMAPE_1_99,85180,10,69.28381540261677,70.01417860095479,-0.7303631983380178,0
CP_REPO_RIDGE_OPS_C,older_spike_position,high_vol_actual_top_asset_quintile,SMAPE,20509,10,71.97662527280492,72.09162100223158,-0.1149957294266486,4
CP_REPO_RIDGE_OPS_C,older_spike_position,high_vol_actual_top_asset_quintile,MAE,20509,10,0.0014069911717764,0.0014013764023056,5.614769470852436e-06,8
CP_REPO_RIDGE_OPS_C,older_spike_position,high_vol_actual_top_asset_quintile,MSE,20509,10,1.1340659190055558e-05,1.1271228547543444e-05,6.94306425121134e-08,8
CP_REPO_RIDGE_OPS_C,older_spike_position,high_vol_actual_top_asset_quintile,RMSE,20509,10,0.0031001645234287,0.00309202442651,8.140096918720538e-06,8
CP_REPO_RIDGE_OPS_C,older_spike_position,high_vol_actual_top_asset_quintile,QLIKE,20509,10,528354.6846762492,4475686.766542987,-3947332.081866738,0
CP_REPO_RIDGE_OPS_C,older_spike_position,high_vol_actual_top_asset_quintile,log_RV_MAE,20509,10,0.8302399911732007,0.8747465412392339,-0.0445065500660333,1
CP_REPO_RIDGE_OPS_C,older_spike_position,high_vol_actual_top_asset_quintile,log_RV_MSE,20509,10,1.1982180799171949,2.1892697774711034,-0.9910516975539084,0
CP_REPO_RIDGE_OPS_C,older_spike_position,high_vol_actual_top_asset_quintile,winsorized_SMAPE_1_99,20509,10,71.93587644514969,72.0290778664048,-0.0932014212551172,4
CP_REPO_RIDGE_OPS_C,high_within_block_dispersion,standard,SMAPE,68970,10,119.60427233753936,119.87581839654705,-0.2715460590076768,4
CP_REPO_RIDGE_OPS_C,high_within_block_dispersion,standard,MAE,68970,10,0.0005686239436959,0.0005511813967941,1.7442546901804873e-05,9
CP_REPO_RIDGE_OPS_C,high_within_block_dispersion,standard,MSE,68970,10,1.1231333770356058e-06,1.0904700827652736e-06,3.2663294270332213e-08,9
CP_REPO_RIDGE_OPS_C,high_within_block_dispersion,standard,RMSE,68970,10,0.0010218476548916,0.001007876045851,1.3971609040569097e-05,9
CP_REPO_RIDGE_OPS_C,high_within_block_dispersion,standard,QLIKE,68970,10,503895.0954919666,2978946.218423169,-2475051.1229312024,1
CP_REPO_RIDGE_OPS_C,high_within_block_dispersion,standard,log_RV_MAE,68970,10,7.336315052592766,7.364065224654918,-0.0277501720621524,5
CP_REPO_RIDGE_OPS_C,high_within_block_dispersion,standard,log_RV_MSE,68970,10,134.18160425169935,134.48274114887784,-0.3011368971785046,6
CP_REPO_RIDGE_OPS_C,high_within_block_dispersion,standard,winsorized_SMAPE_1_99,68970,10,119.61807792324268,119.88879493158598,-0.2707170083433033,4
CP_REPO_RIDGE_OPS_C,high_within_block_dispersion,excluding_near_zero_actual_bottom_asset_decile,SMAPE,44524,10,76.0726803313092,76.5589656837058,-0.4862853523966137,3
CP_REPO_RIDGE_OPS_C,high_within_block_dispersion,excluding_near_zero_actual_bottom_asset_decile,MAE,44524,10,0.0006047171369936,0.0005922809181497,1.2436218843915707e-05,9
CP_REPO_RIDGE_OPS_C,high_within_block_dispersion,excluding_near_zero_actual_bottom_asset_decile,MSE,44524,10,1.5377627543209002e-06,1.5042231827290956e-06,3.353957159180488e-08,8
CP_REPO_RIDGE_OPS_C,high_within_block_dispersion,excluding_near_zero_actual_bottom_asset_decile,RMSE,44524,10,0.0012018726265101,0.0011890460541862,1.2826572323827548e-05,8
CP_REPO_RIDGE_OPS_C,high_within_block_dispersion,excluding_near_zero_actual_bottom_asset_decile,QLIKE,44524,10,778263.0005437186,4606817.052483307,-3828554.051939588,1
CP_REPO_RIDGE_OPS_C,high_within_block_dispersion,excluding_near_zero_actual_bottom_asset_decile,log_RV_MAE,44524,10,0.9279896341069244,1.0499612258737294,-0.1219715917668049,1
CP_REPO_RIDGE_OPS_C,high_within_block_dispersion,excluding_near_zero_actual_bottom_asset_decile,log_RV_MSE,44524,10,1.8841423421682129,4.502030268773925,-2.617887926605712,1
CP_REPO_RIDGE_OPS_C,high_within_block_dispersion,excluding_near_zero_actual_bottom_asset_decile,winsorized_SMAPE_1_99,44524,10,75.999265651473,76.51503234083113,-0.5157666893581344,3
CP_REPO_RIDGE_OPS_C,high_within_block_dispersion,high_vol_actual_top_asset_quintile,SMAPE,8611,10,83.57927734565325,86.42033563979604,-2.8410582941427784,1
CP_REPO_RIDGE_OPS_C,high_within_block_dispersion,high_vol_actual_top_asset_quintile,MAE,8611,10,0.0014329468653602,0.0014494374236482,-1.649055828803879e-05,1
CP_REPO_RIDGE_OPS_C,high_within_block_dispersion,high_vol_actual_top_asset_quintile,MSE,8611,10,6.356666223296062e-06,6.38062081741145e-06,-2.3954594115386128e-08,3
CP_REPO_RIDGE_OPS_C,high_within_block_dispersion,high_vol_actual_top_asset_quintile,RMSE,8611,10,0.0024338471985146,0.002438227852692,-4.38065417743222e-06,3
CP_REPO_RIDGE_OPS_C,high_within_block_dispersion,high_vol_actual_top_asset_quintile,QLIKE,8611,10,1164588.1052037366,9532788.566125637,-8368200.460921899,1
CP_REPO_RIDGE_OPS_C,high_within_block_dispersion,high_vol_actual_top_asset_quintile,log_RV_MAE,8611,10,0.9835186676880447,1.1208901428397022,-0.1373714751516576,1
CP_REPO_RIDGE_OPS_C,high_within_block_dispersion,high_vol_actual_top_asset_quintile,log_RV_MSE,8611,10,1.6033125836104825,3.969067603078056,-2.365755019467574,1
CP_REPO_RIDGE_OPS_C,high_within_block_dispersion,high_vol_actual_top_asset_quintile,winsorized_SMAPE_1_99,8611,10,83.52311784459015,86.36722462599457,-2.8441067814044185,1
CP_REPO_GATED_RIDGE_OPS_C,all_rows,standard,SMAPE,367468,10,100.87996479236024,101.0390814503095,-0.1591166579492642,1
CP_REPO_GATED_RIDGE_OPS_C,all_rows,standard,MAE,367468,10,0.0005862627333686,0.0005851564015481,1.1063318205381083e-06,7
CP_REPO_GATED_RIDGE_OPS_C,all_rows,standard,MSE,367468,10,2.195810003722176e-06,2.1871945191869352e-06,8.615484535240522e-09,9
CP_REPO_GATED_RIDGE_OPS_C,all_rows,standard,RMSE,367468,10,0.001388809861051,0.0013864387814137,2.3710796373033862e-06,9
CP_REPO_GATED_RIDGE_OPS_C,all_rows,standard,QLIKE,367468,10,296920.5433224973,851663.3097358712,-554742.7664133739,0
CP_REPO_GATED_RIDGE_OPS_C,all_rows,standard,log_RV_MAE,367468,10,5.013575715182238,5.021053917972382,-0.0074782027901438,2
CP_REPO_GATED_RIDGE_OPS_C,all_rows,standard,log_RV_MSE,367468,10,86.01532967319302,86.06518193515207,-0.0498522619590524,4
CP_REPO_GATED_RIDGE_OPS_C,all_rows,standard,winsorized_SMAPE_1_99,367468,10,100.88870917101808,101.04759652880684,-0.158887357788751,1
CP_REPO_GATED_RIDGE_OPS_C,all_rows,excluding_near_zero_actual_bottom_asset_decile,SMAPE,280990,10,70.80150601340222,71.01523553344535,-0.2137295200431435,1
CP_REPO_GATED_RIDGE_OPS_C,all_rows,excluding_near_zero_actual_bottom_asset_decile,MAE,280990,10,0.0006347107778826,0.0006354220321168,-7.112542341995874e-07,3
CP_REPO_GATED_RIDGE_OPS_C,all_rows,excluding_near_zero_actual_bottom_asset_decile,MSE,280990,10,2.7844815379535592e-06,2.7750204080717907e-06,9.461129881768706e-09,9
CP_REPO_GATED_RIDGE_OPS_C,all_rows,excluding_near_zero_actual_bottom_asset_decile,RMSE,280990,10,0.0015906907657762,0.0015882897813937,2.4009843824840165e-06,9
CP_REPO_GATED_RIDGE_OPS_C,all_rows,excluding_near_zero_actual_bottom_asset_decile,QLIKE,280990,10,387469.9542930861,1111917.9909125834,-724448.0366194971,0
CP_REPO_GATED_RIDGE_OPS_C,all_rows,excluding_near_zero_actual_bottom_asset_decile,log_RV_MAE,280990,10,0.8477474698162,0.8690477726250797,-0.0213003028088797,0
CP_REPO_GATED_RIDGE_OPS_C,all_rows,excluding_near_zero_actual_bottom_asset_decile,log_RV_MSE,280990,10,1.4753525524316455,1.8922131381963343,-0.4168605857646891,0
CP_REPO_GATED_RIDGE_OPS_C,all_rows,excluding_near_zero_actual_bottom_asset_decile,winsorized_SMAPE_1_99,280990,10,70.73639077833658,70.94595970613481,-0.2095689277982491,1
CP_REPO_GATED_RIDGE_OPS_C,all_rows,high_vol_actual_top_asset_quintile,SMAPE,73496,10,74.0205758822783,73.7813189011094,0.2392569811689,8
CP_REPO_GATED_RIDGE_OPS_C,all_rows,high_vol_actual_top_asset_quintile,MAE,73496,10,0.0013977588560888,0.0013903807284823,7.378127606549421e-06,9
CP_REPO_GATED_RIDGE_OPS_C,all_rows,high_vol_actual_top_asset_quintile,MSE,73496,10,9.91631467307809e-06,9.864202691489716e-06,5.21119815883732e-08,10
CP_REPO_GATED_RIDGE_OPS_C,all_rows,high_vol_actual_top_asset_quintile,RMSE,73496,10,0.0029503490075918,0.0029434084657952,6.940541796635391e-06,10
CP_REPO_GATED_RIDGE_OPS_C,all_rows,high_vol_actual_top_asset_quintile,QLIKE,73496,10,577828.0338365107,2161467.114848137,-1583639.081011626,0
CP_REPO_GATED_RIDGE_OPS_C,all_rows,high_vol_actual_top_asset_quintile,log_RV_MAE,73496,10,0.8562913770706451,0.870451214922727,-0.0141598378520818,3
CP_REPO_GATED_RIDGE_OPS_C,all_rows,high_vol_actual_top_asset_quintile,log_RV_MSE,73496,10,1.2429973653708484,1.614168235354101,-0.3711708699832524,0
CP_REPO_GATED_RIDGE_OPS_C,all_rows,high_vol_actual_top_asset_quintile,winsorized_SMAPE_1_99,73496,10,73.97732781808993,73.73028422360551,0.2470435944844051,8
CP_REPO_GATED_RIDGE_OPS_C,all_observations,standard,SMAPE,367248,10,100.86366051352246,101.0178589491999,-0.1541984356774217,2
CP_REPO_GATED_RIDGE_OPS_C,all_observations,standard,MAE,367248,10,0.0005861095985985,0.0005849658633533,1.1437352452051895e-06,7
CP_REPO_GATED_RIDGE_OPS_C,all_observations,standard,MSE,367248,10,2.193500144908159e-06,2.184819311433507e-06,8.680833474651785e-09,9
CP_REPO_GATED_RIDGE_OPS_C,all_observations,standard,RMSE,367248,10,0.0013880844118661,0.0013856952998275,2.3891120386717708e-06,9
CP_REPO_GATED_RIDGE_OPS_C,all_observations,standard,QLIKE,367248,10,297098.4085887108,838207.8428920052,-541109.4343032944,0
CP_REPO_GATED_RIDGE_OPS_C,all_observations,standard,log_RV_MAE,367248,10,5.011387938732,5.01864956056709,-0.0072616218350902,2
CP_REPO_GATED_RIDGE_OPS_C,all_observations,standard,log_RV_MSE,367248,10,85.97070871507968,86.01635926770244,-0.0456505526227438,4
CP_REPO_GATED_RIDGE_OPS_C,all_observations,standard,winsorized_SMAPE_1_99,367248,10,100.87240025609772,101.02636745051733,-0.1539671944195939,2
CP_REPO_GATED_RIDGE_OPS_C,all_observations,excluding_near_zero_actual_bottom_asset_decile,SMAPE,280865,10,70.7998613143532,71.00734792162149,-0.2074866072682936,2
CP_REPO_GATED_RIDGE_OPS_C,all_observations,excluding_near_zero_actual_bottom_asset_decile,MAE,280865,10,0.0006344831477051,0.000635155107471,-6.719597659491713e-07,3
CP_REPO_GATED_RIDGE_OPS_C,all_observations,excluding_near_zero_actual_bottom_asset_decile,MSE,280865,10,2.7811051718795994e-06,2.7715990833297106e-06,9.506088549889275e-09,9
CP_REPO_GATED_RIDGE_OPS_C,all_observations,excluding_near_zero_actual_bottom_asset_decile,RMSE,280865,10,0.0015897076573964,0.0015872939470166,2.413710379800933e-06,9
CP_REPO_GATED_RIDGE_OPS_C,all_observations,excluding_near_zero_actual_bottom_asset_decile,QLIKE,280865,10,387642.3986589653,1094351.1620577164,-706708.7633987512,0
CP_REPO_GATED_RIDGE_OPS_C,all_observations,excluding_near_zero_actual_bottom_asset_decile,log_RV_MAE,280865,10,0.8477187669523202,0.8684984387616118,-0.0207796718092915,0
CP_REPO_GATED_RIDGE_OPS_C,all_observations,excluding_near_zero_actual_bottom_asset_decile,log_RV_MSE,280865,10,1.4753477712987084,1.8822214389593148,-0.4068736676606064,0
CP_REPO_GATED_RIDGE_OPS_C,all_observations,excluding_near_zero_actual_bottom_asset_decile,winsorized_SMAPE_1_99,280865,10,70.73471741592948,70.93818036751449,-0.2034629515850054,2
CP_REPO_GATED_RIDGE_OPS_C,all_observations,high_vol_actual_top_asset_quintile,SMAPE,73477,10,74.0098124350625,73.76986851121445,0.239943923848066,8
CP_REPO_GATED_RIDGE_OPS_C,all_observations,high_vol_actual_top_asset_quintile,MAE,73477,10,0.0013967078250143,0.0013893274511015,7.380373912811933e-06,9
CP_REPO_GATED_RIDGE_OPS_C,all_observations,high_vol_actual_top_asset_quintile,MSE,73477,10,9.90175140491125e-06,9.849728667595688e-06,5.2022737315562926e-08,10
CP_REPO_GATED_RIDGE_OPS_C,all_observations,high_vol_actual_top_asset_quintile,RMSE,73477,10,0.0029481653737893,0.0029412313284678,6.934045321565635e-06,10
CP_REPO_GATED_RIDGE_OPS_C,all_observations,high_vol_actual_top_asset_quintile,QLIKE,73477,10,577977.449553732,2146575.095810182,-1568597.6462564494,0
CP_REPO_GATED_RIDGE_OPS_C,all_observations,high_vol_actual_top_asset_quintile,log_RV_MAE,73477,10,0.8560873034002608,0.86999814072369,-0.0139108373234289,3
CP_REPO_GATED_RIDGE_OPS_C,all_observations,high_vol_actual_top_asset_quintile,log_RV_MSE,73477,10,1.2423106282398957,1.6077418015782916,-0.3654311733383961,0
CP_REPO_GATED_RIDGE_OPS_C,all_observations,high_vol_actual_top_asset_quintile,winsorized_SMAPE_1_99,73477,10,73.9666730676769,73.71874004192489,0.2479330257520131,8
CP_REPO_GATED_RIDGE_OPS_C,cluster_entry_loose,standard,SMAPE,73457,10,93.56088920634404,93.72584054342768,-0.1649513370836142,3
CP_REPO_GATED_RIDGE_OPS_C,cluster_entry_loose,standard,MAE,73457,10,0.0007565085518804,0.0007547019011741,1.8066507063618304e-06,6
CP_REPO_GATED_RIDGE_OPS_C,cluster_entry_loose,standard,MSE,73457,10,2.4613245517090537e-06,2.435206562836408e-06,2.611798887264599e-08,9
CP_REPO_GATED_RIDGE_OPS_C,cluster_entry_loose,standard,RMSE,73457,10,0.0014483360606577,0.0014414813934524,6.854667205339506e-06,9
CP_REPO_GATED_RIDGE_OPS_C,cluster_entry_loose,standard,QLIKE,73457,10,175829.54926030466,1081848.8643589446,-906019.31509864,1
CP_REPO_GATED_RIDGE_OPS_C,cluster_entry_loose,standard,log_RV_MAE,73457,10,3.804190144501006,3.816127443165181,-0.011937298664175,1
CP_REPO_GATED_RIDGE_OPS_C,cluster_entry_loose,standard,log_RV_MSE,73457,10,62.079879726914335,62.24658364701615,-0.1667039201018239,2
CP_REPO_GATED_RIDGE_OPS_C,cluster_entry_loose,standard,winsorized_SMAPE_1_99,73457,10,93.56917055787952,93.73306718935407,-0.1638966314745837,3
CP_REPO_GATED_RIDGE_OPS_C,cluster_entry_loose,excluding_near_zero_actual_bottom_asset_decile,SMAPE,61461,10,72.99789797170354,73.20039271337077,-0.2024947416672352,3
CP_REPO_GATED_RIDGE_OPS_C,cluster_entry_loose,excluding_near_zero_actual_bottom_asset_decile,MAE,61461,10,0.0007865964891234,0.0007867324061672,-1.3591704388030634e-07,3
CP_REPO_GATED_RIDGE_OPS_C,cluster_entry_loose,excluding_near_zero_actual_bottom_asset_decile,MSE,61461,10,2.8317450639894594e-06,2.804235446395656e-06,2.7509617593803772e-08,10
CP_REPO_GATED_RIDGE_OPS_C,cluster_entry_loose,excluding_near_zero_actual_bottom_asset_decile,RMSE,61461,10,0.0015742075191736,0.0015672585970538,6.948922119745872e-06,10
CP_REPO_GATED_RIDGE_OPS_C,cluster_entry_loose,excluding_near_zero_actual_bottom_asset_decile,QLIKE,61461,10,210144.59489315952,1292684.115403258,-1082539.520510099,2
CP_REPO_GATED_RIDGE_OPS_C,cluster_entry_loose,excluding_near_zero_actual_bottom_asset_decile,log_RV_MAE,61461,10,0.8662174520726127,0.8878081557269183,-0.0215907036543056,0
CP_REPO_GATED_RIDGE_OPS_C,cluster_entry_loose,excluding_near_zero_actual_bottom_asset_decile,log_RV_MSE,61461,10,1.3601494572286972,1.778461084211883,-0.4183116269831856,0
CP_REPO_GATED_RIDGE_OPS_C,cluster_entry_loose,excluding_near_zero_actual_bottom_asset_decile,winsorized_SMAPE_1_99,61461,10,72.93293539887844,73.13106976621096,-0.1981343673325105,3
CP_REPO_GATED_RIDGE_OPS_C,cluster_entry_loose,high_vol_actual_top_asset_quintile,SMAPE,22973,10,69.00735262283271,68.00312981649418,1.0042228063385428,8
CP_REPO_GATED_RIDGE_OPS_C,cluster_entry_loose,high_vol_actual_top_asset_quintile,MAE,22973,10,0.0012877885229073,0.0012700869020082,1.7701620899084353e-05,9
CP_REPO_GATED_RIDGE_OPS_C,cluster_entry_loose,high_vol_actual_top_asset_quintile,MSE,22973,10,6.7247425578925214e-06,6.631390406524389e-06,9.335215136813167e-08,10
CP_REPO_GATED_RIDGE_OPS_C,cluster_entry_loose,high_vol_actual_top_asset_quintile,RMSE,22973,10,0.0023906769741809,0.0023748122130065,1.5864761174360314e-05,10
CP_REPO_GATED_RIDGE_OPS_C,cluster_entry_loose,high_vol_actual_top_asset_quintile,QLIKE,22973,10,268014.68012032646,2464042.729565268,-2196028.0494449413,4
CP_REPO_GATED_RIDGE_OPS_C,cluster_entry_loose,high_vol_actual_top_asset_quintile,log_RV_MAE,22973,10,0.7732837175225007,0.7822814616563999,-0.0089977441338992,4
CP_REPO_GATED_RIDGE_OPS_C,cluster_entry_loose,high_vol_actual_top_asset_quintile,log_RV_MSE,22973,10,0.9451687695589692,1.3829796720920366,-0.4378109025330676,3
CP_REPO_GATED_RIDGE_OPS_C,cluster_entry_loose,high_vol_actual_top_asset_quintile,winsorized_SMAPE_1_99,22973,10,68.91269580989183,67.89071504240165,1.0219807674901789,8
CP_REPO_GATED_RIDGE_OPS_C,recent_spike_position,standard,SMAPE,125358,10,111.5312633098087,111.52347690803828,0.0077864017703763,6
CP_REPO_GATED_RIDGE_OPS_C,recent_spike_position,standard,MAE,125358,10,0.000609182778318,0.0006050889324342,4.093845883783649e-06,10
CP_REPO_GATED_RIDGE_OPS_C,recent_spike_position,standard,MSE,125358,10,2.105711101802365e-06,2.091133703486972e-06,1.457739831539323e-08,10
CP_REPO_GATED_RIDGE_OPS_C,recent_spike_position,standard,RMSE,125358,10,0.0013297050754869,0.0013254675625846,4.23751290232441e-06,10
CP_REPO_GATED_RIDGE_OPS_C,recent_spike_position,standard,QLIKE,125358,10,249149.85066705736,826815.6315724899,-577665.7809054325,1
CP_REPO_GATED_RIDGE_OPS_C,recent_spike_position,standard,log_RV_MAE,125358,10,6.256003684262452,6.258894954551842,-0.0028912702893893,2
CP_REPO_GATED_RIDGE_OPS_C,recent_spike_position,standard,log_RV_MSE,125358,10,109.413873260945,109.38968254642998,0.02419071451501,2
CP_REPO_GATED_RIDGE_OPS_C,recent_spike_position,standard,winsorized_SMAPE_1_99,125358,10,111.54553490151334,111.53609168143582,0.0094432200775296,7
CP_REPO_GATED_RIDGE_OPS_C,recent_spike_position,excluding_near_zero_actual_bottom_asset_decile,SMAPE,87314,10,73.36349002624341,73.36285909973972,0.0006309265037039,6
CP_REPO_GATED_RIDGE_OPS_C,recent_spike_position,excluding_near_zero_actual_bottom_asset_decile,MAE,87314,10,0.0007165853575134,0.0007143916269568,2.1937305566227917e-06,8
CP_REPO_GATED_RIDGE_OPS_C,recent_spike_position,excluding_near_zero_actual_bottom_asset_decile,MSE,87314,10,2.911648263991405e-06,2.895597843086763e-06,1.605042090464239e-08,8
CP_REPO_GATED_RIDGE_OPS_C,recent_spike_position,excluding_near_zero_actual_bottom_asset_decile,RMSE,87314,10,0.0016055951177445,0.0016013356623098,4.259455434717283e-06,8
CP_REPO_GATED_RIDGE_OPS_C,recent_spike_position,excluding_near_zero_actual_bottom_asset_decile,QLIKE,87314,10,357700.4542242482,1186526.886918011,-828826.4326937625,1
CP_REPO_GATED_RIDGE_OPS_C,recent_spike_position,excluding_near_zero_actual_bottom_asset_decile,log_RV_MAE,87314,10,0.8796930028966632,0.8951979781048778,-0.0155049752082144,0
CP_REPO_GATED_RIDGE_OPS_C,recent_spike_position,excluding_near_zero_actual_bottom_asset_decile,log_RV_MSE,87314,10,1.46266464228245,1.8134779244350576,-0.3508132821526079,0
CP_REPO_GATED_RIDGE_OPS_C,recent_spike_position,excluding_near_zero_actual_bottom_asset_decile,winsorized_SMAPE_1_99,87314,10,73.3008461151611,73.29837107395035,0.0024750412107444,7
CP_REPO_GATED_RIDGE_OPS_C,recent_spike_position,high_vol_actual_top_asset_quintile,SMAPE,25722,10,76.6380234808837,76.7866267454938,-0.1486032646101046,4
CP_REPO_GATED_RIDGE_OPS_C,recent_spike_position,high_vol_actual_top_asset_quintile,MAE,25722,10,0.0014520315728545,0.0014466679973414,5.3635755130610704e-06,7
CP_REPO_GATED_RIDGE_OPS_C,recent_spike_position,high_vol_actual_top_asset_quintile,MSE,25722,10,9.030757734515107e-06,8.983033933075019e-06,4.7723801440088035e-08,7
CP_REPO_GATED_RIDGE_OPS_C,recent_spike_position,high_vol_actual_top_asset_quintile,RMSE,25722,10,0.002817499668717,0.0028111446394604,6.355029256595443e-06,7
CP_REPO_GATED_RIDGE_OPS_C,recent_spike_position,high_vol_actual_top_asset_quintile,QLIKE,25722,10,730283.7780196941,2766350.592189183,-2036066.8141694893,0
CP_REPO_GATED_RIDGE_OPS_C,recent_spike_position,high_vol_actual_top_asset_quintile,log_RV_MAE,25722,10,0.8980758793102885,0.9183328063938528,-0.0202569270835643,1
CP_REPO_GATED_RIDGE_OPS_C,recent_spike_position,high_vol_actual_top_asset_quintile,log_RV_MSE,25722,10,1.3696668123426177,1.77790849975618,-0.4082416874135621,0
CP_REPO_GATED_RIDGE_OPS_C,recent_spike_position,high_vol_actual_top_asset_quintile,winsorized_SMAPE_1_99,25722,10,76.58265438950966,76.71868705610865,-0.1360326665989708,4
CP_REPO_GATED_RIDGE_OPS_C,cluster_exit_loose,standard,SMAPE,73455,10,97.78270322300334,98.05428033322856,-0.2715771102252035,0
CP_REPO_GATED_RIDGE_OPS_C,cluster_exit_loose,standard,MAE,73455,10,0.0006171643472766,0.0006146994593268,2.4648879497807472e-06,10
CP_REPO_GATED_RIDGE_OPS_C,cluster_exit_loose,standard,MSE,73455,10,2.753487709512812e-06,2.747828974382926e-06,5.658735129886417e-09,6
CP_REPO_GATED_RIDGE_OPS_C,cluster_exit_loose,standard,RMSE,73455,10,0.001537824377701,0.001536506622119,1.3177555819632014e-06,6
CP_REPO_GATED_RIDGE_OPS_C,cluster_exit_loose,standard,QLIKE,73455,10,319713.10949986114,1073361.1916754951,-753648.082175634,2
CP_REPO_GATED_RIDGE_OPS_C,cluster_exit_loose,standard,log_RV_MAE,73455,10,4.775102499739926,4.786136650114198,-0.0110341503742712,5
CP_REPO_GATED_RIDGE_OPS_C,cluster_exit_loose,standard,log_RV_MSE,73455,10,82.09800802784856,82.13969707577859,-0.0416890479300099,5
CP_REPO_GATED_RIDGE_OPS_C,cluster_exit_loose,standard,winsorized_SMAPE_1_99,73455,10,97.79101156573374,98.0624535451562,-0.2714419794224666,0
CP_REPO_GATED_RIDGE_OPS_C,cluster_exit_loose,excluding_near_zero_actual_bottom_asset_decile,SMAPE,57273,10,69.26376081385803,69.62180595982564,-0.3580451459675944,0
CP_REPO_GATED_RIDGE_OPS_C,cluster_exit_loose,excluding_near_zero_actual_bottom_asset_decile,MAE,57273,10,0.000661178907095,0.0006618825545475,-7.036474525258192e-07,5
CP_REPO_GATED_RIDGE_OPS_C,cluster_exit_loose,excluding_near_zero_actual_bottom_asset_decile,MSE,57273,10,3.4480117172837792e-06,3.4437938863738994e-06,4.21783090987943e-09,5
CP_REPO_GATED_RIDGE_OPS_C,cluster_exit_loose,excluding_near_zero_actual_bottom_asset_decile,RMSE,57273,10,0.0017516744733704,0.0017508534297477,8.210436226917799e-07,5
CP_REPO_GATED_RIDGE_OPS_C,cluster_exit_loose,excluding_near_zero_actual_bottom_asset_decile,QLIKE,57273,10,409447.8060087569,1374374.5404806852,-964926.7344719284,2
CP_REPO_GATED_RIDGE_OPS_C,cluster_exit_loose,excluding_near_zero_actual_bottom_asset_decile,log_RV_MAE,57273,10,0.8285547380337411,0.8595312606040493,-0.0309765225703081,2
CP_REPO_GATED_RIDGE_OPS_C,cluster_exit_loose,excluding_near_zero_actual_bottom_asset_decile,log_RV_MSE,57273,10,1.468738852648666,2.069814888719294,-0.6010760360706284,2
CP_REPO_GATED_RIDGE_OPS_C,cluster_exit_loose,excluding_near_zero_actual_bottom_asset_decile,winsorized_SMAPE_1_99,57273,10,69.19739766691099,69.55033389210317,-0.3529362251921669,0
CP_REPO_GATED_RIDGE_OPS_C,cluster_exit_loose,high_vol_actual_top_asset_quintile,SMAPE,17006,10,68.55587459894774,69.68666027418516,-1.130785675237426,0
CP_REPO_GATED_RIDGE_OPS_C,cluster_exit_loose,high_vol_actual_top_asset_quintile,MAE,17006,10,0.0013369827883075,0.0013439644458944,-6.981657586927477e-06,0
CP_REPO_GATED_RIDGE_OPS_C,cluster_exit_loose,high_vol_actual_top_asset_quintile,MSE,17006,10,1.0979860152382522e-05,1.096431658050157e-05,1.5543571880952093e-08,6
CP_REPO_GATED_RIDGE_OPS_C,cluster_exit_loose,high_vol_actual_top_asset_quintile,RMSE,17006,10,0.0030405995595415,0.0030391047187315,1.494840810052047e-06,6
CP_REPO_GATED_RIDGE_OPS_C,cluster_exit_loose,high_vol_actual_top_asset_quintile,QLIKE,17006,10,263331.26459515106,2009722.2635254457,-1746390.9989302943,0
CP_REPO_GATED_RIDGE_OPS_C,cluster_exit_loose,high_vol_actual_top_asset_quintile,log_RV_MAE,17006,10,0.779457159228256,0.8147130591257016,-0.0352558998974456,0
CP_REPO_GATED_RIDGE_OPS_C,cluster_exit_loose,high_vol_actual_top_asset_quintile,log_RV_MSE,17006,10,0.9978065877696454,1.5037819781050783,-0.5059753903354333,0
CP_REPO_GATED_RIDGE_OPS_C,cluster_exit_loose,high_vol_actual_top_asset_quintile,winsorized_SMAPE_1_99,17006,10,68.5145672335015,69.63275990458432,-1.118192671082808,0
CP_REPO_GATED_RIDGE_OPS_C,older_spike_position,standard,SMAPE,108871,10,97.43444156272852,97.60083193856887,-0.1663903758403477,2
CP_REPO_GATED_RIDGE_OPS_C,older_spike_position,standard,MAE,108871,10,0.0005701423444708,0.0005679064293131,2.235915157700338e-06,10
CP_REPO_GATED_RIDGE_OPS_C,older_spike_position,standard,MSE,108871,10,2.325430719071407e-06,2.32159436065746e-06,3.8363584139468645e-09,6
CP_REPO_GATED_RIDGE_OPS_C,older_spike_position,standard,RMSE,108871,10,0.0014265116032149,0.0014256753100865,8.362931284360592e-07,6
CP_REPO_GATED_RIDGE_OPS_C,older_spike_position,standard,QLIKE,108871,10,310676.42338787334,823379.4342654158,-512703.01087754255,0
CP_REPO_GATED_RIDGE_OPS_C,older_spike_position,standard,log_RV_MAE,108871,10,4.699872146442731,4.706047428914332,-0.0061752824716014,3
CP_REPO_GATED_RIDGE_OPS_C,older_spike_position,standard,log_RV_MSE,108871,10,80.56611779435829,80.54913212131376,0.0169856730445354,3
CP_REPO_GATED_RIDGE_OPS_C,older_spike_position,standard,winsorized_SMAPE_1_99,108871,10,97.44221425187747,97.60867747862996,-0.1664632267524891,2
CP_REPO_GATED_RIDGE_OPS_C,older_spike_position,excluding_near_zero_actual_bottom_asset_decile,SMAPE,85180,10,69.3545856504564,69.57887861364036,-0.2242929631839514,1
CP_REPO_GATED_RIDGE_OPS_C,older_spike_position,excluding_near_zero_actual_bottom_asset_decile,MAE,85180,10,0.0005996808597667,0.0005999532703106,-2.7241054393952725e-07,4
CP_REPO_GATED_RIDGE_OPS_C,older_spike_position,excluding_near_zero_actual_bottom_asset_decile,MSE,85180,10,2.892131608948893e-06,2.889610383593233e-06,2.521225355659505e-09,5
CP_REPO_GATED_RIDGE_OPS_C,older_spike_position,excluding_near_zero_actual_bottom_asset_decile,RMSE,85180,10,0.0016071511084485,0.0016067941736083,3.569348402006862e-07,5
CP_REPO_GATED_RIDGE_OPS_C,older_spike_position,excluding_near_zero_actual_bottom_asset_decile,QLIKE,85180,10,395338.3603923037,1050900.7934573104,-655562.4330650069,0
CP_REPO_GATED_RIDGE_OPS_C,older_spike_position,excluding_near_zero_actual_bottom_asset_decile,log_RV_MAE,85180,10,0.8306895025168325,0.8540208755006146,-0.023331372983782,0
CP_REPO_GATED_RIDGE_OPS_C,older_spike_position,excluding_near_zero_actual_bottom_asset_decile,log_RV_MSE,85180,10,1.4717707449212003,1.9370523485358209,-0.4652816036146203,0
CP_REPO_GATED_RIDGE_OPS_C,older_spike_position,excluding_near_zero_actual_bottom_asset_decile,winsorized_SMAPE_1_99,85180,10,69.28381540261677,69.5041603970129,-0.2203449943961188,1
CP_REPO_GATED_RIDGE_OPS_C,older_spike_position,high_vol_actual_top_asset_quintile,SMAPE,20509,10,71.97662527280492,73.08487505609234,-1.1082497832874123,0
CP_REPO_GATED_RIDGE_OPS_C,older_spike_position,high_vol_actual_top_asset_quintile,MAE,20509,10,0.0014069911717764,0.0014127866158837,-5.795444107239591e-06,0
CP_REPO_GATED_RIDGE_OPS_C,older_spike_position,high_vol_actual_top_asset_quintile,MSE,20509,10,1.1340659190055558e-05,1.132941759601268e-05,1.1241594042879708e-08,5
CP_REPO_GATED_RIDGE_OPS_C,older_spike_position,high_vol_actual_top_asset_quintile,RMSE,20509,10,0.0031001645234287,0.0030997093449937,4.551784350139254e-07,5
CP_REPO_GATED_RIDGE_OPS_C,older_spike_position,high_vol_actual_top_asset_quintile,QLIKE,20509,10,528354.6846762492,1713973.507115096,-1185618.822438846,0
CP_REPO_GATED_RIDGE_OPS_C,older_spike_position,high_vol_actual_top_asset_quintile,log_RV_MAE,20509,10,0.8302399911732007,0.8572789878212873,-0.0270389966480865,0
CP_REPO_GATED_RIDGE_OPS_C,older_spike_position,high_vol_actual_top_asset_quintile,log_RV_MSE,20509,10,1.1982180799171949,1.5174221018375815,-0.3192040219203866,0
CP_REPO_GATED_RIDGE_OPS_C,older_spike_position,high_vol_actual_top_asset_quintile,winsorized_SMAPE_1_99,20509,10,71.93587644514969,73.03956260436351,-1.1036861592138163,0
CP_REPO_GATED_RIDGE_OPS_C,high_within_block_dispersion,standard,SMAPE,68970,10,119.60427233753936,119.63366345191126,-0.0293911143718947,5
CP_REPO_GATED_RIDGE_OPS_C,high_within_block_dispersion,standard,MAE,68970,10,0.0005686239436959,0.0005573060284214,1.131791527446003e-05,9
CP_REPO_GATED_RIDGE_OPS_C,high_within_block_dispersion,standard,MSE,68970,10,1.1231333770356058e-06,1.1077807881839817e-06,1.535258885162416e-08,9
CP_REPO_GATED_RIDGE_OPS_C,high_within_block_dispersion,standard,RMSE,68970,10,0.0010218476548916,0.0010154061119813,6.4415429102356175e-06,9
CP_REPO_GATED_RIDGE_OPS_C,high_within_block_dispersion,standard,QLIKE,68970,10,503895.0954919666,1418302.8413251112,-914407.7458331442,1
CP_REPO_GATED_RIDGE_OPS_C,high_within_block_dispersion,standard,log_RV_MAE,68970,10,7.336315052592766,7.342944058862299,-0.006629006269533,6
CP_REPO_GATED_RIDGE_OPS_C,high_within_block_dispersion,standard,log_RV_MSE,68970,10,134.18160425169935,134.06282611198384,0.1187781397155019,7
CP_REPO_GATED_RIDGE_OPS_C,high_within_block_dispersion,standard,winsorized_SMAPE_1_99,68970,10,119.61807792324268,119.647358504074,-0.0292805808312923,5
CP_REPO_GATED_RIDGE_OPS_C,high_within_block_dispersion,excluding_near_zero_actual_bottom_asset_decile,SMAPE,44524,10,76.0726803313092,76.14404937860735,-0.0713690472981561,5
CP_REPO_GATED_RIDGE_OPS_C,high_within_block_dispersion,excluding_near_zero_actual_bottom_asset_decile,MAE,44524,10,0.0006047171369936,0.000598423474956,6.293662037675924e-06,8
CP_REPO_GATED_RIDGE_OPS_C,high_within_block_dispersion,excluding_near_zero_actual_bottom_asset_decile,MSE,44524,10,1.5377627543209002e-06,1.527006479931408e-06,1.0756274389492376e-08,6
CP_REPO_GATED_RIDGE_OPS_C,high_within_block_dispersion,excluding_near_zero_actual_bottom_asset_decile,RMSE,44524,10,0.0012018726265101,0.0011981946670369,3.677959473116597e-06,6
CP_REPO_GATED_RIDGE_OPS_C,high_within_block_dispersion,excluding_near_zero_actual_bottom_asset_decile,QLIKE,44524,10,778263.0005437186,2192629.2427939754,-1414366.2422502562,1
CP_REPO_GATED_RIDGE_OPS_C,high_within_block_dispersion,excluding_near_zero_actual_bottom_asset_decile,log_RV_MAE,44524,10,0.9279896341069244,0.9715103560440724,-0.0435207219371477,1
CP_REPO_GATED_RIDGE_OPS_C,high_within_block_dispersion,excluding_near_zero_actual_bottom_asset_decile,log_RV_MSE,44524,10,1.8841423421682129,2.842045448816341,-0.957903106648128,1
CP_REPO_GATED_RIDGE_OPS_C,high_within_block_dispersion,excluding_near_zero_actual_bottom_asset_decile,winsorized_SMAPE_1_99,44524,10,75.999265651473,76.06948207672558,-0.0702164252525739,5
CP_REPO_GATED_RIDGE_OPS_C,high_within_block_dispersion,high_vol_actual_top_asset_quintile,SMAPE,8611,10,83.57927734565325,85.26829809829111,-1.689020752637853,1
CP_REPO_GATED_RIDGE_OPS_C,high_within_block_dispersion,high_vol_actual_top_asset_quintile,MAE,8611,10,0.0014329468653602,0.0014422954087548,-9.348543394617256e-06,2
CP_REPO_GATED_RIDGE_OPS_C,high_within_block_dispersion,high_vol_actual_top_asset_quintile,MSE,8611,10,6.356666223296062e-06,6.385534282072129e-06,-2.8868058776066028e-08,3
CP_REPO_GATED_RIDGE_OPS_C,high_within_block_dispersion,high_vol_actual_top_asset_quintile,RMSE,8611,10,0.0024338471985146,0.002439580153769,-5.732955254432218e-06,3
CP_REPO_GATED_RIDGE_OPS_C,high_within_block_dispersion,high_vol_actual_top_asset_quintile,QLIKE,8611,10,1164588.1052037366,4827548.943458331,-3662960.838254594,1
CP_REPO_GATED_RIDGE_OPS_C,high_within_block_dispersion,high_vol_actual_top_asset_quintile,log_RV_MAE,8611,10,0.9835186676880447,1.049444329226351,-0.0659256615383059,1
CP_REPO_GATED_RIDGE_OPS_C,high_within_block_dispersion,high_vol_actual_top_asset_quintile,log_RV_MSE,8611,10,1.6033125836104825,2.634185218433893,-1.0308726348234107,1
CP_REPO_GATED_RIDGE_OPS_C,high_within_block_dispersion,high_vol_actual_top_asset_quintile,winsorized_SMAPE_1_99,8611,10,83.52311784459015,85.1908256222977,-1.6677077777075546,1
CP_REPO_OPS_HG,all_rows,standard,SMAPE,367468,10,100.87996479236024,101.02476144000292,-0.1447966476427176,4
CP_REPO_OPS_HG,all_rows,standard,MAE,367468,10,0.0005862627333686,0.000581548477313,4.714256055691835e-06,10
CP_REPO_OPS_HG,all_rows,standard,MSE,367468,10,2.195810003722176e-06,2.1775158776669463e-06,1.8294126055229584e-08,9
CP_REPO_OPS_HG,all_rows,standard,RMSE,367468,10,0.001388809861051,0.0013833396482958,5.47021275513609e-06,9
CP_REPO_OPS_HG,all_rows,standard,QLIKE,367468,10,296920.5433224973,1214327.823998429,-917407.2806759322,0
CP_REPO_OPS_HG,all_rows,standard,log_RV_MAE,367468,10,5.013575715182238,5.021350942123067,-0.0077752269408286,5
CP_REPO_OPS_HG,all_rows,standard,log_RV_MSE,367468,10,86.01532967319302,85.98216678823383,0.0331628849591998,6
CP_REPO_OPS_HG,all_rows,standard,winsorized_SMAPE_1_99,367468,10,100.88870917101808,101.03350930553172,-0.1448001345136204,4
CP_REPO_OPS_HG,all_rows,excluding_near_zero_actual_bottom_asset_decile,SMAPE,280990,10,70.80150601340222,71.01075269511117,-0.209246681708949,3
CP_REPO_OPS_HG,all_rows,excluding_near_zero_actual_bottom_asset_decile,MAE,280990,10,0.0006347107778826,0.0006341350889551,5.756889275291594e-07,7
CP_REPO_OPS_HG,all_rows,excluding_near_zero_actual_bottom_asset_decile,MSE,280990,10,2.7844815379535592e-06,2.766526645426584e-06,1.7954892526975106e-08,10
CP_REPO_OPS_HG,all_rows,excluding_near_zero_actual_bottom_asset_decile,RMSE,280990,10,0.0015906907657762,0.0015857350741558,4.955691620372621e-06,10
CP_REPO_OPS_HG,all_rows,excluding_near_zero_actual_bottom_asset_decile,QLIKE,280990,10,387469.9542930861,1585303.700633947,-1197833.7463408606,0
CP_REPO_OPS_HG,all_rows,excluding_near_zero_actual_bottom_asset_decile,log_RV_MAE,280990,10,0.8477474698162,0.8845288226980735,-0.0367813528818734,0
CP_REPO_OPS_HG,all_rows,excluding_near_zero_actual_bottom_asset_decile,log_RV_MSE,280990,10,1.4753525524316455,2.234771605880101,-0.7594190534484556,0
CP_REPO_OPS_HG,all_rows,excluding_near_zero_actual_bottom_asset_decile,winsorized_SMAPE_1_99,280990,10,70.73639077833658,70.93702655204163,-0.2006357737050448,4
CP_REPO_OPS_HG,all_rows,high_vol_actual_top_asset_quintile,SMAPE,73496,10,74.0205758822783,72.97797305646415,1.0426028258141675,9
CP_REPO_OPS_HG,all_rows,high_vol_actual_top_asset_quintile,MAE,73496,10,0.0013977588560888,0.0013805542221198,1.7204633968976525e-05,10
CP_REPO_OPS_HG,all_rows,high_vol_actual_top_asset_quintile,MSE,73496,10,9.91631467307809e-06,9.829594666014092e-06,8.67200070639974e-08,10
CP_REPO_OPS_HG,all_rows,high_vol_actual_top_asset_quintile,RMSE,73496,10,0.0029503490075918,0.0029381806719859,1.2168335605912402e-05,10
CP_REPO_OPS_HG,all_rows,high_vol_actual_top_asset_quintile,QLIKE,73496,10,577828.0338365107,2911785.8389915763,-2333957.8051550663,0
CP_REPO_OPS_HG,all_rows,high_vol_actual_top_asset_quintile,log_RV_MAE,73496,10,0.8562913770706451,0.8737514000656572,-0.017460022995012,4
CP_REPO_OPS_HG,all_rows,high_vol_actual_top_asset_quintile,log_RV_MSE,73496,10,1.2429973653708484,1.8696768213037929,-0.6266794559329442,0
CP_REPO_OPS_HG,all_rows,high_vol_actual_top_asset_quintile,winsorized_SMAPE_1_99,73496,10,73.97732781808993,72.91888165786209,1.0584461602278386,9
CP_REPO_OPS_HG,all_observations,standard,SMAPE,367248,10,100.86366051352246,101.00029569401975,-0.1366351804973125,4
CP_REPO_OPS_HG,all_observations,standard,MAE,367248,10,0.0005861095985985,0.000581341493858,4.7681047405363895e-06,10
CP_REPO_OPS_HG,all_observations,standard,MSE,367248,10,2.193500144908159e-06,2.1750923910104394e-06,1.8407753897719355e-08,9
CP_REPO_OPS_HG,all_observations,standard,RMSE,367248,10,0.0013880844118661,0.0013825844549689,5.49995689721796e-06,9
CP_REPO_OPS_HG,all_observations,standard,QLIKE,367248,10,297098.4085887108,1199319.0324286383,-902220.6238399276,0
CP_REPO_OPS_HG,all_observations,standard,log_RV_MAE,367248,10,5.011387938732,5.018703795647276,-0.007315856915276,5
CP_REPO_OPS_HG,all_observations,standard,log_RV_MSE,367248,10,85.97070871507968,85.92921701181108,0.0414917032686097,6
CP_REPO_OPS_HG,all_observations,standard,winsorized_SMAPE_1_99,367248,10,100.87240025609772,101.0090435888217,-0.1366433327239925,4
CP_REPO_OPS_HG,all_observations,excluding_near_zero_actual_bottom_asset_decile,SMAPE,280865,10,70.7998613143532,70.99866674149217,-0.1988054271389717,3
CP_REPO_OPS_HG,all_observations,excluding_near_zero_actual_bottom_asset_decile,MAE,280865,10,0.0006344831477051,0.0006338475360404,6.35611664728405e-07,7
CP_REPO_OPS_HG,all_observations,excluding_near_zero_actual_bottom_asset_decile,MSE,280865,10,2.7811051718795994e-06,2.763059854299186e-06,1.804531758041301e-08,10
CP_REPO_OPS_HG,all_observations,excluding_near_zero_actual_bottom_asset_decile,RMSE,280865,10,0.0015897076573964,0.0015847297649121,4.97789248426671e-06,10
CP_REPO_OPS_HG,all_observations,excluding_near_zero_actual_bottom_asset_decile,QLIKE,280865,10,387642.3986589653,1565632.4145207808,-1177990.0158618153,0
CP_REPO_OPS_HG,all_observations,excluding_near_zero_actual_bottom_asset_decile,log_RV_MAE,280865,10,0.8477187669523202,0.8836350386876862,-0.0359162717353659,0
CP_REPO_OPS_HG,all_observations,excluding_near_zero_actual_bottom_asset_decile,log_RV_MSE,280865,10,1.4753477712987084,2.218324746453515,-0.7429769751548065,0
CP_REPO_OPS_HG,all_observations,excluding_near_zero_actual_bottom_asset_decile,winsorized_SMAPE_1_99,280865,10,70.73471741592948,70.92511260351233,-0.1903951875828507,4
CP_REPO_OPS_HG,all_observations,high_vol_actual_top_asset_quintile,SMAPE,73477,10,74.0098124350625,72.96582823447042,1.0439842005920883,9
CP_REPO_OPS_HG,all_observations,high_vol_actual_top_asset_quintile,MAE,73477,10,0.0013967078250143,0.0013794878714268,1.7219953587465002e-05,10
CP_REPO_OPS_HG,all_observations,high_vol_actual_top_asset_quintile,MSE,73477,10,9.90175140491125e-06,9.815045863415416e-06,8.670554149583285e-08,10
CP_REPO_OPS_HG,all_observations,high_vol_actual_top_asset_quintile,RMSE,73477,10,0.0029481653737893,0.0029359952676508,1.217010613854387e-05,10
CP_REPO_OPS_HG,all_observations,high_vol_actual_top_asset_quintile,QLIKE,73477,10,577977.449553732,2897087.840601449,-2319110.3910477166,0
CP_REPO_OPS_HG,all_observations,high_vol_actual_top_asset_quintile,log_RV_MAE,73477,10,0.8560873034002608,0.8732937534048142,-0.0172064500045532,4
CP_REPO_OPS_HG,all_observations,high_vol_actual_top_asset_quintile,log_RV_MSE,73477,10,1.2423106282398957,1.86330951374812,-0.6209988855082245,0
CP_REPO_OPS_HG,all_observations,high_vol_actual_top_asset_quintile,winsorized_SMAPE_1_99,73477,10,73.9666730676769,72.90682532140602,1.0598477462708855,9
CP_REPO_OPS_HG,cluster_entry_loose,standard,SMAPE,73457,10,93.56088920634404,93.36882798686128,0.1920612194827519,6
CP_REPO_OPS_HG,cluster_entry_loose,standard,MAE,73457,10,0.0007565085518804,0.0007392261937856,1.7282358094848223e-05,9
CP_REPO_OPS_HG,cluster_entry_loose,standard,MSE,73457,10,2.4613245517090537e-06,2.412279046893677e-06,4.9045504815376674e-08,9
CP_REPO_OPS_HG,cluster_entry_loose,standard,RMSE,73457,10,0.0014483360606577,0.0014341383649276,1.4197695730083e-05,9
CP_REPO_OPS_HG,cluster_entry_loose,standard,QLIKE,73457,10,175829.54926030466,2041219.1936563724,-1865389.644396068,0
CP_REPO_OPS_HG,cluster_entry_loose,standard,log_RV_MAE,73457,10,3.804190144501006,3.8100631426033473,-0.0058729981023415,4
CP_REPO_OPS_HG,cluster_entry_loose,standard,log_RV_MSE,73457,10,62.079879726914335,62.07026680643886,0.0096129204754907,5
CP_REPO_OPS_HG,cluster_entry_loose,standard,winsorized_SMAPE_1_99,73457,10,93.56917055787952,93.37653194764331,0.1926386102362066,6
CP_REPO_OPS_HG,cluster_entry_loose,excluding_near_zero_actual_bottom_asset_decile,SMAPE,61461,10,72.99789797170354,72.79770274191307,0.2001952297904844,6
CP_REPO_OPS_HG,cluster_entry_loose,excluding_near_zero_actual_bottom_asset_decile,MAE,61461,10,0.0007865964891234,0.000776534067413,1.0062421710357011e-05,9
CP_REPO_OPS_HG,cluster_entry_loose,excluding_near_zero_actual_bottom_asset_decile,MSE,61461,10,2.8317450639894594e-06,2.7901675575057726e-06,4.1577506483686946e-08,10
CP_REPO_OPS_HG,cluster_entry_loose,excluding_near_zero_actual_bottom_asset_decile,RMSE,61461,10,0.0015742075191736,0.0015629493502449,1.1258168928625796e-05,10
CP_REPO_OPS_HG,cluster_entry_loose,excluding_near_zero_actual_bottom_asset_decile,QLIKE,61461,10,210144.59489315952,2437459.577925813,-2227314.983032653,0
CP_REPO_OPS_HG,cluster_entry_loose,excluding_near_zero_actual_bottom_asset_decile,log_RV_MAE,61461,10,0.8662174520726127,0.9050397289035512,-0.0388222768309387,0
CP_REPO_OPS_HG,cluster_entry_loose,excluding_near_zero_actual_bottom_asset_decile,log_RV_MSE,61461,10,1.3601494572286972,2.2992016932408306,-0.9390522360121336,0
CP_REPO_OPS_HG,cluster_entry_loose,excluding_near_zero_actual_bottom_asset_decile,winsorized_SMAPE_1_99,61461,10,72.93293539887844,72.72306719597385,0.2098682029045759,6
CP_REPO_OPS_HG,cluster_entry_loose,high_vol_actual_top_asset_quintile,SMAPE,22973,10,69.00735262283271,69.40487324412233,-0.3975206212896266,5
CP_REPO_OPS_HG,cluster_entry_loose,high_vol_actual_top_asset_quintile,MAE,22973,10,0.0012877885229073,0.001279800258243,7.988264664293838e-06,6
CP_REPO_OPS_HG,cluster_entry_loose,high_vol_actual_top_asset_quintile,MSE,22973,10,6.7247425578925214e-06,6.6594166089377165e-06,6.532594895480548e-08,8
CP_REPO_OPS_HG,cluster_entry_loose,high_vol_actual_top_asset_quintile,RMSE,22973,10,0.0023906769741809,0.0023799413409514,1.073563322948146e-05,8
CP_REPO_OPS_HG,cluster_entry_loose,high_vol_actual_top_asset_quintile,QLIKE,22973,10,268014.68012032646,4276537.184465408,-4008522.5043450817,0
CP_REPO_OPS_HG,cluster_entry_loose,high_vol_actual_top_asset_quintile,log_RV_MAE,22973,10,0.7732837175225007,0.8231204653925311,-0.0498367478700303,1
CP_REPO_OPS_HG,cluster_entry_loose,high_vol_actual_top_asset_quintile,log_RV_MSE,22973,10,0.9451687695589692,1.9190858559196464,-0.9739170863606772,0
CP_REPO_OPS_HG,cluster_entry_loose,high_vol_actual_top_asset_quintile,winsorized_SMAPE_1_99,22973,10,68.91269580989183,69.29600383801615,-0.3833080281243063,5
CP_REPO_OPS_HG,recent_spike_position,standard,SMAPE,125358,10,111.5312633098087,111.301602732875,0.229660576933688,7
CP_REPO_OPS_HG,recent_spike_position,standard,MAE,125358,10,0.000609182778318,0.0005950622334701,1.4120544847891366e-05,10
CP_REPO_OPS_HG,recent_spike_position,standard,MSE,125358,10,2.105711101802365e-06,2.07738641805197e-06,2.8324683750394927e-08,10
CP_REPO_OPS_HG,recent_spike_position,standard,RMSE,125358,10,0.0013297050754869,0.0013209094842322,8.795591254668646e-06,10
CP_REPO_OPS_HG,recent_spike_position,standard,QLIKE,125358,10,249149.85066705736,1134861.7978205278,-885711.9471534705,0
CP_REPO_OPS_HG,recent_spike_position,standard,log_RV_MAE,125358,10,6.256003684262452,6.244541154796672,0.0114625294657791,7
CP_REPO_OPS_HG,recent_spike_position,standard,log_RV_MSE,125358,10,109.413873260945,108.94294100146688,0.4709322594781058,7
CP_REPO_OPS_HG,recent_spike_position,standard,winsorized_SMAPE_1_99,125358,10,111.54553490151334,111.31455151593704,0.2309833855763119,7
CP_REPO_OPS_HG,recent_spike_position,excluding_near_zero_actual_bottom_asset_decile,SMAPE,87314,10,73.36349002624341,73.07238452055591,0.2911055056875277,7
CP_REPO_OPS_HG,recent_spike_position,excluding_near_zero_actual_bottom_asset_decile,MAE,87314,10,0.0007165853575134,0.0007079447171537,8.640640359778353e-06,9
CP_REPO_OPS_HG,recent_spike_position,excluding_near_zero_actual_bottom_asset_decile,MSE,87314,10,2.911648263991405e-06,2.886375467933663e-06,2.5272796057742592e-08,9
CP_REPO_OPS_HG,recent_spike_position,excluding_near_zero_actual_bottom_asset_decile,RMSE,87314,10,0.0016055951177445,0.0015983587561672,7.236361577387691e-06,9
CP_REPO_OPS_HG,recent_spike_position,excluding_near_zero_actual_bottom_asset_decile,QLIKE,87314,10,357700.4542242482,1628584.016329914,-1270883.562105666,0
CP_REPO_OPS_HG,recent_spike_position,excluding_near_zero_actual_bottom_asset_decile,log_RV_MAE,87314,10,0.8796930028966632,0.9043877494473176,-0.0246947465506543,1
CP_REPO_OPS_HG,recent_spike_position,excluding_near_zero_actual_bottom_asset_decile,log_RV_MSE,87314,10,1.46266464228245,2.10596046873124,-0.6432958264487897,0
CP_REPO_OPS_HG,recent_spike_position,excluding_near_zero_actual_bottom_asset_decile,winsorized_SMAPE_1_99,87314,10,73.3008461151611,73.00288699937654,0.2979591157845592,7
CP_REPO_OPS_HG,recent_spike_position,high_vol_actual_top_asset_quintile,SMAPE,25722,10,76.6380234808837,77.76956065669387,-1.1315371758101498,3
CP_REPO_OPS_HG,recent_spike_position,high_vol_actual_top_asset_quintile,MAE,25722,10,0.0014520315728545,0.0014529229595286,-8.913866741105543e-07,4
CP_REPO_OPS_HG,recent_spike_position,high_vol_actual_top_asset_quintile,MSE,25722,10,9.030757734515107e-06,9.003520689965111e-06,2.7237044549994985e-08,6
CP_REPO_OPS_HG,recent_spike_position,high_vol_actual_top_asset_quintile,RMSE,25722,10,0.002817499668717,0.0028147313613854,2.768307331594736e-06,6
CP_REPO_OPS_HG,recent_spike_position,high_vol_actual_top_asset_quintile,QLIKE,25722,10,730283.7780196941,3370674.0305854524,-2640390.2525657583,0
CP_REPO_OPS_HG,recent_spike_position,high_vol_actual_top_asset_quintile,log_RV_MAE,25722,10,0.8980758793102885,0.9437696626041642,-0.0456937832938756,0
CP_REPO_OPS_HG,recent_spike_position,high_vol_actual_top_asset_quintile,log_RV_MSE,25722,10,1.3696668123426177,2.0615289578736204,-0.6918621455310026,0
CP_REPO_OPS_HG,recent_spike_position,high_vol_actual_top_asset_quintile,winsorized_SMAPE_1_99,25722,10,76.58265438950966,77.70387497698549,-1.121220587475834,3
CP_REPO_OPS_HG,cluster_exit_loose,standard,SMAPE,73455,10,97.78270322300334,98.31272912937789,-0.5300259063745258,1
CP_REPO_OPS_HG,cluster_exit_loose,standard,MAE,73455,10,0.0006171643472766,0.0006194319197842,-2.267572507566203e-06,4
CP_REPO_OPS_HG,cluster_exit_loose,standard,MSE,73455,10,2.753487709512812e-06,2.738253918683586e-06,1.5233790829226123e-08,9
CP_REPO_OPS_HG,cluster_exit_loose,standard,RMSE,73455,10,0.001537824377701,0.0015338506450001,3.973732700838848e-06,9
CP_REPO_OPS_HG,cluster_exit_loose,standard,QLIKE,73455,10,319713.10949986114,1511052.174537904,-1191339.065038043,2
CP_REPO_OPS_HG,cluster_exit_loose,standard,log_RV_MAE,73455,10,4.775102499739926,4.801520970216321,-0.0264184704763935,4
CP_REPO_OPS_HG,cluster_exit_loose,standard,log_RV_MSE,73455,10,82.09800802784856,82.4164095082991,-0.318401480450519,5
CP_REPO_OPS_HG,cluster_exit_loose,standard,winsorized_SMAPE_1_99,73455,10,97.79101156573374,98.32042638796192,-0.5294148222281833,1
CP_REPO_OPS_HG,cluster_exit_loose,excluding_near_zero_actual_bottom_asset_decile,SMAPE,57273,10,69.26376081385803,69.94675805530495,-0.6829972414469261,1
CP_REPO_OPS_HG,cluster_exit_loose,excluding_near_zero_actual_bottom_asset_decile,MAE,57273,10,0.000661178907095,0.0006669117507542,-5.732843659156337e-06,1
CP_REPO_OPS_HG,cluster_exit_loose,excluding_near_zero_actual_bottom_asset_decile,MSE,57273,10,3.4480117172837792e-06,3.429442617436349e-06,1.8569099847429568e-08,9
CP_REPO_OPS_HG,cluster_exit_loose,excluding_near_zero_actual_bottom_asset_decile,RMSE,57273,10,0.0017516744733704,0.0017471802673666,4.494206003839258e-06,9
CP_REPO_OPS_HG,cluster_exit_loose,excluding_near_zero_actual_bottom_asset_decile,QLIKE,57273,10,409447.8060087569,1934258.4479492304,-1524810.641940473,2
CP_REPO_OPS_HG,cluster_exit_loose,excluding_near_zero_actual_bottom_asset_decile,log_RV_MAE,57273,10,0.8285547380337411,0.8813109355663248,-0.0527561975325837,1
CP_REPO_OPS_HG,cluster_exit_loose,excluding_near_zero_actual_bottom_asset_decile,log_RV_MSE,57273,10,1.468738852648666,2.4504314474240725,-0.9816925947754062,2
CP_REPO_OPS_HG,cluster_exit_loose,excluding_near_zero_actual_bottom_asset_decile,winsorized_SMAPE_1_99,57273,10,69.19739766691099,69.8667216617337,-0.6693239948227071,1
CP_REPO_OPS_HG,cluster_exit_loose,high_vol_actual_top_asset_quintile,SMAPE,17006,10,68.55587459894774,67.00390018833112,1.5519744106166122,9
CP_REPO_OPS_HG,cluster_exit_loose,high_vol_actual_top_asset_quintile,MAE,17006,10,0.0013369827883075,0.0013165578737178,2.0424914589645025e-05,9
CP_REPO_OPS_HG,cluster_exit_loose,high_vol_actual_top_asset_quintile,MSE,17006,10,1.0979860152382522e-05,1.0853959767516024e-05,1.259003848664974e-07,9
CP_REPO_OPS_HG,cluster_exit_loose,high_vol_actual_top_asset_quintile,RMSE,17006,10,0.0030405995595415,0.0030234055252306,1.7194034310939715e-05,9
CP_REPO_OPS_HG,cluster_exit_loose,high_vol_actual_top_asset_quintile,QLIKE,17006,10,263331.26459515106,3157796.685786643,-2894465.421191492,3
CP_REPO_OPS_HG,cluster_exit_loose,high_vol_actual_top_asset_quintile,log_RV_MAE,17006,10,0.779457159228256,0.7968298898318875,-0.0173727306036315,5
CP_REPO_OPS_HG,cluster_exit_loose,high_vol_actual_top_asset_quintile,log_RV_MSE,17006,10,0.9978065877696454,1.7856232345341263,-0.7878166467644809,3
CP_REPO_OPS_HG,cluster_exit_loose,high_vol_actual_top_asset_quintile,winsorized_SMAPE_1_99,17006,10,68.5145672335015,66.9391906637104,1.5753765697911064,9
CP_REPO_OPS_HG,older_spike_position,standard,SMAPE,108871,10,97.43444156272852,97.71528062585062,-0.280839063122096,4
CP_REPO_OPS_HG,older_spike_position,standard,MAE,108871,10,0.0005701423444708,0.0005691675251619,9.748193089783056e-07,7
CP_REPO_OPS_HG,older_spike_position,standard,MSE,108871,10,2.325430719071407e-06,2.313710027176835e-06,1.1720691894571802e-08,9
CP_REPO_OPS_HG,older_spike_position,standard,RMSE,108871,10,0.0014265116032149,0.0014233268788407,3.1847243742379365e-06,9
CP_REPO_OPS_HG,older_spike_position,standard,QLIKE,108871,10,310676.42338787334,946271.0595551088,-635594.6361672354,1
CP_REPO_OPS_HG,older_spike_position,standard,log_RV_MAE,108871,10,4.699872146442731,4.709071095685073,-0.0091989492423414,5
CP_REPO_OPS_HG,older_spike_position,standard,log_RV_MSE,108871,10,80.56611779435829,80.5439228870402,0.0221949073181012,6
CP_REPO_OPS_HG,older_spike_position,standard,winsorized_SMAPE_1_99,108871,10,97.44221425187747,97.7229980774302,-0.2807838255526975,4
CP_REPO_OPS_HG,older_spike_position,excluding_near_zero_actual_bottom_asset_decile,SMAPE,85180,10,69.3545856504564,69.72454293886045,-0.3699572884040542,4
CP_REPO_OPS_HG,older_spike_position,excluding_near_zero_actual_bottom_asset_decile,MAE,85180,10,0.0005996808597667,0.0006022618155564,-2.5809557896961763e-06,2
CP_REPO_OPS_HG,older_spike_position,excluding_near_zero_actual_bottom_asset_decile,MSE,85180,10,2.892131608948893e-06,2.879859189506942e-06,1.2272419441950478e-08,8
CP_REPO_OPS_HG,older_spike_position,excluding_near_zero_actual_bottom_asset_decile,RMSE,85180,10,0.0016071511084485,0.0016042167787619,2.9343296866371457e-06,8
CP_REPO_OPS_HG,older_spike_position,excluding_near_zero_actual_bottom_asset_decile,QLIKE,85180,10,395338.3603923037,1206714.0232235005,-811375.6628311969,1
CP_REPO_OPS_HG,older_spike_position,excluding_near_zero_actual_bottom_asset_decile,log_RV_MAE,85180,10,0.8306895025168325,0.8627326628473828,-0.0320431603305503,1
CP_REPO_OPS_HG,older_spike_position,excluding_near_zero_actual_bottom_asset_decile,log_RV_MSE,85180,10,1.4717707449212003,2.078563189377663,-0.6067924444564629,1
CP_REPO_OPS_HG,older_spike_position,excluding_near_zero_actual_bottom_asset_decile,winsorized_SMAPE_1_99,85180,10,69.28381540261677,69.64581490950681,-0.3619995068900376,4
CP_REPO_OPS_HG,older_spike_position,high_vol_actual_top_asset_quintile,SMAPE,20509,10,71.97662527280492,70.59989448254582,1.3767307902590993,9
CP_REPO_OPS_HG,older_spike_position,high_vol_actual_top_asset_quintile,MAE,20509,10,0.0014069911717764,0.0013885400018997,1.8451169876686973e-05,9
CP_REPO_OPS_HG,older_spike_position,high_vol_actual_top_asset_quintile,MSE,20509,10,1.1340659190055558e-05,1.124590561226612e-05,9.475357778943765e-08,9
CP_REPO_OPS_HG,older_spike_position,high_vol_actual_top_asset_quintile,RMSE,20509,10,0.0031001645234287,0.0030885095328022,1.1654990626514767e-05,9
CP_REPO_OPS_HG,older_spike_position,high_vol_actual_top_asset_quintile,QLIKE,20509,10,528354.6846762492,2171784.674797885,-1643429.990121636,1
CP_REPO_OPS_HG,older_spike_position,high_vol_actual_top_asset_quintile,log_RV_MAE,20509,10,0.8302399911732007,0.8366478852301725,-0.0064078940569718,6
CP_REPO_OPS_HG,older_spike_position,high_vol_actual_top_asset_quintile,log_RV_MSE,20509,10,1.1982180799171949,1.675981203884513,-0.4777631239673183,2
CP_REPO_OPS_HG,older_spike_position,high_vol_actual_top_asset_quintile,winsorized_SMAPE_1_99,20509,10,71.93587644514969,70.53976610320167,1.3961103419480192,9
CP_REPO_OPS_HG,high_within_block_dispersion,standard,SMAPE,68970,10,119.60427233753936,119.04389022013628,0.5603821174030602,8
CP_REPO_OPS_HG,high_within_block_dispersion,standard,MAE,68970,10,0.0005686239436959,0.0005354281534299,3.3195790265994635e-05,9
CP_REPO_OPS_HG,high_within_block_dispersion,standard,MSE,68970,10,1.1231333770356058e-06,1.0742892417663885e-06,4.884413526921757e-08,9
CP_REPO_OPS_HG,high_within_block_dispersion,standard,RMSE,68970,10,0.0010218476548916,0.0009997703857426,2.2077269148942685e-05,9
CP_REPO_OPS_HG,high_within_block_dispersion,standard,QLIKE,68970,10,503895.0954919666,2262802.7059720973,-1758907.6104801309,0
CP_REPO_OPS_HG,high_within_block_dispersion,standard,log_RV_MAE,68970,10,7.336315052592766,7.32653658580123,0.0097784667915365,6
CP_REPO_OPS_HG,high_within_block_dispersion,standard,log_RV_MSE,68970,10,134.18160425169935,133.60740866317133,0.5741955885279959,6
CP_REPO_OPS_HG,high_within_block_dispersion,standard,winsorized_SMAPE_1_99,68970,10,119.61807792324268,119.05792465016675,0.5601532730759051,8
CP_REPO_OPS_HG,high_within_block_dispersion,excluding_near_zero_actual_bottom_asset_decile,SMAPE,44524,10,76.0726803313092,75.26255683070357,0.8101235006056218,8
CP_REPO_OPS_HG,high_within_block_dispersion,excluding_near_zero_actual_bottom_asset_decile,MAE,44524,10,0.0006047171369936,0.000580192619084,2.452451790963267e-05,9
CP_REPO_OPS_HG,high_within_block_dispersion,excluding_near_zero_actual_bottom_asset_decile,MSE,44524,10,1.5377627543209002e-06,1.4974451036379372e-06,4.0317650682963266e-08,9
CP_REPO_OPS_HG,high_within_block_dispersion,excluding_near_zero_actual_bottom_asset_decile,RMSE,44524,10,0.0012018726265101,0.0011857402541833,1.61323723268096e-05,9
CP_REPO_OPS_HG,high_within_block_dispersion,excluding_near_zero_actual_bottom_asset_decile,QLIKE,44524,10,778263.0005437186,3494938.449791864,-2716675.4492481453,0
CP_REPO_OPS_HG,high_within_block_dispersion,excluding_near_zero_actual_bottom_asset_decile,log_RV_MAE,44524,10,0.9279896341069244,0.9967839917993422,-0.0687943576924175,1
CP_REPO_OPS_HG,high_within_block_dispersion,excluding_near_zero_actual_bottom_asset_decile,log_RV_MSE,44524,10,1.8841423421682129,3.6815890053868414,-1.79744666321863,0
CP_REPO_OPS_HG,high_within_block_dispersion,excluding_near_zero_actual_bottom_asset_decile,winsorized_SMAPE_1_99,44524,10,75.999265651473,75.18198458567134,0.8172810658016518,8
CP_REPO_OPS_HG,high_within_block_dispersion,high_vol_actual_top_asset_quintile,SMAPE,8611,10,83.57927734565325,87.9637606207478,-4.384483275094534,1
CP_REPO_OPS_HG,high_within_block_dispersion,high_vol_actual_top_asset_quintile,MAE,8611,10,0.0014329468653602,0.0014604487874555,-2.750192209536448e-05,1
CP_REPO_OPS_HG,high_within_block_dispersion,high_vol_actual_top_asset_quintile,MSE,8611,10,6.356666223296062e-06,6.436333131805756e-06,-7.966690850969214e-08,2
CP_REPO_OPS_HG,high_within_block_dispersion,high_vol_actual_top_asset_quintile,RMSE,8611,10,0.0024338471985146,0.0024488905251401,-1.5043326625451198e-05,2
CP_REPO_OPS_HG,high_within_block_dispersion,high_vol_actual_top_asset_quintile,QLIKE,8611,10,1164588.1052037366,7364833.851881013,-6200245.746677277,0
CP_REPO_OPS_HG,high_within_block_dispersion,high_vol_actual_top_asset_quintile,log_RV_MAE,8611,10,0.9835186676880447,1.1181382634452597,-0.1346195957572146,1
CP_REPO_OPS_HG,high_within_block_dispersion,high_vol_actual_top_asset_quintile,log_RV_MSE,8611,10,1.6033125836104825,3.481894658365764,-1.8785820747552824,0
CP_REPO_OPS_HG,high_within_block_dispersion,high_vol_actual_top_asset_quintile,winsorized_SMAPE_1_99,8611,10,83.52311784459015,87.89352789044395,-4.370410045853799,1
RANDOM_RESIDUES_PLACEBO_REPO,all_rows,standard,SMAPE,367468,10,100.87996479236024,101.03436035942428,-0.1543955670640254,2
RANDOM_RESIDUES_PLACEBO_REPO,all_rows,standard,MAE,367468,10,0.0005862627333686,0.0005841595452579,2.1031881107614143e-06,9
RANDOM_RESIDUES_PLACEBO_REPO,all_rows,standard,MSE,367468,10,2.195810003722176e-06,2.186792596726286e-06,9.017406995889676e-09,10
RANDOM_RESIDUES_PLACEBO_REPO,all_rows,standard,RMSE,367468,10,0.001388809861051,0.0013862474850348,2.5623760161680234e-06,10
RANDOM_RESIDUES_PLACEBO_REPO,all_rows,standard,QLIKE,367468,10,296920.5433224973,1150246.1547066758,-853325.6113841786,1
RANDOM_RESIDUES_PLACEBO_REPO,all_rows,standard,log_RV_MAE,367468,10,5.013575715182238,5.027302754585768,-0.0137270394035296,3
RANDOM_RESIDUES_PLACEBO_REPO,all_rows,standard,log_RV_MSE,367468,10,86.01532967319302,86.2022877584731,-0.1869580852800844,4
RANDOM_RESIDUES_PLACEBO_REPO,all_rows,standard,winsorized_SMAPE_1_99,367468,10,100.88870917101808,101.04327345331448,-0.1545642822964158,2
RANDOM_RESIDUES_PLACEBO_REPO,all_rows,excluding_near_zero_actual_bottom_asset_decile,SMAPE,280990,10,70.80150601340222,71.00898881256536,-0.2074827991631552,2
RANDOM_RESIDUES_PLACEBO_REPO,all_rows,excluding_near_zero_actual_bottom_asset_decile,MAE,280990,10,0.0006347107778826,0.0006342971700197,4.136078629154749e-07,8
RANDOM_RESIDUES_PLACEBO_REPO,all_rows,excluding_near_zero_actual_bottom_asset_decile,MSE,280990,10,2.7844815379535592e-06,2.774956727605134e-06,9.524810348425089e-09,9
RANDOM_RESIDUES_PLACEBO_REPO,all_rows,excluding_near_zero_actual_bottom_asset_decile,RMSE,280990,10,0.0015906907657762,0.0015881681838127,2.5225819634078e-06,9
RANDOM_RESIDUES_PLACEBO_REPO,all_rows,excluding_near_zero_actual_bottom_asset_decile,QLIKE,280990,10,387469.9542930861,1501596.588990163,-1114126.634697077,1
RANDOM_RESIDUES_PLACEBO_REPO,all_rows,excluding_near_zero_actual_bottom_asset_decile,log_RV_MAE,280990,10,0.8477474698162,0.881347573351724,-0.0336001035355239,1
RANDOM_RESIDUES_PLACEBO_REPO,all_rows,excluding_near_zero_actual_bottom_asset_decile,log_RV_MSE,280990,10,1.4753525524316455,2.168344540275673,-0.6929919878440275,0
RANDOM_RESIDUES_PLACEBO_REPO,all_rows,excluding_near_zero_actual_bottom_asset_decile,winsorized_SMAPE_1_99,280990,10,70.73639077833658,70.93576312096287,-0.1993723426263156,2
RANDOM_RESIDUES_PLACEBO_REPO,all_rows,high_vol_actual_top_asset_quintile,SMAPE,73496,10,74.0205758822783,73.27326294592571,0.7473129363525791,10
RANDOM_RESIDUES_PLACEBO_REPO,all_rows,high_vol_actual_top_asset_quintile,MAE,73496,10,0.0013977588560888,0.0013878859454681,9.87291062075622e-06,10
RANDOM_RESIDUES_PLACEBO_REPO,all_rows,high_vol_actual_top_asset_quintile,MSE,73496,10,9.91631467307809e-06,9.873489319088476e-06,4.282535398961447e-08,10
RANDOM_RESIDUES_PLACEBO_REPO,all_rows,high_vol_actual_top_asset_quintile,RMSE,73496,10,0.0029503490075918,0.0029445881376468,5.760869945017654e-06,10
RANDOM_RESIDUES_PLACEBO_REPO,all_rows,high_vol_actual_top_asset_quintile,QLIKE,73496,10,577828.0338365107,2633103.799598245,-2055275.765761734,1
RANDOM_RESIDUES_PLACEBO_REPO,all_rows,high_vol_actual_top_asset_quintile,log_RV_MAE,73496,10,0.8562913770706451,0.8689492869091645,-0.0126579098385193,3
RANDOM_RESIDUES_PLACEBO_REPO,all_rows,high_vol_actual_top_asset_quintile,log_RV_MSE,73496,10,1.2429973653708484,1.7184053288203136,-0.4754079634494653,1
RANDOM_RESIDUES_PLACEBO_REPO,all_rows,high_vol_actual_top_asset_quintile,winsorized_SMAPE_1_99,73496,10,73.97732781808993,73.21776234585992,0.7595654722299873,10
RANDOM_RESIDUES_PLACEBO_REPO,all_observations,standard,SMAPE,367248,10,100.86366051352246,101.01061878524278,-0.1469582717203285,2
RANDOM_RESIDUES_PLACEBO_REPO,all_observations,standard,MAE,367248,10,0.0005861095985985,0.0005839797827126,2.1298158859375827e-06,9
RANDOM_RESIDUES_PLACEBO_REPO,all_observations,standard,MSE,367248,10,2.193500144908159e-06,2.184422914117916e-06,9.077230790243117e-09,10
RANDOM_RESIDUES_PLACEBO_REPO,all_observations,standard,RMSE,367248,10,0.0013880844118661,0.001385504113098,2.5802987681274567e-06,10
RANDOM_RESIDUES_PLACEBO_REPO,all_observations,standard,QLIKE,367248,10,297098.4085887108,1131726.29084418,-834627.882255469,1
RANDOM_RESIDUES_PLACEBO_REPO,all_observations,standard,log_RV_MAE,367248,10,5.011387938732,5.024578993650837,-0.0131910549188364,3
RANDOM_RESIDUES_PLACEBO_REPO,all_observations,standard,log_RV_MSE,367248,10,85.97070871507968,86.1474633673015,-0.1767546522218111,4
RANDOM_RESIDUES_PLACEBO_REPO,all_observations,standard,winsorized_SMAPE_1_99,367248,10,100.87240025609772,101.01952438178394,-0.1471241256861963,2
RANDOM_RESIDUES_PLACEBO_REPO,all_observations,excluding_near_zero_actual_bottom_asset_decile,SMAPE,280865,10,70.7998613143532,70.99757592426339,-0.197714609910178,2
RANDOM_RESIDUES_PLACEBO_REPO,all_observations,excluding_near_zero_actual_bottom_asset_decile,MAE,280865,10,0.0006344831477051,0.0006340400224468,4.4312525832659883e-07,8
RANDOM_RESIDUES_PLACEBO_REPO,all_observations,excluding_near_zero_actual_bottom_asset_decile,MSE,280865,10,2.7811051718795994e-06,2.7715220359029207e-06,9.583135976678874e-09,9
RANDOM_RESIDUES_PLACEBO_REPO,all_observations,excluding_near_zero_actual_bottom_asset_decile,RMSE,280865,10,0.0015897076573964,0.0015871676227577,2.540034638742545e-06,9
RANDOM_RESIDUES_PLACEBO_REPO,all_observations,excluding_near_zero_actual_bottom_asset_decile,QLIKE,280865,10,387642.3986589653,1477148.0606728443,-1089505.6620138788,1
RANDOM_RESIDUES_PLACEBO_REPO,all_observations,excluding_near_zero_actual_bottom_asset_decile,log_RV_MAE,280865,10,0.8477187669523202,0.8803962853695383,-0.0326775184172179,1
RANDOM_RESIDUES_PLACEBO_REPO,all_observations,excluding_near_zero_actual_bottom_asset_decile,log_RV_MSE,280865,10,1.4753477712987084,2.1504460519328723,-0.6750982806341636,0
RANDOM_RESIDUES_PLACEBO_REPO,all_observations,excluding_near_zero_actual_bottom_asset_decile,winsorized_SMAPE_1_99,280865,10,70.73471741592948,70.92438846018429,-0.1896710442548055,2
RANDOM_RESIDUES_PLACEBO_REPO,all_observations,high_vol_actual_top_asset_quintile,SMAPE,73477,10,74.0098124350625,73.26224663645425,0.7475657986082728,10
RANDOM_RESIDUES_PLACEBO_REPO,all_observations,high_vol_actual_top_asset_quintile,MAE,73477,10,0.0013967078250143,0.001386839366954,9.868458060347066e-06,10
RANDOM_RESIDUES_PLACEBO_REPO,all_observations,high_vol_actual_top_asset_quintile,MSE,73477,10,9.90175140491125e-06,9.858840028870045e-06,4.2911376041205976e-08,10
RANDOM_RESIDUES_PLACEBO_REPO,all_observations,high_vol_actual_top_asset_quintile,RMSE,73477,10,0.0029481653737893,0.0029423923911077,5.772982681666177e-06,10
RANDOM_RESIDUES_PLACEBO_REPO,all_observations,high_vol_actual_top_asset_quintile,QLIKE,73477,10,577977.449553732,2633784.6771819745,-2055807.227628242,1
RANDOM_RESIDUES_PLACEBO_REPO,all_observations,high_vol_actual_top_asset_quintile,log_RV_MAE,73477,10,0.8560873034002608,0.8687322057983038,-0.0126449023980427,3
RANDOM_RESIDUES_PLACEBO_REPO,all_observations,high_vol_actual_top_asset_quintile,log_RV_MSE,73477,10,1.2423106282398957,1.7177369395357789,-0.475426311295883,1
RANDOM_RESIDUES_PLACEBO_REPO,all_observations,high_vol_actual_top_asset_quintile,winsorized_SMAPE_1_99,73477,10,73.9666730676769,73.2066348746372,0.7600381930396953,10
RANDOM_RESIDUES_PLACEBO_REPO,cluster_entry_loose,standard,SMAPE,73457,10,93.56088920634404,93.40703401324546,0.1538551930985782,8
RANDOM_RESIDUES_PLACEBO_REPO,cluster_entry_loose,standard,MAE,73457,10,0.0007565085518804,0.0007512221271717,5.2864247087356085e-06,9
RANDOM_RESIDUES_PLACEBO_REPO,cluster_entry_loose,standard,MSE,73457,10,2.4613245517090537e-06,2.4339622760887333e-06,2.7362275620320108e-08,10
RANDOM_RESIDUES_PLACEBO_REPO,cluster_entry_loose,standard,RMSE,73457,10,0.0014483360606577,0.0014407631358503,7.572924807383059e-06,10
RANDOM_RESIDUES_PLACEBO_REPO,cluster_entry_loose,standard,QLIKE,73457,10,175829.54926030466,1200169.4858248683,-1024339.9365645638,1
RANDOM_RESIDUES_PLACEBO_REPO,cluster_entry_loose,standard,log_RV_MAE,73457,10,3.804190144501006,3.823157508832263,-0.0189673643312562,1
RANDOM_RESIDUES_PLACEBO_REPO,cluster_entry_loose,standard,log_RV_MSE,73457,10,62.079879726914335,62.5583302142815,-0.478450487367163,1
RANDOM_RESIDUES_PLACEBO_REPO,cluster_entry_loose,standard,winsorized_SMAPE_1_99,73457,10,93.56917055787952,93.41588436011116,0.1532861977683816,8
RANDOM_RESIDUES_PLACEBO_REPO,cluster_entry_loose,excluding_near_zero_actual_bottom_asset_decile,SMAPE,61461,10,72.99789797170354,72.81853127199535,0.1793666997081792,8
RANDOM_RESIDUES_PLACEBO_REPO,cluster_entry_loose,excluding_near_zero_actual_bottom_asset_decile,MAE,61461,10,0.0007865964891234,0.0007813513469866,5.245142136796025e-06,10
RANDOM_RESIDUES_PLACEBO_REPO,cluster_entry_loose,excluding_near_zero_actual_bottom_asset_decile,MSE,61461,10,2.8317450639894594e-06,2.8016072744745785e-06,3.0137789514880786e-08,10
RANDOM_RESIDUES_PLACEBO_REPO,cluster_entry_loose,excluding_near_zero_actual_bottom_asset_decile,RMSE,61461,10,0.0015742075191736,0.0015660933214163,8.114197757287344e-06,10
RANDOM_RESIDUES_PLACEBO_REPO,cluster_entry_loose,excluding_near_zero_actual_bottom_asset_decile,QLIKE,61461,10,210144.59489315952,1433174.4661210144,-1223029.8712278556,1
RANDOM_RESIDUES_PLACEBO_REPO,cluster_entry_loose,excluding_near_zero_actual_bottom_asset_decile,log_RV_MAE,61461,10,0.8662174520726127,0.8883177799845001,-0.0221003279118874,1
RANDOM_RESIDUES_PLACEBO_REPO,cluster_entry_loose,excluding_near_zero_actual_bottom_asset_decile,log_RV_MSE,61461,10,1.3601494572286972,1.9081002317174245,-0.5479507744887269,1
RANDOM_RESIDUES_PLACEBO_REPO,cluster_entry_loose,excluding_near_zero_actual_bottom_asset_decile,winsorized_SMAPE_1_99,61461,10,72.93293539887844,72.74687157910735,0.1860638197710878,8
RANDOM_RESIDUES_PLACEBO_REPO,cluster_entry_loose,high_vol_actual_top_asset_quintile,SMAPE,22973,10,69.00735262283271,68.16930870967067,0.8380439131620498,7
RANDOM_RESIDUES_PLACEBO_REPO,cluster_entry_loose,high_vol_actual_top_asset_quintile,MAE,22973,10,0.0012877885229073,0.0012763083811884,1.1480141718885867e-05,9
RANDOM_RESIDUES_PLACEBO_REPO,cluster_entry_loose,high_vol_actual_top_asset_quintile,MSE,22973,10,6.7247425578925214e-06,6.665238460452729e-06,5.9504097439792955e-08,10
RANDOM_RESIDUES_PLACEBO_REPO,cluster_entry_loose,high_vol_actual_top_asset_quintile,RMSE,22973,10,0.0023906769741809,0.0023807870182568,9.889955924052929e-06,10
RANDOM_RESIDUES_PLACEBO_REPO,cluster_entry_loose,high_vol_actual_top_asset_quintile,QLIKE,22973,10,268014.68012032646,2461504.5001608594,-2193489.820040534,2
RANDOM_RESIDUES_PLACEBO_REPO,cluster_entry_loose,high_vol_actual_top_asset_quintile,log_RV_MAE,22973,10,0.7732837175225007,0.7810729190362131,-0.0077892015137124,4
RANDOM_RESIDUES_PLACEBO_REPO,cluster_entry_loose,high_vol_actual_top_asset_quintile,log_RV_MSE,22973,10,0.9451687695589692,1.34770025815495,-0.4025314885959809,2
RANDOM_RESIDUES_PLACEBO_REPO,cluster_entry_loose,high_vol_actual_top_asset_quintile,winsorized_SMAPE_1_99,22973,10,68.91269580989183,68.05726234158482,0.8554334683070174,6
RANDOM_RESIDUES_PLACEBO_REPO,recent_spike_position,standard,SMAPE,125358,10,111.5312633098087,111.43845443713582,0.0928088726728701,7
RANDOM_RESIDUES_PLACEBO_REPO,recent_spike_position,standard,MAE,125358,10,0.000609182778318,0.0006036661346927,5.516643625298615e-06,10
RANDOM_RESIDUES_PLACEBO_REPO,recent_spike_position,standard,MSE,125358,10,2.105711101802365e-06,2.0888008448194352e-06,1.69102569829298e-08,10
RANDOM_RESIDUES_PLACEBO_REPO,recent_spike_position,standard,RMSE,125358,10,0.0013297050754869,0.0013245998306096,5.10524487730654e-06,10
RANDOM_RESIDUES_PLACEBO_REPO,recent_spike_position,standard,QLIKE,125358,10,249149.85066705736,897718.9226522999,-648569.0719852425,1
RANDOM_RESIDUES_PLACEBO_REPO,recent_spike_position,standard,log_RV_MAE,125358,10,6.256003684262452,6.258580855419307,-0.002577171156855,4
RANDOM_RESIDUES_PLACEBO_REPO,recent_spike_position,standard,log_RV_MSE,125358,10,109.413873260945,109.39397826254098,0.0198949984040287,4
RANDOM_RESIDUES_PLACEBO_REPO,recent_spike_position,standard,winsorized_SMAPE_1_99,125358,10,111.54553490151334,111.4519191490149,0.0936157524984357,7
RANDOM_RESIDUES_PLACEBO_REPO,recent_spike_position,excluding_near_zero_actual_bottom_asset_decile,SMAPE,87314,10,73.36349002624341,73.23724007667678,0.1262499495666335,7
RANDOM_RESIDUES_PLACEBO_REPO,recent_spike_position,excluding_near_zero_actual_bottom_asset_decile,MAE,87314,10,0.0007165853575134,0.0007122711352346,4.314222278832043e-06,9
RANDOM_RESIDUES_PLACEBO_REPO,recent_spike_position,excluding_near_zero_actual_bottom_asset_decile,MSE,87314,10,2.911648263991405e-06,2.891865201573845e-06,1.9783062417559995e-08,9
RANDOM_RESIDUES_PLACEBO_REPO,recent_spike_position,excluding_near_zero_actual_bottom_asset_decile,RMSE,87314,10,0.0016055951177445,0.0016000346709333,5.560446811286723e-06,9
RANDOM_RESIDUES_PLACEBO_REPO,recent_spike_position,excluding_near_zero_actual_bottom_asset_decile,QLIKE,87314,10,357700.4542242482,1287380.1320458816,-929679.6778216334,1
RANDOM_RESIDUES_PLACEBO_REPO,recent_spike_position,excluding_near_zero_actual_bottom_asset_decile,log_RV_MAE,87314,10,0.8796930028966632,0.9012578204270352,-0.0215648175303718,2
RANDOM_RESIDUES_PLACEBO_REPO,recent_spike_position,excluding_near_zero_actual_bottom_asset_decile,log_RV_MSE,87314,10,1.46266464228245,1.9818991510680035,-0.519234508785553,1
RANDOM_RESIDUES_PLACEBO_REPO,recent_spike_position,excluding_near_zero_actual_bottom_asset_decile,winsorized_SMAPE_1_99,87314,10,73.3008461151611,73.16701632865875,0.1338297865023428,7
RANDOM_RESIDUES_PLACEBO_REPO,recent_spike_position,high_vol_actual_top_asset_quintile,SMAPE,25722,10,76.6380234808837,76.16011350957457,0.4779099713091335,8
RANDOM_RESIDUES_PLACEBO_REPO,recent_spike_position,high_vol_actual_top_asset_quintile,MAE,25722,10,0.0014520315728545,0.0014437889143648,8.242658489655915e-06,10
RANDOM_RESIDUES_PLACEBO_REPO,recent_spike_position,high_vol_actual_top_asset_quintile,MSE,25722,10,9.030757734515107e-06,8.985821815170143e-06,4.493591934496377e-08,9
RANDOM_RESIDUES_PLACEBO_REPO,recent_spike_position,high_vol_actual_top_asset_quintile,RMSE,25722,10,0.002817499668717,0.0028110150722944,6.484596422574352e-06,9
RANDOM_RESIDUES_PLACEBO_REPO,recent_spike_position,high_vol_actual_top_asset_quintile,QLIKE,25722,10,730283.7780196941,2398273.053456207,-1667989.2754365131,1
RANDOM_RESIDUES_PLACEBO_REPO,recent_spike_position,high_vol_actual_top_asset_quintile,log_RV_MAE,25722,10,0.8980758793102885,0.906009156352925,-0.0079332770426364,3
RANDOM_RESIDUES_PLACEBO_REPO,recent_spike_position,high_vol_actual_top_asset_quintile,log_RV_MSE,25722,10,1.3696668123426177,1.6699940260401946,-0.300327213697577,1
RANDOM_RESIDUES_PLACEBO_REPO,recent_spike_position,high_vol_actual_top_asset_quintile,winsorized_SMAPE_1_99,25722,10,76.58265438950966,76.09403871395449,0.4886156755551752,8
RANDOM_RESIDUES_PLACEBO_REPO,cluster_exit_loose,standard,SMAPE,73455,10,97.78270322300334,98.2984627259852,-0.5157595029818546,1
RANDOM_RESIDUES_PLACEBO_REPO,cluster_exit_loose,standard,MAE,73455,10,0.0006171643472766,0.0006221985274956,-5.034180218951982e-06,1
RANDOM_RESIDUES_PLACEBO_REPO,cluster_exit_loose,standard,MSE,73455,10,2.753487709512812e-06,2.752443091464432e-06,1.0446180483804224e-09,2
RANDOM_RESIDUES_PLACEBO_REPO,cluster_exit_loose,standard,RMSE,73455,10,0.001537824377701,0.0015379428287713,-1.184510703070526e-07,2
RANDOM_RESIDUES_PLACEBO_REPO,cluster_exit_loose,standard,QLIKE,73455,10,319713.10949986114,1628522.276276407,-1308809.166776546,1
RANDOM_RESIDUES_PLACEBO_REPO,cluster_exit_loose,standard,log_RV_MAE,73455,10,4.775102499739926,4.799516110376242,-0.0244136106363142,3
RANDOM_RESIDUES_PLACEBO_REPO,cluster_exit_loose,standard,log_RV_MSE,73455,10,82.09800802784856,82.47468276167378,-0.3766747338252075,3
RANDOM_RESIDUES_PLACEBO_REPO,cluster_exit_loose,standard,winsorized_SMAPE_1_99,73455,10,97.79101156573374,98.30694529613947,-0.5159337304057385,1
RANDOM_RESIDUES_PLACEBO_REPO,cluster_exit_loose,excluding_near_zero_actual_bottom_asset_decile,SMAPE,57273,10,69.26376081385803,69.92710858471547,-0.6633477708574375,1
RANDOM_RESIDUES_PLACEBO_REPO,cluster_exit_loose,excluding_near_zero_actual_bottom_asset_decile,MAE,57273,10,0.000661178907095,0.0006677248175017,-6.545910406711648e-06,0
RANDOM_RESIDUES_PLACEBO_REPO,cluster_exit_loose,excluding_near_zero_actual_bottom_asset_decile,MSE,57273,10,3.4480117172837792e-06,3.4458678166131367e-06,2.143900670642427e-09,5
RANDOM_RESIDUES_PLACEBO_REPO,cluster_exit_loose,excluding_near_zero_actual_bottom_asset_decile,RMSE,57273,10,0.0017516744733704,0.00175140702507,2.6744830040327535e-07,5
RANDOM_RESIDUES_PLACEBO_REPO,cluster_exit_loose,excluding_near_zero_actual_bottom_asset_decile,QLIKE,57273,10,409447.8060087569,2087053.401788085,-1677605.5957793284,1
RANDOM_RESIDUES_PLACEBO_REPO,cluster_exit_loose,excluding_near_zero_actual_bottom_asset_decile,log_RV_MAE,57273,10,0.8285547380337411,0.8716930570062811,-0.04313831897254,1
RANDOM_RESIDUES_PLACEBO_REPO,cluster_exit_loose,excluding_near_zero_actual_bottom_asset_decile,log_RV_MSE,57273,10,1.468738852648666,2.2490654527492686,-0.7803266001006028,1
RANDOM_RESIDUES_PLACEBO_REPO,cluster_exit_loose,excluding_near_zero_actual_bottom_asset_decile,winsorized_SMAPE_1_99,57273,10,69.19739766691099,69.8529691843956,-0.6555715174846124,1
RANDOM_RESIDUES_PLACEBO_REPO,cluster_exit_loose,high_vol_actual_top_asset_quintile,SMAPE,17006,10,68.55587459894774,67.00465922154956,1.5512153773981816,9
RANDOM_RESIDUES_PLACEBO_REPO,cluster_exit_loose,high_vol_actual_top_asset_quintile,MAE,17006,10,0.0013369827883075,0.001320490004451,1.6492783856431577e-05,10
RANDOM_RESIDUES_PLACEBO_REPO,cluster_exit_loose,high_vol_actual_top_asset_quintile,MSE,17006,10,1.0979860152382522e-05,1.0917440735147482e-05,6.241941723503687e-08,10
RANDOM_RESIDUES_PLACEBO_REPO,cluster_exit_loose,high_vol_actual_top_asset_quintile,RMSE,17006,10,0.0030405995595415,0.0030322452020777,8.354357463802692e-06,10
RANDOM_RESIDUES_PLACEBO_REPO,cluster_exit_loose,high_vol_actual_top_asset_quintile,QLIKE,17006,10,263331.26459515106,3971686.006534976,-3708354.741939825,2
RANDOM_RESIDUES_PLACEBO_REPO,cluster_exit_loose,high_vol_actual_top_asset_quintile,log_RV_MAE,17006,10,0.779457159228256,0.798688074453412,-0.019230915225156,4
RANDOM_RESIDUES_PLACEBO_REPO,cluster_exit_loose,high_vol_actual_top_asset_quintile,log_RV_MSE,17006,10,0.9978065877696454,1.84549749960741,-0.8476909118377647,2
RANDOM_RESIDUES_PLACEBO_REPO,cluster_exit_loose,high_vol_actual_top_asset_quintile,winsorized_SMAPE_1_99,17006,10,68.5145672335015,66.93573572614379,1.5788315073577022,9
RANDOM_RESIDUES_PLACEBO_REPO,older_spike_position,standard,SMAPE,108871,10,97.43444156272852,97.70233399441062,-0.2678924316820877,1
RANDOM_RESIDUES_PLACEBO_REPO,older_spike_position,standard,MAE,108871,10,0.0005701423444708,0.0005684247566273,1.7175878435149877e-06,8
RANDOM_RESIDUES_PLACEBO_REPO,older_spike_position,standard,MSE,108871,10,2.325430719071407e-06,2.3223824346006866e-06,3.048284470720142e-09,7
RANDOM_RESIDUES_PLACEBO_REPO,older_spike_position,standard,RMSE,108871,10,0.0014265116032149,0.0014258044257578,7.071774570594574e-07,7
RANDOM_RESIDUES_PLACEBO_REPO,older_spike_position,standard,QLIKE,108871,10,310676.42338787334,1424389.1434184462,-1113712.720030573,1
RANDOM_RESIDUES_PLACEBO_REPO,older_spike_position,standard,log_RV_MAE,108871,10,4.699872146442731,4.717876012814585,-0.0180038663718548,3
RANDOM_RESIDUES_PLACEBO_REPO,older_spike_position,standard,log_RV_MSE,108871,10,80.56611779435829,80.78096665429322,-0.2148488599349088,4
RANDOM_RESIDUES_PLACEBO_REPO,older_spike_position,standard,winsorized_SMAPE_1_99,108871,10,97.44221425187747,97.71001690286492,-0.2678026509874247,1
RANDOM_RESIDUES_PLACEBO_REPO,older_spike_position,excluding_near_zero_actual_bottom_asset_decile,SMAPE,85180,10,69.3545856504564,69.7118035221001,-0.3572178716437128,1
RANDOM_RESIDUES_PLACEBO_REPO,older_spike_position,excluding_near_zero_actual_bottom_asset_decile,MAE,85180,10,0.0005996808597667,0.0006008511770876,-1.1703173208956632e-06,5
RANDOM_RESIDUES_PLACEBO_REPO,older_spike_position,excluding_near_zero_actual_bottom_asset_decile,MSE,85180,10,2.892131608948893e-06,2.891042738222604e-06,1.088870726288339e-09,3
RANDOM_RESIDUES_PLACEBO_REPO,older_spike_position,excluding_near_zero_actual_bottom_asset_decile,RMSE,85180,10,0.0016071511084485,0.0016071290055544,2.210289411104521e-08,3
RANDOM_RESIDUES_PLACEBO_REPO,older_spike_position,excluding_near_zero_actual_bottom_asset_decile,QLIKE,85180,10,395338.3603923037,1818544.545304604,-1423206.1849123,0
RANDOM_RESIDUES_PLACEBO_REPO,older_spike_position,excluding_near_zero_actual_bottom_asset_decile,log_RV_MAE,85180,10,0.8306895025168325,0.8766661929501794,-0.0459766904333469,1
RANDOM_RESIDUES_PLACEBO_REPO,older_spike_position,excluding_near_zero_actual_bottom_asset_decile,log_RV_MSE,85180,10,1.4717707449212003,2.4027145761352986,-0.9309438312140984,1
RANDOM_RESIDUES_PLACEBO_REPO,older_spike_position,excluding_near_zero_actual_bottom_asset_decile,winsorized_SMAPE_1_99,85180,10,69.28381540261677,69.63129785395623,-0.3474824513394595,1
RANDOM_RESIDUES_PLACEBO_REPO,older_spike_position,high_vol_actual_top_asset_quintile,SMAPE,20509,10,71.97662527280492,71.63340596586083,0.3432193069440987,8
RANDOM_RESIDUES_PLACEBO_REPO,older_spike_position,high_vol_actual_top_asset_quintile,MAE,20509,10,0.0014069911717764,0.0014016375674258,5.353604350635465e-06,10
RANDOM_RESIDUES_PLACEBO_REPO,older_spike_position,high_vol_actual_top_asset_quintile,MSE,20509,10,1.1340659190055558e-05,1.1319543278584398e-05,2.1115911471159867e-08,8
RANDOM_RESIDUES_PLACEBO_REPO,older_spike_position,high_vol_actual_top_asset_quintile,RMSE,20509,10,0.0031001645234287,0.0030980492245304,2.1152988983326022e-06,8
RANDOM_RESIDUES_PLACEBO_REPO,older_spike_position,high_vol_actual_top_asset_quintile,QLIKE,20509,10,528354.6846762492,3071607.560086951,-2543252.875410702,0
RANDOM_RESIDUES_PLACEBO_REPO,older_spike_position,high_vol_actual_top_asset_quintile,log_RV_MAE,20509,10,0.8302399911732007,0.8555317135773157,-0.0252917224041149,2
RANDOM_RESIDUES_PLACEBO_REPO,older_spike_position,high_vol_actual_top_asset_quintile,log_RV_MSE,20509,10,1.1982180799171949,1.853077436883256,-0.6548593569660612,2
RANDOM_RESIDUES_PLACEBO_REPO,older_spike_position,high_vol_actual_top_asset_quintile,winsorized_SMAPE_1_99,20509,10,71.93587644514969,71.57710030677873,0.3587761383709405,8
RANDOM_RESIDUES_PLACEBO_REPO,high_within_block_dispersion,standard,SMAPE,68970,10,119.60427233753936,119.9233647346781,-0.3190923971387289,1
RANDOM_RESIDUES_PLACEBO_REPO,high_within_block_dispersion,standard,MAE,68970,10,0.0005686239436959,0.0005632512448483,5.372698847581287e-06,8
RANDOM_RESIDUES_PLACEBO_REPO,high_within_block_dispersion,standard,MSE,68970,10,1.1231333770356058e-06,1.1095372698173285e-06,1.3596107218277417e-08,8
RANDOM_RESIDUES_PLACEBO_REPO,high_within_block_dispersion,standard,RMSE,68970,10,0.0010218476548916,0.0010161579134977,5.6897413938415e-06,8
RANDOM_RESIDUES_PLACEBO_REPO,high_within_block_dispersion,standard,QLIKE,68970,10,503895.0954919666,1555478.176089358,-1051583.0805973916,2
RANDOM_RESIDUES_PLACEBO_REPO,high_within_block_dispersion,standard,log_RV_MAE,68970,10,7.336315052592766,7.3555937094395025,-0.0192786568467369,4
RANDOM_RESIDUES_PLACEBO_REPO,high_within_block_dispersion,standard,log_RV_MSE,68970,10,134.18160425169935,134.41637587622387,-0.2347716245245165,5
RANDOM_RESIDUES_PLACEBO_REPO,high_within_block_dispersion,standard,winsorized_SMAPE_1_99,68970,10,119.61807792324268,119.93808708302215,-0.3200091597794625,1
RANDOM_RESIDUES_PLACEBO_REPO,high_within_block_dispersion,excluding_near_zero_actual_bottom_asset_decile,SMAPE,44524,10,76.0726803313092,76.57529538315315,-0.5026150518439431,1
RANDOM_RESIDUES_PLACEBO_REPO,high_within_block_dispersion,excluding_near_zero_actual_bottom_asset_decile,MAE,44524,10,0.0006047171369936,0.0006023288828385,2.3882541551044564e-06,7
RANDOM_RESIDUES_PLACEBO_REPO,high_within_block_dispersion,excluding_near_zero_actual_bottom_asset_decile,MSE,44524,10,1.5377627543209002e-06,1.5235627159388082e-06,1.4200038382092432e-08,9
RANDOM_RESIDUES_PLACEBO_REPO,high_within_block_dispersion,excluding_near_zero_actual_bottom_asset_decile,RMSE,44524,10,0.0012018726265101,0.0011963795826242,5.493043885825134e-06,9
RANDOM_RESIDUES_PLACEBO_REPO,high_within_block_dispersion,excluding_near_zero_actual_bottom_asset_decile,QLIKE,44524,10,778263.0005437186,2403817.085791987,-1625554.085248268,2
RANDOM_RESIDUES_PLACEBO_REPO,high_within_block_dispersion,excluding_near_zero_actual_bottom_asset_decile,log_RV_MAE,44524,10,0.9279896341069244,0.9897976063136084,-0.0618079722066836,1
RANDOM_RESIDUES_PLACEBO_REPO,high_within_block_dispersion,excluding_near_zero_actual_bottom_asset_decile,log_RV_MSE,44524,10,1.8841423421682129,3.129681532489534,-1.245539190321321,2
RANDOM_RESIDUES_PLACEBO_REPO,high_within_block_dispersion,excluding_near_zero_actual_bottom_asset_decile,winsorized_SMAPE_1_99,44524,10,75.999265651473,76.4944013343308,-0.495135682857805,1
RANDOM_RESIDUES_PLACEBO_REPO,high_within_block_dispersion,high_vol_actual_top_asset_quintile,SMAPE,8611,10,83.57927734565325,83.66154049767259,-0.0822631520193338,5
RANDOM_RESIDUES_PLACEBO_REPO,high_within_block_dispersion,high_vol_actual_top_asset_quintile,MAE,8611,10,0.0014329468653602,0.0014305586851344,2.388180225789922e-06,7
RANDOM_RESIDUES_PLACEBO_REPO,high_within_block_dispersion,high_vol_actual_top_asset_quintile,MSE,8611,10,6.356666223296062e-06,6.341315884143516e-06,1.5350339152547577e-08,7
RANDOM_RESIDUES_PLACEBO_REPO,high_within_block_dispersion,high_vol_actual_top_asset_quintile,RMSE,8611,10,0.0024338471985146,0.0024305352285191,3.311969995536324e-06,7
RANDOM_RESIDUES_PLACEBO_REPO,high_within_block_dispersion,high_vol_actual_top_asset_quintile,QLIKE,8611,10,1164588.1052037366,4259800.195524266,-3095212.090320529,3
RANDOM_RESIDUES_PLACEBO_REPO,high_within_block_dispersion,high_vol_actual_top_asset_quintile,log_RV_MAE,8611,10,0.9835186676880447,1.0293214406237703,-0.0458027729357256,4
RANDOM_RESIDUES_PLACEBO_REPO,high_within_block_dispersion,high_vol_actual_top_asset_quintile,log_RV_MSE,8611,10,1.6033125836104825,2.596206361539455,-0.9928937779289726,4
RANDOM_RESIDUES_PLACEBO_REPO,high_within_block_dispersion,high_vol_actual_top_asset_quintile,winsorized_SMAPE_1_99,8611,10,83.52311784459015,83.58237837890465,-0.059260534314503,6
SHUFFLED_LAG_PM_PLACEBO_REPO,all_rows,standard,SMAPE,367468,10,100.87996479236024,101.08103862634428,-0.2010738339840477,1
SHUFFLED_LAG_PM_PLACEBO_REPO,all_rows,standard,MAE,367468,10,0.0005862627333686,0.0005849509407432,1.3117926254879802e-06,8
SHUFFLED_LAG_PM_PLACEBO_REPO,all_rows,standard,MSE,367468,10,2.195810003722176e-06,2.1904030806573526e-06,5.406923064823127e-09,10
SHUFFLED_LAG_PM_PLACEBO_REPO,all_rows,standard,RMSE,367468,10,0.001388809861051,0.0013871898132989,1.620047752099031e-06,10
SHUFFLED_LAG_PM_PLACEBO_REPO,all_rows,standard,QLIKE,367468,10,296920.5433224973,1182479.3012148633,-885558.757892366,0
SHUFFLED_LAG_PM_PLACEBO_REPO,all_rows,standard,log_RV_MAE,367468,10,5.013575715182238,5.031211535315749,-0.01763582013351,3
SHUFFLED_LAG_PM_PLACEBO_REPO,all_rows,standard,log_RV_MSE,367468,10,86.01532967319302,86.30735929796903,-0.2920296247760031,3
SHUFFLED_LAG_PM_PLACEBO_REPO,all_rows,standard,winsorized_SMAPE_1_99,367468,10,100.88870917101808,101.089567720565,-0.200858549546922,1
SHUFFLED_LAG_PM_PLACEBO_REPO,all_rows,excluding_near_zero_actual_bottom_asset_decile,SMAPE,280990,10,70.80150601340222,71.07376984609726,-0.2722638326950564,1
SHUFFLED_LAG_PM_PLACEBO_REPO,all_rows,excluding_near_zero_actual_bottom_asset_decile,MAE,280990,10,0.0006347107778826,0.0006346906056983,2.017218434052344e-08,5
SHUFFLED_LAG_PM_PLACEBO_REPO,all_rows,excluding_near_zero_actual_bottom_asset_decile,MSE,280990,10,2.7844815379535592e-06,2.779417811323801e-06,5.063726629756953e-09,9
SHUFFLED_LAG_PM_PLACEBO_REPO,all_rows,excluding_near_zero_actual_bottom_asset_decile,RMSE,280990,10,0.0015906907657762,0.0015892399339597,1.450831816462552e-06,9
SHUFFLED_LAG_PM_PLACEBO_REPO,all_rows,excluding_near_zero_actual_bottom_asset_decile,QLIKE,280990,10,387469.9542930861,1544128.6215705655,-1156658.6672774798,0
SHUFFLED_LAG_PM_PLACEBO_REPO,all_rows,excluding_near_zero_actual_bottom_asset_decile,log_RV_MAE,280990,10,0.8477474698162,0.8827588281448349,-0.0350113583286347,1
SHUFFLED_LAG_PM_PLACEBO_REPO,all_rows,excluding_near_zero_actual_bottom_asset_decile,log_RV_MSE,280990,10,1.4753525524316455,2.1828431459870994,-0.707490593555454,0
SHUFFLED_LAG_PM_PLACEBO_REPO,all_rows,excluding_near_zero_actual_bottom_asset_decile,winsorized_SMAPE_1_99,280990,10,70.73639077833658,70.99694760068606,-0.2605568223494834,2
SHUFFLED_LAG_PM_PLACEBO_REPO,all_rows,high_vol_actual_top_asset_quintile,SMAPE,73496,10,74.0205758822783,73.45209793564489,0.5684779466334284,10
SHUFFLED_LAG_PM_PLACEBO_REPO,all_rows,high_vol_actual_top_asset_quintile,MAE,73496,10,0.0013977588560888,0.0013899342563091,7.82459977971601e-06,10
SHUFFLED_LAG_PM_PLACEBO_REPO,all_rows,high_vol_actual_top_asset_quintile,MSE,73496,10,9.91631467307809e-06,9.894422716035509e-06,2.189195704258148e-08,10
SHUFFLED_LAG_PM_PLACEBO_REPO,all_rows,high_vol_actual_top_asset_quintile,RMSE,73496,10,0.0029503490075918,0.0029470973256772,3.2516819146000423e-06,10
SHUFFLED_LAG_PM_PLACEBO_REPO,all_rows,high_vol_actual_top_asset_quintile,QLIKE,73496,10,577828.0338365107,2699072.9211048246,-2121244.8872683137,0
SHUFFLED_LAG_PM_PLACEBO_REPO,all_rows,high_vol_actual_top_asset_quintile,log_RV_MAE,73496,10,0.8562913770706451,0.8715240604954005,-0.0152326834247554,2
SHUFFLED_LAG_PM_PLACEBO_REPO,all_rows,high_vol_actual_top_asset_quintile,log_RV_MSE,73496,10,1.2429973653708484,1.7328556300854137,-0.4898582647145653,1
SHUFFLED_LAG_PM_PLACEBO_REPO,all_rows,high_vol_actual_top_asset_quintile,winsorized_SMAPE_1_99,73496,10,73.97732781808993,73.39527307966134,0.5820547384285816,10
SHUFFLED_LAG_PM_PLACEBO_REPO,all_observations,standard,SMAPE,367248,10,100.86366051352246,101.055909345972,-0.192248832449535,1
SHUFFLED_LAG_PM_PLACEBO_REPO,all_observations,standard,MAE,367248,10,0.0005861095985985,0.0005847566615721,1.3529370264530344e-06,9
SHUFFLED_LAG_PM_PLACEBO_REPO,all_observations,standard,MSE,367248,10,2.193500144908159e-06,2.1880513707421743e-06,5.4487741659843295e-09,10
SHUFFLED_LAG_PM_PLACEBO_REPO,all_observations,standard,RMSE,367248,10,0.0013880844118661,0.0013864504223003,1.633989565852854e-06,10
SHUFFLED_LAG_PM_PLACEBO_REPO,all_observations,standard,QLIKE,367248,10,297098.4085887108,1163117.552311042,-866019.143722331,0
SHUFFLED_LAG_PM_PLACEBO_REPO,all_observations,standard,log_RV_MAE,367248,10,5.011387938732,5.028390033102914,-0.0170020943709139,3
SHUFFLED_LAG_PM_PLACEBO_REPO,all_observations,standard,log_RV_MSE,367248,10,85.97070871507968,86.2508132413997,-0.28010452632,3
SHUFFLED_LAG_PM_PLACEBO_REPO,all_observations,standard,winsorized_SMAPE_1_99,367248,10,100.87240025609772,101.06443714986386,-0.1920368937661482,1
SHUFFLED_LAG_PM_PLACEBO_REPO,all_observations,excluding_near_zero_actual_bottom_asset_decile,SMAPE,280865,10,70.7998613143532,71.06069247425985,-0.2608311599066554,1
SHUFFLED_LAG_PM_PLACEBO_REPO,all_observations,excluding_near_zero_actual_bottom_asset_decile,MAE,280865,10,0.0006344831477051,0.00063441559974,6.754796510708138e-08,5
SHUFFLED_LAG_PM_PLACEBO_REPO,all_observations,excluding_near_zero_actual_bottom_asset_decile,MSE,280865,10,2.7811051718795994e-06,2.7760150382400245e-06,5.090133639574641e-09,9
SHUFFLED_LAG_PM_PLACEBO_REPO,all_observations,excluding_near_zero_actual_bottom_asset_decile,RMSE,280865,10,0.0015897076573964,0.0015882472191309,1.460438265546393e-06,9
SHUFFLED_LAG_PM_PLACEBO_REPO,all_observations,excluding_near_zero_actual_bottom_asset_decile,QLIKE,280865,10,387642.3986589653,1518672.641536959,-1131030.2428779935,0
SHUFFLED_LAG_PM_PLACEBO_REPO,all_observations,excluding_near_zero_actual_bottom_asset_decile,log_RV_MAE,280865,10,0.8477187669523202,0.8817261270034839,-0.0340073600511636,1
SHUFFLED_LAG_PM_PLACEBO_REPO,all_observations,excluding_near_zero_actual_bottom_asset_decile,log_RV_MSE,280865,10,1.4753477712987084,2.1634836256203647,-0.688135854321656,0
SHUFFLED_LAG_PM_PLACEBO_REPO,all_observations,excluding_near_zero_actual_bottom_asset_decile,winsorized_SMAPE_1_99,280865,10,70.73471741592948,70.98447277311773,-0.2497553571882437,2
SHUFFLED_LAG_PM_PLACEBO_REPO,all_observations,high_vol_actual_top_asset_quintile,SMAPE,73477,10,74.0098124350625,73.44035898862428,0.5694534464382346,10
SHUFFLED_LAG_PM_PLACEBO_REPO,all_observations,high_vol_actual_top_asset_quintile,MAE,73477,10,0.0013967078250143,0.0013888849224545,7.822902559806113e-06,10
SHUFFLED_LAG_PM_PLACEBO_REPO,all_observations,high_vol_actual_top_asset_quintile,MSE,73477,10,9.90175140491125e-06,9.879937593461405e-06,2.1813811449847213e-08,10
SHUFFLED_LAG_PM_PLACEBO_REPO,all_observations,high_vol_actual_top_asset_quintile,RMSE,73477,10,0.0029481653737893,0.0029449247216772,3.24065211210483e-06,10
SHUFFLED_LAG_PM_PLACEBO_REPO,all_observations,high_vol_actual_top_asset_quintile,QLIKE,73477,10,577977.449553732,2699770.8573794733,-2121793.407825741,0
SHUFFLED_LAG_PM_PLACEBO_REPO,all_observations,high_vol_actual_top_asset_quintile,log_RV_MAE,73477,10,0.8560873034002608,0.8713045911957663,-0.0152172877955054,2
SHUFFLED_LAG_PM_PLACEBO_REPO,all_observations,high_vol_actual_top_asset_quintile,log_RV_MSE,73477,10,1.2423106282398957,1.732219021550238,-0.4899083933103426,1
SHUFFLED_LAG_PM_PLACEBO_REPO,all_observations,high_vol_actual_top_asset_quintile,winsorized_SMAPE_1_99,73477,10,73.9666730676769,73.38347269915883,0.5832003685180627,10
SHUFFLED_LAG_PM_PLACEBO_REPO,cluster_entry_loose,standard,SMAPE,73457,10,93.56088920634404,93.43095496999295,0.1299342363510861,7
SHUFFLED_LAG_PM_PLACEBO_REPO,cluster_entry_loose,standard,MAE,73457,10,0.0007565085518804,0.0007518429428223,4.665609058135316e-06,9
SHUFFLED_LAG_PM_PLACEBO_REPO,cluster_entry_loose,standard,MSE,73457,10,2.4613245517090537e-06,2.440189637360191e-06,2.1134914348862787e-08,10
SHUFFLED_LAG_PM_PLACEBO_REPO,cluster_entry_loose,standard,RMSE,73457,10,0.0014483360606577,0.0014423033773986,6.032683259135335e-06,10
SHUFFLED_LAG_PM_PLACEBO_REPO,cluster_entry_loose,standard,QLIKE,73457,10,175829.54926030466,1106540.9291535425,-930711.379893238,1
SHUFFLED_LAG_PM_PLACEBO_REPO,cluster_entry_loose,standard,log_RV_MAE,73457,10,3.804190144501006,3.814282467364709,-0.0100923228637028,1
SHUFFLED_LAG_PM_PLACEBO_REPO,cluster_entry_loose,standard,log_RV_MSE,73457,10,62.079879726914335,62.36933237574455,-0.2894526488302161,1
SHUFFLED_LAG_PM_PLACEBO_REPO,cluster_entry_loose,standard,winsorized_SMAPE_1_99,73457,10,93.56917055787952,93.43838627757049,0.1307842803090603,7
SHUFFLED_LAG_PM_PLACEBO_REPO,cluster_entry_loose,excluding_near_zero_actual_bottom_asset_decile,SMAPE,61461,10,72.99789797170354,72.84917490779004,0.1487230639134927,7
SHUFFLED_LAG_PM_PLACEBO_REPO,cluster_entry_loose,excluding_near_zero_actual_bottom_asset_decile,MAE,61461,10,0.0007865964891234,0.0007820537893181,4.542699805236598e-06,9
SHUFFLED_LAG_PM_PLACEBO_REPO,cluster_entry_loose,excluding_near_zero_actual_bottom_asset_decile,MSE,61461,10,2.8317450639894594e-06,2.8096832551943914e-06,2.2061808795067454e-08,10
SHUFFLED_LAG_PM_PLACEBO_REPO,cluster_entry_loose,excluding_near_zero_actual_bottom_asset_decile,RMSE,61461,10,0.0015742075191736,0.0015681655414594,6.041977714217358e-06,10
SHUFFLED_LAG_PM_PLACEBO_REPO,cluster_entry_loose,excluding_near_zero_actual_bottom_asset_decile,QLIKE,61461,10,210144.59489315952,1322512.8605549086,-1112368.265661749,1
SHUFFLED_LAG_PM_PLACEBO_REPO,cluster_entry_loose,excluding_near_zero_actual_bottom_asset_decile,log_RV_MAE,61461,10,0.8662174520726127,0.8807797638507215,-0.0145623117781088,1
SHUFFLED_LAG_PM_PLACEBO_REPO,cluster_entry_loose,excluding_near_zero_actual_bottom_asset_decile,log_RV_MSE,61461,10,1.3601494572286972,1.7451185460812324,-0.3849690888525348,1
SHUFFLED_LAG_PM_PLACEBO_REPO,cluster_entry_loose,excluding_near_zero_actual_bottom_asset_decile,winsorized_SMAPE_1_99,61461,10,72.93293539887844,72.77753329929392,0.1554020995845159,7
SHUFFLED_LAG_PM_PLACEBO_REPO,cluster_entry_loose,high_vol_actual_top_asset_quintile,SMAPE,22973,10,69.00735262283271,68.55117161265792,0.4561810101747983,6
SHUFFLED_LAG_PM_PLACEBO_REPO,cluster_entry_loose,high_vol_actual_top_asset_quintile,MAE,22973,10,0.0012877885229073,0.0012806733091544,7.1152137528788754e-06,8
SHUFFLED_LAG_PM_PLACEBO_REPO,cluster_entry_loose,high_vol_actual_top_asset_quintile,MSE,22973,10,6.7247425578925214e-06,6.693244633045337e-06,3.1497924847184795e-08,9
SHUFFLED_LAG_PM_PLACEBO_REPO,cluster_entry_loose,high_vol_actual_top_asset_quintile,RMSE,22973,10,0.0023906769741809,0.0023853507471372,5.326227043704533e-06,9
SHUFFLED_LAG_PM_PLACEBO_REPO,cluster_entry_loose,high_vol_actual_top_asset_quintile,QLIKE,22973,10,268014.68012032646,2473920.042634694,-2205905.362514368,1
SHUFFLED_LAG_PM_PLACEBO_REPO,cluster_entry_loose,high_vol_actual_top_asset_quintile,log_RV_MAE,22973,10,0.7732837175225007,0.7891895553574616,-0.0159058378349608,1
SHUFFLED_LAG_PM_PLACEBO_REPO,cluster_entry_loose,high_vol_actual_top_asset_quintile,log_RV_MSE,22973,10,0.9451687695589692,1.4410563844797466,-0.4958876149207775,1
SHUFFLED_LAG_PM_PLACEBO_REPO,cluster_entry_loose,high_vol_actual_top_asset_quintile,winsorized_SMAPE_1_99,22973,10,68.91269580989183,68.43177461688296,0.4809211930088719,6
SHUFFLED_LAG_PM_PLACEBO_REPO,recent_spike_position,standard,SMAPE,125358,10,111.5312633098087,111.56735040397253,-0.0360870941638362,5
SHUFFLED_LAG_PM_PLACEBO_REPO,recent_spike_position,standard,MAE,125358,10,0.000609182778318,0.0006047035608931,4.479217424892358e-06,10
SHUFFLED_LAG_PM_PLACEBO_REPO,recent_spike_position,standard,MSE,125358,10,2.105711101802365e-06,2.093845482983284e-06,1.1865618819081226e-08,10
SHUFFLED_LAG_PM_PLACEBO_REPO,recent_spike_position,standard,RMSE,125358,10,0.0013297050754869,0.0013259802516796,3.7248238072959935e-06,10
SHUFFLED_LAG_PM_PLACEBO_REPO,recent_spike_position,standard,QLIKE,125358,10,249149.85066705736,1076302.0098428894,-827152.1591758317,1
SHUFFLED_LAG_PM_PLACEBO_REPO,recent_spike_position,standard,log_RV_MAE,125358,10,6.256003684262452,6.268266851458361,-0.0122631671959086,2
SHUFFLED_LAG_PM_PLACEBO_REPO,recent_spike_position,standard,log_RV_MSE,125358,10,109.413873260945,109.62972507457278,-0.215851813627755,3
SHUFFLED_LAG_PM_PLACEBO_REPO,recent_spike_position,standard,winsorized_SMAPE_1_99,125358,10,111.54553490151334,111.58037975172968,-0.034844850216315,5
SHUFFLED_LAG_PM_PLACEBO_REPO,recent_spike_position,excluding_near_zero_actual_bottom_asset_decile,SMAPE,87314,10,73.36349002624341,73.43396172548985,-0.0704716992464197,3
SHUFFLED_LAG_PM_PLACEBO_REPO,recent_spike_position,excluding_near_zero_actual_bottom_asset_decile,MAE,87314,10,0.0007165853575134,0.0007131393439189,3.446013594534797e-06,9
SHUFFLED_LAG_PM_PLACEBO_REPO,recent_spike_position,excluding_near_zero_actual_bottom_asset_decile,MSE,87314,10,2.911648263991405e-06,2.899052119897758e-06,1.2596144093647356e-08,9
SHUFFLED_LAG_PM_PLACEBO_REPO,recent_spike_position,excluding_near_zero_actual_bottom_asset_decile,RMSE,87314,10,0.0016055951177445,0.0016017907166856,3.8044010589055686e-06,9
SHUFFLED_LAG_PM_PLACEBO_REPO,recent_spike_position,excluding_near_zero_actual_bottom_asset_decile,QLIKE,87314,10,357700.4542242482,1542972.249491712,-1185271.795267464,1
SHUFFLED_LAG_PM_PLACEBO_REPO,recent_spike_position,excluding_near_zero_actual_bottom_asset_decile,log_RV_MAE,87314,10,0.8796930028966632,0.9101668532169462,-0.0304738503202828,1
SHUFFLED_LAG_PM_PLACEBO_REPO,recent_spike_position,excluding_near_zero_actual_bottom_asset_decile,log_RV_MSE,87314,10,1.46266464228245,2.1330760276267418,-0.6704113853442916,1
SHUFFLED_LAG_PM_PLACEBO_REPO,recent_spike_position,excluding_near_zero_actual_bottom_asset_decile,winsorized_SMAPE_1_99,87314,10,73.3008461151611,73.36315607211795,-0.0623099569568537,3
SHUFFLED_LAG_PM_PLACEBO_REPO,recent_spike_position,high_vol_actual_top_asset_quintile,SMAPE,25722,10,76.6380234808837,76.61178414075067,0.0262393401330257,4
SHUFFLED_LAG_PM_PLACEBO_REPO,recent_spike_position,high_vol_actual_top_asset_quintile,MAE,25722,10,0.0014520315728545,0.0014490339402266,2.997632627896389e-06,7
SHUFFLED_LAG_PM_PLACEBO_REPO,recent_spike_position,high_vol_actual_top_asset_quintile,MSE,25722,10,9.030757734515107e-06,9.016678644929617e-06,1.4079089585493132e-08,6
SHUFFLED_LAG_PM_PLACEBO_REPO,recent_spike_position,high_vol_actual_top_asset_quintile,RMSE,25722,10,0.002817499668717,0.0028152287880137,2.270880703296736e-06,6
SHUFFLED_LAG_PM_PLACEBO_REPO,recent_spike_position,high_vol_actual_top_asset_quintile,QLIKE,25722,10,730283.7780196941,2900552.3105472326,-2170268.5325275394,1
SHUFFLED_LAG_PM_PLACEBO_REPO,recent_spike_position,high_vol_actual_top_asset_quintile,log_RV_MAE,25722,10,0.8980758793102885,0.917807400415758,-0.0197315211054694,1
SHUFFLED_LAG_PM_PLACEBO_REPO,recent_spike_position,high_vol_actual_top_asset_quintile,log_RV_MSE,25722,10,1.3696668123426177,1.83073779090153,-0.4610709785589125,1
SHUFFLED_LAG_PM_PLACEBO_REPO,recent_spike_position,high_vol_actual_top_asset_quintile,winsorized_SMAPE_1_99,25722,10,76.58265438950966,76.54726341971521,0.0353909697944623,4
SHUFFLED_LAG_PM_PLACEBO_REPO,cluster_exit_loose,standard,SMAPE,73455,10,97.78270322300334,98.1732262529506,-0.3905230299472517,0
SHUFFLED_LAG_PM_PLACEBO_REPO,cluster_exit_loose,standard,MAE,73455,10,0.0006171643472766,0.0006197458157095,-2.581468432889102e-06,4
SHUFFLED_LAG_PM_PLACEBO_REPO,cluster_exit_loose,standard,MSE,73455,10,2.753487709512812e-06,2.7543389299248004e-06,-8.51220411988672e-10,5
SHUFFLED_LAG_PM_PLACEBO_REPO,cluster_exit_loose,standard,RMSE,73455,10,0.001537824377701,0.0015380203379734,-1.9596027242795765e-07,5
SHUFFLED_LAG_PM_PLACEBO_REPO,cluster_exit_loose,standard,QLIKE,73455,10,319713.10949986114,1350060.6557306626,-1030347.5462308016,1
SHUFFLED_LAG_PM_PLACEBO_REPO,cluster_exit_loose,standard,log_RV_MAE,73455,10,4.775102499739926,4.792103437428369,-0.0170009376884417,3
SHUFFLED_LAG_PM_PLACEBO_REPO,cluster_exit_loose,standard,log_RV_MSE,73455,10,82.09800802784856,82.30356979679684,-0.2055617689482552,3
SHUFFLED_LAG_PM_PLACEBO_REPO,cluster_exit_loose,standard,winsorized_SMAPE_1_99,73455,10,97.79101156573374,98.18121112596798,-0.3901995602342482,0
SHUFFLED_LAG_PM_PLACEBO_REPO,cluster_exit_loose,excluding_near_zero_actual_bottom_asset_decile,SMAPE,57273,10,69.26376081385803,69.76219531269733,-0.4984344988392895,0
SHUFFLED_LAG_PM_PLACEBO_REPO,cluster_exit_loose,excluding_near_zero_actual_bottom_asset_decile,MAE,57273,10,0.000661178907095,0.0006654858124405,-4.3069053455323725e-06,0
SHUFFLED_LAG_PM_PLACEBO_REPO,cluster_exit_loose,excluding_near_zero_actual_bottom_asset_decile,MSE,57273,10,3.4480117172837792e-06,3.449519499092856e-06,-1.5077818090761411e-09,6
SHUFFLED_LAG_PM_PLACEBO_REPO,cluster_exit_loose,excluding_near_zero_actual_bottom_asset_decile,RMSE,57273,10,0.0017516744733704,0.0017520200238884,-3.455505179750557e-07,6
SHUFFLED_LAG_PM_PLACEBO_REPO,cluster_exit_loose,excluding_near_zero_actual_bottom_asset_decile,QLIKE,57273,10,409447.8060087569,1731503.8315382176,-1322056.0255294605,0
SHUFFLED_LAG_PM_PLACEBO_REPO,cluster_exit_loose,excluding_near_zero_actual_bottom_asset_decile,log_RV_MAE,57273,10,0.8285547380337411,0.8621946388630087,-0.0336399008292677,0
SHUFFLED_LAG_PM_PLACEBO_REPO,cluster_exit_loose,excluding_near_zero_actual_bottom_asset_decile,log_RV_MSE,57273,10,1.468738852648666,2.080007084947243,-0.6112682322985771,0
SHUFFLED_LAG_PM_PLACEBO_REPO,cluster_exit_loose,excluding_near_zero_actual_bottom_asset_decile,winsorized_SMAPE_1_99,57273,10,69.19739766691099,69.68355309517071,-0.4861554282596974,0
SHUFFLED_LAG_PM_PLACEBO_REPO,cluster_exit_loose,high_vol_actual_top_asset_quintile,SMAPE,17006,10,68.55587459894774,67.27872443617652,1.2771501627712256,9
SHUFFLED_LAG_PM_PLACEBO_REPO,cluster_exit_loose,high_vol_actual_top_asset_quintile,MAE,17006,10,0.0013369827883075,0.0013222460953297,1.4736692977804962e-05,9
SHUFFLED_LAG_PM_PLACEBO_REPO,cluster_exit_loose,high_vol_actual_top_asset_quintile,MSE,17006,10,1.0979860152382522e-05,1.0947085427564549e-05,3.2774724817973416e-08,9
SHUFFLED_LAG_PM_PLACEBO_REPO,cluster_exit_loose,high_vol_actual_top_asset_quintile,RMSE,17006,10,0.0030405995595415,0.0030358962456295,4.703313912012332e-06,9
SHUFFLED_LAG_PM_PLACEBO_REPO,cluster_exit_loose,high_vol_actual_top_asset_quintile,QLIKE,17006,10,263331.26459515106,3074248.934760326,-2810917.670165174,1
SHUFFLED_LAG_PM_PLACEBO_REPO,cluster_exit_loose,high_vol_actual_top_asset_quintile,log_RV_MAE,17006,10,0.779457159228256,0.7883121825684463,-0.0088550233401902,4
SHUFFLED_LAG_PM_PLACEBO_REPO,cluster_exit_loose,high_vol_actual_top_asset_quintile,log_RV_MSE,17006,10,0.9978065877696454,1.5210038763320708,-0.5231972885624254,1
SHUFFLED_LAG_PM_PLACEBO_REPO,cluster_exit_loose,high_vol_actual_top_asset_quintile,winsorized_SMAPE_1_99,17006,10,68.5145672335015,67.22172499657266,1.2928422369288357,9
SHUFFLED_LAG_PM_PLACEBO_REPO,older_spike_position,standard,SMAPE,108871,10,97.43444156272852,97.68880882209947,-0.2543672593709677,0
SHUFFLED_LAG_PM_PLACEBO_REPO,older_spike_position,standard,MAE,108871,10,0.0005701423444708,0.0005680816717458,2.060672725041156e-06,7
SHUFFLED_LAG_PM_PLACEBO_REPO,older_spike_position,standard,MSE,108871,10,2.325430719071407e-06,2.324175464671964e-06,1.2552543994431244e-09,8
SHUFFLED_LAG_PM_PLACEBO_REPO,older_spike_position,standard,RMSE,108871,10,0.0014265116032149,0.0014261364302149,3.75173000014675e-07,8
SHUFFLED_LAG_PM_PLACEBO_REPO,older_spike_position,standard,QLIKE,108871,10,310676.42338787334,1251002.1518107338,-940325.7284228606,0
SHUFFLED_LAG_PM_PLACEBO_REPO,older_spike_position,standard,log_RV_MAE,108871,10,4.699872146442731,4.716915039468293,-0.0170428930255615,3
SHUFFLED_LAG_PM_PLACEBO_REPO,older_spike_position,standard,log_RV_MSE,108871,10,80.56611779435829,80.75587269322673,-0.1897548988684313,4
SHUFFLED_LAG_PM_PLACEBO_REPO,older_spike_position,standard,winsorized_SMAPE_1_99,108871,10,97.44221425187747,97.69662507584334,-0.2544108239658522,0
SHUFFLED_LAG_PM_PLACEBO_REPO,older_spike_position,excluding_near_zero_actual_bottom_asset_decile,SMAPE,85180,10,69.3545856504564,69.69014398831185,-0.3355583378554452,0
SHUFFLED_LAG_PM_PLACEBO_REPO,older_spike_position,excluding_near_zero_actual_bottom_asset_decile,MAE,85180,10,0.0005996808597667,0.000600348977226,-6.68117459290896e-07,5
SHUFFLED_LAG_PM_PLACEBO_REPO,older_spike_position,excluding_near_zero_actual_bottom_asset_decile,MSE,85180,10,2.892131608948893e-06,2.8937505991551872e-06,-1.618990206295099e-09,3
SHUFFLED_LAG_PM_PLACEBO_REPO,older_spike_position,excluding_near_zero_actual_bottom_asset_decile,RMSE,85180,10,0.0016071511084485,0.001607802761979,-6.516535305087793e-07,3
SHUFFLED_LAG_PM_PLACEBO_REPO,older_spike_position,excluding_near_zero_actual_bottom_asset_decile,QLIKE,85180,10,395338.3603923037,1597357.2599259424,-1202018.8995336387,0
SHUFFLED_LAG_PM_PLACEBO_REPO,older_spike_position,excluding_near_zero_actual_bottom_asset_decile,log_RV_MAE,85180,10,0.8306895025168325,0.8704569180245318,-0.0397674155076994,0
SHUFFLED_LAG_PM_PLACEBO_REPO,older_spike_position,excluding_near_zero_actual_bottom_asset_decile,log_RV_MSE,85180,10,1.4717707449212003,2.267073318447893,-0.7953025735266926,0
SHUFFLED_LAG_PM_PLACEBO_REPO,older_spike_position,excluding_near_zero_actual_bottom_asset_decile,winsorized_SMAPE_1_99,85180,10,69.28381540261677,69.60962177254873,-0.3258063699319656,0
SHUFFLED_LAG_PM_PLACEBO_REPO,older_spike_position,high_vol_actual_top_asset_quintile,SMAPE,20509,10,71.97662527280492,71.8316775986012,0.1449476742037328,8
SHUFFLED_LAG_PM_PLACEBO_REPO,older_spike_position,high_vol_actual_top_asset_quintile,MAE,20509,10,0.0014069911717764,0.0014021725468335,4.818624942875332e-06,8
SHUFFLED_LAG_PM_PLACEBO_REPO,older_spike_position,high_vol_actual_top_asset_quintile,MSE,20509,10,1.1340659190055558e-05,1.1337303652458558e-05,3.355537597001177e-09,5
SHUFFLED_LAG_PM_PLACEBO_REPO,older_spike_position,high_vol_actual_top_asset_quintile,RMSE,20509,10,0.0031001645234287,0.0031002324318756,-6.79084469002288e-08,5
SHUFFLED_LAG_PM_PLACEBO_REPO,older_spike_position,high_vol_actual_top_asset_quintile,QLIKE,20509,10,528354.6846762492,2650485.6516302344,-2122130.9669539854,0
SHUFFLED_LAG_PM_PLACEBO_REPO,older_spike_position,high_vol_actual_top_asset_quintile,log_RV_MAE,20509,10,0.8302399911732007,0.8529402926616801,-0.0227003014884795,1
SHUFFLED_LAG_PM_PLACEBO_REPO,older_spike_position,high_vol_actual_top_asset_quintile,log_RV_MSE,20509,10,1.1982180799171949,1.73291201527907,-0.5346939353618754,0
SHUFFLED_LAG_PM_PLACEBO_REPO,older_spike_position,high_vol_actual_top_asset_quintile,winsorized_SMAPE_1_99,20509,10,71.93587644514969,71.78023343975566,0.1556430053940267,8
SHUFFLED_LAG_PM_PLACEBO_REPO,high_within_block_dispersion,standard,SMAPE,68970,10,119.60427233753936,119.73844719002835,-0.1341748524889903,3
SHUFFLED_LAG_PM_PLACEBO_REPO,high_within_block_dispersion,standard,MAE,68970,10,0.0005686239436959,0.0005624257377676,6.198205928242016e-06,9
SHUFFLED_LAG_PM_PLACEBO_REPO,high_within_block_dispersion,standard,MSE,68970,10,1.1231333770356058e-06,1.1059490065498345e-06,1.718437048577163e-08,10
SHUFFLED_LAG_PM_PLACEBO_REPO,high_within_block_dispersion,standard,RMSE,68970,10,0.0010218476548916,0.0010143002435425,7.547411349046421e-06,10
SHUFFLED_LAG_PM_PLACEBO_REPO,high_within_block_dispersion,standard,QLIKE,68970,10,503895.0954919666,1327978.830358611,-824083.7348666446,1
SHUFFLED_LAG_PM_PLACEBO_REPO,high_within_block_dispersion,standard,log_RV_MAE,68970,10,7.336315052592766,7.344830891400026,-0.0085158388072601,3
SHUFFLED_LAG_PM_PLACEBO_REPO,high_within_block_dispersion,standard,log_RV_MSE,68970,10,134.18160425169935,134.25578976101187,-0.0741855093125295,4
SHUFFLED_LAG_PM_PLACEBO_REPO,high_within_block_dispersion,standard,winsorized_SMAPE_1_99,68970,10,119.61807792324268,119.75331502774344,-0.1352371045007355,3
SHUFFLED_LAG_PM_PLACEBO_REPO,high_within_block_dispersion,excluding_near_zero_actual_bottom_asset_decile,SMAPE,44524,10,76.0726803313092,76.29320782263527,-0.2205274913260671,3
SHUFFLED_LAG_PM_PLACEBO_REPO,high_within_block_dispersion,excluding_near_zero_actual_bottom_asset_decile,MAE,44524,10,0.0006047171369936,0.0006002451534201,4.471983573498993e-06,9
SHUFFLED_LAG_PM_PLACEBO_REPO,high_within_block_dispersion,excluding_near_zero_actual_bottom_asset_decile,MSE,44524,10,1.5377627543209002e-06,1.5185970061327962e-06,1.9165748188104296e-08,9
SHUFFLED_LAG_PM_PLACEBO_REPO,high_within_block_dispersion,excluding_near_zero_actual_bottom_asset_decile,RMSE,44524,10,0.0012018726265101,0.0011942039793884,7.6686471216476e-06,9
SHUFFLED_LAG_PM_PLACEBO_REPO,high_within_block_dispersion,excluding_near_zero_actual_bottom_asset_decile,QLIKE,44524,10,778263.0005437186,2055232.389390228,-1276969.3888465087,1
SHUFFLED_LAG_PM_PLACEBO_REPO,high_within_block_dispersion,excluding_near_zero_actual_bottom_asset_decile,log_RV_MAE,44524,10,0.9279896341069244,0.9680457870999396,-0.0400561529930149,1
SHUFFLED_LAG_PM_PLACEBO_REPO,high_within_block_dispersion,excluding_near_zero_actual_bottom_asset_decile,log_RV_MSE,44524,10,1.8841423421682129,2.741373132044095,-0.8572307898758821,1
SHUFFLED_LAG_PM_PLACEBO_REPO,high_within_block_dispersion,excluding_near_zero_actual_bottom_asset_decile,winsorized_SMAPE_1_99,44524,10,75.999265651473,76.20061999750995,-0.2013543460369457,3
SHUFFLED_LAG_PM_PLACEBO_REPO,high_within_block_dispersion,high_vol_actual_top_asset_quintile,SMAPE,8611,10,83.57927734565325,83.51826971492996,0.0610076307233033,4
SHUFFLED_LAG_PM_PLACEBO_REPO,high_within_block_dispersion,high_vol_actual_top_asset_quintile,MAE,8611,10,0.0014329468653602,0.0014291979133824,3.748951977751232e-06,8
SHUFFLED_LAG_PM_PLACEBO_REPO,high_within_block_dispersion,high_vol_actual_top_asset_quintile,MSE,8611,10,6.356666223296062e-06,6.338105015778924e-06,1.8561207517138327e-08,7
SHUFFLED_LAG_PM_PLACEBO_REPO,high_within_block_dispersion,high_vol_actual_top_asset_quintile,RMSE,8611,10,0.0024338471985146,0.0024299934553601,3.853743154554593e-06,7
SHUFFLED_LAG_PM_PLACEBO_REPO,high_within_block_dispersion,high_vol_actual_top_asset_quintile,QLIKE,8611,10,1164588.1052037366,4014976.364568495,-2850388.2593647577,1
SHUFFLED_LAG_PM_PLACEBO_REPO,high_within_block_dispersion,high_vol_actual_top_asset_quintile,log_RV_MAE,8611,10,0.9835186676880447,1.016427889335493,-0.0329092216474481,2
SHUFFLED_LAG_PM_PLACEBO_REPO,high_within_block_dispersion,high_vol_actual_top_asset_quintile,log_RV_MSE,8611,10,1.6033125836104825,2.3813617146798784,-0.7780491310693955,1
SHUFFLED_LAG_PM_PLACEBO_REPO,high_within_block_dispersion,high_vol_actual_top_asset_quintile,winsorized_SMAPE_1_99,8611,10,83.52311784459015,83.43379913390648,0.0893187106836741,4
RANDOM_GATE_PLACEBO_REPO,all_rows,standard,SMAPE,367468,10,100.87996479236024,101.07851220888104,-0.1985474165208225,0
RANDOM_GATE_PLACEBO_REPO,all_rows,standard,MAE,367468,10,0.0005862627333686,0.0005858724152937,3.903180749666331e-07,7
RANDOM_GATE_PLACEBO_REPO,all_rows,standard,MSE,367468,10,2.195810003722176e-06,2.189354502722626e-06,6.455500999550073e-09,9
RANDOM_GATE_PLACEBO_REPO,all_rows,standard,RMSE,367468,10,0.001388809861051,0.0013870116292629,1.7982317881185146e-06,9
RANDOM_GATE_PLACEBO_REPO,all_rows,standard,QLIKE,367468,10,296920.5433224973,1058321.7398340504,-761401.1965115533,0
RANDOM_GATE_PLACEBO_REPO,all_rows,standard,log_RV_MAE,367468,10,5.013575715182238,5.025771531353862,-0.0121958161716243,3
RANDOM_GATE_PLACEBO_REPO,all_rows,standard,log_RV_MSE,367468,10,86.01532967319302,86.19377131602964,-0.1784416428366245,5
RANDOM_GATE_PLACEBO_REPO,all_rows,standard,winsorized_SMAPE_1_99,367468,10,100.88870917101808,101.08728107817488,-0.1985719071567891,0
RANDOM_GATE_PLACEBO_REPO,all_rows,excluding_near_zero_actual_bottom_asset_decile,SMAPE,280990,10,70.80150601340222,71.06708193613633,-0.2655759227341202,0
RANDOM_GATE_PLACEBO_REPO,all_rows,excluding_near_zero_actual_bottom_asset_decile,MAE,280990,10,0.0006347107778826,0.0006356456025381,-9.348246554855676e-07,2
RANDOM_GATE_PLACEBO_REPO,all_rows,excluding_near_zero_actual_bottom_asset_decile,MSE,280990,10,2.7844815379535592e-06,2.776726106532903e-06,7.755431420656524e-09,9
RANDOM_GATE_PLACEBO_REPO,all_rows,excluding_near_zero_actual_bottom_asset_decile,RMSE,280990,10,0.0015906907657762,0.0015886370529488,2.053712827389173e-06,9
RANDOM_GATE_PLACEBO_REPO,all_rows,excluding_near_zero_actual_bottom_asset_decile,QLIKE,280990,10,387469.9542930861,1381441.3639004251,-993971.4096073392,0
RANDOM_GATE_PLACEBO_REPO,all_rows,excluding_near_zero_actual_bottom_asset_decile,log_RV_MAE,280990,10,0.8477474698162,0.8787434200279095,-0.0309959502117095,0
RANDOM_GATE_PLACEBO_REPO,all_rows,excluding_near_zero_actual_bottom_asset_decile,log_RV_MSE,280990,10,1.4753525524316455,2.095402789732236,-0.6200502373005911,0
RANDOM_GATE_PLACEBO_REPO,all_rows,excluding_near_zero_actual_bottom_asset_decile,winsorized_SMAPE_1_99,280990,10,70.73639077833658,70.9930741306929,-0.2566833523563339,0
RANDOM_GATE_PLACEBO_REPO,all_rows,high_vol_actual_top_asset_quintile,SMAPE,73496,10,74.0205758822783,73.72525251033166,0.2953233719466522,8
RANDOM_GATE_PLACEBO_REPO,all_rows,high_vol_actual_top_asset_quintile,MAE,73496,10,0.0013977588560888,0.0013911449292996,6.613926789265505e-06,9
RANDOM_GATE_PLACEBO_REPO,all_rows,high_vol_actual_top_asset_quintile,MSE,73496,10,9.91631467307809e-06,9.872346191188395e-06,4.3968481889695255e-08,10
RANDOM_GATE_PLACEBO_REPO,all_rows,high_vol_actual_top_asset_quintile,RMSE,73496,10,0.0029503490075918,0.0029444030281104,5.945979481426106e-06,10
RANDOM_GATE_PLACEBO_REPO,all_rows,high_vol_actual_top_asset_quintile,QLIKE,73496,10,577828.0338365107,2361938.4283884107,-1784110.3945519002,0
RANDOM_GATE_PLACEBO_REPO,all_rows,high_vol_actual_top_asset_quintile,log_RV_MAE,73496,10,0.8562913770706451,0.8719080024552653,-0.0156166253846201,2
RANDOM_GATE_PLACEBO_REPO,all_rows,high_vol_actual_top_asset_quintile,log_RV_MSE,73496,10,1.2429973653708484,1.6742121534583303,-0.4312147880874818,0
RANDOM_GATE_PLACEBO_REPO,all_rows,high_vol_actual_top_asset_quintile,winsorized_SMAPE_1_99,73496,10,73.97732781808993,73.67146043876198,0.3058673793279438,8
RANDOM_GATE_PLACEBO_REPO,all_observations,standard,SMAPE,367248,10,100.86366051352246,101.05466663229907,-0.19100611877661,0
RANDOM_GATE_PLACEBO_REPO,all_observations,standard,MAE,367248,10,0.0005861095985985,0.0005856617125167,4.478860818805746e-07,7
RANDOM_GATE_PLACEBO_REPO,all_observations,standard,MSE,367248,10,2.193500144908159e-06,2.1869094537851314e-06,6.590691123027612e-09,9
RANDOM_GATE_PLACEBO_REPO,all_observations,standard,RMSE,367248,10,0.0013880844118661,0.0013862503861611,1.8340257050008067e-06,9
RANDOM_GATE_PLACEBO_REPO,all_observations,standard,QLIKE,367248,10,297098.4085887108,1038326.3582463466,-741227.9496576354,0
RANDOM_GATE_PLACEBO_REPO,all_observations,standard,log_RV_MAE,367248,10,5.011387938732,5.023025687717184,-0.0116377489851846,3
RANDOM_GATE_PLACEBO_REPO,all_observations,standard,log_RV_MSE,367248,10,85.97070871507968,86.13868398425203,-0.1679752691723388,5
RANDOM_GATE_PLACEBO_REPO,all_observations,standard,winsorized_SMAPE_1_99,367248,10,100.87240025609772,101.06343675508212,-0.1910364989843845,0
RANDOM_GATE_PLACEBO_REPO,all_observations,excluding_near_zero_actual_bottom_asset_decile,SMAPE,280865,10,70.7998613143532,71.05537216426674,-0.2555108499135486,0
RANDOM_GATE_PLACEBO_REPO,all_observations,excluding_near_zero_actual_bottom_asset_decile,MAE,280865,10,0.0006344831477051,0.0006353560105578,-8.728628527192847e-07,3
RANDOM_GATE_PLACEBO_REPO,all_observations,excluding_near_zero_actual_bottom_asset_decile,MSE,280865,10,2.7811051718795994e-06,2.7732097557387448e-06,7.89541614085437e-09,9
RANDOM_GATE_PLACEBO_REPO,all_observations,excluding_near_zero_actual_bottom_asset_decile,RMSE,280865,10,0.0015897076573964,0.0015876168746643,2.0907827321046768e-06,9
RANDOM_GATE_PLACEBO_REPO,all_observations,excluding_near_zero_actual_bottom_asset_decile,QLIKE,280865,10,387642.3986589653,1355181.5954831685,-967539.1968242032,0
RANDOM_GATE_PLACEBO_REPO,all_observations,excluding_near_zero_actual_bottom_asset_decile,log_RV_MAE,280865,10,0.8477187669523202,0.8778196804068578,-0.0301009134545375,0
RANDOM_GATE_PLACEBO_REPO,all_observations,excluding_near_zero_actual_bottom_asset_decile,log_RV_MSE,280865,10,1.4753477712987084,2.0784408947414086,-0.6030931234427,0
RANDOM_GATE_PLACEBO_REPO,all_observations,excluding_near_zero_actual_bottom_asset_decile,winsorized_SMAPE_1_99,280865,10,70.73471741592948,70.98183912814176,-0.2471217122122587,0
RANDOM_GATE_PLACEBO_REPO,all_observations,high_vol_actual_top_asset_quintile,SMAPE,73477,10,74.0098124350625,73.71206986360279,0.2977425714597353,8
RANDOM_GATE_PLACEBO_REPO,all_observations,high_vol_actual_top_asset_quintile,MAE,73477,10,0.0013967078250143,0.0013900801163278,6.6277086865493725e-06,9
RANDOM_GATE_PLACEBO_REPO,all_observations,high_vol_actual_top_asset_quintile,MSE,73477,10,9.90175140491125e-06,9.857690778677134e-06,4.4060626234115056e-08,10
RANDOM_GATE_PLACEBO_REPO,all_observations,high_vol_actual_top_asset_quintile,RMSE,73477,10,0.0029481653737893,0.0029422093977149,5.955976074438944e-06,10
RANDOM_GATE_PLACEBO_REPO,all_observations,high_vol_actual_top_asset_quintile,QLIKE,73477,10,577977.449553732,2362549.1862345464,-1784571.736680814,0
RANDOM_GATE_PLACEBO_REPO,all_observations,high_vol_actual_top_asset_quintile,log_RV_MAE,73477,10,0.8560873034002608,0.8716462317403146,-0.0155589283400537,2
RANDOM_GATE_PLACEBO_REPO,all_observations,high_vol_actual_top_asset_quintile,log_RV_MSE,73477,10,1.2423106282398957,1.6733525234763855,-0.4310418952364905,0
RANDOM_GATE_PLACEBO_REPO,all_observations,high_vol_actual_top_asset_quintile,winsorized_SMAPE_1_99,73477,10,73.9666730676769,73.65833977609279,0.3083332915841137,8
RANDOM_GATE_PLACEBO_REPO,cluster_entry_loose,standard,SMAPE,73457,10,93.56088920634404,93.52252140707893,0.038367799265123,7
RANDOM_GATE_PLACEBO_REPO,cluster_entry_loose,standard,MAE,73457,10,0.0007565085518804,0.000753096630549,3.411921331437213e-06,8
RANDOM_GATE_PLACEBO_REPO,cluster_entry_loose,standard,MSE,73457,10,2.4613245517090537e-06,2.437209723186243e-06,2.4114828522810893e-08,9
RANDOM_GATE_PLACEBO_REPO,cluster_entry_loose,standard,RMSE,73457,10,0.0014483360606577,0.0014419354254595,6.40063519818301e-06,9
RANDOM_GATE_PLACEBO_REPO,cluster_entry_loose,standard,QLIKE,73457,10,175829.54926030466,707963.732270802,-532134.1830104972,1
RANDOM_GATE_PLACEBO_REPO,cluster_entry_loose,standard,log_RV_MAE,73457,10,3.804190144501006,3.8087595710557527,-0.0045694265547463,3
RANDOM_GATE_PLACEBO_REPO,cluster_entry_loose,standard,log_RV_MSE,73457,10,62.079879726914335,62.1914734844618,-0.111593757547473,4
RANDOM_GATE_PLACEBO_REPO,cluster_entry_loose,standard,winsorized_SMAPE_1_99,73457,10,93.56917055787952,93.5297825852,0.0393879726795078,7
RANDOM_GATE_PLACEBO_REPO,cluster_entry_loose,excluding_near_zero_actual_bottom_asset_decile,SMAPE,61461,10,72.99789797170354,72.95644194233195,0.0414560293715818,7
RANDOM_GATE_PLACEBO_REPO,cluster_entry_loose,excluding_near_zero_actual_bottom_asset_decile,MAE,61461,10,0.0007865964891234,0.000783343944626,3.252544497304502e-06,8
RANDOM_GATE_PLACEBO_REPO,cluster_entry_loose,excluding_near_zero_actual_bottom_asset_decile,MSE,61461,10,2.8317450639894594e-06,2.8040714885223274e-06,2.767357546713185e-08,9
RANDOM_GATE_PLACEBO_REPO,cluster_entry_loose,excluding_near_zero_actual_bottom_asset_decile,RMSE,61461,10,0.0015742075191736,0.0015670686499521,7.138869221509139e-06,9
RANDOM_GATE_PLACEBO_REPO,cluster_entry_loose,excluding_near_zero_actual_bottom_asset_decile,QLIKE,61461,10,210144.59489315952,846141.0971468156,-635996.5022536562,1
RANDOM_GATE_PLACEBO_REPO,cluster_entry_loose,excluding_near_zero_actual_bottom_asset_decile,log_RV_MAE,61461,10,0.8662174520726127,0.8775306976180157,-0.0113132455454029,2
RANDOM_GATE_PLACEBO_REPO,cluster_entry_loose,excluding_near_zero_actual_bottom_asset_decile,log_RV_MSE,61461,10,1.3601494572286972,1.6268991014147085,-0.2667496441860109,2
RANDOM_GATE_PLACEBO_REPO,cluster_entry_loose,excluding_near_zero_actual_bottom_asset_decile,winsorized_SMAPE_1_99,61461,10,72.93293539887844,72.8858377487795,0.0470976500989392,7
RANDOM_GATE_PLACEBO_REPO,cluster_entry_loose,high_vol_actual_top_asset_quintile,SMAPE,22973,10,69.00735262283271,68.49170215649286,0.5156504663398501,9
RANDOM_GATE_PLACEBO_REPO,cluster_entry_loose,high_vol_actual_top_asset_quintile,MAE,22973,10,0.0012877885229073,0.0012786864435431,9.102079364234631e-06,10
RANDOM_GATE_PLACEBO_REPO,cluster_entry_loose,high_vol_actual_top_asset_quintile,MSE,22973,10,6.7247425578925214e-06,6.666803059318588e-06,5.7939498573932915e-08,10
RANDOM_GATE_PLACEBO_REPO,cluster_entry_loose,high_vol_actual_top_asset_quintile,RMSE,22973,10,0.0023906769741809,0.0023808592445662,9.817729614673428e-06,10
RANDOM_GATE_PLACEBO_REPO,cluster_entry_loose,high_vol_actual_top_asset_quintile,QLIKE,22973,10,268014.68012032646,1424558.9241735074,-1156544.2440531808,3
RANDOM_GATE_PLACEBO_REPO,cluster_entry_loose,high_vol_actual_top_asset_quintile,log_RV_MAE,22973,10,0.7732837175225007,0.7777628395792509,-0.00447912205675,4
RANDOM_GATE_PLACEBO_REPO,cluster_entry_loose,high_vol_actual_top_asset_quintile,log_RV_MSE,22973,10,0.9451687695589692,1.175154762806952,-0.2299859932479828,3
RANDOM_GATE_PLACEBO_REPO,cluster_entry_loose,high_vol_actual_top_asset_quintile,winsorized_SMAPE_1_99,22973,10,68.91269580989183,68.38207370684566,0.5306221030461864,9
RANDOM_GATE_PLACEBO_REPO,recent_spike_position,standard,SMAPE,125358,10,111.5312633098087,111.5082801954466,0.0229831143621022,7
RANDOM_GATE_PLACEBO_REPO,recent_spike_position,standard,MAE,125358,10,0.000609182778318,0.0006060030661693,3.17971214869958e-06,9
RANDOM_GATE_PLACEBO_REPO,recent_spike_position,standard,MSE,125358,10,2.105711101802365e-06,2.092076266656863e-06,1.3634835145501592e-08,8
RANDOM_GATE_PLACEBO_REPO,recent_spike_position,standard,RMSE,125358,10,0.0013297050754869,0.0013257256625821,3.979412904777925e-06,8
RANDOM_GATE_PLACEBO_REPO,recent_spike_position,standard,QLIKE,125358,10,249149.85066705736,780732.7480320705,-531582.8973650133,1
RANDOM_GATE_PLACEBO_REPO,recent_spike_position,standard,log_RV_MAE,125358,10,6.256003684262452,6.2586846067569,-0.0026809224944486,4
RANDOM_GATE_PLACEBO_REPO,recent_spike_position,standard,log_RV_MSE,125358,10,109.413873260945,109.4508184401758,-0.0369451792307789,5
RANDOM_GATE_PLACEBO_REPO,recent_spike_position,standard,winsorized_SMAPE_1_99,125358,10,111.54553490151334,111.52101443164446,0.0245204698688817,7
RANDOM_GATE_PLACEBO_REPO,recent_spike_position,excluding_near_zero_actual_bottom_asset_decile,SMAPE,87314,10,73.36349002624341,73.34033711845078,0.0231529077926353,7
RANDOM_GATE_PLACEBO_REPO,recent_spike_position,excluding_near_zero_actual_bottom_asset_decile,MAE,87314,10,0.0007165853575134,0.0007140094748834,2.5758826300881305e-06,9
RANDOM_GATE_PLACEBO_REPO,recent_spike_position,excluding_near_zero_actual_bottom_asset_decile,MSE,87314,10,2.911648263991405e-06,2.8942123502955318e-06,1.743591369587425e-08,9
RANDOM_GATE_PLACEBO_REPO,recent_spike_position,excluding_near_zero_actual_bottom_asset_decile,RMSE,87314,10,0.0016055951177445,0.0016007518429138,4.843274830774544e-06,9
RANDOM_GATE_PLACEBO_REPO,recent_spike_position,excluding_near_zero_actual_bottom_asset_decile,QLIKE,87314,10,357700.4542242482,1120365.0112879428,-762664.5570636947,1
RANDOM_GATE_PLACEBO_REPO,recent_spike_position,excluding_near_zero_actual_bottom_asset_decile,log_RV_MAE,87314,10,0.8796930028966632,0.8964040212125172,-0.0167110183158538,0
RANDOM_GATE_PLACEBO_REPO,recent_spike_position,excluding_near_zero_actual_bottom_asset_decile,log_RV_MSE,87314,10,1.46266464228245,1.8480640223533469,-0.3853993800708969,0
RANDOM_GATE_PLACEBO_REPO,recent_spike_position,excluding_near_zero_actual_bottom_asset_decile,winsorized_SMAPE_1_99,87314,10,73.3008461151611,73.27467758191888,0.0261685332422183,7
RANDOM_GATE_PLACEBO_REPO,recent_spike_position,high_vol_actual_top_asset_quintile,SMAPE,25722,10,76.6380234808837,76.51108403958776,0.1269394412959483,6
RANDOM_GATE_PLACEBO_REPO,recent_spike_position,high_vol_actual_top_asset_quintile,MAE,25722,10,0.0014520315728545,0.0014459938590327,6.037713821796988e-06,8
RANDOM_GATE_PLACEBO_REPO,recent_spike_position,high_vol_actual_top_asset_quintile,MSE,25722,10,9.030757734515107e-06,8.986629550563678e-06,4.4128183951429876e-08,8
RANDOM_GATE_PLACEBO_REPO,recent_spike_position,high_vol_actual_top_asset_quintile,RMSE,25722,10,0.002817499668717,0.0028113172920909,6.182376626045886e-06,8
RANDOM_GATE_PLACEBO_REPO,recent_spike_position,high_vol_actual_top_asset_quintile,QLIKE,25722,10,730283.7780196941,2237694.8345825165,-1507411.0565628223,1
RANDOM_GATE_PLACEBO_REPO,recent_spike_position,high_vol_actual_top_asset_quintile,log_RV_MAE,25722,10,0.8980758793102885,0.909026961114074,-0.0109510818037854,2
RANDOM_GATE_PLACEBO_REPO,recent_spike_position,high_vol_actual_top_asset_quintile,log_RV_MSE,25722,10,1.3696668123426177,1.6543448671761358,-0.2846780548335181,1
RANDOM_GATE_PLACEBO_REPO,recent_spike_position,high_vol_actual_top_asset_quintile,winsorized_SMAPE_1_99,25722,10,76.58265438950966,76.44619113640161,0.1364632531080549,6
RANDOM_GATE_PLACEBO_REPO,cluster_exit_loose,standard,SMAPE,73455,10,97.78270322300334,98.22182719168256,-0.4391239686792184,0
RANDOM_GATE_PLACEBO_REPO,cluster_exit_loose,standard,MAE,73455,10,0.0006171643472766,0.0006170178323226,1.4651495399731202e-07,6
RANDOM_GATE_PLACEBO_REPO,cluster_exit_loose,standard,MSE,73455,10,2.753487709512812e-06,2.752397030734023e-06,1.0906787787893051e-09,5
RANDOM_GATE_PLACEBO_REPO,cluster_exit_loose,standard,RMSE,73455,10,0.001537824377701,0.0015377437651401,8.061256085141806e-08,5
RANDOM_GATE_PLACEBO_REPO,cluster_exit_loose,standard,QLIKE,73455,10,319713.10949986114,1936007.05538682,-1616293.9458869589,0
RANDOM_GATE_PLACEBO_REPO,cluster_exit_loose,standard,log_RV_MAE,73455,10,4.775102499739926,4.79852464537781,-0.0234221456378835,3
RANDOM_GATE_PLACEBO_REPO,cluster_exit_loose,standard,log_RV_MSE,73455,10,82.09800802784856,82.40651758000878,-0.3085095521602109,5
RANDOM_GATE_PLACEBO_REPO,cluster_exit_loose,standard,winsorized_SMAPE_1_99,73455,10,97.79101156573374,98.22988340191966,-0.4388718361859202,0
RANDOM_GATE_PLACEBO_REPO,cluster_exit_loose,excluding_near_zero_actual_bottom_asset_decile,SMAPE,57273,10,69.26376081385803,69.84186002699799,-0.5780992131399606,0
RANDOM_GATE_PLACEBO_REPO,cluster_exit_loose,excluding_near_zero_actual_bottom_asset_decile,MAE,57273,10,0.000661178907095,0.0006643516047577,-3.172697662723888e-06,0
RANDOM_GATE_PLACEBO_REPO,cluster_exit_loose,excluding_near_zero_actual_bottom_asset_decile,MSE,57273,10,3.4480117172837792e-06,3.448289073020233e-06,-2.773557364533124e-10,5
RANDOM_GATE_PLACEBO_REPO,cluster_exit_loose,excluding_near_zero_actual_bottom_asset_decile,RMSE,57273,10,0.0017516744733704,0.0017519257304421,-2.5125707170362625e-07,5
RANDOM_GATE_PLACEBO_REPO,cluster_exit_loose,excluding_near_zero_actual_bottom_asset_decile,QLIKE,57273,10,409447.8060087569,2479111.773315766,-2069663.9673070093,0
RANDOM_GATE_PLACEBO_REPO,cluster_exit_loose,excluding_near_zero_actual_bottom_asset_decile,log_RV_MAE,57273,10,0.8285547380337411,0.8893399184571438,-0.0607851804234027,0
RANDOM_GATE_PLACEBO_REPO,cluster_exit_loose,excluding_near_zero_actual_bottom_asset_decile,log_RV_MSE,57273,10,1.468738852648666,2.674932334760349,-1.2061934821116824,0
RANDOM_GATE_PLACEBO_REPO,cluster_exit_loose,excluding_near_zero_actual_bottom_asset_decile,winsorized_SMAPE_1_99,57273,10,69.19739766691099,69.76182458341994,-0.5644269165089365,0
RANDOM_GATE_PLACEBO_REPO,cluster_exit_loose,high_vol_actual_top_asset_quintile,SMAPE,17006,10,68.55587459894774,69.08472760758038,-0.5288530086326431,1
RANDOM_GATE_PLACEBO_REPO,cluster_exit_loose,high_vol_actual_top_asset_quintile,MAE,17006,10,0.0013369827883075,0.0013373830075273,-4.002192198251419e-07,5
RANDOM_GATE_PLACEBO_REPO,cluster_exit_loose,high_vol_actual_top_asset_quintile,MSE,17006,10,1.0979860152382522e-05,1.09525808101703e-05,2.7279342212219597e-08,7
RANDOM_GATE_PLACEBO_REPO,cluster_exit_loose,high_vol_actual_top_asset_quintile,RMSE,17006,10,0.0030405995595415,0.0030372405007099,3.3590588315620386e-06,7
RANDOM_GATE_PLACEBO_REPO,cluster_exit_loose,high_vol_actual_top_asset_quintile,QLIKE,17006,10,263331.26459515106,3926557.14166273,-3663225.877067579,0
RANDOM_GATE_PLACEBO_REPO,cluster_exit_loose,high_vol_actual_top_asset_quintile,log_RV_MAE,17006,10,0.779457159228256,0.8263554351996508,-0.0468982759713947,0
RANDOM_GATE_PLACEBO_REPO,cluster_exit_loose,high_vol_actual_top_asset_quintile,log_RV_MSE,17006,10,0.9978065877696454,1.9379669046353936,-0.9401603168657484,0
RANDOM_GATE_PLACEBO_REPO,cluster_exit_loose,high_vol_actual_top_asset_quintile,winsorized_SMAPE_1_99,17006,10,68.5145672335015,69.02048170186538,-0.5059144683638753,1
RANDOM_GATE_PLACEBO_REPO,older_spike_position,standard,SMAPE,108871,10,97.43444156272852,97.73557880247677,-0.3011372397482131,0
RANDOM_GATE_PLACEBO_REPO,older_spike_position,standard,MAE,108871,10,0.0005701423444708,0.0005695074282957,6.349161751670914e-07,8
RANDOM_GATE_PLACEBO_REPO,older_spike_position,standard,MSE,108871,10,2.325430719071407e-06,2.324484362882417e-06,9.46356188988999e-10,6
RANDOM_GATE_PLACEBO_REPO,older_spike_position,standard,RMSE,108871,10,0.0014265116032149,0.0014262428893441,2.6871387081966244e-07,6
RANDOM_GATE_PLACEBO_REPO,older_spike_position,standard,QLIKE,108871,10,310676.42338787334,1429953.2058949892,-1119276.782507116,0
RANDOM_GATE_PLACEBO_REPO,older_spike_position,standard,log_RV_MAE,108871,10,4.699872146442731,4.717826482871178,-0.0179543364284476,4
RANDOM_GATE_PLACEBO_REPO,older_spike_position,standard,log_RV_MSE,108871,10,80.56611779435829,80.79988509404149,-0.2337672996831737,5
RANDOM_GATE_PLACEBO_REPO,older_spike_position,standard,winsorized_SMAPE_1_99,108871,10,97.44221425187747,97.74372308373832,-0.3015088318608326,0
RANDOM_GATE_PLACEBO_REPO,older_spike_position,excluding_near_zero_actual_bottom_asset_decile,SMAPE,85180,10,69.3545856504564,69.75393466823768,-0.399349017781279,0
RANDOM_GATE_PLACEBO_REPO,older_spike_position,excluding_near_zero_actual_bottom_asset_decile,MAE,85180,10,0.0005996808597667,0.0006015544446635,-1.8735848967983584e-06,1
RANDOM_GATE_PLACEBO_REPO,older_spike_position,excluding_near_zero_actual_bottom_asset_decile,MSE,85180,10,2.892131608948893e-06,2.892457566624613e-06,-3.2595767572073246e-10,4
RANDOM_GATE_PLACEBO_REPO,older_spike_position,excluding_near_zero_actual_bottom_asset_decile,RMSE,85180,10,0.0016071511084485,0.0016072834734764,-1.3236502785111824e-07,4
RANDOM_GATE_PLACEBO_REPO,older_spike_position,excluding_near_zero_actual_bottom_asset_decile,QLIKE,85180,10,395338.3603923037,1824318.013218976,-1428979.6528266722,0
RANDOM_GATE_PLACEBO_REPO,older_spike_position,excluding_near_zero_actual_bottom_asset_decile,log_RV_MAE,85180,10,0.8306895025168325,0.8756073867770843,-0.0449178842602517,0
RANDOM_GATE_PLACEBO_REPO,older_spike_position,excluding_near_zero_actual_bottom_asset_decile,log_RV_MSE,85180,10,1.4717707449212003,2.3710271898043724,-0.8992564448831718,0
RANDOM_GATE_PLACEBO_REPO,older_spike_position,excluding_near_zero_actual_bottom_asset_decile,winsorized_SMAPE_1_99,85180,10,69.28381540261677,69.67069801451674,-0.3868826118999748,0
RANDOM_GATE_PLACEBO_REPO,older_spike_position,high_vol_actual_top_asset_quintile,SMAPE,20509,10,71.97662527280492,72.34949978953847,-0.372874516733555,1
RANDOM_GATE_PLACEBO_REPO,older_spike_position,high_vol_actual_top_asset_quintile,MAE,20509,10,0.0014069911717764,0.0014060647446296,9.264271468332656e-07,6
RANDOM_GATE_PLACEBO_REPO,older_spike_position,high_vol_actual_top_asset_quintile,MSE,20509,10,1.1340659190055558e-05,1.1319059492675014e-05,2.1599697380544825e-08,8
RANDOM_GATE_PLACEBO_REPO,older_spike_position,high_vol_actual_top_asset_quintile,RMSE,20509,10,0.0031001645234287,0.0030974949274552,2.669595973506064e-06,8
RANDOM_GATE_PLACEBO_REPO,older_spike_position,high_vol_actual_top_asset_quintile,QLIKE,20509,10,528354.6846762492,3187063.8676215466,-2658709.1829452976,0
RANDOM_GATE_PLACEBO_REPO,older_spike_position,high_vol_actual_top_asset_quintile,log_RV_MAE,20509,10,0.8302399911732007,0.8638622155366547,-0.0336222243634538,0
RANDOM_GATE_PLACEBO_REPO,older_spike_position,high_vol_actual_top_asset_quintile,log_RV_MSE,20509,10,1.1982180799171949,1.8690444747025716,-0.6708263947853766,0
RANDOM_GATE_PLACEBO_REPO,older_spike_position,high_vol_actual_top_asset_quintile,winsorized_SMAPE_1_99,20509,10,71.93587644514969,72.2895551825413,-0.3536787373916091,1
RANDOM_GATE_PLACEBO_REPO,high_within_block_dispersion,standard,SMAPE,68970,10,119.60427233753936,119.84627542967516,-0.2420030921357944,3
RANDOM_GATE_PLACEBO_REPO,high_within_block_dispersion,standard,MAE,68970,10,0.0005686239436959,0.0005605501573513,8.073786344634935e-06,9
RANDOM_GATE_PLACEBO_REPO,high_within_block_dispersion,standard,MSE,68970,10,1.1231333770356058e-06,1.108167850971695e-06,1.496552606391126e-08,9
RANDOM_GATE_PLACEBO_REPO,high_within_block_dispersion,standard,RMSE,68970,10,0.0010218476548916,0.0010156617043101,6.185950581522197e-06,9
RANDOM_GATE_PLACEBO_REPO,high_within_block_dispersion,standard,QLIKE,68970,10,503895.0954919666,2220176.8269567853,-1716281.731464818,1
RANDOM_GATE_PLACEBO_REPO,high_within_block_dispersion,standard,log_RV_MAE,68970,10,7.336315052592766,7.355018193616967,-0.0187031410242012,5
RANDOM_GATE_PLACEBO_REPO,high_within_block_dispersion,standard,log_RV_MSE,68970,10,134.18160425169935,134.39928637922782,-0.2176821275284939,5
RANDOM_GATE_PLACEBO_REPO,high_within_block_dispersion,standard,winsorized_SMAPE_1_99,68970,10,119.61807792324268,119.85996669589474,-0.2418887726520423,3
RANDOM_GATE_PLACEBO_REPO,high_within_block_dispersion,excluding_near_zero_actual_bottom_asset_decile,SMAPE,44524,10,76.0726803313092,76.47672907967191,-0.4040487483627028,2
RANDOM_GATE_PLACEBO_REPO,high_within_block_dispersion,excluding_near_zero_actual_bottom_asset_decile,MAE,44524,10,0.0006047171369936,0.0005998705451054,4.846591888192782e-06,6
RANDOM_GATE_PLACEBO_REPO,high_within_block_dispersion,excluding_near_zero_actual_bottom_asset_decile,MSE,44524,10,1.5377627543209002e-06,1.521789542767464e-06,1.5973211553436278e-08,6
RANDOM_GATE_PLACEBO_REPO,high_within_block_dispersion,excluding_near_zero_actual_bottom_asset_decile,RMSE,44524,10,0.0012018726265101,0.0011958752307175,5.997395792584102e-06,6
RANDOM_GATE_PLACEBO_REPO,high_within_block_dispersion,excluding_near_zero_actual_bottom_asset_decile,QLIKE,44524,10,778263.0005437186,3432663.442003353,-2654400.441459635,1
RANDOM_GATE_PLACEBO_REPO,high_within_block_dispersion,excluding_near_zero_actual_bottom_asset_decile,log_RV_MAE,44524,10,0.9279896341069244,1.0112752529348372,-0.0832856188279127,1
RANDOM_GATE_PLACEBO_REPO,high_within_block_dispersion,excluding_near_zero_actual_bottom_asset_decile,log_RV_MSE,44524,10,1.8841423421682129,3.6452457923730543,-1.7611034502048415,1
RANDOM_GATE_PLACEBO_REPO,high_within_block_dispersion,excluding_near_zero_actual_bottom_asset_decile,winsorized_SMAPE_1_99,44524,10,75.999265651473,76.40011915259412,-0.4008535011211078,2
RANDOM_GATE_PLACEBO_REPO,high_within_block_dispersion,high_vol_actual_top_asset_quintile,SMAPE,8611,10,83.57927734565325,84.8737311120037,-1.2944537663504605,1
RANDOM_GATE_PLACEBO_REPO,high_within_block_dispersion,high_vol_actual_top_asset_quintile,MAE,8611,10,0.0014329468653602,0.0014390748686356,-6.12800327548044e-06,2
RANDOM_GATE_PLACEBO_REPO,high_within_block_dispersion,high_vol_actual_top_asset_quintile,MSE,8611,10,6.356666223296062e-06,6.35958063205855e-06,-2.9144087624872596e-09,5
RANDOM_GATE_PLACEBO_REPO,high_within_block_dispersion,high_vol_actual_top_asset_quintile,RMSE,8611,10,0.0024338471985146,0.0024345891913162,-7.419928015532031e-07,5
RANDOM_GATE_PLACEBO_REPO,high_within_block_dispersion,high_vol_actual_top_asset_quintile,QLIKE,8611,10,1164588.1052037366,7229351.5510625215,-6064763.445858785,1
RANDOM_GATE_PLACEBO_REPO,high_within_block_dispersion,high_vol_actual_top_asset_quintile,log_RV_MAE,8611,10,0.9835186676880447,1.0734436095712905,-0.0899249418832453,1
RANDOM_GATE_PLACEBO_REPO,high_within_block_dispersion,high_vol_actual_top_asset_quintile,log_RV_MSE,8611,10,1.6033125836104825,3.306486842402612,-1.7031742587921292,1
RANDOM_GATE_PLACEBO_REPO,high_within_block_dispersion,high_vol_actual_top_asset_quintile,winsorized_SMAPE_1_99,8611,10,83.52311784459015,84.78675918781146,-1.2636413432213025,1
RIDGE_AR22,all_rows,standard,SMAPE,367468,10,100.87996479236024,101.38297732533076,-0.5030125329705558,2
RIDGE_AR22,all_rows,standard,MAE,367468,10,0.0005862627333686,0.0005922025879484,-5.939854579760273e-06,1
RIDGE_AR22,all_rows,standard,MSE,367468,10,2.195810003722176e-06,2.235243083278165e-06,-3.943307955598929e-08,0
RIDGE_AR22,all_rows,standard,RMSE,367468,10,0.001388809861051,0.0014010019311159,-1.2192070064951092e-05,0
RIDGE_AR22,all_rows,standard,QLIKE,367468,10,296920.5433224973,93808.4729292046,203112.0703932928,10
RIDGE_AR22,all_rows,standard,log_RV_MAE,367468,10,5.013575715182238,5.030599458503702,-0.0170237433214641,1
RIDGE_AR22,all_rows,standard,log_RV_MSE,367468,10,86.01532967319302,86.50028431424303,-0.4849546410500074,3
RIDGE_AR22,all_rows,standard,winsorized_SMAPE_1_99,367468,10,100.88870917101808,101.39244989898891,-0.5037407279708335,2
RIDGE_AR22,all_rows,excluding_near_zero_actual_bottom_asset_decile,SMAPE,280990,10,70.80150601340222,71.42962938185822,-0.6281233684559941,2
RIDGE_AR22,all_rows,excluding_near_zero_actual_bottom_asset_decile,MAE,280990,10,0.0006347107778826,0.0006371759614379,-2.465183555290508e-06,3
RIDGE_AR22,all_rows,excluding_near_zero_actual_bottom_asset_decile,MSE,280990,10,2.7844815379535592e-06,2.834749352324964e-06,-5.0267814371404655e-08,0
RIDGE_AR22,all_rows,excluding_near_zero_actual_bottom_asset_decile,RMSE,280990,10,0.0015906907657762,0.0016053196528774,-1.4628887101208344e-05,0
RIDGE_AR22,all_rows,excluding_near_zero_actual_bottom_asset_decile,QLIKE,280990,10,387469.9542930861,122673.71446919563,264796.2398238905,10
RIDGE_AR22,all_rows,excluding_near_zero_actual_bottom_asset_decile,log_RV_MAE,280990,10,0.8477474698162,0.8452564329867461,0.0024910368294538,5
RIDGE_AR22,all_rows,excluding_near_zero_actual_bottom_asset_decile,log_RV_MSE,280990,10,1.4753525524316455,1.2800369604600914,0.1953155919715544,10
RIDGE_AR22,all_rows,excluding_near_zero_actual_bottom_asset_decile,winsorized_SMAPE_1_99,280990,10,70.73639077833658,71.36522819817337,-0.6288374198368102,2
RIDGE_AR22,all_rows,high_vol_actual_top_asset_quintile,SMAPE,73496,10,74.0205758822783,77.66604824726873,-3.645472364990432,0
RIDGE_AR22,all_rows,high_vol_actual_top_asset_quintile,MAE,73496,10,0.0013977588560888,0.0014461583138116,-4.839945772278616e-05,0
RIDGE_AR22,all_rows,high_vol_actual_top_asset_quintile,MSE,73496,10,9.91631467307809e-06,1.0215798684286413e-05,-2.994840112083224e-07,0
RIDGE_AR22,all_rows,high_vol_actual_top_asset_quintile,RMSE,73496,10,0.0029503490075918,0.0029945043122847,-4.415530469283893e-05,0
RIDGE_AR22,all_rows,high_vol_actual_top_asset_quintile,QLIKE,73496,10,577828.0338365107,284103.0543294497,293724.97950706084,7
RIDGE_AR22,all_rows,high_vol_actual_top_asset_quintile,log_RV_MAE,73496,10,0.8562913770706451,0.8968097786546112,-0.0405184015839659,1
RIDGE_AR22,all_rows,high_vol_actual_top_asset_quintile,log_RV_MSE,73496,10,1.2429973653708484,1.2322417811979651,0.0107555841728833,5
RIDGE_AR22,all_rows,high_vol_actual_top_asset_quintile,winsorized_SMAPE_1_99,73496,10,73.97732781808993,77.64074022339268,-3.663412405302755,0
RIDGE_AR22,all_observations,standard,SMAPE,367248,10,100.86366051352246,101.36265601335433,-0.4989954998318569,2
RIDGE_AR22,all_observations,standard,MAE,367248,10,0.0005861095985985,0.0005919817417397,-5.872143141182788e-06,1
RIDGE_AR22,all_observations,standard,MSE,367248,10,2.193500144908159e-06,2.2329118445397527e-06,-3.9411699631593726e-08,0
RIDGE_AR22,all_observations,standard,RMSE,367248,10,0.0013880844118661,0.0014002776839992,-1.219327213307652e-05,0
RIDGE_AR22,all_observations,standard,QLIKE,367248,10,297098.4085887108,93330.47410682777,203767.9344818831,10
RIDGE_AR22,all_observations,standard,log_RV_MAE,367248,10,5.011387938732,5.028175972721882,-0.0167880339898818,1
RIDGE_AR22,all_observations,standard,log_RV_MSE,367248,10,85.97070871507968,86.45070200234224,-0.4799932872625473,2
RIDGE_AR22,all_observations,standard,winsorized_SMAPE_1_99,367248,10,100.87240025609772,101.37211863823744,-0.4997183821397191,2
RIDGE_AR22,all_observations,excluding_near_zero_actual_bottom_asset_decile,SMAPE,280865,10,70.7998613143532,71.42292466810514,-0.6230633537519391,2
RIDGE_AR22,all_observations,excluding_near_zero_actual_bottom_asset_decile,MAE,280865,10,0.0006344831477051,0.0006369047086369,-2.4215609318483925e-06,3
RIDGE_AR22,all_observations,excluding_near_zero_actual_bottom_asset_decile,MSE,280865,10,2.7811051718795994e-06,2.8313759280112126e-06,-5.0270756131613054e-08,0
RIDGE_AR22,all_observations,excluding_near_zero_actual_bottom_asset_decile,RMSE,280865,10,0.0015897076573964,0.0016043447494994,-1.463709210295596e-05,0
RIDGE_AR22,all_observations,excluding_near_zero_actual_bottom_asset_decile,QLIKE,280865,10,387642.3986589653,122029.82501140816,265612.5736475572,10
RIDGE_AR22,all_observations,excluding_near_zero_actual_bottom_asset_decile,log_RV_MAE,280865,10,0.8477187669523202,0.8450872529167339,0.0026315140355863,6
RIDGE_AR22,all_observations,excluding_near_zero_actual_bottom_asset_decile,log_RV_MSE,280865,10,1.4753477712987084,1.2784496846307607,0.1968980866679479,10
RIDGE_AR22,all_observations,excluding_near_zero_actual_bottom_asset_decile,winsorized_SMAPE_1_99,280865,10,70.73471741592948,71.35846552729666,-0.6237481113671619,2
RIDGE_AR22,all_observations,high_vol_actual_top_asset_quintile,SMAPE,73477,10,74.0098124350625,77.6596350176817,-3.649822582619159,0
RIDGE_AR22,all_observations,high_vol_actual_top_asset_quintile,MAE,73477,10,0.0013967078250143,0.0014451431471429,-4.843532212863189e-05,0
RIDGE_AR22,all_observations,high_vol_actual_top_asset_quintile,MSE,73477,10,9.90175140491125e-06,1.0201288504455383e-05,-2.9953709954413614e-07,0
RIDGE_AR22,all_observations,high_vol_actual_top_asset_quintile,RMSE,73477,10,0.0029481653737893,0.0029923606432537,-4.4195269464317856e-05,0
RIDGE_AR22,all_observations,high_vol_actual_top_asset_quintile,QLIKE,73477,10,577977.449553732,284176.51754217467,293800.93201155734,7
RIDGE_AR22,all_observations,high_vol_actual_top_asset_quintile,log_RV_MAE,73477,10,0.8560873034002608,0.8966632811368634,-0.0405759777366027,1
RIDGE_AR22,all_observations,high_vol_actual_top_asset_quintile,log_RV_MSE,73477,10,1.2423106282398957,1.2316657662131918,0.0106448620267036,5
RIDGE_AR22,all_observations,high_vol_actual_top_asset_quintile,winsorized_SMAPE_1_99,73477,10,73.9666730676769,77.63435775387003,-3.667684686193132,0
RIDGE_AR22,cluster_entry_loose,standard,SMAPE,73457,10,93.56088920634404,93.91212743647316,-0.3512382301291117,3
RIDGE_AR22,cluster_entry_loose,standard,MAE,73457,10,0.0007565085518804,0.0007467276107859,9.780941094551712e-06,9
RIDGE_AR22,cluster_entry_loose,standard,MSE,73457,10,2.4613245517090537e-06,2.5494173098625672e-06,-8.809275815351367e-08,0
RIDGE_AR22,cluster_entry_loose,standard,RMSE,73457,10,0.0014483360606577,0.0014723670496911,-2.403098903338961e-05,0
RIDGE_AR22,cluster_entry_loose,standard,QLIKE,73457,10,175829.54926030466,191806.8367745469,-15977.287514242194,6
RIDGE_AR22,cluster_entry_loose,standard,log_RV_MAE,73457,10,3.804190144501006,3.803187463173332,0.0010026813276741,5
RIDGE_AR22,cluster_entry_loose,standard,log_RV_MSE,73457,10,62.079879726914335,61.959317256286425,0.1205624706279198,9
RIDGE_AR22,cluster_entry_loose,standard,winsorized_SMAPE_1_99,73457,10,93.56917055787952,93.92110118561295,-0.3519306277334364,3
RIDGE_AR22,cluster_entry_loose,excluding_near_zero_actual_bottom_asset_decile,SMAPE,61461,10,72.99789797170354,73.41927011402342,-0.4213721423198848,3
RIDGE_AR22,cluster_entry_loose,excluding_near_zero_actual_bottom_asset_decile,MAE,61461,10,0.0007865964891234,0.0007817213840465,4.875105076809215e-06,7
RIDGE_AR22,cluster_entry_loose,excluding_near_zero_actual_bottom_asset_decile,MSE,61461,10,2.8317450639894594e-06,2.9576024241769687e-06,-1.2585736018750916e-07,0
RIDGE_AR22,cluster_entry_loose,excluding_near_zero_actual_bottom_asset_decile,RMSE,61461,10,0.0015742075191736,0.0016089977917226,-3.4790272549062655e-05,0
RIDGE_AR22,cluster_entry_loose,excluding_near_zero_actual_bottom_asset_decile,QLIKE,61461,10,210144.59489315952,229240.34081300645,-19095.745919846908,6
RIDGE_AR22,cluster_entry_loose,excluding_near_zero_actual_bottom_asset_decile,log_RV_MAE,61461,10,0.8662174520726127,0.8653961755928467,0.0008212764797658,6
RIDGE_AR22,cluster_entry_loose,excluding_near_zero_actual_bottom_asset_decile,log_RV_MSE,61461,10,1.3601494572286972,1.287263316313203,0.0728861409154943,7
RIDGE_AR22,cluster_entry_loose,excluding_near_zero_actual_bottom_asset_decile,winsorized_SMAPE_1_99,61461,10,72.93293539887844,73.35311350692741,-0.420178108048975,3
RIDGE_AR22,cluster_entry_loose,high_vol_actual_top_asset_quintile,SMAPE,22973,10,69.00735262283271,76.67622711412704,-7.668874491294336,0
RIDGE_AR22,cluster_entry_loose,high_vol_actual_top_asset_quintile,MAE,22973,10,0.0012877885229073,0.0013843808859646,-9.659236305727196e-05,0
RIDGE_AR22,cluster_entry_loose,high_vol_actual_top_asset_quintile,MSE,22973,10,6.7247425578925214e-06,7.310714226805676e-06,-5.859716689131529e-07,0
RIDGE_AR22,cluster_entry_loose,high_vol_actual_top_asset_quintile,RMSE,22973,10,0.0023906769741809,0.0024923520024915,-0.0001016750283106,0
RIDGE_AR22,cluster_entry_loose,high_vol_actual_top_asset_quintile,QLIKE,22973,10,268014.68012032646,467499.9126105144,-199485.2324901881,1
RIDGE_AR22,cluster_entry_loose,high_vol_actual_top_asset_quintile,log_RV_MAE,22973,10,0.7732837175225007,0.8713042372165322,-0.0980205196940314,0
RIDGE_AR22,cluster_entry_loose,high_vol_actual_top_asset_quintile,log_RV_MSE,22973,10,0.9451687695589692,1.1247296527251158,-0.1795608831661468,1
RIDGE_AR22,cluster_entry_loose,high_vol_actual_top_asset_quintile,winsorized_SMAPE_1_99,22973,10,68.91269580989183,76.62322295067818,-7.710527140786352,0
RIDGE_AR22,recent_spike_position,standard,SMAPE,125358,10,111.5312633098087,111.4356066394377,0.0956566703709997,5
RIDGE_AR22,recent_spike_position,standard,MAE,125358,10,0.000609182778318,0.0005964523056345,1.2730472683523e-05,9
RIDGE_AR22,recent_spike_position,standard,MSE,125358,10,2.105711101802365e-06,2.1517085758229767e-06,-4.599747402061176e-08,0
RIDGE_AR22,recent_spike_position,standard,RMSE,125358,10,0.0013297050754869,0.0013428319085837,-1.3126833096780006e-05,0
RIDGE_AR22,recent_spike_position,standard,QLIKE,125358,10,249149.85066705736,152207.275056084,96942.57561097332,7
RIDGE_AR22,recent_spike_position,standard,log_RV_MAE,125358,10,6.256003684262452,6.263595184788509,-0.0075915005260571,8
RIDGE_AR22,recent_spike_position,standard,log_RV_MSE,125358,10,109.413873260945,109.76251444121046,-0.348641180265449,6
RIDGE_AR22,recent_spike_position,standard,winsorized_SMAPE_1_99,125358,10,111.54553490151334,111.4495259602268,0.096008941286548,5
RIDGE_AR22,recent_spike_position,excluding_near_zero_actual_bottom_asset_decile,SMAPE,87314,10,73.36349002624341,73.22816356706325,0.135326459180186,5
RIDGE_AR22,recent_spike_position,excluding_near_zero_actual_bottom_asset_decile,MAE,87314,10,0.0007165853575134,0.0007045581865128,1.2027171000594612e-05,8
RIDGE_AR22,recent_spike_position,excluding_near_zero_actual_bottom_asset_decile,MSE,87314,10,2.911648263991405e-06,2.9985989751046e-06,-8.695071111319423e-08,0
RIDGE_AR22,recent_spike_position,excluding_near_zero_actual_bottom_asset_decile,RMSE,87314,10,0.0016055951177445,0.001629580604302,-2.398548655744835e-05,0
RIDGE_AR22,recent_spike_position,excluding_near_zero_actual_bottom_asset_decile,QLIKE,87314,10,357700.4542242482,218518.5445011081,139181.90972314007,7
RIDGE_AR22,recent_spike_position,excluding_near_zero_actual_bottom_asset_decile,log_RV_MAE,87314,10,0.8796930028966632,0.8686930143949615,0.0109999885017016,9
RIDGE_AR22,recent_spike_position,excluding_near_zero_actual_bottom_asset_decile,log_RV_MSE,87314,10,1.46266464228245,1.331454094790825,0.1312105474916249,8
RIDGE_AR22,recent_spike_position,excluding_near_zero_actual_bottom_asset_decile,winsorized_SMAPE_1_99,87314,10,73.3008461151611,73.161274016445,0.1395720987160917,5
RIDGE_AR22,recent_spike_position,high_vol_actual_top_asset_quintile,SMAPE,25722,10,76.6380234808837,85.40929542920294,-8.771271948319256,0
RIDGE_AR22,recent_spike_position,high_vol_actual_top_asset_quintile,MAE,25722,10,0.0014520315728545,0.001555334195277,-0.0001033026224225,0
RIDGE_AR22,recent_spike_position,high_vol_actual_top_asset_quintile,MSE,25722,10,9.030757734515107e-06,9.616903093406896e-06,-5.861453588917885e-07,0
RIDGE_AR22,recent_spike_position,high_vol_actual_top_asset_quintile,RMSE,25722,10,0.002817499668717,0.0029079415982844,-9.04419295674012e-05,0
RIDGE_AR22,recent_spike_position,high_vol_actual_top_asset_quintile,QLIKE,25722,10,730283.7780196941,616977.2110051826,113306.56701451133,3
RIDGE_AR22,recent_spike_position,high_vol_actual_top_asset_quintile,log_RV_MAE,25722,10,0.8980758793102885,1.0074966696564829,-0.1094207903461943,0
RIDGE_AR22,recent_spike_position,high_vol_actual_top_asset_quintile,log_RV_MSE,25722,10,1.3696668123426177,1.5437637277818157,-0.174096915439198,1
RIDGE_AR22,recent_spike_position,high_vol_actual_top_asset_quintile,winsorized_SMAPE_1_99,25722,10,76.58265438950966,85.38855916910062,-8.805904779590946,0
RIDGE_AR22,cluster_exit_loose,standard,SMAPE,73455,10,97.78270322300334,99.39226148634368,-1.6095582633403298,3
RIDGE_AR22,cluster_exit_loose,standard,MAE,73455,10,0.0006171643472766,0.0006461979970161,-2.903364973948712e-05,0
RIDGE_AR22,cluster_exit_loose,standard,MSE,73455,10,2.753487709512812e-06,2.811797074779679e-06,-5.830936526686708e-08,0
RIDGE_AR22,cluster_exit_loose,standard,RMSE,73455,10,0.001537824377701,0.0015542305463323,-1.640616863134614e-05,0
RIDGE_AR22,cluster_exit_loose,standard,QLIKE,73455,10,319713.10949986114,40795.48208026613,278917.62741959497,7
RIDGE_AR22,cluster_exit_loose,standard,log_RV_MAE,73455,10,4.775102499739926,4.815421606250791,-0.0403191065108639,0
RIDGE_AR22,cluster_exit_loose,standard,log_RV_MSE,73455,10,82.09800802784856,82.93278926890031,-0.8347812410517204,0
RIDGE_AR22,cluster_exit_loose,standard,winsorized_SMAPE_1_99,73455,10,97.79101156573374,99.4005671298601,-1.6095555641263517,3
RIDGE_AR22,cluster_exit_loose,excluding_near_zero_actual_bottom_asset_decile,SMAPE,57273,10,69.26376081385803,71.26506966781474,-2.001308853956722,3
RIDGE_AR22,cluster_exit_loose,excluding_near_zero_actual_bottom_asset_decile,MAE,57273,10,0.000661178907095,0.0006824036588038,-2.1224751708739023e-05,1
RIDGE_AR22,cluster_exit_loose,excluding_near_zero_actual_bottom_asset_decile,MSE,57273,10,3.4480117172837792e-06,3.5040948467390818e-06,-5.6083129455301946e-08,0
RIDGE_AR22,cluster_exit_loose,excluding_near_zero_actual_bottom_asset_decile,RMSE,57273,10,0.0017516744733704,0.0017664063410995,-1.4731867729069144e-05,0
RIDGE_AR22,cluster_exit_loose,excluding_near_zero_actual_bottom_asset_decile,QLIKE,57273,10,409447.8060087569,52316.84966143974,357130.9563473172,8
RIDGE_AR22,cluster_exit_loose,excluding_near_zero_actual_bottom_asset_decile,log_RV_MAE,57273,10,0.8285547380337411,0.84462991892802,-0.0160751808942787,3
RIDGE_AR22,cluster_exit_loose,excluding_near_zero_actual_bottom_asset_decile,log_RV_MSE,57273,10,1.468738852648666,1.2667362870485126,0.2020025656001533,8
RIDGE_AR22,cluster_exit_loose,excluding_near_zero_actual_bottom_asset_decile,winsorized_SMAPE_1_99,57273,10,69.19739766691099,71.20265925315768,-2.0052615862466743,3
RIDGE_AR22,cluster_exit_loose,high_vol_actual_top_asset_quintile,SMAPE,17006,10,68.55587459894774,67.96547159196368,0.5904030069840546,6
RIDGE_AR22,cluster_exit_loose,high_vol_actual_top_asset_quintile,MAE,17006,10,0.0013369827883075,0.0013419939283751,-5.011140067604173e-06,3
RIDGE_AR22,cluster_exit_loose,high_vol_actual_top_asset_quintile,MSE,17006,10,1.0979860152382522e-05,1.1125911396707632e-05,-1.4605124432511234e-07,0
RIDGE_AR22,cluster_exit_loose,high_vol_actual_top_asset_quintile,RMSE,17006,10,0.0030405995595415,0.0030614232394409,-2.082367989940618e-05,0
RIDGE_AR22,cluster_exit_loose,high_vol_actual_top_asset_quintile,QLIKE,17006,10,263331.26459515106,89317.59182169431,174013.67277345672,6
RIDGE_AR22,cluster_exit_loose,high_vol_actual_top_asset_quintile,log_RV_MAE,17006,10,0.779457159228256,0.7694904895403836,0.0099666696878724,6
RIDGE_AR22,cluster_exit_loose,high_vol_actual_top_asset_quintile,log_RV_MSE,17006,10,0.9978065877696454,0.9461388075587042,0.0516677802109412,7
RIDGE_AR22,cluster_exit_loose,high_vol_actual_top_asset_quintile,winsorized_SMAPE_1_99,17006,10,68.5145672335015,67.92346825543629,0.5910989780652126,6
RIDGE_AR22,older_spike_position,standard,SMAPE,108871,10,97.43444156272852,98.07896961806595,-0.644528055337426,3
RIDGE_AR22,older_spike_position,standard,MAE,108871,10,0.0005701423444708,0.0005808399485295,-1.0697604058659146e-05,2
RIDGE_AR22,older_spike_position,standard,MSE,108871,10,2.325430719071407e-06,2.3577960061250155e-06,-3.2365287053608405e-08,0
RIDGE_AR22,older_spike_position,standard,RMSE,108871,10,0.0014265116032149,0.0014365100264209,-9.99842320602873e-06,0
RIDGE_AR22,older_spike_position,standard,QLIKE,108871,10,310676.42338787334,48383.67541449994,262292.74797337333,8
RIDGE_AR22,older_spike_position,standard,log_RV_MAE,108871,10,4.699872146442731,4.715399597152976,-0.0155274507102458,2
RIDGE_AR22,older_spike_position,standard,log_RV_MSE,108871,10,80.56611779435829,80.9668870798768,-0.4007692855184788,1
RIDGE_AR22,older_spike_position,standard,winsorized_SMAPE_1_99,108871,10,97.44221425187747,98.08705240860073,-0.6448381567232553,3
RIDGE_AR22,older_spike_position,excluding_near_zero_actual_bottom_asset_decile,SMAPE,85180,10,69.3545856504564,70.14062951704666,-0.7860438665902841,3
RIDGE_AR22,older_spike_position,excluding_near_zero_actual_bottom_asset_decile,MAE,85180,10,0.0005996808597667,0.0006053427708977,-5.661911130979072e-06,3
RIDGE_AR22,older_spike_position,excluding_near_zero_actual_bottom_asset_decile,MSE,85180,10,2.892131608948893e-06,2.925893635356268e-06,-3.3762026407375854e-08,0
RIDGE_AR22,older_spike_position,excluding_near_zero_actual_bottom_asset_decile,RMSE,85180,10,0.0016071511084485,0.0016170326685457,-9.88156009716988e-06,0
RIDGE_AR22,older_spike_position,excluding_near_zero_actual_bottom_asset_decile,QLIKE,85180,10,395338.3603923037,61835.64260221565,333502.7177900881,8
RIDGE_AR22,older_spike_position,excluding_near_zero_actual_bottom_asset_decile,log_RV_MAE,85180,10,0.8306895025168325,0.8298264308882346,0.0008630716285978,5
RIDGE_AR22,older_spike_position,excluding_near_zero_actual_bottom_asset_decile,log_RV_MSE,85180,10,1.4717707449212003,1.2549485739186392,0.2168221710025606,8
RIDGE_AR22,older_spike_position,excluding_near_zero_actual_bottom_asset_decile,winsorized_SMAPE_1_99,85180,10,69.28381540261677,70.07271334289956,-0.7888979402827768,3
RIDGE_AR22,older_spike_position,high_vol_actual_top_asset_quintile,SMAPE,20509,10,71.97662527280492,73.52919384885746,-1.5525685760525323,3
RIDGE_AR22,older_spike_position,high_vol_actual_top_asset_quintile,MAE,20509,10,0.0014069911717764,0.0014309702446245,-2.3979072848076453e-05,0
RIDGE_AR22,older_spike_position,high_vol_actual_top_asset_quintile,MSE,20509,10,1.1340659190055558e-05,1.151839106415398e-05,-1.7773187409842026e-07,0
RIDGE_AR22,older_spike_position,high_vol_actual_top_asset_quintile,RMSE,20509,10,0.0031001645234287,0.0031257352317067,-2.5570708278036675e-05,0
RIDGE_AR22,older_spike_position,high_vol_actual_top_asset_quintile,QLIKE,20509,10,528354.6846762492,74062.231743633,454292.4529326162,7
RIDGE_AR22,older_spike_position,high_vol_actual_top_asset_quintile,log_RV_MAE,20509,10,0.8302399911732007,0.841294386063197,-0.0110543948899962,3
RIDGE_AR22,older_spike_position,high_vol_actual_top_asset_quintile,log_RV_MSE,20509,10,1.1982180799171949,1.0850542562908505,0.1131638236263446,7
RIDGE_AR22,older_spike_position,high_vol_actual_top_asset_quintile,winsorized_SMAPE_1_99,20509,10,71.93587644514969,73.50449108198909,-1.5686146368393956,3
RIDGE_AR22,high_within_block_dispersion,standard,SMAPE,68970,10,119.60427233753936,122.14731932963592,-2.5430469920965737,2
RIDGE_AR22,high_within_block_dispersion,standard,MAE,68970,10,0.0005686239436959,0.0006082278969832,-3.9603953287297496e-05,1
RIDGE_AR22,high_within_block_dispersion,standard,MSE,68970,10,1.1231333770356058e-06,1.1827680146701614e-06,-5.963463763455547e-08,1
RIDGE_AR22,high_within_block_dispersion,standard,RMSE,68970,10,0.0010218476548916,0.0010464249589028,-2.457730401120976e-05,1
RIDGE_AR22,high_within_block_dispersion,standard,QLIKE,68970,10,503895.0954919666,64287.6315093718,439607.4639825949,7
RIDGE_AR22,high_within_block_dispersion,standard,log_RV_MAE,68970,10,7.336315052592766,7.404127463499596,-0.0678124109068285,0
RIDGE_AR22,high_within_block_dispersion,standard,log_RV_MSE,68970,10,134.18160425169935,135.61563456255914,-1.434030310859815,0
RIDGE_AR22,high_within_block_dispersion,standard,winsorized_SMAPE_1_99,68970,10,119.61807792324268,122.1635694558926,-2.545491532649902,2
RIDGE_AR22,high_within_block_dispersion,excluding_near_zero_actual_bottom_asset_decile,SMAPE,44524,10,76.0726803313092,79.90978340010352,-3.837103068794326,2
RIDGE_AR22,high_within_block_dispersion,excluding_near_zero_actual_bottom_asset_decile,MAE,44524,10,0.0006047171369936,0.0006384982673104,-3.378113031678655e-05,2
RIDGE_AR22,high_within_block_dispersion,excluding_near_zero_actual_bottom_asset_decile,MSE,44524,10,1.5377627543209002e-06,1.6093702863621815e-06,-7.160753204128097e-08,2
RIDGE_AR22,high_within_block_dispersion,excluding_near_zero_actual_bottom_asset_decile,RMSE,44524,10,0.0012018726265101,0.0012291489986978,-2.7276372187691844e-05,2
RIDGE_AR22,high_within_block_dispersion,excluding_near_zero_actual_bottom_asset_decile,QLIKE,44524,10,778263.0005437186,99574.93409425378,678688.066449465,8
RIDGE_AR22,high_within_block_dispersion,excluding_near_zero_actual_bottom_asset_decile,log_RV_MAE,44524,10,0.9279896341069244,0.9589914500829404,-0.0310018159760157,3
RIDGE_AR22,high_within_block_dispersion,excluding_near_zero_actual_bottom_asset_decile,log_RV_MSE,44524,10,1.8841423421682129,1.5120287082432635,0.3721136339249494,8
RIDGE_AR22,high_within_block_dispersion,excluding_near_zero_actual_bottom_asset_decile,winsorized_SMAPE_1_99,44524,10,75.999265651473,79.85108104511522,-3.851815393642221,2
RIDGE_AR22,high_within_block_dispersion,high_vol_actual_top_asset_quintile,SMAPE,8611,10,83.57927734565325,84.52573131729784,-0.9464539716445808,4
RIDGE_AR22,high_within_block_dispersion,high_vol_actual_top_asset_quintile,MAE,8611,10,0.0014329468653602,0.0014657536504774,-3.280678511719041e-05,4
RIDGE_AR22,high_within_block_dispersion,high_vol_actual_top_asset_quintile,MSE,8611,10,6.356666223296062e-06,6.7794666550707805e-06,-4.228004317747176e-07,1
RIDGE_AR22,high_within_block_dispersion,high_vol_actual_top_asset_quintile,RMSE,8611,10,0.0024338471985146,0.002509602086942,-7.57548884274225e-05,1
RIDGE_AR22,high_within_block_dispersion,high_vol_actual_top_asset_quintile,QLIKE,8611,10,1164588.1052037366,391724.02277016186,772864.0824335746,6
RIDGE_AR22,high_within_block_dispersion,high_vol_actual_top_asset_quintile,log_RV_MAE,8611,10,0.9835186676880447,0.9967205744085617,-0.0132019067205167,4
RIDGE_AR22,high_within_block_dispersion,high_vol_actual_top_asset_quintile,log_RV_MSE,8611,10,1.6033125836104825,1.482377406250654,0.1209351773598287,7
RIDGE_AR22,high_within_block_dispersion,high_vol_actual_top_asset_quintile,winsorized_SMAPE_1_99,8611,10,83.52311784459015,84.49587689425795,-0.9727590496678096,4
CP_REPO_OPS_K,all_rows,standard,SMAPE,367468,10,100.87996479236024,100.96533241845246,-0.0853676260922157,0
CP_REPO_OPS_K,all_rows,standard,MAE,367468,10,0.0005862627333686,0.0005863111871598,-4.8453791123095144e-08,5
CP_REPO_OPS_K,all_rows,standard,MSE,367468,10,2.195810003722176e-06,2.195358509497593e-06,4.5149422458267566e-10,5
CP_REPO_OPS_K,all_rows,standard,RMSE,367468,10,0.001388809861051,0.0013887573347301,5.2526320901556127e-08,5
CP_REPO_OPS_K,all_rows,standard,QLIKE,367468,10,296920.5433224973,520712.0355358018,-223791.4922133045,0
CP_REPO_OPS_K,all_rows,standard,log_RV_MAE,367468,10,5.013575715182238,5.018771525884337,-0.0051958107020987,1
CP_REPO_OPS_K,all_rows,standard,log_RV_MSE,367468,10,86.01532967319302,86.09608722423071,-0.0807575510376879,2
CP_REPO_OPS_K,all_rows,standard,winsorized_SMAPE_1_99,367468,10,100.88870917101808,100.97452072473716,-0.0858115537190734,0
CP_REPO_OPS_K,all_rows,excluding_near_zero_actual_bottom_asset_decile,SMAPE,280990,10,70.80150601340222,70.91545202581128,-0.1139460124090518,0
CP_REPO_OPS_K,all_rows,excluding_near_zero_actual_bottom_asset_decile,MAE,280990,10,0.0006347107778826,0.000635101897351,-3.911194683740417e-07,3
CP_REPO_OPS_K,all_rows,excluding_near_zero_actual_bottom_asset_decile,MSE,280990,10,2.7844815379535592e-06,2.783913597781705e-06,5.679401718542195e-10,6
CP_REPO_OPS_K,all_rows,excluding_near_zero_actual_bottom_asset_decile,RMSE,280990,10,0.0015906907657762,0.001590614506227,7.625954913079172e-08,6
CP_REPO_OPS_K,all_rows,excluding_near_zero_actual_bottom_asset_decile,QLIKE,280990,10,387469.9542930861,679700.4961254371,-292230.541832351,0
CP_REPO_OPS_K,all_rows,excluding_near_zero_actual_bottom_asset_decile,log_RV_MAE,280990,10,0.8477474698162,0.8578087638112138,-0.0100612939950136,0
CP_REPO_OPS_K,all_rows,excluding_near_zero_actual_bottom_asset_decile,log_RV_MSE,280990,10,1.4753525524316455,1.6697029180732517,-0.1943503656416057,0
CP_REPO_OPS_K,all_rows,excluding_near_zero_actual_bottom_asset_decile,winsorized_SMAPE_1_99,280990,10,70.73639077833658,70.84832902277233,-0.1119382444357605,0
CP_REPO_OPS_K,all_rows,high_vol_actual_top_asset_quintile,SMAPE,73496,10,74.0205758822783,74.0188641844438,0.001711697834507,6
CP_REPO_OPS_K,all_rows,high_vol_actual_top_asset_quintile,MAE,73496,10,0.0013977588560888,0.0013965001393724,1.2587167164513508e-06,8
CP_REPO_OPS_K,all_rows,high_vol_actual_top_asset_quintile,MSE,73496,10,9.91631467307809e-06,9.91067820773167e-06,5.6364653464171055e-09,6
CP_REPO_OPS_K,all_rows,high_vol_actual_top_asset_quintile,RMSE,73496,10,0.0029503490075918,0.0029496408692668,7.081383250184046e-07,6
CP_REPO_OPS_K,all_rows,high_vol_actual_top_asset_quintile,QLIKE,73496,10,577828.0338365107,1113606.9778885003,-535778.9440519896,0
CP_REPO_OPS_K,all_rows,high_vol_actual_top_asset_quintile,log_RV_MAE,73496,10,0.8562913770706451,0.8635439860941411,-0.0072526090234959,3
CP_REPO_OPS_K,all_rows,high_vol_actual_top_asset_quintile,log_RV_MSE,73496,10,1.2429973653708484,1.404571103563586,-0.1615737381927375,0
CP_REPO_OPS_K,all_rows,high_vol_actual_top_asset_quintile,winsorized_SMAPE_1_99,73496,10,73.97732781808993,73.97199663357173,0.0053311845181987,6
CP_REPO_OPS_K,all_observations,standard,SMAPE,367248,10,100.86366051352246,100.94716442622604,-0.0835039127036093,0
CP_REPO_OPS_K,all_observations,standard,MAE,367248,10,0.0005861095985985,0.0005861460899375,-3.649133896517225e-08,5
CP_REPO_OPS_K,all_observations,standard,MSE,367248,10,2.193500144908159e-06,2.1930285163987286e-06,4.716285094301707e-10,5
CP_REPO_OPS_K,all_observations,standard,RMSE,367248,10,0.0013880844118661,0.0013880268053302,5.7606535905967873e-08,5
CP_REPO_OPS_K,all_observations,standard,QLIKE,367248,10,297098.4085887108,516418.888157262,-219320.47956855112,0
CP_REPO_OPS_K,all_observations,standard,log_RV_MAE,367248,10,5.011387938732,5.016428467694549,-0.0050405289625492,1
CP_REPO_OPS_K,all_observations,standard,log_RV_MSE,367248,10,85.97070871507968,86.04876573130154,-0.0780570162218637,2
CP_REPO_OPS_K,all_observations,standard,winsorized_SMAPE_1_99,367248,10,100.87240025609772,100.95637732279432,-0.083977066696587,0
CP_REPO_OPS_K,all_observations,excluding_near_zero_actual_bottom_asset_decile,SMAPE,280865,10,70.7998613143532,70.91137589345084,-0.1115145790976355,0
CP_REPO_OPS_K,all_observations,excluding_near_zero_actual_bottom_asset_decile,MAE,280865,10,0.0006344831477051,0.0006348580071019,-3.748593968617602e-07,3
CP_REPO_OPS_K,all_observations,excluding_near_zero_actual_bottom_asset_decile,MSE,280865,10,2.7811051718795994e-06,2.7805155434433142e-06,5.896284362853047e-10,6
CP_REPO_OPS_K,all_observations,excluding_near_zero_actual_bottom_asset_decile,RMSE,280865,10,0.0015897076573964,0.0015896255835476,8.207384877726884e-08,6
CP_REPO_OPS_K,all_observations,excluding_near_zero_actual_bottom_asset_decile,QLIKE,280865,10,387642.3986589653,674081.1445982838,-286438.7459393184,0
CP_REPO_OPS_K,all_observations,excluding_near_zero_actual_bottom_asset_decile,log_RV_MAE,280865,10,0.8477187669523202,0.8576138871434953,-0.009895120191175,0
CP_REPO_OPS_K,all_observations,excluding_near_zero_actual_bottom_asset_decile,log_RV_MSE,280865,10,1.4753477712987084,1.666687022534591,-0.1913392512358823,0
CP_REPO_OPS_K,all_observations,excluding_near_zero_actual_bottom_asset_decile,winsorized_SMAPE_1_99,280865,10,70.73471741592948,70.84409706242612,-0.1093796464966343,0
CP_REPO_OPS_K,all_observations,high_vol_actual_top_asset_quintile,SMAPE,73477,10,74.0098124350625,74.00590341705565,0.0039090180068957,6
CP_REPO_OPS_K,all_observations,high_vol_actual_top_asset_quintile,MAE,73477,10,0.0013967078250143,0.0013954389370344,1.2688879798779047e-06,8
CP_REPO_OPS_K,all_observations,high_vol_actual_top_asset_quintile,MSE,73477,10,9.90175140491125e-06,9.896121924602469e-06,5.629480308782124e-09,6
CP_REPO_OPS_K,all_observations,high_vol_actual_top_asset_quintile,RMSE,73477,10,0.0029481653737893,0.0029474591828223,7.061909670580874e-07,6
CP_REPO_OPS_K,all_observations,high_vol_actual_top_asset_quintile,QLIKE,73477,10,577977.449553732,1098443.9985534574,-520466.5489997254,0
CP_REPO_OPS_K,all_observations,high_vol_actual_top_asset_quintile,log_RV_MAE,73477,10,0.8560873034002608,0.8630650241948414,-0.0069777207945805,3
CP_REPO_OPS_K,all_observations,high_vol_actual_top_asset_quintile,log_RV_MSE,73477,10,1.2423106282398957,1.3980228770966403,-0.1557122488567451,0
CP_REPO_OPS_K,all_observations,high_vol_actual_top_asset_quintile,winsorized_SMAPE_1_99,73477,10,73.9666730676769,73.95917379164099,0.0074992760359154,6
CP_REPO_OPS_K,cluster_entry_loose,standard,SMAPE,73457,10,93.56088920634404,93.75591114896766,-0.1950219426236147,1
CP_REPO_OPS_K,cluster_entry_loose,standard,MAE,73457,10,0.0007565085518804,0.0007591762093978,-2.6676575173501078e-06,1
CP_REPO_OPS_K,cluster_entry_loose,standard,MSE,73457,10,2.4613245517090537e-06,2.459880751870621e-06,1.4437998384332896e-09,7
CP_REPO_OPS_K,cluster_entry_loose,standard,RMSE,73457,10,0.0014483360606577,0.0014482561633196,7.989733809639522e-08,7
CP_REPO_OPS_K,cluster_entry_loose,standard,QLIKE,73457,10,175829.54926030466,438643.0810143442,-262813.5317540396,1
CP_REPO_OPS_K,cluster_entry_loose,standard,log_RV_MAE,73457,10,3.804190144501006,3.814124253546405,-0.0099341090453986,1
CP_REPO_OPS_K,cluster_entry_loose,standard,log_RV_MSE,73457,10,62.079879726914335,62.26151310203773,-0.1816333751233872,1
CP_REPO_OPS_K,cluster_entry_loose,standard,winsorized_SMAPE_1_99,73457,10,93.56917055787952,93.7640577131628,-0.1948871552832909,1
CP_REPO_OPS_K,cluster_entry_loose,excluding_near_zero_actual_bottom_asset_decile,SMAPE,61461,10,72.99789797170354,73.2306162711115,-0.2327182994079671,1
CP_REPO_OPS_K,cluster_entry_loose,excluding_near_zero_actual_bottom_asset_decile,MAE,61461,10,0.0007865964891234,0.0007889255690136,-2.3290798902221966e-06,0
CP_REPO_OPS_K,cluster_entry_loose,excluding_near_zero_actual_bottom_asset_decile,MSE,61461,10,2.8317450639894594e-06,2.8282132896298293e-06,3.5317743596302503e-09,7
CP_REPO_OPS_K,cluster_entry_loose,excluding_near_zero_actual_bottom_asset_decile,RMSE,61461,10,0.0015742075191736,0.001573616491469,5.910277045870935e-07,7
CP_REPO_OPS_K,cluster_entry_loose,excluding_near_zero_actual_bottom_asset_decile,QLIKE,61461,10,210144.59489315952,524254.2493518194,-314109.65445865993,2
CP_REPO_OPS_K,cluster_entry_loose,excluding_near_zero_actual_bottom_asset_decile,log_RV_MAE,61461,10,0.8662174520726127,0.8759361386645178,-0.009718686591905,0
CP_REPO_OPS_K,cluster_entry_loose,excluding_near_zero_actual_bottom_asset_decile,log_RV_MSE,61461,10,1.3601494572286972,1.5125679287567146,-0.1524184715280176,0
CP_REPO_OPS_K,cluster_entry_loose,excluding_near_zero_actual_bottom_asset_decile,winsorized_SMAPE_1_99,61461,10,72.93293539887844,73.16636188049769,-0.233426481619255,1
CP_REPO_OPS_K,cluster_entry_loose,high_vol_actual_top_asset_quintile,SMAPE,22973,10,69.00735262283271,68.75497122606706,0.2523813967656578,7
CP_REPO_OPS_K,cluster_entry_loose,high_vol_actual_top_asset_quintile,MAE,22973,10,0.0012877885229073,0.0012824161050958,5.372417811495543e-06,7
CP_REPO_OPS_K,cluster_entry_loose,high_vol_actual_top_asset_quintile,MSE,22973,10,6.7247425578925214e-06,6.698355364528209e-06,2.6387193364311788e-08,8
CP_REPO_OPS_K,cluster_entry_loose,high_vol_actual_top_asset_quintile,RMSE,22973,10,0.0023906769741809,0.0023867350056629,3.941968517970813e-06,8
CP_REPO_OPS_K,cluster_entry_loose,high_vol_actual_top_asset_quintile,QLIKE,22973,10,268014.68012032646,816198.3686031309,-548183.6884828047,6
CP_REPO_OPS_K,cluster_entry_loose,high_vol_actual_top_asset_quintile,log_RV_MAE,22973,10,0.7732837175225007,0.7782677137070668,-0.004983996184566,5
CP_REPO_OPS_K,cluster_entry_loose,high_vol_actual_top_asset_quintile,log_RV_MSE,22973,10,0.9451687695589692,1.1210385196684178,-0.1758697501094487,5
CP_REPO_OPS_K,cluster_entry_loose,high_vol_actual_top_asset_quintile,winsorized_SMAPE_1_99,22973,10,68.91269580989183,68.65385299233239,0.2588428175594391,7
CP_REPO_OPS_K,recent_spike_position,standard,SMAPE,125358,10,111.5312633098087,111.5129477492724,0.0183155605362789,8
CP_REPO_OPS_K,recent_spike_position,standard,MAE,125358,10,0.000609182778318,0.0006071464249975,2.0363533204905127e-06,10
CP_REPO_OPS_K,recent_spike_position,standard,MSE,125358,10,2.105711101802365e-06,2.101521178419485e-06,4.189923382879643e-09,10
CP_REPO_OPS_K,recent_spike_position,standard,RMSE,125358,10,0.0013297050754869,0.0013284269688894,1.2781065974808384e-06,10
CP_REPO_OPS_K,recent_spike_position,standard,QLIKE,125358,10,249149.85066705736,490463.9226743599,-241314.07200730263,1
CP_REPO_OPS_K,recent_spike_position,standard,log_RV_MAE,125358,10,6.256003684262452,6.258853108427229,-0.0028494241647761,3
CP_REPO_OPS_K,recent_spike_position,standard,log_RV_MSE,125358,10,109.413873260945,109.45814735672424,-0.0442740957792142,3
CP_REPO_OPS_K,recent_spike_position,standard,winsorized_SMAPE_1_99,125358,10,111.54553490151334,111.527345911366,0.0181889901473491,8
CP_REPO_OPS_K,recent_spike_position,excluding_near_zero_actual_bottom_asset_decile,SMAPE,87314,10,73.36349002624341,73.34361698474831,0.0198730414951203,8
CP_REPO_OPS_K,recent_spike_position,excluding_near_zero_actual_bottom_asset_decile,MAE,87314,10,0.0007165853575134,0.00071501469855,1.5706589634464774e-06,9
CP_REPO_OPS_K,recent_spike_position,excluding_near_zero_actual_bottom_asset_decile,MSE,87314,10,2.911648263991405e-06,2.907085286954904e-06,4.562977036501244e-09,8
CP_REPO_OPS_K,recent_spike_position,excluding_near_zero_actual_bottom_asset_decile,RMSE,87314,10,0.0016055951177445,0.0016044033646904,1.1917530541152906e-06,8
CP_REPO_OPS_K,recent_spike_position,excluding_near_zero_actual_bottom_asset_decile,QLIKE,87314,10,357700.4542242482,704158.6375651867,-346458.18334093847,1
CP_REPO_OPS_K,recent_spike_position,excluding_near_zero_actual_bottom_asset_decile,log_RV_MAE,87314,10,0.8796930028966632,0.8882423452159018,-0.0085493423192383,1
CP_REPO_OPS_K,recent_spike_position,excluding_near_zero_actual_bottom_asset_decile,log_RV_MSE,87314,10,1.46266464228245,1.6662723099372063,-0.2036076676547563,1
CP_REPO_OPS_K,recent_spike_position,excluding_near_zero_actual_bottom_asset_decile,winsorized_SMAPE_1_99,87314,10,73.3008461151611,73.28122257339605,0.0196235417650416,8
CP_REPO_OPS_K,recent_spike_position,high_vol_actual_top_asset_quintile,SMAPE,25722,10,76.6380234808837,77.01109382306241,-0.373070342178706,3
CP_REPO_OPS_K,recent_spike_position,high_vol_actual_top_asset_quintile,MAE,25722,10,0.0014520315728545,0.0014528828841181,-8.513112636323425e-07,4
CP_REPO_OPS_K,recent_spike_position,high_vol_actual_top_asset_quintile,MSE,25722,10,9.030757734515107e-06,9.023328294251052e-06,7.42944026405416e-09,5
CP_REPO_OPS_K,recent_spike_position,high_vol_actual_top_asset_quintile,RMSE,25722,10,0.002817499668717,0.0028170686923468,4.309763702129072e-07,5
CP_REPO_OPS_K,recent_spike_position,high_vol_actual_top_asset_quintile,QLIKE,25722,10,730283.7780196941,1335996.892442135,-605713.1144224408,0
CP_REPO_OPS_K,recent_spike_position,high_vol_actual_top_asset_quintile,log_RV_MAE,25722,10,0.8980758793102885,0.9105234238208612,-0.0124475445105724,1
CP_REPO_OPS_K,recent_spike_position,high_vol_actual_top_asset_quintile,log_RV_MSE,25722,10,1.3696668123426177,1.559606230985179,-0.1899394186425611,1
CP_REPO_OPS_K,recent_spike_position,high_vol_actual_top_asset_quintile,winsorized_SMAPE_1_99,25722,10,76.58265438950966,76.9511158654072,-0.3684614758975365,3
CP_REPO_OPS_K,cluster_exit_loose,standard,SMAPE,73455,10,97.78270322300334,97.84619377306144,-0.0634905500580849,1
CP_REPO_OPS_K,cluster_exit_loose,standard,MAE,73455,10,0.0006171643472766,0.0006167007183348,4.636289418082559e-07,7
CP_REPO_OPS_K,cluster_exit_loose,standard,MSE,73455,10,2.753487709512812e-06,2.754108482885737e-06,-6.207733729244575e-10,5
CP_REPO_OPS_K,cluster_exit_loose,standard,RMSE,73455,10,0.001537824377701,0.0015380557032826,-2.3132558157489638e-07,5
CP_REPO_OPS_K,cluster_exit_loose,standard,QLIKE,73455,10,319713.10949986114,547487.6463629963,-227774.5368631353,3
CP_REPO_OPS_K,cluster_exit_loose,standard,log_RV_MAE,73455,10,4.775102499739926,4.777377185801037,-0.0022746860611105,5
CP_REPO_OPS_K,cluster_exit_loose,standard,log_RV_MSE,73455,10,82.09800802784856,82.11601057734417,-0.0180025494955908,5
CP_REPO_OPS_K,cluster_exit_loose,standard,winsorized_SMAPE_1_99,73455,10,97.79101156573374,97.85465761760864,-0.0636460518749056,1
CP_REPO_OPS_K,cluster_exit_loose,excluding_near_zero_actual_bottom_asset_decile,SMAPE,57273,10,69.26376081385803,69.34580110928727,-0.0820402954292251,1
CP_REPO_OPS_K,cluster_exit_loose,excluding_near_zero_actual_bottom_asset_decile,MAE,57273,10,0.000661178907095,0.0006612222479367,-4.334084163374149e-08,3
CP_REPO_OPS_K,cluster_exit_loose,excluding_near_zero_actual_bottom_asset_decile,MSE,57273,10,3.4480117172837792e-06,3.449347512017622e-06,-1.3357947338420912e-09,3
CP_REPO_OPS_K,cluster_exit_loose,excluding_near_zero_actual_bottom_asset_decile,RMSE,57273,10,0.0017516744733704,0.0017520243606619,-3.498872914329696e-07,3
CP_REPO_OPS_K,cluster_exit_loose,excluding_near_zero_actual_bottom_asset_decile,QLIKE,57273,10,409447.8060087569,701101.0350799237,-291653.2290711668,1
CP_REPO_OPS_K,cluster_exit_loose,excluding_near_zero_actual_bottom_asset_decile,log_RV_MAE,57273,10,0.8285547380337411,0.8364217863024797,-0.0078670482687385,0
CP_REPO_OPS_K,cluster_exit_loose,excluding_near_zero_actual_bottom_asset_decile,log_RV_MSE,57273,10,1.468738852648666,1.6227480600438458,-0.1540092073951798,0
CP_REPO_OPS_K,cluster_exit_loose,excluding_near_zero_actual_bottom_asset_decile,winsorized_SMAPE_1_99,57273,10,69.19739766691099,69.27483406775784,-0.0774364008468363,1
CP_REPO_OPS_K,cluster_exit_loose,high_vol_actual_top_asset_quintile,SMAPE,17006,10,68.55587459894774,68.72834493223888,-0.1724703332911634,3
CP_REPO_OPS_K,cluster_exit_loose,high_vol_actual_top_asset_quintile,MAE,17006,10,0.0013369827883075,0.0013386409480948,-1.658159787338613e-06,3
CP_REPO_OPS_K,cluster_exit_loose,high_vol_actual_top_asset_quintile,MSE,17006,10,1.0979860152382522e-05,1.0988063453505991e-05,-8.203301123470701e-09,3
CP_REPO_OPS_K,cluster_exit_loose,high_vol_actual_top_asset_quintile,RMSE,17006,10,0.0030405995595415,0.0030416064245427,-1.0068650011580168e-06,3
CP_REPO_OPS_K,cluster_exit_loose,high_vol_actual_top_asset_quintile,QLIKE,17006,10,263331.26459515106,872332.4194068294,-609001.1548116785,1
CP_REPO_OPS_K,cluster_exit_loose,high_vol_actual_top_asset_quintile,log_RV_MAE,17006,10,0.779457159228256,0.7886769105009274,-0.0092197512726713,2
CP_REPO_OPS_K,cluster_exit_loose,high_vol_actual_top_asset_quintile,log_RV_MSE,17006,10,0.9978065877696454,1.1621189019605185,-0.1643123141908733,2
CP_REPO_OPS_K,cluster_exit_loose,high_vol_actual_top_asset_quintile,winsorized_SMAPE_1_99,17006,10,68.5145672335015,68.6825709161095,-0.1680036826079867,3
CP_REPO_OPS_K,older_spike_position,standard,SMAPE,108871,10,97.43444156272852,97.50188379205116,-0.0674422293226405,1
CP_REPO_OPS_K,older_spike_position,standard,MAE,108871,10,0.0005701423444708,0.000569845727248,2.966172228770584e-07,6
CP_REPO_OPS_K,older_spike_position,standard,MSE,108871,10,2.325430719071407e-06,2.325680996679377e-06,-2.502776079701818e-10,5
CP_REPO_OPS_K,older_spike_position,standard,RMSE,108871,10,0.0014265116032149,0.0014266592801706,-1.476769556790364e-07,5
CP_REPO_OPS_K,older_spike_position,standard,QLIKE,108871,10,310676.42338787334,547610.0921681589,-236933.6687802857,2
CP_REPO_OPS_K,older_spike_position,standard,log_RV_MAE,108871,10,4.699872146442731,4.7041957862621135,-0.004323639819383,3
CP_REPO_OPS_K,older_spike_position,standard,log_RV_MSE,108871,10,80.56611779435829,80.62505493149585,-0.0589371371375391,4
CP_REPO_OPS_K,older_spike_position,standard,winsorized_SMAPE_1_99,108871,10,97.44221425187747,97.50957038483388,-0.0673561329564043,1
CP_REPO_OPS_K,older_spike_position,excluding_near_zero_actual_bottom_asset_decile,SMAPE,85180,10,69.3545856504564,69.4444615278472,-0.0898758773908127,1
CP_REPO_OPS_K,older_spike_position,excluding_near_zero_actual_bottom_asset_decile,MAE,85180,10,0.0005996808597667,0.0005997838817736,-1.0302200695946445e-07,3
CP_REPO_OPS_K,older_spike_position,excluding_near_zero_actual_bottom_asset_decile,MSE,85180,10,2.892131608948893e-06,2.8927297977580736e-06,-5.981888091814031e-10,4
CP_REPO_OPS_K,older_spike_position,excluding_near_zero_actual_bottom_asset_decile,RMSE,85180,10,0.0016071511084485,0.0016073434487837,-1.9234033514866655e-07,4
CP_REPO_OPS_K,older_spike_position,excluding_near_zero_actual_bottom_asset_decile,QLIKE,85180,10,395338.3603923037,698171.9482156836,-302833.5878233798,0
CP_REPO_OPS_K,older_spike_position,excluding_near_zero_actual_bottom_asset_decile,log_RV_MAE,85180,10,0.8306895025168325,0.8403906253819551,-0.0097011228651227,0
CP_REPO_OPS_K,older_spike_position,excluding_near_zero_actual_bottom_asset_decile,log_RV_MSE,85180,10,1.4717707449212003,1.6617194941523064,-0.1899487492311065,1
CP_REPO_OPS_K,older_spike_position,excluding_near_zero_actual_bottom_asset_decile,winsorized_SMAPE_1_99,85180,10,69.28381540261677,69.37139161262878,-0.0875762100120044,1
CP_REPO_OPS_K,older_spike_position,high_vol_actual_top_asset_quintile,SMAPE,20509,10,71.97662527280492,72.02716621671637,-0.0505409439114511,4
CP_REPO_OPS_K,older_spike_position,high_vol_actual_top_asset_quintile,MAE,20509,10,0.0014069911717764,0.0014067600529714,2.311188050199173e-07,5
CP_REPO_OPS_K,older_spike_position,high_vol_actual_top_asset_quintile,MSE,20509,10,1.1340659190055558e-05,1.134312466918624e-05,-2.4654791306839742e-09,6
CP_REPO_OPS_K,older_spike_position,high_vol_actual_top_asset_quintile,RMSE,20509,10,0.0031001645234287,0.0031004930621342,-3.285387055501705e-07,6
CP_REPO_OPS_K,older_spike_position,high_vol_actual_top_asset_quintile,QLIKE,20509,10,528354.6846762492,1232103.175324959,-703748.4906487096,2
CP_REPO_OPS_K,older_spike_position,high_vol_actual_top_asset_quintile,log_RV_MAE,20509,10,0.8302399911732007,0.8381321104206425,-0.0078921192474417,2
CP_REPO_OPS_K,older_spike_position,high_vol_actual_top_asset_quintile,log_RV_MSE,20509,10,1.1982180799171949,1.3601391069926616,-0.1619210270754669,2
CP_REPO_OPS_K,older_spike_position,high_vol_actual_top_asset_quintile,winsorized_SMAPE_1_99,20509,10,71.93587644514969,71.98158788710154,-0.0457114419518513,4
CP_REPO_OPS_K,high_within_block_dispersion,standard,SMAPE,68970,10,119.60427233753936,119.78987234758232,-0.1856000100429755,1
CP_REPO_OPS_K,high_within_block_dispersion,standard,MAE,68970,10,0.0005686239436959,0.0005699979485153,-1.3740048193668586e-06,1
CP_REPO_OPS_K,high_within_block_dispersion,standard,MSE,68970,10,1.1231333770356058e-06,1.1250295553703251e-06,-1.89617833471935e-09,5
CP_REPO_OPS_K,high_within_block_dispersion,standard,RMSE,68970,10,0.0010218476548916,0.0010227265409136,-8.788860220581458e-07,5
CP_REPO_OPS_K,high_within_block_dispersion,standard,QLIKE,68970,10,503895.0954919666,647255.2406973112,-143360.14520534448,6
CP_REPO_OPS_K,high_within_block_dispersion,standard,log_RV_MAE,68970,10,7.336315052592766,7.343814901565574,-0.0074998489728084,4
CP_REPO_OPS_K,high_within_block_dispersion,standard,log_RV_MSE,68970,10,134.18160425169935,134.27890006207411,-0.0972958103747683,4
CP_REPO_OPS_K,high_within_block_dispersion,standard,winsorized_SMAPE_1_99,68970,10,119.61807792324268,119.80439944681406,-0.1863215235713663,1
CP_REPO_OPS_K,high_within_block_dispersion,excluding_near_zero_actual_bottom_asset_decile,SMAPE,44524,10,76.0726803313092,76.36169341807097,-0.2890130867617808,1
CP_REPO_OPS_K,high_within_block_dispersion,excluding_near_zero_actual_bottom_asset_decile,MAE,44524,10,0.0006047171369936,0.0006072343537413,-2.517216747697923e-06,1
CP_REPO_OPS_K,high_within_block_dispersion,excluding_near_zero_actual_bottom_asset_decile,MSE,44524,10,1.5377627543209002e-06,1.5397217111703611e-06,-1.9589568494606942e-09,4
CP_REPO_OPS_K,high_within_block_dispersion,excluding_near_zero_actual_bottom_asset_decile,RMSE,44524,10,0.0012018726265101,0.0012028374897798,-9.648632697417566e-07,4
CP_REPO_OPS_K,high_within_block_dispersion,excluding_near_zero_actual_bottom_asset_decile,QLIKE,44524,10,778263.0005437186,999721.6724359986,-221458.67189227985,5
CP_REPO_OPS_K,high_within_block_dispersion,excluding_near_zero_actual_bottom_asset_decile,log_RV_MAE,44524,10,0.9279896341069244,0.9438482634332238,-0.0158586293262992,2
CP_REPO_OPS_K,high_within_block_dispersion,excluding_near_zero_actual_bottom_asset_decile,log_RV_MSE,44524,10,1.8841423421682129,2.155674540128353,-0.2715321979601405,2
CP_REPO_OPS_K,high_within_block_dispersion,excluding_near_zero_actual_bottom_asset_decile,winsorized_SMAPE_1_99,44524,10,75.999265651473,76.28580165323949,-0.2865360017664834,1
CP_REPO_OPS_K,high_within_block_dispersion,high_vol_actual_top_asset_quintile,SMAPE,8611,10,83.57927734565325,83.5289944494994,0.0502828961538685,6
CP_REPO_OPS_K,high_within_block_dispersion,high_vol_actual_top_asset_quintile,MAE,8611,10,0.0014329468653602,0.0014309727167721,1.9741485880545027e-06,7
CP_REPO_OPS_K,high_within_block_dispersion,high_vol_actual_top_asset_quintile,MSE,8611,10,6.356666223296062e-06,6.346237554118668e-06,1.0428669177395309e-08,6
CP_REPO_OPS_K,high_within_block_dispersion,high_vol_actual_top_asset_quintile,RMSE,8611,10,0.0024338471985146,0.0024324207142738,1.426484240796017e-06,6
CP_REPO_OPS_K,high_within_block_dispersion,high_vol_actual_top_asset_quintile,QLIKE,8611,10,1164588.1052037366,918777.5347397536,245810.57046398296,5
CP_REPO_OPS_K,high_within_block_dispersion,high_vol_actual_top_asset_quintile,log_RV_MAE,8611,10,0.9835186676880447,0.98722541695211,-0.003706749264065,4
CP_REPO_OPS_K,high_within_block_dispersion,high_vol_actual_top_asset_quintile,log_RV_MSE,8611,10,1.6033125836104825,1.6847187386700622,-0.0814061550595793,3
CP_REPO_OPS_K,high_within_block_dispersion,high_vol_actual_top_asset_quintile,winsorized_SMAPE_1_99,8611,10,83.52311784459015,83.4655223894886,0.0575954551015408,6
