model_name,condition,n_obs_total,n_assets,pooled_model_mean_SMAPE,equal_weight_asset_model_mean_SMAPE,pooled_CP_mean_SMAPE,equal_weight_asset_CP_mean_SMAPE,pooled_mean_advantage_vs_CP,equal_weight_asset_mean_advantage_vs_CP,pooled_median_advantage_vs_CP,equal_weight_asset_median_advantage_vs_CP,pooled_win_rate_vs_CP,equal_weight_asset_win_rate_vs_CP,pooled_mean_abs_error_model,equal_weight_asset_mean_abs_error_model,pooled_mean_abs_error_CP,equal_weight_asset_mean_abs_error_CP,pooled_mean_abs_error_advantage_vs_CP,equal_weight_asset_mean_abs_error_advantage_vs_CP,assets_positive,assets_negative
CP_REPO_FRESH,all_observations,367248,10,100.86366051352246,100.864469325526,100.86366051352246,100.864469325526,0.0,0.0,0.0,0.0,0.0,0.0,0.0005861095985985,0.0005860814836972,0.0005861095985985,0.0005860814836972,0.0,0.0,0,0
CP_REPO_FRESH,cluster_entry_loose,73457,10,93.56088920634404,93.5601466793833,93.56088920634404,93.5601466793833,0.0,0.0,0.0,0.0,0.0,0.0,0.0007565085518804,0.0007564891133133,0.0007565085518804,0.0007564891133133,0.0,0.0,0,0
CP_REPO_FRESH,cluster_entry_strict,73266,10,93.51351872126948,93.50077666255066,93.51351872126948,93.50077666255066,0.0,0.0,0.0,0.0,0.0,0.0,0.0007574764161019,0.0007575629505833,0.0007574764161019,0.0007575629505833,0.0,0.0,0,0
CP_REPO_FRESH,cluster_exit_loose,73455,10,97.78270322300334,97.78394318646994,97.78270322300334,97.78394318646994,0.0,0.0,0.0,0.0,0.0,0.0,0.0006171643472766,0.0006171429768059,0.0006171643472766,0.0006171429768059,0.0,0.0,0,0
CP_REPO_FRESH,cluster_exit_strict,73334,10,97.71189561215212,97.69701415215351,97.71189561215212,97.69701415215351,0.0,0.0,0.0,0.0,0.0,0.0,0.0006171434139363,0.0006170716032702,0.0006171434139363,0.0006170716032702,0.0,0.0,0,0
CP_REPO_FRESH,inflection_points,144886,10,91.11849776564624,91.9402786618501,91.11849776564624,91.9402786618501,0.0,0.0,0.0,0.0,0.0,0.0,0.0006529679143698,0.000638809780927,0.0006529679143698,0.000638809780927,0.0,0.0,0,0
CP_REPO_FRESH,high_within_block_dispersion,68970,10,119.60427233753938,122.74906256210409,119.60427233753938,122.74906256210409,0.0,0.0,0.0,0.0,0.0,0.0,0.0005686239436958,0.0005551224108426,0.0005686239436958,0.0005551224108426,0.0,0.0,0,0
CP_REPO_FRESH,recent_spike_position,125358,10,111.5312633098087,105.29554362902309,111.5312633098087,105.29554362902309,0.0,0.0,0.0,0.0,0.0,0.0,0.0006091827783179,0.0006480729005072,0.0006091827783179,0.0006480729005072,0.0,0.0,0,0
CP_REPO_FRESH,older_spike_position,108871,10,97.43444156272852,98.42605014902875,97.43444156272852,98.42605014902875,0.0,0.0,0.0,0.0,0.0,0.0,0.0005701423444708,0.0005566876073936,0.0005701423444708,0.0005566876073936,0.0,0.0,0,0
CP_REPO_FRESH,same_average_different_path,7396,10,117.37318180795138,112.21175371896967,117.37318180795138,112.21175371896967,0.0,0.0,0.0,0.0,0.0,0.0,0.0005431003711606,0.0005415699959442,0.0005431003711606,0.0005415699959442,0.0,0.0,0,0
CP_REPO_FRESH,recent_ramp_high_dispersion,24273,10,118.42814151699304,120.08678395816678,118.42814151699304,120.08678395816678,0.0,0.0,0.0,0.0,0.0,0.0,0.0007926212482415,0.0007943646335,0.0007926212482415,0.0007943646335,0.0,0.0,0,0
CP_REPO_FRESH,entry_with_recent_spike,43747,10,94.99398856513228,95.26764048996782,94.99398856513228,95.26764048996782,0.0,0.0,0.0,0.0,0.0,0.0,0.0008304363649765,0.00082438172085,0.0008304363649765,0.00082438172085,0.0,0.0,0,0
CP_REPO_FRESH,entry_without_recent_spike,29710,10,91.45069743088432,91.1003900671519,91.45069743088432,91.1003900671519,0.0,0.0,0.0,0.0,0.0,0.0,0.0006476522732027,0.000654566307464,0.0006476522732027,0.000654566307464,0.0,0.0,0,0
CP_REPO_FRESH,same_average_recent_front_loaded,14331,10,93.68336123788056,93.70714525852046,93.68336123788056,93.70714525852046,0.0,0.0,0.0,0.0,0.0,0.0,0.0006156989960013,0.0006161229138632,0.0006156989960013,0.0006161229138632,0.0,0.0,0,0
CP_REPO_FRESH,same_average_back_loaded,15559,10,115.58379315439636,110.08150215899892,115.58379315439636,110.08150215899892,0.0,0.0,0.0,0.0,0.0,0.0,0.0005277712465663,0.000551362993687,0.0005277712465663,0.000551362993687,0.0,0.0,0,0
CP_REPO_FRESH,stable_low_dispersion,68968,10,79.91610745758304,80.15405136141791,79.91610745758304,80.15405136141791,0.0,0.0,0.0,0.0,0.0,0.0,0.0006423459669195,0.0006177020358545,0.0006423459669195,0.0006177020358545,0.0,0.0,0,0
HAR_RV,all_observations,367248,10,102.15141709422994,102.15239520147588,100.86366051352246,100.864469325526,-1.287756580707473,-1.2879258759498955,-0.6040888679897153,-0.6042171980049759,0.3815759377859103,0.3815736750770131,0.0006035874743551,0.0006035597951474,0.0005861095985985,0.0005860814836972,-1.7477875756574652e-05,-1.747831145027027e-05,1,9
HAR_RV,cluster_entry_loose,73457,10,92.95960192845736,92.95905101040248,93.56088920634404,93.5601466793833,0.6012872778866823,0.601095668980817,0.0245547899461966,0.0245604739253508,0.4506173679839906,0.4506194880232796,0.0007390380835994,0.0007390233451509,0.0007565085518804,0.0007564891133133,1.7470468280945156e-05,1.746576816236209e-05,9,1
HAR_RV,cluster_entry_strict,73266,10,92.90699327126455,92.89389314984145,93.51351872126948,93.50077666255066,0.6065254500049146,0.6068835127092148,0.0247297829129393,0.0246913637898529,0.451027761854066,0.4510734650526087,0.0007398002112069,0.0007398796041565,0.0007574764161019,0.0007575629505833,1.7676204894934093e-05,1.7683346426826116e-05,9,1
HAR_RV,cluster_exit_loose,73455,10,99.1133915427254,99.11468458501176,97.78270322300334,97.78394318646994,-1.3306883197220516,-1.3307413985418657,-0.2112746435541189,-0.2113177960548448,0.3969777414743721,0.3969770298163202,0.0006335651434434,0.0006335402856261,0.0006171643472766,0.0006171429768059,-1.640079616681823e-05,-1.639730882020132e-05,0,10
HAR_RV,cluster_exit_strict,73334,10,99.0422987018318,99.02766876986936,97.71189561215212,97.69701415215351,-1.3304030896796948,-1.3306546177158451,-0.2108839135509455,-0.2108350400597459,0.3972236616030763,0.3972569445091244,0.0006334702199738,0.0006333996113882,0.0006171434139363,0.0006170716032702,-1.6326806037501856e-05,-1.6328008117938058e-05,0,10
HAR_RV,inflection_points,144886,10,91.65853408138484,92.48025537067592,91.11849776564624,91.9402786618501,-0.5400363157385886,-0.5399767088258283,-0.1115104218977934,-0.1071664954171382,0.4302210013389838,0.4271910490272096,0.0006552906325372,0.0006408475834501,0.0006529679143698,0.000638809780927,-2.3227181674524305e-06,-2.0378025230769345e-06,1,9
HAR_RV,high_within_block_dispersion,68970,10,120.6354640555324,123.68580734560436,119.60427233753938,122.74906256210409,-1.0311917179930232,-0.9367447835002448,-0.1733881085942088,-0.1628346657100024,0.3380745251558649,0.3313595460805038,0.0005947832577568,0.0005804774682084,0.0005686239436958,0.0005551224108426,-2.6159314061009585e-05,-2.535505736584824e-05,3,7
HAR_RV,recent_spike_position,125358,10,111.99805864962404,105.85943997885911,111.5312633098087,105.29554362902309,-0.4667953398153722,-0.5638963498360349,-0.3700688830810756,-0.4043608052172606,0.3727324941367922,0.3873459667858955,0.0006188285133109,0.0006561170669173,0.0006091827783179,0.0006480729005072,-9.645734992917386e-06,-8.044166410092784e-06,4,6
HAR_RV,older_spike_position,108871,10,99.2082581760944,100.1747684473731,97.43444156272852,98.42605014902875,-1.7738166133658595,-1.7487182983443426,-0.7198352409500484,-0.7174866875522085,0.3786315915165655,0.3759534938716458,0.0005931944034964,0.0005789425612955,0.0005701423444708,0.0005566876073936,-2.3052059025634385e-05,-2.225495390187577e-05,1,9
HAR_RV,same_average_different_path,7396,10,118.13259874325487,113.08416443390452,117.37318180795138,112.21175371896967,-0.7594169353034765,-0.8724107149348557,-0.223501359145413,-0.2667073359426801,0.3505949161709032,0.3606141012276043,0.0005596092399787,0.0005579359736323,0.0005431003711606,0.0005415699959442,-1.6508868818125142e-05,-1.6365977688106838e-05,2,8
HAR_RV,recent_ramp_high_dispersion,24273,10,115.57984610013072,117.32140609545324,118.42814151699304,120.08678395816678,2.848295416862323,2.765377862713541,0.3234205729066323,0.2774809878362582,0.4355456680262019,0.4281072488753148,0.0007402055176142,0.0007434659376768,0.0007926212482415,0.0007943646335,5.241573062727209e-05,5.089869582319035e-05,10,0
HAR_RV,entry_with_recent_spike,43747,10,93.63512857372484,93.92238064062796,94.99398856513228,95.26764048996782,1.358859991407434,1.345259849339871,0.0977257984749077,0.0958731669731994,0.4631403296226027,0.4620152591113267,0.0008005230126974,0.0007949071612455,0.0008304363649765,0.00082438172085,2.991335227909921e-05,2.9474559604571045e-05,9,1
HAR_RV,entry_without_recent_spike,29710,10,91.9649111122165,91.6144666368449,91.45069743088432,91.1003900671519,-0.5142136813321776,-0.5140765696929778,-0.0061549847750707,-0.0062646316432803,0.4321777179400875,0.4335606895845705,0.000648503543268,0.000655476095582,0.0006476522732027,0.000654566307464,-8.512700653101548e-07,-9.09788118055878e-07,0,10
HAR_RV,same_average_recent_front_loaded,14331,10,93.36608009279384,93.38702061483492,93.68336123788056,93.70714525852046,0.3172811450866931,0.3201246436855281,-0.0257717723176499,-0.0245440761032511,0.4456772032656479,0.445976975261931,0.0006150321949087,0.0006153797874991,0.0006156989960013,0.0006161229138632,6.668010925704163e-07,7.431263640774479e-07,9,1
HAR_RV,same_average_back_loaded,15559,10,116.27143838027652,110.8164600910643,115.58379315439636,110.08150215899892,-0.687645225880142,-0.7349579320653805,-0.1662971808014063,-0.1818138991943104,0.3543929558454913,0.3697311379139257,0.0005394221828316,0.0005635634180876,0.0005277712465663,0.000551362993687,-1.1650936265277513e-05,-1.2200424400585957e-05,1,9
HAR_RV,stable_low_dispersion,68968,10,81.06909168254184,81.2545834866426,79.91610745758304,80.15405136141791,-1.1529842249588211,-1.1005321252246731,-0.6884953810262283,-0.6465835000099801,0.4487298457255538,0.4478646183540168,0.0006475242923247,0.0006221945516704,0.0006423459669195,0.0006177020358545,-5.178325405195961e-06,-4.492515815925047e-06,0,10
RAW_PM,all_observations,367248,10,101.88760919193612,101.88853111682592,100.86366051352246,100.864469325526,-1.0239486784136425,-1.0240617912999408,-0.0653293970951018,-0.0653432753884629,0.4014426218794928,0.4014412598044866,0.000599077968757,0.0005990498605231,0.0005861095985985,0.0005860814836972,-1.2968370158479569e-05,-1.2968376825985434e-05,1,9
RAW_PM,cluster_entry_loose,73457,10,94.03880713330504,94.0383408936548,93.56088920634404,93.5601466793833,-0.4779179269610003,-0.4781942142715085,0.120524046748985,0.1205519458338805,0.4449269640742203,0.4449311461641235,0.0007346324358854,0.0007346177418218,0.0007565085518804,0.0007564891133133,2.1876115994995088e-05,2.1871371491436023e-05,3,7
RAW_PM,cluster_entry_strict,73266,10,93.99169568813328,93.977954821346,93.51351872126948,93.50077666255066,-0.4781769668637878,-0.4771781587953198,0.1217296813312615,0.1215644004536629,0.4452542789288347,0.4453031657281833,0.0007354681544245,0.0007355471259684,0.0007574764161019,0.0007575629505833,2.2008261677356124e-05,2.201582461497435e-05,3,7
RAW_PM,cluster_exit_loose,73455,10,99.878091256098,99.8793308480874,97.78270322300334,97.78394318646994,-2.0953880330946357,-2.095387661617468,-0.4401834770904429,-0.4402733838463846,0.3766932135320945,0.3766900518417268,0.00065839318446,0.0006583693104548,0.0006171643472766,0.0006171429768059,-4.122883718346081e-05,-4.122633364893848e-05,2,8
RAW_PM,cluster_exit_strict,73334,10,99.80773739074738,99.79360981876452,97.71189561215212,97.69701415215351,-2.0958417785952377,-2.0965956666110066,-0.4427682238547528,-0.4426325467535797,0.3769193007336296,0.3769388730847504,0.0006583379766057,0.0006582655389604,0.0006171434139363,0.0006170716032702,-4.119456266936629e-05,-4.119393569018656e-05,2,8
RAW_PM,inflection_points,144886,10,92.01016315529448,92.80822012427016,91.11849776564624,91.9402786618501,-0.8916653896482527,-0.8679414624200602,-0.0228029229109398,-0.022026963723411,0.4306834338721477,0.4278364769440135,0.0006617560439486,0.0006472623001797,0.0006529679143698,0.000638809780927,-8.78812957885721e-06,-8.4525192526827e-06,1,9
RAW_PM,high_within_block_dispersion,68970,10,122.32504139681927,125.361825550624,119.60427233753938,122.74906256210409,-2.7207690592799065,-2.612762988519903,-0.6074844973150234,-0.5705441956335024,0.3168769030013049,0.3102725410267976,0.0006055941431937,0.0005893930824675,0.0005686239436958,0.0005551224108426,-3.697019949790083e-05,-3.427067162497932e-05,2,8
RAW_PM,recent_spike_position,125358,10,111.83579349828956,105.60168824859306,111.5312633098087,105.29554362902309,-0.3045301884808665,-0.3061446195699967,0.0430545914637622,0.0468569116045176,0.4019288756999952,0.4204962999984133,0.0005986995310159,0.0006362266114978,0.0006091827783179,0.0006480729005072,1.0483247301997134e-05,1.18462890093903e-05,1,9
RAW_PM,older_spike_position,108871,10,98.88075369226311,99.83910501989574,97.43444156272852,98.42605014902875,-1.4463121295346222,-1.413054870866992,-0.2300930523668438,-0.2301890552957189,0.3916286247026297,0.3888543880688255,0.0005976952275542,0.0005835464347519,0.0005701423444708,0.0005566876073936,-2.7552883083377883e-05,-2.6858827358284432e-05,3,7
RAW_PM,same_average_different_path,7396,10,120.17262642948768,115.3543827299383,117.37318180795138,112.21175371896967,-2.7994446215363085,-3.142629010968597,-1.0007324069433186,-1.1973017499712817,0.3077339102217414,0.3126968114916431,0.0005845210942294,0.0005864270903052,0.0005431003711606,0.0005415699959442,-4.142072306882474e-05,-4.485709436100924e-05,0,10
RAW_PM,recent_ramp_high_dispersion,24273,10,117.67632376692372,119.37012239313393,118.42814151699304,120.08678395816678,0.7518177500693398,0.7166615650328308,0.2430937507391039,0.2118438079198981,0.4135047171754624,0.4062415136357836,0.0007242534606331,0.0007256685894215,0.0007926212482415,0.0007943646335,6.836778760838557e-05,6.869604407846642e-05,7,3
RAW_PM,entry_with_recent_spike,43747,10,94.95982795924274,95.26265486584388,94.99398856513228,95.26764048996782,0.0341606058895339,0.0049856241239399,0.5334029397657448,0.52319563351937,0.4632089057535374,0.4615685784635354,0.0007824642688146,0.0007766968445489,0.0008304363649765,0.00082438172085,4.7972096161916016e-05,4.768487630110476e-05,5,5
RAW_PM,entry_without_recent_spike,29710,10,92.68263419246708,92.34673856024138,91.45069743088432,91.1003900671519,-1.2319367615827548,-1.2463484930894606,-0.1419053264385616,-0.1467967420762502,0.4180074049141703,0.4190777933727384,0.0006642016316056,0.0006714516415959,0.0006476522732027,0.000654566307464,-1.6549358402927843e-05,-1.6885334131928718e-05,0,10
RAW_PM,same_average_recent_front_loaded,14331,10,94.511956160173,94.55063923487538,93.68336123788056,93.70714525852046,-0.8285949222924831,-0.8434939763549247,0.0479021525000627,0.0461347948574193,0.4338845858628148,0.4331964329160495,0.0006163157527663,0.0006166571774536,0.0006156989960013,0.0006161229138632,-6.167567650399418e-07,-5.342635904200897e-07,2,8
RAW_PM,same_average_back_loaded,15559,10,117.06711671122596,111.65791680704096,115.58379315439636,110.08150215899892,-1.4833235568295504,-1.5764146480420351,-0.3506241089468812,-0.3751123535643984,0.3244424448872035,0.3383488907911231,0.0005609353775688,0.0005847549119149,0.0005277712465663,0.000551362993687,-3.3164131002434266e-05,-3.339191822792882e-05,2,8
RAW_PM,stable_low_dispersion,68968,10,80.02198356586989,80.24381793642651,79.91610745758304,80.15405136141791,-0.1058761082868764,-0.0897665750086005,0.0221010783112935,0.0213610906949636,0.4850800371186637,0.4821156468774493,0.0006388343993464,0.000614343289769,0.0006423459669195,0.0006177020358545,3.5115675731679586e-06,3.3587460855061965e-06,5,5
RAW_CP_REPO_PLUS_PM,all_observations,367248,10,101.079028874464,101.0796939686444,100.86366051352246,100.864469325526,-0.2153683609415303,-0.21522464311841,0.0,0.0,0.4075638260793796,0.4075672226884133,0.0005850036994935,0.0005849758219169,0.0005861095985985,0.0005860814836972,1.1058991049526912e-06,1.105661780249284e-06,2,8
RAW_CP_REPO_PLUS_PM,cluster_entry_loose,73457,10,93.31457387458951,93.3137915007626,93.56088920634404,93.5601466793833,0.2463153317545224,0.246355178620686,0.014400790824899,0.0144041243412937,0.4499366976598554,0.4499446097898225,0.0007449778910768,0.0007449609093237,0.0007565085518804,0.0007564891133133,1.1530660803631376e-05,1.152820398957298e-05,9,1
RAW_CP_REPO_PLUS_PM,cluster_entry_strict,73266,10,93.26916001004516,93.256300917185,93.51351872126948,93.50077666255066,0.244358711224313,0.2444757453656527,0.0142274126354476,0.0142053095414105,0.4500450413561543,0.4500820213538793,0.0007459601270683,0.0007460458878914,0.0007574764161019,0.0007575629505833,1.1516289033571284e-05,1.1517062691997286e-05,9,1
RAW_CP_REPO_PLUS_PM,cluster_exit_loose,73455,10,98.58050764276112,98.58143289073786,97.78270322300334,97.78394318646994,-0.7978044197577674,-0.7974897042679436,-0.1431859233069202,-0.1432151687977917,0.3834592607719012,0.3834654466941462,0.0006264172349992,0.0006263920172966,0.0006171643472766,0.0006171429768059,-9.252887722653943e-06,-9.249040490699571e-06,0,10
RAW_CP_REPO_PLUS_PM,cluster_exit_strict,73334,10,98.51367149264962,98.49850382472071,97.71189561215212,97.69701415215351,-0.8017758804975048,-0.801489672567187,-0.1444580535338954,-0.1444292885843877,0.3835192407341751,0.3835628190737767,0.0006264286247713,0.000626352654482,0.0006171434139363,0.0006170716032702,-9.285210834955195e-06,-9.28105121177718e-06,0,10
RAW_CP_REPO_PLUS_PM,inflection_points,144886,10,91.4109794041127,92.22981407745095,91.11849776564624,91.9402786618501,-0.2924816384664562,-0.2895354156008635,-0.0156955218518258,-0.0151614199548212,0.4273359744902889,0.4243564310602348,0.0006530247672659,0.0006389103080016,0.0006529679143698,0.000638809780927,-5.6852896159844e-08,-1.0052707461554177e-07,0,10
RAW_CP_REPO_PLUS_PM,high_within_block_dispersion,68970,10,119.56280363348824,122.68816549477364,119.60427233753938,122.74906256210409,0.0414687040511392,0.0608970673304458,0.00053098371808,0.0004986648561544,0.3880237784544004,0.3777972682744395,0.0005536416762192,0.0005411107361961,0.0005686239436958,0.0005551224108426,1.4982267476584952e-05,1.401167464647312e-05,6,4
RAW_CP_REPO_PLUS_PM,recent_spike_position,125358,10,111.30796010983144,105.0577600720816,111.5312633098087,105.29554362902309,0.2233031999772615,0.2377835569414922,0.0637987673702137,0.0694050334332912,0.4039630498253003,0.423995376434197,0.0005993532312267,0.000637148504625,0.0006091827783179,0.0006480729005072,9.829547091264378e-06,1.092439588214004e-05,8,2
RAW_CP_REPO_PLUS_PM,older_spike_position,108871,10,97.8921383138616,98.8764104218088,97.43444156272852,98.42605014902875,-0.4576967511330999,-0.4503602727800568,-0.0095585451889496,-0.0095630249335245,0.4021089178936539,0.3991994108168993,0.0005737118049428,0.0005601413976339,0.0005701423444708,0.0005566876073936,-3.5694604720580464e-06,-3.4537902403346e-06,0,10
RAW_CP_REPO_PLUS_PM,same_average_different_path,7396,10,117.4390065676748,112.33064195016831,117.37318180795138,112.21175371896967,-0.0658247597234076,-0.1188882311986542,-0.0459085912364667,-0.0619598432089247,0.3656030286641428,0.379474461443836,0.0005436743351816,0.0005425348143406,0.0005431003711606,0.0005415699959442,-5.739640210556999e-07,-9.648183963513386e-07,3,7
RAW_CP_REPO_PLUS_PM,recent_ramp_high_dispersion,24273,10,117.22843461376766,118.93082997304757,118.42814151699304,120.08678395816678,1.1997069032253969,1.155953985119195,0.2384390025134344,0.2105249161061529,0.4434556915090841,0.4353066114216001,0.0007541113731805,0.0007569703574261,0.0007926212482415,0.0007943646335,3.850987506107359e-05,3.739427607391139e-05,9,1
RAW_CP_REPO_PLUS_PM,entry_with_recent_spike,43747,10,94.32617048686949,94.60080574938974,94.99398856513228,95.26764048996782,0.6678180782627964,0.6668347405780817,0.1468519232647638,0.1441938435372808,0.4686721375180012,0.4675334402922422,0.0008079924598898,0.0008022851166171,0.0008304363649765,0.00082438172085,2.244390508668046e-05,2.209660423288812e-05,9,1
RAW_CP_REPO_PLUS_PM,entry_without_recent_spike,29710,10,91.8250310608093,91.48222410908112,91.45069743088432,91.1003900671519,-0.3743336299249611,-0.3818340419292179,-0.0547264751623287,-0.0563933568160344,0.4223493773140356,0.4233535278317122,0.0006521910064633,0.0006591779678027,0.0006476522732027,0.000654566307464,-4.5387332606751854e-06,-4.611660338758082e-06,0,10
RAW_CP_REPO_PLUS_PM,same_average_recent_front_loaded,14331,10,93.82982044361822,93.85296901091132,93.68336123788056,93.70714525852046,-0.1464592057376826,-0.1458237523908934,0.0,0.0,0.4324192310376107,0.4324231610647932,0.0006143233946472,0.0006148249093372,0.0006156989960013,0.0006161229138632,1.3756013540467558e-06,1.298004525968778e-06,3,7
RAW_CP_REPO_PLUS_PM,same_average_back_loaded,15559,10,116.06177420890845,110.62138737890862,115.58379315439636,110.08150215899892,-0.4779810545120557,-0.5398852199096922,-0.0998467663617151,-0.1087299943299524,0.3418600167105855,0.3562168538087178,0.0005329293202223,0.0005573720150245,0.0005277712465663,0.000551362993687,-5.158073655981265e-06,-6.00902133754012e-06,1,9
RAW_CP_REPO_PLUS_PM,stable_low_dispersion,68968,10,80.5996042600801,80.81652408013349,79.91610745758304,80.15405136141791,-0.6834968024970709,-0.6624727187155763,-0.2851848130072185,-0.2681023577788448,0.4203108688087228,0.4196867388148846,0.0006521999716485,0.0006270028872521,0.0006423459669195,0.0006177020358545,-9.854004728931055e-06,-9.300851397571462e-06,0,10
CP_REPO_OPS_R,all_observations,367248,10,108.81518148440092,108.8153385944435,100.86366051352246,100.864469325526,-7.9627724357564755,-7.962116584263455,-0.1174788915215439,-0.1175038482269901,0.3636697817278787,0.363676105027867,0.0029810092040504,0.0029809964028107,0.0005861095985985,0.0005860814836972,-0.0023948996054518,-0.0023949149191135,0,10
CP_REPO_OPS_R,cluster_entry_loose,73457,10,102.59832020875112,102.5972352707964,93.56088920634404,93.5601466793833,-9.046897747115862,-9.046551322506906,-0.1960092809178459,-0.1960546534365768,0.3824686551315736,0.3824769004945001,0.0028635599784357,0.0028631612922406,0.0007565085518804,0.0007564891133133,-0.0021070514265552,-0.0021066721789272,0,10
CP_REPO_OPS_R,cluster_entry_strict,73266,10,102.5605168073578,102.55057956923982,93.51351872126948,93.50077666255066,-9.05649020308274,-9.059284047225676,-0.1972672281467244,-0.197215227200196,0.3825239538121366,0.3825446338140531,0.0028696618177758,0.0028700161258692,0.0007574764161019,0.0007575629505833,-0.0021121854016738,-0.0021124531752858,0,10
CP_REPO_OPS_R,cluster_exit_loose,73455,10,106.30229616337328,106.30275168830796,97.78270322300334,97.78394318646994,-8.539138747135482,-8.538355294866408,-0.2289847836928986,-0.2290315534608097,0.3590089170240283,0.3590146885632904,0.0019940288054538,0.0019938782993763,0.0006171643472766,0.0006171429768059,-0.0013768644581772,-0.0013767353225703,0,10
CP_REPO_OPS_R,cluster_exit_strict,73334,10,106.23031512700491,106.2200717533024,97.71189561215212,97.69701415215351,-8.538017012198834,-8.54266784789706,-0.231164840986942,-0.2313349299969268,0.3592058254015872,0.359219678483049,0.0019957278423883,0.001996393598256,0.0006171434139363,0.0006170716032702,-0.0013785844284518,-0.0013793219949857,0,10
CP_REPO_OPS_R,inflection_points,144886,10,99.63804044577054,100.31584742572277,91.11849776564624,91.9402786618501,-8.533966866887623,-8.390017221437038,-0.1752292137303812,-0.1678139361326711,0.3833910798834946,0.3808787779485049,0.0044376449822695,0.0042961597666274,0.0006529679143698,0.000638809780927,-0.0037846770678997,-0.0036573499857003,0,10
CP_REPO_OPS_R,high_within_block_dispersion,68970,10,127.918411963027,130.72767718887056,119.60427233753938,122.74906256210409,-8.338086902426852,-8.001990569707697,-0.1416494684128035,-0.1330278300167627,0.3168914020588661,0.3087803360196012,0.002731350508509,0.0026136947592139,0.0005686239436958,0.0005551224108426,-0.002162726564813,-0.0020585723483713,0,10
CP_REPO_OPS_R,recent_spike_position,125358,10,118.83375990972549,113.11446922460478,111.5312633098087,105.29554362902309,-7.307118381766713,-7.823653090055885,-0.0735043686741192,-0.0800527974637756,0.3483782447071587,0.3647838740624148,0.0050991590329055,0.0055239676228275,0.0006091827783179,0.0006480729005072,-0.0044899762545875,-0.0048758947223202,0,10
CP_REPO_OPS_R,older_spike_position,108871,10,105.26435454241576,106.20944300547444,97.43444156272852,98.42605014902875,-7.846530776764176,-7.800368717638529,-0.1573661893885262,-0.1577930410150102,0.3623095222786601,0.3592044628048768,0.001799795384884,0.0017695475991336,0.0005701423444708,0.0005566876073936,-0.0012296530404131,-0.0012128599917399,0,10
CP_REPO_OPS_R,same_average_different_path,7396,10,124.33287909735144,119.773857218641,117.37318180795138,112.21175371896967,-6.964881813007708,-7.5650040092479,-0.0710037050708898,-0.0935994693314616,0.3211195240670633,0.3314237421198137,0.0013657365493045,0.0016774767925925,0.0005431003711606,0.0005415699959442,-0.0008226361781439,-0.0011359067966483,0,10
CP_REPO_OPS_R,recent_ramp_high_dispersion,24273,10,127.62345478668324,128.94749179484603,118.42814151699304,120.08678395816678,-9.214096285703356,-8.878276426190016,-0.1632962210031759,-0.1421777550947179,0.3289251431631854,0.3245765395244793,0.0047911058899485,0.0044736391344808,0.0007926212482415,0.0007943646335,-0.0039984846417068,-0.0036792745009807,0,10
CP_REPO_OPS_R,entry_with_recent_spike,43747,10,104.0826163342624,104.30322064548425,94.99398856513228,95.26764048996782,-9.095493919606003,-9.0424659544282,-0.1310844693135726,-0.1288848797227895,0.3922097515258189,0.3914247899455302,0.0036196045282545,0.003569613415564,0.0008304363649765,0.00082438172085,-0.002789168163278,-0.0027452316947139,0,10
CP_REPO_OPS_R,entry_without_recent_spike,29710,10,100.41258448047512,100.14029584936334,91.45069743088432,91.1003900671519,-8.97531421785395,-9.05324438349774,-0.3267948373284968,-0.3352502449641532,0.3681252103668798,0.3687411188493811,0.0017503091901179,0.0017768464247974,0.0006476522732027,0.000654566307464,-0.0011026569169151,-0.0011222801173334,0,10
CP_REPO_OPS_R,same_average_recent_front_loaded,14331,10,101.6882449126569,101.68264377951462,93.68336123788056,93.70714525852046,-8.004883674776382,-7.975498520994163,-0.1175627844080889,-0.1146735322025029,0.3851789826250785,0.3849947699130007,0.0012642479861353,0.0012702738724955,0.0006156989960013,0.0006161229138632,-0.0006485489901339,-0.0006541509586323,0,10
CP_REPO_OPS_R,same_average_back_loaded,15559,10,121.25203112239264,116.20252224084932,115.58379315439636,110.08150215899892,-5.682359547966202,-6.1358039770743895,-0.0921057072329821,-0.1004456819983346,0.3262420464040105,0.3408176241857909,0.0010741833867093,0.0011605402859578,0.0005277712465663,0.000551362993687,-0.0005464121401429,-0.0006091772922708,0,10
CP_REPO_OPS_R,stable_low_dispersion,68968,10,88.53098952713783,88.60540424594733,79.91610745758304,80.15405136141791,-8.621694920743028,-8.458071262193377,-0.2191378534511132,-0.2062876874536293,0.4109442060085836,0.4096202643061913,0.0018692215510181,0.0017849914099182,0.0006423459669195,0.0006177020358545,-0.0012268755840984,-0.0011672893740636,0,10
CP_REPO_RIDGE_OPS_R,all_observations,367248,10,100.99196609251356,100.9927192770013,100.86366051352246,100.864469325526,-0.1283055789910818,-0.1282499514753174,0.0,0.0,0.4124542543458371,0.4124586667622402,0.0005867128054831,0.0005866844322168,0.0005861095985985,0.0005860814836972,-6.03206884555233e-07,-6.029485196233795e-07,1,9
CP_REPO_RIDGE_OPS_R,cluster_entry_loose,73457,10,93.58965249995477,93.58890252043076,93.56088920634404,93.5601466793833,-0.0287632936107034,-0.0287558410474571,2.8415131853586056e-15,2.8421709430404013e-15,0.4412785711368556,0.4412862173305892,0.0007566389203885,0.0007566196890339,0.0007565085518804,0.0007564891133133,-1.3036850809673662e-07,-1.3057572064886372e-07,1,9
CP_REPO_RIDGE_OPS_R,cluster_entry_strict,73266,10,93.54531298608566,93.53263034433309,93.51351872126948,93.50077666255066,-0.0317942648162028,-0.0318536817824123,2.8465932874772017e-15,2.8421709430404013e-15,0.4413370458329921,0.4413640483307738,0.0007576201633356,0.0007577065606301,0.0007574764161019,0.0007575629505833,-1.4374723372364917e-07,-1.436100466731909e-07,1,9
CP_REPO_RIDGE_OPS_R,cluster_exit_loose,73455,10,98.05803312696392,98.05916133573926,97.78270322300334,97.78394318646994,-0.275329903960598,-0.2752181492693401,-0.0117726325264304,-0.0117750370673876,0.4026274589884963,0.402632508590699,0.0006192540116706,0.0006192319048933,0.0006171643472766,0.0006171429768059,-2.089664394049007e-06,-2.0889280874464337e-06,0,10
CP_REPO_RIDGE_OPS_R,cluster_exit_strict,73334,10,97.98732608931772,97.97240645068858,97.71189561215212,97.69701415215351,-0.2754304771656071,-0.2753922985350616,-0.0119431547575527,-0.0119438062319702,0.402759974909319,0.4027924030934556,0.0006192347328627,0.0006191628019035,0.0006171434139363,0.0006170716032702,-2.091318926389897e-06,-2.091198633286339e-06,0,10
CP_REPO_RIDGE_OPS_R,inflection_points,144886,10,91.26769000563412,92.085334297339,91.11849776564624,91.9402786618501,-0.1491922399879034,-0.145055635488896,-0.0045060332020056,-0.0043526976898846,0.4312079842082741,0.428277522311301,0.0006542757816667,0.0006400809048969,0.0006529679143698,0.000638809780927,-1.3078672970131092e-06,-1.2711239699234345e-06,0,10
CP_REPO_RIDGE_OPS_R,high_within_block_dispersion,68970,10,119.8478354247997,122.96981551592714,119.60427233753938,122.74906256210409,-0.2435630872603207,-0.2207529538230526,0.0,0.0,0.3703059301145425,0.3610736600695338,0.0005691581569653,0.0005556655887679,0.0005686239436958,0.0005551224108426,-5.34213269499047e-07,-5.431779253534595e-07,2,8
CP_REPO_RIDGE_OPS_R,recent_spike_position,125358,10,111.53581234594328,105.30947122194416,111.5312633098087,105.29554362902309,-0.0045490361345897,-0.0139275929210951,0.017092692987551,0.0185958775441964,0.4044017932640916,0.4241859736405617,0.0006077921386972,0.0006465702113905,0.0006091827783179,0.0006480729005072,1.3906396207046124e-06,1.502689116709927e-06,5,5
CP_REPO_RIDGE_OPS_R,older_spike_position,108871,10,97.61803621956568,98.6075783451612,97.43444156272852,98.42605014902875,-0.183594656837157,-0.1815281961324351,-0.0082014092076654,-0.0082055421110444,0.4024855103746635,0.3993839805515009,0.0005724442450026,0.0005589227103299,0.0005701423444708,0.0005566876073936,-2.301900531863192e-06,-2.235102936330511e-06,0,10
CP_REPO_RIDGE_OPS_R,same_average_different_path,7396,10,117.38737237170368,112.251129531741,117.37318180795138,112.21175371896967,-0.0141905637523082,-0.0393758127713337,-0.0107707877459348,-0.0145366325125792,0.3670903190914008,0.3803610626335191,0.0005436771088765,0.0005423586341569,0.0005431003711606,0.0005415699959442,-5.76737715915711e-07,-7.886382127090726e-07,4,6
CP_REPO_RIDGE_OPS_R,recent_ramp_high_dispersion,24273,10,118.3766558257609,120.0295731110801,118.42814151699304,120.08678395816678,0.0514856912321573,0.0572108470866476,0.0159561267688604,0.0135494212269802,0.4043175544844065,0.397374142208041,0.0007912606945785,0.0007931941343005,0.0007926212482415,0.0007943646335,1.3605536629963022e-06,1.1704991995022006e-06,5,5
CP_REPO_RIDGE_OPS_R,entry_with_recent_spike,43747,10,94.878440545309,95.14776186148907,94.99398856513228,95.26764048996782,0.1155480198232646,0.1198786284787264,0.0307696378741447,0.0301543947089484,0.4641003954556884,0.4629820340862001,0.0008270662237376,0.000821065227314,0.0008304363649765,0.00082438172085,3.3701412388913163e-06,3.316493536081522e-06,8,2
CP_REPO_RIDGE_OPS_R,entry_without_recent_spike,29710,10,91.69195439762852,91.34687948378846,91.45069743088432,91.1003900671519,-0.2412569667441872,-0.2464894166365408,-0.0584080343247363,-0.0601693781752761,0.4076741837765062,0.4081961036951008,0.0006529370274362,0.0006599470629068,0.0006476522732027,0.000654566307464,-5.284754233491766e-06,-5.380755442769047e-06,1,9
CP_REPO_RIDGE_OPS_R,same_average_recent_front_loaded,14331,10,93.75765347680246,93.7838884277078,93.68336123788056,93.70714525852046,-0.0742922389219244,-0.0767431691873432,0.0018031532114085,0.0017366255828424,0.4309538762124066,0.4306350674838756,0.0006163675239499,0.0006168248085797,0.0006156989960013,0.0006161229138632,-6.685279486208651e-07,-7.018947164849605e-07,1,9
CP_REPO_RIDGE_OPS_R,same_average_back_loaded,15559,10,115.64836817624312,110.1583013941308,115.58379315439636,110.08150215899892,-0.0645750218467586,-0.076799235131877,-0.0090248392290735,-0.0098125418284524,0.3611414615335175,0.3764910246148474,0.0005282920546788,0.0005521159166077,0.0005277712465663,0.000551362993687,-5.208081124691688e-07,-7.529229207544386e-07,3,7
CP_REPO_RIDGE_OPS_R,stable_low_dispersion,68968,10,80.06889108454939,80.30216833587787,79.91610745758304,80.15405136141791,-0.1527836269663806,-0.1481169744599579,-0.0010070835891843,-0.0009457590002568,0.4591259714650272,0.4571672335893019,0.0006434553362267,0.0006187489124821,0.0006423459669195,0.0006177020358545,-1.109369307158949e-06,-1.0468766275972138e-06,1,9
CP_REPO_LRPM,all_observations,367248,10,112.9996831175346,112.99969028011438,100.86366051352246,100.864469325526,-12.14005768016509,-12.13925569918182,-0.3459793138669442,-0.3460528122096237,0.343291181980569,0.3432968827215257,20505407.924960066,20504386.607375924,0.0005861095985985,0.0005860814836972,-20505407.92437395,-20504386.60678984,0,10
CP_REPO_LRPM,cluster_entry_loose,73457,10,107.85395810458743,107.85247756443457,93.56088920634404,93.5601466793833,-14.294141645074944,-14.293403588073376,-0.5712547325274495,-0.5713869674192384,0.3631103911131682,0.3631185780386181,94059206.96211556,94069242.10956456,0.0007565085518804,0.0007564891133133,-94059206.96135908,-94069242.10880812,0,10
CP_REPO_LRPM,cluster_entry_strict,73266,10,107.82132793777556,107.80986519127012,93.51351872126948,93.50077666255066,-14.308884759923288,-14.310161231741567,-0.5779973773392155,-0.5780192835789512,0.3632244151448148,0.3632384303949695,91629804.86085974,91541637.49292415,0.0007574764161019,0.0007575629505833,-91629804.86010233,-91541637.49216664,0,10
CP_REPO_LRPM,cluster_exit_loose,73455,10,111.00971764940287,111.01010771939072,97.78270322300334,97.78394318646994,-13.229682593056406,-13.228833244546362,-0.4679114312143345,-0.4680070013595988,0.3408345245388333,0.3408398868221474,7632.564185704659,7633.446476132884,0.0006171643472766,0.0006171429768059,-7632.563568540314,-7633.445858989909,0,10
CP_REPO_LRPM,cluster_exit_strict,73334,10,110.9477431951411,110.93137625464875,97.71189561215212,97.69701415215351,-13.238520152080811,-13.237030814120796,-0.4721893305571786,-0.4719928130868924,0.3410014454414051,0.3410458423846231,7645.157800915489,7646.8301022151745,0.0006171434139363,0.0006170716032702,-7645.157183772078,-7646.829485143571,0,10
CP_REPO_LRPM,inflection_points,144886,10,104.7974825775174,105.70854536132148,91.11849776564624,91.9402786618501,-13.683550948688245,-13.773595313907771,-0.5425628868928655,-0.5219400391368909,0.360669767955496,0.3574622516152115,46904059.3151287,44733316.03865733,0.0006529679143698,0.000638809780927,-46904059.31447574,-44733316.03801853,0,10
CP_REPO_LRPM,high_within_block_dispersion,68970,10,130.81166243307692,133.59258346030603,119.60427233753938,122.74906256210409,-11.208575341728968,-10.845208036771083,-0.0681876060473889,-0.0640372983263673,0.3138031027983181,0.3050921162754682,4469578.334999332,4195347.117811789,0.0005686239436958,0.0005551224108426,-4469578.334430708,-4195347.117256666,0,10
CP_REPO_LRPM,recent_spike_position,125358,10,122.29856583207624,116.74040725461523,111.5312633098087,105.29554362902309,-10.770138018787168,-11.447365433748114,-0.2525065531661812,-0.2828002917404731,0.3299589974313565,0.3454822001382905,58356297.15073031,63433578.67733703,0.0006091827783179,0.0006480729005072,-58356297.15012114,-63433578.67668896,0,10
CP_REPO_LRPM,older_spike_position,108871,10,109.86833741048557,110.8104244953836,97.43444156272852,98.42605014902875,-12.43842633835167,-12.389393179662587,-0.3466846010333927,-0.338127849016703,0.3459598974933637,0.3430404435393763,1078944.5658198951,1032959.2653492448,0.0005701423444708,0.0005566876073936,-1078944.5652497525,-1032959.2647925568,0,10
CP_REPO_LRPM,same_average_different_path,7396,10,127.54569355425352,123.3393788733658,117.37318180795138,112.21175371896967,-10.17251174630211,-11.127625154396124,-0.0798446963122745,-0.1077611996214557,0.3173336938885884,0.3299653585214532,3296.296364188743,7788.945240644163,0.0005431003711606,0.0005415699959442,-3296.295821088372,-7788.944699074166,0,10
CP_REPO_LRPM,recent_ramp_high_dispersion,24273,10,131.24154133551488,132.89415469392398,118.42814151699304,120.08678395816678,-12.813399818521813,-12.80737073575724,-0.1023918104312017,-0.0923688900002532,0.3288839451242121,0.3213209781567544,9376062.71840795,8749018.660196764,0.0007926212482415,0.0007943646335,-9376062.71761533,-8749018.659402402,0,10
CP_REPO_LRPM,entry_with_recent_spike,43747,10,108.78252975395915,109.0751269796268,94.99398856513228,95.26764048996782,-13.79034963906315,-13.809305626759128,-0.4001612095629461,-0.3949417662132193,0.371956934189773,0.3706697601100661,157651209.81898254,155733664.3319971,0.0008304363649765,0.00082438172085,-157651209.81815216,-155733664.33117276,0,10
CP_REPO_LRPM,entry_without_recent_spike,29710,10,106.48667443450178,106.1157152479869,91.45069743088432,91.1003900671519,-15.035977003617464,-15.015325180834992,-0.8905818757800511,-0.9107723906436372,0.3500841467519354,0.3512255386448806,422069.6689698262,427382.5393479659,0.0006476522732027,0.000654566307464,-422069.6683221738,-427382.5386933996,0,10
CP_REPO_LRPM,same_average_recent_front_loaded,14331,10,106.47314447616914,106.60463303894122,93.68336123788056,93.70714525852046,-12.78978323828862,-12.89748778042076,-0.5534472434647665,-0.5482783597614128,0.3575465773498011,0.3566519774943316,721543.6583582257,691666.462874944,0.0006156989960013,0.0006161229138632,-721543.6577425265,-691666.462258821,0,10
CP_REPO_LRPM,same_average_back_loaded,15559,10,125.274290481899,120.34123786521648,115.58379315439636,110.08150215899892,-9.693616480256718,-10.261703706935354,-0.1521094678674904,-0.1659678036263344,0.3137091072691047,0.3280161414799036,1566.915571458603,1972.4593015872656,0.0005277712465663,0.000551362993687,-1566.9150436873558,-1972.458750224272,0,10
CP_REPO_LRPM,stable_low_dispersion,68968,10,94.10823797589492,94.69300654881889,79.91610745758304,80.15405136141791,-14.19213051831189,-14.538955187400973,-1.1306747360357186,-1.102045200836858,0.3767834357963113,0.3734538043689618,5042915.175878807,4730316.13409579,0.0006423459669195,0.0006177020358545,-5042915.175236463,-4730316.13347809,0,10
CP_REPO_RECENT_SLOPE,all_observations,367248,10,101.07345758607232,101.07408220263471,100.86366051352246,100.864469325526,-0.2097970725498507,-0.2096128771087027,0.0,0.0,0.4134045658519583,0.4134145899108817,0.0005857162064942,0.0005856869545517,0.0005861095985985,0.0005860814836972,3.933921043120044e-07,3.945291454172905e-07,4,6
CP_REPO_RECENT_SLOPE,cluster_entry_loose,73457,10,93.308228708458,93.3074796434932,93.56088920634404,93.5601466793833,0.252660497886049,0.252667035890084,0.0590143897678213,0.0590280505061935,0.4600922988959527,0.4601003788699269,0.0007510467287565,0.0007510308993596,0.0007565085518804,0.0007564891133133,5.461823123856467e-06,5.458213953671074e-06,7,3
CP_REPO_RECENT_SLOPE,cluster_entry_strict,73266,10,93.25924565304676,93.24675081237802,93.51351872126948,93.50077666255066,0.2542730682226999,0.2540258501726396,0.058589108190854,0.0585134770521314,0.4600769797723364,0.4601073581353625,0.00075202427021,0.000752108197305,0.0007574764161019,0.0007575629505833,5.452145891896365e-06,5.454753278404539e-06,7,3
CP_REPO_RECENT_SLOPE,cluster_exit_loose,73455,10,98.4937536372565,98.49482017392852,97.78270322300334,97.78394318646994,-0.7110504142531575,-0.7108769874586067,-0.2886981635217649,-0.2887571296499353,0.3686066299094684,0.3686107813828072,0.0006267250449588,0.0006267015449082,0.0006171643472766,0.0006171429768059,-9.56069768221619e-06,-9.558568102339005e-06,1,9
CP_REPO_RECENT_SLOPE,cluster_exit_strict,73334,10,98.42278585117232,98.40800154205084,97.71189561215212,97.69701415215351,-0.7108902390201928,-0.710987389897309,-0.2900113760734187,-0.2899496015551598,0.3687375569313006,0.3687680936698433,0.0006267187210145,0.0006266483072389,0.0006171434139363,0.0006170716032702,-9.575307078208833e-06,-9.576703968714423e-06,1,9
CP_REPO_RECENT_SLOPE,inflection_points,144886,10,91.38876896630988,92.19905880830257,91.11849776564624,91.9402786618501,-0.2702712006636322,-0.2587801464524717,-0.0274437310169506,-0.0264326870749272,0.4308835912372486,0.4281843554229746,0.0006549104805306,0.0006407398257352,0.0006529679143698,0.000638809780927,-1.9425661608554583e-06,-1.930044808218132e-06,1,9
CP_REPO_RECENT_SLOPE,high_within_block_dispersion,68970,10,119.75328290196768,122.83979805309929,119.60427233753938,122.74906256210409,-0.1490105644283048,-0.0907354909952064,-0.0003647007674388,-0.0003425028857606,0.3673336233144845,0.3587547091392435,0.0005670459261389,0.000554079093087,0.0005686239436958,0.0005551224108426,1.578017556929983e-06,1.043317755567464e-06,1,9
CP_REPO_RECENT_SLOPE,recent_spike_position,125358,10,111.40132024889076,105.19078580880812,111.5312633098087,105.29554362902309,0.1299430609179206,0.1047578202149636,0.0697458838004743,0.0758809585334111,0.4123071523157676,0.4327763575689101,0.0006036288919295,0.0006419529595314,0.0006091827783179,0.0006480729005072,5.553886388425974e-06,6.119940975830507e-06,7,3
CP_REPO_RECENT_SLOPE,older_spike_position,108871,10,97.79419853647964,98.7910578589692,97.43444156272852,98.42605014902875,-0.3597569737511035,-0.3650077099404399,-0.0227692829126808,-0.0229232776106068,0.4100541007247109,0.4064742910007513,0.0005695720813711,0.0005558924255159,0.0005701423444708,0.0005566876073936,5.702630996967931e-07,7.951818777008643e-07,3,7
CP_REPO_RECENT_SLOPE,same_average_different_path,7396,10,117.6743661589854,112.60458823349045,117.37318180795138,112.21175371896967,-0.3011843510340277,-0.3928345145207365,-0.1679899707195492,-0.2128955748924365,0.3432936722552731,0.3535172546977337,0.000550841735354,0.0005491096926628,0.0005431003711606,0.0005415699959442,-7.741364193434195e-06,-7.539696718609128e-06,2,8
CP_REPO_RECENT_SLOPE,recent_ramp_high_dispersion,24273,10,117.46385926224902,119.16335933815807,118.42814151699304,120.08678395816678,0.9642822547440564,0.9234246200086806,0.2562913315727765,0.22521250221059,0.4398714621184031,0.4314363995166788,0.000775787199537,0.0007791844094242,0.0007926212482415,0.0007943646335,1.6834048704542584e-05,1.518022407578417e-05,7,3
CP_REPO_RECENT_SLOPE,entry_with_recent_spike,43747,10,94.60297103337533,94.8653756073714,94.99398856513228,95.26764048996782,0.3910175317569656,0.4022648825964296,0.1137147545167605,0.1117032066124721,0.4724666834297208,0.4713551878341055,0.0008205025903816,0.0008146727240855,0.0008304363649765,0.00082438172085,9.93377459491152e-06,9.708996764552874e-06,8,2
CP_REPO_RECENT_SLOPE,entry_without_recent_spike,29710,10,91.40176312487814,91.05886781013515,91.45069743088432,91.1003900671519,0.0489343060061773,0.0415222570167512,0.0,0.0,0.4418714237630427,0.4429674358899006,0.0006487752518629,0.0006555067010736,0.0006476522732027,0.000654566307464,-1.1229786601975664e-06,-9.403936096617268e-07,6,4
CP_REPO_RECENT_SLOPE,same_average_recent_front_loaded,14331,10,93.63396737840014,93.65246929731822,93.68336123788056,93.70714525852046,0.0493938594803901,0.0546759612022277,0.0384856818812787,0.0366132999319041,0.4473518944944525,0.4472848652598596,0.0006157802633619,0.0006161991619917,0.0006156989960013,0.0006161229138632,-8.126736066771822e-08,-7.624812847654052e-08,4,6
CP_REPO_RECENT_SLOPE,same_average_back_loaded,15559,10,116.17996954321768,110.7216577009558,115.58379315439636,110.08150215899892,-0.596176388821295,-0.6401555419568737,-0.2324818507629728,-0.2538331974639547,0.3196220836814705,0.3322089799179161,0.0005315919466179,0.0005570570018277,0.0005277712465663,0.000551362993687,-3.8207000515461965e-06,-5.694008140735889e-06,1,9
CP_REPO_RECENT_SLOPE,stable_low_dispersion,68968,10,80.22106280673185,80.46039410714748,79.91610745758304,80.15405136141791,-0.304955349148822,-0.3063427457295472,-0.0142118689454634,-0.0133371780011891,0.470464563275722,0.4680989816463803,0.000643203068599,0.0006183289964963,0.0006423459669195,0.0006177020358545,-8.571016794941749e-07,-6.269606417499183e-07,5,5
CP_REPO_HAAR_SHAPE,all_observations,367248,10,101.11778310439216,101.1184541588608,100.86366051352246,100.864469325526,-0.2541225908697004,-0.2539848333348165,0.0013191349107726,0.0013194151420634,0.4104310983313728,0.4104339320322923,0.0005843838503106,0.0005843556635076,0.0005861095985985,0.0005860814836972,1.725748287879223e-06,1.7258201895382008e-06,0,10
CP_REPO_HAAR_SHAPE,cluster_entry_loose,73457,10,93.34436644659884,93.34360235202185,93.56088920634404,93.5601466793833,0.2165227597452278,0.2165443273614395,0.0227174670640844,0.0227227257370159,0.4451583919844262,0.4451651840184471,0.0007481536861368,0.0007481347700917,0.0007565085518804,0.0007564891133133,8.354865743580391e-06,8.35434322154421e-06,8,2
CP_REPO_HAAR_SHAPE,cluster_entry_strict,73266,10,93.30295107300526,93.2903168454846,93.51351872126948,93.50077666255066,0.2105676482642168,0.2104598170660589,0.0222530844623356,0.0222185130310368,0.445308874512052,0.4453290247628641,0.0007491417741497,0.0007492314215141,0.0007574764161019,0.0007575629505833,8.33464195221446e-06,8.33152906925654e-06,8,2
CP_REPO_HAAR_SHAPE,cluster_exit_loose,73455,10,98.63144861117628,98.6323466111836,97.78270322300334,97.78394318646994,-0.8487453881729543,-0.8484034247136917,0.0,0.0,0.4103192430739908,0.4103231159746591,0.0006176349529213,0.0006176133910072,0.0006171643472766,0.0006171429768059,-4.706056447514415e-07,-4.704142013526793e-07,0,10
CP_REPO_HAAR_SHAPE,cluster_exit_strict,73334,10,98.56209742597528,98.54691022724776,97.71189561215212,97.69701415215351,-0.8502018138231506,-0.8498960750942363,0.0,0.0,0.4105735402405432,0.4106150894078304,0.0006176102929801,0.0006175382536223,0.0006171434139363,0.0006170716032702,-4.668790437199137e-07,-4.66650352073643e-07,0,10
CP_REPO_HAAR_SHAPE,inflection_points,144886,10,91.406067201101,92.22554370633546,91.11849776564624,91.9402786618501,-0.2875694354547607,-0.2852650444853566,0.0,0.0,0.4356666620653479,0.4324866930099406,0.0006519459739213,0.0006378754144948,0.0006529679143698,0.000638809780927,1.0219404484045144e-06,9.343664322185124e-07,0,10
CP_REPO_HAAR_SHAPE,high_within_block_dispersion,68970,10,119.93241058727666,123.05032628698844,119.60427233753938,122.74906256210409,-0.3281382497373116,-0.3012637248843461,0.0985754245835875,0.0925755315023153,0.3938813977091489,0.3829338712425417,0.0005522757566824,0.0005396058719602,0.0005686239436958,0.0005551224108426,1.634818701347631e-05,1.551653888234977e-05,3,7
CP_REPO_HAAR_SHAPE,recent_spike_position,125358,10,111.42001892764944,105.1751758603795,111.5312633098087,105.29554362902309,0.1112443821592427,0.1203677686435698,0.0466476550049623,0.0507573455455844,0.3957944447103496,0.4150714793958135,0.000602458544405,0.0006407949028309,0.0006091827783179,0.0006480729005072,6.724233912940861e-06,7.277997676267519e-06,8,2
CP_REPO_HAAR_SHAPE,older_spike_position,108871,10,97.98396362512736,98.96378522979644,97.43444156272852,98.42605014902875,-0.5495220623988499,-0.5377350807676868,5.681679088492922e-15,5.6843418860808026e-15,0.4163826914421655,0.4130441939246209,0.0005696293373012,0.0005561421720244,0.0005701423444708,0.0005566876073936,5.130071696309208e-07,5.454353692171348e-07,0,10
CP_REPO_HAAR_SHAPE,same_average_different_path,7396,10,116.93470463566584,111.75921982743684,117.37318180795138,112.21175371896967,0.4384771722855503,0.4525338915328293,0.0342156688520752,0.0461786654799169,0.3835857220118983,0.4020271443989516,0.0005351107770754,0.0005339618809999,0.0005431003711606,0.0005415699959442,7.989594085123773e-06,7.608114944264136e-06,9,1
CP_REPO_HAAR_SHAPE,recent_ramp_high_dispersion,24273,10,117.4790933364492,119.16444092532572,118.42814151699304,120.08678395816678,0.9490481805438784,0.922343032841046,0.2306838457432216,0.2013447333901334,0.4313434680509208,0.4236007477315542,0.0007635342132675,0.0007658825597159,0.0007926212482415,0.0007943646335,2.908703497399592e-05,2.8482073784096555e-05,8,2
CP_REPO_HAAR_SHAPE,entry_with_recent_spike,43747,10,94.46370980437,94.74126499057604,94.99398856513228,95.26764048996782,0.5302787607622678,0.5263754993917953,0.1038592304628591,0.1015842875976446,0.4589114682149633,0.4575688874006684,0.0008144164461949,0.000808619053436,0.0008304363649765,0.00082438172085,1.6019918781554463e-05,1.5762667414048485e-05,9,1
CP_REPO_HAAR_SHAPE,entry_without_recent_spike,29710,10,91.69617008603282,91.3488705478156,91.45069743088432,91.1003900671519,-0.2454726551484927,-0.2484804806636996,-0.0550438989836444,-0.0568333782043452,0.4249074385728711,0.4260465418156656,0.0006505839465117,0.0006575054409014,0.0006476522732027,0.000654566307464,-2.9316733090029603e-06,-2.939133437398747e-06,3,7
CP_REPO_HAAR_SHAPE,same_average_recent_front_loaded,14331,10,93.81798491497464,93.84578133313606,93.68336123788056,93.70714525852046,-0.1346236770941071,-0.1386360746156041,-0.0019108844040593,-0.0018403820157644,0.4256506873211918,0.4252625953267232,0.0006149773523946,0.0006155266679264,0.0006156989960013,0.0006161229138632,7.216436066656431e-07,5.962459367248541e-07,3,7
CP_REPO_HAAR_SHAPE,same_average_back_loaded,15559,10,115.65867029826804,110.18390907294511,115.58379315439636,110.08150215899892,-0.074877143871645,-0.1024069139461764,0.0012819996829483,0.0013938946937102,0.3714891702551577,0.3877448874791281,0.0005256676475079,0.0005495969686531,0.0005277712465663,0.000551362993687,2.1035990584342368e-06,1.7660250338448118e-06,4,6
CP_REPO_HAAR_SHAPE,stable_low_dispersion,68968,10,80.32444015117426,80.55819324984208,79.91610745758304,80.15405136141791,-0.4083326935912358,-0.4041418884241493,-0.0891347340493254,-0.0839712780126969,0.4393631829254147,0.4379209324124797,0.0006486480498497,0.0006237236740629,0.0006423459669195,0.0006177020358545,-6.3020829301952766e-06,-6.0216382084154745e-06,0,10
CP_REPO_OPS_C,all_observations,367248,10,101.47233170106462,101.47291045983684,100.86366051352246,100.864469325526,-0.6086711875421611,-0.6084411343108471,0.0,0.0,0.4081792140460942,0.408182839534847,0.0006101646095029,0.0006101360865836,0.0005861095985985,0.0005860814836972,-2.4055010904442503e-05,-2.4054602886466157e-05,0,10
CP_REPO_OPS_C,cluster_entry_loose,73457,10,93.70699380911668,93.70611317284688,93.56088920634404,93.5601466793833,-0.1461046027726104,-0.1459664934635964,0.0049689394875258,0.0049700897049998,0.4444913350667737,0.4444992052234894,0.0008089166672608,0.000808904511445,0.0007565085518804,0.0007564891133133,-5.240811538042162e-05,-5.24153981316945e-05,3,7
CP_REPO_OPS_C,cluster_entry_strict,73266,10,93.6666065504884,93.6538531363937,93.51351872126948,93.50077666255066,-0.1530878292189436,-0.1530764738430453,0.004675142443366,0.0046678793439037,0.4446810253050528,0.4447071181723599,0.0008099983330372,0.0008100188743306,0.0007574764161019,0.0007575629505833,-5.2521916935283216e-05,-5.245592374717761e-05,3,7
CP_REPO_OPS_C,cluster_exit_loose,73455,10,99.03415004382988,99.03493996035516,97.78270322300334,97.78394318646994,-1.251446820826539,-1.250996773885243,-0.0009995758056979,-0.0009997799674229,0.4061534272683956,0.4061581146024564,0.0006555289137853,0.0006555049949512,0.0006171643472766,0.0006171429768059,-3.836456650867362e-05,-3.836201814532405e-05,0,10
CP_REPO_OPS_C,cluster_exit_strict,73334,10,98.96567181867329,98.95042726126668,97.71189561215212,97.69701415215351,-1.2537762065211668,-1.2534131091131555,-0.0010530691077523,-0.0010531265504965,0.4063599421823438,0.4064046209979607,0.0006555460979665,0.0006555601990231,0.0006171434139363,0.0006170716032702,-3.8402684030140624e-05,-3.848859575290128e-05,0,10
CP_REPO_OPS_C,inflection_points,144886,10,91.80329379622916,92.6176613926776,91.11849776564624,91.9402786618501,-0.6847960305829227,-0.6773827308275119,-0.0003467286794236,-0.0003349298716379,0.4332026558811755,0.4300545555331682,0.0006874696404718,0.0006723179511505,0.0006529679143698,0.000638809780927,-3.4501726102040744e-05,-3.350817022346412e-05,0,10
CP_REPO_OPS_C,high_within_block_dispersion,68970,10,120.33604314984647,123.431470495572,119.60427233753938,122.74906256210409,-0.731770812307119,-0.6824079334679047,0.0547789179513866,0.0514447436152933,0.3900536465129766,0.3794586487836765,0.0006108061905313,0.0005947146064104,0.0005686239436958,0.0005551224108426,-4.218224683546103e-05,-3.959219556784077e-05,1,9
CP_REPO_OPS_C,recent_spike_position,125358,10,111.7328258119622,105.51660203354038,111.5312633098087,105.29554362902309,-0.2015625021535113,-0.2210584045172938,0.0313065437787414,0.0340631789509174,0.394637757462627,0.4137611739008162,0.0006210604897213,0.0006610671985088,0.0006091827783179,0.0006480729005072,-1.1877711403389383e-05,-1.2994298001585032e-05,2,8
CP_REPO_OPS_C,older_spike_position,108871,10,98.35005093059976,99.32881921162434,97.43444156272852,98.42605014902875,-0.9156093678712104,-0.9027690625955932,0.0,0.0,0.4137098033452434,0.4104003133071782,0.0005835535439939,0.000569780560948,0.0005701423444708,0.0005566876073936,-1.341119952315034e-05,-1.3092953554367033e-05,0,10
CP_REPO_OPS_C,same_average_different_path,7396,10,117.23871058668028,112.1434042546081,117.37318180795138,112.21175371896967,0.1344712212711002,0.0683494643615956,2.567022971810422e-15,2.8421709430404013e-15,0.3811519740400216,0.3975875517965714,0.0005427098102218,0.0005443357573289,0.0005431003711606,0.0005415699959442,3.905609387894912e-07,-2.765761384679215e-06,7,3
CP_REPO_OPS_C,recent_ramp_high_dispersion,24273,10,117.86816934564276,119.52178342988896,118.42814151699304,120.08678395816678,0.5599721713503082,0.5650005282777875,0.223167593686451,0.1968848887306123,0.4334857660775347,0.4259676937379074,0.000896722063727,0.0008792877984038,0.0007926212482415,0.0007943646335,-0.0001041008154854,-8.492316490376974e-05,6,4
CP_REPO_OPS_C,entry_with_recent_spike,43747,10,94.85150383418078,95.1228658255123,94.99398856513228,95.26764048996782,0.1424847309514939,0.1447746644555198,0.0830145530237429,0.0813145382495008,0.4585685875602898,0.4572487448507845,0.0008457349880324,0.0008396043637058,0.0008304363649765,0.00082438172085,-1.529862305592167e-05,-1.5222642855762452e-05,7,3
CP_REPO_OPS_C,entry_without_recent_spike,29710,10,92.0217403568622,91.67841339059134,91.45069743088432,91.1003900671519,-0.5710429259778746,-0.5780233234394357,-0.0644139478970797,-0.066692335044506,0.4237630427465499,0.4249740032606242,0.0007547028982001,0.0007658100729755,0.0006476522732027,0.000654566307464,-0.0001070506249973,-0.0001112437655115,2,8
CP_REPO_OPS_C,same_average_recent_front_loaded,14331,10,94.0730614888905,94.1013732964623,93.68336123788056,93.70714525852046,-0.3897002510099851,-0.3942280379418607,-0.0026492694857964,-0.0025515242608165,0.4283720605679994,0.4279895627326801,0.0006560334277985,0.000655048141228,0.0006156989960013,0.0006161229138632,-4.0334431797197374e-05,-3.892522736484842e-05,3,7
CP_REPO_OPS_C,same_average_back_loaded,15559,10,116.02107254595865,110.57986756392174,115.58379315439636,110.08150215899892,-0.4372793915622527,-0.498365404922827,0.0,0.0,0.3650620219808471,0.3810723239821784,0.0005334227318607,0.0005581121805787,0.0005277712465663,0.000551362993687,-5.651485294398699e-06,-6.749186891754948e-06,2,8
CP_REPO_OPS_C,stable_low_dispersion,68968,10,80.64712862189509,80.87806681762382,79.91610745758304,80.15405136141791,-0.7310211643120669,-0.7240154562058833,-0.1174016260733161,-0.110574124495873,0.4373332560027839,0.4358598794352629,0.0006637162971488,0.0006380809194487,0.0006423459669195,0.0006177020358545,-2.137033022929382e-05,-2.037888359419852e-05,0,10
CP_REPO_RIDGE_OPS_C,all_observations,367248,10,101.12208397431918,101.12275524078028,100.86366051352246,100.864469325526,-0.2584234607967125,-0.258285915254295,0.0037867335578496,0.003787537995079,0.4110492092536923,0.4110520818875314,0.0005844131339369,0.0005843849665731,0.0005861095985985,0.0005860814836972,1.6964646615973245e-06,1.6965171240745474e-06,1,9
CP_REPO_RIDGE_OPS_C,cluster_entry_loose,73457,10,93.30118671215544,93.30041508469662,93.56088920634404,93.5601466793833,0.2597024941885992,0.2597315946866739,0.0303138989707811,0.0303209160770244,0.448711491076412,0.4487190593943844,0.0007467280901724,0.0007467089994989,0.0007565085518804,0.0007564891133133,9.780461707974809e-06,9.78011381432949e-06,8,2
CP_REPO_RIDGE_OPS_C,cluster_entry_strict,73266,10,93.26031898889904,93.24765796577135,93.51351872126948,93.50077666255066,0.2531997323704161,0.2531186967793065,0.0293244169991111,0.0292788598508705,0.4488302896295689,0.4488556486138015,0.0007477102241188,0.0007477997986042,0.0007574764161019,0.0007575629505833,9.76619198309058e-06,9.76315197919175e-06,8,2
CP_REPO_RIDGE_OPS_C,cluster_exit_loose,73455,10,98.6289750351847,98.62987502958292,97.78270322300334,97.78394318646994,-0.8462718121813421,-0.8459318431130015,0.0,0.0,0.4084269280511878,0.4084309973026671,0.0006181663424339,0.0006181447444097,0.0006171643472766,0.0006171429768059,-1.0019951573172312e-06,-1.0017676037770045e-06,0,10
CP_REPO_RIDGE_OPS_C,cluster_exit_strict,73334,10,98.5601746884049,98.54497429189884,97.71189561215212,97.69701415215351,-0.8482790762527805,-0.8479601397453356,0.0,0.0,0.4086644666866665,0.4087105086144209,0.0006181391249012,0.0006180673264185,0.0006171434139363,0.0006170716032702,-9.957109648504543e-07,-9.957231482542814e-07,0,10
CP_REPO_RIDGE_OPS_C,inflection_points,144886,10,91.40786124182334,92.2264519149501,91.11849776564624,91.9402786618501,-0.2893634761770995,-0.2861732530999891,0.0,0.0,0.4359220352553041,0.4326028486143175,0.0006517039398422,0.0006376323122246,0.0006529679143698,0.000638809780927,1.263974527555741e-06,1.177468702452533e-06,0,10
CP_REPO_RIDGE_OPS_C,high_within_block_dispersion,68970,10,119.87581839654705,122.99587279790508,119.60427233753938,122.74906256210409,-0.2715460590076692,-0.246810235800993,0.1024590577974961,0.0962227834462596,0.3946498477598956,0.3835705882828655,0.000551181396794,0.000538554341359,0.0005686239436958,0.0005551224108426,1.7442546901804852e-05,1.6568069483509066e-05,4,6
CP_REPO_RIDGE_OPS_C,recent_spike_position,125358,10,111.4092886783394,105.16517887970706,111.5312633098087,105.29554362902309,0.1219746314692689,0.1303647493160169,0.0509519411839532,0.0554431226111633,0.3981636592798226,0.4176846006317058,0.0006021770151015,0.0006404659869574,0.0006091827783179,0.0006480729005072,7.005763216472015e-06,7.60691354982133e-06,7,3
CP_REPO_RIDGE_OPS_C,older_spike_position,108871,10,97.9893941214313,98.96910984629272,97.43444156272852,98.42605014902875,-0.554952558702796,-0.5430596972639794,2.840839544246461e-15,2.8421709430404013e-15,0.416079580420865,0.41272865290439,0.0005700230109561,0.0005565237158703,0.0005701423444708,0.0005566876073936,1.1933351464789946e-07,1.6389152331360734e-07,0,10
CP_REPO_RIDGE_OPS_C,same_average_different_path,7396,10,116.95964956594877,111.78810963003804,117.37318180795138,112.21175371896967,0.4135322420026299,0.4236440889316311,0.0296026482041296,0.0399527711893685,0.3862898864250946,0.4036065854309666,0.0005354380312535,0.0005343590771526,0.0005431003711606,0.0005415699959442,7.662339907101693e-06,7.210918791651849e-06,9,1
CP_REPO_RIDGE_OPS_C,recent_ramp_high_dispersion,24273,10,117.33167185477086,119.02097640262454,118.42814151699304,120.08678395816678,1.0964696622221812,1.0658075555422244,0.2889296058239612,0.2543794042031332,0.4396654719235364,0.431718283729062,0.0007594727768688,0.0007617448158643,0.0007926212482415,0.0007943646335,3.314847137274294e-05,3.261981763573744e-05,8,2
CP_REPO_RIDGE_OPS_C,entry_with_recent_spike,43747,10,94.40898749853136,94.68655867306236,94.99398856513228,95.26764048996782,0.585001066600924,0.5810818169054508,0.1102811228876507,0.1078747046385261,0.4642146890072462,0.4628212152904251,0.0008130946158821,0.0008073066030236,0.0008304363649765,0.00082438172085,1.7341749094357127e-05,1.707511782647056e-05,9,1
CP_REPO_RIDGE_OPS_C,entry_without_recent_spike,29710,10,91.66998640917372,91.321630172412,91.45069743088432,91.1003900671519,-0.2192889782894206,-0.2212401052600821,-0.041516604200746,-0.0428653024200439,0.4258835408953214,0.4271431168864968,0.0006490055590306,0.0006559007753938,0.0006476522732027,0.000654566307464,-1.353285827941295e-06,-1.3344679298403686e-06,2,8
CP_REPO_RIDGE_OPS_C,same_average_recent_front_loaded,14331,10,93.77020050639562,93.79670116703883,93.68336123788056,93.70714525852046,-0.0868392685151103,-0.0895559085184101,0.0,0.0,0.4312329914172074,0.4308350399710271,0.0006145283594468,0.0006150655974633,0.0006156989960013,0.0006161229138632,1.1706365545023616e-06,1.0573163998242235e-06,3,7
CP_REPO_RIDGE_OPS_C,same_average_back_loaded,15559,10,115.69906077454536,110.22657000788304,115.58379315439636,110.08150215899892,-0.1152676201489885,-0.1450678488841234,0.0,0.0,0.3673757953595989,0.3837804179645013,0.0005263551311536,0.0005502988759251,0.0005277712465663,0.000551362993687,1.4161154127683272e-06,1.0641177618639406e-06,4,6
CP_REPO_RIDGE_OPS_C,stable_low_dispersion,68968,10,80.32692108803192,80.55802774503914,79.91610745758304,80.15405136141791,-0.4108136304489003,-0.4039763836212203,-0.0983255184862263,-0.0926456783749372,0.4399141630901287,0.4382924990388851,0.0006488348745343,0.0006238965646041,0.0006423459669195,0.0006177020358545,-6.48890761479699e-06,-6.19452874955064e-06,0,10
CP_REPO_GATED_RIDGE_OPS_C,all_observations,367248,10,101.0178589491999,101.01856370648812,100.86366051352246,100.864469325526,-0.1541984356774199,-0.1540943809621207,0.0094001647656127,0.009402161695786,0.4181887988498234,0.4181920969969833,0.0005849658633533,0.0005849376041466,0.0005861095985985,0.0005860814836972,1.1437352452052314e-06,1.143879550509985e-06,2,8
CP_REPO_GATED_RIDGE_OPS_C,cluster_entry_loose,73457,10,93.72584054342768,93.72499761641744,93.56088920634404,93.5601466793833,-0.1649513370836146,-0.1648509370341433,0.0040147180844738,0.0040156474173637,0.4399308438950678,0.4399386238996772,0.000754701901174,0.0007546818889858,0.0007565085518804,0.0007564891133133,1.8066507063618316e-06,1.8072243274744489e-06,3,7
CP_REPO_GATED_RIDGE_OPS_C,cluster_entry_strict,73266,10,93.68019638697504,93.66737244650066,93.51351872126948,93.50077666255066,-0.1666776657055546,-0.1665957839500044,0.003925997257251,0.0039198979974074,0.4400404007315808,0.4400701022488625,0.0007556747952264,0.0007557632442791,0.0007574764161019,0.0007575629505833,1.8016208754846844e-06,1.799706304282308e-06,3,7
CP_REPO_GATED_RIDGE_OPS_C,cluster_exit_loose,73455,10,98.05428033322856,98.0553530738122,97.78270322300334,97.78394318646994,-0.2715771102252088,-0.271409887342278,0.0160534780420693,0.0160567569387282,0.430794363896263,0.4307979225118502,0.0006146994593268,0.0006146783685923,0.0006171643472766,0.0006171429768059,2.464887949780757e-06,2.464608213535235e-06,0,10
CP_REPO_GATED_RIDGE_OPS_C,cluster_exit_strict,73334,10,97.98368662324808,97.96861948011448,97.71189561215212,97.69701415215351,-0.2717910110959476,-0.2716053279609536,0.0159940946082238,0.0159949670530409,0.4310415359860365,0.4310948920322061,0.0006146694650349,0.0006145989393868,0.0006171434139363,0.0006170716032702,2.473948901417291e-06,2.472663883453967e-06,0,10
CP_REPO_GATED_RIDGE_OPS_C,inflection_points,144886,10,91.34798398280634,92.17904955632316,91.11849776564624,91.9402786618501,-0.2294862171600963,-0.2387708944730545,0.0040106487489607,0.0038741706423223,0.4436384467788468,0.4398199473156784,0.0006523072530171,0.0006382322958398,0.0006529679143698,0.000638809780927,6.606613526518629e-07,5.774850872470422e-07,0,10
CP_REPO_GATED_RIDGE_OPS_C,high_within_block_dispersion,68970,10,119.63366345191126,122.78122409862976,119.60427233753938,122.74906256210409,-0.0293911143718926,-0.0321615365256619,0.0637335543724582,0.0598543470189058,0.4002029868058576,0.388832572206223,0.0005573060284214,0.0005442624484077,0.0005686239436958,0.0005551224108426,1.1317915274460034e-05,1.0859962434817632e-05,5,5
CP_REPO_GATED_RIDGE_OPS_C,recent_spike_position,125358,10,111.52347690803828,105.2790898492444,111.5312633098087,105.29554362902309,0.0077864017703708,0.0164537797786881,0.0186019280113354,0.0202474645449768,0.3957386046363216,0.4152795445375822,0.0006050889324341,0.0006436904838264,0.0006091827783179,0.0006480729005072,4.093845883783631e-06,4.382416680821746e-06,6,4
CP_REPO_GATED_RIDGE_OPS_C,older_spike_position,108871,10,97.60083193856887,98.59539032326128,97.43444156272852,98.42605014902875,-0.1663903758403506,-0.1693401742325463,0.0295408321239651,0.0296701157987697,0.4341009084145456,0.430185561891462,0.0005679064293131,0.0005544905608724,0.0005701423444708,0.0005566876073936,2.235915157700369e-06,2.19704652120441e-06,2,8
CP_REPO_GATED_RIDGE_OPS_C,same_average_different_path,7396,10,117.24142459000092,112.10199537111453,117.37318180795138,112.21175371896967,0.1317572179504494,0.1097583478551466,0.0314095152435762,0.0418788252951928,0.3927798810167658,0.4127267737805063,0.0005384416001788,0.0005375671445853,0.0005431003711606,0.0005415699959442,4.658770981745208e-06,4.002851358875328e-06,6,4
CP_REPO_GATED_RIDGE_OPS_C,recent_ramp_high_dispersion,24273,10,118.1367426222542,119.78478364559037,118.42814151699304,120.08678395816678,0.291398894738845,0.302000312576399,0.078033201926085,0.0655050596406198,0.4210851563465579,0.4144363661858026,0.0007755155488869,0.0007767541364519,0.0007926212482415,0.0007943646335,1.7105699354638477e-05,1.761049704806738e-05,6,4
CP_REPO_GATED_RIDGE_OPS_C,entry_with_recent_spike,43747,10,94.84955193375274,95.12501211389244,94.99398856513228,95.26764048996782,0.1444366313795303,0.1426283760753723,0.0431648682481793,0.0420470605934781,0.4530367796648913,0.4518520499890254,0.0008213630328237,0.0008154100389532,0.0008304363649765,0.00082438172085,9.073332152767748e-06,8.971681896877884e-06,6,4
CP_REPO_GATED_RIDGE_OPS_C,entry_without_recent_spike,29710,10,92.0712123982728,91.7255935527675,91.45069743088432,91.1003900671519,-0.6205149673884681,-0.6252034856156027,-0.040863603189205,-0.0423423981579844,0.420632783574554,0.4217439265499729,0.0006565455724538,0.0006635648821638,0.0006476522732027,0.000654566307464,-8.893299251090866e-06,-8.998574699821456e-06,1,9
CP_REPO_GATED_RIDGE_OPS_C,same_average_recent_front_loaded,14331,10,93.94811106284584,93.9827505311113,93.68336123788056,93.70714525852046,-0.2647498249652973,-0.2756052725908356,-0.0003694816168979,-0.0003539550127355,0.4250924569115902,0.4245159088864071,0.0006166290742188,0.0006172153711978,0.0006156989960013,0.0006161229138632,-9.300782175612984e-07,-1.0924573346151136e-06,2,8
CP_REPO_GATED_RIDGE_OPS_C,same_average_back_loaded,15559,10,115.60355633480076,110.1093727747136,115.58379315439636,110.08150215899892,-0.0197631804043633,-0.0278706157146758,0.0099652370454305,0.0105536347273479,0.3838935664245774,0.4021949295684474,0.0005252608216219,0.0005489229393775,0.0005277712465663,0.000551362993687,2.5104249444075427e-06,2.440054309508968e-06,6,4
CP_REPO_GATED_RIDGE_OPS_C,stable_low_dispersion,68968,10,80.11822973304425,80.36249649940505,79.91610745758304,80.15405136141791,-0.2021222754612268,-0.2084451379871362,-0.0014279760753805,-0.0014587978498266,0.4570090476742837,0.4540935741969293,0.0006448993623729,0.0006201949562094,0.0006423459669195,0.0006177020358545,-2.5533954533084207e-06,-2.4929203549325653e-06,2,8
CP_REPO_OPS_HG,all_observations,367248,10,101.00029569401975,101.00086819326988,100.86366051352246,100.864469325526,-0.1366351804973068,-0.136398867743884,0.0,0.0,0.4119450616477149,0.4119524720323973,0.000581341493858,0.0005813128262587,0.0005861095985985,0.0005860814836972,4.768104740536412e-06,4.768657438463415e-06,4,6
CP_REPO_OPS_HG,cluster_entry_loose,73457,10,93.36882798686128,93.36791908716864,93.56088920634404,93.5601466793833,0.1920612194827486,0.1922275922146449,0.0700983781797497,0.0701146046561802,0.4514205589664701,0.4514312596413597,0.0007392261937855,0.0007392092356577,0.0007565085518804,0.0007564891133133,1.728235809484818e-05,1.727987765555274e-05,6,4
CP_REPO_OPS_HG,cluster_entry_strict,73266,10,93.32068294708638,93.30786892053936,93.51351872126948,93.50077666255066,0.1928357741830747,0.192907742011299,0.0696038390287284,0.0694971515938803,0.4515327709988262,0.4515663717862839,0.0007401915752669,0.0007402770495063,0.0007574764161019,0.0007575629505833,1.7284840835027557e-05,1.7285901077047614e-05,6,4
CP_REPO_OPS_HG,cluster_exit_loose,73455,10,98.31272912937789,98.31359930585172,97.78270322300334,97.78394318646994,-0.5300259063745332,-0.529656119381788,-0.0423505331929949,-0.0423591832201993,0.4041658158055952,0.4041741216348839,0.0006194319197841,0.000619408521891,0.0006171643472766,0.0006171429768059,-2.267572507566229e-06,-2.2655450851266146e-06,1,9
CP_REPO_OPS_HG,cluster_exit_strict,73334,10,98.24233632129584,98.2271565813582,97.71189561215212,97.69701415215351,-0.5304407091437262,-0.5301424292046796,-0.0426672443275095,-0.0426580096858742,0.4043554149507731,0.4043974742194571,0.0006194152631807,0.0006193430917818,0.0006171434139363,0.0006170716032702,-2.2718492444116283e-06,-2.27148851154939e-06,1,9
CP_REPO_OPS_HG,inflection_points,144886,10,91.2973390116355,92.12575030287384,91.11849776564624,91.9402786618501,-0.1788412459892566,-0.1854716410237525,0.0,0.0,0.4361636044890465,0.4330962160832087,0.0006487346432601,0.0006348140872985,0.0006529679143698,0.000638809780927,4.2332711096622255e-06,3.995693628486208e-06,4,6
CP_REPO_OPS_HG,high_within_block_dispersion,68970,10,119.04389022013628,122.22254299204404,119.60427233753938,122.74906256210409,0.5603821174030628,0.5265195700600451,0.1309151783397281,0.1229468933835927,0.410265332753371,0.3981941671673453,0.0005354281534298,0.0005235020810258,0.0005686239436958,0.0005551224108426,3.319579026599462e-05,3.1620329816716085e-05,8,2
CP_REPO_OPS_HG,recent_spike_position,125358,10,111.301602732875,105.03483760829204,111.5312633098087,105.29554362902309,0.2296605769336888,0.260706020731032,0.0459569048173979,0.0500136216800655,0.3986263341789116,0.4193553176564008,0.00059506223347,0.0006330044837039,0.0006091827783179,0.0006480729005072,1.412054484789134e-05,1.5068416803244536e-05,7,3
CP_REPO_OPS_HG,older_spike_position,108871,10,97.71528062585062,98.709542221203,97.43444156272852,98.42605014902875,-0.2808390631221007,-0.2834920721742435,0.0,0.0,0.4147385437811722,0.4111863747952803,0.0005691675251618,0.0005557073526949,0.0005701423444708,0.0005566876073936,9.748193089783033e-07,9.802546986775429e-07,4,6
CP_REPO_OPS_HG,same_average_different_path,7396,10,117.5083164126169,112.42936430082167,117.37318180795138,112.21175371896967,-0.1351346046655115,-0.2176105818520219,0.0233405995203436,0.0315012908854852,0.3841265548945375,0.4004667521148187,0.0005342195383066,0.0005345150795643,0.0005431003711606,0.0005415699959442,8.88083285393913e-06,7.054916379860505e-06,5,5
CP_REPO_OPS_HG,recent_ramp_high_dispersion,24273,10,116.54957226148284,118.3124544590484,118.42814151699304,120.08678395816678,1.878569255510235,1.7743294991183507,0.570416237625853,0.4989391051530994,0.4500885757837927,0.4411377971399944,0.0007263036493189,0.0007287064541783,0.0007926212482415,0.0007943646335,6.631759892260466e-05,6.565817932170415e-05,9,1
CP_REPO_OPS_HG,entry_with_recent_spike,43747,10,94.40833700837008,94.68731985615358,94.99398856513228,95.26764048996782,0.5856515567622138,0.5803206338142466,0.1561215471188896,0.1528818969861596,0.4617916657142204,0.4605737433154482,0.0008018416733278,0.0007961160908036,0.0008304363649765,0.00082438172085,2.859469164868453e-05,2.826563004637755e-05,9,1
CP_REPO_OPS_HG,entry_without_recent_spike,29710,10,91.83818506649972,91.49413083161224,91.45069743088432,91.1003900671519,-0.3874876356153587,-0.3937407644603287,0.0061137800963753,0.0063666458697269,0.4361494446314372,0.4371943945046835,0.0006470269550264,0.0006538419210523,0.0006476522732027,0.000654566307464,6.253181763130553e-07,7.243864116194862e-07,3,7
CP_REPO_OPS_HG,same_average_recent_front_loaded,14331,10,94.09578732935525,94.12794865159472,93.68336123788056,93.70714525852046,-0.41242609147472,-0.4208033930742612,-0.0095627804619698,-0.0092099601344415,0.4299769729956039,0.4294531577635798,0.0006097956959063,0.0006104617277736,0.0006156989960013,0.0006161229138632,5.903300094916962e-06,5.661186089558711e-06,3,7
CP_REPO_OPS_HG,same_average_back_loaded,15559,10,115.6904079024476,110.2182091487895,115.58379315439636,110.08150215899892,-0.1066147480511931,-0.1367069897905432,-0.0142967005335403,-0.01559196803968,0.3622983482228935,0.3777988806106648,0.0005266242455372,0.0005506488222731,0.0005277712465663,0.000551362993687,1.147001029185607e-06,7.14171413919365e-07,3,7
CP_REPO_OPS_HG,stable_low_dispersion,68968,10,80.39693531623548,80.62006475854206,79.91610745758304,80.15405136141791,-0.4808278586524727,-0.466013397124131,-0.0943436366297697,-0.0886219492172998,0.4393051850133395,0.4381795601436886,0.0006490943155348,0.0006241123834876,0.0006423459669195,0.0006177020358545,-6.748348615263809e-06,-6.410347633050943e-06,0,10
RANDOM_RESIDUES_PLACEBO_REPO,all_observations,367248,10,101.01061878524278,101.01127872795855,100.86366051352246,100.864469325526,-0.1469582717203341,-0.1468094024326063,2.8415672928270387e-15,2.8421709430404013e-15,0.4181833529386137,0.4181891209836574,0.0005839797827126,0.0005839509556885,0.0005861095985985,0.0005860814836972,2.1298158859375798e-06,2.1305280086338578e-06,2,8
RANDOM_RESIDUES_PLACEBO_REPO,cluster_entry_loose,73457,10,93.40703401324546,93.40615087938536,93.56088920634404,93.5601466793833,0.1538551930985829,0.1539957999979539,0.0490952956407123,0.049106660292481,0.4628558204119417,0.4628651021113613,0.0007512221271717,0.0007512034698169,0.0007565085518804,0.0007564891133133,5.286424708735567e-06,5.285643496328935e-06,8,2
RANDOM_RESIDUES_PLACEBO_REPO,cluster_entry_strict,73266,10,93.36300514323388,93.35048745470304,93.51351872126948,93.50077666255066,0.150513578035578,0.1502892078476268,0.0491035685412129,0.0490352098687889,0.4629023012038326,0.462919949945184,0.0007522073250946,0.0007522940322356,0.0007574764161019,0.0007575629505833,5.269091007307272e-06,5.268918347724856e-06,8,2
RANDOM_RESIDUES_PLACEBO_REPO,cluster_exit_loose,73455,10,98.2984627259852,98.29953773354708,97.78270322300334,97.78394318646994,-0.5157595029818604,-0.5155945470771657,-0.0704303026979475,-0.0704446879721913,0.3965965557143829,0.3965999571908303,0.0006221985274955,0.0006221770245532,0.0006171643472766,0.0006171429768059,-5.0341802189520015e-06,-5.034047747320166e-06,1,9
RANDOM_RESIDUES_PLACEBO_REPO,cluster_exit_strict,73334,10,98.22895393557108,98.21400086419956,97.71189561215212,97.69701415215351,-0.5170583234189525,-0.516986712046035,-0.0710132043611417,-0.0710015537389425,0.3967054844955955,0.3967445138747426,0.0006221816997776,0.0006221105644193,0.0006171434139363,0.0006170716032702,-5.0382858412290575e-06,-5.038961149096875e-06,1,9
RANDOM_RESIDUES_PLACEBO_REPO,inflection_points,144886,10,91.27500458899732,92.08819516240324,91.11849776564624,91.9402786618501,-0.1565068233510911,-0.1479165005531381,0.0,0.0,0.4437971922753061,0.4408860427754204,0.0006519717257224,0.0006378737680979,0.0006529679143698,0.000638809780927,9.961886473322854e-07,9.360128291143928e-07,2,8
RANDOM_RESIDUES_PLACEBO_REPO,high_within_block_dispersion,68970,10,119.9233647346781,123.03461909948072,119.60427233753938,122.74906256210409,-0.3190923971387254,-0.285556537376587,0.0144411212446659,0.0135621477702152,0.3852109612875163,0.3751444648899509,0.0005632512448483,0.0005502773934218,0.0005686239436958,0.0005551224108426,5.37269884758129e-06,4.845017420788233e-06,1,9
RANDOM_RESIDUES_PLACEBO_REPO,recent_spike_position,125358,10,111.43845443713582,105.20677153523172,111.5312633098087,105.29554362902309,0.0928088726728733,0.0887720937913555,0.0341687880827927,0.0371802988521849,0.4038433925238118,0.4236397266646736,0.0006036661346926,0.000642202588935,0.0006091827783179,0.0006480729005072,5.516643625298604e-06,5.870311572216843e-06,7,3
RANDOM_RESIDUES_PLACEBO_REPO,older_spike_position,108871,10,97.70233399441062,98.68470792497148,97.43444156272852,98.42605014902875,-0.2678924316820887,-0.2586577759427442,0.0,0.0,0.422738837707011,0.4195665938740281,0.0005684247566273,0.0005549577244236,0.0005701423444708,0.0005566876073936,1.7175878435149862e-06,1.7298829699999748e-06,1,9
RANDOM_RESIDUES_PLACEBO_REPO,same_average_different_path,7396,10,117.25661514174163,112.09515649497187,117.37318180795138,112.21175371896967,0.1165666662097457,0.1165972239977648,-0.0168569438201873,-0.0227507219879754,0.3747971876690102,0.3891517289439153,0.0005404158971145,0.0005389472285217,0.0005431003711606,0.0005415699959442,2.6844740460435413e-06,2.6227674225177945e-06,6,4
RANDOM_RESIDUES_PLACEBO_REPO,recent_ramp_high_dispersion,24273,10,118.11364973429382,119.7702641306261,118.42814151699304,120.08678395816678,0.3144917826992557,0.3165198275406476,0.1555491940927342,0.1345425882766068,0.4358340542990154,0.4273878588085574,0.0007795112770111,0.0007818884315582,0.0007926212482415,0.0007943646335,1.3109971230358798e-05,1.247620194182122e-05,8,2
RANDOM_RESIDUES_PLACEBO_REPO,entry_with_recent_spike,43747,10,94.60458558998867,94.874149793351,94.99398856513228,95.26764048996782,0.3894029751436029,0.3934906966168311,0.068410534316143,0.0670032619212776,0.4695864859304638,0.4684714578592408,0.0008224358199818,0.0008165357115807,0.0008304363649765,0.00082438172085,8.000544994634101e-06,7.846009269349281e-06,9,1
RANDOM_RESIDUES_PLACEBO_REPO,entry_without_recent_spike,29710,10,91.64367861682057,91.3045897739883,91.45069743088432,91.1003900671519,-0.192981185936203,-0.2041997068363801,0.024764715066176,0.0257225154133436,0.4529451363177381,0.454091376819592,0.000646362301545,0.0006532219730599,0.0006476522732027,0.000654566307464,1.2899716576684788e-06,1.3443344040691243e-06,4,6
RANDOM_RESIDUES_PLACEBO_REPO,same_average_recent_front_loaded,14331,10,93.65340283838869,93.6770663951805,93.68336123788056,93.70714525852046,0.0299583994918585,0.0300788633399397,0.0306699093596505,0.0292584913163018,0.4536319866024701,0.4531376738121723,0.0006128189325591,0.0006132896818012,0.0006156989960013,0.0006161229138632,2.88006344215388e-06,2.8332320619290084e-06,7,3
RANDOM_RESIDUES_PLACEBO_REPO,same_average_back_loaded,15559,10,115.69612454842752,110.21699031296292,115.58379315439636,110.08150215899892,-0.112331394031162,-0.1354881539640233,-0.0129229056846904,-0.0141135978294069,0.3592775885339674,0.3748501491241361,0.0005252074806076,0.0005494914844378,0.0005277712465663,0.000551362993687,2.5637659587613283e-06,1.8715092492125724e-06,3,7
RANDOM_RESIDUES_PLACEBO_REPO,stable_low_dispersion,68968,10,80.1091236127269,80.3324531779895,79.91610745758304,80.15405136141791,-0.1930161551438935,-0.1784018165715887,-0.0036785513539606,-0.0034548088404806,0.4570090476742837,0.4553985583377571,0.0006435133216712,0.000618757023206,0.0006423459669195,0.0006177020358545,-1.1673547516295885e-06,-1.054987351444491e-06,3,7
SHUFFLED_LAG_PM_PLACEBO_REPO,all_observations,367248,10,101.055909345972,101.05666028955108,100.86366051352246,100.864469325526,-0.1922488324495323,-0.192190964025096,0.0,0.0,0.414853178233782,0.4148565067832264,0.000584756661572,0.0005847281304294,0.0005861095985985,0.0005860814836972,1.3529370264530128e-06,1.3533532677751144e-06,1,9
SHUFFLED_LAG_PM_PLACEBO_REPO,cluster_entry_loose,73457,10,93.43095496999295,93.4301920842676,93.56088920634404,93.5601466793833,0.1299342363510854,0.1299545951156994,0.0523051862812603,0.0523172939632699,0.4635364907360769,0.4635411516245942,0.0007518429428223,0.0007518239375164,0.0007565085518804,0.0007564891133133,4.665609058135287e-06,4.66517579684023e-06,7,3
SHUFFLED_LAG_PM_PLACEBO_REPO,cluster_entry_strict,73266,10,93.38333436080138,93.37073586017743,93.51351872126948,93.50077666255066,0.1301843604680757,0.130040802373224,0.0523348081617548,0.0522661754404652,0.4636393415772664,0.463667545027765,0.0007528118857049,0.0007528990112011,0.0007574764161019,0.0007575629505833,4.664530396963952e-06,4.663939382287653e-06,7,3
SHUFFLED_LAG_PM_PLACEBO_REPO,cluster_exit_loose,73455,10,98.17322625295058,98.17436539374008,97.78270322300334,97.78394318646994,-0.3905230299472584,-0.3904222072701867,-0.0706776999865503,-0.0706921357912861,0.3979715472057722,0.3979776997087733,0.0006197458157095,0.0006197228531385,0.0006171643472766,0.0006171429768059,-2.581468432889127e-06,-2.579876332634835e-06,0,10
SHUFFLED_LAG_PM_PLACEBO_REPO,cluster_exit_strict,73334,10,98.1020242957385,98.0870674656138,97.71189561215212,97.69701415215351,-0.3901286835863841,-0.3900533134602912,-0.0707920067340104,-0.0707794411709386,0.3981509259006736,0.3981967940501062,0.0006197346742118,0.0006196624865274,0.0006171434139363,0.0006170716032702,-2.591260275440921e-06,-2.5908832572130044e-06,0,10
SHUFFLED_LAG_PM_PLACEBO_REPO,inflection_points,144886,10,91.26187392809196,92.08058094353198,91.11849776564624,91.9402786618501,-0.1433761624457332,-0.1403022816818775,0.0,0.0,0.441864638405367,0.4386055219375311,0.0006520767009518,0.0006379937231925,0.0006529679143698,0.000638809780927,8.912134179745277e-07,8.160577345352131e-07,2,8
SHUFFLED_LAG_PM_PLACEBO_REPO,high_within_block_dispersion,68970,10,119.73844719002835,122.86361107757104,119.60427233753938,122.74906256210409,-0.1341748524889819,-0.1145485154669488,0.0208856731905552,0.0196144455331236,0.3910685805422647,0.3803173857696834,0.0005624257377676,0.0005493088052003,0.0005686239436958,0.0005551224108426,6.19820592824201e-06,5.813605642246559e-06,3,7
SHUFFLED_LAG_PM_PLACEBO_REPO,recent_spike_position,125358,10,111.56735040397253,105.33910439227914,111.5312633098087,105.29554362902309,-0.0360870941638345,-0.043560763256047,0.0286151742769526,0.0311369459650679,0.4048086280891527,0.4248514365620343,0.000604703560893,0.0006431937101115,0.0006091827783179,0.0006480729005072,4.4792174248923525e-06,4.879190395653012e-06,5,5
SHUFFLED_LAG_PM_PLACEBO_REPO,older_spike_position,108871,10,97.68880882209947,98.68076381503928,97.43444156272852,98.42605014902875,-0.2543672593709669,-0.2547136660105145,0.0,0.0,0.4176226910747582,0.4139442736004559,0.0005680816717457,0.0005546263706483,0.0005701423444708,0.0005566876073936,2.060672725041184e-06,2.0612367453091662e-06,0,10
SHUFFLED_LAG_PM_PLACEBO_REPO,same_average_different_path,7396,10,117.33450948136952,112.14636049214155,117.37318180795138,112.21175371896967,0.038672326581893,0.0653932268281309,0.0,0.0,0.3746619794483504,0.3899039815068643,0.0005391404104308,0.0005379651649081,0.0005431003711606,0.0005415699959442,3.9599607298152255e-06,3.604831036115829e-06,5,5
SHUFFLED_LAG_PM_PLACEBO_REPO,recent_ramp_high_dispersion,24273,10,117.78095676433534,119.45765604883633,118.42814151699304,120.08678395816678,0.6471847526577439,0.6291279093304359,0.1745757283929527,0.1524707112389478,0.4541259836031804,0.4458366181142127,0.0007779882134014,0.0007801572742657,0.0007926212482415,0.0007943646335,1.4633034840089447e-05,1.420735923429169e-05,9,1
SHUFFLED_LAG_PM_PLACEBO_REPO,entry_with_recent_spike,43747,10,94.77411258913686,95.045796817938,94.99398856513228,95.26764048996782,0.2198759759954026,0.2218436720298098,0.0789568516558932,0.0774158409971476,0.4750040002743045,0.4737178385219867,0.0008220644861916,0.0008161353099912,0.0008304363649765,0.00082438172085,8.371878784902652e-06,8.246410858779275e-06,9,1
SHUFFLED_LAG_PM_PLACEBO_REPO,entry_without_recent_spike,29710,10,91.45319945452046,91.10690943623766,91.45069743088432,91.1003900671519,-0.0025020236361222,-0.0065193690857455,0.0177593334553274,0.0180786749065774,0.446650959272972,0.4478556910055233,0.0006484440246877,0.0006553203073724,0.0006476522732027,0.000654566307464,-7.91751485011533e-07,-7.539999084376151e-07,4,6
SHUFFLED_LAG_PM_PLACEBO_REPO,same_average_recent_front_loaded,14331,10,93.7390161468612,93.76004612604774,93.68336123788056,93.70714525852046,-0.0556549089806855,-0.0529008675272949,0.0079100542314404,0.0075267001558231,0.4447003000488451,0.4445919194499405,0.0006144378818579,0.0006149058111352,0.0006156989960013,0.0006161229138632,1.2611141433467724e-06,1.2171027279200705e-06,7,3
SHUFFLED_LAG_PM_PLACEBO_REPO,same_average_back_loaded,15559,10,115.7400213078502,110.2615920816477,115.58379315439636,110.08150215899892,-0.1562281534538171,-0.1800899226487638,-0.0232923469695072,-0.0255146295175969,0.3621055337746642,0.3778847869583913,0.0005252327302979,0.0005492413757273,0.0005277712465663,0.000551362993687,2.53851626840175e-06,2.121617959715521e-06,2,8
SHUFFLED_LAG_PM_PLACEBO_REPO,stable_low_dispersion,68968,10,80.19022014670263,80.41796831711784,79.91610745758304,80.15405136141791,-0.274112689119606,-0.2639169556999037,-0.0134223230056522,-0.0126155232779296,0.4530796891311913,0.4511999266025014,0.0006438761602998,0.0006191650824252,0.0006423459669195,0.0006177020358545,-1.5301933802141184e-06,-1.4630465706371568e-06,1,9
RANDOM_GATE_PLACEBO_REPO,all_observations,367248,10,101.05466663229907,101.05539021604622,100.86366051352246,100.864469325526,-0.1910061187766074,-0.1909208905202166,0.0,0.0,0.4100444386354724,0.4100463530396732,0.0005856617125166,0.000585633358291,0.0005861095985985,0.0005860814836972,4.478860818805851e-07,4.481254061745894e-07,0,10
RANDOM_GATE_PLACEBO_REPO,cluster_entry_loose,73457,10,93.52252140707893,93.5217473171334,93.56088920634404,93.5601466793833,0.0383677992651238,0.03839936224988,0.0043131092304314,0.0043141076353458,0.4448180568223586,0.4448247426148866,0.000753096630549,0.0007530767771063,0.0007565085518804,0.0007564891133133,3.411921331437203e-06,3.4123362070041226e-06,7,3
RANDOM_GATE_PLACEBO_REPO,cluster_entry_strict,73266,10,93.47831963722729,93.46556030086842,93.51351872126948,93.50077666255066,0.0351990840421956,0.0352163616822497,0.0041560240455095,0.0041495674259785,0.4448448120547048,0.4448778406175689,0.0007540776157251,0.0007541649363545,0.0007574764161019,0.0007575629505833,3.3988003768056783e-06,3.3980142288522336e-06,7,3
RANDOM_GATE_PLACEBO_REPO,cluster_exit_loose,73455,10,98.22182719168256,98.2229168718606,97.78270322300334,97.78394318646994,-0.439123968679224,-0.4389736853906738,0.001540371996497,0.0015406866149604,0.4135320944796133,0.4135348750407441,0.0006170178323226,0.0006169968289883,0.0006171643472766,0.0006171429768059,1.4651495399728354e-07,1.461478176056565e-07,0,10
RANDOM_GATE_PLACEBO_REPO,cluster_exit_strict,73334,10,98.15114545454568,98.13614498226067,97.71189561215212,97.69701415215351,-0.4392498423935478,-0.4391308301071587,0.0015824273645776,0.001582513682721,0.4138053290424632,0.4138464254419549,0.0006169836111295,0.000616912230693,0.0006171434139363,0.0006170716032702,1.5980280678894597e-07,1.5937257724329678e-07,0,10
RANDOM_GATE_PLACEBO_REPO,inflection_points,144886,10,91.32374542764497,92.144088654491,91.11849776564624,91.9402786618501,-0.2052476619987204,-0.2038099926409099,0.0,0.0,0.4363361539417197,0.4331053061579171,0.0006528936857108,0.0006387905946046,0.0006529679143698,0.000638809780927,7.422865893789478e-08,1.9186322445870223e-08,0,10
RANDOM_GATE_PLACEBO_REPO,high_within_block_dispersion,68970,10,119.84627542967516,122.97430742593676,119.60427233753938,122.74906256210409,-0.2420030921357819,-0.2252448638326262,0.0508765884557285,0.0477799333577287,0.3960417572857764,0.3851019884631381,0.0005605501573512,0.0005475064058222,0.0005686239436958,0.0005551224108426,8.073786344634944e-06,7.616005020307132e-06,3,7
RANDOM_GATE_PLACEBO_REPO,recent_spike_position,125358,10,111.5082801954466,105.26795322166237,111.5312633098087,105.29554362902309,0.0229831143621022,0.0275904073607288,0.0104820413581009,0.0114081409203251,0.3948132548381435,0.4139902950384645,0.0006060030661692,0.0006446117783905,0.0006091827783179,0.0006480729005072,3.1797121486995267e-06,3.4611221166331524e-06,7,3
RANDOM_GATE_PLACEBO_REPO,older_spike_position,108871,10,97.73557880247677,98.72237007292904,97.43444156272852,98.42605014902875,-0.3011372397482126,-0.2963199239003015,0.0061633603107786,0.0061662488549419,0.4182656538472136,0.4149290717230968,0.0005695074282956,0.0005560378502256,0.0005701423444708,0.0005566876073936,6.349161751671433e-07,6.497571680019596e-07,0,10
RANDOM_GATE_PLACEBO_REPO,same_average_different_path,7396,10,117.09090858501202,111.89372404760232,117.37318180795138,112.21175371896967,0.2822732229393581,0.3180296713673461,0.0139434859818227,0.0183844768067805,0.3908869659275284,0.4086834669735689,0.0005379379997396,0.0005364058809375,0.0005431003711606,0.0005415699959442,5.162371420981265e-06,5.164115006741489e-06,7,3
RANDOM_GATE_PLACEBO_REPO,recent_ramp_high_dispersion,24273,10,118.00340996662086,119.67790931642152,118.42814151699304,120.08678395816678,0.4247315503722078,0.4088746417452555,0.1124755181967893,0.0972148782262557,0.4312610719729741,0.4239600786313863,0.0007792540893825,0.0007811571249147,0.0007926212482415,0.0007943646335,1.336715885906282e-05,1.3207508585277847e-05,8,2
RANDOM_GATE_PLACEBO_REPO,entry_with_recent_spike,43747,10,94.73855455504922,95.01522265385611,94.99398856513228,95.26764048996782,0.255434010083055,0.2524178361117165,0.0447771525301716,0.04376239895508,0.4590943378974558,0.4577696301775849,0.0008219731520444,0.0008160513919727,0.0008304363649765,0.00082438172085,8.463212932057327e-06,8.330328877312853e-06,9,1
RANDOM_GATE_PLACEBO_REPO,entry_without_recent_spike,29710,10,91.73195250353616,91.3849085960601,91.45069743088432,91.1003900671519,-0.2812550726518075,-0.2845185289081798,-0.0350433653253585,-0.0362467291369522,0.4237967014473241,0.4249265051112963,0.0006516782129837,0.000658659351823,0.0006476522732027,0.000654566307464,-4.025939781061236e-06,-4.09304435908778e-06,2,8
RANDOM_GATE_PLACEBO_REPO,same_average_recent_front_loaded,14331,10,93.77137605186932,93.79786092150876,93.68336123788056,93.70714525852046,-0.0880148139887932,-0.0907156629882988,-0.0054562532311499,-0.0052549438881458,0.4248133417067894,0.4245301194806467,0.0006154783444684,0.0006159683303742,0.0006156989960013,0.0006161229138632,2.2065153283749798e-07,1.5458348899391333e-07,4,6
RANDOM_GATE_PLACEBO_REPO,same_average_back_loaded,15559,10,115.62926911370572,110.14758003439051,115.58379315439636,110.08150215899892,-0.0454759593093635,-0.0660778753916199,0.0088385781607489,0.0096100235921099,0.3708464554277267,0.3878876978476763,0.0005261041899001,0.0005498307034116,0.0005277712465663,0.000551362993687,1.6670566662674865e-06,1.5322902754235094e-06,5,5
RANDOM_GATE_PLACEBO_REPO,stable_low_dispersion,68968,10,80.15660491695814,80.39054563148133,79.91610745758304,80.15405136141791,-0.24049745937512,-0.2364942700634142,-0.0610005419447858,-0.0574901366712777,0.4367387774040134,0.4354144001221748,0.0006456947818366,0.0006208756959547,0.0006423459669195,0.0006177020358545,-3.348814917037404e-06,-3.1736601001810333e-06,0,10
RIDGE_AR22,all_observations,367248,10,101.36265601335433,101.36350481051878,100.86366051352246,100.864469325526,-0.4989954998318524,-0.4990354849927708,-0.0224113155151252,-0.0224160764776499,0.4092765651548817,0.4092759839444058,0.0005919817417397,0.00059195264305,0.0005861095985985,0.0005860814836972,-5.872143141182777e-06,-5.87115935288383e-06,2,8
RIDGE_AR22,cluster_entry_loose,73457,10,93.91212743647316,93.91152301335616,93.56088920634404,93.5601466793833,-0.3512382301291142,-0.3513763339728565,0.0,0.0,0.4390323590672094,0.4390348490197738,0.0007467276107858,0.0007467124508602,0.0007565085518804,0.0007564891133133,9.780941094551686e-06,9.77666245301527e-06,3,7
RIDGE_AR22,cluster_entry_strict,73266,10,93.86712311775528,93.85371318258936,93.51351872126948,93.50077666255066,-0.3536043964858135,-0.3529365200387092,0.0,0.0,0.439262413670734,0.4393053931144164,0.0007476051957776,0.0007476820541131,0.0007574764161019,0.0007575629505833,9.87122032426045e-06,9.8808964702601e-06,3,7
RIDGE_AR22,cluster_exit_loose,73455,10,99.39226148634368,99.3935470938124,97.78270322300334,97.78394318646994,-1.6095582633403314,-1.609603907342492,-0.2842366765912152,-0.2842947314679701,0.391831733714519,0.3918288607964815,0.000646197997016,0.000646174739519,0.0006171643472766,0.0006171429768059,-2.903364973948714e-05,-2.903176271318331e-05,3,7
RIDGE_AR22,cluster_exit_strict,73334,10,99.32283376984648,99.30883892746286,97.71189561215212,97.69701415215351,-1.610938157694351,-1.6118247753093429,-0.2845044179207335,-0.284433144787679,0.3920555267679385,0.3920731227712957,0.0006461434395895,0.0006460756356603,0.0006171434139363,0.0006170716032702,-2.900002565318077e-05,-2.9004032390035416e-05,3,7
RIDGE_AR22,inflection_points,144886,10,91.7622296685158,92.5562279558006,91.11849776564624,91.9402786618501,-0.6437319028695578,-0.6159492939505052,-0.0239992679388237,-0.0231825984037897,0.4333683033557418,0.4306603139783999,0.0006614808397642,0.0006471159920832,0.0006529679143698,0.000638809780927,-8.512925394472892e-06,-8.306211156220228e-06,2,8
RIDGE_AR22,high_within_block_dispersion,68970,10,122.14731932963592,125.17235328297416,119.60427233753938,122.74906256210409,-2.543046992096577,-2.4232907208700656,-0.3783267934902813,-0.3553042737194055,0.3228650137741047,0.316309646495943,0.0006082278969831,0.0005924739799511,0.0005686239436958,0.0005551224108426,-3.960395328729751e-05,-3.735156910848917e-05,2,8
RIDGE_AR22,recent_spike_position,125358,10,111.4356066394377,105.18086586546974,111.5312633098087,105.29554362902309,0.0956566703709998,0.1146777635533244,0.0354997114211172,0.0386400349425059,0.4024234592128144,0.4204043811656616,0.0005964523056344,0.0006339572656901,0.0006091827783179,0.0006480729005072,1.2730472683522964e-05,1.4115634817056996e-05,5,5
RIDGE_AR22,older_spike_position,108871,10,98.07896961806595,99.059646003373,97.43444156272852,98.42605014902875,-0.6445280553374265,-0.6335958543442335,-0.0813156806497034,-0.0819705522880184,0.4101367673668837,0.4068018330198635,0.0005808399485294,0.000567052750732,0.0005701423444708,0.0005566876073936,-1.0697604058659136e-05,-1.0365143338454184e-05,3,7
RIDGE_AR22,same_average_different_path,7396,10,119.22971732208404,114.3340830159037,117.37318180795138,112.21175371896967,-1.8565355141326536,-2.122329296934031,-0.5296254523711381,-0.6192815324325878,0.3311249323958897,0.3387905719200036,0.0005694707427912,0.0005706233141145,0.0005431003711606,0.0005415699959442,-2.637037163067436e-05,-2.905331817029593e-05,0,10
RIDGE_AR22,recent_ramp_high_dispersion,24273,10,118.85659890082415,120.50153245431338,118.42814151699304,120.08678395816678,-0.4284573838310969,-0.4147484961466361,-0.0267219587019336,-0.0267032071033526,0.3838833271536275,0.377180806968429,0.0007713764697295,0.0007729388622578,0.0007926212482415,0.0007943646335,2.124477851203997e-05,2.142577124220578e-05,4,6
RIDGE_AR22,entry_with_recent_spike,43747,10,94.65173471577272,94.9444215264694,94.99398856513228,95.26764048996782,0.3422538493595389,0.3232189634984121,0.2178016328251231,0.2138786207629273,0.4547969003588817,0.4534150207751738,0.0007930445598577,0.0007872636471727,0.0008304363649765,0.00082438172085,3.739180511873945e-05,3.711807367732794e-05,5,5
RIDGE_AR22,entry_without_recent_spike,29710,10,92.82307998956917,92.51067115355151,91.45069743088432,91.1003900671519,-1.3723825586848228,-1.4102810863995945,-0.2214244350656964,-0.2292467232065639,0.4158195893638505,0.4163713504820751,0.0006785274232716,0.0006859227065101,0.0006476522732027,0.000654566307464,-3.087515006889974e-05,-3.135639904617443e-05,2,8
RIDGE_AR22,same_average_recent_front_loaded,14331,10,94.18085995637,94.2133214686669,93.68336123788056,93.70714525852046,-0.4974987184894768,-0.5061762101464662,0.0416163769477469,0.0400809340079409,0.4354894982904194,0.4352240833280285,0.0006156974197348,0.0006161007732746,0.0006156989960013,0.0006161229138632,1.576266490331307e-09,2.214058854539982e-08,3,7
RIDGE_AR22,same_average_back_loaded,15559,10,116.16750091716447,110.7179857535944,115.58379315439636,110.08150215899892,-0.5837077627680802,-0.63648359459545,-0.089670854547002,-0.0980641764409433,0.3528504402596567,0.3698648058689654,0.0005387599133667,0.0005630655211911,0.0005277712465663,0.000551362993687,-1.098866680036525e-05,-1.170252750414397e-05,3,7
RIDGE_AR22,stable_low_dispersion,68968,10,79.53572493974261,79.77856298383969,79.91610745758304,80.15405136141791,0.380382517840408,0.3754883775782394,0.0400567920989782,0.0388183415291024,0.4871969609094073,0.4842679552904737,0.0006318456309032,0.0006076482657108,0.0006423459669195,0.0006177020358545,1.0500336016297304e-05,1.0053770143747003e-05,9,1
CP_REPO_OPS_K,all_observations,367248,10,100.94716442622604,100.94791896754438,100.86366051352246,100.864469325526,-0.0835039127036106,-0.083449642018398,0.0024792412394457,0.002479767918686,0.4195992898531782,0.4196034245737228,0.0005861460899375,0.0005861178075594,0.0005861095985985,0.0005860814836972,-3.649133896517311e-08,-3.6323862271352613e-08,0,10
CP_REPO_OPS_K,cluster_entry_loose,73457,10,93.75591114896766,93.75509866269712,93.56088920634404,93.5601466793833,-0.1950219426236147,-0.1949519833138381,0.0,0.0,0.4341995997658494,0.4342076005434081,0.0007591762093977,0.0007591558259758,0.0007565085518804,0.0007564891133133,-2.667657517350166e-06,-2.666712662507177e-06,1,9
CP_REPO_OPS_K,cluster_entry_strict,73266,10,93.70692927028088,93.69412933953856,93.51351872126948,93.50077666255066,-0.1934105490113921,-0.1933526769878925,0.0,0.0,0.4344443534518057,0.43447701042527,0.0007601357564542,0.0007602226515251,0.0007574764161019,0.0007575629505833,-2.6593403523562404e-06,-2.659700941706803e-06,1,9
CP_REPO_OPS_K,cluster_exit_loose,73455,10,97.84619377306144,97.84739997632202,97.78270322300334,97.78394318646994,-0.063490550058093,-0.0634567898521179,0.0029354545227567,0.0029360540845464,0.4260295418963991,0.4260308783340304,0.0006167007183347,0.0006166795312204,0.0006171643472766,0.0006171429768059,4.636289418082125e-07,4.63445585479106e-07,1,9
CP_REPO_OPS_K,cluster_exit_strict,73334,10,97.7754828577768,97.76057467589897,97.71189561215212,97.69701415215351,-0.063587245624683,-0.0635605237454496,0.0029049275650676,0.0029050860228647,0.426255215861674,0.4263093323965063,0.0006166857223863,0.0006166138602508,0.0006171434139363,0.0006170716032702,4.57691550070671e-07,4.577430194422942e-07,1,9
CP_REPO_OPS_K,inflection_points,144886,10,91.26198396070323,92.08656462837352,91.11849776564624,91.9402786618501,-0.1434861950569951,-0.1462859665233847,0.0009496578426559,0.0009173419974068,0.4432243280924313,0.4394100828045827,0.0006544303684598,0.000640278044557,0.0006529679143698,0.000638809780927,-1.4624540900572746e-06,-1.4682636299430603e-06,0,10
CP_REPO_OPS_K,high_within_block_dispersion,68970,10,119.78987234758232,122.9183353341895,119.60427233753938,122.74906256210409,-0.1856000100429708,-0.1692727720854078,0.0113335072399704,0.0106436818401519,0.3798753081049731,0.3696641607871501,0.0005699979485152,0.000556438973007,0.0005686239436958,0.0005551224108426,-1.37400481936681e-06,-1.3165621644871649e-06,1,9
CP_REPO_OPS_K,recent_spike_position,125358,10,111.5129477492724,105.2719089443702,111.5312633098087,105.29554362902309,0.0183155605362833,0.0236346846528802,0.0141408082961939,0.0153878629648325,0.4016097895626924,0.4217358654407643,0.0006071464249975,0.0006459033513046,0.0006091827783179,0.0006480729005072,2.036353320490512e-06,2.1695492025560904e-06,8,2
CP_REPO_OPS_K,older_spike_position,108871,10,97.50188379205116,98.49363996659338,97.43444156272852,98.42605014902875,-0.0674422293226413,-0.067589817564619,0.001788910477634,0.0017897488753032,0.4260363182114612,0.4221638349143296,0.0005698457272479,0.0005564225409333,0.0005701423444708,0.0005566876073936,2.966172228770768e-07,2.650664602504353e-07,1,9
CP_REPO_OPS_K,same_average_different_path,7396,10,117.4228508759175,112.2408843309042,117.37318180795138,112.21175371896967,-0.0496690679661002,-0.0291306119345319,0.0102954890289164,0.0138951527112894,0.3895348837209302,0.4071324456636147,0.0005431894723453,0.0005415143598644,0.0005431003711606,0.0005415699959442,-8.910118468811604e-08,5.5636079801763183e-08,5,5
CP_REPO_OPS_K,recent_ramp_high_dispersion,24273,10,118.71748156695844,120.35699201709744,118.42814151699304,120.08678395816678,-0.2893400499653917,-0.2702080589306869,0.0087779845431152,0.0073674971927743,0.3922053310262431,0.385811842692669,0.0007984447998756,0.0008000599621555,0.0007926212482415,0.0007943646335,-5.823551634060803e-06,-5.695328655503536e-06,1,9
CP_REPO_OPS_K,entry_with_recent_spike,43747,10,94.92815372082336,95.20272600571592,94.99398856513228,95.26764048996782,0.0658348443089076,0.0649144842518894,0.0206680394131094,0.0202145903346126,0.4523510183555443,0.4511091074115403,0.0008269241627952,0.0008209123723594,0.0008304363649765,0.00082438172085,3.512202181257528e-06,3.469348490638798e-06,6,4
CP_REPO_OPS_K,entry_without_recent_spike,29710,10,92.02982243166808,91.68474809058776,91.45069743088432,91.1003900671519,-0.5791250007837309,-0.5843580234358555,-0.0359197915632399,-0.0372622694134825,0.4074722315718613,0.4083841476393678,0.0006594195713203,0.0006665333237076,0.0006476522732027,0.000654566307464,-1.1767298117652784e-05,-1.1967016243634134e-05,1,9
CP_REPO_OPS_K,same_average_recent_front_loaded,14331,10,93.85307847709102,93.87896841831208,93.68336123788056,93.70714525852046,-0.1697172392104815,-0.1718231597916335,-0.0061894696446202,-0.0059611081637804,0.4269764845439955,0.426812044702771,0.0006169670877551,0.0006174258503934,0.0006156989960013,0.0006161229138632,-1.2680917538936014e-06,-1.302936530216536e-06,1,9
CP_REPO_OPS_K,same_average_back_loaded,15559,10,115.55051254006888,110.04840221152472,115.58379315439636,110.08150215899892,0.0332806143275176,0.0330999474741976,0.001763450791946,0.0019173676360509,0.3919917732502089,0.4106036178353119,0.0005266895554636,0.0005502986207728,0.0005277712465663,0.000551362993687,1.0816911027705354e-06,1.0643729141920534e-06,7,3
CP_REPO_OPS_K,stable_low_dispersion,68968,10,79.98595395720298,80.22914335920319,79.91610745758304,80.15405136141791,-0.0698464996199637,-0.0750919977852629,0.0052820681718648,0.0049636160997906,0.473871940610138,0.4701099958737877,0.0006420582522483,0.0006174629215353,0.0006423459669195,0.0006177020358545,2.877146712185441e-07,2.391143191820022e-07,2,8
