timestamp,open,high,low,close,volume
2023-07-10 09:35:00-0400,43.58,43.58,43.58,43.58,0.0
2023-07-10 09:40:00-0400,43.58,43.58,43.58,43.58,0.0
2023-07-10 09:45:00-0400,43.58,43.58,43.58,43.58,0.0
2023-07-10 09:50:00-0400,43.58,43.58,43.58,43.58,0.0
2023-07-10 09:55:00-0400,43.58,43.58,43.58,43.58,0.0
2023-07-10 10:00:00-0400,43.58,43.58,43.58,43.58,0.0
2023-07-10 10:05:00-0400,43.58,43.58,43.58,43.58,0.0
2023-07-10 10:10:00-0400,43.58,43.58,43.58,43.58,0.0
2023-07-10 10:15:00-0400,43.58,43.58,43.58,43.58,0.0
2023-07-10 10:20:00-0400,43.58,43.58,43.58,43.58,0.0
2023-07-10 10:25:00-0400,43.58,43.58,43.58,43.58,0.0
2023-07-10 10:30:00-0400,43.58,43.58,43.58,43.58,0.0
2023-07-10 10:35:00-0400,43.58,43.58,43.58,43.58,0.0
2023-07-10 10:40:00-0400,43.58,43.58,43.58,43.58,0.0
2023-07-10 10:45:00-0400,43.58,43.58,43.58,43.58,0.0
2023-07-10 10:50:00-0400,43.58,43.58,43.58,43.58,0.0
2023-07-10 10:55:00-0400,43.58,43.58,43.58,43.58,0.0
2023-07-10 11:00:00-0400,43.58,43.58,43.58,43.58,0.0
2023-07-10 11:05:00-0400,43.58,43.58,43.58,43.58,0.0
2023-07-10 11:10:00-0400,43.58,43.58,43.5,43.5,250.0
2023-07-10 11:15:00-0400,43.5,43.5,43.5,43.5,0.0
2023-07-10 11:20:00-0400,43.5,43.5,43.5,43.5,0.0
2023-07-10 11:25:00-0400,43.5,43.5,43.5,43.5,0.0
2023-07-10 11:30:00-0400,43.5,43.5,43.5,43.5,0.0
2023-07-10 11:35:00-0400,43.5,43.5,43.5,43.5,0.0
2023-07-10 11:40:00-0400,43.5,43.5,43.5,43.5,0.0
2023-07-10 11:45:00-0400,43.5,43.5,43.5,43.5,0.0
2023-07-10 11:50:00-0400,43.5,43.5,43.5,43.5,0.0
2023-07-10 11:55:00-0400,43.5,43.5,43.5,43.5,0.0
2023-07-10 12:00:00-0400,43.5,43.5,43.5,43.5,0.0
2023-07-10 12:05:00-0400,43.5,43.5,43.5,43.5,0.0
2023-07-10 12:10:00-0400,43.5,43.5,43.5,43.5,0.0
2023-07-10 12:15:00-0400,43.5,43.5,43.5,43.5,0.0
2023-07-10 12:20:00-0400,43.5,43.5,43.5,43.5,0.0
2023-07-10 12:25:00-0400,43.5,43.5,43.5,43.5,0.0
2023-07-10 12:30:00-0400,43.5,43.59,43.5,43.59,300.0
2023-07-10 12:35:00-0400,43.59,43.59,43.59,43.59,0.0
2023-07-10 12:40:00-0400,43.59,43.59,43.59,43.59,0.0
2023-07-10 12:45:00-0400,43.59,43.59,43.59,43.59,100.0
2023-07-10 12:50:00-0400,43.59,43.59,43.59,43.59,0.0
2023-07-10 12:55:00-0400,43.59,43.59,43.59,43.59,0.0
2023-07-10 13:00:00-0400,43.59,43.59,43.59,43.59,0.0
2023-07-10 13:05:00-0400,43.59,43.59,43.59,43.59,0.0
2023-07-10 13:10:00-0400,43.59,43.59,43.59,43.59,0.0
2023-07-10 13:15:00-0400,43.59,43.59,43.59,43.59,0.0
2023-07-10 13:20:00-0400,43.59,43.59,43.59,43.59,0.0
2023-07-10 13:25:00-0400,43.59,43.59,43.54,43.54,367.0
2023-07-10 13:30:00-0400,43.54,43.55,43.48,43.52,35104.0
2023-07-10 13:35:00-0400,43.515,43.56,43.51,43.555,32095.0
2023-07-10 13:40:00-0400,43.555,43.56,43.535,43.545,31871.0
2023-07-10 13:45:00-0400,43.55,43.555,43.53,43.555,26515.0
2023-07-10 13:50:00-0400,43.56,43.575,43.545,43.565,14384.0
2023-07-10 13:55:00-0400,43.565,43.585,43.555,43.57,40218.0
2023-07-10 14:00:00-0400,43.57,43.59,43.57,43.585,85130.0
2023-07-10 14:05:00-0400,43.585,43.625,43.58,43.625,174392.0
2023-07-10 14:10:00-0400,43.62,43.6499,43.62,43.635,98998.0
2023-07-10 14:15:00-0400,43.635,43.64,43.62,43.635,58014.0
2023-07-10 14:20:00-0400,43.635,43.6399,43.605,43.62,12012.0
2023-07-10 14:25:00-0400,43.615,43.62,43.61,43.615,4122.0
2023-07-10 14:30:00-0400,43.615,43.6175,43.6045,43.605,6120.0
2023-07-10 14:35:00-0400,43.6,43.6,43.58,43.58,16967.0
2023-07-10 14:40:00-0400,43.585,43.59,43.575,43.5864,6074.0
2023-07-10 14:45:00-0400,43.5875,43.595,43.5798,43.595,11395.0
2023-07-10 14:50:00-0400,43.595,43.605,43.595,43.605,3222.0
2023-07-10 14:55:00-0400,43.6,43.605,43.59,43.6,8720.0
2023-07-10 15:00:00-0400,43.6,43.6,43.5814,43.59,6756.0
2023-07-10 15:05:00-0400,43.59,43.6,43.5857,43.6,11087.0
2023-07-10 15:10:00-0400,43.61,43.61,43.59,43.59,9462.0
2023-07-10 15:15:00-0400,43.59,43.605,43.585,43.6,9993.0
2023-07-10 15:20:00-0400,43.6,43.6099,43.6,43.605,8406.0
2023-07-10 15:25:00-0400,43.605,43.615,43.6039,43.615,9010.0
2023-07-10 15:30:00-0400,43.615,43.615,43.6,43.605,18316.0
2023-07-10 15:35:00-0400,43.605,43.605,43.59,43.59,18327.0
2023-07-10 15:40:00-0400,43.595,43.6,43.59,43.6,11223.0
2023-07-10 15:45:00-0400,43.6,43.6,43.585,43.5861,9341.0
2023-07-10 15:50:00-0400,43.58,43.59,43.575,43.59,15483.0
2023-07-10 15:55:00-0400,43.59,43.6199,43.59,43.6199,20302.0
2023-07-10 16:00:00-0400,43.62,43.62,43.61,43.61,6491.0
2023-07-11 09:35:00-0400,43.61,43.61,43.61,43.61,0.0
2023-07-11 09:40:00-0400,43.61,43.61,43.61,43.61,0.0
2023-07-11 09:45:00-0400,43.61,43.61,43.61,43.61,0.0
2023-07-11 09:50:00-0400,43.61,43.61,43.61,43.61,0.0
2023-07-11 09:55:00-0400,43.61,43.61,43.61,43.61,0.0
2023-07-11 10:00:00-0400,43.61,43.61,43.61,43.61,0.0
2023-07-11 10:05:00-0400,43.61,43.61,43.61,43.61,0.0
2023-07-11 10:10:00-0400,43.61,43.61,43.61,43.61,0.0
2023-07-11 10:15:00-0400,43.61,43.61,43.61,43.61,0.0
2023-07-11 10:20:00-0400,43.61,43.61,43.61,43.61,0.0
2023-07-11 10:25:00-0400,43.61,43.61,43.61,43.61,0.0
2023-07-11 10:30:00-0400,43.61,43.61,43.61,43.61,0.0
2023-07-11 10:35:00-0400,43.61,43.61,43.61,43.61,0.0
2023-07-11 10:40:00-0400,43.61,43.61,43.61,43.61,0.0
2023-07-11 10:45:00-0400,43.61,43.61,43.61,43.61,0.0
2023-07-11 10:50:00-0400,43.61,43.61,43.61,43.61,0.0
2023-07-11 10:55:00-0400,43.61,43.61,43.61,43.61,0.0
2023-07-11 11:00:00-0400,43.61,43.61,43.61,43.61,0.0
2023-07-11 11:05:00-0400,43.61,43.61,43.61,43.61,0.0
2023-07-11 11:10:00-0400,43.61,43.61,43.61,43.61,0.0
2023-07-11 11:15:00-0400,43.7,43.71,43.7,43.71,253.0
2023-07-11 11:20:00-0400,43.71,43.71,43.71,43.71,0.0
2023-07-11 11:25:00-0400,43.71,43.71,43.71,43.71,0.0
2023-07-11 11:30:00-0400,43.71,43.71,43.71,43.71,0.0
2023-07-11 11:35:00-0400,43.71,43.71,43.71,43.71,0.0
2023-07-11 11:40:00-0400,43.71,43.71,43.71,43.71,0.0
2023-07-11 11:45:00-0400,43.71,43.71,43.71,43.71,0.0
2023-07-11 11:50:00-0400,43.76,43.76,43.76,43.76,100.0
2023-07-11 11:55:00-0400,43.76,43.76,43.76,43.76,0.0
2023-07-11 12:00:00-0400,43.76,43.76,43.76,43.76,0.0
2023-07-11 12:05:00-0400,42.33,42.33,42.33,42.33,366.0
2023-07-11 12:10:00-0400,42.33,43.8,42.33,43.8,359.0
2023-07-11 12:15:00-0400,43.8,43.8,43.8,43.8,800.0
2023-07-11 12:20:00-0400,43.85,43.85,43.85,43.85,751.0
2023-07-11 12:25:00-0400,43.85,43.85,43.82,43.82,200.0
2023-07-11 12:30:00-0400,43.82,43.82,43.82,43.82,0.0
2023-07-11 12:35:00-0400,43.82,43.86,43.82,43.86,1700.0
2023-07-11 12:40:00-0400,43.86,43.86,43.86,43.86,0.0
2023-07-11 12:45:00-0400,43.86,43.91,43.86,43.91,1158.0
2023-07-11 12:50:00-0400,43.91,43.91,43.91,43.91,0.0
2023-07-11 12:55:00-0400,43.91,43.91,43.91,43.91,0.0
2023-07-11 13:00:00-0400,43.91,43.91,43.91,43.91,0.0
2023-07-11 13:05:00-0400,43.91,43.91,43.91,43.91,0.0
2023-07-11 13:10:00-0400,43.91,43.91,43.91,43.91,0.0
2023-07-11 13:15:00-0400,43.91,43.91,43.91,43.91,0.0
2023-07-11 13:20:00-0400,43.91,43.91,43.91,43.91,250.0
2023-07-11 13:25:00-0400,43.91,43.93,43.8,43.92,3585.0
2023-07-11 13:30:00-0400,43.92,43.92,43.88,43.91,47775.0
2023-07-11 13:35:00-0400,43.91,43.91,43.8901,43.905,23713.0
2023-07-11 13:40:00-0400,43.9,43.91,43.895,43.895,43115.0
2023-07-11 13:45:00-0400,43.89,43.8956,43.8527,43.855,44386.0
2023-07-11 13:50:00-0400,43.855,43.86,43.8495,43.8495,20850.0
2023-07-11 13:55:00-0400,43.85,43.86,43.845,43.86,9176.0
2023-07-11 14:00:00-0400,43.86,43.86,43.85,43.85,22346.0
2023-07-11 14:05:00-0400,43.85,43.85,43.805,43.81,54239.0
2023-07-11 14:10:00-0400,43.81,43.81,43.8,43.805,26596.0
2023-07-11 14:15:00-0400,43.805,43.82,43.8,43.815,37742.0
2023-07-11 14:20:00-0400,43.815,43.85,43.815,43.85,30154.0
2023-07-11 14:25:00-0400,43.85,43.86,43.85,43.8562,23221.0
2023-07-11 14:30:00-0400,43.8528,43.88,43.8528,43.87,67972.0
2023-07-11 14:35:00-0400,43.87,43.87,43.855,43.855,23327.0
2023-07-11 14:40:00-0400,43.855,43.86,43.855,43.86,18998.0
2023-07-11 14:45:00-0400,43.855,43.8772,43.855,43.8772,29030.0
2023-07-11 14:50:00-0400,43.88,43.89,43.88,43.88,12601.0
2023-07-11 14:55:00-0400,43.875,43.8752,43.86,43.86,6498.0
2023-07-11 15:00:00-0400,43.8668,43.87,43.86,43.87,5802.0
2023-07-11 15:05:00-0400,43.875,43.88,43.87,43.88,6733.0
2023-07-11 15:10:00-0400,43.88,43.88,43.865,43.875,17354.0
2023-07-11 15:15:00-0400,43.88,43.895,43.875,43.895,16967.0
2023-07-11 15:20:00-0400,43.89,43.89,43.88,43.88,10933.0
2023-07-11 15:25:00-0400,43.885,43.885,43.885,43.885,2222.0
2023-07-11 15:30:00-0400,43.88,43.88,43.87,43.875,12811.0
2023-07-11 15:35:00-0400,43.875,43.88,43.8707,43.875,11475.0
2023-07-11 15:40:00-0400,43.875,43.895,43.875,43.895,45008.0
2023-07-11 15:45:00-0400,43.89,43.8921,43.88,43.8899,8433.0
2023-07-11 15:50:00-0400,43.885,43.8999,43.88,43.895,4586.0
2023-07-11 15:55:00-0400,43.895,43.9099,43.895,43.9099,6459.0
2023-07-11 16:00:00-0400,43.905,43.91,43.9001,43.91,4353.0
2023-07-12 09:35:00-0400,43.91,43.91,43.91,43.91,0.0
2023-07-12 09:40:00-0400,43.91,43.91,43.91,43.91,0.0
2023-07-12 09:45:00-0400,43.91,43.91,43.91,43.91,0.0
2023-07-12 09:50:00-0400,43.91,43.91,43.91,43.91,0.0
2023-07-12 09:55:00-0400,43.91,43.91,43.91,43.91,0.0
2023-07-12 10:00:00-0400,43.91,43.91,43.91,43.91,0.0
2023-07-12 10:05:00-0400,43.91,43.91,43.91,43.91,0.0
2023-07-12 10:10:00-0400,43.91,43.91,43.91,43.91,0.0
2023-07-12 10:15:00-0400,43.91,43.91,43.91,43.91,0.0
2023-07-12 10:20:00-0400,43.91,43.91,43.91,43.91,0.0
2023-07-12 10:25:00-0400,43.91,43.91,43.91,43.91,0.0
2023-07-12 10:30:00-0400,43.91,43.91,43.91,43.91,0.0
2023-07-12 10:35:00-0400,43.91,43.91,43.91,43.91,0.0
2023-07-12 10:40:00-0400,43.91,43.91,43.91,43.91,0.0
2023-07-12 10:45:00-0400,43.91,43.91,43.91,43.91,0.0
2023-07-12 10:50:00-0400,43.91,43.91,43.91,43.91,0.0
2023-07-12 10:55:00-0400,43.91,43.91,43.91,43.91,0.0
2023-07-12 11:00:00-0400,43.91,43.91,43.91,43.91,0.0
2023-07-12 11:05:00-0400,43.91,43.91,43.91,43.91,0.0
2023-07-12 11:10:00-0400,43.81,43.81,43.81,43.81,2020.0
2023-07-12 11:15:00-0400,43.81,43.81,43.81,43.81,0.0
2023-07-12 11:20:00-0400,43.81,43.81,43.81,43.81,0.0
2023-07-12 11:25:00-0400,43.81,43.81,43.81,43.81,0.0
2023-07-12 11:30:00-0400,43.81,43.81,43.81,43.81,0.0
2023-07-12 11:35:00-0400,43.81,43.81,43.81,43.81,0.0
2023-07-12 11:40:00-0400,43.81,43.81,43.81,43.81,0.0
2023-07-12 11:45:00-0400,43.88,43.88,43.88,43.88,800.0
2023-07-12 11:50:00-0400,43.88,43.88,43.88,43.88,0.0
2023-07-12 11:55:00-0400,43.88,43.88,43.88,43.88,0.0
2023-07-12 12:00:00-0400,43.88,43.89,43.88,43.89,637.0
2023-07-12 12:05:00-0400,43.89,43.89,43.89,43.89,0.0
2023-07-12 12:10:00-0400,43.89,43.89,43.89,43.89,0.0
2023-07-12 12:15:00-0400,43.89,43.89,43.89,43.89,0.0
2023-07-12 12:20:00-0400,43.89,43.89,43.86,43.86,105.0
2023-07-12 12:25:00-0400,43.86,43.86,43.86,43.86,0.0
2023-07-12 12:30:00-0400,43.86,43.86,43.86,43.86,0.0
2023-07-12 12:35:00-0400,43.86,43.86,43.86,43.86,0.0
2023-07-12 12:40:00-0400,44.0,44.0,44.0,44.0,298.0
2023-07-12 12:45:00-0400,44.0,44.0,44.0,44.0,0.0
2023-07-12 12:50:00-0400,44.0,44.0,44.0,44.0,0.0
2023-07-12 12:55:00-0400,44.0,44.0,44.0,44.0,0.0
2023-07-12 13:00:00-0400,44.0,44.0,44.0,44.0,0.0
2023-07-12 13:05:00-0400,44.01,44.01,44.0,44.01,632.0
2023-07-12 13:10:00-0400,44.09,44.09,44.09,44.09,101.0
2023-07-12 13:15:00-0400,44.09,44.09,44.09,44.09,0.0
2023-07-12 13:20:00-0400,44.09,44.09,44.09,44.09,0.0
2023-07-12 13:25:00-0400,44.09,44.09,44.09,44.09,0.0
2023-07-12 13:30:00-0400,44.09,44.1019,44.055,44.085,18651.0
2023-07-12 13:35:00-0400,44.085,44.125,44.085,44.125,46348.0
2023-07-12 13:40:00-0400,44.1292,44.14,44.11,44.12,316915.0
2023-07-12 13:45:00-0400,44.12,44.135,44.11,44.115,75643.0
2023-07-12 13:50:00-0400,44.115,44.14,44.1121,44.135,36108.0
2023-07-12 13:55:00-0400,44.135,44.16,44.13,44.155,194759.0
2023-07-12 14:00:00-0400,44.155,44.17,44.15,44.15,28965.0
2023-07-12 14:05:00-0400,44.15,44.18,44.15,44.1725,16280.0
2023-07-12 14:10:00-0400,44.17,44.199,44.17,44.199,17945.0
2023-07-12 14:15:00-0400,44.19,44.215,44.19,44.2101,20036.0
2023-07-12 14:20:00-0400,44.21,44.24,44.202,44.24,71280.0
2023-07-12 14:25:00-0400,44.235,44.25,44.18,44.18,158614.0
2023-07-12 14:30:00-0400,44.185,44.22,44.185,44.215,29097.0
2023-07-12 14:35:00-0400,44.215,44.23,44.215,44.22,64302.0
2023-07-12 14:40:00-0400,44.22,44.25,44.22,44.25,48623.0
2023-07-12 14:45:00-0400,44.255,44.28,44.255,44.275,29057.0
2023-07-12 14:50:00-0400,44.27,44.29,44.27,44.275,33393.0
2023-07-12 14:55:00-0400,44.28,44.29,44.275,44.28,46742.0
2023-07-12 15:00:00-0400,44.285,44.3,44.28,44.3,13929.0
2023-07-12 15:05:00-0400,44.295,44.31,44.28,44.285,38935.0
2023-07-12 15:10:00-0400,44.28,44.28,44.26,44.26,29668.0
2023-07-12 15:15:00-0400,44.26,44.27,44.25,44.26,15020.0
2023-07-12 15:20:00-0400,44.265,44.28,44.26,44.28,11203.0
2023-07-12 15:25:00-0400,44.275,44.2899,44.27,44.28,18830.0
2023-07-12 15:30:00-0400,44.29,44.29,44.28,44.28,20308.0
2023-07-12 15:35:00-0400,44.28,44.295,44.28,44.28,56278.0
2023-07-12 15:40:00-0400,44.28,44.289,44.225,44.23,73591.0
2023-07-12 15:45:00-0400,44.22,44.22,44.195,44.205,60600.0
2023-07-12 15:50:00-0400,44.205,44.22,44.205,44.215,25747.0
2023-07-12 15:55:00-0400,44.215,44.2299,44.2,44.22,33945.0
2023-07-12 16:00:00-0400,44.21,44.215,44.19,44.19,37532.0
2023-07-13 09:35:00-0400,44.19,44.19,44.19,44.19,0.0
2023-07-13 09:40:00-0400,44.19,44.19,44.19,44.19,0.0
2023-07-13 09:45:00-0400,44.19,44.19,44.19,44.19,0.0
2023-07-13 09:50:00-0400,44.19,44.19,44.19,44.19,0.0
2023-07-13 09:55:00-0400,44.19,44.19,44.19,44.19,0.0
2023-07-13 10:00:00-0400,44.19,44.19,44.19,44.19,0.0
2023-07-13 10:05:00-0400,44.19,44.19,44.19,44.19,0.0
2023-07-13 10:10:00-0400,44.19,44.19,44.19,44.19,0.0
2023-07-13 10:15:00-0400,44.19,44.19,44.19,44.19,0.0
2023-07-13 10:20:00-0400,44.19,44.19,44.19,44.19,0.0
2023-07-13 10:25:00-0400,44.19,44.19,44.19,44.19,0.0
2023-07-13 10:30:00-0400,44.19,44.19,44.19,44.19,0.0
2023-07-13 10:35:00-0400,44.19,44.19,44.19,44.19,0.0
2023-07-13 10:40:00-0400,44.19,44.19,44.19,44.19,0.0
2023-07-13 10:45:00-0400,44.19,44.19,44.19,44.19,0.0
2023-07-13 10:50:00-0400,44.19,44.19,44.19,44.19,0.0
2023-07-13 10:55:00-0400,44.19,44.19,44.19,44.19,0.0
2023-07-13 11:00:00-0400,44.19,44.19,44.19,44.19,0.0
2023-07-13 11:05:00-0400,44.19,44.19,44.19,44.19,0.0
2023-07-13 11:10:00-0400,44.19,44.19,44.19,44.19,0.0
2023-07-13 11:15:00-0400,44.19,44.19,44.19,44.19,0.0
2023-07-13 11:20:00-0400,44.19,44.19,44.19,44.19,0.0
2023-07-13 11:25:00-0400,44.19,44.19,44.19,44.19,0.0
2023-07-13 11:30:00-0400,44.19,44.19,44.19,44.19,0.0
2023-07-13 11:35:00-0400,44.19,44.19,44.19,44.19,0.0
2023-07-13 11:40:00-0400,44.19,44.19,44.1,44.1,716.0
2023-07-13 11:45:00-0400,44.1,44.1,44.1,44.1,0.0
2023-07-13 11:50:00-0400,44.1,44.1,44.1,44.1,0.0
2023-07-13 11:55:00-0400,44.1,44.1,44.1,44.1,0.0
2023-07-13 12:00:00-0400,44.1,44.1,44.1,44.1,0.0
2023-07-13 12:05:00-0400,44.1,44.1,44.1,44.1,0.0
2023-07-13 12:10:00-0400,44.1,44.1,44.1,44.1,0.0
2023-07-13 12:15:00-0400,44.1,44.17,44.1,44.17,150.0
2023-07-13 12:20:00-0400,44.17,44.17,44.17,44.17,0.0
2023-07-13 12:25:00-0400,44.17,44.17,44.17,44.17,0.0
2023-07-13 12:30:00-0400,44.17,44.29,44.05,44.1,6322.0
2023-07-13 12:35:00-0400,44.1,44.1,44.1,44.1,0.0
2023-07-13 12:40:00-0400,44.06,44.06,44.05,44.05,3351.0
2023-07-13 12:45:00-0400,44.05,44.05,44.05,44.05,1110.0
2023-07-13 12:50:00-0400,44.05,44.05,44.05,44.05,882.0
2023-07-13 12:55:00-0400,44.05,44.05,44.05,44.05,0.0
2023-07-13 13:00:00-0400,44.05,44.05,44.05,44.05,0.0
2023-07-13 13:05:00-0400,44.05,44.05,44.05,44.05,0.0
2023-07-13 13:10:00-0400,44.05,44.05,44.05,44.05,0.0
2023-07-13 13:15:00-0400,44.05,44.05,44.05,44.05,0.0
2023-07-13 13:20:00-0400,44.05,44.05,44.05,44.05,0.0
2023-07-13 13:25:00-0400,44.05,44.14,44.05,44.14,1500.0
2023-07-13 13:30:00-0400,44.14,44.14,44.065,44.085,148191.0
2023-07-13 13:35:00-0400,44.085,44.09,44.06,44.09,66844.0
2023-07-13 13:40:00-0400,44.09,44.1,44.08,44.095,90183.0
2023-07-13 13:45:00-0400,44.09,44.1099,44.0809,44.105,115799.0
2023-07-13 13:50:00-0400,44.1,44.11,44.09,44.1,32386.0
2023-07-13 13:55:00-0400,44.095,44.13,44.09,44.115,130393.0
2023-07-13 14:00:00-0400,44.115,44.139,44.1101,44.12,103670.0
2023-07-13 14:05:00-0400,44.12,44.13,44.11,44.13,64368.0
2023-07-13 14:10:00-0400,44.13,44.15,44.12,44.145,125695.0
2023-07-13 14:15:00-0400,44.14,44.15,44.13,44.135,59903.0
2023-07-13 14:20:00-0400,44.14,44.14,44.13,44.13,36404.0
2023-07-13 14:25:00-0400,44.13,44.14,44.13,44.13,48495.0
2023-07-13 14:30:00-0400,44.135,44.15,44.135,44.145,48074.0
2023-07-13 14:35:00-0400,44.145,44.16,44.145,44.1509,31599.0
2023-07-13 14:40:00-0400,44.15,44.175,44.15,44.175,44039.0
2023-07-13 14:45:00-0400,44.175,44.2,44.175,44.195,38920.0
2023-07-13 14:50:00-0400,44.19,44.19,44.18,44.185,14433.0
2023-07-13 14:55:00-0400,44.185,44.2,44.18,44.195,22961.0
2023-07-13 15:00:00-0400,44.195,44.205,44.19,44.205,25207.0
2023-07-13 15:05:00-0400,44.205,44.21,44.2,44.205,51674.0
2023-07-13 15:10:00-0400,44.205,44.21,44.19,44.19,18523.0
2023-07-13 15:15:00-0400,44.195,44.195,44.1713,44.18,21565.0
2023-07-13 15:20:00-0400,44.175,44.185,44.17,44.175,57573.0
2023-07-13 15:25:00-0400,44.175,44.19,44.175,44.19,7790.0
2023-07-13 15:30:00-0400,44.1871,44.19,44.18,44.19,11421.0
2023-07-13 15:35:00-0400,44.19,44.19,44.17,44.18,50406.0
2023-07-13 15:40:00-0400,44.18,44.19,44.1795,44.19,60389.0
2023-07-13 15:45:00-0400,44.19,44.19,44.185,44.185,17532.0
2023-07-13 15:50:00-0400,44.185,44.19,44.17,44.175,138761.0
2023-07-13 15:55:00-0400,44.175,44.18,44.17,44.175,18502.0
2023-07-13 16:00:00-0400,44.1719,44.18,44.17,44.18,14296.0
2023-07-14 09:35:00-0400,44.18,44.18,44.18,44.18,0.0
2023-07-14 09:40:00-0400,44.18,44.18,44.18,44.18,0.0
2023-07-14 09:45:00-0400,44.18,44.18,44.18,44.18,0.0
2023-07-14 09:50:00-0400,44.18,44.18,44.18,44.18,0.0
2023-07-14 09:55:00-0400,44.18,44.18,44.18,44.18,0.0
2023-07-14 10:00:00-0400,44.18,44.18,44.18,44.18,0.0
2023-07-14 10:05:00-0400,44.18,44.18,44.18,44.18,0.0
2023-07-14 10:10:00-0400,44.18,44.18,44.18,44.18,0.0
2023-07-14 10:15:00-0400,44.18,44.18,44.18,44.18,0.0
2023-07-14 10:20:00-0400,44.18,44.18,44.18,44.18,0.0
2023-07-14 10:25:00-0400,44.18,44.18,44.18,44.18,0.0
2023-07-14 10:30:00-0400,44.18,44.18,44.18,44.18,0.0
2023-07-14 10:35:00-0400,44.18,44.18,44.18,44.18,0.0
2023-07-14 10:40:00-0400,44.18,44.18,44.18,44.18,0.0
2023-07-14 10:45:00-0400,44.18,44.18,44.18,44.18,0.0
2023-07-14 10:50:00-0400,44.18,44.18,44.18,44.18,0.0
2023-07-14 10:55:00-0400,44.18,44.18,44.18,44.18,0.0
2023-07-14 11:00:00-0400,44.18,44.18,44.18,44.18,0.0
2023-07-14 11:05:00-0400,44.18,44.18,44.18,44.18,0.0
2023-07-14 11:10:00-0400,44.18,44.18,44.18,44.18,0.0
2023-07-14 11:15:00-0400,44.18,44.18,44.18,44.18,0.0
2023-07-14 11:20:00-0400,44.18,44.18,44.18,44.18,0.0
2023-07-14 11:25:00-0400,44.18,44.18,44.18,44.18,0.0
2023-07-14 11:30:00-0400,44.18,44.18,44.18,44.18,0.0
2023-07-14 11:35:00-0400,44.18,44.18,44.18,44.18,0.0
2023-07-14 11:40:00-0400,44.18,44.18,44.18,44.18,0.0
2023-07-14 11:45:00-0400,44.18,44.18,44.18,44.18,0.0
2023-07-14 11:50:00-0400,44.18,44.18,44.18,44.18,0.0
2023-07-14 11:55:00-0400,44.18,44.18,44.18,44.18,0.0
2023-07-14 12:00:00-0400,44.18,44.18,44.18,44.18,0.0
2023-07-14 12:05:00-0400,44.18,44.18,44.18,44.18,0.0
2023-07-14 12:10:00-0400,44.18,44.18,44.18,44.18,0.0
2023-07-14 12:15:00-0400,44.18,44.18,44.18,44.18,0.0
2023-07-14 12:20:00-0400,44.18,44.18,44.18,44.18,0.0
2023-07-14 12:25:00-0400,44.18,44.18,44.18,44.18,0.0
2023-07-14 12:30:00-0400,44.18,44.18,44.18,44.18,0.0
2023-07-14 12:35:00-0400,44.18,44.18,44.18,44.18,0.0
2023-07-14 12:40:00-0400,44.18,44.27,44.18,44.27,696.0
2023-07-14 12:45:00-0400,44.27,44.27,44.27,44.27,0.0
2023-07-14 12:50:00-0400,44.27,44.27,44.27,44.27,0.0
2023-07-14 12:55:00-0400,44.27,44.27,44.27,44.27,0.0
2023-07-14 13:00:00-0400,44.27,44.27,44.27,44.27,0.0
2023-07-14 13:05:00-0400,44.27,44.27,44.27,44.27,0.0
2023-07-14 13:10:00-0400,44.27,44.27,44.27,44.27,0.0
2023-07-14 13:15:00-0400,44.27,44.27,44.27,44.27,0.0
2023-07-14 13:20:00-0400,44.27,44.27,44.27,44.27,0.0
2023-07-14 13:25:00-0400,44.27,44.27,44.27,44.27,0.0
2023-07-14 13:30:00-0400,44.27,44.35,44.27,44.32,50032.0
2023-07-14 13:35:00-0400,44.315,44.33,44.29,44.29,38314.0
2023-07-14 13:40:00-0400,44.285,44.285,44.23,44.235,84624.0
2023-07-14 13:45:00-0400,44.23,44.24,44.2,44.22,85746.0
2023-07-14 13:50:00-0400,44.215,44.23,44.21,44.23,22814.0
2023-07-14 13:55:00-0400,44.23,44.26,44.22,44.26,13231.0
2023-07-14 14:00:00-0400,44.255,44.27,44.21,44.235,28052.0
2023-07-14 14:05:00-0400,44.235,44.24,44.21,44.225,37782.0
2023-07-14 14:10:00-0400,44.225,44.275,44.22,44.275,18495.0
2023-07-14 14:15:00-0400,44.27,44.27,44.23,44.25,11429.0
2023-07-14 14:20:00-0400,44.25,44.265,44.25,44.255,19004.0
2023-07-14 14:25:00-0400,44.26,44.3,44.25,44.3,12707.0
2023-07-14 14:30:00-0400,44.29,44.295,44.255,44.265,34797.0
2023-07-14 14:35:00-0400,44.265,44.27,44.25,44.255,12926.0
2023-07-14 14:40:00-0400,44.255,44.26,44.24,44.255,15127.0
2023-07-14 14:45:00-0400,44.255,44.265,44.2401,44.255,29260.0
2023-07-14 14:50:00-0400,44.255,44.255,44.23,44.235,27754.0
2023-07-14 14:55:00-0400,44.235,44.26,44.235,44.25,35071.0
2023-07-14 15:00:00-0400,44.255,44.27,44.25,44.27,23856.0
2023-07-14 15:05:00-0400,44.27,44.28,44.265,44.27,13578.0
2023-07-14 15:10:00-0400,44.27,44.29,44.265,44.285,106885.0
2023-07-14 15:15:00-0400,44.285,44.3,44.285,44.3,28143.0
2023-07-14 15:20:00-0400,44.295,44.3,44.29,44.295,7385.0
2023-07-14 15:25:00-0400,44.29,44.3,44.29,44.2999,2485.0
2023-07-14 15:30:00-0400,44.3,44.3052,44.285,44.295,61114.0
2023-07-14 15:35:00-0400,44.295,44.295,44.28,44.2801,90593.0
2023-07-14 15:40:00-0400,44.285,44.29,44.275,44.29,14967.0
2023-07-14 15:45:00-0400,44.285,44.285,44.25,44.255,37817.0
2023-07-14 15:50:00-0400,44.25,44.26,44.25,44.26,3582.0
2023-07-14 15:55:00-0400,44.26,44.265,44.2501,44.265,21099.0
2023-07-14 16:00:00-0400,44.265,44.275,44.26,44.265,36525.0
2023-07-17 09:35:00-0400,44.265,44.265,44.265,44.265,0.0
2023-07-17 09:40:00-0400,44.265,44.265,44.265,44.265,0.0
2023-07-17 09:45:00-0400,44.265,44.265,44.265,44.265,0.0
2023-07-17 09:50:00-0400,44.265,44.265,44.265,44.265,0.0
2023-07-17 09:55:00-0400,44.265,44.265,44.265,44.265,0.0
2023-07-17 10:00:00-0400,44.265,44.265,44.265,44.265,0.0
2023-07-17 10:05:00-0400,44.265,44.265,44.265,44.265,0.0
2023-07-17 10:10:00-0400,44.265,44.265,44.265,44.265,0.0
2023-07-17 10:15:00-0400,44.265,44.265,44.265,44.265,0.0
2023-07-17 10:20:00-0400,44.265,44.265,44.265,44.265,0.0
2023-07-17 10:25:00-0400,44.265,44.265,44.265,44.265,0.0
2023-07-17 10:30:00-0400,44.265,44.265,44.265,44.265,0.0
2023-07-17 10:35:00-0400,44.265,44.265,44.265,44.265,0.0
2023-07-17 10:40:00-0400,44.265,44.265,44.265,44.265,0.0
2023-07-17 10:45:00-0400,44.265,44.265,44.265,44.265,0.0
2023-07-17 10:50:00-0400,44.265,44.265,44.265,44.265,0.0
2023-07-17 10:55:00-0400,44.265,44.265,44.265,44.265,0.0
2023-07-17 11:00:00-0400,44.265,44.265,44.265,44.265,0.0
2023-07-17 11:05:00-0400,44.265,44.265,44.265,44.265,0.0
2023-07-17 11:10:00-0400,44.265,44.265,44.265,44.265,0.0
2023-07-17 11:15:00-0400,44.265,44.265,44.265,44.265,0.0
2023-07-17 11:20:00-0400,44.265,44.265,44.265,44.265,0.0
2023-07-17 11:25:00-0400,44.265,44.265,44.265,44.265,0.0
2023-07-17 11:30:00-0400,44.265,44.265,44.265,44.265,0.0
2023-07-17 11:35:00-0400,44.265,44.265,44.265,44.265,0.0
2023-07-17 11:40:00-0400,44.265,44.265,44.265,44.265,0.0
2023-07-17 11:45:00-0400,44.265,44.265,44.265,44.265,0.0
2023-07-17 11:50:00-0400,44.265,44.265,44.265,44.265,0.0
2023-07-17 11:55:00-0400,44.265,44.265,44.265,44.265,0.0
2023-07-17 12:00:00-0400,44.265,44.265,44.265,44.265,0.0
2023-07-17 12:05:00-0400,44.265,44.265,44.265,44.265,0.0
2023-07-17 12:10:00-0400,44.265,44.265,44.265,44.265,0.0
2023-07-17 12:15:00-0400,44.265,44.265,44.265,44.265,0.0
2023-07-17 12:20:00-0400,44.265,44.265,44.265,44.265,0.0
2023-07-17 12:25:00-0400,44.265,44.265,44.265,44.265,0.0
2023-07-17 12:30:00-0400,44.38,44.38,44.38,44.38,100.0
2023-07-17 12:35:00-0400,44.38,44.38,44.38,44.38,0.0
2023-07-17 12:40:00-0400,44.38,44.38,44.38,44.38,0.0
2023-07-17 12:45:00-0400,44.38,44.38,44.38,44.38,0.0
2023-07-17 12:50:00-0400,44.38,44.38,44.37,44.37,414.0
2023-07-17 12:55:00-0400,44.37,44.37,44.37,44.37,0.0
2023-07-17 13:00:00-0400,44.37,44.37,44.37,44.37,0.0
2023-07-17 13:05:00-0400,44.37,44.37,44.37,44.37,0.0
2023-07-17 13:10:00-0400,44.37,44.37,44.37,44.37,0.0
2023-07-17 13:15:00-0400,44.37,44.37,44.37,44.37,0.0
2023-07-17 13:20:00-0400,44.37,44.37,44.37,44.37,0.0
2023-07-17 13:25:00-0400,44.37,44.37,44.37,44.37,0.0
2023-07-17 13:30:00-0400,44.37,44.4,44.36,44.395,79038.0
2023-07-17 13:35:00-0400,44.39,44.42,44.375,44.4,47401.0
2023-07-17 13:40:00-0400,44.4,44.405,44.37,44.37,146205.0
2023-07-17 13:45:00-0400,44.38,44.407,44.375,44.405,27741.0
2023-07-17 13:50:00-0400,44.405,44.47,44.4009,44.4686,62153.0
2023-07-17 13:55:00-0400,44.47,44.55,44.47,44.55,71155.0
2023-07-17 14:00:00-0400,44.56,44.57,44.55,44.565,109787.0
2023-07-17 14:05:00-0400,44.565,44.58,44.565,44.575,15256.0
2023-07-17 14:10:00-0400,44.575,44.58,44.5116,44.52,50885.0
2023-07-17 14:15:00-0400,44.52,44.535,44.51,44.53,22344.0
2023-07-17 14:20:00-0400,44.535,44.545,44.52,44.52,33757.0
2023-07-17 14:25:00-0400,44.525,44.5493,44.525,44.54,24996.0
2023-07-17 14:30:00-0400,44.54,44.55,44.54,44.545,14779.0
2023-07-17 14:35:00-0400,44.545,44.55,44.53,44.53,41504.0
2023-07-17 14:40:00-0400,44.535,44.55,44.53,44.55,20461.0
2023-07-17 14:45:00-0400,44.545,44.56,44.54,44.555,27676.0
2023-07-17 14:50:00-0400,44.555,44.58,44.5511,44.57,27155.0
2023-07-17 14:55:00-0400,44.565,44.57,44.55,44.55,17047.0
2023-07-17 15:00:00-0400,44.555,44.5581,44.55,44.555,6628.0
2023-07-17 15:05:00-0400,44.555,44.56,44.55,44.555,12941.0
2023-07-17 15:10:00-0400,44.555,44.57,44.55,44.555,61709.0
2023-07-17 15:15:00-0400,44.55,44.56,44.54,44.545,29878.0
2023-07-17 15:20:00-0400,44.55,44.55,44.54,44.54,7013.0
2023-07-17 15:25:00-0400,44.545,44.545,44.53,44.53,62909.0
2023-07-17 15:30:00-0400,44.535,44.5385,44.52,44.525,12311.0
2023-07-17 15:35:00-0400,44.525,44.54,44.52,44.54,31472.0
2023-07-17 15:40:00-0400,44.54,44.55,44.5301,44.5401,15697.0
2023-07-17 15:45:00-0400,44.545,44.56,44.54,44.555,13338.0
2023-07-17 15:50:00-0400,44.56,44.56,44.55,44.5517,13742.0
2023-07-17 15:55:00-0400,44.56,44.56,44.55,44.555,11120.0
2023-07-17 16:00:00-0400,44.55,44.56,44.55,44.555,16144.0
2023-07-18 09:35:00-0400,44.555,44.555,44.555,44.555,0.0
2023-07-18 09:40:00-0400,44.555,44.555,44.555,44.555,0.0
2023-07-18 09:45:00-0400,44.555,44.555,44.555,44.555,0.0
2023-07-18 09:50:00-0400,44.555,44.555,44.555,44.555,0.0
2023-07-18 09:55:00-0400,44.555,44.555,44.555,44.555,0.0
2023-07-18 10:00:00-0400,44.555,44.555,44.555,44.555,0.0
2023-07-18 10:05:00-0400,44.555,44.555,44.555,44.555,0.0
2023-07-18 10:10:00-0400,44.555,44.555,44.555,44.555,0.0
2023-07-18 10:15:00-0400,44.555,44.555,44.555,44.555,0.0
2023-07-18 10:20:00-0400,44.555,44.555,44.555,44.555,0.0
2023-07-18 10:25:00-0400,44.555,44.555,44.555,44.555,0.0
2023-07-18 10:30:00-0400,44.555,44.555,44.555,44.555,0.0
2023-07-18 10:35:00-0400,44.555,44.555,44.555,44.555,0.0
2023-07-18 10:40:00-0400,44.555,44.555,44.555,44.555,0.0
2023-07-18 10:45:00-0400,44.555,44.555,44.555,44.555,0.0
2023-07-18 10:50:00-0400,44.555,44.555,44.555,44.555,0.0
2023-07-18 10:55:00-0400,44.555,44.555,44.555,44.555,0.0
2023-07-18 11:00:00-0400,44.555,44.555,44.555,44.555,0.0
2023-07-18 11:05:00-0400,44.555,44.555,44.555,44.555,0.0
2023-07-18 11:10:00-0400,44.555,44.555,44.555,44.555,0.0
2023-07-18 11:15:00-0400,44.555,44.555,44.555,44.555,0.0
2023-07-18 11:20:00-0400,44.555,44.555,44.555,44.555,0.0
2023-07-18 11:25:00-0400,44.555,44.555,44.555,44.555,0.0
2023-07-18 11:30:00-0400,44.555,44.555,44.555,44.555,0.0
2023-07-18 11:35:00-0400,44.555,44.555,44.555,44.555,0.0
2023-07-18 11:40:00-0400,44.555,44.555,44.555,44.555,0.0
2023-07-18 11:45:00-0400,44.555,44.555,44.555,44.555,0.0
2023-07-18 11:50:00-0400,44.555,44.555,44.555,44.555,0.0
2023-07-18 11:55:00-0400,44.555,44.555,44.555,44.555,0.0
2023-07-18 12:00:00-0400,44.555,44.555,44.555,44.555,0.0
2023-07-18 12:05:00-0400,44.555,44.555,44.555,44.555,0.0
2023-07-18 12:10:00-0400,44.555,44.555,44.555,44.555,0.0
2023-07-18 12:15:00-0400,44.555,44.59,44.555,44.59,2029.0
2023-07-18 12:20:00-0400,44.59,44.59,44.59,44.59,0.0
2023-07-18 12:25:00-0400,44.59,44.59,44.59,44.59,0.0
2023-07-18 12:30:00-0400,44.59,44.59,44.59,44.59,0.0
2023-07-18 12:35:00-0400,44.59,44.59,44.59,44.59,0.0
2023-07-18 12:40:00-0400,44.59,44.59,44.59,44.59,0.0
2023-07-18 12:45:00-0400,44.59,44.59,44.59,44.59,0.0
2023-07-18 12:50:00-0400,44.59,44.59,44.59,44.59,0.0
2023-07-18 12:55:00-0400,44.59,44.59,44.5,44.5,4381.0
2023-07-18 13:00:00-0400,44.5,44.5,44.5,44.5,0.0
2023-07-18 13:05:00-0400,44.5,44.5,44.5,44.5,1000.0
2023-07-18 13:10:00-0400,44.5,44.5,44.5,44.5,0.0
2023-07-18 13:15:00-0400,44.5,44.5,44.5,44.5,0.0
2023-07-18 13:20:00-0400,44.5,44.5,44.5,44.5,0.0
2023-07-18 13:25:00-0400,44.56,44.56,44.5,44.55,4258.0
2023-07-18 13:30:00-0400,44.55,44.64,44.5,44.51,181444.0
2023-07-18 13:35:00-0400,44.515,44.52,44.47,44.48,118735.0
2023-07-18 13:40:00-0400,44.485,44.525,44.485,44.52,163394.0
2023-07-18 13:45:00-0400,44.52,44.53,44.49,44.49,40346.0
2023-07-18 13:50:00-0400,44.49,44.49,44.46,44.47,48903.0
2023-07-18 13:55:00-0400,44.47,44.5,44.46,44.4892,60601.0
2023-07-18 14:00:00-0400,44.4892,44.51,44.4852,44.51,19157.0
2023-07-18 14:05:00-0400,44.52,44.53,44.505,44.505,19052.0
2023-07-18 14:10:00-0400,44.51,44.53,44.51,44.525,13923.0
2023-07-18 14:15:00-0400,44.525,44.5296,44.5,44.505,42822.0
2023-07-18 14:20:00-0400,44.5,44.51,44.5,44.509,31240.0
2023-07-18 14:25:00-0400,44.505,44.515,44.5048,44.505,65205.0
2023-07-18 14:30:00-0400,44.5061,44.545,44.505,44.54,53680.0
2023-07-18 14:35:00-0400,44.535,44.535,44.525,44.53,24590.0
2023-07-18 14:40:00-0400,44.53,44.55,44.5296,44.55,30299.0
2023-07-18 14:45:00-0400,44.545,44.55,44.54,44.545,13565.0
2023-07-18 14:50:00-0400,44.545,44.55,44.53,44.54,24256.0
2023-07-18 14:55:00-0400,44.54,44.55,44.54,44.54,40559.0
2023-07-18 15:00:00-0400,44.545,44.55,44.54,44.55,8402.0
2023-07-18 15:05:00-0400,44.545,44.55,44.54,44.55,7126.0
2023-07-18 15:10:00-0400,44.5495,44.56,44.5425,44.55,22153.0
2023-07-18 15:15:00-0400,44.56,44.56,44.55,44.555,7489.0
2023-07-18 15:20:00-0400,44.555,44.56,44.54,44.5445,29175.0
2023-07-18 15:25:00-0400,44.545,44.55,44.54,44.545,6419.0
2023-07-18 15:30:00-0400,44.545,44.55,44.525,44.525,20826.0
2023-07-18 15:35:00-0400,44.525,44.53,44.51,44.51,55825.0
2023-07-18 15:40:00-0400,44.51,44.515,44.51,44.5111,1026.0
2023-07-18 15:45:00-0400,44.515,44.515,44.5,44.505,14671.0
2023-07-18 15:50:00-0400,44.5,44.515,44.5,44.505,47116.0
2023-07-18 15:55:00-0400,44.505,44.515,44.5009,44.504,58233.0
2023-07-18 16:00:00-0400,44.505,44.5175,44.502,44.51,16923.0
2023-07-19 09:35:00-0400,44.51,44.51,44.51,44.51,0.0
2023-07-19 09:40:00-0400,44.51,44.51,44.51,44.51,0.0
2023-07-19 09:45:00-0400,44.51,44.51,44.51,44.51,0.0
2023-07-19 09:50:00-0400,44.51,44.51,44.51,44.51,0.0
2023-07-19 09:55:00-0400,44.51,44.51,44.51,44.51,0.0
2023-07-19 10:00:00-0400,44.51,44.51,44.51,44.51,0.0
2023-07-19 10:05:00-0400,44.51,44.51,44.51,44.51,0.0
2023-07-19 10:10:00-0400,44.51,44.51,44.51,44.51,0.0
2023-07-19 10:15:00-0400,44.51,44.51,44.51,44.51,0.0
2023-07-19 10:20:00-0400,44.51,44.51,44.51,44.51,0.0
2023-07-19 10:25:00-0400,44.51,44.51,44.51,44.51,0.0
2023-07-19 10:30:00-0400,44.51,44.51,44.51,44.51,0.0
2023-07-19 10:35:00-0400,44.51,44.51,44.51,44.51,0.0
2023-07-19 10:40:00-0400,44.51,44.51,44.51,44.51,0.0
2023-07-19 10:45:00-0400,44.51,44.51,44.51,44.51,0.0
2023-07-19 10:50:00-0400,44.51,44.51,44.51,44.51,0.0
2023-07-19 10:55:00-0400,44.51,44.51,44.51,44.51,0.0
2023-07-19 11:00:00-0400,44.51,44.51,44.51,44.51,0.0
2023-07-19 11:05:00-0400,44.51,44.51,44.51,44.51,0.0
2023-07-19 11:10:00-0400,44.51,44.51,44.51,44.51,0.0
2023-07-19 11:15:00-0400,44.51,44.51,44.51,44.51,0.0
2023-07-19 11:20:00-0400,44.51,44.51,44.51,44.51,0.0
2023-07-19 11:25:00-0400,44.51,44.51,44.51,44.51,0.0
2023-07-19 11:30:00-0400,44.51,44.51,44.51,44.51,0.0
2023-07-19 11:35:00-0400,44.51,44.51,44.51,44.51,0.0
2023-07-19 11:40:00-0400,44.51,44.51,44.51,44.51,0.0
2023-07-19 11:45:00-0400,44.51,44.51,44.51,44.51,0.0
2023-07-19 11:50:00-0400,44.51,44.51,44.51,44.51,0.0
2023-07-19 11:55:00-0400,44.51,44.51,44.51,44.51,0.0
2023-07-19 12:00:00-0400,44.51,44.65,44.51,44.65,184.0
2023-07-19 12:05:00-0400,44.65,44.65,44.65,44.65,0.0
2023-07-19 12:10:00-0400,44.65,44.65,44.65,44.65,0.0
2023-07-19 12:15:00-0400,44.65,44.65,44.65,44.65,0.0
2023-07-19 12:20:00-0400,44.65,44.65,44.65,44.65,0.0
2023-07-19 12:25:00-0400,44.65,44.65,44.65,44.65,0.0
2023-07-19 12:30:00-0400,44.65,44.65,44.65,44.65,0.0
2023-07-19 12:35:00-0400,44.65,44.65,44.65,44.65,0.0
2023-07-19 12:40:00-0400,44.65,44.65,44.65,44.65,0.0
2023-07-19 12:45:00-0400,44.65,44.65,44.65,44.65,0.0
2023-07-19 12:50:00-0400,44.65,44.65,44.65,44.65,0.0
2023-07-19 12:55:00-0400,44.65,44.65,44.65,44.65,0.0
2023-07-19 13:00:00-0400,44.65,44.65,44.65,44.65,0.0
2023-07-19 13:05:00-0400,44.65,44.65,44.65,44.65,0.0
2023-07-19 13:10:00-0400,44.65,44.65,44.65,44.65,0.0
2023-07-19 13:15:00-0400,44.65,44.65,44.61,44.61,100.0
2023-07-19 13:20:00-0400,44.61,44.61,44.61,44.61,0.0
2023-07-19 13:25:00-0400,44.61,44.61,44.61,44.61,0.0
2023-07-19 13:30:00-0400,44.61,44.76,44.61,44.67,86682.0
2023-07-19 13:35:00-0400,44.66,44.75,44.66,44.74,245139.0
2023-07-19 13:40:00-0400,44.74,44.765,44.73,44.765,90535.0
2023-07-19 13:45:00-0400,44.76,44.768,44.7308,44.745,23100.0
2023-07-19 13:50:00-0400,44.745,44.7489,44.73,44.7489,39412.0
2023-07-19 13:55:00-0400,44.75,44.75,44.73,44.735,27540.0
2023-07-19 14:00:00-0400,44.73,44.7399,44.71,44.71,41731.0
2023-07-19 14:05:00-0400,44.71,44.73,44.7,44.725,39489.0
2023-07-19 14:10:00-0400,44.725,44.73,44.705,44.705,34814.0
2023-07-19 14:15:00-0400,44.705,44.71,44.69,44.6974,21708.0
2023-07-19 14:20:00-0400,44.695,44.71,44.69,44.71,17106.0
2023-07-19 14:25:00-0400,44.71,44.715,44.7015,44.71,30194.0
2023-07-19 14:30:00-0400,44.705,44.71,44.6834,44.685,13595.0
2023-07-19 14:35:00-0400,44.685,44.69,44.68,44.68,9086.0
2023-07-19 14:40:00-0400,44.68,44.69,44.675,44.69,7664.0
2023-07-19 14:45:00-0400,44.69,44.695,44.68,44.695,31299.0
2023-07-19 14:50:00-0400,44.69,44.69,44.6829,44.69,16950.0
2023-07-19 14:55:00-0400,44.69,44.71,44.68,44.685,45990.0
2023-07-19 15:00:00-0400,44.685,44.7,44.6838,44.6901,42086.0
2023-07-19 15:05:00-0400,44.69,44.695,44.685,44.69,26725.0
2023-07-19 15:10:00-0400,44.6991,44.705,44.69,44.695,25764.0
2023-07-19 15:15:00-0400,44.695,44.715,44.695,44.715,11121.0
2023-07-19 15:20:00-0400,44.71,44.7199,44.71,44.715,1464.0
2023-07-19 15:25:00-0400,44.715,44.72,44.71,44.715,4928.0
2023-07-19 15:30:00-0400,44.72,44.7299,44.71,44.71,10453.0
2023-07-19 15:35:00-0400,44.715,44.725,44.71,44.71,19585.0
2023-07-19 15:40:00-0400,44.715,44.72,44.71,44.72,4622.0
2023-07-19 15:45:00-0400,44.72,44.72,44.705,44.705,32132.0
2023-07-19 15:50:00-0400,44.705,44.71,44.7,44.7,41163.0
2023-07-19 15:55:00-0400,44.705,44.7099,44.69,44.69,20571.0
2023-07-19 16:00:00-0400,44.69,44.69,44.66,44.67,68008.0
2023-07-20 09:35:00-0400,44.67,44.67,44.67,44.67,0.0
2023-07-20 09:40:00-0400,44.67,44.67,44.67,44.67,0.0
2023-07-20 09:45:00-0400,44.67,44.67,44.67,44.67,0.0
2023-07-20 09:50:00-0400,44.67,44.67,44.67,44.67,0.0
2023-07-20 09:55:00-0400,44.67,44.67,44.67,44.67,0.0
2023-07-20 10:00:00-0400,44.67,44.67,44.67,44.67,0.0
2023-07-20 10:05:00-0400,44.67,44.67,44.67,44.67,0.0
2023-07-20 10:10:00-0400,44.67,44.67,44.67,44.67,0.0
2023-07-20 10:15:00-0400,44.67,44.67,44.67,44.67,0.0
2023-07-20 10:20:00-0400,44.67,44.67,44.67,44.67,0.0
2023-07-20 10:25:00-0400,44.67,44.67,44.67,44.67,0.0
2023-07-20 10:30:00-0400,44.67,44.67,44.67,44.67,0.0
2023-07-20 10:35:00-0400,44.67,44.67,44.67,44.67,0.0
2023-07-20 10:40:00-0400,44.67,44.67,44.67,44.67,0.0
2023-07-20 10:45:00-0400,44.67,44.67,44.67,44.67,0.0
2023-07-20 10:50:00-0400,44.67,44.67,44.67,44.67,0.0
2023-07-20 10:55:00-0400,44.67,44.67,44.67,44.67,0.0
2023-07-20 11:00:00-0400,44.67,44.67,44.67,44.67,0.0
2023-07-20 11:05:00-0400,44.67,44.67,44.67,44.67,0.0
2023-07-20 11:10:00-0400,44.67,44.67,44.67,44.67,0.0
2023-07-20 11:15:00-0400,44.67,44.67,44.67,44.67,0.0
2023-07-20 11:20:00-0400,44.67,44.67,44.67,44.67,0.0
2023-07-20 11:25:00-0400,44.67,44.67,44.67,44.67,0.0
2023-07-20 11:30:00-0400,44.67,44.67,44.67,44.67,0.0
2023-07-20 11:35:00-0400,44.67,44.67,44.67,44.67,0.0
2023-07-20 11:40:00-0400,44.67,44.67,44.67,44.67,0.0
2023-07-20 11:45:00-0400,44.67,44.67,44.67,44.67,0.0
2023-07-20 11:50:00-0400,44.67,44.67,44.67,44.67,0.0
2023-07-20 11:55:00-0400,44.67,44.67,44.67,44.67,0.0
2023-07-20 12:00:00-0400,44.67,44.67,44.67,44.67,0.0
2023-07-20 12:05:00-0400,44.67,44.67,44.67,44.67,0.0
2023-07-20 12:10:00-0400,44.67,44.67,44.67,44.67,0.0
2023-07-20 12:15:00-0400,44.67,44.68,44.67,44.68,2008.0
2023-07-20 12:20:00-0400,44.68,44.68,44.68,44.68,0.0
2023-07-20 12:25:00-0400,44.68,44.68,44.68,44.68,0.0
2023-07-20 12:30:00-0400,44.68,44.68,44.68,44.68,0.0
2023-07-20 12:35:00-0400,44.68,44.85,44.68,44.85,500.0
2023-07-20 12:40:00-0400,44.85,44.85,44.85,44.85,0.0
2023-07-20 12:45:00-0400,44.85,44.85,44.85,44.85,0.0
2023-07-20 12:50:00-0400,44.85,44.85,44.85,44.85,0.0
2023-07-20 12:55:00-0400,44.85,44.85,44.85,44.85,0.0
2023-07-20 13:00:00-0400,44.85,44.85,44.85,44.85,0.0
2023-07-20 13:05:00-0400,44.85,44.85,44.85,44.85,0.0
2023-07-20 13:10:00-0400,44.85,44.85,44.67,44.67,219.0
2023-07-20 13:15:00-0400,44.67,44.67,44.67,44.67,0.0
2023-07-20 13:20:00-0400,44.67,44.67,44.67,44.67,0.0
2023-07-20 13:25:00-0400,44.67,44.67,44.67,44.67,0.0
2023-07-20 13:30:00-0400,44.67,44.71,44.58,44.585,69549.0
2023-07-20 13:35:00-0400,44.58,44.6,44.54,44.59,160421.0
2023-07-20 13:40:00-0400,44.59,44.62,44.57,44.62,197277.0
2023-07-20 13:45:00-0400,44.615,44.63,44.6,44.61,44908.0
2023-07-20 13:50:00-0400,44.605,44.625,44.605,44.62,39094.0
2023-07-20 13:55:00-0400,44.6148,44.62,44.605,44.61,53071.0
2023-07-20 14:00:00-0400,44.61,44.61,44.58,44.585,46251.0
2023-07-20 14:05:00-0400,44.58,44.605,44.575,44.58,61370.0
2023-07-20 14:10:00-0400,44.585,44.59,44.58,44.59,8507.0
2023-07-20 14:15:00-0400,44.585,44.595,44.5725,44.5725,25939.0
2023-07-20 14:20:00-0400,44.575,44.58,44.555,44.555,10877.0
2023-07-20 14:25:00-0400,44.55,44.56,44.54,44.5425,24434.0
2023-07-20 14:30:00-0400,44.5401,44.55,44.5325,44.545,23302.0
2023-07-20 14:35:00-0400,44.55,44.55,44.5225,44.53,18923.0
2023-07-20 14:40:00-0400,44.54,44.54,44.5135,44.52,13145.0
2023-07-20 14:45:00-0400,44.53,44.54,44.52,44.54,9117.0
2023-07-20 14:50:00-0400,44.53,44.555,44.53,44.555,13032.0
2023-07-20 14:55:00-0400,44.555,44.5699,44.555,44.5603,10428.0
2023-07-20 15:00:00-0400,44.565,44.58,44.56,44.58,9333.0
2023-07-20 15:05:00-0400,44.575,44.59,44.57,44.585,22397.0
2023-07-20 15:10:00-0400,44.58,44.595,44.58,44.595,11752.0
2023-07-20 15:15:00-0400,44.595,44.6,44.58,44.585,13029.0
2023-07-20 15:20:00-0400,44.58,44.585,44.57,44.57,4782.0
2023-07-20 15:25:00-0400,44.575,44.575,44.56,44.57,12717.0
2023-07-20 15:30:00-0400,44.565,44.585,44.565,44.575,23804.0
2023-07-20 15:35:00-0400,44.575,44.585,44.57,44.585,13190.0
2023-07-20 15:40:00-0400,44.59,44.5995,44.585,44.59,10975.0
2023-07-20 15:45:00-0400,44.5938,44.6,44.59,44.595,5048.0
2023-07-20 15:50:00-0400,44.595,44.595,44.5828,44.585,16923.0
2023-07-20 15:55:00-0400,44.5825,44.6,44.5825,44.595,13255.0
2023-07-20 16:00:00-0400,44.595,44.6,44.59,44.595,2771.0
2023-07-21 09:35:00-0400,44.595,44.595,44.595,44.595,0.0
2023-07-21 09:40:00-0400,44.595,44.595,44.595,44.595,0.0
2023-07-21 09:45:00-0400,44.595,44.595,44.595,44.595,0.0
2023-07-21 09:50:00-0400,44.595,44.595,44.595,44.595,0.0
2023-07-21 09:55:00-0400,44.595,44.595,44.595,44.595,0.0
2023-07-21 10:00:00-0400,44.595,44.595,44.595,44.595,0.0
2023-07-21 10:05:00-0400,44.595,44.595,44.595,44.595,0.0
2023-07-21 10:10:00-0400,44.595,44.595,44.595,44.595,0.0
2023-07-21 10:15:00-0400,44.595,44.595,44.595,44.595,0.0
2023-07-21 10:20:00-0400,44.595,44.595,44.595,44.595,0.0
2023-07-21 10:25:00-0400,44.595,44.595,44.595,44.595,0.0
2023-07-21 10:30:00-0400,44.595,44.595,44.595,44.595,0.0
2023-07-21 10:35:00-0400,44.595,44.595,44.595,44.595,0.0
2023-07-21 10:40:00-0400,44.595,44.595,44.595,44.595,0.0
2023-07-21 10:45:00-0400,44.595,44.595,44.595,44.595,0.0
2023-07-21 10:50:00-0400,44.595,44.595,44.595,44.595,0.0
2023-07-21 10:55:00-0400,44.595,44.595,44.595,44.595,0.0
2023-07-21 11:00:00-0400,44.595,44.595,44.595,44.595,0.0
2023-07-21 11:05:00-0400,44.595,44.595,44.595,44.595,0.0
2023-07-21 11:10:00-0400,44.595,44.595,44.595,44.595,0.0
2023-07-21 11:15:00-0400,44.595,44.595,44.595,44.595,0.0
2023-07-21 11:20:00-0400,44.595,44.595,44.595,44.595,0.0
2023-07-21 11:25:00-0400,44.595,44.595,44.595,44.595,0.0
2023-07-21 11:30:00-0400,44.595,44.595,44.595,44.595,0.0
2023-07-21 11:35:00-0400,44.595,44.595,44.595,44.595,0.0
2023-07-21 11:40:00-0400,44.595,44.595,44.595,44.595,0.0
2023-07-21 11:45:00-0400,44.595,44.595,44.595,44.595,0.0
2023-07-21 11:50:00-0400,44.595,44.595,44.595,44.595,0.0
2023-07-21 11:55:00-0400,44.595,44.595,44.595,44.595,0.0
2023-07-21 12:00:00-0400,44.595,44.595,44.595,44.595,0.0
2023-07-21 12:05:00-0400,44.595,44.595,44.595,44.595,0.0
2023-07-21 12:10:00-0400,44.595,44.595,44.595,44.595,0.0
2023-07-21 12:15:00-0400,44.595,44.595,44.595,44.595,0.0
2023-07-21 12:20:00-0400,44.595,44.595,44.595,44.595,0.0
2023-07-21 12:25:00-0400,44.595,44.595,44.595,44.595,0.0
2023-07-21 12:30:00-0400,44.595,44.595,44.595,44.595,0.0
2023-07-21 12:35:00-0400,44.595,44.595,44.595,44.595,0.0
2023-07-21 12:40:00-0400,44.595,44.595,44.595,44.595,0.0
2023-07-21 12:45:00-0400,44.595,44.595,44.595,44.595,0.0
2023-07-21 12:50:00-0400,44.595,44.595,44.595,44.595,0.0
2023-07-21 12:55:00-0400,44.595,44.595,44.595,44.595,0.0
2023-07-21 13:00:00-0400,44.595,44.595,44.595,44.595,0.0
2023-07-21 13:05:00-0400,44.595,44.595,44.595,44.595,0.0
2023-07-21 13:10:00-0400,44.595,44.595,44.595,44.595,0.0
2023-07-21 13:15:00-0400,44.595,44.595,44.595,44.595,0.0
2023-07-21 13:20:00-0400,44.595,44.595,44.595,44.595,0.0
2023-07-21 13:25:00-0400,44.595,44.595,44.595,44.595,0.0
2023-07-21 13:30:00-0400,44.595,44.595,44.44,44.4575,45321.0
2023-07-21 13:35:00-0400,44.45,44.49,44.45,44.48,30687.0
2023-07-21 13:40:00-0400,44.48,44.48,44.45,44.455,8145.0
2023-07-21 13:45:00-0400,44.46,44.46,44.43,44.431,23107.0
2023-07-21 13:50:00-0400,44.43,44.44,44.401,44.4092,16104.0
2023-07-21 13:55:00-0400,44.4,44.4,44.39,44.4,12316.0
2023-07-21 14:00:00-0400,44.4,44.4,44.3922,44.3996,10256.0
2023-07-21 14:05:00-0400,44.395,44.395,44.37,44.37,36636.0
2023-07-21 14:10:00-0400,44.38,44.38,44.36,44.36,76848.0
2023-07-21 14:15:00-0400,44.36,44.37,44.355,44.37,22718.0
2023-07-21 14:20:00-0400,44.365,44.385,44.365,44.38,10401.0
2023-07-21 14:25:00-0400,44.38,44.385,44.355,44.36,15887.0
2023-07-21 14:30:00-0400,44.3594,44.36,44.35,44.36,7137.0
2023-07-21 14:35:00-0400,44.355,44.37,44.355,44.37,18437.0
2023-07-21 14:40:00-0400,44.365,44.375,44.36,44.37,28325.0
2023-07-21 14:45:00-0400,44.38,44.38,44.37,44.375,2666.0
2023-07-21 14:50:00-0400,44.377,44.38,44.37,44.38,12614.0
2023-07-21 14:55:00-0400,44.3732,44.38,44.37,44.37,5515.0
2023-07-21 15:00:00-0400,44.37,44.38,44.37,44.375,22640.0
2023-07-21 15:05:00-0400,44.38,44.38,44.37,44.38,18958.0
2023-07-21 15:10:00-0400,44.38,44.43,44.38,44.43,26560.0
2023-07-21 15:15:00-0400,44.43,44.43,44.42,44.43,4789.0
2023-07-21 15:20:00-0400,44.43,44.4399,44.425,44.435,11899.0
2023-07-21 15:25:00-0400,44.435,44.44,44.43,44.4357,53486.0
2023-07-21 15:30:00-0400,44.4399,44.44,44.435,44.435,6375.0
2023-07-21 15:35:00-0400,44.435,44.44,44.43,44.43,3737.0
2023-07-21 15:40:00-0400,44.435,44.4353,44.43,44.43,6626.0
2023-07-21 15:45:00-0400,44.43,44.43,44.41,44.415,32576.0
2023-07-21 15:50:00-0400,44.41,44.42,44.41,44.41,12220.0
2023-07-21 15:55:00-0400,44.41,44.42,44.41,44.41,30299.0
2023-07-21 16:00:00-0400,44.405,44.405,44.39,44.39,35312.0
2023-07-24 09:35:00-0400,44.39,44.39,44.39,44.39,0.0
2023-07-24 09:40:00-0400,44.39,44.39,44.39,44.39,0.0
2023-07-24 09:45:00-0400,44.39,44.39,44.39,44.39,0.0
2023-07-24 09:50:00-0400,44.39,44.39,44.39,44.39,0.0
2023-07-24 09:55:00-0400,44.39,44.39,44.39,44.39,0.0
2023-07-24 10:00:00-0400,44.39,44.39,44.39,44.39,0.0
2023-07-24 10:05:00-0400,44.39,44.39,44.39,44.39,0.0
2023-07-24 10:10:00-0400,44.39,44.39,44.39,44.39,0.0
2023-07-24 10:15:00-0400,44.39,44.39,44.39,44.39,0.0
2023-07-24 10:20:00-0400,44.39,44.39,44.39,44.39,0.0
2023-07-24 10:25:00-0400,44.39,44.39,44.39,44.39,0.0
2023-07-24 10:30:00-0400,44.39,44.39,44.39,44.39,0.0
2023-07-24 10:35:00-0400,44.39,44.39,44.39,44.39,0.0
2023-07-24 10:40:00-0400,44.39,44.39,44.39,44.39,0.0
2023-07-24 10:45:00-0400,44.39,44.39,44.39,44.39,0.0
2023-07-24 10:50:00-0400,44.39,44.39,44.39,44.39,0.0
2023-07-24 10:55:00-0400,44.39,44.39,44.39,44.39,0.0
2023-07-24 11:00:00-0400,44.39,44.39,44.39,44.39,0.0
2023-07-24 11:05:00-0400,44.39,44.39,44.39,44.39,0.0
2023-07-24 11:10:00-0400,44.39,44.39,44.39,44.39,0.0
2023-07-24 11:15:00-0400,44.39,44.39,44.39,44.39,0.0
2023-07-24 11:20:00-0400,44.39,44.39,44.39,44.39,0.0
2023-07-24 11:25:00-0400,44.39,44.39,44.39,44.39,0.0
2023-07-24 11:30:00-0400,44.39,44.39,44.39,44.39,0.0
2023-07-24 11:35:00-0400,44.39,44.39,44.39,44.39,0.0
2023-07-24 11:40:00-0400,44.39,44.39,44.39,44.39,0.0
2023-07-24 11:45:00-0400,44.39,44.39,44.39,44.39,0.0
2023-07-24 11:50:00-0400,44.39,44.39,44.39,44.39,0.0
2023-07-24 11:55:00-0400,44.39,44.39,44.39,44.39,0.0
2023-07-24 12:00:00-0400,44.39,44.39,44.39,44.39,0.0
2023-07-24 12:05:00-0400,44.39,44.39,44.39,44.39,0.0
2023-07-24 12:10:00-0400,44.39,44.39,44.39,44.39,0.0
2023-07-24 12:15:00-0400,44.39,44.39,44.39,44.39,0.0
2023-07-24 12:20:00-0400,44.39,44.39,44.39,44.39,0.0
2023-07-24 12:25:00-0400,44.39,44.39,44.39,44.39,0.0
2023-07-24 12:30:00-0400,44.39,44.39,44.39,44.39,0.0
2023-07-24 12:35:00-0400,44.39,44.39,44.39,44.39,0.0
2023-07-24 12:40:00-0400,44.39,44.39,44.39,44.39,0.0
2023-07-24 12:45:00-0400,44.39,44.39,44.39,44.39,0.0
2023-07-24 12:50:00-0400,44.39,44.39,44.39,44.39,0.0
2023-07-24 12:55:00-0400,44.39,44.39,44.39,44.39,0.0
2023-07-24 13:00:00-0400,44.39,44.39,44.39,44.39,0.0
2023-07-24 13:05:00-0400,44.39,44.39,44.39,44.39,0.0
2023-07-24 13:10:00-0400,44.39,44.39,44.39,44.39,0.0
2023-07-24 13:15:00-0400,44.39,44.39,44.39,44.39,0.0
2023-07-24 13:20:00-0400,44.39,44.39,44.39,44.39,0.0
2023-07-24 13:25:00-0400,44.36,44.36,44.3,44.3,1336.0
2023-07-24 13:30:00-0400,44.3,44.44,44.3,44.39,10267.0
2023-07-24 13:35:00-0400,44.385,44.41,44.38,44.41,84190.0
2023-07-24 13:40:00-0400,44.41,44.44,44.41,44.435,26459.0
2023-07-24 13:45:00-0400,44.435,44.45,44.42,44.445,36416.0
2023-07-24 13:50:00-0400,44.445,44.455,44.43,44.44,56444.0
2023-07-24 13:55:00-0400,44.44,44.44,44.415,44.415,20736.0
2023-07-24 14:00:00-0400,44.415,44.46,44.41,44.455,35951.0
2023-07-24 14:05:00-0400,44.455,44.47,44.45,44.45,52837.0
2023-07-24 14:10:00-0400,44.45,44.46,44.44,44.46,24257.0
2023-07-24 14:15:00-0400,44.4599,44.48,44.4599,44.475,41296.0
2023-07-24 14:20:00-0400,44.47,44.48,44.46,44.475,47044.0
2023-07-24 14:25:00-0400,44.475,44.48,44.465,44.475,30618.0
2023-07-24 14:30:00-0400,44.47,44.48,44.47,44.48,34341.0
2023-07-24 14:35:00-0400,44.48,44.48,44.464,44.48,26020.0
2023-07-24 14:40:00-0400,44.48,44.49,44.48,44.484,56283.0
2023-07-24 14:45:00-0400,44.49,44.5,44.4817,44.495,31515.0
2023-07-24 14:50:00-0400,44.49,44.5,44.49,44.495,25618.0
2023-07-24 14:55:00-0400,44.495,44.515,44.49,44.51,22608.0
2023-07-24 15:00:00-0400,44.515,44.515,44.505,44.505,36458.0
2023-07-24 15:05:00-0400,44.5,44.51,44.5,44.5,11445.0
2023-07-24 15:10:00-0400,44.5,44.505,44.49,44.49,50204.0
2023-07-24 15:15:00-0400,44.4999,44.505,44.49,44.5,43629.0
2023-07-24 15:20:00-0400,44.495,44.5,44.49,44.495,5835.0
2023-07-24 15:25:00-0400,44.495,44.5,44.49,44.49,12241.0
2023-07-24 15:30:00-0400,44.49,44.5,44.49,44.4912,23169.0
2023-07-24 15:35:00-0400,44.49,44.5,44.49,44.5,13933.0
2023-07-24 15:40:00-0400,44.4941,44.5,44.485,44.485,30810.0
2023-07-24 15:45:00-0400,44.485,44.485,44.47,44.475,21224.0
2023-07-24 15:50:00-0400,44.48,44.49,44.48,44.485,7090.0
2023-07-24 15:55:00-0400,44.4845,44.5,44.4845,44.49,23904.0
2023-07-24 16:00:00-0400,44.495,44.5,44.49,44.5,10708.0
2023-07-25 09:35:00-0400,44.5,44.5,44.5,44.5,0.0
2023-07-25 09:40:00-0400,44.5,44.5,44.5,44.5,0.0
2023-07-25 09:45:00-0400,44.5,44.5,44.5,44.5,0.0
2023-07-25 09:50:00-0400,44.5,44.5,44.5,44.5,0.0
2023-07-25 09:55:00-0400,44.5,44.5,44.5,44.5,0.0
2023-07-25 10:00:00-0400,44.5,44.5,44.5,44.5,0.0
2023-07-25 10:05:00-0400,44.5,44.5,44.5,44.5,0.0
2023-07-25 10:10:00-0400,44.5,44.5,44.5,44.5,0.0
2023-07-25 10:15:00-0400,44.5,44.5,44.5,44.5,0.0
2023-07-25 10:20:00-0400,44.5,44.5,44.5,44.5,0.0
2023-07-25 10:25:00-0400,44.5,44.5,44.5,44.5,0.0
2023-07-25 10:30:00-0400,44.5,44.5,44.5,44.5,0.0
2023-07-25 10:35:00-0400,44.5,44.5,44.5,44.5,0.0
2023-07-25 10:40:00-0400,44.5,44.5,44.5,44.5,0.0
2023-07-25 10:45:00-0400,44.5,44.5,44.5,44.5,0.0
2023-07-25 10:50:00-0400,44.5,44.5,44.5,44.5,0.0
2023-07-25 10:55:00-0400,44.5,44.5,44.5,44.5,0.0
2023-07-25 11:00:00-0400,44.5,44.5,44.5,44.5,0.0
2023-07-25 11:05:00-0400,44.5,44.5,44.5,44.5,0.0
2023-07-25 11:10:00-0400,44.5,44.5,44.5,44.5,0.0
2023-07-25 11:15:00-0400,44.5,44.5,44.5,44.5,0.0
2023-07-25 11:20:00-0400,44.5,44.5,44.5,44.5,0.0
2023-07-25 11:25:00-0400,44.5,44.5,44.5,44.5,0.0
2023-07-25 11:30:00-0400,44.5,44.5,44.5,44.5,0.0
2023-07-25 11:35:00-0400,44.5,44.5,44.5,44.5,0.0
2023-07-25 11:40:00-0400,44.5,44.5,44.5,44.5,0.0
2023-07-25 11:45:00-0400,44.5,44.5,44.5,44.5,0.0
2023-07-25 11:50:00-0400,44.5,44.5,44.5,44.5,0.0
2023-07-25 11:55:00-0400,44.5,44.5,44.5,44.5,0.0
2023-07-25 12:00:00-0400,44.5,44.5,44.5,44.5,0.0
2023-07-25 12:05:00-0400,44.5,44.5,44.5,44.5,0.0
2023-07-25 12:10:00-0400,44.5,44.5,44.5,44.5,0.0
2023-07-25 12:15:00-0400,44.5,44.5,44.5,44.5,0.0
2023-07-25 12:20:00-0400,44.5,44.5,44.5,44.5,0.0
2023-07-25 12:25:00-0400,44.5,44.77,44.5,44.77,300.0
2023-07-25 12:30:00-0400,44.77,44.77,44.77,44.77,0.0
2023-07-25 12:35:00-0400,44.77,44.77,44.77,44.77,0.0
2023-07-25 12:40:00-0400,44.77,44.77,44.77,44.77,0.0
2023-07-25 12:45:00-0400,44.77,44.77,44.77,44.77,0.0
2023-07-25 12:50:00-0400,44.77,44.77,44.77,44.77,0.0
2023-07-25 12:55:00-0400,44.77,44.77,44.77,44.77,0.0
2023-07-25 13:00:00-0400,44.77,44.77,44.77,44.77,0.0
2023-07-25 13:05:00-0400,44.77,44.77,44.77,44.77,0.0
2023-07-25 13:10:00-0400,44.77,44.77,44.77,44.77,0.0
2023-07-25 13:15:00-0400,44.77,44.77,44.77,44.77,0.0
2023-07-25 13:20:00-0400,44.77,44.77,44.77,44.77,0.0
2023-07-25 13:25:00-0400,44.77,44.77,44.62,44.62,222.0
2023-07-25 13:30:00-0400,44.62,44.62,44.5,44.53,88831.0
2023-07-25 13:35:00-0400,44.525,44.54,44.5,44.525,70833.0
2023-07-25 13:40:00-0400,44.525,44.525,44.51,44.52,15409.0
2023-07-25 13:45:00-0400,44.52,44.54,44.52,44.53,27110.0
2023-07-25 13:50:00-0400,44.53,44.535,44.5,44.51,37955.0
2023-07-25 13:55:00-0400,44.5099,44.52,44.505,44.515,18924.0
2023-07-25 14:00:00-0400,44.515,44.545,44.51,44.515,50015.0
2023-07-25 14:05:00-0400,44.52,44.54,44.515,44.535,29992.0
2023-07-25 14:10:00-0400,44.535,44.538,44.52,44.525,19730.0
2023-07-25 14:15:00-0400,44.53,44.55,44.525,44.545,26384.0
2023-07-25 14:20:00-0400,44.545,44.55,44.54,44.545,15552.0
2023-07-25 14:25:00-0400,44.545,44.56,44.545,44.55,21227.0
2023-07-25 14:30:00-0400,44.5505,44.555,44.53,44.53,16559.0
2023-07-25 14:35:00-0400,44.53,44.535,44.51,44.51,18135.0
2023-07-25 14:40:00-0400,44.51,44.5268,44.51,44.5259,23788.0
2023-07-25 14:45:00-0400,44.525,44.53,44.52,44.5276,6042.0
2023-07-25 14:50:00-0400,44.53,44.54,44.52,44.53,10628.0
2023-07-25 14:55:00-0400,44.535,44.54,44.53,44.53,11080.0
2023-07-25 15:00:00-0400,44.53,44.54,44.52,44.525,31807.0
2023-07-25 15:05:00-0400,44.525,44.54,44.525,44.54,22629.0
2023-07-25 15:10:00-0400,44.535,44.54,44.53,44.5375,8335.0
2023-07-25 15:15:00-0400,44.5375,44.54,44.52,44.525,13720.0
2023-07-25 15:20:00-0400,44.525,44.5259,44.52,44.5204,8971.0
2023-07-25 15:25:00-0400,44.525,44.53,44.52,44.525,14005.0
2023-07-25 15:30:00-0400,44.525,44.53,44.51,44.51,31299.0
2023-07-25 15:35:00-0400,44.515,44.54,44.51,44.54,37251.0
2023-07-25 15:40:00-0400,44.54,44.5475,44.53,44.5475,7597.0
2023-07-25 15:45:00-0400,44.5475,44.55,44.535,44.535,11699.0
2023-07-25 15:50:00-0400,44.53,44.54,44.53,44.535,5520.0
2023-07-25 15:55:00-0400,44.535,44.54,44.5305,44.5399,3230.0
2023-07-25 16:00:00-0400,44.535,44.54,44.5331,44.535,3263.0
2023-07-26 09:35:00-0400,44.535,44.535,44.535,44.535,0.0
2023-07-26 09:40:00-0400,44.535,44.535,44.535,44.535,0.0
2023-07-26 09:45:00-0400,44.535,44.535,44.535,44.535,0.0
2023-07-26 09:50:00-0400,44.535,44.535,44.535,44.535,0.0
2023-07-26 09:55:00-0400,44.535,44.535,44.535,44.535,0.0
2023-07-26 10:00:00-0400,44.535,44.535,44.535,44.535,0.0
2023-07-26 10:05:00-0400,44.535,44.535,44.535,44.535,0.0
2023-07-26 10:10:00-0400,44.535,44.535,44.535,44.535,0.0
2023-07-26 10:15:00-0400,44.535,44.535,44.535,44.535,0.0
2023-07-26 10:20:00-0400,44.535,44.535,44.535,44.535,0.0
2023-07-26 10:25:00-0400,44.535,44.535,44.535,44.535,0.0
2023-07-26 10:30:00-0400,44.535,44.535,44.535,44.535,0.0
2023-07-26 10:35:00-0400,44.535,44.535,44.535,44.535,0.0
2023-07-26 10:40:00-0400,44.535,44.59,44.535,44.56,3016.0
2023-07-26 10:45:00-0400,44.56,44.56,44.56,44.56,0.0
2023-07-26 10:50:00-0400,44.56,44.56,44.56,44.56,0.0
2023-07-26 10:55:00-0400,44.56,44.56,44.56,44.56,0.0
2023-07-26 11:00:00-0400,44.56,44.56,44.56,44.56,0.0
2023-07-26 11:05:00-0400,44.56,44.56,44.56,44.56,0.0
2023-07-26 11:10:00-0400,44.56,44.56,44.56,44.56,0.0
2023-07-26 11:15:00-0400,44.56,44.56,44.56,44.56,0.0
2023-07-26 11:20:00-0400,44.56,44.56,44.56,44.56,0.0
2023-07-26 11:25:00-0400,44.56,44.56,44.56,44.56,0.0
2023-07-26 11:30:00-0400,44.56,44.56,44.56,44.56,0.0
2023-07-26 11:35:00-0400,44.56,44.56,44.56,44.56,0.0
2023-07-26 11:40:00-0400,44.56,44.56,44.56,44.56,0.0
2023-07-26 11:45:00-0400,44.56,44.56,44.56,44.56,0.0
2023-07-26 11:50:00-0400,44.56,44.56,44.56,44.56,0.0
2023-07-26 11:55:00-0400,44.56,44.56,44.56,44.56,0.0
2023-07-26 12:00:00-0400,44.56,44.56,44.56,44.56,0.0
2023-07-26 12:05:00-0400,44.56,44.56,44.56,44.56,0.0
2023-07-26 12:10:00-0400,44.56,44.56,44.53,44.53,4000.0
2023-07-26 12:15:00-0400,44.53,44.67,44.53,44.54,8248.0
2023-07-26 12:20:00-0400,44.54,44.56,44.54,44.56,2310.0
2023-07-26 12:25:00-0400,44.56,44.56,44.56,44.56,0.0
2023-07-26 12:30:00-0400,44.56,44.56,44.56,44.56,0.0
2023-07-26 12:35:00-0400,44.56,44.56,44.56,44.56,0.0
2023-07-26 12:40:00-0400,44.56,44.58,44.56,44.58,2700.0
2023-07-26 12:45:00-0400,44.58,44.58,44.58,44.58,0.0
2023-07-26 12:50:00-0400,44.58,44.58,44.58,44.58,0.0
2023-07-26 12:55:00-0400,44.58,44.58,44.58,44.58,0.0
2023-07-26 13:00:00-0400,44.58,44.58,44.58,44.58,0.0
2023-07-26 13:05:00-0400,44.58,44.58,44.58,44.58,0.0
2023-07-26 13:10:00-0400,44.58,44.58,44.58,44.58,0.0
2023-07-26 13:15:00-0400,44.58,44.58,44.58,44.58,0.0
2023-07-26 13:20:00-0400,44.58,44.58,44.58,44.58,0.0
2023-07-26 13:25:00-0400,44.58,44.58,44.58,44.58,0.0
2023-07-26 13:30:00-0400,44.58,44.58,44.5,44.51,42318.0
2023-07-26 13:35:00-0400,44.51,44.585,44.51,44.585,88291.0
2023-07-26 13:40:00-0400,44.585,44.61,44.58,44.6018,63253.0
2023-07-26 13:45:00-0400,44.61,44.615,44.58,44.58,76159.0
2023-07-26 13:50:00-0400,44.585,44.59,44.56,44.57,37499.0
2023-07-26 13:55:00-0400,44.57,44.58,44.565,44.58,20926.0
2023-07-26 14:00:00-0400,44.57,44.61,44.57,44.61,25006.0
2023-07-26 14:05:00-0400,44.6,44.615,44.5901,44.615,59375.0
2023-07-26 14:10:00-0400,44.61,44.62,44.61,44.615,15567.0
2023-07-26 14:15:00-0400,44.615,44.64,44.615,44.64,27110.0
2023-07-26 14:20:00-0400,44.64,44.65,44.64,44.645,52543.0
2023-07-26 14:25:00-0400,44.645,44.65,44.63,44.64,52275.0
2023-07-26 14:30:00-0400,44.64,44.65,44.635,44.645,23774.0
2023-07-26 14:35:00-0400,44.65,44.665,44.645,44.65,17185.0
2023-07-26 14:40:00-0400,44.65,44.66,44.645,44.66,13283.0
2023-07-26 14:45:00-0400,44.66,44.665,44.65,44.655,8395.0
2023-07-26 14:50:00-0400,44.655,44.67,44.655,44.67,5562.0
2023-07-26 14:55:00-0400,44.67,44.68,44.65,44.655,137931.0
2023-07-26 15:00:00-0400,44.65,44.66,44.64,44.65,27962.0
2023-07-26 15:05:00-0400,44.66,44.67,44.66,44.66,22193.0
2023-07-26 15:10:00-0400,44.66,44.6799,44.66,44.6639,14183.0
2023-07-26 15:15:00-0400,44.6668,44.6799,44.66,44.67,6450.0
2023-07-26 15:20:00-0400,44.675,44.69,44.672,44.68,23424.0
2023-07-26 15:25:00-0400,44.68,44.69,44.68,44.69,10582.0
2023-07-26 15:30:00-0400,44.685,44.69,44.68,44.685,21466.0
2023-07-26 15:35:00-0400,44.685,44.69,44.68,44.685,10411.0
2023-07-26 15:40:00-0400,44.68,44.69,44.68,44.68,49032.0
2023-07-26 15:45:00-0400,44.68,44.685,44.675,44.68,43716.0
2023-07-26 15:50:00-0400,44.68,44.6847,44.68,44.68,3438.0
2023-07-26 15:55:00-0400,44.68,44.69,44.68,44.685,9203.0
2023-07-26 16:00:00-0400,44.68,44.685,44.68,44.685,558.0
2023-07-27 09:35:00-0400,44.685,44.685,44.685,44.685,0.0
2023-07-27 09:40:00-0400,44.685,44.685,44.685,44.685,0.0
2023-07-27 09:45:00-0400,44.685,44.685,44.685,44.685,0.0
2023-07-27 09:50:00-0400,44.685,44.685,44.685,44.685,0.0
2023-07-27 09:55:00-0400,44.685,44.685,44.685,44.685,0.0
2023-07-27 10:00:00-0400,44.685,44.685,44.685,44.685,0.0
2023-07-27 10:05:00-0400,44.685,44.685,44.685,44.685,0.0
2023-07-27 10:10:00-0400,44.685,44.685,44.685,44.685,0.0
2023-07-27 10:15:00-0400,44.685,44.685,44.685,44.685,0.0
2023-07-27 10:20:00-0400,44.685,44.685,44.685,44.685,0.0
2023-07-27 10:25:00-0400,44.685,44.685,44.685,44.685,0.0
2023-07-27 10:30:00-0400,44.685,44.685,44.685,44.685,0.0
2023-07-27 10:35:00-0400,44.685,44.685,44.685,44.685,0.0
2023-07-27 10:40:00-0400,44.685,44.685,44.685,44.685,0.0
2023-07-27 10:45:00-0400,44.685,44.685,44.685,44.685,0.0
2023-07-27 10:50:00-0400,44.685,44.685,44.685,44.685,0.0
2023-07-27 10:55:00-0400,44.685,44.685,44.685,44.685,0.0
2023-07-27 11:00:00-0400,44.685,44.685,44.685,44.685,0.0
2023-07-27 11:05:00-0400,44.685,44.685,44.685,44.685,0.0
2023-07-27 11:10:00-0400,44.685,44.685,44.685,44.685,0.0
2023-07-27 11:15:00-0400,44.685,44.685,44.685,44.685,0.0
2023-07-27 11:20:00-0400,44.685,44.685,44.685,44.685,0.0
2023-07-27 11:25:00-0400,44.685,44.685,44.685,44.685,0.0
2023-07-27 11:30:00-0400,44.685,44.685,44.685,44.685,0.0
2023-07-27 11:35:00-0400,44.685,44.685,44.685,44.685,0.0
2023-07-27 11:40:00-0400,44.685,44.685,44.685,44.685,0.0
2023-07-27 11:45:00-0400,44.685,44.685,44.685,44.685,0.0
2023-07-27 11:50:00-0400,44.685,44.685,44.685,44.685,0.0
2023-07-27 11:55:00-0400,44.6,44.6,44.6,44.6,1300.0
2023-07-27 12:00:00-0400,44.6,44.6,44.6,44.6,0.0
2023-07-27 12:05:00-0400,44.6,44.68,44.6,44.68,235.0
2023-07-27 12:10:00-0400,44.68,44.68,44.68,44.68,0.0
2023-07-27 12:15:00-0400,44.68,44.68,44.68,44.68,1003.0
2023-07-27 12:20:00-0400,44.68,44.68,44.68,44.68,0.0
2023-07-27 12:25:00-0400,44.68,44.68,44.68,44.68,0.0
2023-07-27 12:30:00-0400,44.68,44.68,44.68,44.68,0.0
2023-07-27 12:35:00-0400,44.68,44.68,44.68,44.68,0.0
2023-07-27 12:40:00-0400,44.68,44.68,44.68,44.68,0.0
2023-07-27 12:45:00-0400,44.68,44.68,44.68,44.68,0.0
2023-07-27 12:50:00-0400,44.68,44.68,44.68,44.68,0.0
2023-07-27 12:55:00-0400,44.68,44.68,44.68,44.68,0.0
2023-07-27 13:00:00-0400,44.68,44.68,44.68,44.68,0.0
2023-07-27 13:05:00-0400,44.68,44.68,44.68,44.68,0.0
2023-07-27 13:10:00-0400,44.53,44.66,44.53,44.66,1591.0
2023-07-27 13:15:00-0400,44.66,44.66,44.66,44.66,0.0
2023-07-27 13:20:00-0400,44.66,44.66,44.66,44.66,0.0
2023-07-27 13:25:00-0400,44.66,44.66,44.66,44.66,0.0
2023-07-27 13:30:00-0400,44.66,44.66,44.55,44.55,35565.0
2023-07-27 13:35:00-0400,44.545,44.58,44.525,44.5482,297753.0
2023-07-27 13:40:00-0400,44.54,44.56,44.53,44.54,67482.0
2023-07-27 13:45:00-0400,44.545,44.565,44.5336,44.565,35283.0
2023-07-27 13:50:00-0400,44.565,44.575,44.54,44.545,70801.0
2023-07-27 13:55:00-0400,44.55,44.555,44.53,44.53,24892.0
2023-07-27 14:00:00-0400,44.53,44.53,44.52,44.52,18233.0
2023-07-27 14:05:00-0400,44.52,44.53,44.49,44.49,70576.0
2023-07-27 14:10:00-0400,44.4987,44.4998,44.48,44.48,23932.0
2023-07-27 14:15:00-0400,44.4821,44.49,44.475,44.485,60274.0
2023-07-27 14:20:00-0400,44.485,44.49,44.464,44.47,71466.0
2023-07-27 14:25:00-0400,44.465,44.4799,44.4479,44.448,44272.0
2023-07-27 14:30:00-0400,44.44,44.45,44.43,44.43,17659.0
2023-07-27 14:35:00-0400,44.43,44.43,44.42,44.42,29583.0
2023-07-27 14:40:00-0400,44.4299,44.43,44.415,44.415,20410.0
2023-07-27 14:45:00-0400,44.415,44.42,44.3887,44.39,19084.0
2023-07-27 14:50:00-0400,44.3801,44.39,44.38,44.39,18089.0
2023-07-27 14:55:00-0400,44.39,44.4,44.385,44.3989,27255.0
2023-07-27 15:00:00-0400,44.395,44.41,44.39,44.4,44761.0
2023-07-27 15:05:00-0400,44.39,44.4,44.39,44.39,17072.0
2023-07-27 15:10:00-0400,44.3999,44.4,44.39,44.395,17065.0
2023-07-27 15:15:00-0400,44.395,44.3999,44.39,44.39,17901.0
2023-07-27 15:20:00-0400,44.4,44.4,44.39,44.39,12602.0
2023-07-27 15:25:00-0400,44.4,44.41,44.395,44.4099,10499.0
2023-07-27 15:30:00-0400,44.401,44.43,44.401,44.43,16981.0
2023-07-27 15:35:00-0400,44.4293,44.43,44.42,44.43,7090.0
2023-07-27 15:40:00-0400,44.43,44.44,44.425,44.44,8026.0
2023-07-27 15:45:00-0400,44.43,44.439,44.43,44.435,10627.0
2023-07-27 15:50:00-0400,44.435,44.4385,44.43,44.435,9504.0
2023-07-27 15:55:00-0400,44.435,44.44,44.42,44.42,21873.0
2023-07-27 16:00:00-0400,44.42,44.43,44.42,44.42,16697.0
2023-07-28 09:35:00-0400,44.42,44.42,44.42,44.42,0.0
2023-07-28 09:40:00-0400,44.42,44.42,44.42,44.42,0.0
2023-07-28 09:45:00-0400,44.42,44.42,44.42,44.42,0.0
2023-07-28 09:50:00-0400,44.42,44.42,44.42,44.42,0.0
2023-07-28 09:55:00-0400,44.42,44.42,44.42,44.42,0.0
2023-07-28 10:00:00-0400,44.42,44.42,44.42,44.42,0.0
2023-07-28 10:05:00-0400,44.42,44.42,44.42,44.42,0.0
2023-07-28 10:10:00-0400,44.42,44.42,44.42,44.42,0.0
2023-07-28 10:15:00-0400,44.42,44.42,44.42,44.42,0.0
2023-07-28 10:20:00-0400,44.42,44.42,44.42,44.42,0.0
2023-07-28 10:25:00-0400,44.42,44.42,44.42,44.42,0.0
2023-07-28 10:30:00-0400,44.42,44.42,44.42,44.42,0.0
2023-07-28 10:35:00-0400,44.42,44.42,44.42,44.42,0.0
2023-07-28 10:40:00-0400,44.42,44.42,44.42,44.42,0.0
2023-07-28 10:45:00-0400,44.42,44.42,44.42,44.42,0.0
2023-07-28 10:50:00-0400,44.42,44.42,44.42,44.42,0.0
2023-07-28 10:55:00-0400,44.42,44.42,44.42,44.42,0.0
2023-07-28 11:00:00-0400,44.42,44.42,44.42,44.42,0.0
2023-07-28 11:05:00-0400,44.42,44.42,44.42,44.42,0.0
2023-07-28 11:10:00-0400,44.42,44.42,44.42,44.42,0.0
2023-07-28 11:15:00-0400,44.42,44.42,44.42,44.42,0.0
2023-07-28 11:20:00-0400,44.42,44.42,44.42,44.42,0.0
2023-07-28 11:25:00-0400,44.42,44.42,44.42,44.42,0.0
2023-07-28 11:30:00-0400,44.42,44.42,44.42,44.42,0.0
2023-07-28 11:35:00-0400,44.55,44.55,44.5,44.5,325.0
2023-07-28 11:40:00-0400,44.5,44.5,44.5,44.5,0.0
2023-07-28 11:45:00-0400,44.5,44.5,44.5,44.5,0.0
2023-07-28 11:50:00-0400,44.5,44.62,44.5,44.62,1000.0
2023-07-28 11:55:00-0400,44.62,44.62,44.62,44.62,0.0
2023-07-28 12:00:00-0400,44.62,44.62,44.62,44.62,0.0
2023-07-28 12:05:00-0400,44.62,44.62,44.62,44.62,0.0
2023-07-28 12:10:00-0400,44.62,44.62,44.62,44.62,0.0
2023-07-28 12:15:00-0400,44.62,44.62,44.62,44.62,0.0
2023-07-28 12:20:00-0400,44.62,44.62,44.62,44.62,0.0
2023-07-28 12:25:00-0400,44.62,44.62,44.62,44.62,0.0
2023-07-28 12:30:00-0400,44.62,44.62,44.62,44.62,0.0
2023-07-28 12:35:00-0400,44.62,44.62,44.62,44.62,0.0
2023-07-28 12:40:00-0400,44.62,44.62,44.62,44.62,0.0
2023-07-28 12:45:00-0400,44.62,44.62,44.62,44.62,0.0
2023-07-28 12:50:00-0400,44.62,44.62,44.62,44.62,0.0
2023-07-28 12:55:00-0400,44.62,44.62,44.55,44.55,143.0
2023-07-28 13:00:00-0400,44.55,44.55,44.55,44.55,0.0
2023-07-28 13:05:00-0400,44.55,44.55,44.55,44.55,0.0
2023-07-28 13:10:00-0400,44.55,44.55,44.53,44.53,600.0
2023-07-28 13:15:00-0400,44.53,44.53,44.53,44.53,0.0
2023-07-28 13:20:00-0400,44.53,44.53,44.53,44.53,0.0
2023-07-28 13:25:00-0400,44.53,44.53,44.53,44.53,0.0
2023-07-28 13:30:00-0400,44.53,44.57,44.46,44.47,25903.0
2023-07-28 13:35:00-0400,44.48,44.5,44.465,44.483,150087.0
2023-07-28 13:40:00-0400,44.48,44.505,44.47,44.5045,53257.0
2023-07-28 13:45:00-0400,44.51,44.52,44.5,44.505,24404.0
2023-07-28 13:50:00-0400,44.51,44.5499,44.51,44.54,58782.0
2023-07-28 13:55:00-0400,44.53,44.54,44.52,44.52,56311.0
2023-07-28 14:00:00-0400,44.525,44.53,44.51,44.51,24588.0
2023-07-28 14:05:00-0400,44.515,44.53,44.5082,44.515,40430.0
2023-07-28 14:10:00-0400,44.515,44.525,44.515,44.52,32180.0
2023-07-28 14:15:00-0400,44.52,44.54,44.52,44.5396,24091.0
2023-07-28 14:20:00-0400,44.54,44.54,44.53,44.54,12874.0
2023-07-28 14:25:00-0400,44.5395,44.54,44.52,44.52,7707.0
2023-07-28 14:30:00-0400,44.52,44.5202,44.4825,44.51,28092.0
2023-07-28 14:35:00-0400,44.51,44.52,44.505,44.515,4503.0
2023-07-28 14:40:00-0400,44.5113,44.515,44.51,44.515,3364.0
2023-07-28 14:45:00-0400,44.515,44.52,44.5099,44.5099,10574.0
2023-07-28 14:50:00-0400,44.5099,44.51,44.5,44.51,6052.0
2023-07-28 14:55:00-0400,44.505,44.51,44.5025,44.505,21722.0
2023-07-28 15:00:00-0400,44.5025,44.535,44.5025,44.535,63020.0
2023-07-28 15:05:00-0400,44.534,44.534,44.52,44.53,19980.0
2023-07-28 15:10:00-0400,44.53,44.5495,44.525,44.545,21756.0
2023-07-28 15:15:00-0400,44.545,44.545,44.54,44.545,5238.0
2023-07-28 15:20:00-0400,44.54,44.55,44.54,44.545,3177.0
2023-07-28 15:25:00-0400,44.545,44.545,44.5325,44.54,7841.0
2023-07-28 15:30:00-0400,44.5325,44.55,44.5325,44.55,13269.0
2023-07-28 15:35:00-0400,44.55,44.55,44.54,44.545,4583.0
2023-07-28 15:40:00-0400,44.5408,44.55,44.533,44.55,24814.0
2023-07-28 15:45:00-0400,44.55,44.55,44.5425,44.55,9537.0
2023-07-28 15:50:00-0400,44.541,44.55,44.541,44.5425,39349.0
2023-07-28 15:55:00-0400,44.55,44.55,44.5421,44.55,13741.0
2023-07-28 16:00:00-0400,44.545,44.55,44.5401,44.55,4796.0
2023-07-31 09:35:00-0400,44.55,44.55,44.55,44.55,0.0
2023-07-31 09:40:00-0400,44.55,44.55,44.55,44.55,0.0
2023-07-31 09:45:00-0400,44.55,44.55,44.55,44.55,0.0
2023-07-31 09:50:00-0400,44.55,44.55,44.55,44.55,0.0
2023-07-31 09:55:00-0400,44.55,44.55,44.55,44.55,0.0
2023-07-31 10:00:00-0400,44.55,44.55,44.55,44.55,0.0
2023-07-31 10:05:00-0400,44.55,44.55,44.55,44.55,0.0
2023-07-31 10:10:00-0400,44.55,44.55,44.55,44.55,0.0
2023-07-31 10:15:00-0400,44.55,44.55,44.55,44.55,0.0
2023-07-31 10:20:00-0400,44.55,44.55,44.55,44.55,0.0
2023-07-31 10:25:00-0400,44.55,44.55,44.55,44.55,0.0
2023-07-31 10:30:00-0400,44.55,44.55,44.55,44.55,0.0
2023-07-31 10:35:00-0400,44.55,44.55,44.55,44.55,0.0
2023-07-31 10:40:00-0400,44.55,44.55,44.55,44.55,0.0
2023-07-31 10:45:00-0400,44.55,44.55,44.55,44.55,0.0
2023-07-31 10:50:00-0400,44.55,44.55,44.55,44.55,0.0
2023-07-31 10:55:00-0400,44.55,44.55,44.55,44.55,0.0
2023-07-31 11:00:00-0400,44.55,44.55,44.55,44.55,0.0
2023-07-31 11:05:00-0400,44.74,44.74,44.7,44.7,440.0
2023-07-31 11:10:00-0400,44.7,44.7,44.7,44.7,0.0
2023-07-31 11:15:00-0400,44.7,44.7,44.7,44.7,0.0
2023-07-31 11:20:00-0400,44.7,44.7,44.63,44.63,150.0
2023-07-31 11:25:00-0400,44.63,44.63,44.63,44.63,0.0
2023-07-31 11:30:00-0400,44.63,44.63,44.63,44.63,0.0
2023-07-31 11:35:00-0400,44.63,44.63,44.63,44.63,0.0
2023-07-31 11:40:00-0400,44.63,44.63,44.63,44.63,100.0
2023-07-31 11:45:00-0400,44.63,44.63,44.61,44.61,954.0
2023-07-31 11:50:00-0400,44.61,44.61,44.61,44.61,0.0
2023-07-31 11:55:00-0400,44.61,44.63,44.61,44.62,200.0
2023-07-31 12:00:00-0400,44.62,44.62,44.62,44.62,0.0
2023-07-31 12:05:00-0400,44.62,44.62,44.62,44.62,0.0
2023-07-31 12:10:00-0400,44.62,44.62,44.62,44.62,0.0
2023-07-31 12:15:00-0400,44.62,44.62,44.62,44.62,0.0
2023-07-31 12:20:00-0400,44.62,44.62,44.62,44.62,0.0
2023-07-31 12:25:00-0400,44.62,44.62,44.62,44.62,0.0
2023-07-31 12:30:00-0400,44.62,44.62,44.62,44.62,0.0
2023-07-31 12:35:00-0400,44.62,44.62,44.62,44.62,0.0
2023-07-31 12:40:00-0400,44.62,44.62,44.62,44.62,631.0
2023-07-31 12:45:00-0400,44.62,44.62,44.62,44.62,0.0
2023-07-31 12:50:00-0400,44.62,44.62,44.62,44.62,0.0
2023-07-31 12:55:00-0400,44.62,44.62,44.62,44.62,0.0
2023-07-31 13:00:00-0400,44.62,44.62,44.62,44.62,0.0
2023-07-31 13:05:00-0400,44.62,44.62,44.62,44.62,0.0
2023-07-31 13:10:00-0400,44.62,44.62,44.62,44.62,0.0
2023-07-31 13:15:00-0400,44.62,44.62,44.62,44.62,0.0
2023-07-31 13:20:00-0400,44.53,44.58,44.52,44.58,705.0
2023-07-31 13:25:00-0400,44.58,44.58,44.58,44.58,0.0
2023-07-31 13:30:00-0400,44.58,44.63,44.55,44.6,52944.0
2023-07-31 13:35:00-0400,44.61,44.635,44.6,44.635,85164.0
2023-07-31 13:40:00-0400,44.635,44.635,44.59,44.63,183373.0
2023-07-31 13:45:00-0400,44.6275,44.7199,44.62,44.7199,841891.0
2023-07-31 13:50:00-0400,44.72,44.74,44.71,44.715,51764.0
2023-07-31 13:55:00-0400,44.72,44.7296,44.685,44.69,34685.0
2023-07-31 14:00:00-0400,44.685,44.71,44.67,44.7,32344.0
2023-07-31 14:05:00-0400,44.709,44.7173,44.7,44.715,10746.0
2023-07-31 14:10:00-0400,44.7187,44.7198,44.7,44.715,22009.0
2023-07-31 14:15:00-0400,44.715,44.73,44.7001,44.705,14502.0
2023-07-31 14:20:00-0400,44.705,44.71,44.7,44.7001,30831.0
2023-07-31 14:25:00-0400,44.71,44.71,44.6948,44.705,10890.0
2023-07-31 14:30:00-0400,44.705,44.73,44.7,44.725,12154.0
2023-07-31 14:35:00-0400,44.725,44.7292,44.7001,44.71,14900.0
2023-07-31 14:40:00-0400,44.71,44.715,44.71,44.71,4550.0
2023-07-31 14:45:00-0400,44.71,44.73,44.71,44.72,22536.0
2023-07-31 14:50:00-0400,44.715,44.7399,44.71,44.735,19008.0
2023-07-31 14:55:00-0400,44.7371,44.74,44.73,44.735,16997.0
2023-07-31 15:00:00-0400,44.7362,44.738,44.73,44.735,9167.0
2023-07-31 15:05:00-0400,44.73,44.74,44.73,44.7387,7608.0
2023-07-31 15:10:00-0400,44.7396,44.745,44.7327,44.745,22966.0
2023-07-31 15:15:00-0400,44.74,44.7499,44.7307,44.7307,16642.0
2023-07-31 15:20:00-0400,44.735,44.74,44.73,44.74,4819.0
2023-07-31 15:25:00-0400,44.745,44.745,44.73,44.735,9279.0
2023-07-31 15:30:00-0400,44.74,44.75,44.73,44.745,40950.0
2023-07-31 15:35:00-0400,44.745,44.75,44.73,44.735,9814.0
2023-07-31 15:40:00-0400,44.74,44.74,44.7201,44.7201,13750.0
2023-07-31 15:45:00-0400,44.725,44.73,44.72,44.73,5461.0
2023-07-31 15:50:00-0400,44.73,44.7399,44.73,44.73,22422.0
2023-07-31 15:55:00-0400,44.73,44.735,44.7157,44.729,17058.0
2023-07-31 16:00:00-0400,44.729,44.729,44.72,44.72,17039.0
2023-08-01 09:35:00-0400,44.72,44.72,44.72,44.72,0.0
2023-08-01 09:40:00-0400,44.72,44.8,44.72,44.8,377.0
2023-08-01 09:45:00-0400,44.8,44.8,44.8,44.8,0.0
2023-08-01 09:50:00-0400,44.8,44.8,44.8,44.8,0.0
2023-08-01 09:55:00-0400,44.8,44.8,44.8,44.8,0.0
2023-08-01 10:00:00-0400,44.8,44.8,44.8,44.8,0.0
2023-08-01 10:05:00-0400,44.8,44.8,44.8,44.8,0.0
2023-08-01 10:10:00-0400,44.8,44.8,44.8,44.8,0.0
2023-08-01 10:15:00-0400,44.8,44.8,44.8,44.8,0.0
2023-08-01 10:20:00-0400,44.8,44.8,44.8,44.8,0.0
2023-08-01 10:25:00-0400,44.8,44.8,44.8,44.8,0.0
2023-08-01 10:30:00-0400,44.8,44.8,44.8,44.8,0.0
2023-08-01 10:35:00-0400,44.8,44.8,44.8,44.8,0.0
2023-08-01 10:40:00-0400,44.8,44.8,44.8,44.8,0.0
2023-08-01 10:45:00-0400,44.8,44.8,44.8,44.8,150.0
2023-08-01 10:50:00-0400,44.8,44.8,44.8,44.8,0.0
2023-08-01 10:55:00-0400,44.8,44.8,44.8,44.8,0.0
2023-08-01 11:00:00-0400,44.8,44.8,44.8,44.8,0.0
2023-08-01 11:05:00-0400,44.8,44.8,44.8,44.8,0.0
2023-08-01 11:10:00-0400,44.8,44.8,44.8,44.8,0.0
2023-08-01 11:15:00-0400,44.8,44.8,44.8,44.8,0.0
2023-08-01 11:20:00-0400,44.8,44.8,44.8,44.8,0.0
2023-08-01 11:25:00-0400,44.8,44.8,44.8,44.8,0.0
2023-08-01 11:30:00-0400,44.8,44.8,44.8,44.8,0.0
2023-08-01 11:35:00-0400,44.8,44.8,44.76,44.76,379.0
2023-08-01 11:40:00-0400,44.76,44.76,44.76,44.76,0.0
2023-08-01 11:45:00-0400,44.76,44.76,44.76,44.76,0.0
2023-08-01 11:50:00-0400,44.76,44.76,44.76,44.76,0.0
2023-08-01 11:55:00-0400,44.71,44.71,44.71,44.71,100.0
2023-08-01 12:00:00-0400,44.71,44.71,44.71,44.71,0.0
2023-08-01 12:05:00-0400,44.71,44.71,44.71,44.71,0.0
2023-08-01 12:10:00-0400,44.71,44.71,44.71,44.71,0.0
2023-08-01 12:15:00-0400,44.71,44.71,44.71,44.71,0.0
2023-08-01 12:20:00-0400,44.71,44.71,44.6,44.6,1038.0
2023-08-01 12:25:00-0400,44.6,44.6,44.6,44.6,0.0
2023-08-01 12:30:00-0400,44.6,44.6,44.57,44.57,241.0
2023-08-01 12:35:00-0400,44.57,44.57,44.57,44.57,0.0
2023-08-01 12:40:00-0400,44.57,44.57,44.57,44.57,0.0
2023-08-01 12:45:00-0400,44.57,44.71,44.57,44.71,300.0
2023-08-01 12:50:00-0400,44.71,44.71,44.71,44.71,0.0
2023-08-01 12:55:00-0400,44.71,44.71,44.71,44.71,0.0
2023-08-01 13:00:00-0400,44.55,44.55,44.53,44.53,558.0
2023-08-01 13:05:00-0400,44.53,44.53,44.53,44.53,0.0
2023-08-01 13:10:00-0400,44.53,44.53,44.53,44.53,0.0
2023-08-01 13:15:00-0400,44.53,44.55,44.53,44.55,125.0
2023-08-01 13:20:00-0400,44.55,44.55,44.55,44.55,0.0
2023-08-01 13:25:00-0400,44.55,44.55,44.55,44.55,0.0
2023-08-01 13:30:00-0400,44.55,44.63,44.52,44.525,36957.0
2023-08-01 13:35:00-0400,44.525,44.5299,44.46,44.4648,49375.0
2023-08-01 13:40:00-0400,44.47,44.4975,44.462,44.475,27848.0
2023-08-01 13:45:00-0400,44.48,44.49,44.46,44.465,28591.0
2023-08-01 13:50:00-0400,44.46,44.4875,44.46,44.485,64224.0
2023-08-01 13:55:00-0400,44.485,44.49,44.48,44.48,42589.0
2023-08-01 14:00:00-0400,44.475,44.52,44.47,44.495,35045.0
2023-08-01 14:05:00-0400,44.49,44.505,44.485,44.495,35514.0
2023-08-01 14:10:00-0400,44.495,44.5,44.4721,44.475,12636.0
2023-08-01 14:15:00-0400,44.475,44.48,44.445,44.45,40122.0
2023-08-01 14:20:00-0400,44.45,44.45,44.44,44.45,10708.0
2023-08-01 14:25:00-0400,44.4401,44.45,44.43,44.45,171936.0
2023-08-01 14:30:00-0400,44.45,44.46,44.4497,44.46,40178.0
2023-08-01 14:35:00-0400,44.455,44.47,44.45,44.4657,28759.0
2023-08-01 14:40:00-0400,44.47,44.4775,44.465,44.475,32305.0
2023-08-01 14:45:00-0400,44.475,44.48,44.47,44.475,17976.0
2023-08-01 14:50:00-0400,44.46,44.46,44.44,44.458,39566.0
2023-08-01 14:55:00-0400,44.46,44.46,44.445,44.45,24742.0
2023-08-01 15:00:00-0400,44.45,44.46,44.45,44.455,35141.0
2023-08-01 15:05:00-0400,44.455,44.455,44.44,44.45,37539.0
2023-08-01 15:10:00-0400,44.45,44.45,44.44,44.44,77126.0
2023-08-01 15:15:00-0400,44.44,44.4475,44.42,44.425,15969.0
2023-08-01 15:20:00-0400,44.425,44.43,44.42,44.425,18677.0
2023-08-01 15:25:00-0400,44.425,44.425,44.41,44.41,35342.0
2023-08-01 15:30:00-0400,44.41,44.42,44.41,44.41,37159.0
2023-08-01 15:35:00-0400,44.4,44.41,44.4,44.41,21460.0
2023-08-01 15:40:00-0400,44.41,44.415,44.4,44.41,29601.0
2023-08-01 15:45:00-0400,44.415,44.417,44.41,44.41,42818.0
2023-08-01 15:50:00-0400,44.415,44.425,44.41,44.425,9828.0
2023-08-01 15:55:00-0400,44.42,44.43,44.42,44.425,11639.0
2023-08-01 16:00:00-0400,44.425,44.43,44.42,44.43,7744.0
2023-08-02 09:35:00-0400,44.43,44.43,44.43,44.43,0.0
2023-08-02 09:40:00-0400,44.43,44.43,44.43,44.43,0.0
2023-08-02 09:45:00-0400,44.43,44.43,44.43,44.43,0.0
2023-08-02 09:50:00-0400,44.43,44.43,44.43,44.43,0.0
2023-08-02 09:55:00-0400,44.43,44.43,44.43,44.43,0.0
2023-08-02 10:00:00-0400,44.43,44.43,44.43,44.43,0.0
2023-08-02 10:05:00-0400,44.43,44.43,44.43,44.43,0.0
2023-08-02 10:10:00-0400,44.43,44.43,44.43,44.43,0.0
2023-08-02 10:15:00-0400,44.43,44.43,44.43,44.43,0.0
2023-08-02 10:20:00-0400,44.43,44.43,44.43,44.43,0.0
2023-08-02 10:25:00-0400,44.43,44.43,44.43,44.43,0.0
2023-08-02 10:30:00-0400,44.43,44.43,44.43,44.43,0.0
2023-08-02 10:35:00-0400,44.43,44.43,44.43,44.43,0.0
2023-08-02 10:40:00-0400,44.43,44.43,43.95,43.95,200.0
2023-08-02 10:45:00-0400,43.95,43.95,43.91,43.91,300.0
2023-08-02 10:50:00-0400,43.91,43.91,43.91,43.91,0.0
2023-08-02 10:55:00-0400,43.91,43.91,43.91,43.91,0.0
2023-08-02 11:00:00-0400,43.91,44.15,43.91,44.0,2305.0
2023-08-02 11:05:00-0400,44.0,44.0,44.0,44.0,0.0
2023-08-02 11:10:00-0400,44.0,44.0,44.0,44.0,0.0
2023-08-02 11:15:00-0400,44.09,44.09,44.0,44.0,1101.0
2023-08-02 11:20:00-0400,44.0,44.0,44.0,44.0,0.0
2023-08-02 11:25:00-0400,44.0,44.0,44.0,44.0,0.0
2023-08-02 11:30:00-0400,44.0,44.0,44.0,44.0,0.0
2023-08-02 11:35:00-0400,44.0,44.0,44.0,44.0,0.0
2023-08-02 11:40:00-0400,44.0,44.0,44.0,44.0,0.0
2023-08-02 11:45:00-0400,44.0,44.0,44.0,44.0,0.0
2023-08-02 11:50:00-0400,44.0,44.09,44.0,44.09,168.0
2023-08-02 11:55:00-0400,44.09,44.09,44.09,44.09,0.0
2023-08-02 12:00:00-0400,44.09,44.19,44.09,44.19,1090.0
2023-08-02 12:05:00-0400,44.19,44.19,44.19,44.19,0.0
2023-08-02 12:10:00-0400,44.19,44.19,44.19,44.19,0.0
2023-08-02 12:15:00-0400,44.19,44.19,44.19,44.19,0.0
2023-08-02 12:20:00-0400,44.19,44.19,44.19,44.19,0.0
2023-08-02 12:25:00-0400,44.19,44.19,44.19,44.19,0.0
2023-08-02 12:30:00-0400,44.19,44.19,44.19,44.19,0.0
2023-08-02 12:35:00-0400,44.19,44.19,44.19,44.19,0.0
2023-08-02 12:40:00-0400,44.19,44.19,44.19,44.19,0.0
2023-08-02 12:45:00-0400,44.19,44.19,44.19,44.19,0.0
2023-08-02 12:50:00-0400,44.19,44.19,44.19,44.19,0.0
2023-08-02 12:55:00-0400,44.19,44.19,44.0,44.0,252.0
2023-08-02 13:00:00-0400,44.0,44.0,44.0,44.0,0.0
2023-08-02 13:05:00-0400,44.0,44.0,44.0,44.0,0.0
2023-08-02 13:10:00-0400,44.0,44.0,43.85,43.85,500.0
2023-08-02 13:15:00-0400,43.85,43.9,43.85,43.9,300.0
2023-08-02 13:20:00-0400,43.9,43.9,43.9,43.9,0.0
2023-08-02 13:25:00-0400,43.86,43.9,43.82,43.9,2102.0
2023-08-02 13:30:00-0400,43.9,43.95,43.8,43.8,157315.0
2023-08-02 13:35:00-0400,43.81,43.81,43.74,43.755,112440.0
2023-08-02 13:40:00-0400,43.75,43.78,43.74,43.765,77357.0
2023-08-02 13:45:00-0400,43.765,43.78,43.745,43.765,95732.0
2023-08-02 13:50:00-0400,43.77,43.77,43.755,43.765,47460.0
2023-08-02 13:55:00-0400,43.76,43.77,43.74,43.745,34668.0
2023-08-02 14:00:00-0400,43.745,43.76,43.745,43.755,44646.0
2023-08-02 14:05:00-0400,43.75,43.785,43.725,43.7785,297954.0
2023-08-02 14:10:00-0400,43.77,43.77,43.72,43.725,253372.0
2023-08-02 14:15:00-0400,43.7299,43.73,43.71,43.7199,28581.0
2023-08-02 14:20:00-0400,43.715,43.72,43.705,43.71,35311.0
2023-08-02 14:25:00-0400,43.7094,43.72,43.7,43.7094,40477.0
2023-08-02 14:30:00-0400,43.7099,43.71,43.68,43.7,30316.0
2023-08-02 14:35:00-0400,43.7,43.7021,43.69,43.695,61334.0
2023-08-02 14:40:00-0400,43.695,43.7,43.68,43.685,73029.0
2023-08-02 14:45:00-0400,43.6875,43.6875,43.64,43.6439,86339.0
2023-08-02 14:50:00-0400,43.64,43.65,43.635,43.64,43601.0
2023-08-02 14:55:00-0400,43.645,43.65,43.64,43.645,13418.0
2023-08-02 15:00:00-0400,43.6401,43.65,43.63,43.65,36864.0
2023-08-02 15:05:00-0400,43.655,43.66,43.64,43.655,71234.0
2023-08-02 15:10:00-0400,43.655,43.67,43.655,43.6695,28681.0
2023-08-02 15:15:00-0400,43.67,43.69,43.665,43.675,18538.0
2023-08-02 15:20:00-0400,43.675,43.675,43.66,43.6684,22804.0
2023-08-02 15:25:00-0400,43.665,43.69,43.665,43.6857,84643.0
2023-08-02 15:30:00-0400,43.687,43.6999,43.68,43.68,27586.0
2023-08-02 15:35:00-0400,43.6878,43.7,43.68,43.69,25152.0
2023-08-02 15:40:00-0400,43.695,43.7,43.69,43.695,9556.0
2023-08-02 15:45:00-0400,43.69,43.6999,43.69,43.695,4661.0
2023-08-02 15:50:00-0400,43.69,43.7,43.68,43.68,18128.0
2023-08-02 15:55:00-0400,43.68,43.69,43.67,43.67,28807.0
2023-08-02 16:00:00-0400,43.67,43.6799,43.67,43.67,4619.0
2023-08-03 09:35:00-0400,43.67,43.67,43.67,43.67,0.0
2023-08-03 09:40:00-0400,43.67,43.67,43.67,43.67,0.0
2023-08-03 09:45:00-0400,43.67,43.67,43.67,43.67,0.0
2023-08-03 09:50:00-0400,43.67,43.67,43.67,43.67,0.0
2023-08-03 09:55:00-0400,43.67,43.67,43.67,43.67,0.0
2023-08-03 10:00:00-0400,43.67,43.67,43.67,43.67,0.0
2023-08-03 10:05:00-0400,43.67,43.67,43.67,43.67,0.0
2023-08-03 10:10:00-0400,43.67,43.67,43.67,43.67,0.0
2023-08-03 10:15:00-0400,43.67,43.67,43.67,43.67,0.0
2023-08-03 10:20:00-0400,43.67,43.67,43.67,43.67,0.0
2023-08-03 10:25:00-0400,43.67,43.67,43.67,43.67,0.0
2023-08-03 10:30:00-0400,43.67,43.67,43.67,43.67,0.0
2023-08-03 10:35:00-0400,43.67,43.67,43.67,43.67,0.0
2023-08-03 10:40:00-0400,43.67,43.67,43.67,43.67,0.0
2023-08-03 10:45:00-0400,43.67,43.67,43.67,43.67,0.0
2023-08-03 10:50:00-0400,43.67,43.67,43.67,43.67,0.0
2023-08-03 10:55:00-0400,43.67,43.67,43.67,43.67,0.0
2023-08-03 11:00:00-0400,43.67,43.67,43.67,43.67,0.0
2023-08-03 11:05:00-0400,43.67,43.67,43.67,43.67,0.0
2023-08-03 11:10:00-0400,43.67,43.67,43.67,43.67,0.0
2023-08-03 11:15:00-0400,43.67,43.67,43.67,43.67,0.0
2023-08-03 11:20:00-0400,43.67,43.67,43.67,43.67,0.0
2023-08-03 11:25:00-0400,43.67,43.67,43.67,43.67,0.0
2023-08-03 11:30:00-0400,43.67,43.67,43.67,43.67,0.0
2023-08-03 11:35:00-0400,43.67,43.67,43.67,43.67,0.0
2023-08-03 11:40:00-0400,43.67,43.67,43.67,43.67,0.0
2023-08-03 11:45:00-0400,43.67,43.67,43.67,43.67,0.0
2023-08-03 11:50:00-0400,43.67,43.67,43.67,43.67,0.0
2023-08-03 11:55:00-0400,43.67,43.67,43.67,43.67,0.0
2023-08-03 12:00:00-0400,43.67,43.67,43.67,43.67,0.0
2023-08-03 12:05:00-0400,43.67,43.67,42.59,42.6,299.0
2023-08-03 12:10:00-0400,42.6,42.6,42.6,42.6,0.0
2023-08-03 12:15:00-0400,42.6,42.6,42.6,42.6,0.0
2023-08-03 12:20:00-0400,42.6,42.6,42.6,42.6,0.0
2023-08-03 12:25:00-0400,42.6,42.6,42.6,42.6,0.0
2023-08-03 12:30:00-0400,42.6,42.6,42.6,42.6,0.0
2023-08-03 12:35:00-0400,42.6,42.6,42.6,42.6,0.0
2023-08-03 12:40:00-0400,42.6,42.6,42.6,42.6,0.0
2023-08-03 12:45:00-0400,42.6,42.6,42.6,42.6,0.0
2023-08-03 12:50:00-0400,42.6,42.6,42.6,42.6,0.0
2023-08-03 12:55:00-0400,42.6,42.6,42.6,42.6,0.0
2023-08-03 13:00:00-0400,42.6,42.6,42.6,42.6,0.0
2023-08-03 13:05:00-0400,42.6,42.6,42.6,42.6,0.0
2023-08-03 13:10:00-0400,42.6,42.6,42.6,42.6,0.0
2023-08-03 13:15:00-0400,42.6,42.6,42.6,42.6,0.0
2023-08-03 13:20:00-0400,42.6,42.6,42.6,42.6,0.0
2023-08-03 13:25:00-0400,42.6,42.6,42.6,42.6,0.0
2023-08-03 13:30:00-0400,42.6,43.67,42.6,43.635,21570.0
2023-08-03 13:35:00-0400,43.635,43.67,43.61,43.635,120057.0
2023-08-03 13:40:00-0400,43.64,43.645,43.62,43.625,36899.0
2023-08-03 13:45:00-0400,43.625,43.625,43.595,43.595,32612.0
2023-08-03 13:50:00-0400,43.6,43.64,43.6,43.64,47159.0
2023-08-03 13:55:00-0400,43.645,43.645,43.62,43.625,47382.0
2023-08-03 14:00:00-0400,43.62,43.645,43.6135,43.645,46235.0
2023-08-03 14:05:00-0400,43.645,43.665,43.63,43.6505,106234.0
2023-08-03 14:10:00-0400,43.655,43.66,43.6435,43.655,20735.0
2023-08-03 14:15:00-0400,43.65,43.66,43.635,43.635,24179.0
2023-08-03 14:20:00-0400,43.63,43.6368,43.61,43.635,18722.0
2023-08-03 14:25:00-0400,43.635,43.635,43.615,43.62,21189.0
2023-08-03 14:30:00-0400,43.62,43.63,43.605,43.605,60622.0
2023-08-03 14:35:00-0400,43.605,43.63,43.605,43.63,22098.0
2023-08-03 14:40:00-0400,43.635,43.64,43.62,43.635,20238.0
2023-08-03 14:45:00-0400,43.635,43.64,43.63,43.63,9943.0
2023-08-03 14:50:00-0400,43.63,43.64,43.63,43.6382,40722.0
2023-08-03 14:55:00-0400,43.64,43.64,43.62,43.62,24685.0
2023-08-03 15:00:00-0400,43.62,43.64,43.62,43.63,31970.0
2023-08-03 15:05:00-0400,43.63,43.65,43.62,43.64,46360.0
2023-08-03 15:10:00-0400,43.645,43.65,43.6348,43.635,43854.0
2023-08-03 15:15:00-0400,43.63,43.67,43.63,43.67,52369.0
2023-08-03 15:20:00-0400,43.669,43.705,43.665,43.69,104651.0
2023-08-03 15:25:00-0400,43.69,43.695,43.675,43.675,31980.0
2023-08-03 15:30:00-0400,43.68,43.68,43.665,43.665,21657.0
2023-08-03 15:35:00-0400,43.665,43.67,43.65,43.65,33766.0
2023-08-03 15:40:00-0400,43.65,43.655,43.64,43.64,14951.0
2023-08-03 15:45:00-0400,43.64,43.645,43.63,43.64,44969.0
2023-08-03 15:50:00-0400,43.64,43.66,43.64,43.66,33228.0
2023-08-03 15:55:00-0400,43.655,43.67,43.645,43.645,36200.0
2023-08-03 16:00:00-0400,43.645,43.6464,43.63,43.635,21505.0
2023-08-04 09:35:00-0400,43.635,43.635,43.635,43.635,0.0
2023-08-04 09:40:00-0400,43.635,43.635,43.635,43.635,0.0
2023-08-04 09:45:00-0400,43.635,43.635,43.635,43.635,0.0
2023-08-04 09:50:00-0400,43.635,43.635,43.635,43.635,0.0
2023-08-04 09:55:00-0400,43.635,43.635,43.635,43.635,0.0
2023-08-04 10:00:00-0400,43.635,43.635,43.635,43.635,0.0
2023-08-04 10:05:00-0400,43.635,43.635,43.635,43.635,0.0
2023-08-04 10:10:00-0400,43.635,43.635,43.635,43.635,0.0
2023-08-04 10:15:00-0400,43.635,43.635,43.635,43.635,0.0
2023-08-04 10:20:00-0400,43.635,43.635,43.635,43.635,0.0
2023-08-04 10:25:00-0400,43.635,43.635,43.635,43.635,0.0
2023-08-04 10:30:00-0400,43.635,43.635,43.635,43.635,0.0
2023-08-04 10:35:00-0400,43.635,43.635,43.635,43.635,0.0
2023-08-04 10:40:00-0400,43.635,43.635,43.635,43.635,0.0
2023-08-04 10:45:00-0400,43.635,43.635,43.635,43.635,0.0
2023-08-04 10:50:00-0400,43.635,43.635,43.635,43.635,0.0
2023-08-04 10:55:00-0400,43.635,43.635,43.635,43.635,0.0
2023-08-04 11:00:00-0400,43.635,43.635,43.635,43.635,0.0
2023-08-04 11:05:00-0400,43.635,43.635,43.635,43.635,0.0
2023-08-04 11:10:00-0400,43.635,43.635,43.635,43.635,0.0
2023-08-04 11:15:00-0400,43.635,43.635,43.635,43.635,0.0
2023-08-04 11:20:00-0400,43.635,43.635,43.635,43.635,0.0
2023-08-04 11:25:00-0400,43.635,43.635,43.635,43.635,0.0
2023-08-04 11:30:00-0400,43.635,43.635,43.635,43.635,0.0
2023-08-04 11:35:00-0400,43.635,43.635,43.635,43.635,0.0
2023-08-04 11:40:00-0400,43.635,43.635,43.635,43.635,0.0
2023-08-04 11:45:00-0400,43.76,43.76,43.76,43.76,573.0
2023-08-04 11:50:00-0400,43.76,43.76,43.76,43.76,0.0
2023-08-04 11:55:00-0400,43.76,43.76,43.76,43.76,0.0
2023-08-04 12:00:00-0400,43.76,43.78,43.76,43.78,1402.0
2023-08-04 12:05:00-0400,43.78,43.78,43.78,43.78,0.0
2023-08-04 12:10:00-0400,43.78,43.78,43.78,43.78,0.0
2023-08-04 12:15:00-0400,43.78,43.78,43.78,43.78,0.0
2023-08-04 12:20:00-0400,43.78,43.78,43.78,43.78,0.0
2023-08-04 12:25:00-0400,43.78,43.78,43.78,43.78,0.0
2023-08-04 12:30:00-0400,43.78,43.99,43.78,43.99,100.0
2023-08-04 12:35:00-0400,43.99,43.99,43.99,43.99,0.0
2023-08-04 12:40:00-0400,43.99,43.99,43.99,43.99,0.0
2023-08-04 12:45:00-0400,43.99,43.99,43.99,43.99,0.0
2023-08-04 12:50:00-0400,43.99,43.99,43.99,43.99,0.0
2023-08-04 12:55:00-0400,43.99,43.99,43.9,43.92,3005.0
2023-08-04 13:00:00-0400,43.92,43.92,43.92,43.92,0.0
2023-08-04 13:05:00-0400,43.92,43.92,43.92,43.92,0.0
2023-08-04 13:10:00-0400,43.92,43.92,43.92,43.92,0.0
2023-08-04 13:15:00-0400,43.92,43.92,43.92,43.92,0.0
2023-08-04 13:20:00-0400,43.92,43.97,43.92,43.97,708.0
2023-08-04 13:25:00-0400,43.97,43.97,43.97,43.97,0.0
2023-08-04 13:30:00-0400,43.97,43.99,43.92,43.9297,22347.0
2023-08-04 13:35:00-0400,43.93,43.968,43.93,43.95,49842.0
2023-08-04 13:40:00-0400,43.95,43.98,43.94,43.98,43119.0
2023-08-04 13:45:00-0400,43.98,43.99,43.961,43.99,21214.0
2023-08-04 13:50:00-0400,43.99,44.02,43.99,44.015,53800.0
2023-08-04 13:55:00-0400,44.0199,44.0199,43.95,43.96,50196.0
2023-08-04 14:00:00-0400,43.95,43.95,43.9,43.9,49935.0
2023-08-04 14:05:00-0400,43.9,43.91,43.875,43.88,32691.0
2023-08-04 14:10:00-0400,43.88,43.9,43.86,43.9,30781.0
2023-08-04 14:15:00-0400,43.905,43.92,43.9,43.9,16174.0
2023-08-04 14:20:00-0400,43.9,43.965,43.9,43.96,21080.0
2023-08-04 14:25:00-0400,43.96,43.995,43.95,43.99,62902.0
2023-08-04 14:30:00-0400,43.9899,43.9899,43.97,43.98,8297.0
2023-08-04 14:35:00-0400,43.98,44.015,43.98,44.01,49413.0
2023-08-04 14:40:00-0400,44.005,44.02,44.005,44.0199,24721.0
2023-08-04 14:45:00-0400,44.02,44.025,44.01,44.025,6292.0
2023-08-04 14:50:00-0400,44.025,44.025,44.01,44.02,8384.0
2023-08-04 14:55:00-0400,44.02,44.04,44.0101,44.03,22861.0
2023-08-04 15:00:00-0400,44.035,44.035,44.0,44.0,40437.0
2023-08-04 15:05:00-0400,44.0,44.025,44.0,44.025,23915.0
2023-08-04 15:10:00-0400,44.025,44.045,44.025,44.04,23298.0
2023-08-04 15:15:00-0400,44.04,44.045,44.0301,44.04,6495.0
2023-08-04 15:20:00-0400,44.04,44.04,44.03,44.035,18059.0
2023-08-04 15:25:00-0400,44.035,44.05,44.03,44.045,13504.0
2023-08-04 15:30:00-0400,44.045,44.07,44.045,44.065,32574.0
2023-08-04 15:35:00-0400,44.065,44.085,44.065,44.08,56537.0
2023-08-04 15:40:00-0400,44.08,44.085,44.0701,44.08,20863.0
2023-08-04 15:45:00-0400,44.08,44.135,44.08,44.13,62216.0
2023-08-04 15:50:00-0400,44.13,44.14,44.1217,44.125,17914.0
2023-08-04 15:55:00-0400,44.12,44.13,44.115,44.125,18635.0
2023-08-04 16:00:00-0400,44.13,44.13,44.115,44.125,10917.0
2023-08-07 09:35:00-0400,44.125,44.125,44.125,44.125,0.0
2023-08-07 09:40:00-0400,44.125,44.125,44.125,44.125,0.0
2023-08-07 09:45:00-0400,44.125,44.125,44.125,44.125,0.0
2023-08-07 09:50:00-0400,44.125,44.125,44.125,44.125,0.0
2023-08-07 09:55:00-0400,44.125,44.125,44.125,44.125,0.0
2023-08-07 10:00:00-0400,44.125,44.125,44.125,44.125,0.0
2023-08-07 10:05:00-0400,44.125,44.125,44.125,44.125,0.0
2023-08-07 10:10:00-0400,44.125,44.125,44.125,44.125,0.0
2023-08-07 10:15:00-0400,44.125,44.125,44.125,44.125,0.0
2023-08-07 10:20:00-0400,44.125,44.125,44.125,44.125,0.0
2023-08-07 10:25:00-0400,44.125,44.125,44.125,44.125,0.0
2023-08-07 10:30:00-0400,44.125,44.125,44.125,44.125,0.0
2023-08-07 10:35:00-0400,44.125,44.125,44.125,44.125,0.0
2023-08-07 10:40:00-0400,44.125,44.125,44.125,44.125,0.0
2023-08-07 10:45:00-0400,44.125,44.125,44.125,44.125,0.0
2023-08-07 10:50:00-0400,44.125,44.125,44.125,44.125,0.0
2023-08-07 10:55:00-0400,44.125,44.125,44.125,44.125,0.0
2023-08-07 11:00:00-0400,44.125,44.125,44.125,44.125,0.0
2023-08-07 11:05:00-0400,44.125,44.125,44.125,44.125,0.0
2023-08-07 11:10:00-0400,44.125,44.125,44.125,44.125,0.0
2023-08-07 11:15:00-0400,44.125,44.125,44.125,44.125,0.0
2023-08-07 11:20:00-0400,44.125,44.125,44.125,44.125,0.0
2023-08-07 11:25:00-0400,44.125,44.125,44.125,44.125,0.0
2023-08-07 11:30:00-0400,44.125,44.125,44.125,44.125,0.0
2023-08-07 11:35:00-0400,44.125,44.125,44.125,44.125,0.0
2023-08-07 11:40:00-0400,44.125,44.125,44.125,44.125,0.0
2023-08-07 11:45:00-0400,44.125,44.125,44.125,44.125,0.0
2023-08-07 11:50:00-0400,44.125,44.125,44.125,44.125,0.0
2023-08-07 11:55:00-0400,44.125,44.125,44.125,44.125,0.0
2023-08-07 12:00:00-0400,44.125,44.125,44.125,44.125,0.0
2023-08-07 12:05:00-0400,44.125,44.125,44.125,44.125,0.0
2023-08-07 12:10:00-0400,44.125,44.125,44.125,44.125,0.0
2023-08-07 12:15:00-0400,44.125,44.125,44.125,44.125,0.0
2023-08-07 12:20:00-0400,44.125,44.125,44.125,44.125,0.0
2023-08-07 12:25:00-0400,44.125,44.125,44.125,44.125,0.0
2023-08-07 12:30:00-0400,44.125,44.125,44.125,44.125,0.0
2023-08-07 12:35:00-0400,44.125,44.125,44.125,44.125,0.0
2023-08-07 12:40:00-0400,44.125,44.125,44.125,44.125,0.0
2023-08-07 12:45:00-0400,44.125,44.125,44.125,44.125,0.0
2023-08-07 12:50:00-0400,44.125,44.125,44.125,44.125,0.0
2023-08-07 12:55:00-0400,44.125,44.125,44.125,44.125,0.0
2023-08-07 13:00:00-0400,44.125,44.125,44.125,44.125,0.0
2023-08-07 13:05:00-0400,44.125,44.125,44.125,44.125,0.0
2023-08-07 13:10:00-0400,44.125,44.125,44.125,44.125,0.0
2023-08-07 13:15:00-0400,44.125,44.125,44.125,44.125,0.0
2023-08-07 13:20:00-0400,44.125,44.125,44.125,44.125,0.0
2023-08-07 13:25:00-0400,44.125,44.125,44.125,44.125,0.0
2023-08-07 13:30:00-0400,44.125,44.125,44.125,44.125,0.0
2023-08-07 13:35:00-0400,44.13,44.14,44.11,44.12,74316.0
2023-08-07 13:40:00-0400,44.1299,44.14,44.121,44.13,45338.0
2023-08-07 13:45:00-0400,44.14,44.14,44.09,44.095,20259.0
2023-08-07 13:50:00-0400,44.085,44.09,44.07,44.077,16759.0
2023-08-07 13:55:00-0400,44.075,44.1,44.075,44.09,34947.0
2023-08-07 14:00:00-0400,44.0899,44.0899,44.06,44.065,23634.0
2023-08-07 14:05:00-0400,44.065,44.08,44.0525,44.07,43591.0
2023-08-07 14:10:00-0400,44.075,44.125,44.075,44.12,20969.0
2023-08-07 14:15:00-0400,44.12,44.1202,44.1,44.12,15688.0
2023-08-07 14:20:00-0400,44.12,44.135,44.12,44.13,22002.0
2023-08-07 14:25:00-0400,44.135,44.14,44.12,44.135,17930.0
2023-08-07 14:30:00-0400,44.13,44.135,44.125,44.125,5752.0
2023-08-07 14:35:00-0400,44.12,44.1299,44.1,44.105,11408.0
2023-08-07 14:40:00-0400,44.1025,44.1165,44.1,44.115,29018.0
2023-08-07 14:45:00-0400,44.12,44.13,44.105,44.11,40283.0
2023-08-07 14:50:00-0400,44.115,44.129,44.111,44.1251,11787.0
2023-08-07 14:55:00-0400,44.12,44.12,44.095,44.095,18140.0
2023-08-07 15:00:00-0400,44.095,44.105,44.085,44.09,8860.0
2023-08-07 15:05:00-0400,44.09,44.1,44.0825,44.09,22792.0
2023-08-07 15:10:00-0400,44.09,44.09,44.07,44.09,34039.0
2023-08-07 15:15:00-0400,44.0975,44.11,44.0975,44.11,18177.0
2023-08-07 15:20:00-0400,44.11,44.11,44.08,44.09,31506.0
2023-08-07 15:25:00-0400,44.0848,44.1055,44.081,44.105,14421.0
2023-08-07 15:30:00-0400,44.1001,44.11,44.1,44.11,10556.0
2023-08-07 15:35:00-0400,44.1,44.11,44.1,44.11,12879.0
2023-08-07 15:40:00-0400,44.115,44.12,44.115,44.12,18010.0
2023-08-07 15:45:00-0400,44.1275,44.1275,44.115,44.125,12059.0
2023-08-07 15:50:00-0400,44.12,44.1229,44.115,44.12,12089.0
2023-08-07 15:55:00-0400,44.1137,44.12,44.11,44.12,7595.0
2023-08-07 16:00:00-0400,44.115,44.125,44.11,44.12,8891.0
2023-08-08 09:35:00-0400,44.12,44.12,44.12,44.12,0.0
2023-08-08 09:40:00-0400,44.12,44.12,44.12,44.12,0.0
2023-08-08 09:45:00-0400,44.12,44.12,44.12,44.12,0.0
2023-08-08 09:50:00-0400,44.12,44.12,44.12,44.12,0.0
2023-08-08 09:55:00-0400,44.12,44.12,44.12,44.12,0.0
2023-08-08 10:00:00-0400,44.12,44.12,44.12,44.12,0.0
2023-08-08 10:05:00-0400,44.12,44.12,44.12,44.12,0.0
2023-08-08 10:10:00-0400,44.12,44.12,44.12,44.12,0.0
2023-08-08 10:15:00-0400,44.12,44.12,44.12,44.12,0.0
2023-08-08 10:20:00-0400,44.12,44.12,44.12,44.12,0.0
2023-08-08 10:25:00-0400,44.12,44.12,44.12,44.12,0.0
2023-08-08 10:30:00-0400,44.12,44.12,44.12,44.12,0.0
2023-08-08 10:35:00-0400,44.12,44.12,44.12,44.12,0.0
2023-08-08 10:40:00-0400,44.12,44.12,44.12,44.12,0.0
2023-08-08 10:45:00-0400,44.12,44.12,44.12,44.12,0.0
2023-08-08 10:50:00-0400,44.12,44.12,44.12,44.12,0.0
2023-08-08 10:55:00-0400,44.12,44.12,44.12,44.12,0.0
2023-08-08 11:00:00-0400,44.12,44.12,44.12,44.12,0.0
2023-08-08 11:05:00-0400,44.12,44.12,44.12,44.12,0.0
2023-08-08 11:10:00-0400,44.12,44.12,44.12,44.12,0.0
2023-08-08 11:15:00-0400,44.12,44.12,44.12,44.12,0.0
2023-08-08 11:20:00-0400,44.12,44.12,44.12,44.12,0.0
2023-08-08 11:25:00-0400,44.12,44.12,44.12,44.12,0.0
2023-08-08 11:30:00-0400,44.12,44.12,44.12,44.12,0.0
2023-08-08 11:35:00-0400,44.12,44.12,44.12,44.12,0.0
2023-08-08 11:40:00-0400,44.12,44.12,44.12,44.12,0.0
2023-08-08 11:45:00-0400,44.12,44.12,44.12,44.12,0.0
2023-08-08 11:50:00-0400,44.12,44.12,44.12,44.12,0.0
2023-08-08 11:55:00-0400,44.12,44.12,44.12,44.12,0.0
2023-08-08 12:00:00-0400,44.12,44.12,44.12,44.12,0.0
2023-08-08 12:05:00-0400,44.12,44.18,44.12,44.18,218.0
2023-08-08 12:10:00-0400,44.18,44.18,44.18,44.18,0.0
2023-08-08 12:15:00-0400,44.18,44.18,44.18,44.18,0.0
2023-08-08 12:20:00-0400,44.18,44.18,44.18,44.18,0.0
2023-08-08 12:25:00-0400,44.18,44.18,44.18,44.18,0.0
2023-08-08 12:30:00-0400,44.18,44.18,44.18,44.18,0.0
2023-08-08 12:35:00-0400,44.18,44.18,44.18,44.18,0.0
2023-08-08 12:40:00-0400,44.18,44.18,44.18,44.18,0.0
2023-08-08 12:45:00-0400,44.18,44.18,44.18,44.18,0.0
2023-08-08 12:50:00-0400,44.18,44.18,44.18,44.18,0.0
2023-08-08 12:55:00-0400,44.18,44.18,44.18,44.18,0.0
2023-08-08 13:00:00-0400,44.18,44.18,44.18,44.18,0.0
2023-08-08 13:05:00-0400,44.18,44.18,44.18,44.18,0.0
2023-08-08 13:10:00-0400,44.18,44.18,44.18,44.18,0.0
2023-08-08 13:15:00-0400,44.18,44.18,44.18,44.18,0.0
2023-08-08 13:20:00-0400,44.18,44.18,44.18,44.18,0.0
2023-08-08 13:25:00-0400,44.18,44.18,44.18,44.18,0.0
2023-08-08 13:30:00-0400,44.18,44.18,43.9,43.91,34712.0
2023-08-08 13:35:00-0400,43.9,43.9,43.855,43.86,56126.0
2023-08-08 13:40:00-0400,43.855,43.885,43.85,43.8699,27494.0
2023-08-08 13:45:00-0400,43.87,43.88,43.825,43.825,17341.0
2023-08-08 13:50:00-0400,43.821,43.85,43.81,43.82,26314.0
2023-08-08 13:55:00-0400,43.82,43.825,43.79,43.7933,31302.0
2023-08-08 14:00:00-0400,43.7901,43.8,43.7899,43.8,18147.0
2023-08-08 14:05:00-0400,43.8,43.83,43.7881,43.82,28700.0
2023-08-08 14:10:00-0400,43.8199,43.82,43.81,43.81,13414.0
2023-08-08 14:15:00-0400,43.8,43.81,43.78,43.78,32756.0
2023-08-08 14:20:00-0400,43.7878,43.7899,43.765,43.78,41521.0
2023-08-08 14:25:00-0400,43.775,43.7899,43.7675,43.78,15995.0
2023-08-08 14:30:00-0400,43.78,43.8,43.78,43.79,17249.0
2023-08-08 14:35:00-0400,43.79,43.79,43.77,43.79,26486.0
2023-08-08 14:40:00-0400,43.78,43.79,43.77,43.78,16096.0
2023-08-08 14:45:00-0400,43.78,43.81,43.78,43.81,10930.0
2023-08-08 14:50:00-0400,43.81,43.81,43.8,43.8,21816.0
2023-08-08 14:55:00-0400,43.8,43.8,43.78,43.79,40717.0
2023-08-08 15:00:00-0400,43.785,43.785,43.775,43.78,38577.0
2023-08-08 15:05:00-0400,43.77,43.78,43.76,43.77,59472.0
2023-08-08 15:10:00-0400,43.765,43.8,43.76,43.8,28054.0
2023-08-08 15:15:00-0400,43.8,43.8366,43.8,43.835,13035.0
2023-08-08 15:20:00-0400,43.84,43.8575,43.83,43.8575,21621.0
2023-08-08 15:25:00-0400,43.85,43.8575,43.8212,43.84,12060.0
2023-08-08 15:30:00-0400,43.835,43.835,43.82,43.83,6400.0
2023-08-08 15:35:00-0400,43.83,43.8347,43.825,43.83,18409.0
2023-08-08 15:40:00-0400,43.825,43.84,43.825,43.84,6677.0
2023-08-08 15:45:00-0400,43.83,43.83,43.813,43.83,11063.0
2023-08-08 15:50:00-0400,43.825,43.83,43.81,43.82,17965.0
2023-08-08 15:55:00-0400,43.83,43.83,43.82,43.82,4486.0
2023-08-08 16:00:00-0400,43.825,43.83,43.81,43.81,4984.0
2023-08-09 09:35:00-0400,43.81,43.81,43.81,43.81,0.0
2023-08-09 09:40:00-0400,43.81,43.81,43.81,43.81,0.0
2023-08-09 09:45:00-0400,43.81,43.81,43.81,43.81,0.0
2023-08-09 09:50:00-0400,43.81,43.81,43.81,43.81,0.0
2023-08-09 09:55:00-0400,43.81,43.81,43.81,43.81,0.0
2023-08-09 10:00:00-0400,43.81,43.81,43.81,43.81,0.0
2023-08-09 10:05:00-0400,43.81,43.81,43.81,43.81,0.0
2023-08-09 10:10:00-0400,43.81,43.81,43.81,43.81,0.0
2023-08-09 10:15:00-0400,43.81,43.81,43.81,43.81,0.0
2023-08-09 10:20:00-0400,43.81,43.81,43.81,43.81,0.0
2023-08-09 10:25:00-0400,43.81,43.81,43.81,43.81,0.0
2023-08-09 10:30:00-0400,43.81,43.81,43.81,43.81,0.0
2023-08-09 10:35:00-0400,43.81,43.81,43.81,43.81,0.0
2023-08-09 10:40:00-0400,43.81,43.81,43.81,43.81,0.0
2023-08-09 10:45:00-0400,43.81,43.81,43.81,43.81,0.0
2023-08-09 10:50:00-0400,43.81,43.81,43.81,43.81,0.0
2023-08-09 10:55:00-0400,43.81,43.81,43.81,43.81,0.0
2023-08-09 11:00:00-0400,43.81,43.81,43.81,43.81,0.0
2023-08-09 11:05:00-0400,43.81,43.81,43.81,43.81,0.0
2023-08-09 11:10:00-0400,43.81,43.81,43.81,43.81,0.0
2023-08-09 11:15:00-0400,43.81,43.81,43.81,43.81,0.0
2023-08-09 11:20:00-0400,43.81,43.81,43.81,43.81,0.0
2023-08-09 11:25:00-0400,43.81,43.81,43.81,43.81,0.0
2023-08-09 11:30:00-0400,43.81,43.81,43.81,43.81,0.0
2023-08-09 11:35:00-0400,43.81,43.81,43.81,43.81,0.0
2023-08-09 11:40:00-0400,43.81,43.81,43.81,43.81,0.0
2023-08-09 11:45:00-0400,43.81,43.81,43.81,43.81,0.0
2023-08-09 11:50:00-0400,43.81,43.81,43.81,43.81,0.0
2023-08-09 11:55:00-0400,43.81,43.81,43.81,43.81,0.0
2023-08-09 12:00:00-0400,43.81,43.81,43.81,43.81,0.0
2023-08-09 12:05:00-0400,43.81,43.81,43.81,43.81,0.0
2023-08-09 12:10:00-0400,43.81,43.81,43.81,43.81,0.0
2023-08-09 12:15:00-0400,43.81,43.81,43.81,43.81,0.0
2023-08-09 12:20:00-0400,43.81,43.81,43.81,43.81,0.0
2023-08-09 12:25:00-0400,43.81,43.81,43.81,43.81,0.0
2023-08-09 12:30:00-0400,43.81,43.81,43.81,43.81,0.0
2023-08-09 12:35:00-0400,43.81,43.81,43.81,43.81,0.0
2023-08-09 12:40:00-0400,43.81,43.81,43.81,43.81,0.0
2023-08-09 12:45:00-0400,43.81,43.81,43.81,43.81,0.0
2023-08-09 12:50:00-0400,43.81,43.81,43.81,43.81,0.0
2023-08-09 12:55:00-0400,43.81,43.81,43.81,43.81,0.0
2023-08-09 13:00:00-0400,43.81,43.81,43.81,43.81,0.0
2023-08-09 13:05:00-0400,43.81,43.81,43.81,43.81,0.0
2023-08-09 13:10:00-0400,43.81,43.81,43.81,43.81,0.0
2023-08-09 13:15:00-0400,43.81,43.81,43.81,43.81,0.0
2023-08-09 13:20:00-0400,43.81,43.81,43.81,43.81,0.0
2023-08-09 13:25:00-0400,43.81,43.81,43.81,43.81,0.0
2023-08-09 13:30:00-0400,43.81,44.11,43.81,44.0925,27315.0
2023-08-09 13:35:00-0400,44.095,44.1,44.035,44.035,25043.0
2023-08-09 13:40:00-0400,44.03,44.05,44.01,44.05,47861.0
2023-08-09 13:45:00-0400,44.04,44.06,44.035,44.05,9177.0
2023-08-09 13:50:00-0400,44.06,44.0656,44.015,44.02,24138.0
2023-08-09 13:55:00-0400,44.02,44.03,44.0007,44.01,29178.0
2023-08-09 14:00:00-0400,44.015,44.035,44.015,44.035,16367.0
2023-08-09 14:05:00-0400,44.04,44.055,44.035,44.04,29900.0
2023-08-09 14:10:00-0400,44.035,44.04,44.0147,44.02,21465.0
2023-08-09 14:15:00-0400,44.02,44.025,44.01,44.025,4501.0
2023-08-09 14:20:00-0400,44.025,44.0353,44.01,44.01,15813.0
2023-08-09 14:25:00-0400,44.0085,44.01,43.99,44.0,36200.0
2023-08-09 14:30:00-0400,44.0,44.005,43.995,44.0,17337.0
2023-08-09 14:35:00-0400,43.995,44.0,43.9805,43.99,12754.0
2023-08-09 14:40:00-0400,44.0,44.005,43.99,44.0,10759.0
2023-08-09 14:45:00-0400,43.995,44.0,43.99,43.995,4367.0
2023-08-09 14:50:00-0400,43.995,44.0,43.985,43.9863,22510.0
2023-08-09 14:55:00-0400,43.98,43.98,43.955,43.955,17919.0
2023-08-09 15:00:00-0400,43.96,43.96,43.945,43.945,28209.0
2023-08-09 15:05:00-0400,43.945,43.965,43.945,43.965,30105.0
2023-08-09 15:10:00-0400,43.96,43.965,43.955,43.955,19486.0
2023-08-09 15:15:00-0400,43.955,43.955,43.935,43.935,26766.0
2023-08-09 15:20:00-0400,43.935,43.935,43.92,43.92,49142.0
2023-08-09 15:25:00-0400,43.92,43.93,43.915,43.915,21750.0
2023-08-09 15:30:00-0400,43.92,43.92,43.91,43.92,14603.0
2023-08-09 15:35:00-0400,43.915,43.94,43.91,43.935,27274.0
2023-08-09 15:40:00-0400,43.9399,43.945,43.9399,43.94,2622.0
2023-08-09 15:45:00-0400,43.947,43.947,43.925,43.925,24090.0
2023-08-09 15:50:00-0400,43.92,43.92,43.91,43.91,6912.0
2023-08-09 15:55:00-0400,43.91,43.91,43.89,43.895,9277.0
2023-08-09 16:00:00-0400,43.89,43.91,43.885,43.91,22154.0
2023-08-10 09:35:00-0400,43.91,43.91,43.91,43.91,0.0
2023-08-10 09:40:00-0400,43.91,43.91,43.91,43.91,0.0
2023-08-10 09:45:00-0400,43.91,43.91,43.91,43.91,0.0
2023-08-10 09:50:00-0400,43.91,43.91,43.91,43.91,0.0
2023-08-10 09:55:00-0400,43.91,43.91,43.91,43.91,0.0
2023-08-10 10:00:00-0400,43.91,43.91,43.91,43.91,0.0
2023-08-10 10:05:00-0400,43.91,43.91,43.91,43.91,0.0
2023-08-10 10:10:00-0400,43.91,43.91,43.91,43.91,0.0
2023-08-10 10:15:00-0400,43.91,43.91,43.91,43.91,0.0
2023-08-10 10:20:00-0400,43.91,43.91,43.91,43.91,0.0
2023-08-10 10:25:00-0400,43.91,43.91,43.91,43.91,0.0
2023-08-10 10:30:00-0400,43.91,43.91,43.91,43.91,0.0
2023-08-10 10:35:00-0400,43.91,43.91,43.91,43.91,0.0
2023-08-10 10:40:00-0400,43.91,43.91,43.91,43.91,0.0
2023-08-10 10:45:00-0400,43.91,43.91,43.91,43.91,0.0
2023-08-10 10:50:00-0400,43.91,43.91,43.91,43.91,0.0
2023-08-10 10:55:00-0400,43.91,43.91,43.91,43.91,0.0
2023-08-10 11:00:00-0400,43.91,43.91,43.91,43.91,0.0
2023-08-10 11:05:00-0400,43.91,43.91,43.91,43.91,0.0
2023-08-10 11:10:00-0400,43.91,43.91,43.91,43.91,0.0
2023-08-10 11:15:00-0400,43.91,43.91,43.91,43.91,0.0
2023-08-10 11:20:00-0400,43.91,43.91,43.91,43.91,0.0
2023-08-10 11:25:00-0400,43.91,43.91,43.91,43.91,0.0
2023-08-10 11:30:00-0400,43.91,43.91,43.91,43.91,0.0
2023-08-10 11:35:00-0400,43.91,43.91,43.91,43.91,0.0
2023-08-10 11:40:00-0400,43.91,43.91,43.91,43.91,0.0
2023-08-10 11:45:00-0400,43.91,43.91,43.91,43.91,0.0
2023-08-10 11:50:00-0400,43.91,43.91,43.91,43.91,0.0
2023-08-10 11:55:00-0400,43.91,43.91,43.91,43.91,0.0
2023-08-10 12:00:00-0400,43.91,43.91,43.91,43.91,0.0
2023-08-10 12:05:00-0400,43.91,43.91,43.91,43.91,0.0
2023-08-10 12:10:00-0400,43.91,43.91,43.91,43.91,0.0
2023-08-10 12:15:00-0400,43.91,43.91,43.91,43.91,0.0
2023-08-10 12:20:00-0400,43.91,43.91,43.91,43.91,0.0
2023-08-10 12:25:00-0400,43.91,43.91,43.91,43.91,0.0
2023-08-10 12:30:00-0400,43.91,43.91,43.91,43.91,0.0
2023-08-10 12:35:00-0400,43.91,43.91,43.91,43.91,0.0
2023-08-10 12:40:00-0400,43.91,43.91,43.91,43.91,0.0
2023-08-10 12:45:00-0400,43.91,43.91,43.91,43.91,0.0
2023-08-10 12:50:00-0400,43.91,43.91,43.91,43.91,0.0
2023-08-10 12:55:00-0400,43.91,43.91,43.91,43.91,0.0
2023-08-10 13:00:00-0400,43.91,43.91,43.91,43.91,0.0
2023-08-10 13:05:00-0400,43.91,43.91,43.91,43.91,0.0
2023-08-10 13:10:00-0400,43.91,43.91,43.91,43.91,0.0
2023-08-10 13:15:00-0400,43.91,43.91,43.91,43.91,0.0
2023-08-10 13:20:00-0400,43.91,43.91,43.91,43.91,0.0
2023-08-10 13:25:00-0400,43.91,43.91,43.91,43.91,0.0
2023-08-10 13:30:00-0400,43.91,43.91,43.91,43.91,0.0
2023-08-10 13:35:00-0400,44.04,44.07,44.015,44.045,42117.0
2023-08-10 13:40:00-0400,44.04,44.085,44.04,44.075,32203.0
2023-08-10 13:45:00-0400,44.08,44.085,44.055,44.08,20113.0
2023-08-10 13:50:00-0400,44.085,44.11,44.08,44.085,74927.0
2023-08-10 13:55:00-0400,44.08,44.125,44.071,44.115,23778.0
2023-08-10 14:00:00-0400,44.115,44.1558,44.105,44.15,22664.0
2023-08-10 14:05:00-0400,44.155,44.17,44.15,44.155,27751.0
2023-08-10 14:10:00-0400,44.15,44.155,44.14,44.14,28212.0
2023-08-10 14:15:00-0400,44.14,44.145,44.14,44.14,9757.0
2023-08-10 14:20:00-0400,44.14,44.15,44.12,44.12,31456.0
2023-08-10 14:25:00-0400,44.125,44.13,44.11,44.12,29982.0
2023-08-10 14:30:00-0400,44.12,44.1268,44.105,44.115,27365.0
2023-08-10 14:35:00-0400,44.12,44.12,44.101,44.105,15694.0
2023-08-10 14:40:00-0400,44.11,44.1199,44.07,44.07,67333.0
2023-08-10 14:45:00-0400,44.07,44.07,44.02,44.02,26681.0
2023-08-10 14:50:00-0400,44.02,44.04,44.02,44.03,29126.0
2023-08-10 14:55:00-0400,44.025,44.039,44.02,44.039,13777.0
2023-08-10 15:00:00-0400,44.039,44.039,44.0,44.0,17149.0
2023-08-10 15:05:00-0400,44.0,44.0,43.98,43.99,48027.0
2023-08-10 15:10:00-0400,43.9933,44.02,43.9933,44.01,37429.0
2023-08-10 15:15:00-0400,44.01,44.03,44.005,44.01,30322.0
2023-08-10 15:20:00-0400,44.01,44.02,44.0,44.0,24506.0
2023-08-10 15:25:00-0400,43.9999,44.02,43.98,44.0101,25427.0
2023-08-10 15:30:00-0400,44.0104,44.0276,44.005,44.02,27983.0
2023-08-10 15:35:00-0400,44.025,44.04,44.02,44.04,23302.0
2023-08-10 15:40:00-0400,44.04,44.04,44.025,44.03,24281.0
2023-08-10 15:45:00-0400,44.0258,44.0258,43.985,43.99,52465.0
2023-08-10 15:50:00-0400,43.98,43.99,43.97,43.98,37380.0
2023-08-10 15:55:00-0400,43.9736,43.9736,43.96,43.9601,16526.0
2023-08-10 16:00:00-0400,43.9654,43.98,43.9654,43.975,9159.0
2023-08-11 09:35:00-0400,43.975,43.975,43.975,43.975,0.0
2023-08-11 09:40:00-0400,43.975,43.975,43.975,43.975,0.0
2023-08-11 09:45:00-0400,43.975,43.975,43.975,43.975,0.0
2023-08-11 09:50:00-0400,43.975,43.975,43.975,43.975,0.0
2023-08-11 09:55:00-0400,43.975,43.975,43.975,43.975,0.0
2023-08-11 10:00:00-0400,43.975,43.975,43.81,43.81,185.0
2023-08-11 10:05:00-0400,43.81,43.81,43.81,43.81,0.0
2023-08-11 10:10:00-0400,43.81,43.81,43.81,43.81,0.0
2023-08-11 10:15:00-0400,43.81,43.81,43.81,43.81,0.0
2023-08-11 10:20:00-0400,43.81,43.81,43.81,43.81,0.0
2023-08-11 10:25:00-0400,43.81,43.81,43.81,43.81,0.0
2023-08-11 10:30:00-0400,43.81,43.81,43.81,43.81,0.0
2023-08-11 10:35:00-0400,43.81,43.81,43.81,43.81,0.0
2023-08-11 10:40:00-0400,43.81,43.81,43.81,43.81,0.0
2023-08-11 10:45:00-0400,43.81,43.81,43.81,43.81,0.0
2023-08-11 10:50:00-0400,43.81,43.81,43.81,43.81,0.0
2023-08-11 10:55:00-0400,43.81,43.81,43.81,43.81,0.0
2023-08-11 11:00:00-0400,43.81,43.81,43.81,43.81,0.0
2023-08-11 11:05:00-0400,43.81,43.81,43.77,43.77,156.0
2023-08-11 11:10:00-0400,43.77,43.77,43.77,43.77,0.0
2023-08-11 11:15:00-0400,43.77,43.77,43.77,43.77,0.0
2023-08-11 11:20:00-0400,43.77,43.77,43.77,43.77,0.0
2023-08-11 11:25:00-0400,43.77,43.77,43.77,43.77,0.0
2023-08-11 11:30:00-0400,43.77,43.77,43.77,43.77,0.0
2023-08-11 11:35:00-0400,43.75,43.75,43.75,43.75,200.0
2023-08-11 11:40:00-0400,43.75,43.75,43.75,43.75,0.0
2023-08-11 11:45:00-0400,43.75,43.75,43.75,43.75,0.0
2023-08-11 11:50:00-0400,43.75,43.75,43.75,43.75,0.0
2023-08-11 11:55:00-0400,43.75,43.75,43.75,43.75,0.0
2023-08-11 12:00:00-0400,43.75,43.75,43.75,43.75,0.0
2023-08-11 12:05:00-0400,43.75,43.93,43.75,43.93,177.0
2023-08-11 12:10:00-0400,43.93,43.93,43.93,43.93,0.0
2023-08-11 12:15:00-0400,43.93,43.93,43.93,43.93,0.0
2023-08-11 12:20:00-0400,43.93,43.93,43.87,43.87,100.0
2023-08-11 12:25:00-0400,43.87,43.87,43.87,43.87,0.0
2023-08-11 12:30:00-0400,43.87,43.87,43.87,43.87,0.0
2023-08-11 12:35:00-0400,43.87,43.87,43.87,43.87,0.0
2023-08-11 12:40:00-0400,43.87,43.87,43.87,43.87,0.0
2023-08-11 12:45:00-0400,43.87,43.87,43.87,43.87,0.0
2023-08-11 12:50:00-0400,43.87,43.87,43.87,43.87,0.0
2023-08-11 12:55:00-0400,43.87,43.87,43.87,43.87,0.0
2023-08-11 13:00:00-0400,43.87,43.87,43.87,43.87,0.0
2023-08-11 13:05:00-0400,43.87,43.87,43.87,43.87,0.0
2023-08-11 13:10:00-0400,43.87,43.87,43.87,43.87,0.0
2023-08-11 13:15:00-0400,43.87,43.87,43.86,43.87,5381.0
2023-08-11 13:20:00-0400,43.87,43.88,43.86,43.88,10590.0
2023-08-11 13:25:00-0400,44.02,44.02,43.78,43.84,42550.0
2023-08-11 13:30:00-0400,43.84,43.85,43.74,43.75,332360.0
2023-08-11 13:35:00-0400,43.75,43.83,43.721,43.755,603664.0
2023-08-11 13:40:00-0400,43.76,43.785,43.75,43.75,104355.0
2023-08-11 13:45:00-0400,43.74,43.74,43.725,43.735,11274.0
2023-08-11 13:50:00-0400,43.735,43.745,43.72,43.725,41771.0
2023-08-11 13:55:00-0400,43.72,43.73,43.715,43.715,32649.0
2023-08-11 14:00:00-0400,43.715,43.76,43.71,43.75,36924.0
2023-08-11 14:05:00-0400,43.75,43.76,43.73,43.75,37840.0
2023-08-11 14:10:00-0400,43.74,43.75,43.705,43.705,61593.0
2023-08-11 14:15:00-0400,43.705,43.725,43.691,43.725,51344.0
2023-08-11 14:20:00-0400,43.73,43.745,43.71,43.74,48938.0
2023-08-11 14:25:00-0400,43.745,43.75,43.72,43.72,39883.0
2023-08-11 14:30:00-0400,43.72,43.72,43.71,43.71,72486.0
2023-08-11 14:35:00-0400,43.71,43.716,43.67,43.67,61665.0
2023-08-11 14:40:00-0400,43.67,43.71,43.66,43.71,98492.0
2023-08-11 14:45:00-0400,43.7,43.705,43.62,43.685,778151.0
2023-08-11 14:50:00-0400,43.68,43.69,43.655,43.655,49999.0
2023-08-11 14:55:00-0400,43.655,43.655,43.62,43.625,21213.0
2023-08-11 15:00:00-0400,43.62,43.62,43.6,43.61,39849.0
2023-08-11 15:05:00-0400,43.61,43.625,43.61,43.61,32694.0
2023-08-11 15:10:00-0400,43.61,43.62,43.58,43.585,26832.0
2023-08-11 15:15:00-0400,43.585,43.59,43.565,43.565,42310.0
2023-08-11 15:20:00-0400,43.565,43.59,43.56,43.59,60752.0
2023-08-11 15:25:00-0400,43.59,43.6,43.58,43.58,17223.0
2023-08-11 15:30:00-0400,43.5861,43.59,43.57,43.58,34987.0
2023-08-11 15:35:00-0400,43.58,43.58,43.55,43.555,28454.0
2023-08-11 15:40:00-0400,43.56,43.58,43.55,43.57,55534.0
2023-08-11 15:45:00-0400,43.57,43.57,43.56,43.57,13469.0
2023-08-11 15:50:00-0400,43.57,43.57,43.54,43.545,23816.0
2023-08-11 15:55:00-0400,43.55,43.55,43.54,43.545,16928.0
2023-08-11 16:00:00-0400,43.545,43.57,43.545,43.5699,45144.0
2023-08-14 09:35:00-0400,43.5699,43.5699,43.5699,43.5699,0.0
2023-08-14 09:40:00-0400,43.5699,43.5699,43.5699,43.5699,0.0
2023-08-14 09:45:00-0400,43.5699,43.5699,43.5699,43.5699,0.0
2023-08-14 09:50:00-0400,43.5699,43.5699,43.5699,43.5699,0.0
2023-08-14 09:55:00-0400,43.5699,43.5699,43.5699,43.5699,0.0
2023-08-14 10:00:00-0400,43.5699,43.5699,43.5699,43.5699,0.0
2023-08-14 10:05:00-0400,43.5699,43.5699,43.5699,43.5699,0.0
2023-08-14 10:10:00-0400,43.5699,43.5699,43.5699,43.5699,0.0
2023-08-14 10:15:00-0400,43.5699,43.5699,43.5699,43.5699,0.0
2023-08-14 10:20:00-0400,43.5699,43.5699,43.5699,43.5699,0.0
2023-08-14 10:25:00-0400,43.5699,43.5699,43.5699,43.5699,0.0
2023-08-14 10:30:00-0400,43.5699,43.5699,43.5699,43.5699,0.0
2023-08-14 10:35:00-0400,43.5699,43.5699,43.5699,43.5699,0.0
2023-08-14 10:40:00-0400,43.5699,43.5699,43.5699,43.5699,0.0
2023-08-14 10:45:00-0400,43.5699,43.5699,43.5699,43.5699,0.0
2023-08-14 10:50:00-0400,43.5699,43.5699,43.5699,43.5699,0.0
2023-08-14 10:55:00-0400,43.5699,43.5699,43.5699,43.5699,0.0
2023-08-14 11:00:00-0400,43.5699,43.5699,43.5699,43.5699,0.0
2023-08-14 11:05:00-0400,43.5699,43.5699,43.5699,43.5699,0.0
2023-08-14 11:10:00-0400,43.5699,43.5699,43.5699,43.5699,0.0
2023-08-14 11:15:00-0400,43.5699,43.5699,43.5699,43.5699,0.0
2023-08-14 11:20:00-0400,43.5699,43.5699,43.5699,43.5699,0.0
2023-08-14 11:25:00-0400,43.5699,43.5699,43.5699,43.5699,0.0
2023-08-14 11:30:00-0400,43.5699,43.5699,43.5699,43.5699,0.0
2023-08-14 11:35:00-0400,43.5699,43.5699,43.5699,43.5699,0.0
2023-08-14 11:40:00-0400,43.5699,43.5699,43.5699,43.5699,0.0
2023-08-14 11:45:00-0400,43.5699,43.5699,43.5699,43.5699,0.0
2023-08-14 11:50:00-0400,43.5699,43.5699,43.5699,43.5699,0.0
2023-08-14 11:55:00-0400,43.5699,43.5699,43.5699,43.5699,0.0
2023-08-14 12:00:00-0400,43.5699,43.5699,43.5699,43.5699,0.0
2023-08-14 12:05:00-0400,43.5699,43.5699,43.5699,43.5699,0.0
2023-08-14 12:10:00-0400,43.5699,43.5699,43.5699,43.5699,0.0
2023-08-14 12:15:00-0400,43.5699,43.5699,43.5699,43.5699,0.0
2023-08-14 12:20:00-0400,43.5699,43.5699,43.5699,43.5699,0.0
2023-08-14 12:25:00-0400,43.5699,43.5699,43.5699,43.5699,0.0
2023-08-14 12:30:00-0400,43.5699,43.5699,43.5699,43.5699,0.0
2023-08-14 12:35:00-0400,43.5699,43.5699,43.5699,43.5699,0.0
2023-08-14 12:40:00-0400,43.5699,43.5699,43.5699,43.5699,0.0
2023-08-14 12:45:00-0400,43.5699,43.5699,43.5699,43.5699,0.0
2023-08-14 12:50:00-0400,43.5699,43.5699,43.5699,43.5699,0.0
2023-08-14 12:55:00-0400,43.5699,43.5699,43.02,43.02,6996.0
2023-08-14 13:00:00-0400,43.18,43.18,43.18,43.18,9054.0
2023-08-14 13:05:00-0400,43.18,43.18,43.18,43.18,0.0
2023-08-14 13:10:00-0400,43.18,43.18,43.18,43.18,0.0
2023-08-14 13:15:00-0400,43.18,43.39,43.18,43.39,999.0
2023-08-14 13:20:00-0400,43.39,43.39,43.39,43.39,0.0
2023-08-14 13:25:00-0400,43.39,43.39,43.39,43.39,0.0
2023-08-14 13:30:00-0400,43.3,43.39,43.3,43.385,83966.0
2023-08-14 13:35:00-0400,43.385,43.42,43.36,43.365,460160.0
2023-08-14 13:40:00-0400,43.365,43.38,43.355,43.37,88231.0
2023-08-14 13:45:00-0400,43.37,43.3799,43.355,43.355,64414.0
2023-08-14 13:50:00-0400,43.3588,43.36,43.325,43.34,50022.0
2023-08-14 13:55:00-0400,43.335,43.365,43.325,43.325,53295.0
2023-08-14 14:00:00-0400,43.32,43.36,43.32,43.36,58080.0
2023-08-14 14:05:00-0400,43.365,43.41,43.365,43.4099,55629.0
2023-08-14 14:10:00-0400,43.405,43.42,43.405,43.42,23017.0
2023-08-14 14:15:00-0400,43.42,43.44,43.42,43.435,37922.0
2023-08-14 14:20:00-0400,43.44,43.44,43.425,43.425,31488.0
2023-08-14 14:25:00-0400,43.425,43.44,43.425,43.435,204728.0
2023-08-14 14:30:00-0400,43.435,43.435,43.4201,43.43,31431.0
2023-08-14 14:35:00-0400,43.43,43.44,43.425,43.435,78161.0
2023-08-14 14:40:00-0400,43.44,43.46,43.44,43.445,126439.0
2023-08-14 14:45:00-0400,43.445,43.45,43.44,43.44,185526.0
2023-08-14 14:50:00-0400,43.44,43.45,43.43,43.435,109048.0
2023-08-14 14:55:00-0400,43.435,43.4591,43.435,43.445,118868.0
2023-08-14 15:00:00-0400,43.445,43.445,43.415,43.42,316027.0
2023-08-14 15:05:00-0400,43.42,43.4247,43.41,43.415,192703.0
2023-08-14 15:10:00-0400,43.415,43.42,43.4,43.415,58069.0
2023-08-14 15:15:00-0400,43.415,43.42,43.4,43.42,36329.0
2023-08-14 15:20:00-0400,43.41,43.44,43.41,43.435,57780.0
2023-08-14 15:25:00-0400,43.435,43.44,43.43,43.44,20725.0
2023-08-14 15:30:00-0400,43.435,43.45,43.435,43.445,68741.0
2023-08-14 15:35:00-0400,43.45,43.45,43.44,43.45,16872.0
2023-08-14 15:40:00-0400,43.45,43.45,43.44,43.445,15433.0
2023-08-14 15:45:00-0400,43.45,43.46,43.44,43.455,30886.0
2023-08-14 15:50:00-0400,43.455,43.47,43.45,43.47,37476.0
2023-08-14 15:55:00-0400,43.469,43.47,43.46,43.465,33010.0
2023-08-14 16:00:00-0400,43.46,43.4699,43.45,43.45,20457.0
2023-08-15 09:35:00-0400,43.45,43.45,43.45,43.45,0.0
2023-08-15 09:40:00-0400,43.45,43.45,43.45,43.45,0.0
2023-08-15 09:45:00-0400,43.45,43.45,43.45,43.45,0.0
2023-08-15 09:50:00-0400,43.45,43.45,43.45,43.45,0.0
2023-08-15 09:55:00-0400,43.45,43.45,43.45,43.45,0.0
2023-08-15 10:00:00-0400,43.45,43.45,43.45,43.45,0.0
2023-08-15 10:05:00-0400,43.45,43.45,43.45,43.45,0.0
2023-08-15 10:10:00-0400,43.45,43.45,43.45,43.45,0.0
2023-08-15 10:15:00-0400,43.45,43.45,43.45,43.45,0.0
2023-08-15 10:20:00-0400,43.45,43.45,43.45,43.45,0.0
2023-08-15 10:25:00-0400,43.45,43.45,43.45,43.45,0.0
2023-08-15 10:30:00-0400,43.45,43.45,43.45,43.45,0.0
2023-08-15 10:35:00-0400,43.45,43.45,43.45,43.45,0.0
2023-08-15 10:40:00-0400,43.45,43.45,43.45,43.45,0.0
2023-08-15 10:45:00-0400,43.45,43.45,43.45,43.45,0.0
2023-08-15 10:50:00-0400,43.45,43.45,43.45,43.45,0.0
2023-08-15 10:55:00-0400,43.45,43.45,43.45,43.45,0.0
2023-08-15 11:00:00-0400,43.45,43.45,43.45,43.45,0.0
2023-08-15 11:05:00-0400,43.45,43.45,43.45,43.45,0.0
2023-08-15 11:10:00-0400,43.45,43.45,43.45,43.45,0.0
2023-08-15 11:15:00-0400,43.45,43.45,43.45,43.45,0.0
2023-08-15 11:20:00-0400,43.45,43.45,43.45,43.45,0.0
2023-08-15 11:25:00-0400,43.45,43.45,43.45,43.45,0.0
2023-08-15 11:30:00-0400,43.45,43.45,43.45,43.45,0.0
2023-08-15 11:35:00-0400,43.45,43.45,43.45,43.45,0.0
2023-08-15 11:40:00-0400,43.45,43.45,43.45,43.45,0.0
2023-08-15 11:45:00-0400,43.45,43.45,43.45,43.45,0.0
2023-08-15 11:50:00-0400,43.45,43.45,43.45,43.45,0.0
2023-08-15 11:55:00-0400,43.45,43.45,43.45,43.45,0.0
2023-08-15 12:00:00-0400,43.45,43.45,43.45,43.45,0.0
2023-08-15 12:05:00-0400,43.45,43.45,43.45,43.45,0.0
2023-08-15 12:10:00-0400,43.45,43.45,43.45,43.45,0.0
2023-08-15 12:15:00-0400,43.45,43.45,43.45,43.45,0.0
2023-08-15 12:20:00-0400,43.45,43.45,43.45,43.45,0.0
2023-08-15 12:25:00-0400,43.45,43.45,43.45,43.45,0.0
2023-08-15 12:30:00-0400,43.45,43.45,43.45,43.45,0.0
2023-08-15 12:35:00-0400,43.45,43.45,43.45,43.45,0.0
2023-08-15 12:40:00-0400,43.45,43.45,43.45,43.45,0.0
2023-08-15 12:45:00-0400,43.45,43.45,43.45,43.45,0.0
2023-08-15 12:50:00-0400,43.45,43.45,43.45,43.45,0.0
2023-08-15 12:55:00-0400,43.45,43.45,43.45,43.45,0.0
2023-08-15 13:00:00-0400,43.45,43.45,43.45,43.45,0.0
2023-08-15 13:05:00-0400,43.45,43.45,43.45,43.45,0.0
2023-08-15 13:10:00-0400,43.45,43.45,43.45,43.45,0.0
2023-08-15 13:15:00-0400,43.45,43.45,43.45,43.45,0.0
2023-08-15 13:20:00-0400,43.45,43.45,43.45,43.45,0.0
2023-08-15 13:25:00-0400,43.45,43.45,43.35,43.35,114.0
2023-08-15 13:30:00-0400,43.35,43.41,43.32,43.32,26002.0
2023-08-15 13:35:00-0400,43.33,43.34,43.29,43.31,37549.0
2023-08-15 13:40:00-0400,43.3,43.335,43.3,43.32,21863.0
2023-08-15 13:45:00-0400,43.32,43.3384,43.31,43.31,25279.0
2023-08-15 13:50:00-0400,43.32,43.33,43.31,43.33,35225.0
2023-08-15 13:55:00-0400,43.32,43.35,43.32,43.325,14720.0
2023-08-15 14:00:00-0400,43.33,43.345,43.305,43.31,26820.0
2023-08-15 14:05:00-0400,43.31,43.32,43.27,43.275,42733.0
2023-08-15 14:10:00-0400,43.2799,43.28,43.25,43.27,60551.0
2023-08-15 14:15:00-0400,43.2765,43.285,43.26,43.265,75740.0
2023-08-15 14:20:00-0400,43.27,43.27,43.255,43.26,42472.0
2023-08-15 14:25:00-0400,43.2682,43.27,43.2401,43.2475,9458.0
2023-08-15 14:30:00-0400,43.2479,43.265,43.24,43.26,18248.0
2023-08-15 14:35:00-0400,43.25,43.2699,43.245,43.26,22367.0
2023-08-15 14:40:00-0400,43.255,43.27,43.25,43.255,45505.0
2023-08-15 14:45:00-0400,43.255,43.275,43.255,43.275,19296.0
2023-08-15 14:50:00-0400,43.275,43.305,43.275,43.305,24333.0
2023-08-15 14:55:00-0400,43.305,43.305,43.285,43.285,46327.0
2023-08-15 15:00:00-0400,43.29,43.3,43.28,43.285,33259.0
2023-08-15 15:05:00-0400,43.285,43.29,43.28,43.285,38352.0
2023-08-15 15:10:00-0400,43.285,43.29,43.28,43.29,32972.0
2023-08-15 15:15:00-0400,43.29,43.29,43.265,43.265,29541.0
2023-08-15 15:20:00-0400,43.26,43.265,43.24,43.245,27509.0
2023-08-15 15:25:00-0400,43.245,43.25,43.22,43.23,32527.0
2023-08-15 15:30:00-0400,43.225,43.24,43.22,43.24,44071.0
2023-08-15 15:35:00-0400,43.235,43.24,43.23,43.235,21029.0
2023-08-15 15:40:00-0400,43.235,43.2373,43.225,43.225,20361.0
2023-08-15 15:45:00-0400,43.225,43.24,43.215,43.2175,64446.0
2023-08-15 15:50:00-0400,43.2175,43.2175,43.205,43.215,30631.0
2023-08-15 15:55:00-0400,43.215,43.215,43.205,43.21,64963.0
2023-08-15 16:00:00-0400,43.215,43.225,43.215,43.22,72976.0
2023-08-16 09:35:00-0400,43.22,43.22,43.22,43.22,0.0
2023-08-16 09:40:00-0400,43.22,43.22,43.22,43.22,0.0
2023-08-16 09:45:00-0400,43.22,43.22,43.22,43.22,0.0
2023-08-16 09:50:00-0400,43.22,43.22,43.22,43.22,0.0
2023-08-16 09:55:00-0400,43.22,43.22,43.22,43.22,0.0
2023-08-16 10:00:00-0400,43.22,43.22,43.22,43.22,0.0
2023-08-16 10:05:00-0400,43.22,43.22,43.22,43.22,0.0
2023-08-16 10:10:00-0400,43.22,43.22,43.22,43.22,0.0
2023-08-16 10:15:00-0400,43.22,43.22,43.22,43.22,0.0
2023-08-16 10:20:00-0400,43.22,43.22,43.22,43.22,0.0
2023-08-16 10:25:00-0400,43.22,43.22,43.22,43.22,0.0
2023-08-16 10:30:00-0400,43.22,43.22,43.22,43.22,0.0
2023-08-16 10:35:00-0400,43.22,43.22,43.22,43.22,0.0
2023-08-16 10:40:00-0400,43.22,43.22,43.22,43.22,0.0
2023-08-16 10:45:00-0400,43.22,43.22,43.22,43.22,0.0
2023-08-16 10:50:00-0400,43.22,43.22,43.22,43.22,0.0
2023-08-16 10:55:00-0400,43.22,43.22,43.22,43.22,0.0
2023-08-16 11:00:00-0400,43.22,43.22,43.22,43.22,0.0
2023-08-16 11:05:00-0400,43.22,43.22,43.22,43.22,0.0
2023-08-16 11:10:00-0400,43.22,43.22,43.22,43.22,0.0
2023-08-16 11:15:00-0400,43.22,43.22,43.22,43.22,0.0
2023-08-16 11:20:00-0400,43.22,43.22,43.22,43.22,0.0
2023-08-16 11:25:00-0400,43.22,43.22,43.22,43.22,0.0
2023-08-16 11:30:00-0400,43.22,43.22,43.22,43.22,0.0
2023-08-16 11:35:00-0400,43.22,43.22,43.22,43.22,0.0
2023-08-16 11:40:00-0400,43.22,43.22,43.22,43.22,0.0
2023-08-16 11:45:00-0400,43.22,43.22,43.22,43.22,0.0
2023-08-16 11:50:00-0400,43.22,43.22,43.22,43.22,0.0
2023-08-16 11:55:00-0400,43.22,43.22,43.22,43.22,0.0
2023-08-16 12:00:00-0400,43.22,43.22,43.2,43.2,145.0
2023-08-16 12:05:00-0400,43.2,43.31,43.2,43.31,2692.0
2023-08-16 12:10:00-0400,43.31,43.31,43.31,43.31,0.0
2023-08-16 12:15:00-0400,43.31,43.31,43.31,43.31,0.0
2023-08-16 12:20:00-0400,43.31,43.31,43.31,43.31,0.0
2023-08-16 12:25:00-0400,43.31,43.31,43.31,43.31,0.0
2023-08-16 12:30:00-0400,43.31,43.5191,43.31,43.5191,350.0
2023-08-16 12:35:00-0400,43.5191,43.5191,43.5191,43.5191,0.0
2023-08-16 12:40:00-0400,43.5191,43.5191,43.5191,43.5191,0.0
2023-08-16 12:45:00-0400,43.5191,43.5191,43.5191,43.5191,0.0
2023-08-16 12:50:00-0400,43.5191,43.5191,43.5191,43.5191,0.0
2023-08-16 12:55:00-0400,43.5191,43.5191,43.5191,43.5191,0.0
2023-08-16 13:00:00-0400,43.5191,43.5191,43.5191,43.5191,0.0
2023-08-16 13:05:00-0400,43.5191,43.5191,43.5191,43.5191,0.0
2023-08-16 13:10:00-0400,43.5191,43.5191,43.41,43.41,105.0
2023-08-16 13:15:00-0400,43.41,43.41,43.41,43.41,0.0
2023-08-16 13:20:00-0400,43.41,43.41,43.41,43.41,0.0
2023-08-16 13:25:00-0400,43.41,43.41,43.41,43.41,0.0
2023-08-16 13:30:00-0400,43.41,43.45,43.4,43.4399,15229.0
2023-08-16 13:35:00-0400,43.44,43.505,43.44,43.505,87104.0
2023-08-16 13:40:00-0400,43.515,43.555,43.51,43.52,130485.0
2023-08-16 13:45:00-0400,43.525,43.542,43.51,43.51,101816.0
2023-08-16 13:50:00-0400,43.51,43.57,43.51,43.56,74350.0
2023-08-16 13:55:00-0400,43.565,43.57,43.53,43.53,19557.0
2023-08-16 14:00:00-0400,43.525,43.545,43.5237,43.5237,27261.0
2023-08-16 14:05:00-0400,43.5299,43.54,43.5101,43.54,15379.0
2023-08-16 14:10:00-0400,43.54,43.56,43.535,43.555,23470.0
2023-08-16 14:15:00-0400,43.56,43.58,43.545,43.57,194621.0
2023-08-16 14:20:00-0400,43.5775,43.59,43.5635,43.575,35796.0
2023-08-16 14:25:00-0400,43.57,43.57,43.545,43.545,24981.0
2023-08-16 14:30:00-0400,43.55,43.56,43.545,43.5567,10859.0
2023-08-16 14:35:00-0400,43.5584,43.5584,43.535,43.54,17118.0
2023-08-16 14:40:00-0400,43.545,43.55,43.535,43.545,6049.0
2023-08-16 14:45:00-0400,43.545,43.567,43.545,43.55,38086.0
2023-08-16 14:50:00-0400,43.55,43.56,43.54,43.56,27563.0
2023-08-16 14:55:00-0400,43.56,43.58,43.56,43.565,24296.0
2023-08-16 15:00:00-0400,43.565,43.57,43.56,43.56,18007.0
2023-08-16 15:05:00-0400,43.56,43.57,43.5536,43.565,27455.0
2023-08-16 15:10:00-0400,43.565,43.5675,43.52,43.53,31776.0
2023-08-16 15:15:00-0400,43.53,43.54,43.5206,43.535,14291.0
2023-08-16 15:20:00-0400,43.535,43.54,43.53,43.53,10605.0
2023-08-16 15:25:00-0400,43.53,43.54,43.515,43.525,16644.0
2023-08-16 15:30:00-0400,43.525,43.525,43.5196,43.52,18463.0
2023-08-16 15:35:00-0400,43.515,43.53,43.515,43.525,23942.0
2023-08-16 15:40:00-0400,43.525,43.53,43.5001,43.51,35040.0
2023-08-16 15:45:00-0400,43.515,43.515,43.495,43.495,40675.0
2023-08-16 15:50:00-0400,43.49,43.495,43.47,43.49,29982.0
2023-08-16 15:55:00-0400,43.49,43.5,43.485,43.495,19785.0
2023-08-16 16:00:00-0400,43.5,43.5,43.469,43.47,29262.0
2023-08-17 09:35:00-0400,43.47,43.47,43.47,43.47,0.0
2023-08-17 09:40:00-0400,43.47,43.47,43.47,43.47,0.0
2023-08-17 09:45:00-0400,43.47,43.47,43.47,43.47,0.0
2023-08-17 09:50:00-0400,43.47,43.47,43.47,43.47,0.0
2023-08-17 09:55:00-0400,43.47,43.47,43.47,43.47,0.0
2023-08-17 10:00:00-0400,43.47,43.47,43.47,43.47,0.0
2023-08-17 10:05:00-0400,43.47,43.47,43.47,43.47,0.0
2023-08-17 10:10:00-0400,43.47,43.47,43.47,43.47,0.0
2023-08-17 10:15:00-0400,43.47,43.47,43.47,43.47,0.0
2023-08-17 10:20:00-0400,43.47,43.47,43.47,43.47,0.0
2023-08-17 10:25:00-0400,43.47,43.47,43.47,43.47,0.0
2023-08-17 10:30:00-0400,43.47,43.47,43.47,43.47,0.0
2023-08-17 10:35:00-0400,43.47,43.47,43.47,43.47,0.0
2023-08-17 10:40:00-0400,43.47,43.47,43.47,43.47,0.0
2023-08-17 10:45:00-0400,43.47,43.47,43.47,43.47,0.0
2023-08-17 10:50:00-0400,43.47,43.47,43.47,43.47,0.0
2023-08-17 10:55:00-0400,43.47,43.47,43.47,43.47,0.0
2023-08-17 11:00:00-0400,43.47,43.47,43.47,43.47,0.0
2023-08-17 11:05:00-0400,43.47,43.47,43.47,43.47,0.0
2023-08-17 11:10:00-0400,43.47,43.47,43.47,43.47,0.0
2023-08-17 11:15:00-0400,43.47,43.47,43.47,43.47,0.0
2023-08-17 11:20:00-0400,43.47,43.47,43.47,43.47,0.0
2023-08-17 11:25:00-0400,43.47,43.47,43.47,43.47,0.0
2023-08-17 11:30:00-0400,43.47,43.47,43.47,43.47,0.0
2023-08-17 11:35:00-0400,43.47,43.47,43.47,43.47,0.0
2023-08-17 11:40:00-0400,43.47,43.47,43.47,43.47,0.0
2023-08-17 11:45:00-0400,43.47,43.47,43.47,43.47,0.0
2023-08-17 11:50:00-0400,43.47,43.47,43.47,43.47,0.0
2023-08-17 11:55:00-0400,43.47,43.47,43.47,43.47,0.0
2023-08-17 12:00:00-0400,43.47,43.47,43.47,43.47,0.0
2023-08-17 12:05:00-0400,43.47,43.47,43.47,43.47,0.0
2023-08-17 12:10:00-0400,43.47,43.47,43.47,43.47,0.0
2023-08-17 12:15:00-0400,43.47,43.47,43.47,43.47,0.0
2023-08-17 12:20:00-0400,43.47,43.47,43.47,43.47,0.0
2023-08-17 12:25:00-0400,43.47,43.47,43.47,43.47,0.0
2023-08-17 12:30:00-0400,43.47,43.47,43.47,43.47,0.0
2023-08-17 12:35:00-0400,43.47,43.47,43.47,43.47,0.0
2023-08-17 12:40:00-0400,43.47,43.47,43.47,43.47,0.0
2023-08-17 12:45:00-0400,43.47,43.47,43.47,43.47,0.0
2023-08-17 12:50:00-0400,43.47,43.47,43.47,43.47,0.0
2023-08-17 12:55:00-0400,43.47,43.47,43.47,43.47,0.0
2023-08-17 13:00:00-0400,43.47,43.47,43.47,43.47,0.0
2023-08-17 13:05:00-0400,43.47,43.47,43.47,43.47,0.0
2023-08-17 13:10:00-0400,43.47,43.47,43.4,43.4,2500.0
2023-08-17 13:15:00-0400,43.4,43.4,43.4,43.4,0.0
2023-08-17 13:20:00-0400,43.4,43.4,43.4,43.4,0.0
2023-08-17 13:25:00-0400,43.4,43.45,43.4,43.45,5000.0
2023-08-17 13:30:00-0400,43.45,43.49,43.38,43.47,87711.0
2023-08-17 13:35:00-0400,43.47,43.47,43.41,43.42,51936.0
2023-08-17 13:40:00-0400,43.4292,43.44,43.41,43.44,24537.0
2023-08-17 13:45:00-0400,43.44,43.475,43.42,43.42,53782.0
2023-08-17 13:50:00-0400,43.41,43.415,43.4,43.415,22319.0
2023-08-17 13:55:00-0400,43.415,43.415,43.3601,43.3643,38256.0
2023-08-17 14:00:00-0400,43.37,43.405,43.355,43.4,96383.0
2023-08-17 14:05:00-0400,43.41,43.41,43.385,43.3899,15392.0
2023-08-17 14:10:00-0400,43.38,43.3985,43.37,43.3836,17055.0
2023-08-17 14:15:00-0400,43.38,43.39,43.355,43.39,14640.0
2023-08-17 14:20:00-0400,43.4,43.4,43.37,43.375,53603.0
2023-08-17 14:25:00-0400,43.37,43.385,43.36,43.365,21119.0
2023-08-17 14:30:00-0400,43.365,43.365,43.34,43.35,31278.0
2023-08-17 14:35:00-0400,43.355,43.355,43.325,43.325,13177.0
2023-08-17 14:40:00-0400,43.325,43.345,43.3222,43.345,23991.0
2023-08-17 14:45:00-0400,43.35,43.36,43.34,43.34,38017.0
2023-08-17 14:50:00-0400,43.35,43.36,43.34,43.3598,24003.0
2023-08-17 14:55:00-0400,43.36,43.375,43.36,43.375,44339.0
2023-08-17 15:00:00-0400,43.37,43.37,43.3348,43.335,28275.0
2023-08-17 15:05:00-0400,43.335,43.34,43.32,43.34,36602.0
2023-08-17 15:10:00-0400,43.3455,43.355,43.342,43.35,8696.0
2023-08-17 15:15:00-0400,43.35,43.35,43.335,43.35,23080.0
2023-08-17 15:20:00-0400,43.34,43.345,43.325,43.33,8888.0
2023-08-17 15:25:00-0400,43.32,43.32,43.315,43.315,9873.0
2023-08-17 15:30:00-0400,43.31,43.31,43.305,43.31,19112.0
2023-08-17 15:35:00-0400,43.31,43.31,43.3,43.305,14036.0
2023-08-17 15:40:00-0400,43.305,43.325,43.305,43.32,26944.0
2023-08-17 15:45:00-0400,43.32,43.34,43.32,43.325,56409.0
2023-08-17 15:50:00-0400,43.325,43.329,43.305,43.305,33821.0
2023-08-17 15:55:00-0400,43.305,43.3251,43.305,43.305,51018.0
2023-08-17 16:00:00-0400,43.31,43.3161,43.31,43.31,28962.0
2023-08-18 09:35:00-0400,43.31,43.31,43.31,43.31,0.0
2023-08-18 09:40:00-0400,43.31,43.31,43.31,43.31,0.0
2023-08-18 09:45:00-0400,43.31,43.31,43.31,43.31,0.0
2023-08-18 09:50:00-0400,43.31,43.31,43.31,43.31,0.0
2023-08-18 09:55:00-0400,43.31,43.31,43.31,43.31,0.0
2023-08-18 10:00:00-0400,43.31,43.31,43.31,43.31,0.0
2023-08-18 10:05:00-0400,43.31,43.31,43.31,43.31,0.0
2023-08-18 10:10:00-0400,43.31,43.31,43.31,43.31,0.0
2023-08-18 10:15:00-0400,43.31,43.31,43.31,43.31,0.0
2023-08-18 10:20:00-0400,43.31,43.31,43.31,43.31,0.0
2023-08-18 10:25:00-0400,43.31,43.31,43.31,43.31,0.0
2023-08-18 10:30:00-0400,43.31,43.31,43.22,43.22,139.0
2023-08-18 10:35:00-0400,43.22,43.22,43.22,43.22,0.0
2023-08-18 10:40:00-0400,43.22,43.22,43.22,43.22,0.0
2023-08-18 10:45:00-0400,43.22,43.22,43.22,43.22,0.0
2023-08-18 10:50:00-0400,43.22,43.22,43.22,43.22,0.0
2023-08-18 10:55:00-0400,43.22,43.22,43.22,43.22,0.0
2023-08-18 11:00:00-0400,43.22,43.22,43.22,43.22,0.0
2023-08-18 11:05:00-0400,43.22,43.22,43.22,43.22,0.0
2023-08-18 11:10:00-0400,43.22,43.22,43.22,43.22,0.0
2023-08-18 11:15:00-0400,43.22,43.22,43.22,43.22,0.0
2023-08-18 11:20:00-0400,43.22,43.22,43.22,43.22,0.0
2023-08-18 11:25:00-0400,43.22,43.22,43.22,43.22,0.0
2023-08-18 11:30:00-0400,43.22,43.22,43.22,43.22,0.0
2023-08-18 11:35:00-0400,43.22,43.22,43.22,43.22,0.0
2023-08-18 11:40:00-0400,43.22,43.22,43.22,43.22,0.0
2023-08-18 11:45:00-0400,43.22,43.22,43.22,43.22,0.0
2023-08-18 11:50:00-0400,43.22,43.22,43.22,43.22,0.0
2023-08-18 11:55:00-0400,43.22,43.22,43.22,43.22,0.0
2023-08-18 12:00:00-0400,43.22,43.22,43.22,43.22,0.0
2023-08-18 12:05:00-0400,43.22,43.22,43.22,43.22,0.0
2023-08-18 12:10:00-0400,43.22,43.22,43.22,43.22,0.0
2023-08-18 12:15:00-0400,43.22,43.22,43.22,43.22,0.0
2023-08-18 12:20:00-0400,43.22,43.22,43.22,43.22,0.0
2023-08-18 12:25:00-0400,43.22,43.22,43.22,43.22,0.0
2023-08-18 12:30:00-0400,43.22,43.22,43.22,43.22,0.0
2023-08-18 12:35:00-0400,43.22,43.22,43.22,43.22,0.0
2023-08-18 12:40:00-0400,43.22,43.22,43.22,43.22,0.0
2023-08-18 12:45:00-0400,43.22,43.22,43.22,43.22,0.0
2023-08-18 12:50:00-0400,43.22,43.22,43.22,43.22,0.0
2023-08-18 12:55:00-0400,43.22,43.22,43.22,43.22,0.0
2023-08-18 13:00:00-0400,43.22,43.22,43.22,43.22,0.0
2023-08-18 13:05:00-0400,43.22,43.22,43.22,43.22,0.0
2023-08-18 13:10:00-0400,43.22,43.22,43.21,43.21,200.0
2023-08-18 13:15:00-0400,43.21,43.22,43.21,43.22,1560.0
2023-08-18 13:20:00-0400,43.22,43.22,43.22,43.22,0.0
2023-08-18 13:25:00-0400,43.22,43.22,43.22,43.22,0.0
2023-08-18 13:30:00-0400,43.22,43.22,43.13,43.17,44746.0
2023-08-18 13:35:00-0400,43.17,43.22,43.16,43.205,49601.0
2023-08-18 13:40:00-0400,43.2002,43.225,43.19,43.195,172939.0
2023-08-18 13:45:00-0400,43.195,43.215,43.1717,43.18,56888.0
2023-08-18 13:50:00-0400,43.19,43.245,43.185,43.235,113680.0
2023-08-18 13:55:00-0400,43.23,43.245,43.215,43.215,50819.0
2023-08-18 14:00:00-0400,43.21,43.23,43.185,43.22,96556.0
2023-08-18 14:05:00-0400,43.22,43.22,43.195,43.22,39772.0
2023-08-18 14:10:00-0400,43.22,43.24,43.2112,43.23,70840.0
2023-08-18 14:15:00-0400,43.23,43.2473,43.23,43.235,65078.0
2023-08-18 14:20:00-0400,43.235,43.26,43.2,43.26,77783.0
2023-08-18 14:25:00-0400,43.26,43.2686,43.2401,43.2439,85181.0
2023-08-18 14:30:00-0400,43.2469,43.25,43.2201,43.235,102664.0
2023-08-18 14:35:00-0400,43.24,43.27,43.23,43.26,109549.0
2023-08-18 14:40:00-0400,43.27,43.27,43.25,43.27,53301.0
2023-08-18 14:45:00-0400,43.27,43.2861,43.2601,43.27,90132.0
2023-08-18 14:50:00-0400,43.265,43.29,43.26,43.275,120310.0
2023-08-18 14:55:00-0400,43.275,43.3,43.265,43.295,71422.0
2023-08-18 15:00:00-0400,43.3,43.325,43.3,43.325,119939.0
2023-08-18 15:05:00-0400,43.3273,43.33,43.3101,43.33,33767.0
2023-08-18 15:10:00-0400,43.325,43.325,43.3064,43.3247,119793.0
2023-08-18 15:15:00-0400,43.325,43.35,43.325,43.3427,54688.0
2023-08-18 15:20:00-0400,43.345,43.35,43.33,43.34,40539.0
2023-08-18 15:25:00-0400,43.34,43.345,43.3301,43.335,25334.0
2023-08-18 15:30:00-0400,43.33,43.34,43.32,43.325,68170.0
2023-08-18 15:35:00-0400,43.32,43.35,43.32,43.33,63314.0
2023-08-18 15:40:00-0400,43.33,43.345,43.295,43.295,62475.0
2023-08-18 15:45:00-0400,43.3,43.32,43.2933,43.32,58239.0
2023-08-18 15:50:00-0400,43.3157,43.33,43.3101,43.33,27897.0
2023-08-18 15:55:00-0400,43.34,43.345,43.3301,43.345,6441.0
2023-08-18 16:00:00-0400,43.35,43.365,43.34,43.365,30350.0
2023-08-21 09:35:00-0400,43.365,43.365,43.365,43.365,0.0
2023-08-21 09:40:00-0400,43.365,43.365,43.365,43.365,0.0
2023-08-21 09:45:00-0400,43.365,43.365,43.365,43.365,0.0
2023-08-21 09:50:00-0400,43.365,43.365,43.365,43.365,0.0
2023-08-21 09:55:00-0400,43.365,43.365,43.365,43.365,0.0
2023-08-21 10:00:00-0400,43.365,43.365,43.365,43.365,0.0
2023-08-21 10:05:00-0400,43.365,43.365,43.365,43.365,0.0
2023-08-21 10:10:00-0400,43.365,43.365,43.365,43.365,0.0
2023-08-21 10:15:00-0400,43.365,43.365,43.365,43.365,0.0
2023-08-21 10:20:00-0400,43.365,43.365,43.365,43.365,0.0
2023-08-21 10:25:00-0400,43.365,43.365,43.365,43.365,0.0
2023-08-21 10:30:00-0400,43.365,43.365,43.365,43.365,0.0
2023-08-21 10:35:00-0400,43.365,43.365,43.365,43.365,0.0
2023-08-21 10:40:00-0400,43.365,43.365,43.365,43.365,0.0
2023-08-21 10:45:00-0400,43.365,43.365,43.365,43.365,0.0
2023-08-21 10:50:00-0400,43.365,43.365,43.365,43.365,0.0
2023-08-21 10:55:00-0400,43.365,43.365,43.365,43.365,0.0
2023-08-21 11:00:00-0400,43.365,43.365,43.365,43.365,0.0
2023-08-21 11:05:00-0400,43.365,43.365,43.365,43.365,0.0
2023-08-21 11:10:00-0400,43.365,43.365,43.365,43.365,0.0
2023-08-21 11:15:00-0400,43.365,43.365,43.365,43.365,0.0
2023-08-21 11:20:00-0400,43.365,43.365,43.365,43.365,0.0
2023-08-21 11:25:00-0400,43.365,43.365,43.365,43.365,0.0
2023-08-21 11:30:00-0400,43.365,43.365,43.365,43.365,0.0
2023-08-21 11:35:00-0400,43.365,43.365,43.365,43.365,0.0
2023-08-21 11:40:00-0400,43.365,43.365,43.365,43.365,0.0
2023-08-21 11:45:00-0400,43.365,43.365,43.365,43.365,0.0
2023-08-21 11:50:00-0400,43.365,43.365,43.365,43.365,0.0
2023-08-21 11:55:00-0400,43.365,43.365,43.365,43.365,0.0
2023-08-21 12:00:00-0400,43.365,43.365,43.365,43.365,0.0
2023-08-21 12:05:00-0400,43.365,43.365,43.365,43.365,0.0
2023-08-21 12:10:00-0400,43.365,43.365,43.365,43.365,0.0
2023-08-21 12:15:00-0400,43.365,43.365,43.365,43.365,0.0
2023-08-21 12:20:00-0400,43.365,43.365,43.365,43.365,0.0
2023-08-21 12:25:00-0400,43.365,43.365,43.365,43.365,0.0
2023-08-21 12:30:00-0400,43.365,43.365,43.365,43.365,0.0
2023-08-21 12:35:00-0400,43.365,43.365,43.365,43.365,0.0
2023-08-21 12:40:00-0400,43.365,43.365,43.365,43.365,0.0
2023-08-21 12:45:00-0400,43.365,43.365,43.365,43.365,0.0
2023-08-21 12:50:00-0400,43.365,43.365,43.365,43.365,0.0
2023-08-21 12:55:00-0400,43.365,43.365,43.365,43.365,0.0
2023-08-21 13:00:00-0400,43.365,43.365,43.365,43.365,0.0
2023-08-21 13:05:00-0400,43.365,43.365,43.365,43.365,0.0
2023-08-21 13:10:00-0400,43.365,43.58,43.365,43.58,200.0
2023-08-21 13:15:00-0400,43.58,43.58,43.58,43.58,0.0
2023-08-21 13:20:00-0400,43.58,43.58,43.58,43.58,0.0
2023-08-21 13:25:00-0400,43.58,43.58,43.58,43.58,0.0
2023-08-21 13:30:00-0400,43.58,43.58,43.5,43.52,18066.0
2023-08-21 13:35:00-0400,43.52,43.545,43.515,43.54,41034.0
2023-08-21 13:40:00-0400,43.545,43.565,43.53,43.535,225032.0
2023-08-21 13:45:00-0400,43.545,43.555,43.52,43.525,47574.0
2023-08-21 13:50:00-0400,43.525,43.54,43.51,43.525,55067.0
2023-08-21 13:55:00-0400,43.52,43.54,43.52,43.53,66529.0
2023-08-21 14:00:00-0400,43.53,43.555,43.52,43.555,67393.0
2023-08-21 14:05:00-0400,43.555,43.555,43.52,43.53,32358.0
2023-08-21 14:10:00-0400,43.53,43.535,43.51,43.51,63329.0
2023-08-21 14:15:00-0400,43.51,43.51,43.49,43.495,56205.0
2023-08-21 14:20:00-0400,43.495,43.51,43.48,43.495,57393.0
2023-08-21 14:25:00-0400,43.495,43.52,43.4814,43.485,50903.0
2023-08-21 14:30:00-0400,43.48,43.48,43.455,43.455,56933.0
2023-08-21 14:35:00-0400,43.455,43.4675,43.445,43.455,39187.0
2023-08-21 14:40:00-0400,43.455,43.475,43.45,43.475,15506.0
2023-08-21 14:45:00-0400,43.475,43.4852,43.465,43.4684,39380.0
2023-08-21 14:50:00-0400,43.465,43.4899,43.465,43.475,26139.0
2023-08-21 14:55:00-0400,43.48,43.49,43.47,43.48,27763.0
2023-08-21 15:00:00-0400,43.49,43.495,43.48,43.48,33954.0
2023-08-21 15:05:00-0400,43.48,43.5,43.48,43.49,27527.0
2023-08-21 15:10:00-0400,43.49,43.4999,43.46,43.46,40194.0
2023-08-21 15:15:00-0400,43.465,43.469,43.442,43.45,36707.0
2023-08-21 15:20:00-0400,43.45,43.48,43.445,43.48,38245.0
2023-08-21 15:25:00-0400,43.48,43.495,43.48,43.49,22018.0
2023-08-21 15:30:00-0400,43.495,43.5,43.48,43.5,35337.0
2023-08-21 15:35:00-0400,43.495,43.51,43.49,43.505,17563.0
2023-08-21 15:40:00-0400,43.505,43.51,43.485,43.495,30906.0
2023-08-21 15:45:00-0400,43.495,43.495,43.465,43.475,38549.0
2023-08-21 15:50:00-0400,43.475,43.48,43.47,43.48,25880.0
2023-08-21 15:55:00-0400,43.475,43.485,43.47,43.485,25255.0
2023-08-21 16:00:00-0400,43.485,43.49,43.4831,43.485,10116.0
2023-08-22 09:35:00-0400,43.485,43.485,43.485,43.485,0.0
2023-08-22 09:40:00-0400,43.485,43.485,43.485,43.485,0.0
2023-08-22 09:45:00-0400,43.485,43.485,43.485,43.485,0.0
2023-08-22 09:50:00-0400,43.485,43.485,43.485,43.485,0.0
2023-08-22 09:55:00-0400,43.485,43.485,43.485,43.485,0.0
2023-08-22 10:00:00-0400,43.485,43.485,43.485,43.485,0.0
2023-08-22 10:05:00-0400,43.485,43.485,43.485,43.485,0.0
2023-08-22 10:10:00-0400,43.485,43.485,43.485,43.485,0.0
2023-08-22 10:15:00-0400,43.485,43.485,43.485,43.485,0.0
2023-08-22 10:20:00-0400,43.485,43.485,43.485,43.485,0.0
2023-08-22 10:25:00-0400,43.485,43.485,43.485,43.485,0.0
2023-08-22 10:30:00-0400,43.485,43.485,43.485,43.485,0.0
2023-08-22 10:35:00-0400,43.485,43.485,43.485,43.485,0.0
2023-08-22 10:40:00-0400,43.485,43.485,43.485,43.485,0.0
2023-08-22 10:45:00-0400,43.485,43.485,43.485,43.485,0.0
2023-08-22 10:50:00-0400,43.485,43.485,43.485,43.485,0.0
2023-08-22 10:55:00-0400,43.485,43.485,43.485,43.485,0.0
2023-08-22 11:00:00-0400,43.485,43.485,43.485,43.485,0.0
2023-08-22 11:05:00-0400,43.485,43.485,43.485,43.485,0.0
2023-08-22 11:10:00-0400,43.485,43.485,43.485,43.485,0.0
2023-08-22 11:15:00-0400,43.485,43.485,43.485,43.485,0.0
2023-08-22 11:20:00-0400,43.485,43.485,43.485,43.485,0.0
2023-08-22 11:25:00-0400,43.485,43.485,43.485,43.485,0.0
2023-08-22 11:30:00-0400,43.485,43.485,43.485,43.485,0.0
2023-08-22 11:35:00-0400,43.485,43.485,43.485,43.485,0.0
2023-08-22 11:40:00-0400,43.485,43.485,43.485,43.485,0.0
2023-08-22 11:45:00-0400,43.485,43.485,43.485,43.485,0.0
2023-08-22 11:50:00-0400,43.485,43.485,43.485,43.485,0.0
2023-08-22 11:55:00-0400,43.485,43.485,43.485,43.485,0.0
2023-08-22 12:00:00-0400,43.485,43.485,43.485,43.485,0.0
2023-08-22 12:05:00-0400,43.485,43.485,43.485,43.485,0.0
2023-08-22 12:10:00-0400,43.485,43.485,43.485,43.485,0.0
2023-08-22 12:15:00-0400,43.485,43.485,43.485,43.485,0.0
2023-08-22 12:20:00-0400,43.485,43.485,43.485,43.485,0.0
2023-08-22 12:25:00-0400,43.485,43.485,43.485,43.485,0.0
2023-08-22 12:30:00-0400,43.485,43.485,43.485,43.485,0.0
2023-08-22 12:35:00-0400,43.485,43.485,43.485,43.485,0.0
2023-08-22 12:40:00-0400,43.485,43.485,43.485,43.485,0.0
2023-08-22 12:45:00-0400,43.485,43.485,43.485,43.485,0.0
2023-08-22 12:50:00-0400,43.485,43.485,43.485,43.485,0.0
2023-08-22 12:55:00-0400,43.485,43.485,43.485,43.485,0.0
2023-08-22 13:00:00-0400,43.485,43.485,43.485,43.485,0.0
2023-08-22 13:05:00-0400,43.485,43.485,43.485,43.485,0.0
2023-08-22 13:10:00-0400,43.485,43.485,43.485,43.485,0.0
2023-08-22 13:15:00-0400,43.485,43.485,43.485,43.485,0.0
2023-08-22 13:20:00-0400,43.88,43.88,43.88,43.88,247.0
2023-08-22 13:25:00-0400,43.88,43.88,43.88,43.88,0.0
2023-08-22 13:30:00-0400,43.88,43.88,43.68,43.68,17470.0
2023-08-22 13:35:00-0400,43.69,43.7,43.65,43.65,111340.0
2023-08-22 13:40:00-0400,43.65,43.665,43.63,43.63,29407.0
2023-08-22 13:45:00-0400,43.635,43.64,43.615,43.615,25856.0
2023-08-22 13:50:00-0400,43.61,43.63,43.595,43.6,94421.0
2023-08-22 13:55:00-0400,43.605,43.605,43.5708,43.58,25171.0
2023-08-22 14:00:00-0400,43.58,43.585,43.555,43.58,105864.0
2023-08-22 14:05:00-0400,43.58,43.605,43.58,43.6,13271.0
2023-08-22 14:10:00-0400,43.6,43.61,43.58,43.585,16838.0
2023-08-22 14:15:00-0400,43.59,43.61,43.59,43.6,42978.0
2023-08-22 14:20:00-0400,43.61,43.61,43.6,43.605,11749.0
2023-08-22 14:25:00-0400,43.61,43.62,43.58,43.59,32110.0
2023-08-22 14:30:00-0400,43.59,43.59,43.575,43.575,27170.0
2023-08-22 14:35:00-0400,43.575,43.5775,43.555,43.56,57436.0
2023-08-22 14:40:00-0400,43.565,43.575,43.5606,43.5606,30613.0
2023-08-22 14:45:00-0400,43.565,43.58,43.56,43.58,35206.0
2023-08-22 14:50:00-0400,43.58,43.5959,43.58,43.59,17970.0
2023-08-22 14:55:00-0400,43.5985,43.6075,43.5985,43.6075,5088.0
2023-08-22 15:00:00-0400,43.6,43.61,43.58,43.58,25669.0
2023-08-22 15:05:00-0400,43.58,43.58,43.555,43.555,20890.0
2023-08-22 15:10:00-0400,43.55,43.565,43.55,43.56,28220.0
2023-08-22 15:15:00-0400,43.555,43.58,43.555,43.56,15402.0
2023-08-22 15:20:00-0400,43.555,43.5675,43.55,43.56,6071.0
2023-08-22 15:25:00-0400,43.56,43.57,43.559,43.559,43894.0
2023-08-22 15:30:00-0400,43.555,43.56,43.55,43.55,14316.0
2023-08-22 15:35:00-0400,43.545,43.58,43.545,43.575,25831.0
2023-08-22 15:40:00-0400,43.58,43.58,43.56,43.56,10580.0
2023-08-22 15:45:00-0400,43.565,43.5659,43.5506,43.5506,7933.0
2023-08-22 15:50:00-0400,43.555,43.56,43.545,43.56,17406.0
2023-08-22 15:55:00-0400,43.55,43.555,43.53,43.5395,21326.0
2023-08-22 16:00:00-0400,43.535,43.54,43.5339,43.535,1016.0
2023-08-23 09:35:00-0400,43.535,43.535,43.535,43.535,0.0
2023-08-23 09:40:00-0400,43.535,43.535,43.535,43.535,0.0
2023-08-23 09:45:00-0400,43.535,43.535,43.535,43.535,0.0
2023-08-23 09:50:00-0400,43.535,43.535,43.535,43.535,0.0
2023-08-23 09:55:00-0400,43.535,43.535,43.535,43.535,0.0
2023-08-23 10:00:00-0400,43.535,43.535,43.535,43.535,0.0
2023-08-23 10:05:00-0400,43.535,43.535,43.535,43.535,0.0
2023-08-23 10:10:00-0400,43.535,43.535,43.535,43.535,0.0
2023-08-23 10:15:00-0400,43.535,43.535,43.535,43.535,0.0
2023-08-23 10:20:00-0400,43.535,43.535,43.535,43.535,0.0
2023-08-23 10:25:00-0400,43.535,43.535,43.535,43.535,0.0
2023-08-23 10:30:00-0400,43.535,43.535,43.535,43.535,0.0
2023-08-23 10:35:00-0400,43.535,43.535,43.535,43.535,0.0
2023-08-23 10:40:00-0400,43.535,43.535,43.535,43.535,0.0
2023-08-23 10:45:00-0400,43.535,43.535,43.535,43.535,0.0
2023-08-23 10:50:00-0400,43.535,43.535,43.535,43.535,0.0
2023-08-23 10:55:00-0400,43.535,43.535,43.535,43.535,0.0
2023-08-23 11:00:00-0400,43.535,43.535,43.535,43.535,0.0
2023-08-23 11:05:00-0400,43.535,43.535,43.535,43.535,0.0
2023-08-23 11:10:00-0400,43.535,43.535,43.535,43.535,0.0
2023-08-23 11:15:00-0400,43.535,43.535,43.535,43.535,0.0
2023-08-23 11:20:00-0400,43.535,43.535,43.535,43.535,0.0
2023-08-23 11:25:00-0400,43.535,43.535,43.535,43.535,0.0
2023-08-23 11:30:00-0400,43.535,43.535,43.535,43.535,0.0
2023-08-23 11:35:00-0400,43.535,43.535,43.535,43.535,0.0
2023-08-23 11:40:00-0400,43.535,43.535,43.535,43.535,0.0
2023-08-23 11:45:00-0400,43.535,43.535,43.535,43.535,0.0
2023-08-23 11:50:00-0400,43.535,43.535,43.535,43.535,0.0
2023-08-23 11:55:00-0400,43.535,43.535,43.535,43.535,0.0
2023-08-23 12:00:00-0400,43.535,43.535,43.535,43.535,0.0
2023-08-23 12:05:00-0400,43.535,43.535,43.535,43.535,0.0
2023-08-23 12:10:00-0400,43.535,43.535,43.535,43.535,0.0
2023-08-23 12:15:00-0400,43.535,43.535,43.535,43.535,0.0
2023-08-23 12:20:00-0400,43.535,43.535,43.535,43.535,0.0
2023-08-23 12:25:00-0400,43.535,43.535,43.535,43.535,0.0
2023-08-23 12:30:00-0400,43.535,43.535,43.535,43.535,0.0
2023-08-23 12:35:00-0400,43.535,43.535,43.535,43.535,0.0
2023-08-23 12:40:00-0400,43.535,43.535,43.535,43.535,0.0
2023-08-23 12:45:00-0400,43.535,44.01,43.535,44.01,200.0
2023-08-23 12:50:00-0400,44.01,44.01,44.01,44.01,0.0
2023-08-23 12:55:00-0400,44.01,44.01,44.0083,44.0083,300.0
2023-08-23 13:00:00-0400,44.0083,44.0083,44.0,44.0,416.0
2023-08-23 13:05:00-0400,44.0,44.0,43.98,43.98,297.0
2023-08-23 13:10:00-0400,43.98,43.98,43.98,43.98,0.0
2023-08-23 13:15:00-0400,43.98,43.98,43.98,43.98,0.0
2023-08-23 13:20:00-0400,43.98,43.98,43.98,43.98,0.0
2023-08-23 13:25:00-0400,43.98,43.98,43.98,43.98,0.0
2023-08-23 13:30:00-0400,43.98,43.99,43.9768,43.99,14366.0
2023-08-23 13:35:00-0400,43.99,44.01,43.9601,44.005,55611.0
2023-08-23 13:40:00-0400,44.005,44.035,44.005,44.03,70473.0
2023-08-23 13:45:00-0400,44.03,44.12,44.03,44.1,62726.0
2023-08-23 13:50:00-0400,44.1,44.135,44.075,44.12,91152.0
2023-08-23 13:55:00-0400,44.12,44.135,44.095,44.125,40528.0
2023-08-23 14:00:00-0400,44.13,44.1497,44.13,44.13,24085.0
2023-08-23 14:05:00-0400,44.135,44.14,44.09,44.1,25997.0
2023-08-23 14:10:00-0400,44.1,44.13,44.1,44.12,51280.0
2023-08-23 14:15:00-0400,44.13,44.13,44.11,44.1236,42253.0
2023-08-23 14:20:00-0400,44.13,44.13,44.08,44.1,53212.0
2023-08-23 14:25:00-0400,44.105,44.125,44.105,44.125,17667.0
2023-08-23 14:30:00-0400,44.125,44.13,44.12,44.13,8216.0
2023-08-23 14:35:00-0400,44.125,44.14,44.125,44.14,16085.0
2023-08-23 14:40:00-0400,44.13,44.14,44.12,44.13,43083.0
2023-08-23 14:45:00-0400,44.12,44.1499,44.12,44.13,31236.0
2023-08-23 14:50:00-0400,44.135,44.149,44.12,44.135,54059.0
2023-08-23 14:55:00-0400,44.13,44.1361,44.12,44.13,30877.0
2023-08-23 15:00:00-0400,44.13,44.1669,44.13,44.1523,26720.0
2023-08-23 15:05:00-0400,44.155,44.17,44.15,44.17,7260.0
2023-08-23 15:10:00-0400,44.17,44.185,44.16,44.185,17931.0
2023-08-23 15:15:00-0400,44.185,44.185,44.17,44.175,10243.0
2023-08-23 15:20:00-0400,44.175,44.18,44.16,44.16,15385.0
2023-08-23 15:25:00-0400,44.16,44.18,44.16,44.175,6452.0
2023-08-23 15:30:00-0400,44.175,44.19,44.17,44.18,26858.0
2023-08-23 15:35:00-0400,44.17,44.175,44.14,44.155,45708.0
2023-08-23 15:40:00-0400,44.16,44.18,44.16,44.18,21348.0
2023-08-23 15:45:00-0400,44.175,44.18,44.155,44.1601,18752.0
2023-08-23 15:50:00-0400,44.165,44.165,44.15,44.165,11120.0
2023-08-23 15:55:00-0400,44.167,44.17,44.16,44.16,9122.0
2023-08-23 16:00:00-0400,44.17,44.18,44.17,44.175,9448.0
2023-08-24 09:35:00-0400,44.175,44.175,44.175,44.175,0.0
2023-08-24 09:40:00-0400,44.175,44.175,44.02,44.02,400.0
2023-08-24 09:45:00-0400,44.02,44.02,44.02,44.02,0.0
2023-08-24 09:50:00-0400,44.02,44.02,44.02,44.02,300.0
2023-08-24 09:55:00-0400,44.02,44.02,44.02,44.02,0.0
2023-08-24 10:00:00-0400,44.02,44.02,44.02,44.02,0.0
2023-08-24 10:05:00-0400,44.02,44.02,44.02,44.02,0.0
2023-08-24 10:10:00-0400,44.02,44.02,44.02,44.02,0.0
2023-08-24 10:15:00-0400,44.02,44.02,44.02,44.02,0.0
2023-08-24 10:20:00-0400,44.02,44.08,44.02,44.08,100.0
2023-08-24 10:25:00-0400,44.08,44.08,44.08,44.08,0.0
2023-08-24 10:30:00-0400,44.08,44.08,44.08,44.08,0.0
2023-08-24 10:35:00-0400,44.08,44.08,44.02,44.02,2653.0
2023-08-24 10:40:00-0400,44.02,44.02,44.02,44.02,0.0
2023-08-24 10:45:00-0400,44.02,44.02,44.02,44.02,0.0
2023-08-24 10:50:00-0400,44.02,44.02,44.02,44.02,0.0
2023-08-24 10:55:00-0400,44.02,44.02,44.02,44.02,0.0
2023-08-24 11:00:00-0400,44.02,44.02,44.02,44.02,0.0
2023-08-24 11:05:00-0400,44.02,44.02,44.02,44.02,0.0
2023-08-24 11:10:00-0400,44.02,44.02,44.02,44.02,0.0
2023-08-24 11:15:00-0400,44.02,44.02,44.02,44.02,0.0
2023-08-24 11:20:00-0400,44.02,44.02,44.02,44.02,0.0
2023-08-24 11:25:00-0400,44.02,44.02,44.02,44.02,0.0
2023-08-24 11:30:00-0400,44.02,44.02,44.02,44.02,0.0
2023-08-24 11:35:00-0400,44.02,44.02,44.02,44.02,0.0
2023-08-24 11:40:00-0400,44.02,44.02,44.02,44.02,0.0
2023-08-24 11:45:00-0400,44.02,44.02,44.02,44.02,0.0
2023-08-24 11:50:00-0400,44.02,44.02,44.02,44.02,0.0
2023-08-24 11:55:00-0400,44.02,44.02,44.02,44.02,0.0
2023-08-24 12:00:00-0400,44.02,44.02,44.02,44.02,0.0
2023-08-24 12:05:00-0400,44.02,44.24,44.02,44.11,461.0
2023-08-24 12:10:00-0400,44.11,44.11,44.11,44.11,0.0
2023-08-24 12:15:00-0400,44.11,44.11,44.11,44.11,0.0
2023-08-24 12:20:00-0400,44.11,44.11,44.11,44.11,0.0
2023-08-24 12:25:00-0400,44.11,44.11,44.11,44.11,0.0
2023-08-24 12:30:00-0400,44.11,44.11,44.11,44.11,0.0
2023-08-24 12:35:00-0400,44.11,44.11,44.11,44.11,0.0
2023-08-24 12:40:00-0400,44.11,44.11,44.01,44.01,568.0
2023-08-24 12:45:00-0400,44.01,44.01,44.01,44.01,0.0
2023-08-24 12:50:00-0400,44.01,44.01,44.01,44.01,0.0
2023-08-24 12:55:00-0400,44.01,44.01,44.01,44.01,0.0
2023-08-24 13:00:00-0400,44.01,44.01,44.01,44.01,0.0
2023-08-24 13:05:00-0400,44.01,44.01,44.01,44.01,0.0
2023-08-24 13:10:00-0400,44.01,44.01,44.01,44.01,0.0
2023-08-24 13:15:00-0400,44.01,44.06,44.01,44.06,201.0
2023-08-24 13:20:00-0400,44.06,44.06,44.06,44.06,0.0
2023-08-24 13:25:00-0400,44.06,44.06,44.06,44.06,0.0
2023-08-24 13:30:00-0400,44.06,44.06,43.945,44.0,23924.0
2023-08-24 13:35:00-0400,43.99,43.995,43.9,43.9,50759.0
2023-08-24 13:40:00-0400,43.9,43.9397,43.895,43.93,119273.0
2023-08-24 13:45:00-0400,43.93,43.93,43.89,43.9,25546.0
2023-08-24 13:50:00-0400,43.895,43.92,43.89,43.89,64043.0
2023-08-24 13:55:00-0400,43.89,43.91,43.89,43.905,30691.0
2023-08-24 14:00:00-0400,43.905,43.95,43.905,43.95,26859.0
2023-08-24 14:05:00-0400,43.945,43.949,43.92,43.9303,34814.0
2023-08-24 14:10:00-0400,43.93,43.93,43.885,43.89,34325.0
2023-08-24 14:15:00-0400,43.89,43.91,43.8846,43.89,39387.0
2023-08-24 14:20:00-0400,43.89,43.89,43.87,43.89,11317.0
2023-08-24 14:25:00-0400,43.885,43.885,43.8534,43.8534,84277.0
2023-08-24 14:30:00-0400,43.86,43.865,43.835,43.835,38968.0
2023-08-24 14:35:00-0400,43.84,43.86,43.84,43.85,63701.0
2023-08-24 14:40:00-0400,43.855,43.8999,43.855,43.8999,50136.0
2023-08-24 14:45:00-0400,43.9,43.9,43.865,43.87,18226.0
2023-08-24 14:50:00-0400,43.87,43.87,43.86,43.8605,4865.0
2023-08-24 14:55:00-0400,43.8661,43.875,43.8543,43.875,31892.0
2023-08-24 15:00:00-0400,43.875,43.8796,43.83,43.835,45408.0
2023-08-24 15:05:00-0400,43.84,43.85,43.835,43.85,28779.0
2023-08-24 15:10:00-0400,43.84,43.845,43.83,43.84,28566.0
2023-08-24 15:15:00-0400,43.8499,43.8499,43.82,43.825,49934.0
2023-08-24 15:20:00-0400,43.8283,43.83,43.815,43.82,18710.0
2023-08-24 15:25:00-0400,43.83,43.83,43.81,43.81,9205.0
2023-08-24 15:30:00-0400,43.81,43.82,43.8,43.8,23478.0
2023-08-24 15:35:00-0400,43.805,43.81,43.8,43.81,17136.0
2023-08-24 15:40:00-0400,43.81,43.81,43.7801,43.79,33379.0
2023-08-24 15:45:00-0400,43.79,43.79,43.785,43.79,16421.0
2023-08-24 15:50:00-0400,43.79,43.805,43.79,43.8,94724.0
2023-08-24 15:55:00-0400,43.81,43.81,43.795,43.81,10107.0
2023-08-24 16:00:00-0400,43.8,43.805,43.795,43.797,4982.0
2023-08-25 09:35:00-0400,43.797,43.797,43.797,43.797,0.0
2023-08-25 09:40:00-0400,43.797,43.797,43.797,43.797,0.0
2023-08-25 09:45:00-0400,43.797,43.797,43.797,43.797,0.0
2023-08-25 09:50:00-0400,43.797,43.797,43.797,43.797,0.0
2023-08-25 09:55:00-0400,43.797,43.797,43.797,43.797,0.0
2023-08-25 10:00:00-0400,43.797,43.797,43.797,43.797,0.0
2023-08-25 10:05:00-0400,43.797,43.797,43.797,43.797,0.0
2023-08-25 10:10:00-0400,43.797,43.797,43.797,43.797,0.0
2023-08-25 10:15:00-0400,43.797,43.797,43.797,43.797,0.0
2023-08-25 10:20:00-0400,43.797,43.797,43.797,43.797,0.0
2023-08-25 10:25:00-0400,43.797,43.797,43.797,43.797,0.0
2023-08-25 10:30:00-0400,43.797,43.797,43.797,43.797,0.0
2023-08-25 10:35:00-0400,43.797,43.797,43.797,43.797,0.0
2023-08-25 10:40:00-0400,43.797,43.797,43.797,43.797,0.0
2023-08-25 10:45:00-0400,43.797,43.797,43.797,43.797,0.0
2023-08-25 10:50:00-0400,43.797,43.797,43.797,43.797,0.0
2023-08-25 10:55:00-0400,43.797,43.797,43.797,43.797,0.0
2023-08-25 11:00:00-0400,43.797,43.797,43.797,43.797,0.0
2023-08-25 11:05:00-0400,43.797,43.797,43.797,43.797,0.0
2023-08-25 11:10:00-0400,43.797,43.797,43.797,43.797,0.0
2023-08-25 11:15:00-0400,43.797,43.797,43.797,43.797,0.0
2023-08-25 11:20:00-0400,43.797,43.797,43.797,43.797,0.0
2023-08-25 11:25:00-0400,43.797,43.797,43.797,43.797,0.0
2023-08-25 11:30:00-0400,43.797,43.797,43.797,43.797,0.0
2023-08-25 11:35:00-0400,43.797,43.797,43.797,43.797,0.0
2023-08-25 11:40:00-0400,43.797,43.797,43.797,43.797,0.0
2023-08-25 11:45:00-0400,43.797,43.797,43.797,43.797,0.0
2023-08-25 11:50:00-0400,43.797,43.797,43.797,43.797,0.0
2023-08-25 11:55:00-0400,43.797,43.797,43.797,43.797,0.0
2023-08-25 12:00:00-0400,43.797,43.797,43.797,43.797,0.0
2023-08-25 12:05:00-0400,43.797,43.797,43.76,43.76,103.0
2023-08-25 12:10:00-0400,43.76,43.76,43.76,43.76,0.0
2023-08-25 12:15:00-0400,43.76,43.76,43.76,43.76,0.0
2023-08-25 12:20:00-0400,43.76,43.76,43.76,43.76,0.0
2023-08-25 12:25:00-0400,43.76,43.76,43.76,43.76,0.0
2023-08-25 12:30:00-0400,43.76,43.76,43.76,43.76,0.0
2023-08-25 12:35:00-0400,43.76,43.76,43.76,43.76,0.0
2023-08-25 12:40:00-0400,43.76,43.76,43.76,43.76,0.0
2023-08-25 12:45:00-0400,43.76,43.76,43.76,43.76,0.0
2023-08-25 12:50:00-0400,43.76,43.76,43.76,43.76,0.0
2023-08-25 12:55:00-0400,43.76,43.76,43.76,43.76,0.0
2023-08-25 13:00:00-0400,43.76,43.76,43.76,43.76,0.0
2023-08-25 13:05:00-0400,43.76,43.76,43.76,43.76,0.0
2023-08-25 13:10:00-0400,43.76,43.76,43.76,43.76,0.0
2023-08-25 13:15:00-0400,43.76,43.76,43.76,43.76,0.0
2023-08-25 13:20:00-0400,43.76,43.76,43.76,43.76,0.0
2023-08-25 13:25:00-0400,43.76,43.76,43.76,43.76,0.0
2023-08-25 13:30:00-0400,43.76,43.76,43.65,43.69,55298.0
2023-08-25 13:35:00-0400,43.675,43.69,43.66,43.68,58350.0
2023-08-25 13:40:00-0400,43.68,43.7,43.67,43.67,85496.0
2023-08-25 13:45:00-0400,43.66,43.68,43.655,43.67,32259.0
2023-08-25 13:50:00-0400,43.675,43.69,43.67,43.68,14764.0
2023-08-25 13:55:00-0400,43.68,43.705,43.67,43.7,20614.0
2023-08-25 14:00:00-0400,43.7,43.73,43.68,43.72,31823.0
2023-08-25 14:05:00-0400,43.71,43.79,43.67,43.75,89251.0
2023-08-25 14:10:00-0400,43.735,43.74,43.665,43.705,58484.0
2023-08-25 14:15:00-0400,43.71,43.765,43.69,43.765,53394.0
2023-08-25 14:20:00-0400,43.76,43.815,43.69,43.7,79939.0
2023-08-25 14:25:00-0400,43.7,43.715,43.665,43.68,29469.0
2023-08-25 14:30:00-0400,43.68,43.68,43.64,43.65,47209.0
2023-08-25 14:35:00-0400,43.64,43.64,43.62,43.63,29318.0
2023-08-25 14:40:00-0400,43.63,43.636,43.6101,43.63,13448.0
2023-08-25 14:45:00-0400,43.62,43.63,43.57,43.575,23738.0
2023-08-25 14:50:00-0400,43.57,43.57,43.55,43.56,29807.0
2023-08-25 14:55:00-0400,43.56,43.57,43.555,43.57,34228.0
2023-08-25 15:00:00-0400,43.56,43.57,43.55,43.57,12483.0
2023-08-25 15:05:00-0400,43.575,43.58,43.55,43.58,14040.0
2023-08-25 15:10:00-0400,43.58,43.64,43.58,43.64,83995.0
2023-08-25 15:15:00-0400,43.64,43.6507,43.625,43.6301,11836.0
2023-08-25 15:20:00-0400,43.635,43.635,43.61,43.615,19694.0
2023-08-25 15:25:00-0400,43.62,43.66,43.61,43.66,38576.0
2023-08-25 15:30:00-0400,43.66,43.675,43.65,43.65,92764.0
2023-08-25 15:35:00-0400,43.655,43.7,43.65,43.695,43583.0
2023-08-25 15:40:00-0400,43.7,43.71,43.69,43.695,13155.0
2023-08-25 15:45:00-0400,43.695,43.7,43.675,43.685,23805.0
2023-08-25 15:50:00-0400,43.69,43.7,43.68,43.68,26172.0
2023-08-25 15:55:00-0400,43.68,43.7,43.675,43.685,80192.0
2023-08-25 16:00:00-0400,43.683,43.683,43.665,43.68,13700.0
2023-08-28 09:35:00-0400,43.68,43.68,43.68,43.68,0.0
2023-08-28 09:40:00-0400,43.68,43.68,43.68,43.68,0.0
2023-08-28 09:45:00-0400,43.68,43.68,43.68,43.68,0.0
2023-08-28 09:50:00-0400,43.68,43.68,43.68,43.68,0.0
2023-08-28 09:55:00-0400,43.68,43.68,43.68,43.68,0.0
2023-08-28 10:00:00-0400,43.68,43.68,43.68,43.68,0.0
2023-08-28 10:05:00-0400,43.68,43.68,43.68,43.68,0.0
2023-08-28 10:10:00-0400,43.68,43.68,43.68,43.68,0.0
2023-08-28 10:15:00-0400,43.68,43.68,43.68,43.68,0.0
2023-08-28 10:20:00-0400,43.68,43.68,43.68,43.68,0.0
2023-08-28 10:25:00-0400,43.68,43.68,43.68,43.68,0.0
2023-08-28 10:30:00-0400,43.68,43.68,43.68,43.68,0.0
2023-08-28 10:35:00-0400,43.68,43.68,43.68,43.68,0.0
2023-08-28 10:40:00-0400,43.68,43.68,43.68,43.68,0.0
2023-08-28 10:45:00-0400,43.68,43.68,43.68,43.68,0.0
2023-08-28 10:50:00-0400,43.68,43.68,43.68,43.68,0.0
2023-08-28 10:55:00-0400,43.68,43.68,43.68,43.68,0.0
2023-08-28 11:00:00-0400,43.68,43.68,43.68,43.68,0.0
2023-08-28 11:05:00-0400,43.68,43.68,43.68,43.68,0.0
2023-08-28 11:10:00-0400,43.68,43.68,43.68,43.68,0.0
2023-08-28 11:15:00-0400,43.68,43.68,43.68,43.68,0.0
2023-08-28 11:20:00-0400,43.68,43.68,43.68,43.68,0.0
2023-08-28 11:25:00-0400,43.68,43.68,43.68,43.68,0.0
2023-08-28 11:30:00-0400,43.68,43.68,43.68,43.68,0.0
2023-08-28 11:35:00-0400,43.68,43.68,43.68,43.68,0.0
2023-08-28 11:40:00-0400,43.68,43.68,43.68,43.68,0.0
2023-08-28 11:45:00-0400,43.68,43.68,43.68,43.68,0.0
2023-08-28 11:50:00-0400,43.68,43.68,43.68,43.68,0.0
2023-08-28 11:55:00-0400,43.68,43.68,43.68,43.68,0.0
2023-08-28 12:00:00-0400,43.68,43.68,43.68,43.68,0.0
2023-08-28 12:05:00-0400,43.68,43.68,43.68,43.68,0.0
2023-08-28 12:10:00-0400,43.68,43.68,43.68,43.68,0.0
2023-08-28 12:15:00-0400,43.68,43.68,43.68,43.68,0.0
2023-08-28 12:20:00-0400,43.68,43.68,43.68,43.68,0.0
2023-08-28 12:25:00-0400,43.68,43.68,43.68,43.68,0.0
2023-08-28 12:30:00-0400,43.68,43.68,43.68,43.68,0.0
2023-08-28 12:35:00-0400,43.68,43.68,43.68,43.68,0.0
2023-08-28 12:40:00-0400,43.68,43.68,43.68,43.68,0.0
2023-08-28 12:45:00-0400,43.68,43.68,43.68,43.68,0.0
2023-08-28 12:50:00-0400,43.68,43.68,43.68,43.68,0.0
2023-08-28 12:55:00-0400,43.68,43.68,43.68,43.68,0.0
2023-08-28 13:00:00-0400,43.68,43.68,43.68,43.68,0.0
2023-08-28 13:05:00-0400,43.68,43.68,43.68,43.68,0.0
2023-08-28 13:10:00-0400,43.68,43.68,43.68,43.68,0.0
2023-08-28 13:15:00-0400,43.68,43.68,43.68,43.68,0.0
2023-08-28 13:20:00-0400,43.68,43.68,43.68,43.68,0.0
2023-08-28 13:25:00-0400,43.68,43.68,43.68,43.68,0.0
2023-08-28 13:30:00-0400,43.68,43.92,43.68,43.91,64138.0
2023-08-28 13:35:00-0400,43.91,43.945,43.89,43.94,100748.0
2023-08-28 13:40:00-0400,43.94,43.95,43.925,43.95,70636.0
2023-08-28 13:45:00-0400,43.95,43.98,43.935,43.97,47032.0
2023-08-28 13:50:00-0400,43.97,43.98,43.955,43.96,25886.0
2023-08-28 13:55:00-0400,43.96,43.96,43.94,43.95,71711.0
2023-08-28 14:00:00-0400,43.96,43.96,43.95,43.955,17235.0
2023-08-28 14:05:00-0400,43.95,43.955,43.925,43.95,43193.0
2023-08-28 14:10:00-0400,43.95,43.96,43.94,43.96,10604.0
2023-08-28 14:15:00-0400,43.955,43.96,43.935,43.96,12666.0
2023-08-28 14:20:00-0400,43.95,43.95,43.94,43.95,6897.0
2023-08-28 14:25:00-0400,43.95,43.975,43.95,43.975,19060.0
2023-08-28 14:30:00-0400,43.97,43.975,43.96,43.965,7935.0
2023-08-28 14:35:00-0400,43.96,43.97,43.955,43.97,14260.0
2023-08-28 14:40:00-0400,43.97,43.98,43.96,43.97,19829.0
2023-08-28 14:45:00-0400,43.965,43.98,43.96,43.96,117255.0
2023-08-28 14:50:00-0400,43.955,43.965,43.95,43.955,17653.0
2023-08-28 14:55:00-0400,43.95,43.95,43.9201,43.9234,23115.0
2023-08-28 15:00:00-0400,43.9234,43.945,43.9234,43.94,8412.0
2023-08-28 15:05:00-0400,43.94,43.945,43.925,43.93,17299.0
2023-08-28 15:10:00-0400,43.93,43.945,43.93,43.94,17115.0
2023-08-28 15:15:00-0400,43.945,43.95,43.935,43.9401,22079.0
2023-08-28 15:20:00-0400,43.945,43.946,43.93,43.935,6266.0
2023-08-28 15:25:00-0400,43.935,43.945,43.93,43.94,17609.0
2023-08-28 15:30:00-0400,43.94,43.9456,43.93,43.94,13597.0
2023-08-28 15:35:00-0400,43.94,43.945,43.93,43.935,12008.0
2023-08-28 15:40:00-0400,43.94,43.9592,43.94,43.95,12749.0
2023-08-28 15:45:00-0400,43.9541,43.9541,43.92,43.925,11439.0
2023-08-28 15:50:00-0400,43.92,43.93,43.92,43.9227,11084.0
2023-08-28 15:55:00-0400,43.925,43.93,43.91,43.925,11956.0
2023-08-28 16:00:00-0400,43.9237,43.93,43.92,43.925,2414.0
2023-08-29 09:35:00-0400,43.925,43.925,43.925,43.925,0.0
2023-08-29 09:40:00-0400,43.925,43.925,43.925,43.925,0.0
2023-08-29 09:45:00-0400,43.925,43.925,43.925,43.925,0.0
2023-08-29 09:50:00-0400,43.925,43.925,43.925,43.925,0.0
2023-08-29 09:55:00-0400,43.925,43.925,43.925,43.925,0.0
2023-08-29 10:00:00-0400,43.925,43.925,43.925,43.925,0.0
2023-08-29 10:05:00-0400,43.925,43.925,43.925,43.925,0.0
2023-08-29 10:10:00-0400,43.925,43.925,43.925,43.925,0.0
2023-08-29 10:15:00-0400,43.925,43.925,43.925,43.925,0.0
2023-08-29 10:20:00-0400,43.925,43.925,43.925,43.925,0.0
2023-08-29 10:25:00-0400,43.925,43.925,43.925,43.925,0.0
2023-08-29 10:30:00-0400,43.925,43.925,43.925,43.925,0.0
2023-08-29 10:35:00-0400,43.925,43.925,43.925,43.925,0.0
2023-08-29 10:40:00-0400,43.925,43.925,43.925,43.925,0.0
2023-08-29 10:45:00-0400,43.925,43.925,43.925,43.925,0.0
2023-08-29 10:50:00-0400,43.925,43.925,43.925,43.925,0.0
2023-08-29 10:55:00-0400,43.925,43.925,43.925,43.925,0.0
2023-08-29 11:00:00-0400,43.925,43.925,43.925,43.925,0.0
2023-08-29 11:05:00-0400,43.925,43.925,43.925,43.925,0.0
2023-08-29 11:10:00-0400,43.925,43.925,43.925,43.925,0.0
2023-08-29 11:15:00-0400,43.925,43.925,43.925,43.925,0.0
2023-08-29 11:20:00-0400,43.925,43.925,43.925,43.925,0.0
2023-08-29 11:25:00-0400,43.925,43.925,43.925,43.925,0.0
2023-08-29 11:30:00-0400,43.925,43.925,43.925,43.925,0.0
2023-08-29 11:35:00-0400,43.925,43.925,43.925,43.925,0.0
2023-08-29 11:40:00-0400,43.925,43.925,43.925,43.925,0.0
2023-08-29 11:45:00-0400,43.925,43.925,43.925,43.925,0.0
2023-08-29 11:50:00-0400,43.925,43.925,43.925,43.925,0.0
2023-08-29 11:55:00-0400,43.925,43.925,43.925,43.925,0.0
2023-08-29 12:00:00-0400,43.925,43.925,43.925,43.925,0.0
2023-08-29 12:05:00-0400,43.925,43.925,43.925,43.925,0.0
2023-08-29 12:10:00-0400,43.925,43.925,43.925,43.925,0.0
2023-08-29 12:15:00-0400,43.925,43.925,43.925,43.925,0.0
2023-08-29 12:20:00-0400,43.925,43.925,43.925,43.925,0.0
2023-08-29 12:25:00-0400,43.925,43.925,43.925,43.925,0.0
2023-08-29 12:30:00-0400,43.925,43.925,43.925,43.925,0.0
2023-08-29 12:35:00-0400,43.925,43.925,43.925,43.925,0.0
2023-08-29 12:40:00-0400,43.925,43.925,43.925,43.925,0.0
2023-08-29 12:45:00-0400,43.925,43.925,43.925,43.925,0.0
2023-08-29 12:50:00-0400,43.925,43.925,43.925,43.925,0.0
2023-08-29 12:55:00-0400,43.925,43.925,43.925,43.925,0.0
2023-08-29 13:00:00-0400,43.925,43.925,43.925,43.925,0.0
2023-08-29 13:05:00-0400,43.925,43.925,43.925,43.925,0.0
2023-08-29 13:10:00-0400,43.925,43.925,43.925,43.925,0.0
2023-08-29 13:15:00-0400,43.925,43.925,43.925,43.925,0.0
2023-08-29 13:20:00-0400,43.925,43.925,43.925,43.925,0.0
2023-08-29 13:25:00-0400,43.925,43.925,43.925,43.925,0.0
2023-08-29 13:30:00-0400,43.925,43.925,43.925,43.925,0.0
2023-08-29 13:35:00-0400,43.82,43.825,43.79,43.8,40969.0
2023-08-29 13:40:00-0400,43.81,43.835,43.805,43.835,62918.0
2023-08-29 13:45:00-0400,43.83,43.885,43.824,43.885,43898.0
2023-08-29 13:50:00-0400,43.89,43.9,43.885,43.892,25170.0
2023-08-29 13:55:00-0400,43.89,43.9,43.88,43.89,19345.0
2023-08-29 14:00:00-0400,43.89,43.9599,43.875,43.95,41462.0
2023-08-29 14:05:00-0400,43.96,44.0,43.96,44.0,51446.0
2023-08-29 14:10:00-0400,43.99,44.017,43.98,44.005,50647.0
2023-08-29 14:15:00-0400,44.0,44.005,43.9616,44.0,56741.0
2023-08-29 14:20:00-0400,44.0,44.015,44.0,44.01,28137.0
2023-08-29 14:25:00-0400,44.01,44.02,44.0,44.005,11685.0
2023-08-29 14:30:00-0400,44.005,44.035,44.005,44.03,31710.0
2023-08-29 14:35:00-0400,44.03,44.06,44.03,44.055,15868.0
2023-08-29 14:40:00-0400,44.055,44.0599,44.0127,44.0127,47016.0
2023-08-29 14:45:00-0400,44.02,44.03,44.005,44.01,28617.0
2023-08-29 14:50:00-0400,44.01,44.03,44.01,44.03,25055.0
2023-08-29 14:55:00-0400,44.03,44.045,44.02,44.03,24792.0
2023-08-29 15:00:00-0400,44.025,44.04,44.02,44.035,19770.0
2023-08-29 15:05:00-0400,44.04,44.055,44.03,44.055,21876.0
2023-08-29 15:10:00-0400,44.055,44.07,44.05,44.065,24428.0
2023-08-29 15:15:00-0400,44.065,44.09,44.06,44.085,34608.0
2023-08-29 15:20:00-0400,44.085,44.1,44.08,44.085,39954.0
2023-08-29 15:25:00-0400,44.09,44.1,44.085,44.1,18480.0
2023-08-29 15:30:00-0400,44.1,44.105,44.09,44.09,21745.0
2023-08-29 15:35:00-0400,44.09,44.115,44.09,44.11,22516.0
2023-08-29 15:40:00-0400,44.109,44.12,44.105,44.12,15065.0
2023-08-29 15:45:00-0400,44.12,44.13,44.1101,44.12,26360.0
2023-08-29 15:50:00-0400,44.12,44.12,44.105,44.105,37591.0
2023-08-29 15:55:00-0400,44.105,44.12,44.105,44.115,11554.0
2023-08-29 16:00:00-0400,44.115,44.1199,44.1,44.1,16593.0
2023-08-30 09:35:00-0400,44.1,44.1,44.01,44.01,308.0
2023-08-30 09:40:00-0400,44.01,44.01,44.01,44.01,0.0
2023-08-30 09:45:00-0400,44.0,44.0,44.0,44.0,111.0
2023-08-30 09:50:00-0400,44.0,44.0,44.0,44.0,0.0
2023-08-30 09:55:00-0400,44.0,44.0,44.0,44.0,0.0
2023-08-30 10:00:00-0400,44.0,44.0,44.0,44.0,0.0
2023-08-30 10:05:00-0400,44.0,44.0,44.0,44.0,0.0
2023-08-30 10:10:00-0400,44.0,44.0,44.0,44.0,0.0
2023-08-30 10:15:00-0400,44.0,44.0,44.0,44.0,0.0
2023-08-30 10:20:00-0400,44.0,44.0,44.0,44.0,0.0
2023-08-30 10:25:00-0400,44.0,44.0,44.0,44.0,0.0
2023-08-30 10:30:00-0400,44.0,44.0,44.0,44.0,0.0
2023-08-30 10:35:00-0400,44.0,44.0,44.0,44.0,0.0
2023-08-30 10:40:00-0400,44.0,44.0,44.0,44.0,0.0
2023-08-30 10:45:00-0400,44.0,44.0,44.0,44.0,0.0
2023-08-30 10:50:00-0400,44.0,44.0,44.0,44.0,0.0
2023-08-30 10:55:00-0400,44.0,44.0,44.0,44.0,0.0
2023-08-30 11:00:00-0400,44.0,44.0,44.0,44.0,0.0
2023-08-30 11:05:00-0400,44.0,44.0,43.99,44.0,329.0
2023-08-30 11:10:00-0400,44.0,44.0,44.0,44.0,0.0
2023-08-30 11:15:00-0400,44.0,44.0,44.0,44.0,0.0
2023-08-30 11:20:00-0400,44.0,44.0,44.0,44.0,0.0
2023-08-30 11:25:00-0400,44.0,44.0,44.0,44.0,0.0
2023-08-30 11:30:00-0400,44.0,44.0,44.0,44.0,0.0
2023-08-30 11:35:00-0400,44.0,44.0,44.0,44.0,0.0
2023-08-30 11:40:00-0400,44.0,44.0,44.0,44.0,0.0
2023-08-30 11:45:00-0400,44.0,44.0,44.0,44.0,0.0
2023-08-30 11:50:00-0400,44.0,44.0,44.0,44.0,0.0
2023-08-30 11:55:00-0400,44.0,44.0,44.0,44.0,0.0
2023-08-30 12:00:00-0400,44.0,44.0,44.0,44.0,0.0
2023-08-30 12:05:00-0400,44.0,44.0,44.0,44.0,0.0
2023-08-30 12:10:00-0400,44.0,44.0,44.0,44.0,0.0
2023-08-30 12:15:00-0400,44.0,44.0,44.0,44.0,0.0
2023-08-30 12:20:00-0400,44.0,44.0,44.0,44.0,0.0
2023-08-30 12:25:00-0400,44.0,44.0,44.0,44.0,0.0
2023-08-30 12:30:00-0400,44.0,44.0,44.0,44.0,0.0
2023-08-30 12:35:00-0400,44.0,44.0,44.0,44.0,0.0
2023-08-30 12:40:00-0400,44.0,44.0,44.0,44.0,0.0
2023-08-30 12:45:00-0400,44.0,44.0,44.0,44.0,0.0
2023-08-30 12:50:00-0400,44.0,44.0,44.0,44.0,0.0
2023-08-30 12:55:00-0400,44.0,44.0,44.0,44.0,0.0
2023-08-30 13:00:00-0400,44.0,44.0,44.0,44.0,0.0
2023-08-30 13:05:00-0400,44.0,44.0,44.0,44.0,0.0
2023-08-30 13:10:00-0400,44.0,44.0,44.0,44.0,0.0
2023-08-30 13:15:00-0400,44.0,44.0,44.0,44.0,0.0
2023-08-30 13:20:00-0400,44.0,44.0,44.0,44.0,0.0
2023-08-30 13:25:00-0400,44.0,44.0,44.0,44.0,0.0
2023-08-30 13:30:00-0400,44.0,44.15,44.0,44.11,74546.0
2023-08-30 13:35:00-0400,44.12,44.125,44.1,44.115,54167.0
2023-08-30 13:40:00-0400,44.1101,44.135,44.1001,44.12,38080.0
2023-08-30 13:45:00-0400,44.115,44.125,44.1,44.125,58315.0
2023-08-30 13:50:00-0400,44.125,44.15,44.125,44.145,29524.0
2023-08-30 13:55:00-0400,44.15,44.17,44.15,44.16,58077.0
2023-08-30 14:00:00-0400,44.16,44.17,44.16,44.165,22219.0
2023-08-30 14:05:00-0400,44.16,44.17,44.15,44.155,41171.0
2023-08-30 14:10:00-0400,44.15,44.16,44.14,44.155,27467.0
2023-08-30 14:15:00-0400,44.155,44.18,44.15,44.175,27605.0
2023-08-30 14:20:00-0400,44.17,44.18,44.14,44.14,28938.0
2023-08-30 14:25:00-0400,44.145,44.16,44.12,44.12,35239.0
2023-08-30 14:30:00-0400,44.12,44.135,44.105,44.135,51319.0
2023-08-30 14:35:00-0400,44.13,44.155,44.13,44.15,25235.0
2023-08-30 14:40:00-0400,44.15,44.165,44.135,44.165,28161.0
2023-08-30 14:45:00-0400,44.16,44.175,44.155,44.16,49219.0
2023-08-30 14:50:00-0400,44.16,44.16,44.13,44.13,25997.0
2023-08-30 14:55:00-0400,44.13,44.155,44.13,44.1501,6669.0
2023-08-30 15:00:00-0400,44.155,44.165,44.15,44.155,9822.0
2023-08-30 15:05:00-0400,44.1523,44.155,44.13,44.14,54541.0
2023-08-30 15:10:00-0400,44.15,44.16,44.15,44.155,18752.0
2023-08-30 15:15:00-0400,44.15,44.15,44.135,44.145,11022.0
2023-08-30 15:20:00-0400,44.1417,44.155,44.1417,44.155,7744.0
2023-08-30 15:25:00-0400,44.155,44.155,44.135,44.135,24526.0
2023-08-30 15:30:00-0400,44.13,44.145,44.125,44.135,26657.0
2023-08-30 15:35:00-0400,44.1342,44.145,44.1342,44.145,6150.0
2023-08-30 15:40:00-0400,44.145,44.175,44.145,44.16,82599.0
2023-08-30 15:45:00-0400,44.16,44.16,44.13,44.1427,23065.0
2023-08-30 15:50:00-0400,44.145,44.145,44.1314,44.135,22075.0
2023-08-30 15:55:00-0400,44.135,44.14,44.125,44.13,18808.0
2023-08-30 16:00:00-0400,44.13,44.135,44.12,44.135,18859.0
2023-08-31 09:35:00-0400,44.135,44.135,44.135,44.135,0.0
2023-08-31 09:40:00-0400,44.135,44.135,44.135,44.135,0.0
2023-08-31 09:45:00-0400,44.135,44.135,44.135,44.135,0.0
2023-08-31 09:50:00-0400,44.135,44.135,44.135,44.135,0.0
2023-08-31 09:55:00-0400,44.135,44.135,44.135,44.135,0.0
2023-08-31 10:00:00-0400,44.135,44.135,44.135,44.135,0.0
2023-08-31 10:05:00-0400,44.135,44.135,44.135,44.135,0.0
2023-08-31 10:10:00-0400,44.135,44.135,44.135,44.135,0.0
2023-08-31 10:15:00-0400,44.135,44.135,44.135,44.135,0.0
2023-08-31 10:20:00-0400,44.135,44.135,44.135,44.135,0.0
2023-08-31 10:25:00-0400,44.135,44.135,44.135,44.135,0.0
2023-08-31 10:30:00-0400,44.135,44.135,44.135,44.135,0.0
2023-08-31 10:35:00-0400,44.135,44.135,44.135,44.135,0.0
2023-08-31 10:40:00-0400,44.135,44.135,44.135,44.135,0.0
2023-08-31 10:45:00-0400,44.135,44.135,44.135,44.135,0.0
2023-08-31 10:50:00-0400,44.135,44.135,44.135,44.135,0.0
2023-08-31 10:55:00-0400,44.135,44.135,44.135,44.135,0.0
2023-08-31 11:00:00-0400,44.135,44.135,44.135,44.135,0.0
2023-08-31 11:05:00-0400,44.135,44.135,44.135,44.135,0.0
2023-08-31 11:10:00-0400,44.135,44.135,44.135,44.135,0.0
2023-08-31 11:15:00-0400,44.135,44.135,44.135,44.135,0.0
2023-08-31 11:20:00-0400,44.135,44.135,44.135,44.135,0.0
2023-08-31 11:25:00-0400,44.135,44.135,44.135,44.135,0.0
2023-08-31 11:30:00-0400,44.135,44.135,44.135,44.135,0.0
2023-08-31 11:35:00-0400,44.135,44.135,44.135,44.135,0.0
2023-08-31 11:40:00-0400,44.135,44.135,44.135,44.135,0.0
2023-08-31 11:45:00-0400,44.135,44.135,44.135,44.135,0.0
2023-08-31 11:50:00-0400,44.135,44.135,44.135,44.135,0.0
2023-08-31 11:55:00-0400,44.135,44.135,44.135,44.135,0.0
2023-08-31 12:00:00-0400,44.135,44.135,44.135,44.135,0.0
2023-08-31 12:05:00-0400,44.1,44.13,44.08,44.13,1271.0
2023-08-31 12:10:00-0400,44.13,44.13,44.13,44.13,0.0
2023-08-31 12:15:00-0400,44.13,44.13,44.13,44.13,0.0
2023-08-31 12:20:00-0400,44.13,44.13,44.13,44.13,0.0
2023-08-31 12:25:00-0400,44.13,44.13,44.1,44.1,102.0
2023-08-31 12:30:00-0400,44.1,44.1,44.1,44.1,0.0
2023-08-31 12:35:00-0400,44.1,44.1,44.04,44.04,303.0
2023-08-31 12:40:00-0400,44.04,44.04,44.04,44.04,100.0
2023-08-31 12:45:00-0400,44.04,44.04,44.03,44.03,600.0
2023-08-31 12:50:00-0400,44.03,44.03,44.03,44.03,0.0
2023-08-31 12:55:00-0400,44.03,44.03,44.03,44.03,0.0
2023-08-31 13:00:00-0400,44.03,44.03,44.03,44.03,0.0
2023-08-31 13:05:00-0400,44.03,44.03,44.03,44.03,0.0
2023-08-31 13:10:00-0400,44.03,44.03,44.03,44.03,0.0
2023-08-31 13:15:00-0400,44.03,44.03,44.03,44.03,0.0
2023-08-31 13:20:00-0400,44.03,44.03,44.03,44.03,0.0
2023-08-31 13:25:00-0400,44.03,44.1,44.03,44.1,210.0
2023-08-31 13:30:00-0400,44.1,44.1,44.0117,44.045,18297.0
2023-08-31 13:35:00-0400,44.04,44.04,44.0,44.0,60992.0
2023-08-31 13:40:00-0400,44.01,44.03,43.975,43.985,463034.0
2023-08-31 13:45:00-0400,43.985,44.03,43.965,44.02,73049.0
2023-08-31 13:50:00-0400,44.015,44.03,43.98,44.025,74774.0
2023-08-31 13:55:00-0400,44.02,44.045,44.02,44.035,103502.0
2023-08-31 14:00:00-0400,44.03,44.065,44.03,44.06,60457.0
2023-08-31 14:05:00-0400,44.055,44.065,44.04,44.05,86590.0
2023-08-31 14:10:00-0400,44.04,44.05,44.035,44.04,30302.0
2023-08-31 14:15:00-0400,44.035,44.06,44.03,44.055,30056.0
2023-08-31 14:20:00-0400,44.055,44.06,44.04,44.0505,41550.0
2023-08-31 14:25:00-0400,44.05,44.065,44.03,44.035,31145.0
2023-08-31 14:30:00-0400,44.035,44.06,44.035,44.05,25019.0
2023-08-31 14:35:00-0400,44.055,44.055,44.03,44.0352,29031.0
2023-08-31 14:40:00-0400,44.035,44.04,44.025,44.03,25722.0
2023-08-31 14:45:00-0400,44.025,44.035,44.005,44.005,37902.0
2023-08-31 14:50:00-0400,44.01,44.025,44.005,44.005,32596.0
2023-08-31 14:55:00-0400,44.005,44.015,43.99,44.01,33048.0
2023-08-31 15:00:00-0400,44.01,44.01,43.995,44.005,105498.0
2023-08-31 15:05:00-0400,44.005,44.01,43.955,43.97,52327.0
2023-08-31 15:10:00-0400,43.97,43.995,43.97,43.99,32805.0
2023-08-31 15:15:00-0400,43.99,43.99,43.98,43.985,6752.0
2023-08-31 15:20:00-0400,43.985,43.985,43.965,43.97,33629.0
2023-08-31 15:25:00-0400,43.97,43.975,43.9625,43.97,39656.0
2023-08-31 15:30:00-0400,43.98,43.98,43.955,43.955,21376.0
2023-08-31 15:35:00-0400,43.96,43.96,43.915,43.925,74869.0
2023-08-31 15:40:00-0400,43.925,43.935,43.92,43.93,14227.0
2023-08-31 15:45:00-0400,43.93,43.945,43.93,43.94,22065.0
2023-08-31 15:50:00-0400,43.94,43.945,43.92,43.94,59290.0
2023-08-31 15:55:00-0400,43.945,43.95,43.93,43.94,19395.0
2023-08-31 16:00:00-0400,43.935,43.94,43.93,43.94,22031.0
2023-09-01 09:35:00-0400,43.94,43.94,43.94,43.94,0.0
2023-09-01 09:40:00-0400,43.94,43.94,43.94,43.94,0.0
2023-09-01 09:45:00-0400,43.94,43.94,43.94,43.94,0.0
2023-09-01 09:50:00-0400,43.94,43.94,43.94,43.94,0.0
2023-09-01 09:55:00-0400,43.94,43.94,43.94,43.94,0.0
2023-09-01 10:00:00-0400,43.94,43.94,43.94,43.94,0.0
2023-09-01 10:05:00-0400,43.94,43.94,43.94,43.94,0.0
2023-09-01 10:10:00-0400,43.94,43.94,43.94,43.94,0.0
2023-09-01 10:15:00-0400,43.94,43.94,43.94,43.94,0.0
2023-09-01 10:20:00-0400,43.94,43.94,43.94,43.94,0.0
2023-09-01 10:25:00-0400,43.94,43.94,43.94,43.94,0.0
2023-09-01 10:30:00-0400,43.94,43.94,43.94,43.94,0.0
2023-09-01 10:35:00-0400,43.94,43.94,43.94,43.94,0.0
2023-09-01 10:40:00-0400,43.94,43.94,43.94,43.94,0.0
2023-09-01 10:45:00-0400,43.94,43.94,43.94,43.94,0.0
2023-09-01 10:50:00-0400,43.94,43.94,43.94,43.94,0.0
2023-09-01 10:55:00-0400,43.94,43.94,43.94,43.94,0.0
2023-09-01 11:00:00-0400,43.94,43.94,43.94,43.94,0.0
2023-09-01 11:05:00-0400,43.94,43.94,43.94,43.94,0.0
2023-09-01 11:10:00-0400,43.94,43.94,43.94,43.94,0.0
2023-09-01 11:15:00-0400,43.94,43.94,43.94,43.94,0.0
2023-09-01 11:20:00-0400,43.94,43.94,43.94,43.94,0.0
2023-09-01 11:25:00-0400,43.94,43.94,43.94,43.94,0.0
2023-09-01 11:30:00-0400,43.94,43.94,43.94,43.94,0.0
2023-09-01 11:35:00-0400,43.94,43.94,43.94,43.94,0.0
2023-09-01 11:40:00-0400,43.94,43.94,43.94,43.94,0.0
2023-09-01 11:45:00-0400,43.94,43.94,43.94,43.94,0.0
2023-09-01 11:50:00-0400,43.94,43.94,43.94,43.94,0.0
2023-09-01 11:55:00-0400,43.94,43.94,43.94,43.94,0.0
2023-09-01 12:00:00-0400,43.94,43.94,43.94,43.94,0.0
2023-09-01 12:05:00-0400,43.94,43.94,43.94,43.94,0.0
2023-09-01 12:10:00-0400,43.94,43.94,43.94,43.94,0.0
2023-09-01 12:15:00-0400,43.94,43.94,43.94,43.94,0.0
2023-09-01 12:20:00-0400,43.94,43.94,43.94,43.94,0.0
2023-09-01 12:25:00-0400,43.94,43.94,43.94,43.94,0.0
2023-09-01 12:30:00-0400,43.94,43.94,43.94,43.94,0.0
2023-09-01 12:35:00-0400,44.35,44.35,44.35,44.35,300.0
2023-09-01 12:40:00-0400,44.35,44.35,44.35,44.35,0.0
2023-09-01 12:45:00-0400,44.37,44.59,44.37,44.59,6331.0
2023-09-01 12:50:00-0400,44.59,44.59,44.59,44.59,0.0
2023-09-01 12:55:00-0400,44.59,44.59,44.59,44.59,0.0
2023-09-01 13:00:00-0400,44.59,44.59,44.39,44.39,2202.0
2023-09-01 13:05:00-0400,44.39,44.39,44.39,44.39,0.0
2023-09-01 13:10:00-0400,44.39,44.39,44.39,44.39,0.0
2023-09-01 13:15:00-0400,44.39,44.39,44.39,44.39,0.0
2023-09-01 13:20:00-0400,44.39,44.39,44.31,44.31,904.0
2023-09-01 13:25:00-0400,44.31,44.31,44.31,44.31,0.0
2023-09-01 13:30:00-0400,44.31,44.34,44.24,44.32,29790.0
2023-09-01 13:35:00-0400,44.32,44.35,44.3,44.3,80777.0
2023-09-01 13:40:00-0400,44.3,44.315,44.26,44.26,36863.0
2023-09-01 13:45:00-0400,44.26,44.305,44.255,44.28,20470.0
2023-09-01 13:50:00-0400,44.27,44.285,44.26,44.26,25412.0
2023-09-01 13:55:00-0400,44.25,44.275,44.25,44.26,9409.0
2023-09-01 14:00:00-0400,44.26,44.3,44.24,44.245,398191.0
2023-09-01 14:05:00-0400,44.24,44.285,44.225,44.26,61171.0
2023-09-01 14:10:00-0400,44.265,44.305,44.265,44.3,124510.0
2023-09-01 14:15:00-0400,44.305,44.32,44.2803,44.2803,58750.0
2023-09-01 14:20:00-0400,44.28,44.28,44.265,44.275,21904.0
2023-09-01 14:25:00-0400,44.27,44.2806,44.26,44.265,14974.0
2023-09-01 14:30:00-0400,44.27,44.285,44.26,44.27,29651.0
2023-09-01 14:35:00-0400,44.2695,44.27,44.249,44.25,25842.0
2023-09-01 14:40:00-0400,44.26,44.27,44.25,44.25,13214.0
2023-09-01 14:45:00-0400,44.25,44.25,44.245,44.245,18585.0
2023-09-01 14:50:00-0400,44.24,44.24,44.22,44.23,33058.0
2023-09-01 14:55:00-0400,44.23,44.24,44.2142,44.22,20124.0
2023-09-01 15:00:00-0400,44.22,44.22,44.205,44.2197,24831.0
2023-09-01 15:05:00-0400,44.21,44.22,44.21,44.2108,17115.0
2023-09-01 15:10:00-0400,44.21,44.22,44.21,44.215,9641.0
2023-09-01 15:15:00-0400,44.21,44.22,44.2,44.205,43860.0
2023-09-01 15:20:00-0400,44.2001,44.22,44.2001,44.215,3641.0
2023-09-01 15:25:00-0400,44.215,44.22,44.21,44.22,7446.0
2023-09-01 15:30:00-0400,44.21,44.22,44.2,44.2,13664.0
2023-09-01 15:35:00-0400,44.2,44.205,44.19,44.205,13786.0
2023-09-01 15:40:00-0400,44.21,44.215,44.2,44.2,14022.0
2023-09-01 15:45:00-0400,44.2,44.205,44.191,44.195,13165.0
2023-09-01 15:50:00-0400,44.2,44.2,44.1868,44.1868,15719.0
2023-09-01 15:55:00-0400,44.19,44.1961,44.185,44.19,8651.0
2023-09-01 16:00:00-0400,44.195,44.195,44.18,44.18,6278.0
2023-09-05 09:35:00-0400,44.18,44.18,44.18,44.18,0.0
2023-09-05 09:40:00-0400,44.18,44.18,44.18,44.18,0.0
2023-09-05 09:45:00-0400,44.18,44.18,44.18,44.18,0.0
2023-09-05 09:50:00-0400,44.18,44.18,44.18,44.18,0.0
2023-09-05 09:55:00-0400,44.18,44.18,44.18,44.18,0.0
2023-09-05 10:00:00-0400,44.18,44.18,44.18,44.18,0.0
2023-09-05 10:05:00-0400,44.18,44.18,44.18,44.18,0.0
2023-09-05 10:10:00-0400,44.18,44.18,44.18,44.18,0.0
2023-09-05 10:15:00-0400,44.18,44.18,44.18,44.18,0.0
2023-09-05 10:20:00-0400,44.18,44.18,44.18,44.18,0.0
2023-09-05 10:25:00-0400,44.18,44.18,44.18,44.18,0.0
2023-09-05 10:30:00-0400,44.18,44.18,44.18,44.18,0.0
2023-09-05 10:35:00-0400,44.18,44.18,44.18,44.18,0.0
2023-09-05 10:40:00-0400,44.18,44.18,44.18,44.18,0.0
2023-09-05 10:45:00-0400,44.18,44.18,44.18,44.18,0.0
2023-09-05 10:50:00-0400,44.18,44.18,44.18,44.18,0.0
2023-09-05 10:55:00-0400,44.18,44.18,44.18,44.18,0.0
2023-09-05 11:00:00-0400,44.18,44.18,44.18,44.18,0.0
2023-09-05 11:05:00-0400,44.18,44.18,44.18,44.18,0.0
2023-09-05 11:10:00-0400,44.18,44.45,44.18,44.45,100.0
2023-09-05 11:15:00-0400,44.45,44.45,44.45,44.45,0.0
2023-09-05 11:20:00-0400,44.45,44.45,44.45,44.45,0.0
2023-09-05 11:25:00-0400,44.45,44.45,44.45,44.45,0.0
2023-09-05 11:30:00-0400,44.45,44.45,44.45,44.45,0.0
2023-09-05 11:35:00-0400,44.45,44.45,44.45,44.45,0.0
2023-09-05 11:40:00-0400,44.45,44.45,44.45,44.45,0.0
2023-09-05 11:45:00-0400,44.45,44.45,44.45,44.45,0.0
2023-09-05 11:50:00-0400,44.45,44.45,44.45,44.45,0.0
2023-09-05 11:55:00-0400,44.45,44.45,44.45,44.45,0.0
2023-09-05 12:00:00-0400,44.45,44.45,44.45,44.45,0.0
2023-09-05 12:05:00-0400,44.45,44.45,44.45,44.45,0.0
2023-09-05 12:10:00-0400,44.45,44.45,44.45,44.45,0.0
2023-09-05 12:15:00-0400,44.45,44.45,44.45,44.45,0.0
2023-09-05 12:20:00-0400,44.45,44.61,44.45,44.61,200.0
2023-09-05 12:25:00-0400,44.62,44.62,44.62,44.62,200.0
2023-09-05 12:30:00-0400,44.62,44.62,44.62,44.62,0.0
2023-09-05 12:35:00-0400,44.62,44.62,44.56,44.56,100.0
2023-09-05 12:40:00-0400,44.56,44.56,44.56,44.56,0.0
2023-09-05 12:45:00-0400,44.56,44.56,44.56,44.56,0.0
2023-09-05 12:50:00-0400,44.56,44.56,44.56,44.56,0.0
2023-09-05 12:55:00-0400,44.56,44.56,44.56,44.56,0.0
2023-09-05 13:00:00-0400,44.56,44.56,44.56,44.56,0.0
2023-09-05 13:05:00-0400,44.56,44.56,44.56,44.56,0.0
2023-09-05 13:10:00-0400,44.56,44.56,44.56,44.56,0.0
2023-09-05 13:15:00-0400,44.56,44.56,44.56,44.56,0.0
2023-09-05 13:20:00-0400,44.56,44.56,44.45,44.45,2031.0
2023-09-05 13:25:00-0400,44.45,44.45,44.45,44.45,0.0
2023-09-05 13:30:00-0400,44.45,44.45,44.3544,44.41,41911.0
2023-09-05 13:35:00-0400,44.405,44.435,44.4,44.41,49254.0
2023-09-05 13:40:00-0400,44.41,44.415,44.38,44.385,39784.0
2023-09-05 13:45:00-0400,44.385,44.385,44.335,44.355,57166.0
2023-09-05 13:50:00-0400,44.36,44.3764,44.33,44.335,37846.0
2023-09-05 13:55:00-0400,44.335,44.35,44.335,44.335,13903.0
2023-09-05 14:00:00-0400,44.335,44.365,44.33,44.365,19273.0
2023-09-05 14:05:00-0400,44.36,44.365,44.34,44.355,15194.0
2023-09-05 14:10:00-0400,44.35,44.365,44.325,44.335,12201.0
2023-09-05 14:15:00-0400,44.335,44.335,44.305,44.305,11501.0
2023-09-05 14:20:00-0400,44.305,44.345,44.305,44.345,29165.0
2023-09-05 14:25:00-0400,44.345,44.355,44.33,44.35,40677.0
2023-09-05 14:30:00-0400,44.345,44.35,44.33,44.35,10272.0
2023-09-05 14:35:00-0400,44.35,44.36,44.32,44.335,20681.0
2023-09-05 14:40:00-0400,44.335,44.34,44.32,44.34,11026.0
2023-09-05 14:45:00-0400,44.335,44.34,44.315,44.325,16146.0
2023-09-05 14:50:00-0400,44.33,44.345,44.325,44.34,10203.0
2023-09-05 14:55:00-0400,44.34,44.37,44.34,44.36,22572.0
2023-09-05 15:00:00-0400,44.37,44.37,44.35,44.36,23927.0
2023-09-05 15:05:00-0400,44.36,44.39,44.36,44.385,18066.0
2023-09-05 15:10:00-0400,44.38,44.39,44.38,44.385,15165.0
2023-09-05 15:15:00-0400,44.39,44.41,44.385,44.41,10395.0
2023-09-05 15:20:00-0400,44.41,44.42,44.4,44.405,10971.0
2023-09-05 15:25:00-0400,44.405,44.41,44.39,44.39,13506.0
2023-09-05 15:30:00-0400,44.39,44.395,44.38,44.38,13883.0
2023-09-05 15:35:00-0400,44.38,44.39,44.37,44.385,7498.0
2023-09-05 15:40:00-0400,44.385,44.39,44.375,44.38,20626.0
2023-09-05 15:45:00-0400,44.375,44.395,44.3732,44.39,14159.0
2023-09-05 15:50:00-0400,44.395,44.4,44.3806,44.395,10240.0
2023-09-05 15:55:00-0400,44.395,44.4,44.38,44.385,12030.0
2023-09-05 16:00:00-0400,44.385,44.385,44.3748,44.375,29631.0
2023-09-06 09:35:00-0400,44.375,44.375,44.375,44.375,0.0
2023-09-06 09:40:00-0400,44.375,44.375,44.375,44.375,0.0
2023-09-06 09:45:00-0400,44.375,44.375,44.375,44.375,0.0
2023-09-06 09:50:00-0400,44.375,44.375,44.375,44.375,0.0
2023-09-06 09:55:00-0400,44.375,44.375,44.375,44.375,0.0
2023-09-06 10:00:00-0400,44.375,44.375,44.375,44.375,0.0
2023-09-06 10:05:00-0400,44.375,44.375,44.375,44.375,0.0
2023-09-06 10:10:00-0400,44.375,44.375,44.375,44.375,0.0
2023-09-06 10:15:00-0400,44.375,44.375,44.375,44.375,0.0
2023-09-06 10:20:00-0400,44.375,44.375,44.375,44.375,0.0
2023-09-06 10:25:00-0400,44.375,44.375,44.375,44.375,0.0
2023-09-06 10:30:00-0400,44.375,44.375,44.375,44.375,0.0
2023-09-06 10:35:00-0400,44.375,44.375,44.375,44.375,0.0
2023-09-06 10:40:00-0400,44.375,44.375,44.375,44.375,0.0
2023-09-06 10:45:00-0400,44.375,44.375,44.375,44.375,0.0
2023-09-06 10:50:00-0400,44.375,44.375,44.375,44.375,0.0
2023-09-06 10:55:00-0400,44.375,44.375,44.375,44.375,0.0
2023-09-06 11:00:00-0400,44.375,44.375,44.375,44.375,0.0
2023-09-06 11:05:00-0400,44.375,44.375,44.375,44.375,0.0
2023-09-06 11:10:00-0400,44.375,44.375,44.375,44.375,0.0
2023-09-06 11:15:00-0400,44.375,44.375,44.375,44.375,0.0
2023-09-06 11:20:00-0400,44.375,44.375,44.375,44.375,0.0
2023-09-06 11:25:00-0400,44.375,44.375,44.375,44.375,0.0
2023-09-06 11:30:00-0400,44.375,44.375,44.375,44.375,0.0
2023-09-06 11:35:00-0400,44.375,44.375,44.375,44.375,0.0
2023-09-06 11:40:00-0400,44.375,44.375,44.375,44.375,0.0
2023-09-06 11:45:00-0400,44.375,44.375,44.375,44.375,0.0
2023-09-06 11:50:00-0400,44.375,44.375,44.375,44.375,0.0
2023-09-06 11:55:00-0400,44.375,44.375,44.375,44.375,0.0
2023-09-06 12:00:00-0400,44.375,44.375,44.375,44.375,0.0
2023-09-06 12:05:00-0400,44.375,44.375,44.375,44.375,0.0
2023-09-06 12:10:00-0400,44.375,44.375,44.375,44.375,0.0
2023-09-06 12:15:00-0400,44.375,44.375,44.375,44.375,0.0
2023-09-06 12:20:00-0400,44.375,44.48,44.375,44.48,500.0
2023-09-06 12:25:00-0400,44.48,44.48,44.48,44.48,0.0
2023-09-06 12:30:00-0400,44.48,44.48,44.42,44.42,200.0
2023-09-06 12:35:00-0400,44.42,44.42,44.42,44.42,0.0
2023-09-06 12:40:00-0400,44.42,44.42,44.41,44.41,800.0
2023-09-06 12:45:00-0400,44.41,44.41,44.41,44.41,0.0
2023-09-06 12:50:00-0400,44.41,44.41,44.41,44.41,0.0
2023-09-06 12:55:00-0400,44.41,44.41,44.41,44.41,0.0
2023-09-06 13:00:00-0400,44.41,44.41,44.39,44.39,821.0
2023-09-06 13:05:00-0400,44.39,44.39,44.39,44.39,0.0
2023-09-06 13:10:00-0400,44.39,44.39,44.39,44.39,0.0
2023-09-06 13:15:00-0400,44.39,44.49,44.39,44.49,2188.0
2023-09-06 13:20:00-0400,44.46,44.46,44.36,44.36,982.0
2023-09-06 13:25:00-0400,44.33,44.33,44.33,44.33,1200.0
2023-09-06 13:30:00-0400,44.48,44.48,44.29,44.31,54133.0
2023-09-06 13:35:00-0400,44.32,44.33,44.295,44.32,30901.0
2023-09-06 13:40:00-0400,44.32,44.3456,44.31,44.33,21290.0
2023-09-06 13:45:00-0400,44.34,44.37,44.3399,44.365,17123.0
2023-09-06 13:50:00-0400,44.36,44.37,44.35,44.36,74415.0
2023-09-06 13:55:00-0400,44.36,44.395,44.36,44.3804,22279.0
2023-09-06 14:00:00-0400,44.39,44.405,44.33,44.35,40705.0
2023-09-06 14:05:00-0400,44.34,44.34,44.28,44.29,84519.0
2023-09-06 14:10:00-0400,44.29,44.3299,44.275,44.32,28759.0
2023-09-06 14:15:00-0400,44.32,44.327,44.31,44.315,10053.0
2023-09-06 14:20:00-0400,44.315,44.335,44.315,44.325,27744.0
2023-09-06 14:25:00-0400,44.32,44.32,44.28,44.285,27986.0
2023-09-06 14:30:00-0400,44.28,44.2852,44.242,44.25,47041.0
2023-09-06 14:35:00-0400,44.26,44.27,44.245,44.265,78601.0
2023-09-06 14:40:00-0400,44.26,44.27,44.255,44.26,23744.0
2023-09-06 14:45:00-0400,44.26,44.2652,44.24,44.24,11872.0
2023-09-06 14:50:00-0400,44.24,44.2474,44.23,44.24,34849.0
2023-09-06 14:55:00-0400,44.24,44.24,44.2201,44.23,6587.0
2023-09-06 15:00:00-0400,44.23,44.235,44.2152,44.2152,14664.0
2023-09-06 15:05:00-0400,44.21,44.238,44.21,44.23,15636.0
2023-09-06 15:10:00-0400,44.2382,44.2382,44.2025,44.2025,7927.0
2023-09-06 15:15:00-0400,44.21,44.21,44.1901,44.1925,49127.0
2023-09-06 15:20:00-0400,44.1925,44.23,44.1925,44.22,53018.0
2023-09-06 15:25:00-0400,44.22,44.225,44.21,44.22,12400.0
2023-09-06 15:30:00-0400,44.22,44.24,44.22,44.23,37702.0
2023-09-06 15:35:00-0400,44.22,44.225,44.215,44.215,3834.0
2023-09-06 15:40:00-0400,44.21,44.2298,44.21,44.2292,9315.0
2023-09-06 15:45:00-0400,44.2292,44.23,44.2101,44.23,20875.0
2023-09-06 15:50:00-0400,44.23,44.23,44.205,44.21,14487.0
2023-09-06 15:55:00-0400,44.21,44.22,44.21,44.21,10840.0
2023-09-06 16:00:00-0400,44.21,44.216,44.2042,44.21,17081.0
2023-09-07 09:35:00-0400,44.21,44.21,44.21,44.21,0.0
2023-09-07 09:40:00-0400,44.21,44.21,44.21,44.21,0.0
2023-09-07 09:45:00-0400,44.21,44.21,44.21,44.21,0.0
2023-09-07 09:50:00-0400,44.21,44.21,44.21,44.21,0.0
2023-09-07 09:55:00-0400,44.21,44.21,44.21,44.21,0.0
2023-09-07 10:00:00-0400,44.21,44.21,44.21,44.21,0.0
2023-09-07 10:05:00-0400,44.21,44.21,44.21,44.21,0.0
2023-09-07 10:10:00-0400,44.21,44.21,44.21,44.21,0.0
2023-09-07 10:15:00-0400,44.21,44.21,44.21,44.21,0.0
2023-09-07 10:20:00-0400,44.21,44.21,44.21,44.21,0.0
2023-09-07 10:25:00-0400,44.21,44.21,44.21,44.21,0.0
2023-09-07 10:30:00-0400,44.21,44.21,44.21,44.21,0.0
2023-09-07 10:35:00-0400,44.21,44.21,44.21,44.21,0.0
2023-09-07 10:40:00-0400,44.21,44.21,44.21,44.21,0.0
2023-09-07 10:45:00-0400,44.21,44.21,44.21,44.21,0.0
2023-09-07 10:50:00-0400,44.21,44.21,44.21,44.21,0.0
2023-09-07 10:55:00-0400,44.21,44.21,44.21,44.21,0.0
2023-09-07 11:00:00-0400,44.21,44.21,44.21,44.21,0.0
2023-09-07 11:05:00-0400,44.21,44.21,44.21,44.21,0.0
2023-09-07 11:10:00-0400,44.21,44.21,44.21,44.21,0.0
2023-09-07 11:15:00-0400,44.21,44.21,44.21,44.21,0.0
2023-09-07 11:20:00-0400,44.21,44.21,44.21,44.21,0.0
2023-09-07 11:25:00-0400,44.21,44.21,44.21,44.21,0.0
2023-09-07 11:30:00-0400,44.21,44.21,44.21,44.21,0.0
2023-09-07 11:35:00-0400,44.21,44.21,44.21,44.21,0.0
2023-09-07 11:40:00-0400,44.21,44.21,44.21,44.21,0.0
2023-09-07 11:45:00-0400,44.21,44.21,44.21,44.21,0.0
2023-09-07 11:50:00-0400,44.21,44.21,44.21,44.21,0.0
2023-09-07 11:55:00-0400,44.21,44.21,44.21,44.21,0.0
2023-09-07 12:00:00-0400,44.21,44.21,44.21,44.21,0.0
2023-09-07 12:05:00-0400,44.21,44.71,44.21,44.71,44870.0
2023-09-07 12:10:00-0400,44.71,44.71,44.71,44.71,0.0
2023-09-07 12:15:00-0400,44.71,44.71,44.71,44.71,0.0
2023-09-07 12:20:00-0400,44.71,44.71,44.71,44.71,0.0
2023-09-07 12:25:00-0400,44.71,44.71,44.71,44.71,0.0
2023-09-07 12:30:00-0400,44.71,44.71,44.71,44.71,0.0
2023-09-07 12:35:00-0400,44.71,44.71,44.71,44.71,0.0
2023-09-07 12:40:00-0400,44.71,44.71,44.71,44.71,0.0
2023-09-07 12:45:00-0400,44.71,44.71,44.71,44.71,0.0
2023-09-07 12:50:00-0400,44.71,44.71,44.71,44.71,0.0
2023-09-07 12:55:00-0400,44.71,44.71,44.71,44.71,0.0
2023-09-07 13:00:00-0400,44.47,44.47,44.33,44.33,298.0
2023-09-07 13:05:00-0400,44.33,44.33,44.33,44.33,0.0
2023-09-07 13:10:00-0400,44.33,44.33,44.33,44.33,0.0
2023-09-07 13:15:00-0400,44.33,44.39,44.33,44.39,111.0
2023-09-07 13:20:00-0400,44.39,44.39,44.39,44.39,0.0
2023-09-07 13:25:00-0400,44.39,44.39,44.39,44.39,0.0
2023-09-07 13:30:00-0400,44.39,44.49,44.39,44.4,67042.0
2023-09-07 13:35:00-0400,44.39,44.43,44.37,44.425,708430.0
2023-09-07 13:40:00-0400,44.42,44.445,44.41,44.44,57966.0
2023-09-07 13:45:00-0400,44.445,44.465,44.435,44.435,49709.0
2023-09-07 13:50:00-0400,44.44,44.45,44.42,44.45,140673.0
2023-09-07 13:55:00-0400,44.445,44.445,44.41,44.42,21201.0
2023-09-07 14:00:00-0400,44.41,44.43,44.41,44.425,50685.0
2023-09-07 14:05:00-0400,44.425,44.44,44.42,44.42,66643.0
2023-09-07 14:10:00-0400,44.425,44.455,44.42,44.45,42272.0
2023-09-07 14:15:00-0400,44.455,44.49,44.43,44.45,341741.0
2023-09-07 14:20:00-0400,44.4428,44.46,44.44,44.45,37796.0
2023-09-07 14:25:00-0400,44.4567,44.465,44.45,44.465,61873.0
2023-09-07 14:30:00-0400,44.46,44.47,44.46,44.4699,19000.0
2023-09-07 14:35:00-0400,44.465,44.47,44.44,44.4502,26320.0
2023-09-07 14:40:00-0400,44.45,44.5,44.45,44.5,67691.0
2023-09-07 14:45:00-0400,44.5,44.5299,44.495,44.5299,63855.0
2023-09-07 14:50:00-0400,44.525,44.53,44.52,44.525,73805.0
2023-09-07 14:55:00-0400,44.525,44.53,44.51,44.515,98012.0
2023-09-07 15:00:00-0400,44.515,44.525,44.51,44.525,55556.0
2023-09-07 15:05:00-0400,44.525,44.55,44.52,44.55,20321.0
2023-09-07 15:10:00-0400,44.545,44.545,44.53,44.53,23205.0
2023-09-07 15:15:00-0400,44.53,44.5399,44.5239,44.5399,25072.0
2023-09-07 15:20:00-0400,44.5339,44.55,44.53,44.5441,39474.0
2023-09-07 15:25:00-0400,44.55,44.555,44.54,44.555,26607.0
2023-09-07 15:30:00-0400,44.56,44.57,44.5501,44.555,21394.0
2023-09-07 15:35:00-0400,44.555,44.575,44.55,44.575,22539.0
2023-09-07 15:40:00-0400,44.575,44.58,44.565,44.57,13368.0
2023-09-07 15:45:00-0400,44.565,44.565,44.545,44.55,17690.0
2023-09-07 15:50:00-0400,44.54,44.55,44.54,44.545,3500.0
2023-09-07 15:55:00-0400,44.545,44.55,44.53,44.535,19195.0
2023-09-07 16:00:00-0400,44.535,44.5499,44.535,44.54,8504.0
2023-09-08 09:35:00-0400,44.54,44.54,44.54,44.54,0.0
2023-09-08 09:40:00-0400,44.54,44.54,44.54,44.54,0.0
2023-09-08 09:45:00-0400,44.54,44.54,44.54,44.54,0.0
2023-09-08 09:50:00-0400,44.54,44.54,44.54,44.54,0.0
2023-09-08 09:55:00-0400,44.54,44.54,44.54,44.54,0.0
2023-09-08 10:00:00-0400,44.54,44.54,44.54,44.54,0.0
2023-09-08 10:05:00-0400,44.54,44.54,44.54,44.54,0.0
2023-09-08 10:10:00-0400,44.54,44.54,44.54,44.54,0.0
2023-09-08 10:15:00-0400,44.54,44.54,44.54,44.54,0.0
2023-09-08 10:20:00-0400,44.54,44.54,44.54,44.54,0.0
2023-09-08 10:25:00-0400,44.54,44.54,44.54,44.54,0.0
2023-09-08 10:30:00-0400,44.54,44.54,44.54,44.54,0.0
2023-09-08 10:35:00-0400,44.54,44.54,44.54,44.54,0.0
2023-09-08 10:40:00-0400,44.54,44.54,44.54,44.54,0.0
2023-09-08 10:45:00-0400,44.54,44.54,44.54,44.54,0.0
2023-09-08 10:50:00-0400,44.54,44.54,44.54,44.54,0.0
2023-09-08 10:55:00-0400,44.54,44.54,44.54,44.54,0.0
2023-09-08 11:00:00-0400,44.54,44.54,44.54,44.54,0.0
2023-09-08 11:05:00-0400,44.54,44.54,44.54,44.54,0.0
2023-09-08 11:10:00-0400,44.54,44.8,44.54,44.8,100.0
2023-09-08 11:15:00-0400,44.8,44.8,44.8,44.8,206.0
2023-09-08 11:20:00-0400,44.8,44.8,44.8,44.8,150.0
2023-09-08 11:25:00-0400,44.8,44.8,44.8,44.8,0.0
2023-09-08 11:30:00-0400,44.8,44.8,44.8,44.8,0.0
2023-09-08 11:35:00-0400,44.8,44.8,44.8,44.8,0.0
2023-09-08 11:40:00-0400,44.8,44.8,44.8,44.8,0.0
2023-09-08 11:45:00-0400,44.8,44.8,44.8,44.8,0.0
2023-09-08 11:50:00-0400,44.8,44.8,44.8,44.8,0.0
2023-09-08 11:55:00-0400,44.8,44.8,44.8,44.8,0.0
2023-09-08 12:00:00-0400,44.8,44.8,44.8,44.8,0.0
2023-09-08 12:05:00-0400,44.55,44.75,44.55,44.75,822.0
2023-09-08 12:10:00-0400,44.75,44.75,44.75,44.75,0.0
2023-09-08 12:15:00-0400,44.75,44.75,44.75,44.75,0.0
2023-09-08 12:20:00-0400,44.75,44.75,44.75,44.75,0.0
2023-09-08 12:25:00-0400,44.75,44.89,44.75,44.89,106.0
2023-09-08 12:30:00-0400,44.89,44.89,44.89,44.89,0.0
2023-09-08 12:35:00-0400,44.89,44.89,44.89,44.89,0.0
2023-09-08 12:40:00-0400,44.88,44.88,44.88,44.88,667.0
2023-09-08 12:45:00-0400,44.88,44.88,44.88,44.88,0.0
2023-09-08 12:50:00-0400,44.88,44.88,44.88,44.88,0.0
2023-09-08 12:55:00-0400,44.88,44.88,44.88,44.88,0.0
2023-09-08 13:00:00-0400,44.88,44.88,44.88,44.88,0.0
2023-09-08 13:05:00-0400,44.88,44.88,44.88,44.88,0.0
2023-09-08 13:10:00-0400,44.88,44.88,44.88,44.88,0.0
2023-09-08 13:15:00-0400,44.88,44.88,44.88,44.88,0.0
2023-09-08 13:20:00-0400,44.88,44.88,44.88,44.88,0.0
2023-09-08 13:25:00-0400,44.88,44.88,44.88,44.88,0.0
2023-09-08 13:30:00-0400,44.88,44.9,44.82,44.88,27842.0
2023-09-08 13:35:00-0400,44.88,44.94,44.875,44.921,80301.0
2023-09-08 13:40:00-0400,44.9201,44.9201,44.885,44.89,74499.0
2023-09-08 13:45:00-0400,44.89,44.9,44.875,44.88,26366.0
2023-09-08 13:50:00-0400,44.88,44.895,44.8617,44.895,45874.0
2023-09-08 13:55:00-0400,44.9,44.91,44.88,44.89,25402.0
2023-09-08 14:00:00-0400,44.89,44.93,44.88,44.925,33239.0
2023-09-08 14:05:00-0400,44.9299,44.97,44.92,44.969,51041.0
2023-09-08 14:10:00-0400,44.97,44.99,44.96,44.99,100784.0
2023-09-08 14:15:00-0400,44.985,45.02,44.98,45.01,34579.0
2023-09-08 14:20:00-0400,45.015,45.025,45.0101,45.02,19250.0
2023-09-08 14:25:00-0400,45.02,45.025,44.99,44.995,51378.0
2023-09-08 14:30:00-0400,45.0,45.01,44.99,45.01,13735.0
2023-09-08 14:35:00-0400,45.01,45.01,44.972,44.995,25750.0
2023-09-08 14:40:00-0400,44.99,44.9999,44.975,44.975,18790.0
2023-09-08 14:45:00-0400,44.97,44.985,44.965,44.98,21004.0
2023-09-08 14:50:00-0400,44.985,44.995,44.975,44.9901,49792.0
2023-09-08 14:55:00-0400,44.995,44.995,44.97,44.98,23592.0
2023-09-08 15:00:00-0400,44.9846,44.99,44.93,44.935,311260.0
2023-09-08 15:05:00-0400,44.935,44.955,44.9307,44.95,45077.0
2023-09-08 15:10:00-0400,44.9503,44.9503,44.9245,44.945,83522.0
2023-09-08 15:15:00-0400,44.945,44.96,44.94,44.96,19209.0
2023-09-08 15:20:00-0400,44.96,44.97,44.955,44.965,58087.0
2023-09-08 15:25:00-0400,44.965,44.9658,44.955,44.9569,15795.0
2023-09-08 15:30:00-0400,44.96,44.98,44.96,44.97,36336.0
2023-09-08 15:35:00-0400,44.98,44.98,44.97,44.97,17295.0
2023-09-08 15:40:00-0400,44.9737,44.9764,44.965,44.9694,5051.0
2023-09-08 15:45:00-0400,44.96,44.965,44.95,44.955,6800.0
2023-09-08 15:50:00-0400,44.95,44.96,44.945,44.96,17881.0
2023-09-08 15:55:00-0400,44.96,44.96,44.9541,44.9599,3683.0
2023-09-08 16:00:00-0400,44.9521,44.965,44.94,44.955,27799.0
2023-09-11 09:35:00-0400,44.955,44.955,44.955,44.955,0.0
2023-09-11 09:40:00-0400,44.955,44.955,44.955,44.955,0.0
2023-09-11 09:45:00-0400,44.955,44.955,44.955,44.955,0.0
2023-09-11 09:50:00-0400,44.955,44.955,44.955,44.955,0.0
2023-09-11 09:55:00-0400,44.955,44.955,44.955,44.955,0.0
2023-09-11 10:00:00-0400,44.955,44.955,44.955,44.955,0.0
2023-09-11 10:05:00-0400,44.955,44.955,44.955,44.955,0.0
2023-09-11 10:10:00-0400,44.955,44.955,44.955,44.955,0.0
2023-09-11 10:15:00-0400,44.955,44.955,44.955,44.955,0.0
2023-09-11 10:20:00-0400,44.955,44.955,44.955,44.955,0.0
2023-09-11 10:25:00-0400,44.955,44.955,44.955,44.955,0.0
2023-09-11 10:30:00-0400,44.955,44.955,44.955,44.955,0.0
2023-09-11 10:35:00-0400,44.955,44.955,44.955,44.955,0.0
2023-09-11 10:40:00-0400,44.955,44.955,44.955,44.955,0.0
2023-09-11 10:45:00-0400,44.955,44.955,44.955,44.955,0.0
2023-09-11 10:50:00-0400,44.955,44.955,44.955,44.955,0.0
2023-09-11 10:55:00-0400,44.955,44.955,44.955,44.955,0.0
2023-09-11 11:00:00-0400,44.955,44.955,44.955,44.955,0.0
2023-09-11 11:05:00-0400,45.48,45.48,45.48,45.48,307.0
2023-09-11 11:10:00-0400,45.48,45.48,45.48,45.48,0.0
2023-09-11 11:15:00-0400,45.48,45.48,45.48,45.48,0.0
2023-09-11 11:20:00-0400,45.48,45.48,45.48,45.48,0.0
2023-09-11 11:25:00-0400,45.48,45.48,45.48,45.48,0.0
2023-09-11 11:30:00-0400,45.48,45.48,45.48,45.48,0.0
2023-09-11 11:35:00-0400,45.48,45.48,45.48,45.48,0.0
2023-09-11 11:40:00-0400,45.48,45.48,45.48,45.48,0.0
2023-09-11 11:45:00-0400,45.45,45.45,45.45,45.45,100.0
2023-09-11 11:50:00-0400,45.45,45.45,45.45,45.45,0.0
2023-09-11 11:55:00-0400,45.45,45.45,45.45,45.45,0.0
2023-09-11 12:00:00-0400,45.45,45.5,45.45,45.5,1069.0
2023-09-11 12:05:00-0400,45.48,45.48,45.36,45.36,6383.0
2023-09-11 12:10:00-0400,45.36,45.36,45.36,45.36,0.0
2023-09-11 12:15:00-0400,45.36,45.36,45.36,45.36,0.0
2023-09-11 12:20:00-0400,45.36,45.36,45.36,45.36,0.0
2023-09-11 12:25:00-0400,45.36,45.36,45.36,45.36,0.0
2023-09-11 12:30:00-0400,45.36,45.36,45.36,45.36,0.0
2023-09-11 12:35:00-0400,45.36,45.36,45.36,45.36,0.0
2023-09-11 12:40:00-0400,45.36,45.36,45.36,45.36,0.0
2023-09-11 12:45:00-0400,45.36,45.36,45.36,45.36,0.0
2023-09-11 12:50:00-0400,45.36,45.36,45.36,45.36,0.0
2023-09-11 12:55:00-0400,45.36,45.36,45.36,45.36,0.0
2023-09-11 13:00:00-0400,45.36,45.36,45.36,45.36,0.0
2023-09-11 13:05:00-0400,45.36,45.36,45.36,45.36,0.0
2023-09-11 13:10:00-0400,45.36,45.36,45.36,45.36,0.0
2023-09-11 13:15:00-0400,45.36,45.36,45.36,45.36,0.0
2023-09-11 13:20:00-0400,45.36,45.36,45.36,45.36,1018.0
2023-09-11 13:25:00-0400,45.36,45.36,45.36,45.36,0.0
2023-09-11 13:30:00-0400,45.36,45.41,45.31,45.35,72866.0
2023-09-11 13:35:00-0400,45.35,45.3885,45.33,45.38,56911.0
2023-09-11 13:40:00-0400,45.38,45.38,45.33,45.33,50458.0
2023-09-11 13:45:00-0400,45.335,45.34,45.3122,45.315,35977.0
2023-09-11 13:50:00-0400,45.315,45.315,45.28,45.2869,51891.0
2023-09-11 13:55:00-0400,45.285,45.3,45.275,45.2922,39496.0
2023-09-11 14:00:00-0400,45.2982,45.2982,45.26,45.275,31407.0
2023-09-11 14:05:00-0400,45.28,45.3058,45.2752,45.305,66993.0
2023-09-11 14:10:00-0400,45.3,45.335,45.3,45.33,39447.0
2023-09-11 14:15:00-0400,45.33,45.33,45.3,45.325,24942.0
2023-09-11 14:20:00-0400,45.325,45.34,45.32,45.34,37435.0
2023-09-11 14:25:00-0400,45.335,45.35,45.33,45.35,34598.0
2023-09-11 14:30:00-0400,45.36,45.37,45.34,45.35,42621.0
2023-09-11 14:35:00-0400,45.345,45.35,45.33,45.34,42965.0
2023-09-11 14:40:00-0400,45.335,45.355,45.33,45.355,65122.0
2023-09-11 14:45:00-0400,45.355,45.375,45.355,45.375,46882.0
2023-09-11 14:50:00-0400,45.3798,45.385,45.375,45.3801,41627.0
2023-09-11 14:55:00-0400,45.385,45.385,45.37,45.3751,21466.0
2023-09-11 15:00:00-0400,45.375,45.38,45.36,45.36,56361.0
2023-09-11 15:05:00-0400,45.36,45.3699,45.345,45.355,51522.0
2023-09-11 15:10:00-0400,45.355,45.355,45.344,45.345,18685.0
2023-09-11 15:15:00-0400,45.35,45.355,45.34,45.3401,19057.0
2023-09-11 15:20:00-0400,45.35,45.36,45.345,45.355,19319.0
2023-09-11 15:25:00-0400,45.355,45.37,45.35,45.37,16187.0
2023-09-11 15:30:00-0400,45.37,45.38,45.355,45.3582,30106.0
2023-09-11 15:35:00-0400,45.36,45.365,45.35,45.35,16883.0
2023-09-11 15:40:00-0400,45.35,45.36,45.35,45.35,20791.0
2023-09-11 15:45:00-0400,45.35,45.35,45.325,45.325,16624.0
2023-09-11 15:50:00-0400,45.33,45.35,45.32,45.35,14451.0
2023-09-11 15:55:00-0400,45.345,45.355,45.34,45.3516,7053.0
2023-09-11 16:00:00-0400,45.355,45.355,45.3431,45.35,13017.0
2023-09-12 09:35:00-0400,45.35,45.35,45.35,45.35,0.0
2023-09-12 09:40:00-0400,45.35,45.35,45.35,45.35,0.0
2023-09-12 09:45:00-0400,45.35,45.35,45.35,45.35,0.0
2023-09-12 09:50:00-0400,45.35,45.35,45.35,45.35,0.0
2023-09-12 09:55:00-0400,45.35,45.35,45.35,45.35,0.0
2023-09-12 10:00:00-0400,45.35,45.35,45.35,45.35,0.0
2023-09-12 10:05:00-0400,45.35,45.35,45.35,45.35,0.0
2023-09-12 10:10:00-0400,45.35,45.35,45.35,45.35,0.0
2023-09-12 10:15:00-0400,45.35,45.35,45.35,45.35,0.0
2023-09-12 10:20:00-0400,45.35,45.35,45.35,45.35,0.0
2023-09-12 10:25:00-0400,45.35,45.35,45.35,45.35,0.0
2023-09-12 10:30:00-0400,45.35,45.35,45.35,45.35,0.0
2023-09-12 10:35:00-0400,45.35,45.35,45.35,45.35,0.0
2023-09-12 10:40:00-0400,45.35,45.35,45.35,45.35,0.0
2023-09-12 10:45:00-0400,45.35,45.35,45.35,45.35,0.0
2023-09-12 10:50:00-0400,45.35,45.35,45.35,45.35,0.0
2023-09-12 10:55:00-0400,45.35,45.35,45.35,45.35,0.0
2023-09-12 11:00:00-0400,45.35,45.35,45.35,45.35,0.0
2023-09-12 11:05:00-0400,45.35,45.35,45.35,45.35,0.0
2023-09-12 11:10:00-0400,45.35,45.35,45.35,45.35,0.0
2023-09-12 11:15:00-0400,45.35,45.35,45.35,45.35,0.0
2023-09-12 11:20:00-0400,45.35,45.35,45.35,45.35,0.0
2023-09-12 11:25:00-0400,45.35,45.35,45.35,45.35,0.0
2023-09-12 11:30:00-0400,45.35,45.35,45.35,45.35,0.0
2023-09-12 11:35:00-0400,45.35,45.35,45.35,45.35,0.0
2023-09-12 11:40:00-0400,45.35,45.35,45.11,45.11,5511.0
2023-09-12 11:45:00-0400,45.11,45.11,45.11,45.11,0.0
2023-09-12 11:50:00-0400,45.11,45.11,45.11,45.11,0.0
2023-09-12 11:55:00-0400,45.11,45.11,45.11,45.11,0.0
2023-09-12 12:00:00-0400,45.11,45.11,45.11,45.11,0.0
2023-09-12 12:05:00-0400,45.02,45.7,45.02,45.57,19226.0
2023-09-12 12:10:00-0400,45.57,45.57,45.57,45.57,0.0
2023-09-12 12:15:00-0400,45.57,45.57,45.57,45.57,0.0
2023-09-12 12:20:00-0400,45.57,45.57,45.57,45.57,0.0
2023-09-12 12:25:00-0400,45.57,45.57,45.57,45.57,0.0
2023-09-12 12:30:00-0400,45.57,45.57,45.57,45.57,0.0
2023-09-12 12:35:00-0400,45.57,45.57,45.57,45.57,0.0
2023-09-12 12:40:00-0400,45.57,45.57,45.57,45.57,0.0
2023-09-12 12:45:00-0400,45.57,45.57,45.57,45.57,0.0
2023-09-12 12:50:00-0400,45.57,45.57,45.57,45.57,0.0
2023-09-12 12:55:00-0400,45.57,45.57,45.57,45.57,0.0
2023-09-12 13:00:00-0400,45.57,45.57,45.57,45.57,0.0
2023-09-12 13:05:00-0400,45.57,45.57,45.57,45.57,0.0
2023-09-12 13:10:00-0400,45.57,45.57,45.57,45.57,0.0
2023-09-12 13:15:00-0400,45.57,45.57,45.57,45.57,0.0
2023-09-12 13:20:00-0400,45.57,45.57,45.57,45.57,0.0
2023-09-12 13:25:00-0400,45.57,45.57,45.57,45.57,0.0
2023-09-12 13:30:00-0400,45.57,45.57,45.005,45.005,81363.0
2023-09-12 13:35:00-0400,45.01,45.02,44.98,45.01,106470.0
2023-09-12 13:40:00-0400,45.01,45.03,45.0,45.025,39881.0
2023-09-12 13:45:00-0400,45.03,45.05,45.02,45.04,67976.0
2023-09-12 13:50:00-0400,45.04,45.045,45.02,45.025,44140.0
2023-09-12 13:55:00-0400,45.02,45.0394,45.02,45.035,18915.0
2023-09-12 14:00:00-0400,45.035,45.06,45.035,45.045,29703.0
2023-09-12 14:05:00-0400,45.045,45.05,45.035,45.04,19227.0
2023-09-12 14:10:00-0400,45.04,45.05,45.0338,45.045,23373.0
2023-09-12 14:15:00-0400,45.04,45.07,45.035,45.0677,19732.0
2023-09-12 14:20:00-0400,45.06,45.08,45.055,45.06,53511.0
2023-09-12 14:25:00-0400,45.06,45.06,45.0434,45.045,44346.0
2023-09-12 14:30:00-0400,45.05,45.05,45.041,45.0486,13142.0
2023-09-12 14:35:00-0400,45.0439,45.075,45.0439,45.065,33094.0
2023-09-12 14:40:00-0400,45.07,45.07,45.06,45.06,7380.0
2023-09-12 14:45:00-0400,45.065,45.079,45.05,45.065,120670.0
2023-09-12 14:50:00-0400,45.06,45.0658,45.045,45.055,54993.0
2023-09-12 14:55:00-0400,45.05,45.055,45.045,45.045,16985.0
2023-09-12 15:00:00-0400,45.05,45.06,45.0426,45.06,31546.0
2023-09-12 15:05:00-0400,45.06,45.07,45.06,45.065,33858.0
2023-09-12 15:10:00-0400,45.06,45.07,45.04,45.045,51668.0
2023-09-12 15:15:00-0400,45.045,45.06,45.0443,45.055,67598.0
2023-09-12 15:20:00-0400,45.055,45.06,45.05,45.055,14301.0
2023-09-12 15:25:00-0400,45.055,45.065,45.05,45.05,16385.0
2023-09-12 15:30:00-0400,45.055,45.06,45.05,45.06,5136.0
2023-09-12 15:35:00-0400,45.055,45.0699,45.055,45.065,10056.0
2023-09-12 15:40:00-0400,45.065,45.07,45.055,45.055,22179.0
2023-09-12 15:45:00-0400,45.06,45.075,45.06,45.07,25100.0
2023-09-12 15:50:00-0400,45.065,45.08,45.065,45.075,13089.0
2023-09-12 15:55:00-0400,45.075,45.0799,45.065,45.065,14679.0
2023-09-12 16:00:00-0400,45.065,45.07,45.065,45.065,8055.0
2023-09-13 09:35:00-0400,45.065,45.065,45.065,45.065,0.0
2023-09-13 09:40:00-0400,45.065,45.065,45.065,45.065,0.0
2023-09-13 09:45:00-0400,45.065,45.065,45.065,45.065,0.0
2023-09-13 09:50:00-0400,45.065,45.065,45.065,45.065,0.0
2023-09-13 09:55:00-0400,45.065,45.065,45.065,45.065,0.0
2023-09-13 10:00:00-0400,45.065,45.065,45.065,45.065,0.0
2023-09-13 10:05:00-0400,45.065,45.065,45.065,45.065,0.0
2023-09-13 10:10:00-0400,45.065,45.065,45.065,45.065,0.0
2023-09-13 10:15:00-0400,45.065,45.065,45.065,45.065,0.0
2023-09-13 10:20:00-0400,45.065,45.065,45.065,45.065,0.0
2023-09-13 10:25:00-0400,45.065,45.065,45.065,45.065,0.0
2023-09-13 10:30:00-0400,45.065,45.065,45.065,45.065,0.0
2023-09-13 10:35:00-0400,45.065,45.065,45.065,45.065,0.0
2023-09-13 10:40:00-0400,45.065,45.065,45.065,45.065,0.0
2023-09-13 10:45:00-0400,45.065,45.065,45.065,45.065,0.0
2023-09-13 10:50:00-0400,45.065,45.065,45.065,45.065,0.0
2023-09-13 10:55:00-0400,45.065,45.065,45.065,45.065,0.0
2023-09-13 11:00:00-0400,45.065,45.065,45.065,45.065,0.0
2023-09-13 11:05:00-0400,45.065,45.065,45.065,45.065,0.0
2023-09-13 11:10:00-0400,45.065,45.065,45.065,45.065,0.0
2023-09-13 11:15:00-0400,45.065,45.065,45.065,45.065,0.0
2023-09-13 11:20:00-0400,45.065,45.065,45.065,45.065,0.0
2023-09-13 11:25:00-0400,45.065,45.065,45.065,45.065,0.0
2023-09-13 11:30:00-0400,45.065,45.065,45.065,45.065,0.0
2023-09-13 11:35:00-0400,45.065,45.065,45.065,45.065,0.0
2023-09-13 11:40:00-0400,45.065,45.065,45.065,45.065,0.0
2023-09-13 11:45:00-0400,45.065,45.065,45.065,45.065,0.0
2023-09-13 11:50:00-0400,45.065,45.065,45.065,45.065,0.0
2023-09-13 11:55:00-0400,45.065,45.065,45.065,45.065,0.0
2023-09-13 12:00:00-0400,45.065,45.065,45.06,45.06,212.0
2023-09-13 12:05:00-0400,45.06,45.06,45.06,45.06,0.0
2023-09-13 12:10:00-0400,45.06,45.06,45.06,45.06,0.0
2023-09-13 12:15:00-0400,45.06,45.06,45.06,45.06,0.0
2023-09-13 12:20:00-0400,45.06,45.06,45.06,45.06,0.0
2023-09-13 12:25:00-0400,45.06,45.06,45.06,45.06,0.0
2023-09-13 12:30:00-0400,45.06,45.06,45.06,45.06,0.0
2023-09-13 12:35:00-0400,45.06,45.06,45.06,45.06,0.0
2023-09-13 12:40:00-0400,45.06,45.06,45.06,45.06,0.0
2023-09-13 12:45:00-0400,45.06,45.06,45.06,45.06,0.0
2023-09-13 12:50:00-0400,45.06,45.06,45.06,45.06,0.0
2023-09-13 12:55:00-0400,45.06,45.06,45.06,45.06,0.0
2023-09-13 13:00:00-0400,45.06,45.06,45.06,45.06,0.0
2023-09-13 13:05:00-0400,45.06,45.06,45.06,45.06,0.0
2023-09-13 13:10:00-0400,45.06,45.25,45.06,45.25,331.0
2023-09-13 13:15:00-0400,45.25,45.25,45.25,45.25,0.0
2023-09-13 13:20:00-0400,45.25,45.25,45.25,45.25,0.0
2023-09-13 13:25:00-0400,45.24,45.24,45.24,45.24,230.0
2023-09-13 13:30:00-0400,45.24,45.24,45.07,45.15,88049.0
2023-09-13 13:35:00-0400,45.145,45.17,45.14,45.1652,58339.0
2023-09-13 13:40:00-0400,45.1694,45.185,45.165,45.165,42532.0
2023-09-13 13:45:00-0400,45.16,45.17,45.135,45.14,79150.0
2023-09-13 13:50:00-0400,45.147,45.1475,45.095,45.095,42766.0
2023-09-13 13:55:00-0400,45.1,45.1,45.07,45.07,34235.0
2023-09-13 14:00:00-0400,45.07,45.115,45.07,45.1,25694.0
2023-09-13 14:05:00-0400,45.09,45.1,45.065,45.065,24130.0
2023-09-13 14:10:00-0400,45.065,45.08,45.06,45.065,24501.0
2023-09-13 14:15:00-0400,45.0691,45.0868,45.06,45.06,28492.0
2023-09-13 14:20:00-0400,45.0601,45.08,45.055,45.06,29227.0
2023-09-13 14:25:00-0400,45.07,45.09,45.06,45.09,28537.0
2023-09-13 14:30:00-0400,45.09,45.12,45.09,45.12,29360.0
2023-09-13 14:35:00-0400,45.12,45.13,45.11,45.1155,11102.0
2023-09-13 14:40:00-0400,45.12,45.165,45.12,45.16,20991.0
2023-09-13 14:45:00-0400,45.16,45.18,45.16,45.16,24232.0
2023-09-13 14:50:00-0400,45.16,45.16,45.145,45.15,20721.0
2023-09-13 14:55:00-0400,45.16,45.17,45.1599,45.165,14083.0
2023-09-13 15:00:00-0400,45.165,45.17,45.165,45.17,5934.0
2023-09-13 15:05:00-0400,45.175,45.185,45.16,45.18,13855.0
2023-09-13 15:10:00-0400,45.18,45.19,45.175,45.1766,19669.0
2023-09-13 15:15:00-0400,45.175,45.1899,45.1702,45.1899,10670.0
2023-09-13 15:20:00-0400,45.185,45.1853,45.16,45.1694,17315.0
2023-09-13 15:25:00-0400,45.1694,45.1899,45.165,45.1737,9801.0
2023-09-13 15:30:00-0400,45.18,45.18,45.17,45.18,14115.0
2023-09-13 15:35:00-0400,45.175,45.175,45.16,45.16,8968.0
2023-09-13 15:40:00-0400,45.16,45.16,45.1597,45.16,5477.0
2023-09-13 15:45:00-0400,45.1623,45.17,45.16,45.17,10854.0
2023-09-13 15:50:00-0400,45.165,45.18,45.16,45.16,23455.0
2023-09-13 15:55:00-0400,45.16,45.16,45.14,45.15,25698.0
2023-09-13 16:00:00-0400,45.15,45.17,45.145,45.17,13158.0
2023-09-14 09:35:00-0400,45.17,45.17,45.17,45.17,0.0
2023-09-14 09:40:00-0400,45.17,45.17,45.17,45.17,0.0
2023-09-14 09:45:00-0400,45.17,45.17,45.17,45.17,0.0
2023-09-14 09:50:00-0400,45.17,45.17,45.17,45.17,0.0
2023-09-14 09:55:00-0400,45.17,45.17,45.17,45.17,0.0
2023-09-14 10:00:00-0400,45.17,45.17,45.17,45.17,0.0
2023-09-14 10:05:00-0400,45.17,45.17,45.17,45.17,0.0
2023-09-14 10:10:00-0400,45.17,45.17,45.17,45.17,0.0
2023-09-14 10:15:00-0400,45.17,45.17,45.17,45.17,0.0
2023-09-14 10:20:00-0400,45.17,45.17,45.17,45.17,0.0
2023-09-14 10:25:00-0400,45.17,45.17,45.17,45.17,0.0
2023-09-14 10:30:00-0400,45.17,45.17,45.17,45.17,0.0
2023-09-14 10:35:00-0400,45.17,45.17,45.12,45.12,148.0
2023-09-14 10:40:00-0400,45.12,45.12,45.12,45.12,0.0
2023-09-14 10:45:00-0400,45.12,45.12,45.12,45.12,0.0
2023-09-14 10:50:00-0400,45.12,45.12,45.12,45.12,0.0
2023-09-14 10:55:00-0400,45.12,45.12,45.12,45.12,0.0
2023-09-14 11:00:00-0400,45.12,45.12,45.12,45.12,0.0
2023-09-14 11:05:00-0400,45.12,45.12,45.12,45.12,0.0
2023-09-14 11:10:00-0400,45.12,45.12,45.12,45.12,0.0
2023-09-14 11:15:00-0400,45.12,45.12,45.12,45.12,0.0
2023-09-14 11:20:00-0400,45.12,45.12,45.12,45.12,0.0
2023-09-14 11:25:00-0400,45.12,45.12,45.12,45.12,0.0
2023-09-14 11:30:00-0400,45.12,45.12,45.12,45.12,0.0
2023-09-14 11:35:00-0400,45.12,45.12,45.12,45.12,0.0
2023-09-14 11:40:00-0400,45.12,45.12,45.12,45.12,0.0
2023-09-14 11:45:00-0400,45.12,45.12,45.12,45.12,0.0
2023-09-14 11:50:00-0400,45.12,45.12,45.12,45.12,0.0
2023-09-14 11:55:00-0400,45.12,45.12,45.12,45.12,0.0
2023-09-14 12:00:00-0400,45.12,45.12,45.12,45.12,0.0
2023-09-14 12:05:00-0400,45.19,45.19,45.19,45.19,714.0
2023-09-14 12:10:00-0400,45.19,45.19,45.19,45.19,0.0
2023-09-14 12:15:00-0400,45.19,45.19,45.19,45.19,0.0
2023-09-14 12:20:00-0400,45.19,45.19,45.19,45.19,0.0
2023-09-14 12:25:00-0400,45.19,45.19,45.19,45.19,0.0
2023-09-14 12:30:00-0400,45.19,45.19,45.19,45.19,0.0
2023-09-14 12:35:00-0400,45.19,45.19,45.19,45.19,0.0
2023-09-14 12:40:00-0400,45.19,45.19,45.19,45.19,0.0
2023-09-14 12:45:00-0400,45.19,45.19,45.19,45.19,0.0
2023-09-14 12:50:00-0400,45.19,45.19,45.19,45.19,0.0
2023-09-14 12:55:00-0400,45.19,45.19,45.19,45.19,0.0
2023-09-14 13:00:00-0400,45.19,45.19,45.19,45.19,0.0
2023-09-14 13:05:00-0400,45.19,45.19,45.19,45.19,0.0
2023-09-14 13:10:00-0400,45.19,45.19,45.19,45.19,0.0
2023-09-14 13:15:00-0400,45.19,45.29,45.19,45.29,2741.0
2023-09-14 13:20:00-0400,45.29,45.29,45.29,45.29,0.0
2023-09-14 13:25:00-0400,45.29,45.3,45.29,45.3,2760.0
2023-09-14 13:30:00-0400,45.3,45.3,45.24,45.24,37505.0
2023-09-14 13:35:00-0400,45.25,45.26,45.225,45.26,103923.0
2023-09-14 13:40:00-0400,45.26,45.29,45.25,45.29,51459.0
2023-09-14 13:45:00-0400,45.285,45.29,45.275,45.28,107313.0
2023-09-14 13:50:00-0400,45.29,45.3,45.25,45.265,66708.0
2023-09-14 13:55:00-0400,45.2601,45.269,45.23,45.235,37740.0
2023-09-14 14:00:00-0400,45.239,45.27,45.225,45.26,129795.0
2023-09-14 14:05:00-0400,45.25,45.27,45.22,45.225,48358.0
2023-09-14 14:10:00-0400,45.225,45.2356,45.205,45.21,39564.0
2023-09-14 14:15:00-0400,45.205,45.2299,45.2,45.2182,35494.0
2023-09-14 14:20:00-0400,45.21,45.215,45.2,45.205,9381.0
2023-09-14 14:25:00-0400,45.205,45.235,45.205,45.215,33954.0
2023-09-14 14:30:00-0400,45.2137,45.24,45.21,45.235,16360.0
2023-09-14 14:35:00-0400,45.235,45.26,45.235,45.255,16929.0
2023-09-14 14:40:00-0400,45.2557,45.269,45.24,45.265,29130.0
2023-09-14 14:45:00-0400,45.27,45.28,45.26,45.27,24617.0
2023-09-14 14:50:00-0400,45.27,45.285,45.27,45.275,26523.0
2023-09-14 14:55:00-0400,45.2799,45.28,45.2744,45.28,17643.0
2023-09-14 15:00:00-0400,45.28,45.29,45.27,45.28,68673.0
2023-09-14 15:05:00-0400,45.275,45.29,45.275,45.285,26858.0
2023-09-14 15:10:00-0400,45.285,45.3155,45.28,45.315,53864.0
2023-09-14 15:15:00-0400,45.315,45.32,45.31,45.315,50024.0
2023-09-14 15:20:00-0400,45.315,45.315,45.3007,45.31,26488.0
2023-09-14 15:25:00-0400,45.303,45.31,45.303,45.31,13034.0
2023-09-14 15:30:00-0400,45.305,45.32,45.305,45.3134,11085.0
2023-09-14 15:35:00-0400,45.315,45.315,45.3,45.31,15208.0
2023-09-14 15:40:00-0400,45.3,45.3,45.285,45.295,54123.0
2023-09-14 15:45:00-0400,45.29,45.31,45.28,45.31,18909.0
2023-09-14 15:50:00-0400,45.31,45.315,45.3,45.305,11569.0
2023-09-14 15:55:00-0400,45.305,45.319,45.305,45.31,20383.0
2023-09-14 16:00:00-0400,45.31,45.32,45.31,45.315,6537.0
2023-09-15 09:35:00-0400,45.315,45.315,45.315,45.315,0.0
2023-09-15 09:40:00-0400,45.315,45.315,45.315,45.315,0.0
2023-09-15 09:45:00-0400,45.315,45.315,45.315,45.315,0.0
2023-09-15 09:50:00-0400,45.315,45.315,45.315,45.315,0.0
2023-09-15 09:55:00-0400,45.315,45.315,45.315,45.315,0.0
2023-09-15 10:00:00-0400,45.315,45.315,45.315,45.315,0.0
2023-09-15 10:05:00-0400,45.315,45.315,45.315,45.315,0.0
2023-09-15 10:10:00-0400,45.315,45.315,45.315,45.315,0.0
2023-09-15 10:15:00-0400,45.315,45.315,45.315,45.315,0.0
2023-09-15 10:20:00-0400,45.315,45.315,45.315,45.315,0.0
2023-09-15 10:25:00-0400,45.315,45.315,45.315,45.315,0.0
2023-09-15 10:30:00-0400,45.315,45.315,45.315,45.315,0.0
2023-09-15 10:35:00-0400,45.315,45.315,45.315,45.315,0.0
2023-09-15 10:40:00-0400,45.315,45.315,45.315,45.315,0.0
2023-09-15 10:45:00-0400,45.315,45.315,45.315,45.315,0.0
2023-09-15 10:50:00-0400,45.315,45.315,45.315,45.315,0.0
2023-09-15 10:55:00-0400,45.315,45.315,45.315,45.315,0.0
2023-09-15 11:00:00-0400,45.315,45.315,45.315,45.315,0.0
2023-09-15 11:05:00-0400,45.315,45.315,45.315,45.315,0.0
2023-09-15 11:10:00-0400,45.315,45.315,45.315,45.315,0.0
2023-09-15 11:15:00-0400,45.315,45.315,45.315,45.315,0.0
2023-09-15 11:20:00-0400,45.315,45.315,45.315,45.315,0.0
2023-09-15 11:25:00-0400,45.315,45.315,45.315,45.315,0.0
2023-09-15 11:30:00-0400,45.315,45.315,45.315,45.315,0.0
2023-09-15 11:35:00-0400,45.315,45.315,45.315,45.315,0.0
2023-09-15 11:40:00-0400,45.315,45.315,45.315,45.315,0.0
2023-09-15 11:45:00-0400,45.315,45.315,45.315,45.315,0.0
2023-09-15 11:50:00-0400,45.315,45.315,45.315,45.315,0.0
2023-09-15 11:55:00-0400,45.315,45.315,45.315,45.315,0.0
2023-09-15 12:00:00-0400,45.315,45.315,45.315,45.315,0.0
2023-09-15 12:05:00-0400,45.315,45.315,45.315,45.315,0.0
2023-09-15 12:10:00-0400,45.315,45.315,45.315,45.315,0.0
2023-09-15 12:15:00-0400,45.315,45.315,45.315,45.315,0.0
2023-09-15 12:20:00-0400,45.315,45.315,45.315,45.315,0.0
2023-09-15 12:25:00-0400,45.315,45.315,45.315,45.315,0.0
2023-09-15 12:30:00-0400,45.315,45.315,45.315,45.315,0.0
2023-09-15 12:35:00-0400,45.315,45.315,45.315,45.315,0.0
2023-09-15 12:40:00-0400,45.315,45.315,45.315,45.315,0.0
2023-09-15 12:45:00-0400,45.315,45.315,45.315,45.315,0.0
2023-09-15 12:50:00-0400,45.315,45.315,45.315,45.315,0.0
2023-09-15 12:55:00-0400,45.315,45.315,45.315,45.315,0.0
2023-09-15 13:00:00-0400,45.315,45.315,45.315,45.315,0.0
2023-09-15 13:05:00-0400,45.315,45.315,45.315,45.315,0.0
2023-09-15 13:10:00-0400,45.315,45.315,45.315,45.315,0.0
2023-09-15 13:15:00-0400,45.315,45.315,45.315,45.315,0.0
2023-09-15 13:20:00-0400,45.315,45.315,45.315,45.315,0.0
2023-09-15 13:25:00-0400,45.315,45.315,45.315,45.315,0.0
2023-09-15 13:30:00-0400,45.315,45.315,45.18,45.18,131292.0
2023-09-15 13:35:00-0400,45.185,45.22,45.1701,45.195,85515.0
2023-09-15 13:40:00-0400,45.185,45.19,45.16,45.17,53869.0
2023-09-15 13:45:00-0400,45.1699,45.18,45.14,45.16,296064.0
2023-09-15 13:50:00-0400,45.16,45.17,45.15,45.16,71014.0
2023-09-15 13:55:00-0400,45.16,45.2,45.16,45.185,34027.0
2023-09-15 14:00:00-0400,45.18,45.25,45.165,45.22,37538.0
2023-09-15 14:05:00-0400,45.22,45.265,45.22,45.24,39772.0
2023-09-15 14:10:00-0400,45.25,45.255,45.215,45.225,35211.0
2023-09-15 14:15:00-0400,45.23,45.23,45.2,45.2,87631.0
2023-09-15 14:20:00-0400,45.21,45.22,45.205,45.21,53450.0
2023-09-15 14:25:00-0400,45.21,45.22,45.2,45.21,17953.0
2023-09-15 14:30:00-0400,45.215,45.22,45.2,45.21,18387.0
2023-09-15 14:35:00-0400,45.2,45.215,45.2,45.2,28054.0
2023-09-15 14:40:00-0400,45.1963,45.2,45.19,45.195,19858.0
2023-09-15 14:45:00-0400,45.2,45.2,45.185,45.195,13616.0
2023-09-15 14:50:00-0400,45.2,45.2,45.165,45.18,28962.0
2023-09-15 14:55:00-0400,45.17,45.17,45.135,45.14,37582.0
2023-09-15 15:00:00-0400,45.14,45.14,45.13,45.135,9123.0
2023-09-15 15:05:00-0400,45.13,45.1399,45.12,45.13,20547.0
2023-09-15 15:10:00-0400,45.125,45.155,45.12,45.155,12542.0
2023-09-15 15:15:00-0400,45.15,45.1599,45.145,45.145,9876.0
2023-09-15 15:20:00-0400,45.15,45.1599,45.15,45.1599,7247.0
2023-09-15 15:25:00-0400,45.15,45.16,45.15,45.155,6531.0
2023-09-15 15:30:00-0400,45.155,45.1699,45.14,45.165,42173.0
2023-09-15 15:35:00-0400,45.16,45.165,45.14,45.14,15520.0
2023-09-15 15:40:00-0400,45.145,45.15,45.14,45.14,38843.0
2023-09-15 15:45:00-0400,45.14,45.15,45.1317,45.1317,36863.0
2023-09-15 15:50:00-0400,45.1329,45.155,45.1301,45.15,15791.0
2023-09-15 15:55:00-0400,45.155,45.1599,45.14,45.155,20265.0
2023-09-15 16:00:00-0400,45.15,45.16,45.135,45.16,94950.0
2023-09-18 09:35:00-0400,45.16,45.16,45.16,45.16,0.0
2023-09-18 09:40:00-0400,45.16,45.16,45.16,45.16,0.0
2023-09-18 09:45:00-0400,45.16,45.16,45.16,45.16,0.0
2023-09-18 09:50:00-0400,45.16,45.16,45.16,45.16,0.0
2023-09-18 09:55:00-0400,45.16,45.16,45.16,45.16,0.0
2023-09-18 10:00:00-0400,45.16,45.16,45.16,45.16,0.0
2023-09-18 10:05:00-0400,45.16,45.16,45.16,45.16,0.0
2023-09-18 10:10:00-0400,45.16,45.16,45.16,45.16,0.0
2023-09-18 10:15:00-0400,45.16,45.16,45.16,45.16,0.0
2023-09-18 10:20:00-0400,45.16,45.16,45.16,45.16,0.0
2023-09-18 10:25:00-0400,45.16,45.16,45.16,45.16,0.0
2023-09-18 10:30:00-0400,45.16,45.16,45.16,45.16,0.0
2023-09-18 10:35:00-0400,45.16,45.16,45.16,45.16,0.0
2023-09-18 10:40:00-0400,45.16,45.16,45.16,45.16,0.0
2023-09-18 10:45:00-0400,45.16,45.16,45.16,45.16,0.0
2023-09-18 10:50:00-0400,45.16,45.16,45.16,45.16,0.0
2023-09-18 10:55:00-0400,45.16,45.16,45.16,45.16,0.0
2023-09-18 11:00:00-0400,45.16,45.16,45.16,45.16,0.0
2023-09-18 11:05:00-0400,45.16,45.16,45.16,45.16,0.0
2023-09-18 11:10:00-0400,45.16,45.16,45.16,45.16,0.0
2023-09-18 11:15:00-0400,45.16,45.16,45.16,45.16,0.0
2023-09-18 11:20:00-0400,45.16,45.16,45.16,45.16,0.0
2023-09-18 11:25:00-0400,45.16,45.16,45.16,45.16,0.0
2023-09-18 11:30:00-0400,45.16,45.16,45.16,45.16,0.0
2023-09-18 11:35:00-0400,45.16,45.16,45.16,45.16,0.0
2023-09-18 11:40:00-0400,45.16,45.16,45.16,45.16,0.0
2023-09-18 11:45:00-0400,45.16,45.16,45.16,45.16,0.0
2023-09-18 11:50:00-0400,45.16,45.16,45.16,45.16,0.0
2023-09-18 11:55:00-0400,45.16,45.16,45.16,45.16,0.0
2023-09-18 12:00:00-0400,45.16,45.16,45.16,45.16,0.0
2023-09-18 12:05:00-0400,45.16,45.16,45.16,45.16,0.0
2023-09-18 12:10:00-0400,45.16,45.16,45.16,45.16,0.0
2023-09-18 12:15:00-0400,45.16,45.16,45.16,45.16,0.0
2023-09-18 12:20:00-0400,45.16,45.16,45.16,45.16,0.0
2023-09-18 12:25:00-0400,45.16,45.16,45.16,45.16,0.0
2023-09-18 12:30:00-0400,45.16,45.16,45.16,45.16,0.0
2023-09-18 12:35:00-0400,45.16,45.16,45.16,45.16,0.0
2023-09-18 12:40:00-0400,45.16,45.16,45.16,45.16,0.0
2023-09-18 12:45:00-0400,45.16,45.16,45.16,45.16,0.0
2023-09-18 12:50:00-0400,45.16,45.16,45.16,45.16,0.0
2023-09-18 12:55:00-0400,45.16,45.16,45.16,45.16,0.0
2023-09-18 13:00:00-0400,45.16,45.16,45.02,45.02,106.0
2023-09-18 13:05:00-0400,45.02,45.02,45.02,45.02,0.0
2023-09-18 13:10:00-0400,45.02,45.02,45.02,45.02,0.0
2023-09-18 13:15:00-0400,45.02,45.02,45.02,45.02,0.0
2023-09-18 13:20:00-0400,45.02,45.02,45.02,45.02,0.0
2023-09-18 13:25:00-0400,45.02,45.02,45.02,45.02,0.0
2023-09-18 13:30:00-0400,45.02,45.1,45.01,45.065,43921.0
2023-09-18 13:35:00-0400,45.065,45.07,45.035,45.05,69826.0
2023-09-18 13:40:00-0400,45.055,45.06,45.035,45.04,43154.0
2023-09-18 13:45:00-0400,45.04,45.055,45.02,45.04,54727.0
2023-09-18 13:50:00-0400,45.04,45.045,45.03,45.045,33056.0
2023-09-18 13:55:00-0400,45.045,45.0499,45.0323,45.0323,18684.0
2023-09-18 14:00:00-0400,45.035,45.055,45.03,45.055,43933.0
2023-09-18 14:05:00-0400,45.05,45.055,45.04,45.04,49734.0
2023-09-18 14:10:00-0400,45.045,45.06,45.0329,45.0552,40847.0
2023-09-18 14:15:00-0400,45.06,45.0899,45.055,45.07,27182.0
2023-09-18 14:20:00-0400,45.075,45.08,45.07,45.075,13647.0
2023-09-18 14:25:00-0400,45.075,45.1,45.075,45.095,25592.0
2023-09-18 14:30:00-0400,45.0894,45.095,45.08,45.09,15005.0
2023-09-18 14:35:00-0400,45.1,45.115,45.09,45.115,16405.0
2023-09-18 14:40:00-0400,45.11,45.11,45.0847,45.085,48575.0
2023-09-18 14:45:00-0400,45.085,45.1,45.085,45.1,5384.0
2023-09-18 14:50:00-0400,45.1,45.11,45.09,45.095,26320.0
2023-09-18 14:55:00-0400,45.0999,45.1,45.09,45.09,15589.0
2023-09-18 15:00:00-0400,45.09,45.1,45.085,45.0899,16458.0
2023-09-18 15:05:00-0400,45.0899,45.09,45.075,45.075,12083.0
2023-09-18 15:10:00-0400,45.07,45.0799,45.06,45.06,18774.0
2023-09-18 15:15:00-0400,45.0699,45.0699,45.06,45.065,11490.0
2023-09-18 15:20:00-0400,45.065,45.08,45.065,45.07,31109.0
2023-09-18 15:25:00-0400,45.075,45.08,45.07,45.08,9414.0
2023-09-18 15:30:00-0400,45.08,45.095,45.075,45.095,40210.0
2023-09-18 15:35:00-0400,45.0988,45.12,45.0935,45.11,36610.0
2023-09-18 15:40:00-0400,45.12,45.12,45.1,45.109,26351.0
2023-09-18 15:45:00-0400,45.109,45.125,45.109,45.12,25256.0
2023-09-18 15:50:00-0400,45.125,45.14,45.12,45.135,18834.0
2023-09-18 15:55:00-0400,45.135,45.14,45.12,45.135,77594.0
2023-09-18 16:00:00-0400,45.135,45.14,45.13,45.14,41800.0
2023-09-19 09:35:00-0400,45.14,45.14,45.14,45.14,0.0
2023-09-19 09:40:00-0400,45.14,45.14,45.14,45.14,0.0
2023-09-19 09:45:00-0400,45.14,45.14,45.14,45.14,0.0
2023-09-19 09:50:00-0400,45.14,45.14,45.14,45.14,0.0
2023-09-19 09:55:00-0400,45.14,45.14,45.14,45.14,0.0
2023-09-19 10:00:00-0400,45.14,45.14,45.14,45.14,0.0
2023-09-19 10:05:00-0400,45.14,45.14,45.14,45.14,0.0
2023-09-19 10:10:00-0400,45.14,45.14,45.14,45.14,0.0
2023-09-19 10:15:00-0400,45.14,45.14,45.14,45.14,0.0
2023-09-19 10:20:00-0400,45.14,45.14,45.14,45.14,0.0
2023-09-19 10:25:00-0400,45.14,45.14,45.14,45.14,0.0
2023-09-19 10:30:00-0400,45.14,45.14,45.14,45.14,0.0
2023-09-19 10:35:00-0400,45.14,45.14,45.02,45.02,250.0
2023-09-19 10:40:00-0400,45.02,45.02,45.02,45.02,0.0
2023-09-19 10:45:00-0400,45.02,45.05,45.02,45.05,500.0
2023-09-19 10:50:00-0400,45.05,45.05,45.05,45.05,0.0
2023-09-19 10:55:00-0400,45.05,45.05,45.05,45.05,0.0
2023-09-19 11:00:00-0400,45.05,45.05,45.05,45.05,500.0
2023-09-19 11:05:00-0400,45.05,45.05,45.05,45.05,0.0
2023-09-19 11:10:00-0400,45.05,45.05,45.05,45.05,0.0
2023-09-19 11:15:00-0400,45.05,45.05,45.05,45.05,0.0
2023-09-19 11:20:00-0400,45.05,45.05,45.05,45.05,0.0
2023-09-19 11:25:00-0400,45.05,45.05,45.05,45.05,0.0
2023-09-19 11:30:00-0400,45.05,45.05,45.05,45.05,0.0
2023-09-19 11:35:00-0400,45.05,45.05,45.05,45.05,0.0
2023-09-19 11:40:00-0400,45.05,45.05,45.05,45.05,0.0
2023-09-19 11:45:00-0400,45.05,45.05,45.05,45.05,0.0
2023-09-19 11:50:00-0400,45.02,45.02,45.02,45.02,300.0
2023-09-19 11:55:00-0400,45.02,45.02,45.02,45.02,0.0
2023-09-19 12:00:00-0400,45.02,45.02,45.02,45.02,0.0
2023-09-19 12:05:00-0400,45.02,45.02,45.02,45.02,0.0
2023-09-19 12:10:00-0400,45.02,45.02,45.02,45.02,0.0
2023-09-19 12:15:00-0400,45.02,45.02,45.02,45.02,0.0
2023-09-19 12:20:00-0400,45.02,45.02,45.02,45.02,0.0
2023-09-19 12:25:00-0400,45.02,45.02,45.02,45.02,0.0
2023-09-19 12:30:00-0400,45.02,45.02,45.02,45.02,0.0
2023-09-19 12:35:00-0400,45.02,45.02,45.02,45.02,0.0
2023-09-19 12:40:00-0400,45.02,45.02,45.02,45.02,0.0
2023-09-19 12:45:00-0400,45.02,45.02,45.02,45.02,0.0
2023-09-19 12:50:00-0400,45.02,45.06,45.02,45.06,125.0
2023-09-19 12:55:00-0400,45.06,45.06,45.06,45.06,0.0
2023-09-19 13:00:00-0400,45.06,45.06,45.06,45.06,0.0
2023-09-19 13:05:00-0400,45.06,45.06,45.03,45.03,452.0
2023-09-19 13:10:00-0400,45.03,45.18,45.03,45.18,107.0
2023-09-19 13:15:00-0400,45.05,45.05,44.98,44.98,7211.0
2023-09-19 13:20:00-0400,44.98,44.98,44.98,44.98,0.0
2023-09-19 13:25:00-0400,44.98,44.98,44.98,44.98,0.0
2023-09-19 13:30:00-0400,44.98,45.13,44.98,45.05,80693.0
2023-09-19 13:35:00-0400,45.06,45.065,45.03,45.0475,71990.0
2023-09-19 13:40:00-0400,45.0414,45.06,45.04,45.05,51051.0
2023-09-19 13:45:00-0400,45.06,45.075,45.05,45.075,31238.0
2023-09-19 13:50:00-0400,45.075,45.075,45.06,45.065,16482.0
2023-09-19 13:55:00-0400,45.065,45.075,45.055,45.065,42979.0
2023-09-19 14:00:00-0400,45.06,45.07,45.04,45.04,26280.0
2023-09-19 14:05:00-0400,45.04,45.0499,45.02,45.025,23151.0
2023-09-19 14:10:00-0400,45.025,45.03,45.02,45.0299,12921.0
2023-09-19 14:15:00-0400,45.025,45.03,45.01,45.015,58744.0
2023-09-19 14:20:00-0400,45.015,45.0199,45.0,45.015,33676.0
2023-09-19 14:25:00-0400,45.015,45.02,45.01,45.015,7726.0
2023-09-19 14:30:00-0400,45.015,45.02,45.0,45.0,67109.0
2023-09-19 14:35:00-0400,45.005,45.01,44.985,44.99,37056.0
2023-09-19 14:40:00-0400,44.99,44.995,44.97,44.975,40781.0
2023-09-19 14:45:00-0400,44.975,44.99,44.97,44.985,39345.0
2023-09-19 14:50:00-0400,44.985,44.99,44.97,44.97,32075.0
2023-09-19 14:55:00-0400,44.9743,44.98,44.97,44.975,12012.0
2023-09-19 15:00:00-0400,44.97,44.99,44.97,44.985,21428.0
2023-09-19 15:05:00-0400,44.98,44.99,44.98,44.9876,15134.0
2023-09-19 15:10:00-0400,44.985,44.99,44.98,44.985,11078.0
2023-09-19 15:15:00-0400,44.99,44.9987,44.97,44.97,60843.0
2023-09-19 15:20:00-0400,44.97,44.975,44.965,44.97,13809.0
2023-09-19 15:25:00-0400,44.97,44.9777,44.97,44.9775,11857.0
2023-09-19 15:30:00-0400,44.97,44.98,44.97,44.975,71013.0
2023-09-19 15:35:00-0400,44.97,44.98,44.97,44.975,32980.0
2023-09-19 15:40:00-0400,44.975,44.975,44.97,44.975,15834.0
2023-09-19 15:45:00-0400,44.97,44.98,44.97,44.975,6724.0
2023-09-19 15:50:00-0400,44.975,44.9975,44.97,44.985,67154.0
2023-09-19 15:55:00-0400,44.98,44.99,44.98,44.99,24337.0
2023-09-19 16:00:00-0400,44.99,45.02,44.99,45.01,59526.0
2023-09-20 09:35:00-0400,45.01,45.01,45.01,45.01,0.0
2023-09-20 09:40:00-0400,45.01,45.01,45.01,45.01,0.0
2023-09-20 09:45:00-0400,45.01,45.01,45.01,45.01,0.0
2023-09-20 09:50:00-0400,45.01,45.01,45.01,45.01,0.0
2023-09-20 09:55:00-0400,45.01,45.01,45.01,45.01,0.0
2023-09-20 10:00:00-0400,45.01,45.01,45.01,45.01,0.0
2023-09-20 10:05:00-0400,45.01,45.01,45.01,45.01,0.0
2023-09-20 10:10:00-0400,45.01,45.01,45.01,45.01,0.0
2023-09-20 10:15:00-0400,45.01,45.01,45.01,45.01,0.0
2023-09-20 10:20:00-0400,45.01,45.01,45.01,45.01,0.0
2023-09-20 10:25:00-0400,45.01,45.01,45.01,45.01,0.0
2023-09-20 10:30:00-0400,45.01,45.01,45.01,45.01,0.0
2023-09-20 10:35:00-0400,45.01,45.01,45.01,45.01,0.0
2023-09-20 10:40:00-0400,45.01,45.01,45.01,45.01,0.0
2023-09-20 10:45:00-0400,45.01,45.01,45.01,45.01,0.0
2023-09-20 10:50:00-0400,45.01,45.01,45.01,45.01,0.0
2023-09-20 10:55:00-0400,45.01,45.01,45.01,45.01,0.0
2023-09-20 11:00:00-0400,45.01,45.01,44.8,44.8,6612.0
2023-09-20 11:05:00-0400,44.8,44.8,44.8,44.8,34558.0
2023-09-20 11:10:00-0400,44.8,44.8,44.8,44.8,0.0
2023-09-20 11:15:00-0400,44.8,44.8,44.8,44.8,0.0
2023-09-20 11:20:00-0400,44.8,44.8,44.8,44.8,0.0
2023-09-20 11:25:00-0400,44.8,44.8,44.8,44.8,0.0
2023-09-20 11:30:00-0400,44.8,44.8,44.8,44.8,0.0
2023-09-20 11:35:00-0400,44.8,44.8,44.8,44.8,0.0
2023-09-20 11:40:00-0400,44.8,44.8,44.8,44.8,0.0
2023-09-20 11:45:00-0400,44.8,44.8,44.8,44.8,0.0
2023-09-20 11:50:00-0400,44.8,44.8,44.8,44.8,0.0
2023-09-20 11:55:00-0400,44.8,44.94,44.8,44.94,300.0
2023-09-20 12:00:00-0400,44.94,44.94,44.94,44.94,0.0
2023-09-20 12:05:00-0400,44.94,44.94,44.94,44.94,0.0
2023-09-20 12:10:00-0400,44.94,44.94,44.94,44.94,0.0
2023-09-20 12:15:00-0400,44.94,44.94,44.94,44.94,0.0
2023-09-20 12:20:00-0400,44.94,44.94,44.94,44.94,0.0
2023-09-20 12:25:00-0400,44.94,44.94,44.94,44.94,0.0
2023-09-20 12:30:00-0400,44.94,44.94,44.94,44.94,0.0
2023-09-20 12:35:00-0400,44.94,44.94,44.94,44.94,0.0
2023-09-20 12:40:00-0400,44.94,44.94,44.94,44.94,0.0
2023-09-20 12:45:00-0400,44.94,44.94,44.9,44.9,100.0
2023-09-20 12:50:00-0400,44.9,44.9,44.9,44.9,0.0
2023-09-20 12:55:00-0400,44.9,44.9,44.9,44.9,0.0
2023-09-20 13:00:00-0400,44.9,44.9,44.9,44.9,0.0
2023-09-20 13:05:00-0400,44.9,44.9,44.9,44.9,0.0
2023-09-20 13:10:00-0400,44.9,44.9,44.9,44.9,0.0
2023-09-20 13:15:00-0400,44.9,45.01,44.9,45.01,601.0
2023-09-20 13:20:00-0400,45.01,45.01,45.01,45.01,0.0
2023-09-20 13:25:00-0400,45.01,45.01,45.01,45.01,0.0
2023-09-20 13:30:00-0400,45.02,45.07,45.02,45.06,41897.0
2023-09-20 13:35:00-0400,45.0427,45.105,45.0427,45.105,121323.0
2023-09-20 13:40:00-0400,45.1,45.125,45.1,45.12,48151.0
2023-09-20 13:45:00-0400,45.125,45.165,45.12,45.16,128719.0
2023-09-20 13:50:00-0400,45.16,45.16,45.145,45.155,103992.0
2023-09-20 13:55:00-0400,45.155,45.185,45.15,45.18,36812.0
2023-09-20 14:00:00-0400,45.18,45.18,45.15,45.15,67527.0
2023-09-20 14:05:00-0400,45.15,45.16,45.14,45.14,23574.0
2023-09-20 14:10:00-0400,45.145,45.16,45.14,45.155,12574.0
2023-09-20 14:15:00-0400,45.16,45.16,45.13,45.13,32154.0
2023-09-20 14:20:00-0400,45.12,45.1255,45.11,45.119,38470.0
2023-09-20 14:25:00-0400,45.115,45.135,45.11,45.135,36955.0
2023-09-20 14:30:00-0400,45.135,45.14,45.13,45.135,30395.0
2023-09-20 14:35:00-0400,45.135,45.145,45.13,45.135,56327.0
2023-09-20 14:40:00-0400,45.13,45.14,45.13,45.135,49601.0
2023-09-20 14:45:00-0400,45.135,45.14,45.13,45.135,268200.0
2023-09-20 14:50:00-0400,45.13,45.135,45.125,45.13,79977.0
2023-09-20 14:55:00-0400,45.13,45.135,45.13,45.135,8292.0
2023-09-20 15:00:00-0400,45.13,45.135,45.11,45.11,30407.0
2023-09-20 15:05:00-0400,45.115,45.12,45.11,45.11,35100.0
2023-09-20 15:10:00-0400,45.115,45.135,45.11,45.135,48648.0
2023-09-20 15:15:00-0400,45.13,45.15,45.13,45.1409,22164.0
2023-09-20 15:20:00-0400,45.15,45.15,45.1401,45.15,19002.0
2023-09-20 15:25:00-0400,45.15,45.1575,45.135,45.135,45254.0
2023-09-20 15:30:00-0400,45.135,45.15,45.135,45.135,20169.0
2023-09-20 15:35:00-0400,45.14,45.14,45.13,45.135,17193.0
2023-09-20 15:40:00-0400,45.135,45.135,45.12,45.12,15785.0
2023-09-20 15:45:00-0400,45.12,45.135,45.12,45.13,88869.0
2023-09-20 15:50:00-0400,45.13,45.135,45.13,45.13,15283.0
2023-09-20 15:55:00-0400,45.13,45.135,45.125,45.125,27437.0
2023-09-20 16:00:00-0400,45.125,45.13,45.12,45.125,3416.0
2023-09-21 09:35:00-0400,45.125,45.125,45.125,45.125,0.0
2023-09-21 09:40:00-0400,45.125,45.125,45.125,45.125,0.0
2023-09-21 09:45:00-0400,45.125,45.125,45.125,45.125,0.0
2023-09-21 09:50:00-0400,45.125,45.125,45.125,45.125,0.0
2023-09-21 09:55:00-0400,45.125,45.125,45.125,45.125,0.0
2023-09-21 10:00:00-0400,45.125,45.125,45.125,45.125,0.0
2023-09-21 10:05:00-0400,45.125,45.125,45.125,45.125,0.0
2023-09-21 10:10:00-0400,45.125,45.125,45.125,45.125,0.0
2023-09-21 10:15:00-0400,45.125,45.125,45.125,45.125,0.0
2023-09-21 10:20:00-0400,45.125,45.125,45.125,45.125,0.0
2023-09-21 10:25:00-0400,45.125,45.125,45.125,45.125,0.0
2023-09-21 10:30:00-0400,45.125,45.125,45.125,45.125,0.0
2023-09-21 10:35:00-0400,45.125,45.125,45.125,45.125,0.0
2023-09-21 10:40:00-0400,45.125,45.125,45.125,45.125,0.0
2023-09-21 10:45:00-0400,45.125,45.125,45.125,45.125,0.0
2023-09-21 10:50:00-0400,45.125,45.125,45.125,45.125,0.0
2023-09-21 10:55:00-0400,45.125,45.125,45.125,45.125,0.0
2023-09-21 11:00:00-0400,45.125,45.125,45.125,45.125,0.0
2023-09-21 11:05:00-0400,45.125,45.125,45.125,45.125,0.0
2023-09-21 11:10:00-0400,45.125,45.125,45.125,45.125,0.0
2023-09-21 11:15:00-0400,45.125,45.125,45.125,45.125,0.0
2023-09-21 11:20:00-0400,45.125,45.125,45.125,45.125,0.0
2023-09-21 11:25:00-0400,45.125,45.125,45.125,45.125,0.0
2023-09-21 11:30:00-0400,45.125,45.125,45.125,45.125,0.0
2023-09-21 11:35:00-0400,45.125,45.125,45.125,45.125,0.0
2023-09-21 11:40:00-0400,45.125,45.125,45.125,45.125,0.0
2023-09-21 11:45:00-0400,45.125,45.125,45.125,45.125,0.0
2023-09-21 11:50:00-0400,45.125,45.125,45.125,45.125,0.0
2023-09-21 11:55:00-0400,45.125,45.125,45.125,45.125,0.0
2023-09-21 12:00:00-0400,45.125,45.125,44.6,44.6,368.0
2023-09-21 12:05:00-0400,44.6,44.6,44.6,44.6,0.0
2023-09-21 12:10:00-0400,44.6,44.6,44.6,44.6,199.0
2023-09-21 12:15:00-0400,44.6,44.6,44.6,44.6,0.0
2023-09-21 12:20:00-0400,44.6001,44.6001,44.6001,44.6001,200.0
2023-09-21 12:25:00-0400,44.6001,44.6001,44.5002,44.5002,3658.0
2023-09-21 12:30:00-0400,44.5002,44.5002,44.5002,44.5002,0.0
2023-09-21 12:35:00-0400,44.5002,44.5002,44.5002,44.5002,0.0
2023-09-21 12:40:00-0400,44.5002,44.5002,44.5002,44.5002,0.0
2023-09-21 12:45:00-0400,44.5002,44.5002,44.5002,44.5002,0.0
2023-09-21 12:50:00-0400,44.5002,44.5002,44.5002,44.5002,0.0
2023-09-21 12:55:00-0400,44.5002,44.5002,44.5002,44.5002,0.0
2023-09-21 13:00:00-0400,44.5002,44.5002,44.5002,44.5002,0.0
2023-09-21 13:05:00-0400,44.5002,44.5002,44.5002,44.5002,0.0
2023-09-21 13:10:00-0400,44.5002,44.5002,44.5002,44.5002,0.0
2023-09-21 13:15:00-0400,44.5002,44.56,44.5002,44.56,400.0
2023-09-21 13:20:00-0400,44.56,44.56,44.56,44.56,0.0
2023-09-21 13:25:00-0400,44.56,44.56,44.51,44.56,2334.0
2023-09-21 13:30:00-0400,44.56,44.56,44.48,44.52,157519.0
2023-09-21 13:35:00-0400,44.53,44.54,44.4984,44.52,249315.0
2023-09-21 13:40:00-0400,44.515,44.535,44.46,44.4703,170615.0
2023-09-21 13:45:00-0400,44.47,44.48,44.45,44.465,55119.0
2023-09-21 13:50:00-0400,44.465,44.48,44.4404,44.45,130158.0
2023-09-21 13:55:00-0400,44.45,44.46,44.43,44.43,84959.0
2023-09-21 14:00:00-0400,44.435,44.48,44.425,44.475,375336.0
2023-09-21 14:05:00-0400,44.475,44.48,44.455,44.465,106786.0
2023-09-21 14:10:00-0400,44.465,44.5065,44.4625,44.505,67173.0
2023-09-21 14:15:00-0400,44.5,44.51,44.49,44.51,36101.0
2023-09-21 14:20:00-0400,44.51,44.535,44.505,44.535,109026.0
2023-09-21 14:25:00-0400,44.535,44.545,44.52,44.52,47427.0
2023-09-21 14:30:00-0400,44.52,44.53,44.5125,44.5125,42148.0
2023-09-21 14:35:00-0400,44.515,44.54,44.51,44.535,37635.0
2023-09-21 14:40:00-0400,44.535,44.555,44.53,44.545,56182.0
2023-09-21 14:45:00-0400,44.545,44.555,44.51,44.51,25473.0
2023-09-21 14:50:00-0400,44.515,44.52,44.495,44.495,23001.0
2023-09-21 14:55:00-0400,44.49,44.505,44.48,44.5,56568.0
2023-09-21 15:00:00-0400,44.495,44.51,44.48,44.48,41984.0
2023-09-21 15:05:00-0400,44.48,44.505,44.48,44.505,23204.0
2023-09-21 15:10:00-0400,44.505,44.515,44.5,44.505,16627.0
2023-09-21 15:15:00-0400,44.505,44.515,44.4828,44.485,48967.0
2023-09-21 15:20:00-0400,44.485,44.5,44.485,44.5,15595.0
2023-09-21 15:25:00-0400,44.5,44.5,44.48,44.485,25988.0
2023-09-21 15:30:00-0400,44.485,44.49,44.46,44.4701,56960.0
2023-09-21 15:35:00-0400,44.48,44.5099,44.48,44.5,32680.0
2023-09-21 15:40:00-0400,44.5,44.505,44.48,44.48,23692.0
2023-09-21 15:45:00-0400,44.485,44.49,44.47,44.49,53093.0
2023-09-21 15:50:00-0400,44.49,44.51,44.485,44.505,31272.0
2023-09-21 15:55:00-0400,44.51,44.51,44.495,44.4996,52218.0
2023-09-21 16:00:00-0400,44.4999,44.5,44.485,44.485,42802.0
2023-09-22 09:35:00-0400,44.485,44.485,44.485,44.485,0.0
2023-09-22 09:40:00-0400,44.485,44.485,44.485,44.485,0.0
2023-09-22 09:45:00-0400,44.485,44.485,44.485,44.485,0.0
2023-09-22 09:50:00-0400,44.485,44.485,44.485,44.485,0.0
2023-09-22 09:55:00-0400,44.485,44.485,44.485,44.485,0.0
2023-09-22 10:00:00-0400,44.485,44.485,44.485,44.485,0.0
2023-09-22 10:05:00-0400,44.485,44.485,44.485,44.485,0.0
2023-09-22 10:10:00-0400,44.485,44.485,44.485,44.485,0.0
2023-09-22 10:15:00-0400,44.485,44.485,44.485,44.485,0.0
2023-09-22 10:20:00-0400,44.485,44.485,44.485,44.485,0.0
2023-09-22 10:25:00-0400,44.485,44.485,44.485,44.485,0.0
2023-09-22 10:30:00-0400,44.485,44.485,44.485,44.485,0.0
2023-09-22 10:35:00-0400,44.485,44.485,44.485,44.485,0.0
2023-09-22 10:40:00-0400,44.485,44.485,44.485,44.485,0.0
2023-09-22 10:45:00-0400,44.485,44.485,44.485,44.485,0.0
2023-09-22 10:50:00-0400,44.485,44.485,44.485,44.485,0.0
2023-09-22 10:55:00-0400,44.485,44.485,44.485,44.485,0.0
2023-09-22 11:00:00-0400,44.485,44.485,44.485,44.485,0.0
2023-09-22 11:05:00-0400,44.485,44.485,44.485,44.485,0.0
2023-09-22 11:10:00-0400,44.485,44.485,44.485,44.485,0.0
2023-09-22 11:15:00-0400,44.485,44.485,44.485,44.485,0.0
2023-09-22 11:20:00-0400,44.485,44.485,44.485,44.485,0.0
2023-09-22 11:25:00-0400,44.485,44.485,44.485,44.485,0.0
2023-09-22 11:30:00-0400,44.485,44.485,44.485,44.485,0.0
2023-09-22 11:35:00-0400,44.485,44.485,44.485,44.485,0.0
2023-09-22 11:40:00-0400,44.485,44.485,44.485,44.485,0.0
2023-09-22 11:45:00-0400,44.485,44.485,44.485,44.485,0.0
2023-09-22 11:50:00-0400,44.485,44.485,44.485,44.485,0.0
2023-09-22 11:55:00-0400,44.485,44.485,44.485,44.485,0.0
2023-09-22 12:00:00-0400,44.485,44.485,44.485,44.485,0.0
2023-09-22 12:05:00-0400,44.485,44.485,44.485,44.485,0.0
2023-09-22 12:10:00-0400,44.485,44.485,44.485,44.485,0.0
2023-09-22 12:15:00-0400,44.485,44.485,44.485,44.485,0.0
2023-09-22 12:20:00-0400,44.485,44.485,44.485,44.485,0.0
2023-09-22 12:25:00-0400,44.485,44.485,44.485,44.485,0.0
2023-09-22 12:30:00-0400,44.58,44.58,44.58,44.58,2510.0
2023-09-22 12:35:00-0400,44.58,44.58,44.58,44.58,0.0
2023-09-22 12:40:00-0400,44.58,44.58,44.58,44.58,0.0
2023-09-22 12:45:00-0400,44.58,44.58,44.58,44.58,0.0
2023-09-22 12:50:00-0400,44.58,44.58,44.58,44.58,0.0
2023-09-22 12:55:00-0400,44.58,44.58,44.58,44.58,0.0
2023-09-22 13:00:00-0400,44.58,44.58,44.58,44.58,0.0
2023-09-22 13:05:00-0400,44.58,44.58,44.58,44.58,0.0
2023-09-22 13:10:00-0400,44.58,44.58,44.58,44.58,0.0
2023-09-22 13:15:00-0400,44.58,44.58,44.58,44.58,0.0
2023-09-22 13:20:00-0400,44.58,44.58,44.58,44.58,0.0
2023-09-22 13:25:00-0400,44.58,44.58,44.57,44.57,525.0
2023-09-22 13:30:00-0400,44.57,44.68,44.57,44.62,43486.0
2023-09-22 13:35:00-0400,44.62,44.64,44.6001,44.615,90653.0
2023-09-22 13:40:00-0400,44.62,44.63,44.59,44.595,43466.0
2023-09-22 13:45:00-0400,44.59,44.6,44.565,44.59,47495.0
2023-09-22 13:50:00-0400,44.585,44.6,44.57,44.575,36136.0
2023-09-22 13:55:00-0400,44.575,44.575,44.5519,44.57,33207.0
2023-09-22 14:00:00-0400,44.58,44.615,44.575,44.605,58166.0
2023-09-22 14:05:00-0400,44.605,44.645,44.605,44.645,17005.0
2023-09-22 14:10:00-0400,44.65,44.67,44.635,44.635,33048.0
2023-09-22 14:15:00-0400,44.635,44.635,44.58,44.595,48747.0
2023-09-22 14:20:00-0400,44.59,44.61,44.575,44.6,34211.0
2023-09-22 14:25:00-0400,44.6,44.62,44.6,44.615,41596.0
2023-09-22 14:30:00-0400,44.615,44.62,44.595,44.615,74297.0
2023-09-22 14:35:00-0400,44.62,44.635,44.61,44.635,34405.0
2023-09-22 14:40:00-0400,44.6391,44.645,44.63,44.64,28679.0
2023-09-22 14:45:00-0400,44.63,44.63,44.5813,44.5898,56402.0
2023-09-22 14:50:00-0400,44.585,44.59,44.565,44.57,70420.0
2023-09-22 14:55:00-0400,44.58,44.595,44.57,44.595,47969.0
2023-09-22 15:00:00-0400,44.591,44.5962,44.565,44.565,25809.0
2023-09-22 15:05:00-0400,44.565,44.57,44.56,44.56,23446.0
2023-09-22 15:10:00-0400,44.5601,44.565,44.51,44.52,23622.0
2023-09-22 15:15:00-0400,44.51,44.54,44.51,44.53,16512.0
2023-09-22 15:20:00-0400,44.53,44.54,44.52,44.53,23257.0
2023-09-22 15:25:00-0400,44.53,44.535,44.525,44.535,13060.0
2023-09-22 15:30:00-0400,44.535,44.55,44.535,44.55,14436.0
2023-09-22 15:35:00-0400,44.55,44.55,44.5447,44.545,5505.0
2023-09-22 15:40:00-0400,44.545,44.56,44.545,44.56,25167.0
2023-09-22 15:45:00-0400,44.56,44.56,44.55,44.5553,13641.0
2023-09-22 15:50:00-0400,44.555,44.555,44.545,44.55,19689.0
2023-09-22 15:55:00-0400,44.55,44.55,44.53,44.535,10558.0
2023-09-22 16:00:00-0400,44.535,44.535,44.515,44.5165,12497.0
2023-09-25 09:35:00-0400,44.5165,44.5165,44.5165,44.5165,0.0
2023-09-25 09:40:00-0400,44.5165,44.5165,44.5165,44.5165,0.0
2023-09-25 09:45:00-0400,44.5165,44.5165,44.5165,44.5165,0.0
2023-09-25 09:50:00-0400,44.5165,44.5165,44.5165,44.5165,0.0
2023-09-25 09:55:00-0400,44.5165,44.5165,44.5165,44.5165,0.0
2023-09-25 10:00:00-0400,44.5165,44.5165,44.5165,44.5165,0.0
2023-09-25 10:05:00-0400,44.5165,44.5165,44.5165,44.5165,0.0
2023-09-25 10:10:00-0400,44.5165,44.5165,44.5165,44.5165,0.0
2023-09-25 10:15:00-0400,44.5165,44.5165,44.5165,44.5165,0.0
2023-09-25 10:20:00-0400,44.5165,44.5165,44.5165,44.5165,0.0
2023-09-25 10:25:00-0400,44.5165,44.5165,44.5165,44.5165,0.0
2023-09-25 10:30:00-0400,44.5165,44.5165,44.5165,44.5165,0.0
2023-09-25 10:35:00-0400,44.5165,44.5165,44.5165,44.5165,0.0
2023-09-25 10:40:00-0400,44.5165,44.5165,44.5165,44.5165,0.0
2023-09-25 10:45:00-0400,44.5165,44.5165,44.5165,44.5165,0.0
2023-09-25 10:50:00-0400,44.5165,44.5165,44.5165,44.5165,0.0
2023-09-25 10:55:00-0400,44.5165,44.5165,44.5165,44.5165,0.0
2023-09-25 11:00:00-0400,44.5165,44.5165,44.5165,44.5165,0.0
2023-09-25 11:05:00-0400,44.5165,44.5165,44.5165,44.5165,0.0
2023-09-25 11:10:00-0400,44.5165,44.5165,44.5165,44.5165,0.0
2023-09-25 11:15:00-0400,44.5165,44.5165,44.5165,44.5165,0.0
2023-09-25 11:20:00-0400,44.5165,44.5165,44.5165,44.5165,0.0
2023-09-25 11:25:00-0400,44.5165,44.5165,44.5165,44.5165,0.0
2023-09-25 11:30:00-0400,44.5165,44.5165,44.5165,44.5165,0.0
2023-09-25 11:35:00-0400,44.5165,44.5165,44.5165,44.5165,0.0
2023-09-25 11:40:00-0400,44.5165,44.5165,44.5165,44.5165,0.0
2023-09-25 11:45:00-0400,44.5165,44.5165,44.5165,44.5165,0.0
2023-09-25 11:50:00-0400,44.5165,44.5165,44.5165,44.5165,0.0
2023-09-25 11:55:00-0400,44.5165,44.5165,44.5165,44.5165,0.0
2023-09-25 12:00:00-0400,44.5165,44.5165,44.5165,44.5165,0.0
2023-09-25 12:05:00-0400,44.5165,44.5165,44.5165,44.5165,0.0
2023-09-25 12:10:00-0400,44.5165,44.5165,44.5165,44.5165,0.0
2023-09-25 12:15:00-0400,44.5165,44.5165,44.5165,44.5165,0.0
2023-09-25 12:20:00-0400,44.5165,44.5165,44.5,44.5,504.0
2023-09-25 12:25:00-0400,44.5,44.5,44.5,44.5,0.0
2023-09-25 12:30:00-0400,44.5,44.5,44.5,44.5,0.0
2023-09-25 12:35:00-0400,44.5,44.5,44.5,44.5,0.0
2023-09-25 12:40:00-0400,44.5,44.5,44.5,44.5,0.0
2023-09-25 12:45:00-0400,44.5,44.5,44.5,44.5,0.0
2023-09-25 12:50:00-0400,44.5,44.5,44.5,44.5,0.0
2023-09-25 12:55:00-0400,44.5,44.5,44.5,44.5,0.0
2023-09-25 13:00:00-0400,44.5,44.5,44.5,44.5,0.0
2023-09-25 13:05:00-0400,44.5,44.5,44.5,44.5,0.0
2023-09-25 13:10:00-0400,44.5,44.5,44.5,44.5,0.0
2023-09-25 13:15:00-0400,44.5,44.5,44.5,44.5,0.0
2023-09-25 13:20:00-0400,44.5,44.5,44.5,44.5,0.0
2023-09-25 13:25:00-0400,44.5,44.5,44.5,44.5,0.0
2023-09-25 13:30:00-0400,44.5,44.52,44.495,44.5183,13445.0
2023-09-25 13:35:00-0400,44.51,44.53,44.47,44.495,99436.0
2023-09-25 13:40:00-0400,44.495,44.52,44.47,44.52,48170.0
2023-09-25 13:45:00-0400,44.515,44.52,44.485,44.49,59611.0
2023-09-25 13:50:00-0400,44.5,44.5371,44.5,44.5371,15488.0
2023-09-25 13:55:00-0400,44.535,44.57,44.535,44.57,60958.0
2023-09-25 14:00:00-0400,44.565,44.57,44.555,44.57,37305.0
2023-09-25 14:05:00-0400,44.565,44.5699,44.53,44.545,28165.0
2023-09-25 14:10:00-0400,44.545,44.55,44.52,44.54,19837.0
2023-09-25 14:15:00-0400,44.545,44.555,44.54,44.54,24089.0
2023-09-25 14:20:00-0400,44.55,44.555,44.52,44.5299,25492.0
2023-09-25 14:25:00-0400,44.52,44.52,44.48,44.49,26637.0
2023-09-25 14:30:00-0400,44.49,44.5,44.4801,44.495,22227.0
2023-09-25 14:35:00-0400,44.495,44.52,44.495,44.52,28084.0
2023-09-25 14:40:00-0400,44.52,44.53,44.51,44.51,31239.0
2023-09-25 14:45:00-0400,44.51,44.53,44.5,44.525,23787.0
2023-09-25 14:50:00-0400,44.52,44.525,44.5,44.5,34390.0
2023-09-25 14:55:00-0400,44.5,44.51,44.495,44.51,41631.0
2023-09-25 15:00:00-0400,44.51,44.53,44.51,44.53,8989.0
2023-09-25 15:05:00-0400,44.525,44.535,44.52,44.535,7981.0
2023-09-25 15:10:00-0400,44.54,44.575,44.535,44.57,78499.0
2023-09-25 15:15:00-0400,44.575,44.59,44.57,44.59,18355.0
2023-09-25 15:20:00-0400,44.59,44.605,44.59,44.59,53019.0
2023-09-25 15:25:00-0400,44.6,44.61,44.59,44.6,11737.0
2023-09-25 15:30:00-0400,44.6,44.61,44.585,44.595,37997.0
2023-09-25 15:35:00-0400,44.59,44.5937,44.585,44.59,14235.0
2023-09-25 15:40:00-0400,44.59,44.59,44.565,44.565,12636.0
2023-09-25 15:45:00-0400,44.5603,44.59,44.5603,44.59,14685.0
2023-09-25 15:50:00-0400,44.59,44.615,44.59,44.615,30105.0
2023-09-25 15:55:00-0400,44.62,44.6252,44.6121,44.6252,21165.0
2023-09-25 16:00:00-0400,44.62,44.62,44.615,44.615,7943.0
2023-09-26 09:35:00-0400,44.615,44.615,44.615,44.615,0.0
2023-09-26 09:40:00-0400,44.615,44.615,44.615,44.615,0.0
2023-09-26 09:45:00-0400,44.615,44.615,44.615,44.615,0.0
2023-09-26 09:50:00-0400,44.615,44.615,44.615,44.615,0.0
2023-09-26 09:55:00-0400,44.615,44.615,44.615,44.615,0.0
2023-09-26 10:00:00-0400,44.615,44.615,44.615,44.615,0.0
2023-09-26 10:05:00-0400,44.615,44.615,44.615,44.615,0.0
2023-09-26 10:10:00-0400,44.615,44.615,44.615,44.615,0.0
2023-09-26 10:15:00-0400,44.615,44.615,44.615,44.615,0.0
2023-09-26 10:20:00-0400,44.615,44.615,44.615,44.615,0.0
2023-09-26 10:25:00-0400,44.615,44.615,44.615,44.615,0.0
2023-09-26 10:30:00-0400,44.615,44.615,44.615,44.615,0.0
2023-09-26 10:35:00-0400,44.615,44.615,44.615,44.615,0.0
2023-09-26 10:40:00-0400,44.615,44.615,44.615,44.615,0.0
2023-09-26 10:45:00-0400,44.615,44.615,44.615,44.615,0.0
2023-09-26 10:50:00-0400,44.615,44.615,44.615,44.615,0.0
2023-09-26 10:55:00-0400,44.615,44.615,44.615,44.615,0.0
2023-09-26 11:00:00-0400,44.615,44.615,44.615,44.615,0.0
2023-09-26 11:05:00-0400,44.615,44.615,44.615,44.615,0.0
2023-09-26 11:10:00-0400,44.615,44.615,44.615,44.615,0.0
2023-09-26 11:15:00-0400,44.615,44.615,44.615,44.615,0.0
2023-09-26 11:20:00-0400,44.615,44.615,44.615,44.615,0.0
2023-09-26 11:25:00-0400,44.615,44.615,44.615,44.615,0.0
2023-09-26 11:30:00-0400,44.615,44.615,44.615,44.615,0.0
2023-09-26 11:35:00-0400,44.615,44.615,44.615,44.615,0.0
2023-09-26 11:40:00-0400,44.615,44.615,44.615,44.615,0.0
2023-09-26 11:45:00-0400,44.615,44.615,44.615,44.615,0.0
2023-09-26 11:50:00-0400,44.615,44.615,44.615,44.615,0.0
2023-09-26 11:55:00-0400,44.615,44.615,44.615,44.615,0.0
2023-09-26 12:00:00-0400,44.615,44.615,44.615,44.615,0.0
2023-09-26 12:05:00-0400,44.615,44.615,44.615,44.615,0.0
2023-09-26 12:10:00-0400,44.615,44.615,44.47,44.47,100.0
2023-09-26 12:15:00-0400,44.47,44.47,44.47,44.47,0.0
2023-09-26 12:20:00-0400,44.47,44.47,44.47,44.47,0.0
2023-09-26 12:25:00-0400,44.47,44.47,44.47,44.47,0.0
2023-09-26 12:30:00-0400,44.47,44.47,44.47,44.47,0.0
2023-09-26 12:35:00-0400,44.47,44.47,44.47,44.47,0.0
2023-09-26 12:40:00-0400,44.47,44.47,44.47,44.47,0.0
2023-09-26 12:45:00-0400,44.47,44.47,44.47,44.47,0.0
2023-09-26 12:50:00-0400,44.47,44.47,44.47,44.47,0.0
2023-09-26 12:55:00-0400,44.47,44.47,44.47,44.47,0.0
2023-09-26 13:00:00-0400,44.47,44.47,44.47,44.47,0.0
2023-09-26 13:05:00-0400,44.47,44.47,44.47,44.47,0.0
2023-09-26 13:10:00-0400,44.47,44.47,44.47,44.47,0.0
2023-09-26 13:15:00-0400,44.47,44.47,44.47,44.47,0.0
2023-09-26 13:20:00-0400,44.47,44.47,44.47,44.47,0.0
2023-09-26 13:25:00-0400,44.47,44.47,44.47,44.47,0.0
2023-09-26 13:30:00-0400,44.47,44.5,44.47,44.48,8117.0
2023-09-26 13:35:00-0400,44.47,44.47,44.42,44.45,57720.0
2023-09-26 13:40:00-0400,44.445,44.465,44.441,44.45,74273.0
2023-09-26 13:45:00-0400,44.445,44.49,44.445,44.48,44253.0
2023-09-26 13:50:00-0400,44.48,44.49,44.44,44.44,52545.0
2023-09-26 13:55:00-0400,44.445,44.455,44.44,44.45,16098.0
2023-09-26 14:00:00-0400,44.455,44.47,44.445,44.465,36632.0
2023-09-26 14:05:00-0400,44.46,44.47,44.44,44.45,54340.0
2023-09-26 14:10:00-0400,44.46,44.46,44.43,44.435,19469.0
2023-09-26 14:15:00-0400,44.435,44.445,44.4101,44.42,83452.0
2023-09-26 14:20:00-0400,44.425,44.4275,44.4,44.405,84236.0
2023-09-26 14:25:00-0400,44.41,44.425,44.405,44.415,22830.0
2023-09-26 14:30:00-0400,44.415,44.435,44.405,44.435,17398.0
2023-09-26 14:35:00-0400,44.435,44.45,44.42,44.42,60242.0
2023-09-26 14:40:00-0400,44.42,44.435,44.42,44.435,25531.0
2023-09-26 14:45:00-0400,44.435,44.46,44.43,44.46,37171.0
2023-09-26 14:50:00-0400,44.45,44.455,44.425,44.425,20752.0
2023-09-26 14:55:00-0400,44.42,44.4269,44.4141,44.425,27567.0
2023-09-26 15:00:00-0400,44.425,44.435,44.415,44.43,37468.0
2023-09-26 15:05:00-0400,44.425,44.43,44.4149,44.415,36712.0
2023-09-26 15:10:00-0400,44.41,44.4191,44.4,44.405,17971.0
2023-09-26 15:15:00-0400,44.4047,44.415,44.4,44.405,23100.0
2023-09-26 15:20:00-0400,44.4,44.405,44.39,44.395,23137.0
2023-09-26 15:25:00-0400,44.395,44.4,44.38,44.385,12235.0
2023-09-26 15:30:00-0400,44.385,44.385,44.35,44.365,39520.0
2023-09-26 15:35:00-0400,44.3654,44.38,44.36,44.38,15459.0
2023-09-26 15:40:00-0400,44.38,44.3899,44.37,44.375,34307.0
2023-09-26 15:45:00-0400,44.375,44.375,44.36,44.365,41562.0
2023-09-26 15:50:00-0400,44.365,44.37,44.35,44.36,111155.0
2023-09-26 15:55:00-0400,44.365,44.37,44.35,44.35,20839.0
2023-09-26 16:00:00-0400,44.35,44.37,44.35,44.365,9800.0
2023-09-27 09:35:00-0400,44.365,44.365,44.365,44.365,0.0
2023-09-27 09:40:00-0400,44.365,44.365,44.365,44.365,0.0
2023-09-27 09:45:00-0400,44.365,44.365,44.365,44.365,0.0
2023-09-27 09:50:00-0400,44.365,44.365,44.365,44.365,0.0
2023-09-27 09:55:00-0400,44.365,44.365,44.365,44.365,0.0
2023-09-27 10:00:00-0400,44.365,44.365,44.365,44.365,0.0
2023-09-27 10:05:00-0400,44.365,44.365,44.365,44.365,0.0
2023-09-27 10:10:00-0400,44.365,44.365,44.365,44.365,0.0
2023-09-27 10:15:00-0400,44.365,44.365,44.365,44.365,0.0
2023-09-27 10:20:00-0400,44.365,44.365,44.365,44.365,0.0
2023-09-27 10:25:00-0400,44.365,44.365,44.365,44.365,0.0
2023-09-27 10:30:00-0400,44.365,44.365,44.365,44.365,0.0
2023-09-27 10:35:00-0400,44.365,44.365,44.365,44.365,0.0
2023-09-27 10:40:00-0400,44.365,44.365,44.365,44.365,0.0
2023-09-27 10:45:00-0400,44.365,44.365,44.365,44.365,0.0
2023-09-27 10:50:00-0400,44.365,44.365,44.365,44.365,0.0
2023-09-27 10:55:00-0400,44.365,44.365,44.365,44.365,0.0
2023-09-27 11:00:00-0400,44.365,44.365,44.365,44.365,0.0
2023-09-27 11:05:00-0400,44.365,44.365,44.365,44.365,0.0
2023-09-27 11:10:00-0400,44.365,44.365,44.365,44.365,0.0
2023-09-27 11:15:00-0400,44.365,44.365,44.365,44.365,0.0
2023-09-27 11:20:00-0400,44.365,44.365,44.365,44.365,0.0
2023-09-27 11:25:00-0400,44.365,44.365,44.365,44.365,0.0
2023-09-27 11:30:00-0400,44.365,44.365,44.365,44.365,0.0
2023-09-27 11:35:00-0400,44.365,44.365,44.365,44.365,0.0
2023-09-27 11:40:00-0400,44.365,44.365,44.365,44.365,0.0
2023-09-27 11:45:00-0400,44.365,44.365,44.365,44.365,0.0
2023-09-27 11:50:00-0400,44.365,44.365,44.365,44.365,0.0
2023-09-27 11:55:00-0400,44.365,44.365,44.365,44.365,0.0
2023-09-27 12:00:00-0400,44.365,44.365,44.365,44.365,0.0
2023-09-27 12:05:00-0400,44.365,44.365,44.365,44.365,0.0
2023-09-27 12:10:00-0400,44.365,44.365,44.365,44.365,0.0
2023-09-27 12:15:00-0400,44.365,44.365,44.365,44.365,0.0
2023-09-27 12:20:00-0400,44.365,44.365,44.365,44.365,0.0
2023-09-27 12:25:00-0400,44.365,44.365,44.365,44.365,0.0
2023-09-27 12:30:00-0400,44.365,44.365,44.365,44.365,0.0
2023-09-27 12:35:00-0400,44.365,44.365,44.365,44.365,0.0
2023-09-27 12:40:00-0400,44.365,44.365,44.365,44.365,0.0
2023-09-27 12:45:00-0400,44.365,44.365,44.365,44.365,0.0
2023-09-27 12:50:00-0400,44.365,44.365,44.365,44.365,0.0
2023-09-27 12:55:00-0400,44.365,44.365,44.365,44.365,0.0
2023-09-27 13:00:00-0400,44.365,44.365,44.365,44.365,0.0
2023-09-27 13:05:00-0400,44.66,44.66,44.66,44.66,1301.0
2023-09-27 13:10:00-0400,44.66,44.66,44.66,44.66,0.0
2023-09-27 13:15:00-0400,44.66,44.66,44.66,44.66,0.0
2023-09-27 13:20:00-0400,44.66,44.7,44.66,44.7,646.0
2023-09-27 13:25:00-0400,44.7,44.7,44.7,44.7,0.0
2023-09-27 13:30:00-0400,44.7,44.83,44.66,44.66,270310.0
2023-09-27 13:35:00-0400,44.66,44.675,44.66,44.675,111155.0
2023-09-27 13:40:00-0400,44.67,44.68,44.66,44.66,179259.0
2023-09-27 13:45:00-0400,44.6501,44.685,44.645,44.665,91577.0
2023-09-27 13:50:00-0400,44.665,44.67,44.63,44.63,88253.0
2023-09-27 13:55:00-0400,44.63,44.64,44.625,44.63,46932.0
2023-09-27 14:00:00-0400,44.6301,44.65,44.63,44.645,50087.0
2023-09-27 14:05:00-0400,44.645,44.65,44.62,44.625,67960.0
2023-09-27 14:10:00-0400,44.62,44.625,44.61,44.61,63928.0
2023-09-27 14:15:00-0400,44.615,44.615,44.585,44.6,60671.0
2023-09-27 14:20:00-0400,44.5975,44.6,44.585,44.595,51669.0
2023-09-27 14:25:00-0400,44.595,44.7,44.59,44.63,276508.0
2023-09-27 14:30:00-0400,44.63,44.635,44.61,44.615,54789.0
2023-09-27 14:35:00-0400,44.615,44.63,44.605,44.62,69225.0
2023-09-27 14:40:00-0400,44.61,44.615,44.584,44.589,43016.0
2023-09-27 14:45:00-0400,44.585,44.6,44.58,44.588,63202.0
2023-09-27 14:50:00-0400,44.5874,44.6,44.585,44.585,43218.0
2023-09-27 14:55:00-0400,44.585,44.585,44.56,44.565,31148.0
2023-09-27 15:00:00-0400,44.57,44.575,44.56,44.575,24607.0
2023-09-27 15:05:00-0400,44.58,44.61,44.58,44.605,542609.0
2023-09-27 15:10:00-0400,44.605,44.63,44.6,44.625,120262.0
2023-09-27 15:15:00-0400,44.625,44.63,44.605,44.605,92977.0
2023-09-27 15:20:00-0400,44.605,44.62,44.605,44.615,30109.0
2023-09-27 15:25:00-0400,44.61,44.62,44.6,44.605,49519.0
2023-09-27 15:30:00-0400,44.605,44.615,44.6,44.61,57637.0
2023-09-27 15:35:00-0400,44.615,44.62,44.605,44.615,29174.0
2023-09-27 15:40:00-0400,44.615,44.62,44.6,44.605,34344.0
2023-09-27 15:45:00-0400,44.6,44.61,44.6,44.605,138024.0
2023-09-27 15:50:00-0400,44.609,44.609,44.57,44.585,103821.0
2023-09-27 15:55:00-0400,44.585,44.585,44.57,44.58,34167.0
2023-09-27 16:00:00-0400,44.58,44.595,44.58,44.59,17006.0
2023-09-28 09:35:00-0400,44.59,44.59,44.59,44.59,0.0
2023-09-28 09:40:00-0400,44.22,44.24,44.2,44.2,1803.0
2023-09-28 09:45:00-0400,44.2,44.2,44.2,44.2,0.0
2023-09-28 09:50:00-0400,44.2,44.2,44.2,44.2,0.0
2023-09-28 09:55:00-0400,44.2,44.2,44.2,44.2,0.0
2023-09-28 10:00:00-0400,44.2,44.2,44.11,44.11,5000.0
2023-09-28 10:05:00-0400,44.11,44.11,44.11,44.11,0.0
2023-09-28 10:10:00-0400,44.11,44.11,44.11,44.11,0.0
2023-09-28 10:15:00-0400,44.11,44.11,44.11,44.11,0.0
2023-09-28 10:20:00-0400,44.11,44.11,44.11,44.11,0.0
2023-09-28 10:25:00-0400,44.11,44.11,44.11,44.11,0.0
2023-09-28 10:30:00-0400,44.11,44.11,44.11,44.11,0.0
2023-09-28 10:35:00-0400,44.11,44.11,44.11,44.11,0.0
2023-09-28 10:40:00-0400,44.11,44.11,44.11,44.11,0.0
2023-09-28 10:45:00-0400,44.11,44.11,44.11,44.11,0.0
2023-09-28 10:50:00-0400,44.11,44.11,44.11,44.11,0.0
2023-09-28 10:55:00-0400,44.11,44.11,44.11,44.11,0.0
2023-09-28 11:00:00-0400,44.11,44.21,44.11,44.19,292.0
2023-09-28 11:05:00-0400,44.19,44.19,44.19,44.19,0.0
2023-09-28 11:10:00-0400,44.19,44.19,44.19,44.19,0.0
2023-09-28 11:15:00-0400,44.19,44.19,44.19,44.19,0.0
2023-09-28 11:20:00-0400,44.19,44.19,44.19,44.19,0.0
2023-09-28 11:25:00-0400,44.19,44.19,44.19,44.19,0.0
2023-09-28 11:30:00-0400,44.19,44.19,44.19,44.19,0.0
2023-09-28 11:35:00-0400,44.19,44.19,44.19,44.19,0.0
2023-09-28 11:40:00-0400,44.19,44.19,44.19,44.19,0.0
2023-09-28 11:45:00-0400,44.19,44.19,44.19,44.19,0.0
2023-09-28 11:50:00-0400,44.19,44.19,44.19,44.19,0.0
2023-09-28 11:55:00-0400,44.19,44.19,44.19,44.19,0.0
2023-09-28 12:00:00-0400,44.19,44.19,44.19,44.19,0.0
2023-09-28 12:05:00-0400,44.19,44.19,44.19,44.19,0.0
2023-09-28 12:10:00-0400,44.19,44.19,44.19,44.19,0.0
2023-09-28 12:15:00-0400,44.19,44.19,44.19,44.19,0.0
2023-09-28 12:20:00-0400,44.19,44.19,44.19,44.19,0.0
2023-09-28 12:25:00-0400,44.19,44.19,44.19,44.19,0.0
2023-09-28 12:30:00-0400,44.19,44.19,44.17,44.17,100.0
2023-09-28 12:35:00-0400,44.17,44.17,44.17,44.17,0.0
2023-09-28 12:40:00-0400,44.17,44.17,44.17,44.17,0.0
2023-09-28 12:45:00-0400,44.17,44.17,44.15,44.15,634.0
2023-09-28 12:50:00-0400,44.15,44.15,44.15,44.15,437.0
2023-09-28 12:55:00-0400,44.15,44.15,44.15,44.15,0.0
2023-09-28 13:00:00-0400,44.15,44.15,44.15,44.15,0.0
2023-09-28 13:05:00-0400,44.15,44.15,44.13,44.13,200.0
2023-09-28 13:10:00-0400,44.13,44.13,44.13,44.13,523.0
2023-09-28 13:15:00-0400,44.13,44.13,44.13,44.13,0.0
2023-09-28 13:20:00-0400,44.13,44.13,44.13,44.13,0.0
2023-09-28 13:25:00-0400,44.13,44.7,44.13,44.7,55609.0
2023-09-28 13:30:00-0400,44.7,44.7,44.12,44.125,127428.0
2023-09-28 13:35:00-0400,44.12,44.22,44.12,44.195,185642.0
2023-09-28 13:40:00-0400,44.19,44.19,44.13,44.15,49322.0
2023-09-28 13:45:00-0400,44.16,44.16,44.115,44.13,76997.0
2023-09-28 13:50:00-0400,44.135,44.14,44.102,44.12,57565.0
2023-09-28 13:55:00-0400,44.13,44.14,44.12,44.14,52919.0
2023-09-28 14:00:00-0400,44.145,44.16,44.125,44.155,62403.0
2023-09-28 14:05:00-0400,44.15,44.165,44.15,44.16,78893.0
2023-09-28 14:10:00-0400,44.16,44.185,44.16,44.175,64636.0
2023-09-28 14:15:00-0400,44.18,44.18,44.15,44.15,48268.0
2023-09-28 14:20:00-0400,44.15,44.175,44.13,44.175,258800.0
2023-09-28 14:25:00-0400,44.17,44.175,44.15,44.16,85669.0
2023-09-28 14:30:00-0400,44.155,44.155,44.135,44.135,38017.0
2023-09-28 14:35:00-0400,44.13,44.135,44.11,44.13,38375.0
2023-09-28 14:40:00-0400,44.13,44.15,44.125,44.15,82408.0
2023-09-28 14:45:00-0400,44.14,44.17,44.1384,44.165,73406.0
2023-09-28 14:50:00-0400,44.165,44.175,44.16,44.17,35564.0
2023-09-28 14:55:00-0400,44.17,44.18,44.165,44.175,97681.0
2023-09-28 15:00:00-0400,44.175,44.19,44.17,44.175,45754.0
2023-09-28 15:05:00-0400,44.17,44.19,44.17,44.185,37930.0
2023-09-28 15:10:00-0400,44.19,44.2,44.18,44.2,25361.0
2023-09-28 15:15:00-0400,44.195,44.1972,44.18,44.19,35400.0
2023-09-28 15:20:00-0400,44.19,44.19,44.175,44.185,23140.0
2023-09-28 15:25:00-0400,44.185,44.215,44.1849,44.21,18422.0
2023-09-28 15:30:00-0400,44.22,44.2351,44.21,44.23,22523.0
2023-09-28 15:35:00-0400,44.23,44.25,44.23,44.24,34085.0
2023-09-28 15:40:00-0400,44.245,44.26,44.24,44.25,97999.0
2023-09-28 15:45:00-0400,44.25,44.27,44.25,44.26,11404.0
2023-09-28 15:50:00-0400,44.27,44.275,44.26,44.27,21837.0
2023-09-28 15:55:00-0400,44.265,44.27,44.25,44.25,49148.0
2023-09-28 16:00:00-0400,44.25,44.25,44.24,44.25,10221.0
2023-09-29 09:35:00-0400,44.25,44.25,44.25,44.25,0.0
2023-09-29 09:40:00-0400,44.25,44.25,44.25,44.25,0.0
2023-09-29 09:45:00-0400,44.25,44.25,44.25,44.25,0.0
2023-09-29 09:50:00-0400,44.25,44.25,44.25,44.25,0.0
2023-09-29 09:55:00-0400,44.25,44.25,44.25,44.25,0.0
2023-09-29 10:00:00-0400,44.25,44.25,44.25,44.25,0.0
2023-09-29 10:05:00-0400,44.25,44.25,44.25,44.25,0.0
2023-09-29 10:10:00-0400,44.25,44.25,44.25,44.25,0.0
2023-09-29 10:15:00-0400,44.25,44.25,44.25,44.25,0.0
2023-09-29 10:20:00-0400,44.25,44.25,44.25,44.25,0.0
2023-09-29 10:25:00-0400,44.25,44.25,44.25,44.25,0.0
2023-09-29 10:30:00-0400,44.25,44.25,44.25,44.25,0.0
2023-09-29 10:35:00-0400,44.25,44.25,44.25,44.25,0.0
2023-09-29 10:40:00-0400,44.25,44.25,44.25,44.25,0.0
2023-09-29 10:45:00-0400,44.25,44.25,44.25,44.25,0.0
2023-09-29 10:50:00-0400,44.25,44.25,44.25,44.25,0.0
2023-09-29 10:55:00-0400,44.25,44.25,44.25,44.25,0.0
2023-09-29 11:00:00-0400,44.25,44.25,44.25,44.25,0.0
2023-09-29 11:05:00-0400,44.25,44.25,44.25,44.25,0.0
2023-09-29 11:10:00-0400,44.25,44.25,44.25,44.25,0.0
2023-09-29 11:15:00-0400,44.25,44.25,44.25,44.25,0.0
2023-09-29 11:20:00-0400,44.25,44.25,44.25,44.25,0.0
2023-09-29 11:25:00-0400,44.25,44.25,44.25,44.25,0.0
2023-09-29 11:30:00-0400,44.25,44.25,44.25,44.25,0.0
2023-09-29 11:35:00-0400,44.25,44.25,44.25,44.25,0.0
2023-09-29 11:40:00-0400,44.25,44.25,44.25,44.25,0.0
2023-09-29 11:45:00-0400,44.25,44.25,44.25,44.25,0.0
2023-09-29 11:50:00-0400,44.25,44.25,44.25,44.25,0.0
2023-09-29 11:55:00-0400,44.25,44.46,44.25,44.46,2512.0
2023-09-29 12:00:00-0400,44.46,44.46,44.46,44.46,0.0
2023-09-29 12:05:00-0400,44.46,44.46,44.43,44.43,500.0
2023-09-29 12:10:00-0400,44.43,44.43,44.43,44.43,0.0
2023-09-29 12:15:00-0400,44.43,44.43,44.43,44.43,0.0
2023-09-29 12:20:00-0400,44.43,44.43,44.43,44.43,0.0
2023-09-29 12:25:00-0400,44.43,44.43,44.43,44.43,0.0
2023-09-29 12:30:00-0400,44.43,44.43,44.43,44.43,0.0
2023-09-29 12:35:00-0400,44.43,44.43,44.43,44.43,0.0
2023-09-29 12:40:00-0400,44.43,44.43,44.43,44.43,0.0
2023-09-29 12:45:00-0400,44.43,44.5,44.43,44.5,5000.0
2023-09-29 12:50:00-0400,44.5,44.58,44.5,44.58,1200.0
2023-09-29 12:55:00-0400,44.58,44.58,44.58,44.58,0.0
2023-09-29 13:00:00-0400,44.58,44.58,44.52,44.52,400.0
2023-09-29 13:05:00-0400,44.52,44.52,44.5,44.5,400.0
2023-09-29 13:10:00-0400,44.5,44.53,44.5,44.53,100.0
2023-09-29 13:15:00-0400,44.53,44.53,44.53,44.53,0.0
2023-09-29 13:20:00-0400,44.53,44.54,44.53,44.54,300.0
2023-09-29 13:25:00-0400,44.54,44.54,44.54,44.54,0.0
2023-09-29 13:30:00-0400,44.54,44.54,44.46,44.46,44078.0
2023-09-29 13:35:00-0400,44.4601,44.475,44.445,44.47,188396.0
2023-09-29 13:40:00-0400,44.465,44.485,44.455,44.465,60917.0
2023-09-29 13:45:00-0400,44.46,44.49,44.43,44.445,73760.0
2023-09-29 13:50:00-0400,44.44,44.45,44.42,44.425,40067.0
2023-09-29 13:55:00-0400,44.4271,44.465,44.42,44.46,199167.0
2023-09-29 14:00:00-0400,44.455,44.46,44.44,44.4554,39988.0
2023-09-29 14:05:00-0400,44.451,44.46,44.435,44.435,86171.0
2023-09-29 14:10:00-0400,44.435,44.44,44.405,44.425,110554.0
2023-09-29 14:15:00-0400,44.43,44.435,44.405,44.42,57014.0
2023-09-29 14:20:00-0400,44.41,44.41,44.39,44.4,67853.0
2023-09-29 14:25:00-0400,44.41,44.41,44.36,44.365,98517.0
2023-09-29 14:30:00-0400,44.365,44.38,44.355,44.3791,55586.0
2023-09-29 14:35:00-0400,44.375,44.39,44.375,44.38,58027.0
2023-09-29 14:40:00-0400,44.37,44.38,44.365,44.37,54303.0
2023-09-29 14:45:00-0400,44.37,44.395,44.365,44.39,74583.0
2023-09-29 14:50:00-0400,44.4,44.4,44.39,44.4,40001.0
2023-09-29 14:55:00-0400,44.39,44.39,44.32,44.365,1063962.0
2023-09-29 15:00:00-0400,44.365,44.37,44.36,44.365,84880.0
2023-09-29 15:05:00-0400,44.365,44.3685,44.325,44.33,72263.0
2023-09-29 15:10:00-0400,44.33,44.34,44.325,44.335,33637.0
2023-09-29 15:15:00-0400,44.34,44.35,44.33,44.335,37341.0
2023-09-29 15:20:00-0400,44.335,44.35,44.33,44.35,23642.0
2023-09-29 15:25:00-0400,44.35,44.38,44.35,44.38,24296.0
2023-09-29 15:30:00-0400,44.375,44.375,44.325,44.335,139625.0
2023-09-29 15:35:00-0400,44.3309,44.3362,44.305,44.305,29976.0
2023-09-29 15:40:00-0400,44.3099,44.31,44.29,44.295,16069.0
2023-09-29 15:45:00-0400,44.295,44.305,44.285,44.305,42107.0
2023-09-29 15:50:00-0400,44.3095,44.3095,44.285,44.29,19452.0
2023-09-29 15:55:00-0400,44.285,44.3,44.27,44.2961,34851.0
2023-09-29 16:00:00-0400,44.3,44.3087,44.295,44.295,19174.0
2023-10-02 09:35:00-0400,44.295,44.295,44.295,44.295,0.0
2023-10-02 09:40:00-0400,44.295,44.295,44.295,44.295,0.0
2023-10-02 09:45:00-0400,44.295,44.295,44.295,44.295,0.0
2023-10-02 09:50:00-0400,44.295,44.295,44.295,44.295,0.0
2023-10-02 09:55:00-0400,44.295,44.295,44.295,44.295,0.0
2023-10-02 10:00:00-0400,44.295,44.295,44.295,44.295,0.0
2023-10-02 10:05:00-0400,44.295,44.295,44.295,44.295,0.0
2023-10-02 10:10:00-0400,44.295,44.295,44.295,44.295,0.0
2023-10-02 10:15:00-0400,44.295,44.295,44.295,44.295,0.0
2023-10-02 10:20:00-0400,44.295,44.295,44.295,44.295,0.0
2023-10-02 10:25:00-0400,44.295,44.295,44.295,44.295,0.0
2023-10-02 10:30:00-0400,44.295,44.295,44.295,44.295,0.0
2023-10-02 10:35:00-0400,44.295,44.295,44.295,44.295,0.0
2023-10-02 10:40:00-0400,44.295,44.295,44.295,44.295,0.0
2023-10-02 10:45:00-0400,44.295,44.295,44.295,44.295,0.0
2023-10-02 10:50:00-0400,44.295,44.295,44.295,44.295,0.0
2023-10-02 10:55:00-0400,44.295,44.295,44.295,44.295,0.0
2023-10-02 11:00:00-0400,44.295,44.295,44.295,44.295,0.0
2023-10-02 11:05:00-0400,44.295,44.295,44.295,44.295,0.0
2023-10-02 11:10:00-0400,44.295,44.295,44.295,44.295,0.0
2023-10-02 11:15:00-0400,44.295,44.295,44.295,44.295,0.0
2023-10-02 11:20:00-0400,44.295,44.295,44.295,44.295,0.0
2023-10-02 11:25:00-0400,44.295,44.295,44.295,44.295,0.0
2023-10-02 11:30:00-0400,44.295,44.295,44.295,44.295,0.0
2023-10-02 11:35:00-0400,44.295,44.295,44.295,44.295,0.0
2023-10-02 11:40:00-0400,44.295,44.295,44.295,44.295,0.0
2023-10-02 11:45:00-0400,44.295,44.295,44.295,44.295,0.0
2023-10-02 11:50:00-0400,44.295,44.295,44.295,44.295,0.0
2023-10-02 11:55:00-0400,44.295,44.295,44.295,44.295,0.0
2023-10-02 12:00:00-0400,44.295,44.295,44.295,44.295,0.0
2023-10-02 12:05:00-0400,44.295,44.295,44.295,44.295,0.0
2023-10-02 12:10:00-0400,44.295,44.295,44.295,44.295,0.0
2023-10-02 12:15:00-0400,44.295,44.295,44.295,44.295,0.0
2023-10-02 12:20:00-0400,44.295,44.295,44.295,44.295,0.0
2023-10-02 12:25:00-0400,44.295,44.295,44.295,44.295,0.0
2023-10-02 12:30:00-0400,44.295,44.295,44.295,44.295,0.0
2023-10-02 12:35:00-0400,44.295,44.295,44.295,44.295,0.0
2023-10-02 12:40:00-0400,44.295,44.295,44.295,44.295,0.0
2023-10-02 12:45:00-0400,44.295,44.295,44.295,44.295,0.0
2023-10-02 12:50:00-0400,44.295,44.295,44.295,44.295,0.0
2023-10-02 12:55:00-0400,44.295,44.295,44.295,44.295,0.0
2023-10-02 13:00:00-0400,44.295,44.295,44.295,44.295,0.0
2023-10-02 13:05:00-0400,44.295,44.295,44.295,44.295,0.0
2023-10-02 13:10:00-0400,44.295,44.295,44.295,44.295,0.0
2023-10-02 13:15:00-0400,44.295,44.295,44.295,44.295,0.0
2023-10-02 13:20:00-0400,44.295,44.295,44.295,44.295,0.0
2023-10-02 13:25:00-0400,44.295,44.295,44.295,44.295,0.0
2023-10-02 13:30:00-0400,44.295,44.295,44.22,44.27,26827.0
2023-10-02 13:35:00-0400,44.26,44.29,44.18,44.215,86309.0
2023-10-02 13:40:00-0400,44.21,44.21,44.17,44.17,59438.0
2023-10-02 13:45:00-0400,44.17,44.19,44.14,44.145,43733.0
2023-10-02 13:50:00-0400,44.15,44.16,44.115,44.12,108934.0
2023-10-02 13:55:00-0400,44.115,44.16,44.085,44.14,136111.0
2023-10-02 14:00:00-0400,44.145,44.22,44.12,44.19,40029.0
2023-10-02 14:05:00-0400,44.2,44.22,44.155,44.16,41249.0
2023-10-02 14:10:00-0400,44.16,44.16,44.1,44.1,41716.0
2023-10-02 14:15:00-0400,44.11,44.125,44.07,44.1001,61809.0
2023-10-02 14:20:00-0400,44.1043,44.12,44.085,44.1,40854.0
2023-10-02 14:25:00-0400,44.1,44.14,44.085,44.13,32587.0
2023-10-02 14:30:00-0400,44.14,44.145,44.1,44.11,25772.0
2023-10-02 14:35:00-0400,44.101,44.145,44.101,44.13,34560.0
2023-10-02 14:40:00-0400,44.13,44.155,44.11,44.15,45555.0
2023-10-02 14:45:00-0400,44.15,44.17,44.1101,44.17,30053.0
2023-10-02 14:50:00-0400,44.1699,44.18,44.15,44.16,37730.0
2023-10-02 14:55:00-0400,44.155,44.155,44.12,44.12,17072.0
2023-10-02 15:00:00-0400,44.12,44.15,44.105,44.1488,359474.0
2023-10-02 15:05:00-0400,44.155,44.17,44.14,44.155,64451.0
2023-10-02 15:10:00-0400,44.16,44.1699,44.14,44.145,45809.0
2023-10-02 15:15:00-0400,44.15,44.18,44.15,44.18,12875.0
2023-10-02 15:20:00-0400,44.18,44.185,44.17,44.18,57021.0
2023-10-02 15:25:00-0400,44.18,44.2,44.17,44.17,68950.0
2023-10-02 15:30:00-0400,44.17,44.2,44.16,44.2,76141.0
2023-10-02 15:35:00-0400,44.195,44.24,44.195,44.23,64390.0
2023-10-02 15:40:00-0400,44.23,44.23,44.195,44.215,27480.0
2023-10-02 15:45:00-0400,44.215,44.215,44.19,44.19,96719.0
2023-10-02 15:50:00-0400,44.19,44.205,44.18,44.205,212305.0
2023-10-02 15:55:00-0400,44.2,44.225,44.19,44.195,95266.0
2023-10-02 16:00:00-0400,44.195,44.1951,44.18,44.18,51103.0
2023-10-03 09:35:00-0400,44.18,44.18,44.18,44.18,0.0
2023-10-03 09:40:00-0400,44.18,44.18,44.18,44.18,0.0
2023-10-03 09:45:00-0400,44.18,44.18,44.18,44.18,0.0
2023-10-03 09:50:00-0400,44.18,44.18,44.18,44.18,0.0
2023-10-03 09:55:00-0400,44.18,44.18,44.18,44.18,0.0
2023-10-03 10:00:00-0400,44.18,44.18,44.18,44.18,0.0
2023-10-03 10:05:00-0400,44.18,44.18,44.18,44.18,0.0
2023-10-03 10:10:00-0400,44.18,44.18,44.18,44.18,0.0
2023-10-03 10:15:00-0400,44.18,44.18,44.18,44.18,0.0
2023-10-03 10:20:00-0400,44.18,44.18,44.18,44.18,0.0
2023-10-03 10:25:00-0400,44.18,44.18,44.18,44.18,0.0
2023-10-03 10:30:00-0400,44.18,44.18,44.18,44.18,0.0
2023-10-03 10:35:00-0400,44.18,44.18,44.18,44.18,0.0
2023-10-03 10:40:00-0400,44.18,44.18,44.18,44.18,0.0
2023-10-03 10:45:00-0400,44.18,44.18,44.18,44.18,0.0
2023-10-03 10:50:00-0400,44.18,44.18,44.18,44.18,0.0
2023-10-03 10:55:00-0400,44.18,44.18,44.18,44.18,0.0
2023-10-03 11:00:00-0400,44.18,44.18,44.18,44.18,0.0
2023-10-03 11:05:00-0400,44.08,44.16,44.08,44.16,3305.0
2023-10-03 11:10:00-0400,44.16,44.16,44.16,44.16,0.0
2023-10-03 11:15:00-0400,44.16,44.16,44.16,44.16,0.0
2023-10-03 11:20:00-0400,44.16,44.16,44.16,44.16,0.0
2023-10-03 11:25:00-0400,44.16,44.16,44.16,44.16,0.0
2023-10-03 11:30:00-0400,44.16,44.16,44.16,44.16,0.0
2023-10-03 11:35:00-0400,44.16,44.16,44.16,44.16,0.0
2023-10-03 11:40:00-0400,44.16,44.16,44.0,44.0,1200.0
2023-10-03 11:45:00-0400,44.0,44.0,44.0,44.0,0.0
2023-10-03 11:50:00-0400,44.0,44.0,44.0,44.0,0.0
2023-10-03 11:55:00-0400,44.0,44.0,44.0,44.0,0.0
2023-10-03 12:00:00-0400,44.0,44.0,44.0,44.0,0.0
2023-10-03 12:05:00-0400,44.21,44.21,44.21,44.21,390.0
2023-10-03 12:10:00-0400,44.01,44.01,44.0,44.0,1690.0
2023-10-03 12:15:00-0400,44.0,44.0,44.0,44.0,0.0
2023-10-03 12:20:00-0400,44.0,44.0,44.0,44.0,0.0
2023-10-03 12:25:00-0400,44.0,44.0,44.0,44.0,0.0
2023-10-03 12:30:00-0400,44.0,44.0,44.0,44.0,0.0
2023-10-03 12:35:00-0400,44.0,44.0,44.0,44.0,0.0
2023-10-03 12:40:00-0400,44.0,44.0,44.0,44.0,0.0
2023-10-03 12:45:00-0400,44.0,44.0,44.0,44.0,0.0
2023-10-03 12:50:00-0400,44.0,44.0,44.0,44.0,0.0
2023-10-03 12:55:00-0400,44.0,44.0,44.0,44.0,0.0
2023-10-03 13:00:00-0400,44.0,44.0,44.0,44.0,0.0
2023-10-03 13:05:00-0400,44.0,44.0,44.0,44.0,0.0
2023-10-03 13:10:00-0400,44.0,44.0,44.0,44.0,0.0
2023-10-03 13:15:00-0400,44.0,44.0,44.0,44.0,0.0
2023-10-03 13:20:00-0400,44.0,44.0,44.0,44.0,0.0
2023-10-03 13:25:00-0400,44.0,44.0,44.0,44.0,0.0
2023-10-03 13:30:00-0400,44.0,44.13,44.0,44.07,23667.0
2023-10-03 13:35:00-0400,44.06,44.115,44.05,44.1,104424.0
2023-10-03 13:40:00-0400,44.1,44.12,44.08,44.1156,50584.0
2023-10-03 13:45:00-0400,44.12,44.165,44.12,44.135,64298.0
2023-10-03 13:50:00-0400,44.14,44.18,44.14,44.175,38782.0
2023-10-03 13:55:00-0400,44.18,44.19,44.17,44.1857,35261.0
2023-10-03 14:00:00-0400,44.185,44.185,44.07,44.1,117921.0
2023-10-03 14:05:00-0400,44.1,44.13,44.08,44.095,42858.0
2023-10-03 14:10:00-0400,44.09,44.0969,44.07,44.09,39844.0
2023-10-03 14:15:00-0400,44.09,44.145,44.07,44.07,71618.0
2023-10-03 14:20:00-0400,44.07,44.075,44.0217,44.065,97882.0
2023-10-03 14:25:00-0400,44.065,44.0891,44.0434,44.0689,84616.0
2023-10-03 14:30:00-0400,44.06,44.09,44.0499,44.05,57293.0
2023-10-03 14:35:00-0400,44.055,44.09,44.045,44.09,43134.0
2023-10-03 14:40:00-0400,44.0861,44.09,44.045,44.06,43627.0
2023-10-03 14:45:00-0400,44.0602,44.085,44.0602,44.08,25926.0
2023-10-03 14:50:00-0400,44.07,44.07,44.044,44.045,19647.0
2023-10-03 14:55:00-0400,44.04,44.05,44.03,44.04,29769.0
2023-10-03 15:00:00-0400,44.03,44.05,44.03,44.0322,24428.0
2023-10-03 15:05:00-0400,44.0311,44.0311,44.0101,44.015,29066.0
2023-10-03 15:10:00-0400,44.011,44.03,44.0,44.0,44340.0
2023-10-03 15:15:00-0400,44.005,44.01,43.9801,44.0066,32681.0
2023-10-03 15:20:00-0400,44.01,44.024,44.0,44.024,31758.0
2023-10-03 15:25:00-0400,44.0204,44.04,44.01,44.02,20009.0
2023-10-03 15:30:00-0400,44.015,44.03,44.0,44.03,32359.0
2023-10-03 15:35:00-0400,44.02,44.02,43.99,43.99,57626.0
2023-10-03 15:40:00-0400,43.9958,44.0,43.98,44.0,23412.0
2023-10-03 15:45:00-0400,44.005,44.01,43.99,43.9901,7079.0
2023-10-03 15:50:00-0400,43.995,43.995,43.97,43.985,48048.0
2023-10-03 15:55:00-0400,43.99,43.99,43.965,43.98,65163.0
2023-10-03 16:00:00-0400,43.98,43.985,43.975,43.98,10835.0
2023-10-04 09:35:00-0400,43.98,43.98,43.98,43.98,0.0
2023-10-04 09:40:00-0400,43.98,43.98,43.98,43.98,0.0
2023-10-04 09:45:00-0400,43.98,43.98,43.98,43.98,0.0
2023-10-04 09:50:00-0400,43.98,43.98,43.98,43.98,0.0
2023-10-04 09:55:00-0400,43.98,43.98,43.98,43.98,0.0
2023-10-04 10:00:00-0400,43.98,43.98,43.98,43.98,0.0
2023-10-04 10:05:00-0400,43.98,43.98,43.98,43.98,0.0
2023-10-04 10:10:00-0400,43.98,43.98,43.98,43.98,0.0
2023-10-04 10:15:00-0400,43.98,43.98,43.98,43.98,0.0
2023-10-04 10:20:00-0400,43.98,43.98,43.98,43.98,0.0
2023-10-04 10:25:00-0400,43.98,43.98,43.98,43.98,0.0
2023-10-04 10:30:00-0400,43.98,43.98,43.98,43.98,0.0
2023-10-04 10:35:00-0400,43.98,43.98,43.98,43.98,0.0
2023-10-04 10:40:00-0400,43.98,43.98,43.98,43.98,0.0
2023-10-04 10:45:00-0400,43.98,43.98,43.98,43.98,0.0
2023-10-04 10:50:00-0400,43.98,43.98,43.98,43.98,0.0
2023-10-04 10:55:00-0400,43.98,43.98,43.98,43.98,0.0
2023-10-04 11:00:00-0400,43.98,43.98,43.98,43.98,0.0
2023-10-04 11:05:00-0400,43.98,43.98,43.98,43.98,0.0
2023-10-04 11:10:00-0400,43.98,43.98,43.98,43.98,0.0
2023-10-04 11:15:00-0400,43.98,43.98,43.98,43.98,0.0
2023-10-04 11:20:00-0400,43.98,43.98,43.98,43.98,0.0
2023-10-04 11:25:00-0400,43.98,43.98,43.98,43.98,0.0
2023-10-04 11:30:00-0400,43.98,43.98,43.98,43.98,0.0
2023-10-04 11:35:00-0400,43.98,43.98,43.98,43.98,0.0
2023-10-04 11:40:00-0400,43.98,43.98,43.98,43.98,0.0
2023-10-04 11:45:00-0400,43.98,43.98,43.98,43.98,0.0
2023-10-04 11:50:00-0400,43.98,43.98,43.98,43.98,0.0
2023-10-04 11:55:00-0400,43.98,43.98,43.98,43.98,0.0
2023-10-04 12:00:00-0400,43.98,43.98,43.98,43.98,0.0
2023-10-04 12:05:00-0400,43.98,43.98,43.98,43.98,0.0
2023-10-04 12:10:00-0400,43.98,43.98,43.98,43.98,0.0
2023-10-04 12:15:00-0400,43.98,43.98,43.98,43.98,0.0
2023-10-04 12:20:00-0400,43.98,43.98,43.98,43.98,0.0
2023-10-04 12:25:00-0400,43.98,43.98,43.98,43.98,0.0
2023-10-04 12:30:00-0400,43.98,43.98,43.98,43.98,0.0
2023-10-04 12:35:00-0400,43.98,43.98,43.98,43.98,0.0
2023-10-04 12:40:00-0400,43.98,43.98,43.98,43.98,0.0
2023-10-04 12:45:00-0400,43.98,43.98,43.98,43.98,0.0
2023-10-04 12:50:00-0400,43.98,43.98,43.98,43.98,0.0
2023-10-04 12:55:00-0400,43.98,43.98,43.98,43.98,0.0
2023-10-04 13:00:00-0400,43.98,43.98,43.98,43.98,0.0
2023-10-04 13:05:00-0400,43.98,43.98,43.98,43.98,0.0
2023-10-04 13:10:00-0400,43.98,43.98,43.98,43.98,0.0
2023-10-04 13:15:00-0400,43.98,43.98,43.98,43.98,0.0
2023-10-04 13:20:00-0400,43.98,43.98,43.98,43.98,0.0
2023-10-04 13:25:00-0400,43.98,43.98,43.98,43.98,0.0
2023-10-04 13:30:00-0400,43.98,43.98,43.8603,43.8849,32668.0
2023-10-04 13:35:00-0400,43.88,43.88,43.84,43.845,47604.0
2023-10-04 13:40:00-0400,43.845,43.875,43.84,43.85,54385.0
2023-10-04 13:45:00-0400,43.85,43.86,43.83,43.835,39462.0
2023-10-04 13:50:00-0400,43.8357,43.845,43.815,43.82,49753.0
2023-10-04 13:55:00-0400,43.815,43.835,43.8,43.835,33594.0
2023-10-04 14:00:00-0400,43.835,43.835,43.8,43.8,31641.0
2023-10-04 14:05:00-0400,43.795,43.81,43.77,43.78,40857.0
2023-10-04 14:10:00-0400,43.7701,43.79,43.77,43.78,48727.0
2023-10-04 14:15:00-0400,43.78,43.815,43.78,43.78,39080.0
2023-10-04 14:20:00-0400,43.781,43.785,43.755,43.78,46998.0
2023-10-04 14:25:00-0400,43.7805,43.7805,43.7501,43.77,16300.0
2023-10-04 14:30:00-0400,43.77,43.77,43.74,43.755,49862.0
2023-10-04 14:35:00-0400,43.76,43.805,43.76,43.795,53385.0
2023-10-04 14:40:00-0400,43.79,43.7908,43.775,43.785,10737.0
2023-10-04 14:45:00-0400,43.7859,43.7951,43.775,43.78,37999.0
2023-10-04 14:50:00-0400,43.775,43.775,43.735,43.745,39283.0
2023-10-04 14:55:00-0400,43.745,43.755,43.74,43.74,20827.0
2023-10-04 15:00:00-0400,43.74,43.75,43.73,43.73,37254.0
2023-10-04 15:05:00-0400,43.735,43.77,43.735,43.765,22248.0
2023-10-04 15:10:00-0400,43.77,43.7999,43.77,43.79,36202.0
2023-10-04 15:15:00-0400,43.8,43.815,43.785,43.79,29201.0
2023-10-04 15:20:00-0400,43.8,43.8299,43.8,43.8258,11211.0
2023-10-04 15:25:00-0400,43.827,43.845,43.8,43.8418,337958.0
2023-10-04 15:30:00-0400,43.84,43.85,43.84,43.84,9922.0
2023-10-04 15:35:00-0400,43.85,43.85,43.82,43.82,67217.0
2023-10-04 15:40:00-0400,43.82,43.84,43.81,43.825,89079.0
2023-10-04 15:45:00-0400,43.825,43.8351,43.805,43.82,22572.0
2023-10-04 15:50:00-0400,43.825,43.865,43.825,43.84,79748.0
2023-10-04 15:55:00-0400,43.84,43.865,43.835,43.86,32493.0
2023-10-04 16:00:00-0400,43.86,43.87,43.86,43.87,31589.0
2023-10-05 09:35:00-0400,43.87,43.87,43.87,43.87,0.0
2023-10-05 09:40:00-0400,43.87,43.87,43.87,43.87,0.0
2023-10-05 09:45:00-0400,43.87,43.87,43.87,43.87,0.0
2023-10-05 09:50:00-0400,43.87,43.87,43.87,43.87,0.0
2023-10-05 09:55:00-0400,43.87,43.87,43.87,43.87,0.0
2023-10-05 10:00:00-0400,43.87,43.87,43.87,43.87,0.0
2023-10-05 10:05:00-0400,43.87,43.87,43.87,43.87,0.0
2023-10-05 10:10:00-0400,43.87,43.87,43.87,43.87,0.0
2023-10-05 10:15:00-0400,43.87,43.87,43.87,43.87,0.0
2023-10-05 10:20:00-0400,43.87,43.87,43.87,43.87,0.0
2023-10-05 10:25:00-0400,43.87,43.87,43.87,43.87,0.0
2023-10-05 10:30:00-0400,43.87,43.87,43.87,43.87,0.0
2023-10-05 10:35:00-0400,43.87,43.87,43.87,43.87,0.0
2023-10-05 10:40:00-0400,43.87,43.87,43.87,43.87,0.0
2023-10-05 10:45:00-0400,43.87,43.87,43.87,43.87,0.0
2023-10-05 10:50:00-0400,43.87,43.87,43.87,43.87,0.0
2023-10-05 10:55:00-0400,43.87,43.87,43.87,43.87,0.0
2023-10-05 11:00:00-0400,43.87,43.87,43.87,43.87,0.0
2023-10-05 11:05:00-0400,43.87,43.87,43.87,43.87,0.0
2023-10-05 11:10:00-0400,43.87,43.87,43.87,43.87,0.0
2023-10-05 11:15:00-0400,43.87,43.87,43.87,43.87,0.0
2023-10-05 11:20:00-0400,43.87,43.87,43.87,43.87,0.0
2023-10-05 11:25:00-0400,43.87,43.87,43.87,43.87,0.0
2023-10-05 11:30:00-0400,43.87,43.87,43.87,43.87,0.0
2023-10-05 11:35:00-0400,43.87,43.87,43.87,43.87,0.0
2023-10-05 11:40:00-0400,43.87,43.87,43.87,43.87,0.0
2023-10-05 11:45:00-0400,43.87,43.87,43.87,43.87,0.0
2023-10-05 11:50:00-0400,43.87,43.87,43.87,43.87,0.0
2023-10-05 11:55:00-0400,43.87,43.87,43.87,43.87,0.0
2023-10-05 12:00:00-0400,43.87,43.87,43.87,43.87,0.0
2023-10-05 12:05:00-0400,44.06,44.06,44.05,44.05,348.0
2023-10-05 12:10:00-0400,44.05,44.05,43.96,43.96,346.0
2023-10-05 12:15:00-0400,43.96,43.96,43.96,43.96,0.0
2023-10-05 12:20:00-0400,43.96,43.96,43.96,43.96,0.0
2023-10-05 12:25:00-0400,43.96,43.96,43.96,43.96,233.0
2023-10-05 12:30:00-0400,43.96,43.96,43.96,43.96,0.0
2023-10-05 12:35:00-0400,43.96,43.96,43.95,43.95,325.0
2023-10-05 12:40:00-0400,43.95,43.95,43.95,43.95,0.0
2023-10-05 12:45:00-0400,43.95,43.95,43.95,43.95,0.0
2023-10-05 12:50:00-0400,43.95,43.95,43.95,43.95,0.0
2023-10-05 12:55:00-0400,43.95,43.95,43.95,43.95,0.0
2023-10-05 13:00:00-0400,43.95,43.95,43.95,43.95,0.0
2023-10-05 13:05:00-0400,43.95,44.0299,43.95,44.0299,1000.0
2023-10-05 13:10:00-0400,44.0299,44.0299,44.0299,44.0299,0.0
2023-10-05 13:15:00-0400,44.0299,44.04,44.0299,44.04,227.0
2023-10-05 13:20:00-0400,44.04,44.04,44.04,44.04,0.0
2023-10-05 13:25:00-0400,44.04,44.04,44.03,44.04,1041.0
2023-10-05 13:30:00-0400,44.02,44.14,44.0,44.1,39675.0
2023-10-05 13:35:00-0400,44.105,44.145,44.105,44.145,42952.0
2023-10-05 13:40:00-0400,44.15,44.165,44.085,44.0901,80449.0
2023-10-05 13:45:00-0400,44.1,44.11,44.08,44.09,29833.0
2023-10-05 13:50:00-0400,44.09,44.115,44.085,44.11,48700.0
2023-10-05 13:55:00-0400,44.105,44.12,44.085,44.1198,45614.0
2023-10-05 14:00:00-0400,44.12,44.125,44.09,44.095,23102.0
2023-10-05 14:05:00-0400,44.095,44.0989,44.055,44.055,34303.0
2023-10-05 14:10:00-0400,44.06,44.0633,44.05,44.05,18981.0
2023-10-05 14:15:00-0400,44.05,44.075,44.05,44.06,11757.0
2023-10-05 14:20:00-0400,44.055,44.09,44.055,44.09,9258.0
2023-10-05 14:25:00-0400,44.085,44.0899,44.045,44.06,36025.0
2023-10-05 14:30:00-0400,44.0601,44.095,44.0601,44.065,14304.0
2023-10-05 14:35:00-0400,44.06,44.08,44.05,44.05,25174.0
2023-10-05 14:40:00-0400,44.0559,44.0582,44.02,44.02,47168.0
2023-10-05 14:45:00-0400,44.02,44.045,44.015,44.045,25222.0
2023-10-05 14:50:00-0400,44.05,44.05,44.04,44.0499,14279.0
2023-10-05 14:55:00-0400,44.045,44.07,44.045,44.055,26312.0
2023-10-05 15:00:00-0400,44.055,44.07,44.04,44.04,26670.0
2023-10-05 15:05:00-0400,44.04,44.06,44.035,44.035,25229.0
2023-10-05 15:10:00-0400,44.035,44.049,44.025,44.045,17796.0
2023-10-05 15:15:00-0400,44.045,44.065,44.045,44.065,11588.0
2023-10-05 15:20:00-0400,44.065,44.065,44.035,44.045,38554.0
2023-10-05 15:25:00-0400,44.045,44.07,44.045,44.06,17503.0
2023-10-05 15:30:00-0400,44.06,44.065,44.045,44.06,27329.0
2023-10-05 15:35:00-0400,44.06,44.07,44.045,44.07,26491.0
2023-10-05 15:40:00-0400,44.065,44.075,44.055,44.075,14250.0
2023-10-05 15:45:00-0400,44.07,44.08,44.055,44.06,27681.0
2023-10-05 15:50:00-0400,44.06,44.07,44.05,44.055,16704.0
2023-10-05 15:55:00-0400,44.055,44.08,44.055,44.08,14113.0
2023-10-05 16:00:00-0400,44.08,44.08,44.055,44.06,14288.0
2023-10-06 09:35:00-0400,44.06,44.06,44.06,44.06,0.0
2023-10-06 09:40:00-0400,44.06,44.06,44.06,44.06,0.0
2023-10-06 09:45:00-0400,44.06,44.06,44.06,44.06,0.0
2023-10-06 09:50:00-0400,44.06,44.06,44.06,44.06,0.0
2023-10-06 09:55:00-0400,44.06,44.06,44.06,44.06,0.0
2023-10-06 10:00:00-0400,44.06,44.06,44.06,44.06,0.0
2023-10-06 10:05:00-0400,44.06,44.06,44.06,44.06,0.0
2023-10-06 10:10:00-0400,44.06,44.06,44.06,44.06,0.0
2023-10-06 10:15:00-0400,44.06,44.06,44.06,44.06,0.0
2023-10-06 10:20:00-0400,44.06,44.06,44.06,44.06,0.0
2023-10-06 10:25:00-0400,44.06,44.06,44.06,44.06,0.0
2023-10-06 10:30:00-0400,44.06,44.06,44.06,44.06,0.0
2023-10-06 10:35:00-0400,44.06,44.06,44.06,44.06,0.0
2023-10-06 10:40:00-0400,44.06,44.06,44.06,44.06,0.0
2023-10-06 10:45:00-0400,44.06,44.06,44.06,44.06,0.0
2023-10-06 10:50:00-0400,44.06,44.06,44.06,44.06,0.0
2023-10-06 10:55:00-0400,44.06,44.06,44.06,44.06,0.0
2023-10-06 11:00:00-0400,44.06,44.06,44.06,44.06,0.0
2023-10-06 11:05:00-0400,44.06,44.06,44.06,44.06,0.0
2023-10-06 11:10:00-0400,44.06,44.06,44.06,44.06,0.0
2023-10-06 11:15:00-0400,44.06,44.06,44.06,44.06,0.0
2023-10-06 11:20:00-0400,44.06,44.06,44.06,44.06,0.0
2023-10-06 11:25:00-0400,44.06,44.06,44.06,44.06,0.0
2023-10-06 11:30:00-0400,44.06,44.06,44.06,44.06,0.0
2023-10-06 11:35:00-0400,44.06,44.06,44.06,44.06,0.0
2023-10-06 11:40:00-0400,44.06,44.06,44.06,44.06,0.0
2023-10-06 11:45:00-0400,44.06,44.06,44.06,44.06,0.0
2023-10-06 11:50:00-0400,44.06,44.06,44.06,44.06,0.0
2023-10-06 11:55:00-0400,44.06,44.06,44.06,44.06,0.0
2023-10-06 12:00:00-0400,44.06,44.06,44.06,44.06,0.0
2023-10-06 12:05:00-0400,44.06,44.06,44.06,44.06,0.0
2023-10-06 12:10:00-0400,44.06,44.06,44.06,44.06,0.0
2023-10-06 12:15:00-0400,44.06,44.06,44.06,44.06,0.0
2023-10-06 12:20:00-0400,44.16,44.16,44.16,44.16,2686.0
2023-10-06 12:25:00-0400,44.16,44.16,44.16,44.16,0.0
2023-10-06 12:30:00-0400,44.16,44.16,44.16,44.16,0.0
2023-10-06 12:35:00-0400,44.16,44.18,44.16,44.16,2528.0
2023-10-06 12:40:00-0400,44.25,44.25,44.25,44.25,130.0
2023-10-06 12:45:00-0400,44.25,44.25,44.25,44.25,0.0
2023-10-06 12:50:00-0400,44.25,44.25,44.25,44.25,0.0
2023-10-06 12:55:00-0400,44.25,44.49,44.25,44.49,583.0
2023-10-06 13:00:00-0400,44.49,44.49,44.18,44.18,100.0
2023-10-06 13:05:00-0400,44.17,44.17,44.17,44.17,100.0
2023-10-06 13:10:00-0400,44.17,44.17,44.17,44.17,0.0
2023-10-06 13:15:00-0400,44.17,44.17,44.17,44.17,0.0
2023-10-06 13:20:00-0400,44.17,44.17,44.17,44.17,0.0
2023-10-06 13:25:00-0400,44.17,44.17,44.17,44.17,0.0
2023-10-06 13:30:00-0400,44.17,44.255,44.17,44.25,27672.0
2023-10-06 13:35:00-0400,44.26,44.29,44.24,44.24,50449.0
2023-10-06 13:40:00-0400,44.25,44.26,44.2,44.2,50128.0
2023-10-06 13:45:00-0400,44.2,44.27,44.2,44.27,36509.0
2023-10-06 13:50:00-0400,44.28,44.28,44.225,44.23,21722.0
2023-10-06 13:55:00-0400,44.23,44.25,44.22,44.23,37029.0
2023-10-06 14:00:00-0400,44.23,44.265,44.215,44.26,30348.0
2023-10-06 14:05:00-0400,44.2559,44.2559,44.215,44.23,33963.0
2023-10-06 14:10:00-0400,44.24,44.24,44.21,44.21,7583.0
2023-10-06 14:15:00-0400,44.205,44.265,44.205,44.26,80299.0
2023-10-06 14:20:00-0400,44.26,44.265,44.225,44.225,35725.0
2023-10-06 14:25:00-0400,44.23,44.3,44.23,44.3,54723.0
2023-10-06 14:30:00-0400,44.3,44.33,44.3,44.3258,18370.0
2023-10-06 14:35:00-0400,44.33,44.34,44.32,44.33,16174.0
2023-10-06 14:40:00-0400,44.34,44.358,44.32,44.351,49378.0
2023-10-06 14:45:00-0400,44.36,44.36,44.345,44.36,7866.0
2023-10-06 14:50:00-0400,44.36,44.38,44.35,44.36,22116.0
2023-10-06 14:55:00-0400,44.36,44.37,44.34,44.34,20404.0
2023-10-06 15:00:00-0400,44.345,44.37,44.33,44.365,16940.0
2023-10-06 15:05:00-0400,44.36,44.39,44.36,44.389,18300.0
2023-10-06 15:10:00-0400,44.39,44.425,44.39,44.42,29783.0
2023-10-06 15:15:00-0400,44.415,44.43,44.41,44.43,28653.0
2023-10-06 15:20:00-0400,44.43,44.44,44.412,44.412,7302.0
2023-10-06 15:25:00-0400,44.42,44.45,44.42,44.445,20318.0
2023-10-06 15:30:00-0400,44.45,44.5,44.4437,44.495,63586.0
2023-10-06 15:35:00-0400,44.49,44.52,44.49,44.5032,12762.0
2023-10-06 15:40:00-0400,44.51,44.54,44.51,44.54,28684.0
2023-10-06 15:45:00-0400,44.54,44.555,44.525,44.525,42120.0
2023-10-06 15:50:00-0400,44.53,44.56,44.53,44.55,20997.0
2023-10-06 15:55:00-0400,44.5471,44.565,44.545,44.5556,49180.0
2023-10-06 16:00:00-0400,44.55,44.58,44.55,44.58,22629.0
2023-10-09 09:35:00-0400,44.58,44.58,44.58,44.58,0.0
2023-10-09 09:40:00-0400,44.58,44.58,44.58,44.58,0.0
2023-10-09 09:45:00-0400,44.58,44.58,44.58,44.58,0.0
2023-10-09 09:50:00-0400,44.58,44.58,44.58,44.58,0.0
2023-10-09 09:55:00-0400,44.58,44.58,44.58,44.58,0.0
2023-10-09 10:00:00-0400,44.58,44.58,44.58,44.58,0.0
2023-10-09 10:05:00-0400,44.58,44.58,44.58,44.58,0.0
2023-10-09 10:10:00-0400,44.58,44.58,44.58,44.58,0.0
2023-10-09 10:15:00-0400,44.58,44.58,44.58,44.58,0.0
2023-10-09 10:20:00-0400,44.58,44.58,44.58,44.58,0.0
2023-10-09 10:25:00-0400,44.58,44.58,44.58,44.58,0.0
2023-10-09 10:30:00-0400,44.58,44.58,44.58,44.58,0.0
2023-10-09 10:35:00-0400,44.58,44.58,44.58,44.58,0.0
2023-10-09 10:40:00-0400,44.58,44.58,44.58,44.58,0.0
2023-10-09 10:45:00-0400,44.58,44.58,44.58,44.58,0.0
2023-10-09 10:50:00-0400,44.58,44.58,44.58,44.58,0.0
2023-10-09 10:55:00-0400,44.58,44.58,44.58,44.58,0.0
2023-10-09 11:00:00-0400,44.58,44.58,44.0,44.0,205.0
2023-10-09 11:05:00-0400,44.0,44.0,44.0,44.0,0.0
2023-10-09 11:10:00-0400,44.0,44.06,44.0,44.06,100.0
2023-10-09 11:15:00-0400,44.06,44.08,44.06,44.08,496.0
2023-10-09 11:20:00-0400,44.08,44.08,44.08,44.08,0.0
2023-10-09 11:25:00-0400,44.08,44.08,44.08,44.08,0.0
2023-10-09 11:30:00-0400,44.08,44.08,44.08,44.08,0.0
2023-10-09 11:35:00-0400,44.08,44.08,44.08,44.08,0.0
2023-10-09 11:40:00-0400,44.08,44.08,44.08,44.08,0.0
2023-10-09 11:45:00-0400,44.08,44.08,44.08,44.08,0.0
2023-10-09 11:50:00-0400,44.08,44.08,44.08,44.08,0.0
2023-10-09 11:55:00-0400,44.08,44.08,44.08,44.08,0.0
2023-10-09 12:00:00-0400,44.08,44.08,44.08,44.08,0.0
2023-10-09 12:05:00-0400,44.08,44.08,44.08,44.08,0.0
2023-10-09 12:10:00-0400,44.08,44.08,44.08,44.08,0.0
2023-10-09 12:15:00-0400,44.08,44.08,44.08,44.08,0.0
2023-10-09 12:20:00-0400,44.08,44.08,44.08,44.08,0.0
2023-10-09 12:25:00-0400,44.08,44.08,44.08,44.08,0.0
2023-10-09 12:30:00-0400,44.08,44.08,44.08,44.08,0.0
2023-10-09 12:35:00-0400,44.08,44.08,44.08,44.08,0.0
2023-10-09 12:40:00-0400,44.08,44.08,44.08,44.08,0.0
2023-10-09 12:45:00-0400,44.08,44.08,43.99,43.99,218.0
2023-10-09 12:50:00-0400,43.99,43.99,43.99,43.99,100.0
2023-10-09 12:55:00-0400,43.99,43.99,43.99,43.99,0.0
2023-10-09 13:00:00-0400,43.99,43.99,43.99,43.99,0.0
2023-10-09 13:05:00-0400,43.99,43.99,43.9,43.9,1500.0
2023-10-09 13:10:00-0400,43.9,43.9,43.9,43.9,0.0
2023-10-09 13:15:00-0400,43.9,43.9,43.9,43.9,0.0
2023-10-09 13:20:00-0400,43.9,43.9,43.9,43.9,0.0
2023-10-09 13:25:00-0400,43.9,43.9,43.9,43.9,0.0
2023-10-09 13:30:00-0400,43.9,43.99,43.84,43.885,55046.0
2023-10-09 13:35:00-0400,43.89,43.91,43.84,43.85,208000.0
2023-10-09 13:40:00-0400,43.85,43.89,43.845,43.8801,60520.0
2023-10-09 13:45:00-0400,43.889,43.9182,43.885,43.91,27960.0
2023-10-09 13:50:00-0400,43.9,43.9,43.8818,43.89,16866.0
2023-10-09 13:55:00-0400,43.89,43.9,43.88,43.9,24552.0
2023-10-09 14:00:00-0400,43.91,43.91,43.89,43.9,45738.0
2023-10-09 14:05:00-0400,43.9,43.9,43.84,43.845,47078.0
2023-10-09 14:10:00-0400,43.8444,43.86,43.83,43.855,31886.0
2023-10-09 14:15:00-0400,43.855,43.87,43.84,43.87,42894.0
2023-10-09 14:20:00-0400,43.87,43.88,43.86,43.865,20318.0
2023-10-09 14:25:00-0400,43.87,43.89,43.86,43.885,15343.0
2023-10-09 14:30:00-0400,43.89,43.8975,43.8738,43.88,16485.0
2023-10-09 14:35:00-0400,43.88,43.89,43.865,43.87,60356.0
2023-10-09 14:40:00-0400,43.88,43.88,43.855,43.855,22158.0
2023-10-09 14:45:00-0400,43.855,43.89,43.855,43.89,16640.0
2023-10-09 14:50:00-0400,43.8866,43.8866,43.852,43.855,36875.0
2023-10-09 14:55:00-0400,43.85,43.87,43.84,43.8628,35836.0
2023-10-09 15:00:00-0400,43.865,43.87,43.86,43.87,17439.0
2023-10-09 15:05:00-0400,43.87,43.9,43.865,43.9,18750.0
2023-10-09 15:10:00-0400,43.8969,43.9,43.885,43.89,14122.0
2023-10-09 15:15:00-0400,43.89,43.905,43.885,43.89,17906.0
2023-10-09 15:20:00-0400,43.9,43.9,43.89,43.9,2647.0
2023-10-09 15:25:00-0400,43.895,43.91,43.89,43.905,12348.0
2023-10-09 15:30:00-0400,43.91,43.935,43.91,43.935,19892.0
2023-10-09 15:35:00-0400,43.94,43.94,43.925,43.93,18447.0
2023-10-09 15:40:00-0400,43.93,43.95,43.93,43.94,6928.0
2023-10-09 15:45:00-0400,43.93,43.93,43.915,43.93,11691.0
2023-10-09 15:50:00-0400,43.925,43.935,43.91,43.9327,19043.0
2023-10-09 15:55:00-0400,43.94,43.94,43.9347,43.94,4334.0
2023-10-09 16:00:00-0400,43.9361,43.94,43.93,43.94,4269.0
2023-10-10 09:35:00-0400,43.94,43.94,43.94,43.94,0.0
2023-10-10 09:40:00-0400,43.94,43.94,43.94,43.94,0.0
2023-10-10 09:45:00-0400,43.94,43.94,43.94,43.94,0.0
2023-10-10 09:50:00-0400,43.94,43.94,43.94,43.94,0.0
2023-10-10 09:55:00-0400,43.94,43.94,43.94,43.94,0.0
2023-10-10 10:00:00-0400,43.94,43.94,43.94,43.94,0.0
2023-10-10 10:05:00-0400,43.94,43.94,43.94,43.94,0.0
2023-10-10 10:10:00-0400,43.94,43.94,43.94,43.94,0.0
2023-10-10 10:15:00-0400,43.94,43.94,43.94,43.94,0.0
2023-10-10 10:20:00-0400,43.94,43.94,43.94,43.94,0.0
2023-10-10 10:25:00-0400,43.94,43.94,43.94,43.94,0.0
2023-10-10 10:30:00-0400,43.94,43.94,43.94,43.94,0.0
2023-10-10 10:35:00-0400,43.94,43.94,43.94,43.94,0.0
2023-10-10 10:40:00-0400,43.94,43.94,43.94,43.94,0.0
2023-10-10 10:45:00-0400,43.94,43.94,43.94,43.94,0.0
2023-10-10 10:50:00-0400,43.94,43.94,43.94,43.94,0.0
2023-10-10 10:55:00-0400,43.94,43.94,43.94,43.94,0.0
2023-10-10 11:00:00-0400,43.94,43.94,43.94,43.94,0.0
2023-10-10 11:05:00-0400,43.94,43.94,43.94,43.94,0.0
2023-10-10 11:10:00-0400,43.94,43.94,43.94,43.94,0.0
2023-10-10 11:15:00-0400,43.94,43.94,43.94,43.94,0.0
2023-10-10 11:20:00-0400,43.94,43.94,43.94,43.94,0.0
2023-10-10 11:25:00-0400,43.94,43.94,43.94,43.94,0.0
2023-10-10 11:30:00-0400,43.94,43.94,43.94,43.94,0.0
2023-10-10 11:35:00-0400,43.94,43.94,43.94,43.94,0.0
2023-10-10 11:40:00-0400,43.94,43.94,43.94,43.94,0.0
2023-10-10 11:45:00-0400,43.94,44.35,43.94,44.35,111.0
2023-10-10 11:50:00-0400,44.35,44.35,44.35,44.35,0.0
2023-10-10 11:55:00-0400,44.35,44.35,44.35,44.35,0.0
2023-10-10 12:00:00-0400,44.35,44.35,44.35,44.35,0.0
2023-10-10 12:05:00-0400,44.35,44.35,44.35,44.35,0.0
2023-10-10 12:10:00-0400,44.35,44.35,44.35,44.35,0.0
2023-10-10 12:15:00-0400,44.35,44.35,44.35,44.35,0.0
2023-10-10 12:20:00-0400,44.35,44.35,44.35,44.35,0.0
2023-10-10 12:25:00-0400,44.35,44.35,44.35,44.35,0.0
2023-10-10 12:30:00-0400,44.35,44.45,44.35,44.45,100.0
2023-10-10 12:35:00-0400,44.45,44.45,44.43,44.44,300.0
2023-10-10 12:40:00-0400,44.44,44.44,44.44,44.44,0.0
2023-10-10 12:45:00-0400,44.44,44.44,44.44,44.44,0.0
2023-10-10 12:50:00-0400,44.44,44.44,44.44,44.44,0.0
2023-10-10 12:55:00-0400,44.44,44.44,44.38,44.38,400.0
2023-10-10 13:00:00-0400,44.38,44.38,44.38,44.38,0.0
2023-10-10 13:05:00-0400,44.38,44.38,44.38,44.38,0.0
2023-10-10 13:10:00-0400,44.38,44.38,44.38,44.38,0.0
2023-10-10 13:15:00-0400,44.38,44.38,44.38,44.38,0.0
2023-10-10 13:20:00-0400,44.38,44.38,44.38,44.38,0.0
2023-10-10 13:25:00-0400,44.38,44.38,44.38,44.38,0.0
2023-10-10 13:30:00-0400,44.38,44.48,44.38,44.43,31859.0
2023-10-10 13:35:00-0400,44.42,44.5,44.42,44.48,121013.0
2023-10-10 13:40:00-0400,44.48,44.49,44.4675,44.47,42695.0
2023-10-10 13:45:00-0400,44.46,44.5,44.46,44.4917,71357.0
2023-10-10 13:50:00-0400,44.5,44.52,44.4896,44.515,49458.0
2023-10-10 13:55:00-0400,44.52,44.53,44.505,44.515,30372.0
2023-10-10 14:00:00-0400,44.515,44.575,44.5101,44.575,58848.0
2023-10-10 14:05:00-0400,44.575,44.59,44.57,44.5836,15395.0
2023-10-10 14:10:00-0400,44.585,44.5909,44.58,44.58,17107.0
2023-10-10 14:15:00-0400,44.59,44.6,44.58,44.6,28680.0
2023-10-10 14:20:00-0400,44.595,44.595,44.58,44.585,24236.0
2023-10-10 14:25:00-0400,44.58,44.5963,44.5725,44.59,45854.0
2023-10-10 14:30:00-0400,44.59,44.6,44.59,44.59,6918.0
2023-10-10 14:35:00-0400,44.595,44.6,44.58,44.59,27819.0
2023-10-10 14:40:00-0400,44.6,44.605,44.59,44.59,34174.0
2023-10-10 14:45:00-0400,44.59,44.6,44.57,44.575,22307.0
2023-10-10 14:50:00-0400,44.57,44.58,44.5601,44.57,24260.0
2023-10-10 14:55:00-0400,44.57,44.6,44.57,44.58,28215.0
2023-10-10 15:00:00-0400,44.58,44.6,44.575,44.59,28450.0
2023-10-10 15:05:00-0400,44.6,44.615,44.59,44.61,48624.0
2023-10-10 15:10:00-0400,44.61,44.635,44.605,44.615,43364.0
2023-10-10 15:15:00-0400,44.62,44.65,44.6194,44.645,32552.0
2023-10-10 15:20:00-0400,44.645,44.65,44.63,44.6323,39809.0
2023-10-10 15:25:00-0400,44.635,44.64,44.625,44.63,35900.0
2023-10-10 15:30:00-0400,44.6322,44.64,44.625,44.63,44884.0
2023-10-10 15:35:00-0400,44.625,44.65,44.625,44.6401,60332.0
2023-10-10 15:40:00-0400,44.65,44.65,44.63,44.64,61025.0
2023-10-10 15:45:00-0400,44.64,44.66,44.64,44.65,36742.0
2023-10-10 15:50:00-0400,44.65,44.65,44.6332,44.6355,23155.0
2023-10-10 15:55:00-0400,44.64,44.655,44.64,44.6501,15562.0
2023-10-10 16:00:00-0400,44.66,44.675,44.6505,44.6601,44613.0
2023-10-11 09:35:00-0400,44.6601,44.6601,44.6601,44.6601,0.0
2023-10-11 09:40:00-0400,44.6601,44.6601,44.6601,44.6601,0.0
2023-10-11 09:45:00-0400,44.6601,44.6601,44.6601,44.6601,0.0
2023-10-11 09:50:00-0400,44.6601,44.6601,44.6601,44.6601,0.0
2023-10-11 09:55:00-0400,44.6601,44.6601,44.6601,44.6601,0.0
2023-10-11 10:00:00-0400,44.6601,44.6601,44.6601,44.6601,0.0
2023-10-11 10:05:00-0400,44.6601,44.6601,44.6601,44.6601,0.0
2023-10-11 10:10:00-0400,44.6601,44.6601,44.6601,44.6601,0.0
2023-10-11 10:15:00-0400,44.6601,44.6601,44.6601,44.6601,0.0
2023-10-11 10:20:00-0400,44.6601,44.6601,44.6601,44.6601,0.0
2023-10-11 10:25:00-0400,44.6601,44.6601,44.6601,44.6601,0.0
2023-10-11 10:30:00-0400,44.6601,44.6601,44.6601,44.6601,0.0
2023-10-11 10:35:00-0400,44.6601,44.6601,44.6601,44.6601,0.0
2023-10-11 10:40:00-0400,44.6601,44.6601,44.6601,44.6601,0.0
2023-10-11 10:45:00-0400,44.6601,44.6601,44.6601,44.6601,0.0
2023-10-11 10:50:00-0400,44.6601,44.6601,44.6601,44.6601,0.0
2023-10-11 10:55:00-0400,44.6601,44.6601,44.6601,44.6601,0.0
2023-10-11 11:00:00-0400,44.6601,44.6601,44.6601,44.6601,0.0
2023-10-11 11:05:00-0400,44.6601,44.6601,44.6601,44.6601,0.0
2023-10-11 11:10:00-0400,44.6601,44.6601,44.6601,44.6601,0.0
2023-10-11 11:15:00-0400,44.6601,44.6601,44.6601,44.6601,0.0
2023-10-11 11:20:00-0400,44.6601,44.6601,44.6601,44.6601,0.0
2023-10-11 11:25:00-0400,44.6601,44.6601,44.6601,44.6601,0.0
2023-10-11 11:30:00-0400,44.6601,44.6601,44.6601,44.6601,0.0
2023-10-11 11:35:00-0400,44.6601,44.6601,44.6601,44.6601,0.0
2023-10-11 11:40:00-0400,44.6601,44.6601,44.6601,44.6601,0.0
2023-10-11 11:45:00-0400,44.6601,44.6601,44.6601,44.6601,0.0
2023-10-11 11:50:00-0400,44.6601,44.6601,44.6601,44.6601,0.0
2023-10-11 11:55:00-0400,44.6601,44.6601,44.6601,44.6601,0.0
2023-10-11 12:00:00-0400,44.6601,44.6601,44.6601,44.6601,0.0
2023-10-11 12:05:00-0400,44.87,44.87,44.87,44.87,151.0
2023-10-11 12:10:00-0400,44.87,44.87,44.87,44.87,0.0
2023-10-11 12:15:00-0400,44.87,44.87,44.87,44.87,0.0
2023-10-11 12:20:00-0400,44.87,44.87,44.87,44.87,0.0
2023-10-11 12:25:00-0400,44.87,44.87,44.87,44.87,0.0
2023-10-11 12:30:00-0400,44.87,44.87,44.87,44.87,0.0
2023-10-11 12:35:00-0400,44.87,44.87,44.87,44.87,0.0
2023-10-11 12:40:00-0400,44.87,44.87,44.87,44.87,0.0
2023-10-11 12:45:00-0400,44.87,44.87,44.87,44.87,0.0
2023-10-11 12:50:00-0400,44.87,44.87,44.87,44.87,0.0
2023-10-11 12:55:00-0400,44.87,44.87,44.87,44.87,0.0
2023-10-11 13:00:00-0400,44.87,44.87,44.87,44.87,0.0
2023-10-11 13:05:00-0400,44.87,44.87,44.87,44.87,0.0
2023-10-11 13:10:00-0400,44.87,44.87,44.77,44.79,1501.0
2023-10-11 13:15:00-0400,44.79,44.79,44.79,44.79,0.0
2023-10-11 13:20:00-0400,44.79,44.79,44.79,44.79,0.0
2023-10-11 13:25:00-0400,44.79,44.79,44.79,44.79,0.0
2023-10-11 13:30:00-0400,44.79,44.8,44.73,44.75,19964.0
2023-10-11 13:35:00-0400,44.75,44.76,44.66,44.69,412006.0
2023-10-11 13:40:00-0400,44.69,44.695,44.66,44.67,101608.0
2023-10-11 13:45:00-0400,44.67,44.69,44.66,44.685,64568.0
2023-10-11 13:50:00-0400,44.685,44.74,44.685,44.715,41610.0
2023-10-11 13:55:00-0400,44.715,44.715,44.68,44.705,66407.0
2023-10-11 14:00:00-0400,44.71,44.72,44.7,44.7,84207.0
2023-10-11 14:05:00-0400,44.7,44.715,44.695,44.715,40990.0
2023-10-11 14:10:00-0400,44.715,44.72,44.685,44.685,155884.0
2023-10-11 14:15:00-0400,44.69,44.69,44.66,44.66,105062.0
2023-10-11 14:20:00-0400,44.665,44.69,44.66,44.68,178293.0
2023-10-11 14:25:00-0400,44.685,44.715,44.684,44.71,72675.0
2023-10-11 14:30:00-0400,44.7,44.7,44.67,44.6789,285342.0
2023-10-11 14:35:00-0400,44.67,44.7,44.67,44.69,68871.0
2023-10-11 14:40:00-0400,44.69,44.705,44.68,44.69,69266.0
2023-10-11 14:45:00-0400,44.69,44.71,44.68,44.7,81275.0
2023-10-11 14:50:00-0400,44.7,44.71,44.68,44.7,37575.0
2023-10-11 14:55:00-0400,44.7,44.73,44.7,44.715,52959.0
2023-10-11 15:00:00-0400,44.72,44.73,44.7159,44.725,30216.0
2023-10-11 15:05:00-0400,44.73,44.74,44.72,44.725,45196.0
2023-10-11 15:10:00-0400,44.72,44.72,44.69,44.695,36917.0
2023-10-11 15:15:00-0400,44.695,44.7075,44.675,44.68,43347.0
2023-10-11 15:20:00-0400,44.69,44.69,44.65,44.66,24770.0
2023-10-11 15:25:00-0400,44.655,44.67,44.655,44.67,7051.0
2023-10-11 15:30:00-0400,44.67,44.675,44.66,44.66,15689.0
2023-10-11 15:35:00-0400,44.67,44.67,44.66,44.66,27794.0
2023-10-11 15:40:00-0400,44.66,44.67,44.6525,44.66,13915.0
2023-10-11 15:45:00-0400,44.66,44.66,44.645,44.66,15419.0
2023-10-11 15:50:00-0400,44.654,44.6675,44.6501,44.66,17952.0
2023-10-11 15:55:00-0400,44.66,44.68,44.66,44.67,21235.0
2023-10-11 16:00:00-0400,44.6608,44.67,44.66,44.66,3152.0
2023-10-12 09:35:00-0400,44.66,44.66,44.66,44.66,0.0
2023-10-12 09:40:00-0400,44.66,44.66,44.66,44.66,0.0
2023-10-12 09:45:00-0400,44.66,44.66,44.66,44.66,0.0
2023-10-12 09:50:00-0400,44.66,44.66,44.66,44.66,0.0
2023-10-12 09:55:00-0400,44.66,44.66,44.66,44.66,0.0
2023-10-12 10:00:00-0400,44.66,44.66,44.66,44.66,0.0
2023-10-12 10:05:00-0400,44.66,44.66,44.66,44.66,0.0
2023-10-12 10:10:00-0400,44.66,44.66,44.66,44.66,0.0
2023-10-12 10:15:00-0400,44.66,44.66,44.66,44.66,0.0
2023-10-12 10:20:00-0400,44.66,44.66,44.66,44.66,0.0
2023-10-12 10:25:00-0400,44.66,44.66,44.66,44.66,0.0
2023-10-12 10:30:00-0400,44.66,44.66,44.66,44.66,0.0
2023-10-12 10:35:00-0400,44.66,44.66,44.66,44.66,0.0
2023-10-12 10:40:00-0400,44.66,44.66,44.66,44.66,0.0
2023-10-12 10:45:00-0400,44.66,44.66,44.66,44.66,0.0
2023-10-12 10:50:00-0400,44.66,44.66,44.66,44.66,0.0
2023-10-12 10:55:00-0400,44.66,44.66,44.66,44.66,0.0
2023-10-12 11:00:00-0400,44.66,44.66,44.66,44.66,0.0
2023-10-12 11:05:00-0400,44.66,44.66,44.66,44.66,0.0
2023-10-12 11:10:00-0400,44.66,44.66,44.66,44.66,0.0
2023-10-12 11:15:00-0400,44.66,44.66,44.66,44.66,0.0
2023-10-12 11:20:00-0400,44.66,44.84,44.66,44.84,265.0
2023-10-12 11:25:00-0400,44.84,44.84,44.84,44.84,0.0
2023-10-12 11:30:00-0400,44.84,44.84,44.83,44.83,265.0
2023-10-12 11:35:00-0400,44.83,44.83,44.82,44.82,1967.0
2023-10-12 11:40:00-0400,44.82,44.82,44.82,44.82,0.0
2023-10-12 11:45:00-0400,44.82,44.82,44.82,44.82,0.0
2023-10-12 11:50:00-0400,44.82,44.82,44.82,44.82,0.0
2023-10-12 11:55:00-0400,44.82,44.82,44.82,44.82,0.0
2023-10-12 12:00:00-0400,44.82,44.82,44.82,44.82,0.0
2023-10-12 12:05:00-0400,44.82,44.82,44.82,44.82,0.0
2023-10-12 12:10:00-0400,44.82,44.82,44.82,44.82,0.0
2023-10-12 12:15:00-0400,44.82,44.82,44.82,44.82,0.0
2023-10-12 12:20:00-0400,44.82,44.82,44.82,44.82,0.0
2023-10-12 12:25:00-0400,44.82,44.82,44.82,44.82,0.0
2023-10-12 12:30:00-0400,44.82,44.82,44.82,44.82,0.0
2023-10-12 12:35:00-0400,44.82,44.82,44.82,44.82,0.0
2023-10-12 12:40:00-0400,44.82,44.82,44.82,44.82,0.0
2023-10-12 12:45:00-0400,44.82,44.82,44.82,44.82,0.0
2023-10-12 12:50:00-0400,44.82,44.82,44.82,44.82,0.0
2023-10-12 12:55:00-0400,44.82,44.82,44.82,44.82,0.0
2023-10-12 13:00:00-0400,44.82,44.82,44.82,44.82,0.0
2023-10-12 13:05:00-0400,44.61,44.61,44.6,44.6,676.0
2023-10-12 13:10:00-0400,44.6,44.6,44.6,44.6,0.0
2023-10-12 13:15:00-0400,44.6,44.6,44.6,44.6,0.0
2023-10-12 13:20:00-0400,44.54,44.54,44.44,44.44,775.0
2023-10-12 13:25:00-0400,44.44,44.44,44.44,44.44,0.0
2023-10-12 13:30:00-0400,44.44,44.55,44.44,44.53,16628.0
2023-10-12 13:35:00-0400,44.525,44.525,44.45,44.48,63304.0
2023-10-12 13:40:00-0400,44.48,44.48,44.4,44.41,60241.0
2023-10-12 13:45:00-0400,44.405,44.405,44.37,44.375,44317.0
2023-10-12 13:50:00-0400,44.375,44.39,44.37,44.39,36733.0
2023-10-12 13:55:00-0400,44.395,44.4075,44.3401,44.35,34808.0
2023-10-12 14:00:00-0400,44.345,44.36,44.335,44.36,57909.0
2023-10-12 14:05:00-0400,44.355,44.37,44.33,44.37,87530.0
2023-10-12 14:10:00-0400,44.37,44.38,44.3622,44.38,71102.0
2023-10-12 14:15:00-0400,44.38,44.39,44.38,44.39,23428.0
2023-10-12 14:20:00-0400,44.385,44.42,44.37,44.405,634540.0
2023-10-12 14:25:00-0400,44.4,44.41,44.39,44.3971,131214.0
2023-10-12 14:30:00-0400,44.395,44.42,44.39,44.395,69409.0
2023-10-12 14:35:00-0400,44.4,44.4,44.37,44.37,28863.0
2023-10-12 14:40:00-0400,44.375,44.4,44.375,44.4,45780.0
2023-10-12 14:45:00-0400,44.4,44.405,44.37,44.38,107668.0
2023-10-12 14:50:00-0400,44.385,44.4,44.375,44.39,86597.0
2023-10-12 14:55:00-0400,44.39,44.39,44.37,44.38,86684.0
2023-10-12 15:00:00-0400,44.38,44.39,44.375,44.385,58214.0
2023-10-12 15:05:00-0400,44.385,44.395,44.375,44.395,50278.0
2023-10-12 15:10:00-0400,44.395,44.395,44.375,44.39,70991.0
2023-10-12 15:15:00-0400,44.385,44.4,44.385,44.39,41233.0
2023-10-12 15:20:00-0400,44.395,44.4,44.3825,44.39,53840.0
2023-10-12 15:25:00-0400,44.38,44.39,44.37,44.38,94246.0
2023-10-12 15:30:00-0400,44.385,44.39,44.37,44.38,66738.0
2023-10-12 15:35:00-0400,44.375,44.39,44.37,44.38,97092.0
2023-10-12 15:40:00-0400,44.385,44.395,44.385,44.395,12005.0
2023-10-12 15:45:00-0400,44.395,44.405,44.39,44.4,12050.0
2023-10-12 15:50:00-0400,44.405,44.405,44.38,44.38,50568.0
2023-10-12 15:55:00-0400,44.38,44.4,44.38,44.4,38389.0
2023-10-12 16:00:00-0400,44.395,44.405,44.39,44.4,22511.0
2023-10-13 09:35:00-0400,44.4,44.4,44.4,44.4,0.0
2023-10-13 09:40:00-0400,44.4,44.4,44.4,44.4,0.0
2023-10-13 09:45:00-0400,44.4,44.4,44.4,44.4,0.0
2023-10-13 09:50:00-0400,44.4,44.4,44.4,44.4,0.0
2023-10-13 09:55:00-0400,44.4,44.4,44.4,44.4,0.0
2023-10-13 10:00:00-0400,44.4,44.4,44.4,44.4,0.0
2023-10-13 10:05:00-0400,44.4,44.4,44.4,44.4,0.0
2023-10-13 10:10:00-0400,44.4,44.4,44.4,44.4,0.0
2023-10-13 10:15:00-0400,44.4,44.4,44.4,44.4,0.0
2023-10-13 10:20:00-0400,44.4,44.4,44.4,44.4,0.0
2023-10-13 10:25:00-0400,44.4,44.4,44.4,44.4,0.0
2023-10-13 10:30:00-0400,44.4,44.4,44.4,44.4,0.0
2023-10-13 10:35:00-0400,44.4,44.4,44.4,44.4,0.0
2023-10-13 10:40:00-0400,44.4,44.4,44.4,44.4,0.0
2023-10-13 10:45:00-0400,44.4,44.4,44.4,44.4,0.0
2023-10-13 10:50:00-0400,44.4,44.4,44.4,44.4,0.0
2023-10-13 10:55:00-0400,44.4,44.4,44.4,44.4,0.0
2023-10-13 11:00:00-0400,44.4,44.4,44.4,44.4,0.0
2023-10-13 11:05:00-0400,44.4,44.4,44.4,44.4,0.0
2023-10-13 11:10:00-0400,44.4,44.4,44.4,44.4,0.0
2023-10-13 11:15:00-0400,44.4,44.4,44.4,44.4,0.0
2023-10-13 11:20:00-0400,44.4,44.4,44.4,44.4,0.0
2023-10-13 11:25:00-0400,44.4,44.4,44.4,44.4,0.0
2023-10-13 11:30:00-0400,44.4,44.4,44.4,44.4,0.0
2023-10-13 11:35:00-0400,44.4,44.4,44.4,44.4,0.0
2023-10-13 11:40:00-0400,44.4,44.4,44.4,44.4,0.0
2023-10-13 11:45:00-0400,44.4,44.4,44.4,44.4,0.0
2023-10-13 11:50:00-0400,44.4,44.4,44.4,44.4,0.0
2023-10-13 11:55:00-0400,44.4,44.4,44.4,44.4,0.0
2023-10-13 12:00:00-0400,44.4,44.49,44.4,44.49,126729.0
2023-10-13 12:05:00-0400,44.49,44.49,44.49,44.49,0.0
2023-10-13 12:10:00-0400,44.49,44.49,44.49,44.49,0.0
2023-10-13 12:15:00-0400,44.49,44.49,44.49,44.49,0.0
2023-10-13 12:20:00-0400,44.49,44.49,44.49,44.49,0.0
2023-10-13 12:25:00-0400,44.49,44.49,44.49,44.49,0.0
2023-10-13 12:30:00-0400,44.49,44.49,44.49,44.49,0.0
2023-10-13 12:35:00-0400,44.49,44.49,44.49,44.49,0.0
2023-10-13 12:40:00-0400,44.49,44.49,44.49,44.49,0.0
2023-10-13 12:45:00-0400,44.49,44.49,44.49,44.49,0.0
2023-10-13 12:50:00-0400,44.49,44.49,44.49,44.49,0.0
2023-10-13 12:55:00-0400,44.49,44.49,44.49,44.49,0.0
2023-10-13 13:00:00-0400,44.49,44.49,44.49,44.49,0.0
2023-10-13 13:05:00-0400,44.49,44.49,44.49,44.49,0.0
2023-10-13 13:10:00-0400,44.49,44.49,44.49,44.49,0.0
2023-10-13 13:15:00-0400,44.49,44.49,44.49,44.49,0.0
2023-10-13 13:20:00-0400,44.49,44.49,44.49,44.49,0.0
2023-10-13 13:25:00-0400,44.49,44.49,44.49,44.49,0.0
2023-10-13 13:30:00-0400,44.49,44.57,44.48,44.55,28344.0
2023-10-13 13:35:00-0400,44.55,44.565,44.54,44.56,54690.0
2023-10-13 13:40:00-0400,44.565,44.635,44.545,44.6301,87614.0
2023-10-13 13:45:00-0400,44.63,44.63,44.565,44.58,36499.0
2023-10-13 13:50:00-0400,44.58,44.62,44.58,44.615,18357.0
2023-10-13 13:55:00-0400,44.615,44.62,44.595,44.615,21702.0
2023-10-13 14:00:00-0400,44.615,44.6199,44.54,44.57,50306.0
2023-10-13 14:05:00-0400,44.575,44.6,44.56,44.58,34948.0
2023-10-13 14:10:00-0400,44.575,44.585,44.545,44.57,46727.0
2023-10-13 14:15:00-0400,44.57,44.57,44.5321,44.545,33102.0
2023-10-13 14:20:00-0400,44.54,44.555,44.52,44.555,16964.0
2023-10-13 14:25:00-0400,44.56,44.56,44.525,44.545,25027.0
2023-10-13 14:30:00-0400,44.54,44.555,44.53,44.535,18462.0
2023-10-13 14:35:00-0400,44.535,44.565,44.53,44.5544,22385.0
2023-10-13 14:40:00-0400,44.56,44.56,44.52,44.52,20732.0
2023-10-13 14:45:00-0400,44.52,44.54,44.51,44.53,23619.0
2023-10-13 14:50:00-0400,44.54,44.54,44.52,44.52,23256.0
2023-10-13 14:55:00-0400,44.51,44.515,44.495,44.5,32067.0
2023-10-13 15:00:00-0400,44.495,44.5041,44.4921,44.4921,29800.0
2023-10-13 15:05:00-0400,44.49,44.5041,44.475,44.475,27573.0
2023-10-13 15:10:00-0400,44.48,44.49,44.462,44.49,56779.0
2023-10-13 15:15:00-0400,44.49,44.49,44.47,44.475,6454.0
2023-10-13 15:20:00-0400,44.475,44.49,44.464,44.465,33135.0
2023-10-13 15:25:00-0400,44.4626,44.47,44.44,44.44,15395.0
2023-10-13 15:30:00-0400,44.44,44.45,44.425,44.445,41760.0
2023-10-13 15:35:00-0400,44.45,44.455,44.44,44.45,13658.0
2023-10-13 15:40:00-0400,44.45,44.46,44.44,44.455,16795.0
2023-10-13 15:45:00-0400,44.455,44.465,44.445,44.45,24434.0
2023-10-13 15:50:00-0400,44.46,44.46,44.442,44.445,18172.0
2023-10-13 15:55:00-0400,44.445,44.4578,44.415,44.42,37063.0
2023-10-13 16:00:00-0400,44.42,44.44,44.42,44.435,25412.0
2023-10-16 09:35:00-0400,44.435,44.435,44.435,44.435,0.0
2023-10-16 09:40:00-0400,44.435,44.435,44.435,44.435,0.0
2023-10-16 09:45:00-0400,44.435,44.435,44.435,44.435,0.0
2023-10-16 09:50:00-0400,44.435,44.435,44.435,44.435,0.0
2023-10-16 09:55:00-0400,44.435,44.435,44.435,44.435,0.0
2023-10-16 10:00:00-0400,44.435,44.435,44.435,44.435,0.0
2023-10-16 10:05:00-0400,44.435,44.435,44.435,44.435,0.0
2023-10-16 10:10:00-0400,44.435,44.435,44.435,44.435,0.0
2023-10-16 10:15:00-0400,44.435,44.435,44.435,44.435,0.0
2023-10-16 10:20:00-0400,44.435,44.435,44.435,44.435,0.0
2023-10-16 10:25:00-0400,44.435,44.435,44.435,44.435,0.0
2023-10-16 10:30:00-0400,44.435,44.435,44.435,44.435,0.0
2023-10-16 10:35:00-0400,44.435,44.435,44.435,44.435,0.0
2023-10-16 10:40:00-0400,44.435,44.435,44.435,44.435,0.0
2023-10-16 10:45:00-0400,44.435,44.435,44.435,44.435,0.0
2023-10-16 10:50:00-0400,44.435,44.435,44.435,44.435,0.0
2023-10-16 10:55:00-0400,44.435,44.435,44.435,44.435,0.0
2023-10-16 11:00:00-0400,44.435,44.435,44.435,44.435,0.0
2023-10-16 11:05:00-0400,44.435,44.435,44.435,44.435,0.0
2023-10-16 11:10:00-0400,44.435,44.435,44.435,44.435,0.0
2023-10-16 11:15:00-0400,44.435,44.435,44.435,44.435,0.0
2023-10-16 11:20:00-0400,44.435,44.435,44.435,44.435,0.0
2023-10-16 11:25:00-0400,44.435,44.435,44.435,44.435,0.0
2023-10-16 11:30:00-0400,44.435,44.435,44.435,44.435,0.0
2023-10-16 11:35:00-0400,44.435,44.435,44.435,44.435,0.0
2023-10-16 11:40:00-0400,44.435,44.435,44.435,44.435,0.0
2023-10-16 11:45:00-0400,44.435,44.435,44.435,44.435,0.0
2023-10-16 11:50:00-0400,44.435,44.435,44.435,44.435,0.0
2023-10-16 11:55:00-0400,44.435,44.435,44.435,44.435,0.0
2023-10-16 12:00:00-0400,44.435,44.435,44.435,44.435,0.0
2023-10-16 12:05:00-0400,44.435,44.435,44.435,44.435,0.0
2023-10-16 12:10:00-0400,44.435,44.435,44.435,44.435,0.0
2023-10-16 12:15:00-0400,44.435,44.435,44.435,44.435,0.0
2023-10-16 12:20:00-0400,44.435,44.435,44.435,44.435,0.0
2023-10-16 12:25:00-0400,44.435,44.435,44.435,44.435,0.0
2023-10-16 12:30:00-0400,44.435,44.435,44.435,44.435,0.0
2023-10-16 12:35:00-0400,44.435,44.435,44.435,44.435,0.0
2023-10-16 12:40:00-0400,44.435,44.435,44.435,44.435,0.0
2023-10-16 12:45:00-0400,44.435,44.435,44.435,44.435,0.0
2023-10-16 12:50:00-0400,44.435,44.435,44.435,44.435,0.0
2023-10-16 12:55:00-0400,44.435,44.435,44.435,44.435,0.0
2023-10-16 13:00:00-0400,44.435,44.435,44.435,44.435,0.0
2023-10-16 13:05:00-0400,44.435,44.435,44.435,44.435,0.0
2023-10-16 13:10:00-0400,44.435,44.435,44.435,44.435,0.0
2023-10-16 13:15:00-0400,44.435,44.435,44.435,44.435,0.0
2023-10-16 13:20:00-0400,44.435,44.6,44.435,44.6,100.0
2023-10-16 13:25:00-0400,44.6,44.6,44.6,44.6,0.0
2023-10-16 13:30:00-0400,44.6,44.6483,44.5,44.6483,13689.0
2023-10-16 13:35:00-0400,44.629,44.635,44.61,44.615,42512.0
2023-10-16 13:40:00-0400,44.615,44.6197,44.58,44.59,68405.0
2023-10-16 13:45:00-0400,44.6,44.605,44.58,44.6,22828.0
2023-10-16 13:50:00-0400,44.6,44.62,44.6,44.62,40977.0
2023-10-16 13:55:00-0400,44.62,44.65,44.615,44.64,52055.0
2023-10-16 14:00:00-0400,44.63,44.645,44.62,44.64,41718.0
2023-10-16 14:05:00-0400,44.64,44.665,44.635,44.655,27762.0
2023-10-16 14:10:00-0400,44.65,44.66,44.6391,44.66,17852.0
2023-10-16 14:15:00-0400,44.66,44.68,44.66,44.68,25290.0
2023-10-16 14:20:00-0400,44.68,44.69,44.675,44.6802,24080.0
2023-10-16 14:25:00-0400,44.6802,44.695,44.68,44.69,21671.0
2023-10-16 14:30:00-0400,44.69,44.725,44.69,44.725,23635.0
2023-10-16 14:35:00-0400,44.725,44.745,44.72,44.72,58823.0
2023-10-16 14:40:00-0400,44.725,44.745,44.725,44.745,12763.0
2023-10-16 14:45:00-0400,44.745,44.765,44.74,44.765,19778.0
2023-10-16 14:50:00-0400,44.76,44.77,44.75,44.7627,251504.0
2023-10-16 14:55:00-0400,44.765,44.78,44.7601,44.78,28372.0
2023-10-16 15:00:00-0400,44.78,44.8,44.775,44.798,23454.0
2023-10-16 15:05:00-0400,44.795,44.8,44.79,44.795,16220.0
2023-10-16 15:10:00-0400,44.7999,44.81,44.7903,44.8,20347.0
2023-10-16 15:15:00-0400,44.805,44.806,44.7943,44.8,20686.0
2023-10-16 15:20:00-0400,44.7943,44.805,44.78,44.7801,66386.0
2023-10-16 15:25:00-0400,44.79,44.8055,44.79,44.805,14594.0
2023-10-16 15:30:00-0400,44.805,44.82,44.805,44.82,17223.0
2023-10-16 15:35:00-0400,44.815,44.82,44.8045,44.81,18369.0
2023-10-16 15:40:00-0400,44.8,44.805,44.785,44.785,74042.0
2023-10-16 15:45:00-0400,44.79,44.79,44.77,44.77,14714.0
2023-10-16 15:50:00-0400,44.775,44.775,44.76,44.765,28512.0
2023-10-16 15:55:00-0400,44.77,44.79,44.77,44.785,30961.0
2023-10-16 16:00:00-0400,44.785,44.79,44.78,44.785,3671.0
2023-10-17 09:35:00-0400,44.785,44.785,44.785,44.785,0.0
2023-10-17 09:40:00-0400,44.785,44.785,44.785,44.785,0.0
2023-10-17 09:45:00-0400,44.785,44.785,44.785,44.785,0.0
2023-10-17 09:50:00-0400,44.785,44.785,44.785,44.785,0.0
2023-10-17 09:55:00-0400,44.785,44.785,44.785,44.785,0.0
2023-10-17 10:00:00-0400,44.785,44.785,44.785,44.785,0.0
2023-10-17 10:05:00-0400,44.785,44.785,44.785,44.785,0.0
2023-10-17 10:10:00-0400,44.785,44.785,44.785,44.785,0.0
2023-10-17 10:15:00-0400,44.785,44.785,44.785,44.785,0.0
2023-10-17 10:20:00-0400,44.785,44.785,44.785,44.785,0.0
2023-10-17 10:25:00-0400,44.785,44.785,44.785,44.785,0.0
2023-10-17 10:30:00-0400,44.785,44.785,44.785,44.785,0.0
2023-10-17 10:35:00-0400,44.785,44.785,44.785,44.785,0.0
2023-10-17 10:40:00-0400,44.785,44.785,44.785,44.785,0.0
2023-10-17 10:45:00-0400,44.785,44.785,44.785,44.785,0.0
2023-10-17 10:50:00-0400,44.785,44.785,44.785,44.785,0.0
2023-10-17 10:55:00-0400,44.785,44.785,44.785,44.785,0.0
2023-10-17 11:00:00-0400,44.785,44.785,44.785,44.785,0.0
2023-10-17 11:05:00-0400,44.785,44.785,44.785,44.785,0.0
2023-10-17 11:10:00-0400,44.785,44.785,44.785,44.785,0.0
2023-10-17 11:15:00-0400,44.785,44.785,44.785,44.785,0.0
2023-10-17 11:20:00-0400,44.785,44.785,44.785,44.785,0.0
2023-10-17 11:25:00-0400,44.785,44.785,44.785,44.785,0.0
2023-10-17 11:30:00-0400,44.785,44.785,44.785,44.785,0.0
2023-10-17 11:35:00-0400,44.785,44.785,44.785,44.785,0.0
2023-10-17 11:40:00-0400,44.785,44.785,44.785,44.785,0.0
2023-10-17 11:45:00-0400,44.785,44.785,44.785,44.785,0.0
2023-10-17 11:50:00-0400,44.785,44.785,44.785,44.785,0.0
2023-10-17 11:55:00-0400,44.785,44.785,44.785,44.785,0.0
2023-10-17 12:00:00-0400,44.785,44.785,44.785,44.785,0.0
2023-10-17 12:05:00-0400,44.785,44.785,44.785,44.785,0.0
2023-10-17 12:10:00-0400,44.785,44.785,44.785,44.785,0.0
2023-10-17 12:15:00-0400,44.785,44.785,44.785,44.785,0.0
2023-10-17 12:20:00-0400,44.785,44.785,44.785,44.785,0.0
2023-10-17 12:25:00-0400,44.785,44.785,44.785,44.785,0.0
2023-10-17 12:30:00-0400,44.785,44.785,44.785,44.785,0.0
2023-10-17 12:35:00-0400,44.785,44.785,44.785,44.785,0.0
2023-10-17 12:40:00-0400,44.785,44.785,44.785,44.785,0.0
2023-10-17 12:45:00-0400,44.785,44.785,44.785,44.785,0.0
2023-10-17 12:50:00-0400,44.785,44.785,44.785,44.785,0.0
2023-10-17 12:55:00-0400,44.785,44.785,44.785,44.785,0.0
2023-10-17 13:00:00-0400,44.785,44.785,44.785,44.785,0.0
2023-10-17 13:05:00-0400,44.785,44.785,44.785,44.785,0.0
2023-10-17 13:10:00-0400,44.785,44.785,44.785,44.785,0.0
2023-10-17 13:15:00-0400,44.785,44.785,44.66,44.66,899.0
2023-10-17 13:20:00-0400,44.66,44.66,44.66,44.66,0.0
2023-10-17 13:25:00-0400,44.66,44.75,44.66,44.75,1257.0
2023-10-17 13:30:00-0400,44.75,44.75,44.6203,44.63,13586.0
2023-10-17 13:35:00-0400,44.62,44.66,44.61,44.635,46218.0
2023-10-17 13:40:00-0400,44.64,44.675,44.635,44.66,65636.0
2023-10-17 13:45:00-0400,44.655,44.68,44.64,44.65,33300.0
2023-10-17 13:50:00-0400,44.655,44.675,44.64,44.66,17935.0
2023-10-17 13:55:00-0400,44.665,44.67,44.645,44.65,34317.0
2023-10-17 14:00:00-0400,44.65,44.655,44.64,44.655,15723.0
2023-10-17 14:05:00-0400,44.66,44.675,44.65,44.65,34475.0
2023-10-17 14:10:00-0400,44.65,44.6858,44.65,44.685,24407.0
2023-10-17 14:15:00-0400,44.69,44.725,44.69,44.72,53192.0
2023-10-17 14:20:00-0400,44.7156,44.7295,44.71,44.72,40238.0
2023-10-17 14:25:00-0400,44.72,44.745,44.72,44.745,37015.0
2023-10-17 14:30:00-0400,44.745,44.75,44.74,44.74,16360.0
2023-10-17 14:35:00-0400,44.74,44.75,44.735,44.7486,22801.0
2023-10-17 14:40:00-0400,44.7493,44.775,44.7493,44.76,29007.0
2023-10-17 14:45:00-0400,44.76,44.765,44.735,44.765,15160.0
2023-10-17 14:50:00-0400,44.76,44.765,44.74,44.7468,7708.0
2023-10-17 14:55:00-0400,44.74,44.75,44.73,44.745,7208.0
2023-10-17 15:00:00-0400,44.75,44.7568,44.745,44.7568,14555.0
2023-10-17 15:05:00-0400,44.755,44.775,44.75,44.77,15252.0
2023-10-17 15:10:00-0400,44.77,44.77,44.75,44.76,17987.0
2023-10-17 15:15:00-0400,44.76,44.79,44.76,44.78,13735.0
2023-10-17 15:20:00-0400,44.78,44.79,44.7715,44.79,44469.0
2023-10-17 15:25:00-0400,44.785,44.79,44.77,44.77,12758.0
2023-10-17 15:30:00-0400,44.775,44.79,44.77,44.775,24373.0
2023-10-17 15:35:00-0400,44.775,44.8,44.77,44.79,41805.0
2023-10-17 15:40:00-0400,44.795,44.8,44.785,44.8,24679.0
2023-10-17 15:45:00-0400,44.8,44.805,44.79,44.79,20643.0
2023-10-17 15:50:00-0400,44.8,44.825,44.8,44.825,22113.0
2023-10-17 15:55:00-0400,44.82,44.83,44.815,44.83,25262.0
2023-10-17 16:00:00-0400,44.83,44.83,44.82,44.83,7900.0
2025-02-10 09:35:00-0500,44.83,44.83,44.83,44.83,0.0
2025-02-10 09:40:00-0500,44.83,50.42,44.83,50.42,100.0
2025-02-10 09:45:00-0500,50.42,50.42,50.42,50.42,0.0
2025-02-10 09:50:00-0500,50.42,50.42,50.42,50.42,0.0
2025-02-10 09:55:00-0500,50.42,50.42,50.3,50.3,750.0
2025-02-10 10:00:00-0500,50.3,50.3,50.3,50.3,0.0
2025-02-10 10:05:00-0500,50.3,50.3,50.3,50.3,0.0
2025-02-10 10:10:00-0500,50.3,50.3,50.3,50.3,0.0
2025-02-10 10:15:00-0500,50.3,50.42,50.3,50.42,183.0
2025-02-10 10:20:00-0500,50.42,50.42,50.42,50.42,0.0
2025-02-10 10:25:00-0500,50.42,50.42,50.42,50.42,0.0
2025-02-10 10:30:00-0500,50.42,50.42,50.42,50.42,0.0
2025-02-10 10:35:00-0500,50.42,50.42,50.42,50.42,0.0
2025-02-10 10:40:00-0500,50.42,50.42,50.42,50.42,0.0
2025-02-10 10:45:00-0500,50.42,50.42,50.42,50.42,0.0
2025-02-10 10:50:00-0500,50.42,50.42,50.42,50.42,0.0
2025-02-10 10:55:00-0500,50.42,50.42,50.42,50.42,0.0
2025-02-10 11:00:00-0500,50.42,50.42,50.42,50.42,0.0
2025-02-10 11:05:00-0500,50.42,50.42,50.42,50.42,0.0
2025-02-10 11:10:00-0500,50.42,50.42,50.42,50.42,0.0
2025-02-10 11:15:00-0500,50.42,50.42,50.42,50.42,0.0
2025-02-10 11:20:00-0500,50.42,50.42,50.42,50.42,0.0
2025-02-10 11:25:00-0500,50.42,50.42,50.42,50.42,0.0
2025-02-10 11:30:00-0500,50.42,50.42,50.42,50.42,0.0
2025-02-10 11:35:00-0500,50.42,50.42,50.42,50.42,0.0
2025-02-10 11:40:00-0500,50.42,50.42,50.42,50.42,0.0
2025-02-10 11:45:00-0500,50.42,50.42,50.42,50.42,0.0
2025-02-10 11:50:00-0500,50.42,50.42,50.42,50.42,0.0
2025-02-10 11:55:00-0500,50.42,50.42,50.28,50.28,1075.0
2025-02-10 12:00:00-0500,50.25,50.25,50.25,50.25,9648.0
2025-02-10 12:05:00-0500,50.25,50.25,50.25,50.25,0.0
2025-02-10 12:10:00-0500,50.25,50.25,50.25,50.25,0.0
2025-02-10 12:15:00-0500,50.25,50.25,50.25,50.25,0.0
2025-02-10 12:20:00-0500,50.25,50.25,50.25,50.25,0.0
2025-02-10 12:25:00-0500,50.25,50.25,50.25,50.25,0.0
2025-02-10 12:30:00-0500,50.25,50.25,50.25,50.25,0.0
2025-02-10 12:35:00-0500,50.25,50.25,50.25,50.25,0.0
2025-02-10 12:40:00-0500,50.25,50.25,50.25,50.25,0.0
2025-02-10 12:45:00-0500,50.25,50.25,50.25,50.25,0.0
2025-02-10 12:50:00-0500,50.25,50.25,50.25,50.25,0.0
2025-02-10 12:55:00-0500,50.25,50.25,50.25,50.25,0.0
2025-02-10 13:00:00-0500,50.25,50.25,50.0,50.0,2042.0
2025-02-10 13:05:00-0500,50.0,50.0,50.0,50.0,0.0
2025-02-10 13:10:00-0500,50.0,50.0,50.0,50.0,0.0
2025-02-10 13:15:00-0500,50.0,50.0,50.0,50.0,0.0
2025-02-10 13:20:00-0500,50.3795,50.3795,50.3795,50.3795,100.0
2025-02-10 13:25:00-0500,50.3795,50.3795,50.3795,50.3795,0.0
2025-02-10 13:30:00-0500,50.3795,50.3795,50.3795,50.3795,0.0
2025-02-10 13:35:00-0500,50.3795,50.3795,50.3795,50.3795,0.0
2025-02-10 13:40:00-0500,50.3795,50.3795,50.3795,50.3795,0.0
2025-02-10 13:45:00-0500,50.3795,50.3795,50.3795,50.3795,0.0
2025-02-10 13:50:00-0500,50.3795,50.3795,50.3795,50.3795,0.0
2025-02-10 13:55:00-0500,50.3795,50.3795,50.3795,50.3795,0.0
2025-02-10 14:00:00-0500,50.3795,50.3795,50.3795,50.3795,0.0
2025-02-10 14:05:00-0500,50.3795,50.3795,50.3795,50.3795,0.0
2025-02-10 14:10:00-0500,50.3795,50.3795,50.3795,50.3795,0.0
2025-02-10 14:15:00-0500,50.3795,50.3795,50.3795,50.3795,0.0
2025-02-10 14:20:00-0500,50.3795,50.3795,50.3795,50.3795,0.0
2025-02-10 14:25:00-0500,50.3795,50.3795,50.3795,50.3795,0.0
2025-02-10 14:30:00-0500,50.3795,50.45,50.3795,50.45,68148.0
2025-02-10 14:35:00-0500,50.45,50.46,50.44,50.445,149765.0
2025-02-10 14:40:00-0500,50.445,50.45,50.43,50.4377,94458.0
2025-02-10 14:45:00-0500,50.43,50.43,50.42,50.43,39450.0
2025-02-10 14:50:00-0500,50.425,50.44,50.425,50.44,54823.0
2025-02-10 14:55:00-0500,50.435,50.455,50.43,50.45,141745.0
2025-02-10 15:00:00-0500,50.45,50.455,50.4344,50.445,55755.0
2025-02-10 15:05:00-0500,50.45,50.48,50.4401,50.475,52490.0
2025-02-10 15:10:00-0500,50.48,50.485,50.4701,50.475,35688.0
2025-02-10 15:15:00-0500,50.48,50.48,50.46,50.46,43287.0
2025-02-10 15:20:00-0500,50.465,50.47,50.46,50.465,30776.0
2025-02-10 15:25:00-0500,50.47,50.48,50.465,50.475,47773.0
2025-02-10 15:30:00-0500,50.475,50.5,50.475,50.5,21646.0
2025-02-10 15:35:00-0500,50.4951,50.52,50.495,50.52,31454.0
2025-02-10 15:40:00-0500,50.5101,50.53,50.5101,50.53,26507.0
2025-02-10 15:45:00-0500,50.525,50.56,50.525,50.555,116396.0
2025-02-10 15:50:00-0500,50.55,50.555,50.535,50.535,64759.0
2025-02-10 15:55:00-0500,50.54,50.56,50.535,50.555,39472.0
2025-02-10 16:00:00-0500,50.5513,50.559,50.53,50.53,41579.0
2025-02-11 09:35:00-0500,50.53,50.53,50.53,50.53,0.0
2025-02-11 09:40:00-0500,50.53,50.53,50.53,50.53,0.0
2025-02-11 09:45:00-0500,50.53,50.53,50.53,50.53,0.0
2025-02-11 09:50:00-0500,50.53,50.53,50.53,50.53,0.0
2025-02-11 09:55:00-0500,50.53,50.53,50.53,50.53,0.0
2025-02-11 10:00:00-0500,50.53,50.53,50.53,50.53,0.0
2025-02-11 10:05:00-0500,50.53,50.53,50.53,50.53,0.0
2025-02-11 10:10:00-0500,50.53,50.53,50.53,50.53,0.0
2025-02-11 10:15:00-0500,50.53,50.53,50.53,50.53,0.0
2025-02-11 10:20:00-0500,50.53,50.53,50.53,50.53,0.0
2025-02-11 10:25:00-0500,50.53,50.53,50.53,50.53,0.0
2025-02-11 10:30:00-0500,50.53,50.53,50.53,50.53,0.0
2025-02-11 10:35:00-0500,50.53,50.53,50.53,50.53,0.0
2025-02-11 10:40:00-0500,50.53,50.53,50.53,50.53,0.0
2025-02-11 10:45:00-0500,50.53,50.53,50.53,50.53,0.0
2025-02-11 10:50:00-0500,50.53,50.53,50.53,50.53,0.0
2025-02-11 10:55:00-0500,50.53,50.53,50.53,50.53,0.0
2025-02-11 11:00:00-0500,50.53,50.53,50.53,50.53,0.0
2025-02-11 11:05:00-0500,50.53,50.53,50.53,50.53,0.0
2025-02-11 11:10:00-0500,50.53,50.53,50.53,50.53,0.0
2025-02-11 11:15:00-0500,50.53,50.53,50.53,50.53,0.0
2025-02-11 11:20:00-0500,50.53,50.53,50.53,50.53,0.0
2025-02-11 11:25:00-0500,50.53,50.53,50.53,50.53,0.0
2025-02-11 11:30:00-0500,50.53,50.53,50.53,50.53,0.0
2025-02-11 11:35:00-0500,50.53,50.53,50.53,50.53,0.0
2025-02-11 11:40:00-0500,50.53,50.53,50.53,50.53,0.0
2025-02-11 11:45:00-0500,50.53,50.53,50.53,50.53,0.0
2025-02-11 11:50:00-0500,50.53,50.53,50.53,50.53,0.0
2025-02-11 11:55:00-0500,50.53,50.53,50.53,50.53,0.0
2025-02-11 12:00:00-0500,50.53,50.53,50.53,50.53,0.0
2025-02-11 12:05:00-0500,50.53,50.53,50.53,50.53,0.0
2025-02-11 12:10:00-0500,50.53,50.53,50.53,50.53,0.0
2025-02-11 12:15:00-0500,50.53,50.53,50.53,50.53,0.0
2025-02-11 12:20:00-0500,50.53,50.53,50.53,50.53,0.0
2025-02-11 12:25:00-0500,50.53,50.53,50.53,50.53,0.0
2025-02-11 12:30:00-0500,50.53,50.53,50.17,50.2,315.0
2025-02-11 12:35:00-0500,50.2,50.2,50.2,50.2,0.0
2025-02-11 12:40:00-0500,50.2,50.2,50.2,50.2,0.0
2025-02-11 12:45:00-0500,50.2,50.2,50.2,50.2,0.0
2025-02-11 12:50:00-0500,50.2,50.2,50.2,50.2,0.0
2025-02-11 12:55:00-0500,50.2,50.2,50.15,50.15,200.0
2025-02-11 13:00:00-0500,50.15,50.28,50.15,50.26,552.0
2025-02-11 13:05:00-0500,50.26,50.26,50.26,50.26,0.0
2025-02-11 13:10:00-0500,50.26,50.26,50.26,50.26,0.0
2025-02-11 13:15:00-0500,50.26,50.26,50.26,50.26,0.0
2025-02-11 13:20:00-0500,50.26,50.26,50.14,50.2,4700.0
2025-02-11 13:25:00-0500,50.2,50.2,50.2,50.2,1189.0
2025-02-11 13:30:00-0500,50.2,50.2,50.2,50.2,1411.0
2025-02-11 13:35:00-0500,50.2,50.2,50.2,50.2,0.0
2025-02-11 13:40:00-0500,50.2,50.2,50.2,50.2,0.0
2025-02-11 13:45:00-0500,50.19,50.19,50.19,50.19,506.0
2025-02-11 13:50:00-0500,50.19,50.2,50.19,50.2,400.0
2025-02-11 13:55:00-0500,50.2,50.2,50.2,50.2,0.0
2025-02-11 14:00:00-0500,50.2,50.2,50.2,50.2,0.0
2025-02-11 14:05:00-0500,50.2,50.2,50.2,50.2,0.0
2025-02-11 14:10:00-0500,50.2,50.2,50.2,50.2,0.0
2025-02-11 14:15:00-0500,50.2,50.2,50.2,50.2,0.0
2025-02-11 14:20:00-0500,50.2,50.2,50.2,50.2,0.0
2025-02-11 14:25:00-0500,50.2,50.2,50.2,50.2,0.0
2025-02-11 14:30:00-0500,50.2,50.2,50.155,50.16,59069.0
2025-02-11 14:35:00-0500,50.15,50.17,50.14,50.165,90836.0
2025-02-11 14:40:00-0500,50.16,50.19,50.15,50.185,99000.0
2025-02-11 14:45:00-0500,50.18,50.18,50.145,50.165,106641.0
2025-02-11 14:50:00-0500,50.165,50.18,50.1606,50.18,19189.0
2025-02-11 14:55:00-0500,50.18,50.19,50.175,50.185,104116.0
2025-02-11 15:00:00-0500,50.18,50.205,50.18,50.1954,53128.0
2025-02-11 15:05:00-0500,50.195,50.2,50.17,50.17,25839.0
2025-02-11 15:10:00-0500,50.17,50.1799,50.155,50.165,42130.0
2025-02-11 15:15:00-0500,50.165,50.2,50.165,50.195,46012.0
2025-02-11 15:20:00-0500,50.195,50.2,50.1835,50.195,37044.0
2025-02-11 15:25:00-0500,50.195,50.21,50.195,50.195,51289.0
2025-02-11 15:30:00-0500,50.195,50.2,50.18,50.195,38250.0
2025-02-11 15:35:00-0500,50.195,50.2,50.18,50.19,42746.0
2025-02-11 15:40:00-0500,50.185,50.2,50.18,50.1899,72019.0
2025-02-11 15:45:00-0500,50.18,50.1865,50.17,50.175,13627.0
2025-02-11 15:50:00-0500,50.175,50.2,50.175,50.19,19144.0
2025-02-11 15:55:00-0500,50.195,50.2,50.19,50.2,19810.0
2025-02-11 16:00:00-0500,50.195,50.2,50.185,50.19,27202.0
2025-02-12 09:35:00-0500,50.19,50.19,50.19,50.19,0.0
2025-02-12 09:40:00-0500,50.19,50.19,50.19,50.19,0.0
2025-02-12 09:45:00-0500,50.19,50.19,49.91,49.91,202.0
2025-02-12 09:50:00-0500,49.91,49.91,49.91,49.91,0.0
2025-02-12 09:55:00-0500,49.91,49.96,49.91,49.96,275.0
2025-02-12 10:00:00-0500,49.96,49.96,49.96,49.96,0.0
2025-02-12 10:05:00-0500,49.96,49.96,49.96,49.96,0.0
2025-02-12 10:10:00-0500,49.96,49.96,49.96,49.96,0.0
2025-02-12 10:15:00-0500,49.96,49.96,49.96,49.96,0.0
2025-02-12 10:20:00-0500,49.96,49.96,49.96,49.96,0.0
2025-02-12 10:25:00-0500,49.96,49.96,49.96,49.96,0.0
2025-02-12 10:30:00-0500,49.96,49.96,49.96,49.96,0.0
2025-02-12 10:35:00-0500,49.96,49.96,49.96,49.96,0.0
2025-02-12 10:40:00-0500,49.96,49.96,49.96,49.96,0.0
2025-02-12 10:45:00-0500,49.96,49.96,49.96,49.96,0.0
2025-02-12 10:50:00-0500,49.96,50.05,49.96,50.05,335.0
2025-02-12 10:55:00-0500,50.05,50.05,50.05,50.05,0.0
2025-02-12 11:00:00-0500,50.05,50.05,50.05,50.05,3060.0
2025-02-12 11:05:00-0500,50.05,50.05,50.05,50.05,0.0
2025-02-12 11:10:00-0500,50.05,50.05,50.05,50.05,0.0
2025-02-12 11:15:00-0500,50.05,50.05,50.05,50.05,0.0
2025-02-12 11:20:00-0500,50.05,50.05,50.05,50.05,0.0
2025-02-12 11:25:00-0500,50.05,50.05,50.05,50.05,0.0
2025-02-12 11:30:00-0500,50.05,50.05,50.05,50.05,0.0
2025-02-12 11:35:00-0500,50.05,50.05,50.05,50.05,0.0
2025-02-12 11:40:00-0500,50.05,50.05,50.05,50.05,0.0
2025-02-12 11:45:00-0500,50.05,50.05,50.05,50.05,0.0
2025-02-12 11:50:00-0500,50.05,50.05,50.05,50.05,0.0
2025-02-12 11:55:00-0500,50.05,50.05,50.05,50.05,0.0
2025-02-12 12:00:00-0500,50.05,50.05,50.05,50.05,0.0
2025-02-12 12:05:00-0500,50.05,50.05,50.05,50.05,0.0
2025-02-12 12:10:00-0500,50.05,50.05,50.05,50.05,0.0
2025-02-12 12:15:00-0500,50.05,50.05,50.05,50.05,0.0
2025-02-12 12:20:00-0500,50.05,50.05,50.05,50.05,0.0
2025-02-12 12:25:00-0500,50.05,50.05,50.05,50.05,0.0
2025-02-12 12:30:00-0500,50.13,50.13,50.13,50.13,100.0
2025-02-12 12:35:00-0500,50.13,50.13,50.13,50.13,0.0
2025-02-12 12:40:00-0500,50.13,50.13,50.13,50.13,0.0
2025-02-12 12:45:00-0500,50.13,50.13,50.13,50.13,0.0
2025-02-12 12:50:00-0500,50.13,50.14,50.13,50.14,567.0
2025-02-12 12:55:00-0500,50.14,50.14,50.14,50.14,0.0
2025-02-12 13:00:00-0500,50.14,50.14,50.0619,50.0619,526.0
2025-02-12 13:05:00-0500,50.0619,50.0619,50.0619,50.0619,0.0
2025-02-12 13:10:00-0500,50.0619,50.0619,50.0619,50.0619,0.0
2025-02-12 13:15:00-0500,50.0619,50.0619,50.0619,50.0619,0.0
2025-02-12 13:20:00-0500,50.0619,50.0619,50.0619,50.0619,0.0
2025-02-12 13:25:00-0500,50.0619,50.14,50.0619,50.14,1322.0
2025-02-12 13:30:00-0500,50.14,50.14,49.95,49.95,18488.0
2025-02-12 13:35:00-0500,49.91,49.98,49.78,49.78,4697.0
2025-02-12 13:40:00-0500,49.75,49.75,49.75,49.75,5166.0
2025-02-12 13:45:00-0500,49.75,49.75,49.75,49.75,0.0
2025-02-12 13:50:00-0500,49.75,49.75,49.75,49.75,0.0
2025-02-12 13:55:00-0500,49.75,49.8,49.75,49.78,1424.0
2025-02-12 14:00:00-0500,49.78,49.78,49.78,49.78,0.0
2025-02-12 14:05:00-0500,49.78,49.78,49.78,49.78,0.0
2025-02-12 14:10:00-0500,49.78,49.78,49.78,49.78,0.0
2025-02-12 14:15:00-0500,49.78,49.78,49.78,49.78,0.0
2025-02-12 14:20:00-0500,49.7407,49.76,49.7407,49.76,369.0
2025-02-12 14:25:00-0500,49.76,49.76,49.76,49.76,0.0
2025-02-12 14:30:00-0500,49.76,49.93,49.72,49.73,127677.0
2025-02-12 14:35:00-0500,49.72,49.725,49.69,49.7076,162199.0
2025-02-12 14:40:00-0500,49.71,49.74,49.695,49.73,63916.0
2025-02-12 14:45:00-0500,49.74,49.745,49.71,49.7101,51656.0
2025-02-12 14:50:00-0500,49.71,49.72,49.7,49.72,40884.0
2025-02-12 14:55:00-0500,49.71,49.73,49.71,49.715,53130.0
2025-02-12 15:00:00-0500,49.715,49.7291,49.71,49.715,50393.0
2025-02-12 15:05:00-0500,49.7151,49.7188,49.69,49.7,99726.0
2025-02-12 15:10:00-0500,49.69,49.7058,49.67,49.6903,39784.0
2025-02-12 15:15:00-0500,49.695,49.6951,49.66,49.675,72860.0
2025-02-12 15:20:00-0500,49.675,49.7,49.67,49.695,87412.0
2025-02-12 15:25:00-0500,49.695,49.745,49.69,49.735,141499.0
2025-02-12 15:30:00-0500,49.74,49.76,49.74,49.755,38826.0
2025-02-12 15:35:00-0500,49.755,49.78,49.7512,49.775,156184.0
2025-02-12 15:40:00-0500,49.78,49.83,49.775,49.805,119822.0
2025-02-12 15:45:00-0500,49.805,49.85,49.8016,49.84,84702.0
2025-02-12 15:50:00-0500,49.84,49.85,49.83,49.83,59263.0
2025-02-12 15:55:00-0500,49.83,49.85,49.83,49.85,44280.0
2025-02-12 16:00:00-0500,49.86,49.9,49.855,49.89,47332.0
2025-02-13 09:35:00-0500,49.89,49.89,49.89,49.89,0.0
2025-02-13 09:40:00-0500,49.89,49.89,49.89,49.89,0.0
2025-02-13 09:45:00-0500,49.89,49.89,49.89,49.89,0.0
2025-02-13 09:50:00-0500,49.89,49.89,49.89,49.89,0.0
2025-02-13 09:55:00-0500,49.89,49.89,49.89,49.89,0.0
2025-02-13 10:00:00-0500,49.89,49.89,49.89,49.89,0.0
2025-02-13 10:05:00-0500,49.89,49.89,49.89,49.89,0.0
2025-02-13 10:10:00-0500,49.89,49.89,49.89,49.89,0.0
2025-02-13 10:15:00-0500,49.89,49.89,49.89,49.89,0.0
2025-02-13 10:20:00-0500,49.89,49.89,49.89,49.89,0.0
2025-02-13 10:25:00-0500,49.89,49.89,49.89,49.89,0.0
2025-02-13 10:30:00-0500,49.89,49.89,49.89,49.89,0.0
2025-02-13 10:35:00-0500,49.89,49.89,49.89,49.89,0.0
2025-02-13 10:40:00-0500,49.89,49.89,49.89,49.89,0.0
2025-02-13 10:45:00-0500,49.89,49.89,49.89,49.89,0.0
2025-02-13 10:50:00-0500,49.89,49.89,49.89,49.89,0.0
2025-02-13 10:55:00-0500,49.89,49.89,49.89,49.89,0.0
2025-02-13 11:00:00-0500,49.89,49.89,49.89,49.89,0.0
2025-02-13 11:05:00-0500,49.89,49.89,49.89,49.89,0.0
2025-02-13 11:10:00-0500,49.89,49.89,49.89,49.89,0.0
2025-02-13 11:15:00-0500,49.89,49.89,49.89,49.89,0.0
2025-02-13 11:20:00-0500,49.89,49.89,49.89,49.89,0.0
2025-02-13 11:25:00-0500,49.89,49.89,49.89,49.89,0.0
2025-02-13 11:30:00-0500,49.89,49.89,49.89,49.89,0.0
2025-02-13 11:35:00-0500,49.89,49.89,49.89,49.89,0.0
2025-02-13 11:40:00-0500,49.89,49.89,49.89,49.89,0.0
2025-02-13 11:45:00-0500,49.89,49.89,49.89,49.89,0.0
2025-02-13 11:50:00-0500,49.89,49.89,49.89,49.89,0.0
2025-02-13 11:55:00-0500,49.89,49.89,49.89,49.89,0.0
2025-02-13 12:00:00-0500,49.89,49.89,49.89,49.89,0.0
2025-02-13 12:05:00-0500,49.89,49.89,49.89,49.89,0.0
2025-02-13 12:10:00-0500,49.89,49.89,49.89,49.89,0.0
2025-02-13 12:15:00-0500,49.89,49.89,49.89,49.89,0.0
2025-02-13 12:20:00-0500,49.89,49.89,49.89,49.89,0.0
2025-02-13 12:25:00-0500,49.89,49.89,49.89,49.89,0.0
2025-02-13 12:30:00-0500,49.89,49.89,49.89,49.89,0.0
2025-02-13 12:35:00-0500,49.89,49.89,49.89,49.89,0.0
2025-02-13 12:40:00-0500,49.89,49.89,49.89,49.89,0.0
2025-02-13 12:45:00-0500,49.89,49.89,49.89,49.89,0.0
2025-02-13 12:50:00-0500,49.89,49.89,49.89,49.89,0.0
2025-02-13 12:55:00-0500,49.89,49.89,49.89,49.89,0.0
2025-02-13 13:00:00-0500,49.89,49.89,49.89,49.89,0.0
2025-02-13 13:05:00-0500,49.89,49.89,49.89,49.89,0.0
2025-02-13 13:10:00-0500,49.89,49.89,49.89,49.89,0.0
2025-02-13 13:15:00-0500,49.89,49.89,49.89,49.89,0.0
2025-02-13 13:20:00-0500,49.89,49.89,49.89,49.89,0.0
2025-02-13 13:25:00-0500,49.92,49.92,49.82,49.82,1605.0
2025-02-13 13:30:00-0500,49.82,49.82,49.82,49.82,0.0
2025-02-13 13:35:00-0500,49.82,49.92,49.82,49.92,501.0
2025-02-13 13:40:00-0500,49.92,49.92,49.92,49.92,0.0
2025-02-13 13:45:00-0500,49.92,49.92,49.92,49.92,0.0
2025-02-13 13:50:00-0500,49.92,49.92,49.92,49.92,0.0
2025-02-13 13:55:00-0500,49.92,49.92,49.92,49.92,0.0
2025-02-13 14:00:00-0500,49.92,49.92,49.92,49.92,0.0
2025-02-13 14:05:00-0500,49.92,49.92,49.92,49.92,0.0
2025-02-13 14:10:00-0500,50.01,50.01,50.01,50.01,520.0
2025-02-13 14:15:00-0500,50.01,50.01,50.01,50.01,0.0
2025-02-13 14:20:00-0500,50.01,50.02,50.01,50.02,600.0
2025-02-13 14:25:00-0500,50.02,50.03,50.02,50.03,100.0
2025-02-13 14:30:00-0500,50.02,50.03,49.99,50.02,58831.0
2025-02-13 14:35:00-0500,50.025,50.07,50.005,50.04,73747.0
2025-02-13 14:40:00-0500,50.04,50.07,50.02,50.03,67000.0
2025-02-13 14:45:00-0500,50.02,50.06,50.02,50.04,101794.0
2025-02-13 14:50:00-0500,50.04,50.06,50.03,50.06,103721.0
2025-02-13 14:55:00-0500,50.055,50.07,50.05,50.065,74394.0
2025-02-13 15:00:00-0500,50.065,50.08,50.06,50.075,77210.0
2025-02-13 15:05:00-0500,50.075,50.12,50.075,50.085,128922.0
2025-02-13 15:10:00-0500,50.09,50.12,50.075,50.12,106660.0
2025-02-13 15:15:00-0500,50.11,50.18,50.11,50.175,81007.0
2025-02-13 15:20:00-0500,50.18,50.2,50.18,50.19,92107.0
2025-02-13 15:25:00-0500,50.185,50.19,50.17,50.18,54569.0
2025-02-13 15:30:00-0500,50.175,50.18,50.165,50.18,127253.0
2025-02-13 15:35:00-0500,50.17,50.19,50.17,50.18,62563.0
2025-02-13 15:40:00-0500,50.17,50.21,50.165,50.205,143876.0
2025-02-13 15:45:00-0500,50.2013,50.21,50.1938,50.21,49638.0
2025-02-13 15:50:00-0500,50.21,50.24,50.2,50.23,92311.0
2025-02-13 15:55:00-0500,50.23,50.23,50.21,50.21,48611.0
2025-02-13 16:00:00-0500,50.2101,50.235,50.21,50.23,69378.0
2025-02-14 09:35:00-0500,50.23,50.23,50.23,50.23,0.0
2025-02-14 09:40:00-0500,50.23,50.23,49.71,49.71,1107.0
2025-02-14 09:45:00-0500,49.78,49.78,49.78,49.78,380.0
2025-02-14 09:50:00-0500,49.82,49.82,49.82,49.82,1000.0
2025-02-14 09:55:00-0500,49.82,49.82,49.82,49.82,0.0
2025-02-14 10:00:00-0500,49.82,49.82,49.82,49.82,0.0
2025-02-14 10:05:00-0500,49.82,49.82,49.82,49.82,0.0
2025-02-14 10:10:00-0500,49.82,49.82,49.82,49.82,0.0
2025-02-14 10:15:00-0500,49.82,49.82,49.82,49.82,0.0
2025-02-14 10:20:00-0500,49.82,49.82,49.82,49.82,0.0
2025-02-14 10:25:00-0500,49.82,49.82,49.82,49.82,0.0
2025-02-14 10:30:00-0500,49.82,49.82,49.82,49.82,0.0
2025-02-14 10:35:00-0500,49.82,49.82,49.82,49.82,0.0
2025-02-14 10:40:00-0500,49.82,49.82,49.82,49.82,0.0
2025-02-14 10:45:00-0500,49.82,49.82,49.82,49.82,0.0
2025-02-14 10:50:00-0500,49.82,49.82,49.82,49.82,0.0
2025-02-14 10:55:00-0500,49.82,49.82,49.82,49.82,0.0
2025-02-14 11:00:00-0500,49.82,49.82,49.82,49.82,0.0
2025-02-14 11:05:00-0500,49.82,49.82,49.82,49.82,0.0
2025-02-14 11:10:00-0500,49.82,49.82,49.82,49.82,0.0
2025-02-14 11:15:00-0500,49.82,49.82,49.66,49.72,608.0
2025-02-14 11:20:00-0500,49.72,49.72,49.72,49.72,0.0
2025-02-14 11:25:00-0500,49.72,49.72,49.72,49.72,0.0
2025-02-14 11:30:00-0500,49.72,49.72,49.72,49.72,0.0
2025-02-14 11:35:00-0500,49.72,49.72,49.72,49.72,0.0
2025-02-14 11:40:00-0500,49.72,49.72,49.72,49.72,0.0
2025-02-14 11:45:00-0500,49.73,49.73,49.72,49.72,422.0
2025-02-14 11:50:00-0500,49.72,49.72,49.72,49.72,0.0
2025-02-14 11:55:00-0500,49.72,49.72,49.72,49.72,0.0
2025-02-14 12:00:00-0500,49.72,49.79,49.68,49.69,3449.0
2025-02-14 12:05:00-0500,49.68,49.91,49.68,49.91,1752.0
2025-02-14 12:10:00-0500,49.91,49.91,49.91,49.91,0.0
2025-02-14 12:15:00-0500,49.91,49.91,49.91,49.91,0.0
2025-02-14 12:20:00-0500,49.91,49.91,49.91,49.91,0.0
2025-02-14 12:25:00-0500,49.91,49.91,49.9,49.9,250.0
2025-02-14 12:30:00-0500,49.9,49.9,49.9,49.9,0.0
2025-02-14 12:35:00-0500,49.85,49.85,49.83,49.83,481.0
2025-02-14 12:40:00-0500,49.83,49.83,49.83,49.83,0.0
2025-02-14 12:45:00-0500,49.83,49.83,49.83,49.83,0.0
2025-02-14 12:50:00-0500,49.83,49.83,49.83,49.83,0.0
2025-02-14 12:55:00-0500,49.83,49.83,49.83,49.83,100.0
2025-02-14 13:00:00-0500,49.83,50.09,49.35,49.52,3569.0
2025-02-14 13:05:00-0500,49.52,49.8,49.52,49.75,4035.0
2025-02-14 13:10:00-0500,49.75,49.85,49.75,49.85,152.0
2025-02-14 13:15:00-0500,49.85,49.85,49.85,49.85,0.0
2025-02-14 13:20:00-0500,49.85,49.85,49.85,49.85,0.0
2025-02-14 13:25:00-0500,49.85,49.85,49.85,49.85,0.0
2025-02-14 13:30:00-0500,49.85,49.85,49.85,49.85,0.0
2025-02-14 13:35:00-0500,49.85,49.85,49.85,49.85,0.0
2025-02-14 13:40:00-0500,49.85,49.85,49.85,49.85,0.0
2025-02-14 13:45:00-0500,49.85,49.85,49.8,49.8,265.0
2025-02-14 13:50:00-0500,49.8,49.8,49.8,49.8,0.0
2025-02-14 13:55:00-0500,49.8,49.8,49.8,49.8,0.0
2025-02-14 14:00:00-0500,49.82,49.82,49.76,49.76,476.0
2025-02-14 14:05:00-0500,49.76,49.86,49.76,49.86,20064.0
2025-02-14 14:10:00-0500,49.86,49.9082,49.86,49.9082,100.0
2025-02-14 14:15:00-0500,49.84,49.85,49.84,49.84,1247.0
2025-02-14 14:20:00-0500,49.84,49.84,49.7701,49.7701,819.0
2025-02-14 14:25:00-0500,49.785,49.8,49.75,49.75,7052.0
2025-02-14 14:30:00-0500,49.75,49.785,49.71,49.735,71658.0
2025-02-14 14:35:00-0500,49.73,49.7618,49.71,49.7588,59407.0
2025-02-14 14:40:00-0500,49.75,49.77,49.74,49.76,129218.0
2025-02-14 14:45:00-0500,49.76,49.8169,49.755,49.815,74385.0
2025-02-14 14:50:00-0500,49.81,49.83,49.805,49.82,88779.0
2025-02-14 14:55:00-0500,49.825,49.8258,49.79,49.79,51796.0
2025-02-14 15:00:00-0500,49.795,49.7967,49.78,49.785,97140.0
2025-02-14 15:05:00-0500,49.78,49.8,49.78,49.795,27175.0
2025-02-14 15:10:00-0500,49.795,49.81,49.7934,49.795,41874.0
2025-02-14 15:15:00-0500,49.795,49.8,49.77,49.77,84193.0
2025-02-14 15:20:00-0500,49.7777,49.815,49.77,49.81,88537.0
2025-02-14 15:25:00-0500,49.81,49.815,49.8,49.805,53309.0
2025-02-14 15:30:00-0500,49.8,49.8,49.76,49.765,68996.0
2025-02-14 15:35:00-0500,49.765,49.78,49.76,49.78,63027.0
2025-02-14 15:40:00-0500,49.78,49.795,49.775,49.78,59791.0
2025-02-14 15:45:00-0500,49.78,49.8,49.77,49.8,49254.0
2025-02-14 15:50:00-0500,49.795,49.8,49.79,49.8,28063.0
2025-02-14 15:55:00-0500,49.8,49.81,49.7938,49.795,59809.0
2025-02-14 16:00:00-0500,49.795,49.8,49.775,49.775,41707.0
2025-02-18 09:35:00-0500,49.775,49.775,49.57,49.57,413.0
2025-02-18 09:40:00-0500,49.57,49.57,49.57,49.57,0.0
2025-02-18 09:45:00-0500,49.57,49.57,49.57,49.57,0.0
2025-02-18 09:50:00-0500,49.57,49.57,49.57,49.57,0.0
2025-02-18 09:55:00-0500,49.57,49.57,49.57,49.57,0.0
2025-02-18 10:00:00-0500,49.57,49.57,49.57,49.57,0.0
2025-02-18 10:05:00-0500,49.57,49.57,49.57,49.57,0.0
2025-02-18 10:10:00-0500,49.57,49.57,49.57,49.57,0.0
2025-02-18 10:15:00-0500,49.57,49.57,49.57,49.57,0.0
2025-02-18 10:20:00-0500,49.57,49.57,49.57,49.57,0.0
2025-02-18 10:25:00-0500,49.57,49.57,49.57,49.57,0.0
2025-02-18 10:30:00-0500,49.57,49.57,49.57,49.57,0.0
2025-02-18 10:35:00-0500,49.57,49.57,49.57,49.57,0.0
2025-02-18 10:40:00-0500,49.57,49.57,49.57,49.57,0.0
2025-02-18 10:45:00-0500,49.57,49.6,49.57,49.6,209.0
2025-02-18 10:50:00-0500,49.6,49.6,49.6,49.6,0.0
2025-02-18 10:55:00-0500,49.6,49.6,49.6,49.6,0.0
2025-02-18 11:00:00-0500,49.6,49.6,49.6,49.6,0.0
2025-02-18 11:05:00-0500,49.6,49.6,49.6,49.6,0.0
2025-02-18 11:10:00-0500,49.6,49.6,49.6,49.6,0.0
2025-02-18 11:15:00-0500,49.6,49.6,49.6,49.6,0.0
2025-02-18 11:20:00-0500,49.6,49.6,49.6,49.6,0.0
2025-02-18 11:25:00-0500,49.6,49.6,49.6,49.6,0.0
2025-02-18 11:30:00-0500,49.6,49.65,49.6,49.65,201.0
2025-02-18 11:35:00-0500,49.65,49.65,49.65,49.65,0.0
2025-02-18 11:40:00-0500,49.65,49.65,49.65,49.65,0.0
2025-02-18 11:45:00-0500,49.65,49.65,49.65,49.65,0.0
2025-02-18 11:50:00-0500,49.65,49.65,49.65,49.65,0.0
2025-02-18 11:55:00-0500,49.65,49.65,49.65,49.65,0.0
2025-02-18 12:00:00-0500,49.65,49.65,49.47,49.47,1635.0
2025-02-18 12:05:00-0500,49.59,49.59,49.59,49.59,127.0
2025-02-18 12:10:00-0500,49.59,49.59,49.59,49.59,0.0
2025-02-18 12:15:00-0500,49.59,49.59,49.59,49.59,0.0
2025-02-18 12:20:00-0500,49.59,49.59,49.59,49.59,0.0
2025-02-18 12:25:00-0500,49.59,49.59,49.59,49.59,0.0
2025-02-18 12:30:00-0500,49.59,49.59,49.59,49.59,0.0
2025-02-18 12:35:00-0500,49.59,49.59,49.59,49.59,0.0
2025-02-18 12:40:00-0500,49.59,49.6,49.59,49.6,125.0
2025-02-18 12:45:00-0500,49.6,49.6,49.6,49.6,0.0
2025-02-18 12:50:00-0500,49.6,49.6,49.6,49.6,0.0
2025-02-18 12:55:00-0500,49.6,49.6,49.6,49.6,0.0
2025-02-18 13:00:00-0500,49.6,49.6001,49.22,49.6,508180.0
2025-02-18 13:05:00-0500,49.6,49.6,49.6,49.6,0.0
2025-02-18 13:10:00-0500,49.6,49.6,49.6,49.6,0.0
2025-02-18 13:15:00-0500,49.6,49.6,49.6,49.6,0.0
2025-02-18 13:20:00-0500,49.6,49.6,49.6,49.6,0.0
2025-02-18 13:25:00-0500,49.6,49.6,49.6,49.6,0.0
2025-02-18 13:30:00-0500,49.6,49.6,49.6,49.6,0.0
2025-02-18 13:35:00-0500,49.6,49.62,49.6,49.62,160.0
2025-02-18 13:40:00-0500,49.62,49.62,49.62,49.62,0.0
2025-02-18 13:45:00-0500,49.62,49.62,49.62,49.62,0.0
2025-02-18 13:50:00-0500,49.59,49.59,49.59,49.59,201.0
2025-02-18 13:55:00-0500,49.59,49.59,49.59,49.59,0.0
2025-02-18 14:00:00-0500,49.59,49.59,49.59,49.59,0.0
2025-02-18 14:05:00-0500,49.59,49.59,49.59,49.59,0.0
2025-02-18 14:10:00-0500,49.52,49.58,49.52,49.58,470.0
2025-02-18 14:15:00-0500,49.58,49.58,49.58,49.58,0.0
2025-02-18 14:20:00-0500,49.58,49.58,49.58,49.58,0.0
2025-02-18 14:25:00-0500,49.58,49.58,49.58,49.58,0.0
2025-02-18 14:30:00-0500,49.58,49.5999,49.49,49.558,116587.0
2025-02-18 14:35:00-0500,49.555,49.59,49.54,49.56,127089.0
2025-02-18 14:40:00-0500,49.55,49.57,49.535,49.57,51593.0
2025-02-18 14:45:00-0500,49.565,49.6,49.565,49.595,56741.0
2025-02-18 14:50:00-0500,49.595,49.61,49.59,49.6,379244.0
2025-02-18 14:55:00-0500,49.595,49.62,49.5912,49.615,399005.0
2025-02-18 15:00:00-0500,49.615,49.63,49.615,49.63,47036.0
2025-02-18 15:05:00-0500,49.6284,49.64,49.6,49.6,204947.0
2025-02-18 15:10:00-0500,49.605,49.6056,49.59,49.6,67085.0
2025-02-18 15:15:00-0500,49.6,49.63,49.6,49.63,97102.0
2025-02-18 15:20:00-0500,49.62,49.63,49.61,49.63,86010.0
2025-02-18 15:25:00-0500,49.6201,49.64,49.6201,49.64,29815.0
2025-02-18 15:30:00-0500,49.63,49.6399,49.62,49.62,145164.0
2025-02-18 15:35:00-0500,49.625,49.63,49.62,49.625,38755.0
2025-02-18 15:40:00-0500,49.63,49.63,49.605,49.61,78635.0
2025-02-18 15:45:00-0500,49.605,49.62,49.6,49.61,63737.0
2025-02-18 15:50:00-0500,49.61,49.63,49.6,49.63,86058.0
2025-02-18 15:55:00-0500,49.625,49.63,49.62,49.625,34821.0
2025-02-18 16:00:00-0500,49.625,49.64,49.62,49.635,33395.0
2025-02-19 09:35:00-0500,49.635,49.635,49.635,49.635,0.0
2025-02-19 09:40:00-0500,49.635,49.635,49.635,49.635,0.0
2025-02-19 09:45:00-0500,49.635,49.635,49.635,49.635,0.0
2025-02-19 09:50:00-0500,49.635,49.635,49.635,49.635,0.0
2025-02-19 09:55:00-0500,49.635,49.635,49.635,49.635,0.0
2025-02-19 10:00:00-0500,49.635,49.635,49.635,49.635,0.0
2025-02-19 10:05:00-0500,49.635,49.635,49.635,49.635,0.0
2025-02-19 10:10:00-0500,49.635,49.635,49.635,49.635,0.0
2025-02-19 10:15:00-0500,49.635,49.635,49.635,49.635,0.0
2025-02-19 10:20:00-0500,49.635,49.635,49.635,49.635,0.0
2025-02-19 10:25:00-0500,49.635,49.635,49.635,49.635,0.0
2025-02-19 10:30:00-0500,49.635,49.635,49.635,49.635,0.0
2025-02-19 10:35:00-0500,49.635,49.635,49.635,49.635,0.0
2025-02-19 10:40:00-0500,49.635,49.635,49.635,49.635,0.0
2025-02-19 10:45:00-0500,49.635,49.635,49.635,49.635,0.0
2025-02-19 10:50:00-0500,49.635,49.635,49.635,49.635,0.0
2025-02-19 10:55:00-0500,49.635,49.635,49.635,49.635,0.0
2025-02-19 11:00:00-0500,49.635,49.635,49.635,49.635,0.0
2025-02-19 11:05:00-0500,49.635,49.635,49.635,49.635,0.0
2025-02-19 11:10:00-0500,49.635,49.635,49.635,49.635,0.0
2025-02-19 11:15:00-0500,49.635,49.635,49.635,49.635,0.0
2025-02-19 11:20:00-0500,49.635,49.635,49.635,49.635,0.0
2025-02-19 11:25:00-0500,49.635,49.635,49.635,49.635,0.0
2025-02-19 11:30:00-0500,49.635,49.635,49.635,49.635,0.0
2025-02-19 11:35:00-0500,49.635,49.635,49.635,49.635,0.0
2025-02-19 11:40:00-0500,49.635,49.635,49.635,49.635,0.0
2025-02-19 11:45:00-0500,49.635,49.635,49.635,49.635,0.0
2025-02-19 11:50:00-0500,49.635,49.635,49.635,49.635,0.0
2025-02-19 11:55:00-0500,49.635,49.635,49.635,49.635,0.0
2025-02-19 12:00:00-0500,49.635,49.66,49.635,49.65,510.0
2025-02-19 12:05:00-0500,49.65,49.65,49.65,49.65,0.0
2025-02-19 12:10:00-0500,49.65,49.65,49.65,49.65,0.0
2025-02-19 12:15:00-0500,49.65,49.65,49.65,49.65,0.0
2025-02-19 12:20:00-0500,49.65,49.65,49.65,49.65,0.0
2025-02-19 12:25:00-0500,49.65,49.65,49.65,49.65,0.0
2025-02-19 12:30:00-0500,49.65,49.65,49.65,49.65,0.0
2025-02-19 12:35:00-0500,49.65,49.65,49.65,49.65,0.0
2025-02-19 12:40:00-0500,49.65,49.65,49.65,49.65,0.0
2025-02-19 12:45:00-0500,49.65,49.65,49.65,49.65,0.0
2025-02-19 12:50:00-0500,49.65,49.65,49.65,49.65,0.0
2025-02-19 12:55:00-0500,49.65,49.65,49.65,49.65,0.0
2025-02-19 13:00:00-0500,49.65,49.66,49.59,49.6505,278670.0
2025-02-19 13:05:00-0500,49.6505,49.6505,49.6505,49.6505,0.0
2025-02-19 13:10:00-0500,49.6505,49.6505,49.6505,49.6505,0.0
2025-02-19 13:15:00-0500,49.6505,49.6505,49.6505,49.6505,0.0
2025-02-19 13:20:00-0500,49.6505,49.6505,49.6505,49.6505,0.0
2025-02-19 13:25:00-0500,49.6505,49.6505,49.6505,49.6505,0.0
2025-02-19 13:30:00-0500,49.6505,49.71,49.6505,49.71,105.0
2025-02-19 13:35:00-0500,49.71,49.71,49.71,49.71,3862.0
2025-02-19 13:40:00-0500,49.71,49.71,49.71,49.71,0.0
2025-02-19 13:45:00-0500,49.71,49.71,49.71,49.71,0.0
2025-02-19 13:50:00-0500,49.71,49.71,49.71,49.71,0.0
2025-02-19 13:55:00-0500,49.71,49.71,49.71,49.71,0.0
2025-02-19 14:00:00-0500,49.71,49.71,49.65,49.65,4798.0
2025-02-19 14:05:00-0500,49.65,49.65,49.65,49.65,0.0
2025-02-19 14:10:00-0500,49.65,49.65,49.65,49.65,0.0
2025-02-19 14:15:00-0500,49.65,49.7,49.65,49.7,1500.0
2025-02-19 14:20:00-0500,49.7,49.7,49.7,49.7,3505.0
2025-02-19 14:25:00-0500,49.7,49.7,49.62,49.62,2738.0
2025-02-19 14:30:00-0500,49.62,49.72,49.6,49.6,83730.0
2025-02-19 14:35:00-0500,49.6,49.635,49.5875,49.615,64075.0
2025-02-19 14:40:00-0500,49.6139,49.64,49.6139,49.635,50102.0
2025-02-19 14:45:00-0500,49.63,49.64,49.605,49.635,47931.0
2025-02-19 14:50:00-0500,49.64,49.65,49.63,49.6435,53405.0
2025-02-19 14:55:00-0500,49.645,49.66,49.64,49.66,55213.0
2025-02-19 15:00:00-0500,49.665,49.67,49.645,49.65,70108.0
2025-02-19 15:05:00-0500,49.655,49.66,49.61,49.61,40913.0
2025-02-19 15:10:00-0500,49.61,49.63,49.605,49.62,27300.0
2025-02-19 15:15:00-0500,49.62,49.64,49.615,49.62,33615.0
2025-02-19 15:20:00-0500,49.625,49.64,49.625,49.635,15730.0
2025-02-19 15:25:00-0500,49.635,49.65,49.63,49.645,27264.0
2025-02-19 15:30:00-0500,49.645,49.65,49.635,49.64,24156.0
2025-02-19 15:35:00-0500,49.64,49.66,49.64,49.655,32352.0
2025-02-19 15:40:00-0500,49.6599,49.67,49.65,49.655,51649.0
2025-02-19 15:45:00-0500,49.655,49.6554,49.64,49.645,27818.0
2025-02-19 15:50:00-0500,49.64,49.6569,49.63,49.655,125490.0
2025-02-19 15:55:00-0500,49.655,49.66,49.64,49.64,19628.0
2025-02-19 16:00:00-0500,49.64,49.64,49.625,49.635,20315.0
2025-02-20 09:35:00-0500,49.635,49.635,49.635,49.635,0.0
2025-02-20 09:40:00-0500,49.635,49.635,49.635,49.635,0.0
2025-02-20 09:45:00-0500,49.635,49.635,49.635,49.635,0.0
2025-02-20 09:50:00-0500,49.635,49.635,49.635,49.635,0.0
2025-02-20 09:55:00-0500,49.635,49.635,49.635,49.635,0.0
2025-02-20 10:00:00-0500,49.635,49.635,49.635,49.635,0.0
2025-02-20 10:05:00-0500,49.635,49.635,49.635,49.635,0.0
2025-02-20 10:10:00-0500,49.635,49.635,49.635,49.635,0.0
2025-02-20 10:15:00-0500,49.635,49.635,49.635,49.635,0.0
2025-02-20 10:20:00-0500,49.635,49.635,49.635,49.635,0.0
2025-02-20 10:25:00-0500,49.635,49.635,49.635,49.635,0.0
2025-02-20 10:30:00-0500,49.635,49.635,49.635,49.635,0.0
2025-02-20 10:35:00-0500,49.635,49.635,49.635,49.635,0.0
2025-02-20 10:40:00-0500,49.635,49.635,49.635,49.635,0.0
2025-02-20 10:45:00-0500,49.635,49.635,49.635,49.635,0.0
2025-02-20 10:50:00-0500,49.635,49.635,49.635,49.635,0.0
2025-02-20 10:55:00-0500,49.635,49.635,49.635,49.635,0.0
2025-02-20 11:00:00-0500,49.635,49.635,49.635,49.635,0.0
2025-02-20 11:05:00-0500,49.635,49.635,49.635,49.635,0.0
2025-02-20 11:10:00-0500,49.635,49.635,49.635,49.635,0.0
2025-02-20 11:15:00-0500,49.635,49.635,49.635,49.635,0.0
2025-02-20 11:20:00-0500,49.635,49.635,49.635,49.635,0.0
2025-02-20 11:25:00-0500,49.635,49.635,49.635,49.635,0.0
2025-02-20 11:30:00-0500,49.635,49.635,49.635,49.635,0.0
2025-02-20 11:35:00-0500,49.635,49.635,49.635,49.635,0.0
2025-02-20 11:40:00-0500,49.635,49.635,49.635,49.635,0.0
2025-02-20 11:45:00-0500,49.635,49.635,49.635,49.635,0.0
2025-02-20 11:50:00-0500,49.635,49.635,49.635,49.635,0.0
2025-02-20 11:55:00-0500,49.635,49.635,49.635,49.635,0.0
2025-02-20 12:00:00-0500,49.635,49.635,49.635,49.635,0.0
2025-02-20 12:05:00-0500,49.635,49.635,49.635,49.635,0.0
2025-02-20 12:10:00-0500,49.635,49.635,49.635,49.635,0.0
2025-02-20 12:15:00-0500,49.635,49.635,49.635,49.635,0.0
2025-02-20 12:20:00-0500,49.635,49.635,49.635,49.635,0.0
2025-02-20 12:25:00-0500,49.635,49.635,49.635,49.635,0.0
2025-02-20 12:30:00-0500,49.635,49.635,49.635,49.635,0.0
2025-02-20 12:35:00-0500,49.635,49.635,49.635,49.635,0.0
2025-02-20 12:40:00-0500,49.635,49.635,49.635,49.635,0.0
2025-02-20 12:45:00-0500,49.635,49.635,49.635,49.635,0.0
2025-02-20 12:50:00-0500,49.635,49.635,49.635,49.635,0.0
2025-02-20 12:55:00-0500,49.635,49.635,49.635,49.635,0.0
2025-02-20 13:00:00-0500,49.635,50.14,49.635,49.9,206392.0
2025-02-20 13:05:00-0500,49.9,49.9,49.9,49.9,0.0
2025-02-20 13:10:00-0500,49.9,49.9,49.9,49.9,0.0
2025-02-20 13:15:00-0500,49.885,49.885,49.8278,49.8278,703.0
2025-02-20 13:20:00-0500,49.8278,49.8278,49.8278,49.8278,0.0
2025-02-20 13:25:00-0500,49.8278,49.98,49.8278,49.828,2142.0
2025-02-20 13:30:00-0500,49.828,49.828,49.828,49.828,300.0
2025-02-20 13:35:00-0500,49.828,50.0,49.828,49.87,428.0
2025-02-20 13:40:00-0500,49.87,49.87,49.87,49.87,0.0
2025-02-20 13:45:00-0500,49.87,49.87,49.87,49.87,0.0
2025-02-20 13:50:00-0500,50.0,50.0,50.0,50.0,3171.0
2025-02-20 13:55:00-0500,50.0,50.0,50.0,50.0,110.0
2025-02-20 14:00:00-0500,50.0,50.0,49.98,49.98,2000.0
2025-02-20 14:05:00-0500,50.03,50.03,50.03,50.03,102.0
2025-02-20 14:10:00-0500,50.07,50.07,50.07,50.07,5000.0
2025-02-20 14:15:00-0500,50.07,50.07,50.05,50.05,510.0
2025-02-20 14:20:00-0500,50.05,50.0691,50.05,50.0691,241.0
2025-02-20 14:25:00-0500,50.0691,50.0692,50.06,50.06,201.0
2025-02-20 14:30:00-0500,50.06,50.08,50.04,50.07,119871.0
2025-02-20 14:35:00-0500,50.065,50.1665,50.06,50.1665,146124.0
2025-02-20 14:40:00-0500,50.165,50.185,50.15,50.165,120668.0
2025-02-20 14:45:00-0500,50.165,50.165,50.11,50.125,57464.0
2025-02-20 14:50:00-0500,50.12,50.1288,50.09,50.1,87489.0
2025-02-20 14:55:00-0500,50.115,50.12,50.05,50.06,212100.0
2025-02-20 15:00:00-0500,50.055,50.07,50.005,50.005,237547.0
2025-02-20 15:05:00-0500,50.005,50.03,49.98,50.02,130702.0
2025-02-20 15:10:00-0500,50.02,50.03,50.0,50.01,94690.0
2025-02-20 15:15:00-0500,50.01,50.04,50.0,50.035,55538.0
2025-02-20 15:20:00-0500,50.0307,50.04,50.0,50.025,67968.0
2025-02-20 15:25:00-0500,50.0288,50.05,50.01,50.0476,116135.0
2025-02-20 15:30:00-0500,50.05,50.065,50.04,50.0635,37328.0
2025-02-20 15:35:00-0500,50.065,50.07,50.04,50.045,43754.0
2025-02-20 15:40:00-0500,50.045,50.0499,50.01,50.01,35673.0
2025-02-20 15:45:00-0500,50.015,50.02,50.01,50.015,20760.0
2025-02-20 15:50:00-0500,50.015,50.015,50.0,50.01,48955.0
2025-02-20 15:55:00-0500,50.01,50.03,50.0,50.0201,108794.0
2025-02-20 16:00:00-0500,50.03,50.03,50.01,50.015,44469.0
2025-02-21 09:35:00-0500,50.015,50.015,50.015,50.015,0.0
2025-02-21 09:40:00-0500,50.015,50.015,50.015,50.015,0.0
2025-02-21 09:45:00-0500,50.015,50.015,50.015,50.015,0.0
2025-02-21 09:50:00-0500,50.015,50.015,50.015,50.015,0.0
2025-02-21 09:55:00-0500,50.015,50.015,50.015,50.015,0.0
2025-02-21 10:00:00-0500,50.015,50.015,50.015,50.015,0.0
2025-02-21 10:05:00-0500,50.015,50.015,50.015,50.015,0.0
2025-02-21 10:10:00-0500,50.015,50.015,50.015,50.015,0.0
2025-02-21 10:15:00-0500,50.015,50.015,50.015,50.015,0.0
2025-02-21 10:20:00-0500,50.015,50.015,50.015,50.015,0.0
2025-02-21 10:25:00-0500,50.015,50.015,50.015,50.015,0.0
2025-02-21 10:30:00-0500,50.015,50.015,50.015,50.015,0.0
2025-02-21 10:35:00-0500,50.015,50.015,50.015,50.015,0.0
2025-02-21 10:40:00-0500,50.015,50.015,50.015,50.015,0.0
2025-02-21 10:45:00-0500,50.015,50.015,50.015,50.015,0.0
2025-02-21 10:50:00-0500,50.015,50.015,50.015,50.015,0.0
2025-02-21 10:55:00-0500,50.015,50.015,50.015,50.015,0.0
2025-02-21 11:00:00-0500,50.015,50.015,50.015,50.015,0.0
2025-02-21 11:05:00-0500,50.015,50.015,50.015,50.015,0.0
2025-02-21 11:10:00-0500,50.015,50.015,50.015,50.015,0.0
2025-02-21 11:15:00-0500,50.015,50.015,50.015,50.015,0.0
2025-02-21 11:20:00-0500,50.015,50.015,50.015,50.015,0.0
2025-02-21 11:25:00-0500,50.015,50.015,50.015,50.015,0.0
2025-02-21 11:30:00-0500,50.015,50.015,50.015,50.015,0.0
2025-02-21 11:35:00-0500,50.015,50.015,50.015,50.015,0.0
2025-02-21 11:40:00-0500,50.015,50.015,50.015,50.015,0.0
2025-02-21 11:45:00-0500,50.015,50.015,50.015,50.015,0.0
2025-02-21 11:50:00-0500,50.015,50.015,50.015,50.015,0.0
2025-02-21 11:55:00-0500,50.015,50.015,50.015,50.015,0.0
2025-02-21 12:00:00-0500,50.015,50.015,50.015,50.015,0.0
2025-02-21 12:05:00-0500,50.015,50.015,50.015,50.015,0.0
2025-02-21 12:10:00-0500,50.015,50.015,50.015,50.015,0.0
2025-02-21 12:15:00-0500,50.015,50.015,50.015,50.015,0.0
2025-02-21 12:20:00-0500,50.015,50.015,50.015,50.015,0.0
2025-02-21 12:25:00-0500,50.015,50.015,50.015,50.015,0.0
2025-02-21 12:30:00-0500,50.015,50.015,50.015,50.015,0.0
2025-02-21 12:35:00-0500,50.015,50.015,50.015,50.015,0.0
2025-02-21 12:40:00-0500,50.015,50.015,50.015,50.015,0.0
2025-02-21 12:45:00-0500,50.015,50.015,50.015,50.015,0.0
2025-02-21 12:50:00-0500,50.015,50.015,50.015,50.015,0.0
2025-02-21 12:55:00-0500,50.015,50.015,50.015,50.015,0.0
2025-02-21 13:00:00-0500,50.015,50.015,50.015,50.015,0.0
2025-02-21 13:05:00-0500,50.015,50.015,50.015,50.015,0.0
2025-02-21 13:10:00-0500,50.015,50.015,50.015,50.015,0.0
2025-02-21 13:15:00-0500,50.015,50.015,50.015,50.015,0.0
2025-02-21 13:20:00-0500,50.015,50.015,50.015,50.015,0.0
2025-02-21 13:25:00-0500,50.015,50.015,50.015,50.015,0.0
2025-02-21 13:30:00-0500,50.015,50.015,49.8,49.8,1001.0
2025-02-21 13:35:00-0500,49.78,49.78,49.78,49.78,508.0
2025-02-21 13:40:00-0500,49.78,49.78,49.78,49.78,0.0
2025-02-21 13:45:00-0500,49.78,49.78,49.78,49.78,0.0
2025-02-21 13:50:00-0500,49.78,49.82,49.78,49.81,383.0
2025-02-21 13:55:00-0500,49.81,49.81,49.81,49.81,0.0
2025-02-21 14:00:00-0500,49.81,49.81,49.7701,49.7701,1284.0
2025-02-21 14:05:00-0500,49.7701,49.7701,49.7701,49.7701,0.0
2025-02-21 14:10:00-0500,49.7701,49.7701,49.7701,49.7701,0.0
2025-02-21 14:15:00-0500,49.7701,49.7701,49.7701,49.7701,0.0
2025-02-21 14:20:00-0500,49.7701,49.7701,49.7701,49.7701,0.0
2025-02-21 14:25:00-0500,49.7701,49.7701,49.7701,49.7701,0.0
2025-02-21 14:30:00-0500,49.7701,49.81,49.735,49.735,30540.0
2025-02-21 14:35:00-0500,49.73,49.735,49.72,49.72,94502.0
2025-02-21 14:40:00-0500,49.715,49.72,49.69,49.7,72590.0
2025-02-21 14:45:00-0500,49.7,49.76,49.695,49.76,59044.0
2025-02-21 14:50:00-0500,49.755,49.77,49.74,49.745,129766.0
2025-02-21 14:55:00-0500,49.745,49.79,49.7402,49.78,43617.0
2025-02-21 15:00:00-0500,49.77,49.7757,49.74,49.7711,55959.0
2025-02-21 15:05:00-0500,49.7793,49.8,49.7746,49.795,66157.0
2025-02-21 15:10:00-0500,49.79,49.795,49.755,49.77,134897.0
2025-02-21 15:15:00-0500,49.77,49.78,49.74,49.745,81456.0
2025-02-21 15:20:00-0500,49.745,49.76,49.74,49.74,62202.0
2025-02-21 15:25:00-0500,49.745,49.745,49.705,49.705,61078.0
2025-02-21 15:30:00-0500,49.705,49.715,49.6825,49.69,86695.0
2025-02-21 15:35:00-0500,49.69,49.7,49.6707,49.68,57757.0
2025-02-21 15:40:00-0500,49.69,49.69,49.66,49.67,36121.0
2025-02-21 15:45:00-0500,49.6721,49.68,49.66,49.68,56900.0
2025-02-21 15:50:00-0500,49.675,49.69,49.67,49.68,91478.0
2025-02-21 15:55:00-0500,49.68,49.7,49.67,49.67,172948.0
2025-02-21 16:00:00-0500,49.68,49.68,49.65,49.66,100993.0
2025-02-24 09:35:00-0500,49.66,49.66,49.66,49.66,0.0
2025-02-24 09:40:00-0500,49.66,49.66,49.66,49.66,0.0
2025-02-24 09:45:00-0500,49.66,49.66,49.66,49.66,0.0
2025-02-24 09:50:00-0500,49.66,49.66,49.66,49.66,0.0
2025-02-24 09:55:00-0500,49.66,49.66,49.66,49.66,0.0
2025-02-24 10:00:00-0500,49.66,49.66,49.66,49.66,0.0
2025-02-24 10:05:00-0500,49.66,49.66,49.66,49.66,0.0
2025-02-24 10:10:00-0500,49.66,49.66,49.66,49.66,0.0
2025-02-24 10:15:00-0500,49.66,49.66,49.66,49.66,0.0
2025-02-24 10:20:00-0500,49.66,49.66,49.66,49.66,0.0
2025-02-24 10:25:00-0500,49.66,49.66,49.66,49.66,0.0
2025-02-24 10:30:00-0500,49.66,49.66,49.66,49.66,0.0
2025-02-24 10:35:00-0500,49.66,49.66,49.4,49.4,100.0
2025-02-24 10:40:00-0500,49.4,49.4,49.4,49.4,0.0
2025-02-24 10:45:00-0500,49.4,49.4,49.3,49.36,996.0
2025-02-24 10:50:00-0500,49.36,49.36,49.2,49.2,984.0
2025-02-24 10:55:00-0500,49.2,49.2,49.15,49.15,3765.0
2025-02-24 11:00:00-0500,49.15,49.15,49.15,49.15,0.0
2025-02-24 11:05:00-0500,49.15,49.15,49.15,49.15,0.0
2025-02-24 11:10:00-0500,49.15,49.15,49.15,49.15,0.0
2025-02-24 11:15:00-0500,49.15,49.15,49.15,49.15,0.0
2025-02-24 11:20:00-0500,49.15,49.15,49.15,49.15,0.0
2025-02-24 11:25:00-0500,49.15,49.15,49.15,49.15,0.0
2025-02-24 11:30:00-0500,49.15,49.15,49.15,49.15,0.0
2025-02-24 11:35:00-0500,49.15,49.15,49.15,49.15,0.0
2025-02-24 11:40:00-0500,49.15,49.15,49.15,49.15,0.0
2025-02-24 11:45:00-0500,49.15,49.15,49.15,49.15,0.0
2025-02-24 11:50:00-0500,49.15,49.15,49.15,49.15,0.0
2025-02-24 11:55:00-0500,49.15,49.15,49.15,49.15,0.0
2025-02-24 12:00:00-0500,49.15,49.15,49.15,49.15,0.0
2025-02-24 12:05:00-0500,49.15,49.15,49.15,49.15,0.0
2025-02-24 12:10:00-0500,49.15,49.31,49.15,49.31,2004.0
2025-02-24 12:15:00-0500,49.31,49.31,49.31,49.31,0.0
2025-02-24 12:20:00-0500,49.31,49.31,49.31,49.31,0.0
2025-02-24 12:25:00-0500,49.31,49.31,49.31,49.31,0.0
2025-02-24 12:30:00-0500,49.31,49.31,49.31,49.31,0.0
2025-02-24 12:35:00-0500,49.31,49.31,49.31,49.31,0.0
2025-02-24 12:40:00-0500,49.31,49.31,49.31,49.31,0.0
2025-02-24 12:45:00-0500,49.31,49.31,49.3,49.3,534.0
2025-02-24 12:50:00-0500,49.3,49.32,49.3,49.32,332.0
2025-02-24 12:55:00-0500,49.32,49.32,49.32,49.32,0.0
2025-02-24 13:00:00-0500,49.32,49.41,49.14,49.36,94143.0
2025-02-24 13:05:00-0500,49.36,49.36,49.36,49.36,0.0
2025-02-24 13:10:00-0500,49.36,49.36,49.36,49.36,0.0
2025-02-24 13:15:00-0500,49.36,49.36,49.36,49.36,0.0
2025-02-24 13:20:00-0500,49.3,49.3,49.3,49.3,4607.0
2025-02-24 13:25:00-0500,49.3,49.3,49.25,49.25,567.0
2025-02-24 13:30:00-0500,49.25,49.47,49.25,49.47,56824.0
2025-02-24 13:35:00-0500,49.47,49.47,49.2104,49.2104,1215.0
2025-02-24 13:40:00-0500,49.6699,49.6699,49.6699,49.6699,500.0
2025-02-24 13:45:00-0500,49.6699,49.6699,49.21,49.27,4058.0
2025-02-24 13:50:00-0500,49.26,49.38,49.26,49.38,512.0
2025-02-24 13:55:00-0500,49.27,49.27,49.26,49.26,856.0
2025-02-24 14:00:00-0500,49.26,49.26,49.26,49.26,0.0
2025-02-24 14:05:00-0500,49.26,49.26,49.26,49.26,0.0
2025-02-24 14:10:00-0500,49.26,49.28,49.26,49.28,1091.0
2025-02-24 14:15:00-0500,49.28,49.28,49.28,49.28,0.0
2025-02-24 14:20:00-0500,49.28,49.28,49.28,49.28,0.0
2025-02-24 14:25:00-0500,49.28,49.28,49.28,49.28,0.0
2025-02-24 14:30:00-0500,49.28,49.28,49.22,49.2403,58652.0
2025-02-24 14:35:00-0500,49.24,49.2601,49.22,49.225,92356.0
2025-02-24 14:40:00-0500,49.22,49.24,49.2,49.235,189098.0
2025-02-24 14:45:00-0500,49.235,49.26,49.235,49.25,78970.0
2025-02-24 14:50:00-0500,49.255,49.259,49.23,49.24,73472.0
2025-02-24 14:55:00-0500,49.24,49.24,49.2,49.22,61356.0
2025-02-24 15:00:00-0500,49.21,49.2101,49.175,49.185,91332.0
2025-02-24 15:05:00-0500,49.1879,49.19,49.16,49.165,33425.0
2025-02-24 15:10:00-0500,49.16,49.19,49.155,49.185,46725.0
2025-02-24 15:15:00-0500,49.185,49.24,49.1801,49.21,88929.0
2025-02-24 15:20:00-0500,49.21,49.21,49.19,49.19,54119.0
2025-02-24 15:25:00-0500,49.1997,49.2051,49.19,49.2,22993.0
2025-02-24 15:30:00-0500,49.195,49.2,49.17,49.18,25264.0
2025-02-24 15:35:00-0500,49.175,49.185,49.175,49.185,13550.0
2025-02-24 15:40:00-0500,49.185,49.19,49.175,49.19,27758.0
2025-02-24 15:45:00-0500,49.195,49.2,49.19,49.19,16898.0
2025-02-24 15:50:00-0500,49.19,49.195,49.17,49.185,58334.0
2025-02-24 15:55:00-0500,49.18,49.18,49.17,49.175,47819.0
2025-02-24 16:00:00-0500,49.17,49.17,49.15,49.165,43148.0
2025-02-25 09:35:00-0500,49.165,49.165,49.165,49.165,0.0
2025-02-25 09:40:00-0500,49.165,49.165,49.165,49.165,0.0
2025-02-25 09:45:00-0500,49.165,49.165,49.165,49.165,0.0
2025-02-25 09:50:00-0500,49.165,49.165,49.165,49.165,0.0
2025-02-25 09:55:00-0500,49.165,49.165,49.165,49.165,0.0
2025-02-25 10:00:00-0500,49.165,49.165,49.165,49.165,0.0
2025-02-25 10:05:00-0500,49.165,49.165,49.165,49.165,0.0
2025-02-25 10:10:00-0500,49.165,49.165,49.165,49.165,0.0
2025-02-25 10:15:00-0500,49.165,49.165,49.165,49.165,0.0
2025-02-25 10:20:00-0500,49.165,49.165,49.165,49.165,0.0
2025-02-25 10:25:00-0500,49.165,49.165,49.165,49.165,0.0
2025-02-25 10:30:00-0500,49.165,49.165,49.165,49.165,0.0
2025-02-25 10:35:00-0500,49.165,49.165,49.165,49.165,0.0
2025-02-25 10:40:00-0500,49.165,49.165,49.165,49.165,0.0
2025-02-25 10:45:00-0500,49.165,49.165,49.165,49.165,0.0
2025-02-25 10:50:00-0500,49.165,49.165,49.165,49.165,0.0
2025-02-25 10:55:00-0500,49.165,49.165,49.165,49.165,0.0
2025-02-25 11:00:00-0500,49.165,49.165,49.165,49.165,0.0
2025-02-25 11:05:00-0500,49.165,49.165,49.165,49.165,0.0
2025-02-25 11:10:00-0500,49.165,49.165,49.165,49.165,0.0
2025-02-25 11:15:00-0500,49.165,49.165,49.165,49.165,0.0
2025-02-25 11:20:00-0500,49.165,49.165,49.165,49.165,0.0
2025-02-25 11:25:00-0500,49.165,49.165,49.165,49.165,0.0
2025-02-25 11:30:00-0500,49.165,49.165,49.165,49.165,0.0
2025-02-25 11:35:00-0500,49.165,49.165,49.165,49.165,0.0
2025-02-25 11:40:00-0500,49.165,49.165,49.165,49.165,0.0
2025-02-25 11:45:00-0500,49.165,49.165,49.165,49.165,0.0
2025-02-25 11:50:00-0500,49.165,49.165,49.165,49.165,0.0
2025-02-25 11:55:00-0500,49.165,49.165,49.165,49.165,0.0
2025-02-25 12:00:00-0500,49.165,49.165,49.165,49.165,0.0
2025-02-25 12:05:00-0500,49.165,49.165,49.165,49.165,0.0
2025-02-25 12:10:00-0500,49.165,49.165,49.165,49.165,0.0
2025-02-25 12:15:00-0500,49.165,49.165,49.165,49.165,0.0
2025-02-25 12:20:00-0500,49.165,49.165,49.165,49.165,0.0
2025-02-25 12:25:00-0500,49.165,49.165,49.165,49.165,0.0
2025-02-25 12:30:00-0500,49.165,49.165,49.165,49.165,0.0
2025-02-25 12:35:00-0500,49.165,49.165,49.165,49.165,0.0
2025-02-25 12:40:00-0500,49.165,49.165,49.165,49.165,0.0
2025-02-25 12:45:00-0500,49.165,49.165,49.165,49.165,0.0
2025-02-25 12:50:00-0500,49.165,49.165,49.165,49.165,0.0
2025-02-25 12:55:00-0500,49.1,49.11,49.1,49.11,4293.0
2025-02-25 13:00:00-0500,49.11,49.15,48.82,49.08,2961.0
2025-02-25 13:05:00-0500,49.08,49.08,49.08,49.08,0.0
2025-02-25 13:10:00-0500,49.08,49.08,49.08,49.08,0.0
2025-02-25 13:15:00-0500,49.08,49.08,49.08,49.08,0.0
2025-02-25 13:20:00-0500,49.08,49.08,49.08,49.08,0.0
2025-02-25 13:25:00-0500,49.08,49.08,49.08,49.08,0.0
2025-02-25 13:30:00-0500,49.08,49.08,49.08,49.08,101.0
2025-02-25 13:35:00-0500,49.08,49.08,49.04,49.04,700.0
2025-02-25 13:40:00-0500,49.04,49.04,49.04,49.04,0.0
2025-02-25 13:45:00-0500,49.04,49.04,49.03,49.03,101.0
2025-02-25 13:50:00-0500,49.02,49.02,49.02,49.02,501.0
2025-02-25 13:55:00-0500,49.02,49.02,49.02,49.02,0.0
2025-02-25 14:00:00-0500,49.02,49.02,49.02,49.02,0.0
2025-02-25 14:05:00-0500,49.02,49.02,49.02,49.02,0.0
2025-02-25 14:10:00-0500,49.02,49.02,49.02,49.02,0.0
2025-02-25 14:15:00-0500,49.02,49.02,49.02,49.02,0.0
2025-02-25 14:20:00-0500,49.02,49.06,49.02,49.06,232.0
2025-02-25 14:25:00-0500,49.06,49.06,49.06,49.06,0.0
2025-02-25 14:30:00-0500,49.06,49.06,49.03,49.04,69940.0
2025-02-25 14:35:00-0500,49.03,49.0787,49.01,49.055,59033.0
2025-02-25 14:40:00-0500,49.055,49.09,49.045,49.09,122420.0
2025-02-25 14:45:00-0500,49.09,49.115,49.08,49.09,115344.0
2025-02-25 14:50:00-0500,49.0902,49.105,49.075,49.09,232208.0
2025-02-25 14:55:00-0500,49.09,49.1,49.05,49.08,47724.0
2025-02-25 15:00:00-0500,49.0707,49.115,49.0707,49.1,121346.0
2025-02-25 15:05:00-0500,49.1,49.1,49.05,49.06,177045.0
2025-02-25 15:10:00-0500,49.06,49.09,49.06,49.07,113987.0
2025-02-25 15:15:00-0500,49.07,49.07,49.04,49.05,48571.0
2025-02-25 15:20:00-0500,49.0501,49.06,49.01,49.01,33638.0
2025-02-25 15:25:00-0500,49.01,49.025,49.0,49.015,64258.0
2025-02-25 15:30:00-0500,49.015,49.02,49.0,49.005,33991.0
2025-02-25 15:35:00-0500,49.0,49.01,48.99,49.005,128865.0
2025-02-25 15:40:00-0500,49.01,49.03,49.005,49.02,50515.0
2025-02-25 15:45:00-0500,49.02,49.03,49.01,49.02,28721.0
2025-02-25 15:50:00-0500,49.02,49.03,49.01,49.03,34423.0
2025-02-25 15:55:00-0500,49.04,49.07,49.035,49.0664,18840.0
2025-02-25 16:00:00-0500,49.065,49.07,49.05,49.055,62805.0
2025-02-26 09:35:00-0500,49.055,49.055,49.055,49.055,0.0
2025-02-26 09:40:00-0500,49.055,49.055,49.055,49.055,0.0
2025-02-26 09:45:00-0500,49.055,49.055,49.055,49.055,0.0
2025-02-26 09:50:00-0500,49.055,49.055,49.055,49.055,0.0
2025-02-26 09:55:00-0500,49.055,49.055,49.055,49.055,0.0
2025-02-26 10:00:00-0500,49.055,49.055,49.055,49.055,0.0
2025-02-26 10:05:00-0500,49.055,49.055,49.055,49.055,0.0
2025-02-26 10:10:00-0500,49.055,49.055,49.055,49.055,0.0
2025-02-26 10:15:00-0500,49.055,49.055,49.055,49.055,0.0
2025-02-26 10:20:00-0500,49.055,49.055,49.055,49.055,0.0
2025-02-26 10:25:00-0500,49.055,49.055,49.055,49.055,0.0
2025-02-26 10:30:00-0500,49.055,49.055,49.055,49.055,0.0
2025-02-26 10:35:00-0500,49.055,49.055,49.055,49.055,0.0
2025-02-26 10:40:00-0500,49.055,49.055,49.055,49.055,0.0
2025-02-26 10:45:00-0500,49.055,49.055,49.055,49.055,0.0
2025-02-26 10:50:00-0500,49.055,49.055,49.055,49.055,0.0
2025-02-26 10:55:00-0500,49.055,49.055,49.055,49.055,0.0
2025-02-26 11:00:00-0500,49.055,49.055,49.055,49.055,0.0
2025-02-26 11:05:00-0500,49.055,49.055,49.055,49.055,0.0
2025-02-26 11:10:00-0500,49.055,49.055,49.055,49.055,0.0
2025-02-26 11:15:00-0500,49.055,49.055,49.055,49.055,0.0
2025-02-26 11:20:00-0500,49.055,49.055,49.055,49.055,0.0
2025-02-26 11:25:00-0500,49.055,49.055,49.055,49.055,0.0
2025-02-26 11:30:00-0500,49.055,49.055,49.055,49.055,0.0
2025-02-26 11:35:00-0500,49.055,49.055,49.055,49.055,0.0
2025-02-26 11:40:00-0500,49.055,49.055,49.055,49.055,0.0
2025-02-26 11:45:00-0500,49.055,49.21,49.055,49.21,268.0
2025-02-26 11:50:00-0500,49.21,49.21,49.21,49.21,0.0
2025-02-26 11:55:00-0500,49.21,49.21,49.21,49.21,0.0
2025-02-26 12:00:00-0500,49.21,49.21,49.21,49.21,0.0
2025-02-26 12:05:00-0500,49.24,49.24,49.23,49.23,1000.0
2025-02-26 12:10:00-0500,49.23,49.23,49.23,49.23,0.0
2025-02-26 12:15:00-0500,49.23,49.23,49.23,49.23,0.0
2025-02-26 12:20:00-0500,49.23,49.23,49.23,49.23,0.0
2025-02-26 12:25:00-0500,49.23,49.23,49.23,49.23,0.0
2025-02-26 12:30:00-0500,49.23,49.23,49.23,49.23,0.0
2025-02-26 12:35:00-0500,49.23,49.23,49.23,49.23,0.0
2025-02-26 12:40:00-0500,49.23,49.23,49.23,49.23,0.0
2025-02-26 12:45:00-0500,49.23,49.23,49.23,49.23,0.0
2025-02-26 12:50:00-0500,49.23,49.23,49.23,49.23,0.0
2025-02-26 12:55:00-0500,49.23,49.23,49.23,49.23,0.0
2025-02-26 13:00:00-0500,49.23,49.2499,49.23,49.246,2618.0
2025-02-26 13:05:00-0500,49.246,49.246,49.246,49.246,0.0
2025-02-26 13:10:00-0500,49.246,49.246,49.246,49.246,0.0
2025-02-26 13:15:00-0500,49.246,49.246,49.246,49.246,0.0
2025-02-26 13:20:00-0500,49.246,49.246,49.246,49.246,0.0
2025-02-26 13:25:00-0500,49.246,49.246,49.246,49.246,0.0
2025-02-26 13:30:00-0500,49.246,49.246,49.15,49.15,2613.0
2025-02-26 13:35:00-0500,49.15,49.15,49.15,49.15,0.0
2025-02-26 13:40:00-0500,49.15,49.15,49.15,49.15,0.0
2025-02-26 13:45:00-0500,49.15,49.15,49.15,49.15,0.0
2025-02-26 13:50:00-0500,49.15,49.15,49.15,49.15,0.0
2025-02-26 13:55:00-0500,49.15,49.15,49.15,49.15,0.0
2025-02-26 14:00:00-0500,49.15,49.15,49.15,49.15,0.0
2025-02-26 14:05:00-0500,49.15,49.15,49.15,49.15,0.0
2025-02-26 14:10:00-0500,49.15,49.16,49.15,49.16,104.0
2025-02-26 14:15:00-0500,49.16,49.16,49.16,49.16,0.0
2025-02-26 14:20:00-0500,49.16,49.16,49.145,49.145,155.0
2025-02-26 14:25:00-0500,49.145,49.145,49.1,49.11,1027.0
2025-02-26 14:30:00-0500,49.11,49.14,49.05,49.075,78126.0
2025-02-26 14:35:00-0500,49.08,49.125,49.08,49.1,200959.0
2025-02-26 14:40:00-0500,49.1,49.13,49.1,49.13,168999.0
2025-02-26 14:45:00-0500,49.1213,49.13,49.11,49.125,132439.0
2025-02-26 14:50:00-0500,49.125,49.15,49.12,49.15,149101.0
2025-02-26 14:55:00-0500,49.145,49.16,49.14,49.14,193504.0
2025-02-26 15:00:00-0500,49.14,49.15,49.115,49.14,263328.0
2025-02-26 15:05:00-0500,49.135,49.15,49.13,49.14,44942.0
2025-02-26 15:10:00-0500,49.14,49.15,49.13,49.135,103733.0
2025-02-26 15:15:00-0500,49.14,49.15,49.135,49.1468,79297.0
2025-02-26 15:20:00-0500,49.15,49.175,49.15,49.175,37360.0
2025-02-26 15:25:00-0500,49.175,49.18,49.17,49.175,173804.0
2025-02-26 15:30:00-0500,49.18,49.19,49.17,49.19,106877.0
2025-02-26 15:35:00-0500,49.19,49.21,49.18,49.205,374427.0
2025-02-26 15:40:00-0500,49.21,49.23,49.2,49.23,107279.0
2025-02-26 15:45:00-0500,49.22,49.23,49.21,49.23,171222.0
2025-02-26 15:50:00-0500,49.225,49.23,49.22,49.23,154462.0
2025-02-26 15:55:00-0500,49.225,49.25,49.22,49.235,268106.0
2025-02-26 16:00:00-0500,49.24,49.25,49.23,49.23,50528.0
2025-02-27 09:35:00-0500,49.23,49.23,49.23,49.23,0.0
2025-02-27 09:40:00-0500,49.23,49.23,49.23,49.23,0.0
2025-02-27 09:45:00-0500,49.23,49.23,49.23,49.23,0.0
2025-02-27 09:50:00-0500,49.23,49.23,49.23,49.23,0.0
2025-02-27 09:55:00-0500,49.23,49.23,49.23,49.23,0.0
2025-02-27 10:00:00-0500,49.23,49.23,49.23,49.23,0.0
2025-02-27 10:05:00-0500,49.23,49.23,49.23,49.23,0.0
2025-02-27 10:10:00-0500,49.23,49.23,49.23,49.23,0.0
2025-02-27 10:15:00-0500,49.23,49.23,49.23,49.23,0.0
2025-02-27 10:20:00-0500,49.23,49.23,49.23,49.23,0.0
2025-02-27 10:25:00-0500,49.23,49.23,49.23,49.23,0.0
2025-02-27 10:30:00-0500,49.23,49.23,49.23,49.23,0.0
2025-02-27 10:35:00-0500,49.23,49.23,49.23,49.23,0.0
2025-02-27 10:40:00-0500,49.23,49.23,49.23,49.23,0.0
2025-02-27 10:45:00-0500,49.23,49.23,49.23,49.23,0.0
2025-02-27 10:50:00-0500,49.23,49.23,49.23,49.23,0.0
2025-02-27 10:55:00-0500,49.23,49.23,49.23,49.23,0.0
2025-02-27 11:00:00-0500,49.23,49.23,49.23,49.23,0.0
2025-02-27 11:05:00-0500,49.23,49.23,49.23,49.23,0.0
2025-02-27 11:10:00-0500,49.23,49.23,49.23,49.23,0.0
2025-02-27 11:15:00-0500,49.23,49.23,49.23,49.23,0.0
2025-02-27 11:20:00-0500,49.23,49.23,49.23,49.23,0.0
2025-02-27 11:25:00-0500,49.23,49.23,49.23,49.23,0.0
2025-02-27 11:30:00-0500,49.23,49.23,49.23,49.23,0.0
2025-02-27 11:35:00-0500,49.23,49.23,49.23,49.23,0.0
2025-02-27 11:40:00-0500,49.23,49.23,49.23,49.23,0.0
2025-02-27 11:45:00-0500,49.23,49.23,49.23,49.23,0.0
2025-02-27 11:50:00-0500,49.23,49.23,49.23,49.23,0.0
2025-02-27 11:55:00-0500,49.23,49.23,49.23,49.23,0.0
2025-02-27 12:00:00-0500,49.23,49.23,48.99,49.0,3631.0
2025-02-27 12:05:00-0500,49.0,49.0,49.0,49.0,100.0
2025-02-27 12:10:00-0500,49.0,49.0,49.0,49.0,0.0
2025-02-27 12:15:00-0500,49.0,49.0,49.0,49.0,0.0
2025-02-27 12:20:00-0500,49.0,49.0,48.91,48.92,6626.0
2025-02-27 12:25:00-0500,48.92,48.92,48.92,48.92,0.0
2025-02-27 12:30:00-0500,48.92,48.92,48.92,48.92,0.0
2025-02-27 12:35:00-0500,48.92,48.92,48.92,48.92,0.0
2025-02-27 12:40:00-0500,48.92,48.92,48.92,48.92,0.0
2025-02-27 12:45:00-0500,48.92,48.92,48.92,48.92,0.0
2025-02-27 12:50:00-0500,48.92,48.92,48.92,48.92,0.0
2025-02-27 12:55:00-0500,48.92,48.92,48.92,48.92,0.0
2025-02-27 13:00:00-0500,48.92,49.01,48.8,48.8,1978.0
2025-02-27 13:05:00-0500,48.8,48.8,48.8,48.8,0.0
2025-02-27 13:10:00-0500,48.8,48.99,48.8,48.99,100.0
2025-02-27 13:15:00-0500,48.99,48.99,48.99,48.99,101.0
2025-02-27 13:20:00-0500,48.99,48.99,48.99,48.99,0.0
2025-02-27 13:25:00-0500,48.99,48.99,48.99,48.99,0.0
2025-02-27 13:30:00-0500,48.99,48.99,48.99,48.99,0.0
2025-02-27 13:35:00-0500,48.99,48.99,48.87,48.87,425.0
2025-02-27 13:40:00-0500,48.87,48.87,48.87,48.87,0.0
2025-02-27 13:45:00-0500,48.87,48.87,48.86,48.86,511.0
2025-02-27 13:50:00-0500,48.86,48.86,48.83,48.84,6779.0
2025-02-27 13:55:00-0500,48.84,48.84,48.7,48.75,4585.0
2025-02-27 14:00:00-0500,48.75,48.75,48.75,48.75,400.0
2025-02-27 14:05:00-0500,48.76,48.76,48.76,48.76,3223.0
2025-02-27 14:10:00-0500,48.76,48.76,48.76,48.76,0.0
2025-02-27 14:15:00-0500,48.76,48.76,48.76,48.76,0.0
2025-02-27 14:20:00-0500,48.76,48.76,48.76,48.76,0.0
2025-02-27 14:25:00-0500,48.76,48.78,48.74,48.78,2500.0
2025-02-27 14:30:00-0500,48.78,48.81,48.65,48.7009,109344.0
2025-02-27 14:35:00-0500,48.71,48.71,48.65,48.6699,323179.0
2025-02-27 14:40:00-0500,48.665,48.685,48.655,48.665,121122.0
2025-02-27 14:45:00-0500,48.66,48.665,48.62,48.66,88933.0
2025-02-27 14:50:00-0500,48.6601,48.675,48.63,48.635,248407.0
2025-02-27 14:55:00-0500,48.635,48.655,48.6,48.615,132263.0
2025-02-27 15:00:00-0500,48.61,48.615,48.56,48.56,161576.0
2025-02-27 15:05:00-0500,48.5661,48.585,48.54,48.575,121595.0
2025-02-27 15:10:00-0500,48.575,48.61,48.575,48.61,63455.0
2025-02-27 15:15:00-0500,48.605,48.65,48.605,48.6497,30268.0
2025-02-27 15:20:00-0500,48.645,48.665,48.64,48.66,63680.0
2025-02-27 15:25:00-0500,48.66,48.725,48.655,48.7051,95279.0
2025-02-27 15:30:00-0500,48.705,48.71,48.69,48.695,67134.0
2025-02-27 15:35:00-0500,48.69,48.695,48.66,48.675,278292.0
2025-02-27 15:40:00-0500,48.675,48.695,48.66,48.68,167919.0
2025-02-27 15:45:00-0500,48.68,48.705,48.675,48.695,102176.0
2025-02-27 15:50:00-0500,48.695,48.7293,48.695,48.72,89877.0
2025-02-27 15:55:00-0500,48.725,48.725,48.7,48.7,60332.0
2025-02-27 16:00:00-0500,48.705,48.705,48.69,48.7,79999.0
2025-02-28 09:35:00-0500,48.7,48.7,48.7,48.7,0.0
2025-02-28 09:40:00-0500,48.7,48.7,48.7,48.7,0.0
2025-02-28 09:45:00-0500,48.7,48.7,48.7,48.7,0.0
2025-02-28 09:50:00-0500,48.7,48.7,48.7,48.7,0.0
2025-02-28 09:55:00-0500,48.7,48.7,48.7,48.7,0.0
2025-02-28 10:00:00-0500,48.7,48.7,48.7,48.7,0.0
2025-02-28 10:05:00-0500,48.7,48.7,48.7,48.7,0.0
2025-02-28 10:10:00-0500,48.7,48.7,48.7,48.7,0.0
2025-02-28 10:15:00-0500,48.7,48.7,48.7,48.7,0.0
2025-02-28 10:20:00-0500,48.7,48.7,48.7,48.7,0.0
2025-02-28 10:25:00-0500,48.7,48.7,48.7,48.7,0.0
2025-02-28 10:30:00-0500,48.7,48.7,48.7,48.7,0.0
2025-02-28 10:35:00-0500,48.7,48.7,48.7,48.7,0.0
2025-02-28 10:40:00-0500,48.7,48.7,48.7,48.7,0.0
2025-02-28 10:45:00-0500,48.7,48.7,47.99,47.99,347.0
2025-02-28 10:50:00-0500,47.99,47.99,47.99,47.99,0.0
2025-02-28 10:55:00-0500,47.99,47.99,47.99,47.99,0.0
2025-02-28 11:00:00-0500,47.99,47.99,47.99,47.99,0.0
2025-02-28 11:05:00-0500,47.99,47.99,47.98,47.98,200.0
2025-02-28 11:10:00-0500,47.98,47.98,47.98,47.98,400.0
2025-02-28 11:15:00-0500,47.98,47.98,47.98,47.98,0.0
2025-02-28 11:20:00-0500,47.98,47.98,47.98,47.98,0.0
2025-02-28 11:25:00-0500,47.98,47.98,47.98,47.98,0.0
2025-02-28 11:30:00-0500,47.98,47.98,47.98,47.98,0.0
2025-02-28 11:35:00-0500,47.98,47.98,47.9,47.9,1183.0
2025-02-28 11:40:00-0500,47.9,47.9,47.9,47.9,0.0
2025-02-28 11:45:00-0500,47.9,47.9,47.9,47.9,0.0
2025-02-28 11:50:00-0500,47.9,47.9,47.9,47.9,0.0
2025-02-28 11:55:00-0500,47.9,47.9,47.87,47.87,529.0
2025-02-28 12:00:00-0500,47.87,47.97,47.87,47.97,582.0
2025-02-28 12:05:00-0500,47.97,48.08,47.97,48.08,1713.0
2025-02-28 12:10:00-0500,48.08,48.08,48.08,48.08,0.0
2025-02-28 12:15:00-0500,48.08,48.08,48.08,48.08,0.0
2025-02-28 12:20:00-0500,48.08,48.08,48.07,48.07,365.0
2025-02-28 12:25:00-0500,48.07,48.07,48.07,48.07,0.0
2025-02-28 12:30:00-0500,47.97,47.97,47.97,47.97,652.0
2025-02-28 12:35:00-0500,47.97,47.97,47.97,47.97,0.0
2025-02-28 12:40:00-0500,47.97,47.97,47.97,47.97,0.0
2025-02-28 12:45:00-0500,47.97,47.97,47.97,47.97,0.0
2025-02-28 12:50:00-0500,47.97,47.97,47.97,47.97,0.0
2025-02-28 12:55:00-0500,47.97,47.97,47.97,47.97,0.0
2025-02-28 13:00:00-0500,47.97,48.1,47.71,47.81,5308.0
2025-02-28 13:05:00-0500,47.81,47.81,47.81,47.81,0.0
2025-02-28 13:10:00-0500,47.81,47.81,47.81,47.81,0.0
2025-02-28 13:15:00-0500,47.81,48.01,47.81,48.01,207.0
2025-02-28 13:20:00-0500,48.01,48.01,48.01,48.01,0.0
2025-02-28 13:25:00-0500,48.01,48.01,48.01,48.01,0.0
2025-02-28 13:30:00-0500,48.01,48.01,47.93,47.93,1153.0
2025-02-28 13:35:00-0500,47.93,47.93,47.93,47.93,0.0
2025-02-28 13:40:00-0500,47.93,47.98,47.93,47.98,641.0
2025-02-28 13:45:00-0500,47.98,48.0,47.98,48.0,500.0
2025-02-28 13:50:00-0500,47.9965,47.9965,47.9965,47.9965,201.0
2025-02-28 13:55:00-0500,47.9965,47.9965,47.9965,47.9965,0.0
2025-02-28 14:00:00-0500,47.9965,47.9965,47.9965,47.9965,0.0
2025-02-28 14:05:00-0500,47.9965,47.9965,47.9965,47.9965,0.0
2025-02-28 14:10:00-0500,47.9965,47.9965,47.9965,47.9965,0.0
2025-02-28 14:15:00-0500,47.9965,47.9965,47.99,47.99,250.0
2025-02-28 14:20:00-0500,47.99,47.99,47.99,47.99,0.0
2025-02-28 14:25:00-0500,47.99,47.99,47.99,47.99,0.0
2025-02-28 14:30:00-0500,47.91,47.96,47.8,47.805,90487.0
2025-02-28 14:35:00-0500,47.8,47.8,47.65,47.694,189963.0
2025-02-28 14:40:00-0500,47.7,47.7787,47.7,47.765,183917.0
2025-02-28 14:45:00-0500,47.765,47.83,47.75,47.8193,158098.0
2025-02-28 14:50:00-0500,47.819,47.82,47.7818,47.795,75621.0
2025-02-28 14:55:00-0500,47.79,47.84,47.79,47.795,176664.0
2025-02-28 15:00:00-0500,47.795,47.84,47.79,47.84,78109.0
2025-02-28 15:05:00-0500,47.8451,47.87,47.845,47.855,109436.0
2025-02-28 15:10:00-0500,47.855,47.88,47.85,47.88,60829.0
2025-02-28 15:15:00-0500,47.885,47.92,47.885,47.9,116370.0
2025-02-28 15:20:00-0500,47.905,47.91,47.84,47.855,109250.0
2025-02-28 15:25:00-0500,47.855,47.905,47.85,47.905,137905.0
2025-02-28 15:30:00-0500,47.905,47.945,47.89,47.93,282092.0
2025-02-28 15:35:00-0500,47.935,47.94,47.92,47.925,69714.0
2025-02-28 15:40:00-0500,47.925,47.94,47.91,47.925,238830.0
2025-02-28 15:45:00-0500,47.92,47.94,47.91,47.915,241440.0
2025-02-28 15:50:00-0500,47.92,47.93,47.895,47.9101,76424.0
2025-02-28 15:55:00-0500,47.9188,47.935,47.91,47.925,76154.0
2025-02-28 16:00:00-0500,47.92,47.94,47.92,47.9388,36833.0
2025-03-03 09:35:00-0500,47.9388,47.9388,47.9388,47.9388,0.0
2025-03-03 09:40:00-0500,47.9388,47.9388,47.9388,47.9388,0.0
2025-03-03 09:45:00-0500,47.9388,47.9388,47.9388,47.9388,0.0
2025-03-03 09:50:00-0500,47.9388,47.9388,47.9388,47.9388,0.0
2025-03-03 09:55:00-0500,47.9388,47.9388,47.9388,47.9388,0.0
2025-03-03 10:00:00-0500,47.9388,47.9388,47.9388,47.9388,0.0
2025-03-03 10:05:00-0500,47.9388,47.9388,47.9388,47.9388,0.0
2025-03-03 10:10:00-0500,47.9388,47.9388,47.9388,47.9388,0.0
2025-03-03 10:15:00-0500,47.9388,47.9388,47.9388,47.9388,0.0
2025-03-03 10:20:00-0500,47.9388,47.9388,47.9388,47.9388,0.0
2025-03-03 10:25:00-0500,47.9388,47.9388,47.9388,47.9388,0.0
2025-03-03 10:30:00-0500,47.9388,47.9388,47.9388,47.9388,0.0
2025-03-03 10:35:00-0500,47.9388,47.9388,47.9388,47.9388,0.0
2025-03-03 10:40:00-0500,47.9388,47.9388,47.9388,47.9388,0.0
2025-03-03 10:45:00-0500,47.9388,48.28,47.9388,48.28,200.0
2025-03-03 10:50:00-0500,48.28,48.28,48.28,48.28,0.0
2025-03-03 10:55:00-0500,48.28,48.28,48.28,48.28,0.0
2025-03-03 11:00:00-0500,48.28,48.28,48.28,48.28,0.0
2025-03-03 11:05:00-0500,48.28,48.28,48.28,48.28,0.0
2025-03-03 11:10:00-0500,48.28,48.28,48.28,48.28,0.0
2025-03-03 11:15:00-0500,48.28,48.28,48.28,48.28,0.0
2025-03-03 11:20:00-0500,48.28,48.28,48.28,48.28,0.0
2025-03-03 11:25:00-0500,48.28,48.28,48.28,48.28,0.0
2025-03-03 11:30:00-0500,48.28,48.28,48.28,48.28,0.0
2025-03-03 11:35:00-0500,48.28,48.28,48.28,48.28,0.0
2025-03-03 11:40:00-0500,48.28,48.28,48.28,48.28,0.0
2025-03-03 11:45:00-0500,48.28,48.28,48.28,48.28,0.0
2025-03-03 11:50:00-0500,48.28,48.28,48.28,48.28,0.0
2025-03-03 11:55:00-0500,48.28,48.28,48.21,48.21,700.0
2025-03-03 12:00:00-0500,48.21,48.21,48.16,48.16,159.0
2025-03-03 12:05:00-0500,48.16,48.16,48.16,48.16,0.0
2025-03-03 12:10:00-0500,48.16,48.16,48.16,48.16,0.0
2025-03-03 12:15:00-0500,48.16,48.16,48.16,48.16,0.0
2025-03-03 12:20:00-0500,48.16,48.16,48.13,48.13,200.0
2025-03-03 12:25:00-0500,48.13,48.13,48.13,48.13,0.0
2025-03-03 12:30:00-0500,48.13,48.13,48.13,48.13,0.0
2025-03-03 12:35:00-0500,48.14,48.14,48.11,48.11,4863.0
2025-03-03 12:40:00-0500,48.11,48.11,48.11,48.11,0.0
2025-03-03 12:45:00-0500,48.11,48.11,48.11,48.11,0.0
2025-03-03 12:50:00-0500,48.11,48.11,48.11,48.11,0.0
2025-03-03 12:55:00-0500,48.11,48.11,48.11,48.11,0.0
2025-03-03 13:00:00-0500,48.11,48.66,48.11,48.41,1718.0
2025-03-03 13:05:00-0500,48.41,48.4137,48.36,48.4,954.0
2025-03-03 13:10:00-0500,48.4,48.4,48.1,48.15,3622.0
2025-03-03 13:15:00-0500,48.15,48.47,48.15,48.47,100.0
2025-03-03 13:20:00-0500,48.47,48.47,48.47,48.47,0.0
2025-03-03 13:25:00-0500,48.47,48.47,48.47,48.47,0.0
2025-03-03 13:30:00-0500,48.3,48.3,48.3,48.3,645.0
2025-03-03 13:35:00-0500,48.3,48.3,48.3,48.3,0.0
2025-03-03 13:40:00-0500,48.3,48.3,48.3,48.3,0.0
2025-03-03 13:45:00-0500,48.3,48.3,48.3,48.3,0.0
2025-03-03 13:50:00-0500,48.3,48.3,48.3,48.3,0.0
2025-03-03 13:55:00-0500,48.18,48.18,48.18,48.18,100.0
2025-03-03 14:00:00-0500,48.18,48.18,48.18,48.18,0.0
2025-03-03 14:05:00-0500,48.18,48.18,48.18,48.18,0.0
2025-03-03 14:10:00-0500,48.18,48.18,48.11,48.11,188.0
2025-03-03 14:15:00-0500,48.11,48.11,48.11,48.11,0.0
2025-03-03 14:20:00-0500,48.11,48.11,48.11,48.11,0.0
2025-03-03 14:25:00-0500,48.11,48.11,48.11,48.11,0.0
2025-03-03 14:30:00-0500,48.06,48.18,48.0201,48.175,86595.0
2025-03-03 14:35:00-0500,48.18,48.27,48.18,48.25,290256.0
2025-03-03 14:40:00-0500,48.25,48.29,48.25,48.28,78261.0
2025-03-03 14:45:00-0500,48.2775,48.29,48.22,48.22,143265.0
2025-03-03 14:50:00-0500,48.23,48.2499,48.19,48.195,181800.0
2025-03-03 14:55:00-0500,48.19,48.195,48.14,48.15,143103.0
2025-03-03 15:00:00-0500,48.145,48.17,48.11,48.15,100624.0
2025-03-03 15:05:00-0500,48.16,48.21,48.16,48.205,50715.0
2025-03-03 15:10:00-0500,48.205,48.21,48.17,48.19,71716.0
2025-03-03 15:15:00-0500,48.195,48.21,48.15,48.16,92737.0
2025-03-03 15:20:00-0500,48.16,48.2,48.1544,48.2,38985.0
2025-03-03 15:25:00-0500,48.2,48.24,48.195,48.235,53369.0
2025-03-03 15:30:00-0500,48.235,48.31,48.235,48.31,107696.0
2025-03-03 15:35:00-0500,48.31,48.3168,48.28,48.28,83257.0
2025-03-03 15:40:00-0500,48.28,48.29,48.26,48.28,42467.0
2025-03-03 15:45:00-0500,48.2801,48.3099,48.2801,48.295,47022.0
2025-03-03 15:50:00-0500,48.2987,48.2987,48.26,48.275,181745.0
2025-03-03 15:55:00-0500,48.27,48.29,48.27,48.2751,87968.0
2025-03-03 16:00:00-0500,48.275,48.2793,48.22,48.22,137064.0
2025-03-04 09:35:00-0500,48.22,48.22,48.22,48.22,0.0
2025-03-04 09:40:00-0500,48.22,48.22,48.22,48.22,0.0
2025-03-04 09:45:00-0500,48.22,48.22,48.22,48.22,0.0
2025-03-04 09:50:00-0500,48.22,48.22,48.22,48.22,0.0
2025-03-04 09:55:00-0500,48.22,48.22,48.22,48.22,0.0
2025-03-04 10:00:00-0500,48.22,48.22,48.22,48.22,0.0
2025-03-04 10:05:00-0500,48.22,48.22,48.22,48.22,0.0
2025-03-04 10:10:00-0500,48.22,48.22,48.22,48.22,0.0
2025-03-04 10:15:00-0500,48.22,48.22,48.22,48.22,0.0
2025-03-04 10:20:00-0500,48.22,48.22,48.22,48.22,0.0
2025-03-04 10:25:00-0500,48.22,48.22,48.22,48.22,0.0
2025-03-04 10:30:00-0500,48.22,48.22,48.22,48.22,0.0
2025-03-04 10:35:00-0500,48.22,48.22,48.22,48.22,0.0
2025-03-04 10:40:00-0500,48.22,48.22,48.22,48.22,0.0
2025-03-04 10:45:00-0500,48.22,48.22,48.22,48.22,0.0
2025-03-04 10:50:00-0500,48.22,48.22,48.22,48.22,0.0
2025-03-04 10:55:00-0500,48.22,48.22,48.22,48.22,0.0
2025-03-04 11:00:00-0500,48.22,48.22,48.22,48.22,0.0
2025-03-04 11:05:00-0500,48.22,48.22,48.22,48.22,0.0
2025-03-04 11:10:00-0500,48.22,48.22,48.22,48.22,0.0
2025-03-04 11:15:00-0500,48.22,48.22,48.22,48.22,0.0
2025-03-04 11:20:00-0500,48.22,48.22,48.22,48.22,0.0
2025-03-04 11:25:00-0500,48.22,48.22,48.22,48.22,0.0
2025-03-04 11:30:00-0500,48.22,48.22,48.22,48.22,0.0
2025-03-04 11:35:00-0500,48.22,48.22,48.22,48.22,0.0
2025-03-04 11:40:00-0500,48.22,48.22,48.22,48.22,0.0
2025-03-04 11:45:00-0500,48.22,48.22,48.22,48.22,0.0
2025-03-04 11:50:00-0500,48.22,48.22,48.22,48.22,0.0
2025-03-04 11:55:00-0500,48.22,48.22,48.22,48.22,0.0
2025-03-04 12:00:00-0500,48.22,48.22,48.22,48.22,0.0
2025-03-04 12:05:00-0500,48.22,48.22,48.22,48.22,0.0
2025-03-04 12:10:00-0500,48.22,48.22,48.22,48.22,0.0
2025-03-04 12:15:00-0500,48.22,48.22,48.22,48.22,0.0
2025-03-04 12:20:00-0500,48.22,48.22,48.22,48.22,0.0
2025-03-04 12:25:00-0500,48.22,48.22,48.22,48.22,0.0
2025-03-04 12:30:00-0500,48.22,48.22,48.22,48.22,0.0
2025-03-04 12:35:00-0500,48.22,48.22,48.22,48.22,0.0
2025-03-04 12:40:00-0500,48.22,48.22,48.22,48.22,0.0
2025-03-04 12:45:00-0500,48.22,48.22,48.22,48.22,0.0
2025-03-04 12:50:00-0500,48.22,48.22,48.22,48.22,0.0
2025-03-04 12:55:00-0500,48.22,48.22,48.22,48.22,0.0
2025-03-04 13:00:00-0500,48.22,48.22,47.61,47.61,757.0
2025-03-04 13:05:00-0500,47.61,47.61,47.61,47.61,0.0
2025-03-04 13:10:00-0500,47.61,47.61,47.61,47.61,0.0
2025-03-04 13:15:00-0500,47.61,47.61,47.61,47.61,0.0
2025-03-04 13:20:00-0500,47.61,47.61,47.61,47.61,0.0
2025-03-04 13:25:00-0500,47.61,47.61,47.61,47.61,0.0
2025-03-04 13:30:00-0500,47.61,47.61,47.61,47.61,0.0
2025-03-04 13:35:00-0500,47.61,47.7499,47.61,47.7499,485.0
2025-03-04 13:40:00-0500,47.7499,47.7499,47.7499,47.7499,0.0
2025-03-04 13:45:00-0500,47.7499,47.7499,47.67,47.67,502.0
2025-03-04 13:50:00-0500,47.67,47.67,47.67,47.67,0.0
2025-03-04 13:55:00-0500,47.67,47.67,47.67,47.67,0.0
2025-03-04 14:00:00-0500,47.67,47.67,47.67,47.67,0.0
2025-03-04 14:05:00-0500,47.67,47.83,47.67,47.8,1433.0
2025-03-04 14:10:00-0500,47.8,47.8,47.8,47.8,0.0
2025-03-04 14:15:00-0500,47.8,47.8,47.8,47.8,0.0
2025-03-04 14:20:00-0500,47.8,47.8,47.8,47.8,0.0
2025-03-04 14:25:00-0500,47.8,47.8,47.8,47.8,0.0
2025-03-04 14:30:00-0500,47.8,47.8775,47.72,47.8501,85833.0
2025-03-04 14:35:00-0500,47.855,47.88,47.835,47.865,138358.0
2025-03-04 14:40:00-0500,47.87,47.9,47.85,47.88,139589.0
2025-03-04 14:45:00-0500,47.88,47.88,47.815,47.82,75670.0
2025-03-04 14:50:00-0500,47.83,47.87,47.825,47.845,297072.0
2025-03-04 14:55:00-0500,47.845,47.86,47.81,47.815,106711.0
2025-03-04 15:00:00-0500,47.82,47.825,47.745,47.75,58478.0
2025-03-04 15:05:00-0500,47.75,47.78,47.75,47.77,42846.0
2025-03-04 15:10:00-0500,47.77,47.775,47.73,47.735,37766.0
2025-03-04 15:15:00-0500,47.735,47.755,47.72,47.72,40919.0
2025-03-04 15:20:00-0500,47.72,47.72,47.625,47.63,76295.0
2025-03-04 15:25:00-0500,47.63,47.64,47.605,47.63,62490.0
2025-03-04 15:30:00-0500,47.63,47.695,47.615,47.695,28585.0
2025-03-04 15:35:00-0500,47.695,47.715,47.695,47.715,45549.0
2025-03-04 15:40:00-0500,47.71,47.7199,47.6701,47.675,44201.0
2025-03-04 15:45:00-0500,47.67,47.7199,47.67,47.715,43497.0
2025-03-04 15:50:00-0500,47.71,47.715,47.67,47.695,29951.0
2025-03-04 15:55:00-0500,47.695,47.7,47.665,47.6701,79817.0
2025-03-04 16:00:00-0500,47.68,47.695,47.67,47.6799,36068.0
2025-03-05 09:35:00-0500,47.6799,47.6799,47.6799,47.6799,0.0
2025-03-05 09:40:00-0500,47.6799,47.6799,47.6799,47.6799,0.0
2025-03-05 09:45:00-0500,47.6799,47.6799,47.6799,47.6799,0.0
2025-03-05 09:50:00-0500,47.6799,47.6799,47.6799,47.6799,0.0
2025-03-05 09:55:00-0500,47.6799,47.6799,47.6799,47.6799,0.0
2025-03-05 10:00:00-0500,47.6799,47.6799,47.6799,47.6799,0.0
2025-03-05 10:05:00-0500,47.6799,47.6799,47.6799,47.6799,0.0
2025-03-05 10:10:00-0500,47.6799,47.6799,47.6799,47.6799,0.0
2025-03-05 10:15:00-0500,47.6799,47.6799,47.6799,47.6799,0.0
2025-03-05 10:20:00-0500,47.6799,47.6799,47.6799,47.6799,0.0
2025-03-05 10:25:00-0500,47.6799,47.6799,47.6799,47.6799,0.0
2025-03-05 10:30:00-0500,47.6799,47.6799,47.6799,47.6799,0.0
2025-03-05 10:35:00-0500,47.6799,47.6799,47.6799,47.6799,0.0
2025-03-05 10:40:00-0500,47.6799,47.6799,47.6799,47.6799,0.0
2025-03-05 10:45:00-0500,47.6799,47.6799,47.6799,47.6799,0.0
2025-03-05 10:50:00-0500,47.6799,47.6799,47.6799,47.6799,0.0
2025-03-05 10:55:00-0500,47.6799,47.6799,47.6799,47.6799,0.0
2025-03-05 11:00:00-0500,47.6799,47.6799,47.6799,47.6799,0.0
2025-03-05 11:05:00-0500,47.6799,47.6799,47.6799,47.6799,0.0
2025-03-05 11:10:00-0500,47.6799,47.6799,47.6799,47.6799,0.0
2025-03-05 11:15:00-0500,47.6799,47.6799,47.6799,47.6799,0.0
2025-03-05 11:20:00-0500,47.6799,47.6799,47.6799,47.6799,0.0
2025-03-05 11:25:00-0500,47.6799,47.6799,47.6799,47.6799,0.0
2025-03-05 11:30:00-0500,47.6799,47.6799,47.6799,47.6799,0.0
2025-03-05 11:35:00-0500,47.6799,47.6799,47.6799,47.6799,0.0
2025-03-05 11:40:00-0500,47.6799,47.6799,47.6799,47.6799,0.0
2025-03-05 11:45:00-0500,47.6799,47.6799,47.6799,47.6799,0.0
2025-03-05 11:50:00-0500,47.6799,47.6799,47.6799,47.6799,0.0
2025-03-05 11:55:00-0500,47.6799,48.78,47.6799,48.78,140.0
2025-03-05 12:00:00-0500,48.78,48.78,48.54,48.54,902.0
2025-03-05 12:05:00-0500,48.54,48.54,48.54,48.54,0.0
2025-03-05 12:10:00-0500,48.54,48.54,48.54,48.54,340.0
2025-03-05 12:15:00-0500,48.54,48.54,48.54,48.54,0.0
2025-03-05 12:20:00-0500,48.54,48.54,48.54,48.54,0.0
2025-03-05 12:25:00-0500,48.54,48.54,48.54,48.54,0.0
2025-03-05 12:30:00-0500,48.54,48.54,48.54,48.54,0.0
2025-03-05 12:35:00-0500,48.54,48.54,48.54,48.54,0.0
2025-03-05 12:40:00-0500,48.54,48.54,48.54,48.54,0.0
2025-03-05 12:45:00-0500,48.54,48.54,48.54,48.54,0.0
2025-03-05 12:50:00-0500,48.54,48.54,48.54,48.54,0.0
2025-03-05 12:55:00-0500,48.54,48.54,48.54,48.54,0.0
2025-03-05 13:00:00-0500,48.54,48.55,48.5,48.55,903.0
2025-03-05 13:05:00-0500,48.55,48.55,48.55,48.55,0.0
2025-03-05 13:10:00-0500,48.55,48.55,48.55,48.55,0.0
2025-03-05 13:15:00-0500,48.55,48.65,48.55,48.6,1203.0
2025-03-05 13:20:00-0500,48.6,48.6,48.49,48.5,935.0
2025-03-05 13:25:00-0500,48.5,48.5,48.49,48.5,1000.0
2025-03-05 13:30:00-0500,48.5,48.5,48.2875,48.5,2450.0
2025-03-05 13:35:00-0500,48.53,48.55,48.53,48.53,1600.0
2025-03-05 13:40:00-0500,48.53,48.53,48.41,48.41,210.0
2025-03-05 13:45:00-0500,48.41,48.41,48.41,48.41,0.0
2025-03-05 13:50:00-0500,48.49,48.5,48.49,48.5,1062.0
2025-03-05 13:55:00-0500,48.5,48.5,48.5,48.5,0.0
2025-03-05 14:00:00-0500,48.5,48.5,48.5,48.5,0.0
2025-03-05 14:05:00-0500,48.5,48.5,48.5,48.5,0.0
2025-03-05 14:10:00-0500,48.5,48.5,48.5,48.5,0.0
2025-03-05 14:15:00-0500,48.51,48.55,48.51,48.55,1516.0
2025-03-05 14:20:00-0500,48.55,48.55,48.55,48.55,0.0
2025-03-05 14:25:00-0500,48.55,48.55,48.55,48.55,0.0
2025-03-05 14:30:00-0500,48.55,48.61,48.43,48.61,139832.0
2025-03-05 14:35:00-0500,48.62,48.66,48.6,48.66,176434.0
2025-03-05 14:40:00-0500,48.655,48.74,48.64,48.72,453753.0
2025-03-05 14:45:00-0500,48.72,48.76,48.71,48.735,196916.0
2025-03-05 14:50:00-0500,48.73,48.735,48.695,48.725,267817.0
2025-03-05 14:55:00-0500,48.725,48.75,48.71,48.715,92293.0
2025-03-05 15:00:00-0500,48.715,48.8,48.68,48.76,367413.0
2025-03-05 15:05:00-0500,48.75,48.76,48.705,48.75,112148.0
2025-03-05 15:10:00-0500,48.74,48.79,48.73,48.75,90546.0
2025-03-05 15:15:00-0500,48.74,48.74,48.7,48.705,182540.0
2025-03-05 15:20:00-0500,48.71,48.715,48.68,48.685,125400.0
2025-03-05 15:25:00-0500,48.69,48.71,48.66,48.705,131533.0
2025-03-05 15:30:00-0500,48.705,48.715,48.69,48.705,130592.0
2025-03-05 15:35:00-0500,48.71,48.75,48.71,48.75,115048.0
2025-03-05 15:40:00-0500,48.75,48.77,48.74,48.745,85074.0
2025-03-05 15:45:00-0500,48.745,48.76,48.72,48.755,147905.0
2025-03-05 15:50:00-0500,48.75,48.765,48.72,48.745,83026.0
2025-03-05 15:55:00-0500,48.745,48.78,48.73,48.755,122245.0
2025-03-05 16:00:00-0500,48.76,48.775,48.75,48.76,53233.0
2025-03-06 09:35:00-0500,48.76,48.76,48.76,48.76,0.0
2025-03-06 09:40:00-0500,48.76,48.76,48.76,48.76,0.0
2025-03-06 09:45:00-0500,48.76,48.76,48.76,48.76,0.0
2025-03-06 09:50:00-0500,48.76,48.76,48.76,48.76,0.0
2025-03-06 09:55:00-0500,48.76,48.76,48.76,48.76,0.0
2025-03-06 10:00:00-0500,48.76,48.76,48.76,48.76,0.0
2025-03-06 10:05:00-0500,48.76,48.76,48.76,48.76,0.0
2025-03-06 10:10:00-0500,48.76,48.76,48.76,48.76,0.0
2025-03-06 10:15:00-0500,48.76,48.76,48.76,48.76,0.0
2025-03-06 10:20:00-0500,48.76,48.76,48.76,48.76,0.0
2025-03-06 10:25:00-0500,48.76,48.76,48.76,48.76,0.0
2025-03-06 10:30:00-0500,48.76,48.76,48.76,48.76,0.0
2025-03-06 10:35:00-0500,48.76,48.76,48.76,48.76,0.0
2025-03-06 10:40:00-0500,48.76,48.76,48.76,48.76,0.0
2025-03-06 10:45:00-0500,48.76,48.76,48.76,48.76,0.0
2025-03-06 10:50:00-0500,48.76,48.76,48.76,48.76,0.0
2025-03-06 10:55:00-0500,48.76,48.76,48.76,48.76,0.0
2025-03-06 11:00:00-0500,48.76,48.76,48.76,48.76,0.0
2025-03-06 11:05:00-0500,48.76,48.76,48.76,48.76,0.0
2025-03-06 11:10:00-0500,48.76,48.76,48.76,48.76,0.0
2025-03-06 11:15:00-0500,48.76,48.76,48.76,48.76,0.0
2025-03-06 11:20:00-0500,48.76,48.76,48.76,48.76,0.0
2025-03-06 11:25:00-0500,48.76,48.76,48.76,48.76,0.0
2025-03-06 11:30:00-0500,48.76,48.76,48.76,48.76,0.0
2025-03-06 11:35:00-0500,48.76,48.76,48.76,48.76,0.0
2025-03-06 11:40:00-0500,48.76,48.76,48.76,48.76,0.0
2025-03-06 11:45:00-0500,48.76,48.76,48.76,48.76,0.0
2025-03-06 11:50:00-0500,48.76,48.76,48.76,48.76,0.0
2025-03-06 11:55:00-0500,48.76,48.76,48.76,48.76,0.0
2025-03-06 12:00:00-0500,48.76,48.76,48.76,48.76,0.0
2025-03-06 12:05:00-0500,48.76,48.76,48.76,48.76,0.0
2025-03-06 12:10:00-0500,48.76,48.76,48.76,48.76,0.0
2025-03-06 12:15:00-0500,48.76,48.76,48.76,48.76,0.0
2025-03-06 12:20:00-0500,48.76,48.76,48.76,48.76,0.0
2025-03-06 12:25:00-0500,48.76,48.76,48.76,48.76,0.0
2025-03-06 12:30:00-0500,48.76,48.76,48.76,48.76,0.0
2025-03-06 12:35:00-0500,48.76,48.76,48.76,48.76,0.0
2025-03-06 12:40:00-0500,48.76,48.76,48.76,48.76,0.0
2025-03-06 12:45:00-0500,48.76,48.76,48.76,48.76,0.0
2025-03-06 12:50:00-0500,48.76,48.76,48.76,48.76,0.0
2025-03-06 12:55:00-0500,48.76,48.76,48.76,48.76,0.0
2025-03-06 13:00:00-0500,48.76,49.3,48.76,49.14,4951.0
2025-03-06 13:05:00-0500,49.14,49.14,49.14,49.14,0.0
2025-03-06 13:10:00-0500,49.14,49.14,49.14,49.14,0.0
2025-03-06 13:15:00-0500,49.14,49.14,48.86,48.88,2705.0
2025-03-06 13:20:00-0500,48.91,48.92,48.91,48.92,510.0
2025-03-06 13:25:00-0500,48.92,48.92,48.91,48.91,149.0
2025-03-06 13:30:00-0500,48.91,48.91,48.91,48.91,0.0
2025-03-06 13:35:00-0500,48.91,48.91,48.91,48.91,0.0
2025-03-06 13:40:00-0500,48.91,48.93,48.91,48.93,851.0
2025-03-06 13:45:00-0500,48.93,48.93,48.93,48.93,0.0
2025-03-06 13:50:00-0500,48.93,48.93,48.93,48.93,0.0
2025-03-06 13:55:00-0500,48.93,48.93,48.93,48.93,0.0
2025-03-06 14:00:00-0500,48.93,48.93,48.93,48.93,0.0
2025-03-06 14:05:00-0500,48.93,48.97,48.93,48.97,1570.0
2025-03-06 14:10:00-0500,48.97,48.97,48.97,48.97,0.0
2025-03-06 14:15:00-0500,48.97,48.97,48.97,48.97,0.0
2025-03-06 14:20:00-0500,48.97,48.97,48.97,48.97,0.0
2025-03-06 14:25:00-0500,48.97,49.0,48.91,49.0,4943.0
2025-03-06 14:30:00-0500,49.03,49.03,48.94,48.975,52572.0
2025-03-06 14:35:00-0500,48.98,48.99,48.94,48.96,419057.0
2025-03-06 14:40:00-0500,48.96,49.01,48.925,49.005,274547.0
2025-03-06 14:45:00-0500,49.005,49.06,49.0,49.06,148233.0
2025-03-06 14:50:00-0500,49.055,49.1,49.055,49.099,99977.0
2025-03-06 14:55:00-0500,49.1,49.11,49.075,49.095,232127.0
2025-03-06 15:00:00-0500,49.095,49.105,49.065,49.105,136623.0
2025-03-06 15:05:00-0500,49.1051,49.14,49.09,49.135,240722.0
2025-03-06 15:10:00-0500,49.13,49.18,49.12,49.1599,327706.0
2025-03-06 15:15:00-0500,49.16,49.17,49.15,49.15,98829.0
2025-03-06 15:20:00-0500,49.15,49.155,49.13,49.14,138331.0
2025-03-06 15:25:00-0500,49.145,49.16,49.12,49.13,89659.0
2025-03-06 15:30:00-0500,49.125,49.165,49.115,49.16,104792.0
2025-03-06 15:35:00-0500,49.16,49.16,49.14,49.14,136203.0
2025-03-06 15:40:00-0500,49.145,49.2,49.145,49.19,57525.0
2025-03-06 15:45:00-0500,49.19,49.2,49.17,49.19,72699.0
2025-03-06 15:50:00-0500,49.185,49.19,49.1507,49.16,78345.0
2025-03-06 15:55:00-0500,49.16,49.165,49.13,49.14,69856.0
2025-03-06 16:00:00-0500,49.1407,49.155,49.13,49.1505,22887.0
2025-03-07 09:35:00-0500,49.1505,49.1505,49.1505,49.1505,0.0
2025-03-07 09:40:00-0500,49.1505,49.23,49.1505,49.23,242.0
2025-03-07 09:45:00-0500,49.23,49.23,49.23,49.23,0.0
2025-03-07 09:50:00-0500,49.23,49.23,49.23,49.23,0.0
2025-03-07 09:55:00-0500,49.23,49.23,49.23,49.23,0.0
2025-03-07 10:00:00-0500,49.23,49.23,49.23,49.23,0.0
2025-03-07 10:05:00-0500,49.23,49.23,49.23,49.23,0.0
2025-03-07 10:10:00-0500,49.23,49.23,49.23,49.23,0.0
2025-03-07 10:15:00-0500,49.23,49.23,49.23,49.23,0.0
2025-03-07 10:20:00-0500,49.23,49.23,49.23,49.23,0.0
2025-03-07 10:25:00-0500,49.23,49.23,49.23,49.23,0.0
2025-03-07 10:30:00-0500,49.23,49.23,49.23,49.23,0.0
2025-03-07 10:35:00-0500,49.23,49.23,49.23,49.23,0.0
2025-03-07 10:40:00-0500,49.23,49.23,49.23,49.23,0.0
2025-03-07 10:45:00-0500,49.23,49.23,49.23,49.23,0.0
2025-03-07 10:50:00-0500,49.23,49.23,49.23,49.23,0.0
2025-03-07 10:55:00-0500,49.23,49.23,49.23,49.23,0.0
2025-03-07 11:00:00-0500,49.23,49.23,49.23,49.23,0.0
2025-03-07 11:05:00-0500,49.23,49.23,49.23,49.23,0.0
2025-03-07 11:10:00-0500,49.23,49.23,49.23,49.23,0.0
2025-03-07 11:15:00-0500,49.23,49.23,49.23,49.23,0.0
2025-03-07 11:20:00-0500,49.23,49.23,49.23,49.23,0.0
2025-03-07 11:25:00-0500,49.23,49.23,49.23,49.23,0.0
2025-03-07 11:30:00-0500,49.23,49.23,49.23,49.23,0.0
2025-03-07 11:35:00-0500,49.23,49.23,49.23,49.23,0.0
2025-03-07 11:40:00-0500,49.23,49.23,49.23,49.23,0.0
2025-03-07 11:45:00-0500,49.23,49.23,49.23,49.23,0.0
2025-03-07 11:50:00-0500,49.23,49.23,49.23,49.23,0.0
2025-03-07 11:55:00-0500,49.23,49.23,49.23,49.23,0.0
2025-03-07 12:00:00-0500,49.23,49.23,49.23,49.23,0.0
2025-03-07 12:05:00-0500,49.23,49.23,49.23,49.23,0.0
2025-03-07 12:10:00-0500,49.23,49.23,49.23,49.23,0.0
2025-03-07 12:15:00-0500,49.23,49.23,49.23,49.23,0.0
2025-03-07 12:20:00-0500,49.23,49.23,49.23,49.23,0.0
2025-03-07 12:25:00-0500,49.23,49.23,49.23,49.23,0.0
2025-03-07 12:30:00-0500,49.23,49.23,49.23,49.23,0.0
2025-03-07 12:35:00-0500,49.23,49.23,49.23,49.23,0.0
2025-03-07 12:40:00-0500,49.23,49.23,49.23,49.23,0.0
2025-03-07 12:45:00-0500,49.23,49.23,49.23,49.23,0.0
2025-03-07 12:50:00-0500,49.23,49.23,49.23,49.23,0.0
2025-03-07 12:55:00-0500,49.23,49.23,49.23,49.23,0.0
2025-03-07 13:00:00-0500,49.23,49.23,48.96,48.96,263.0
2025-03-07 13:05:00-0500,48.96,48.96,48.96,48.96,0.0
2025-03-07 13:10:00-0500,48.96,48.96,48.96,48.96,0.0
2025-03-07 13:15:00-0500,48.96,48.96,48.96,48.96,0.0
2025-03-07 13:20:00-0500,48.96,48.96,48.96,48.96,0.0
2025-03-07 13:25:00-0500,48.96,48.96,48.96,48.96,0.0
2025-03-07 13:30:00-0500,48.96,48.96,48.96,48.96,0.0
2025-03-07 13:35:00-0500,48.96,48.96,48.96,48.96,0.0
2025-03-07 13:40:00-0500,48.96,48.96,48.9,48.96,705.0
2025-03-07 13:45:00-0500,48.9,48.9,48.9,48.9,605.0
2025-03-07 13:50:00-0500,48.9,49.03,48.9,49.03,167.0
2025-03-07 13:55:00-0500,49.03,49.03,49.03,49.03,0.0
2025-03-07 14:00:00-0500,49.03,49.03,49.03,49.03,0.0
2025-03-07 14:05:00-0500,49.03,49.03,49.03,49.03,0.0
2025-03-07 14:10:00-0500,49.03,49.03,49.03,49.03,0.0
2025-03-07 14:15:00-0500,49.03,49.03,49.03,49.03,102.0
2025-03-07 14:20:00-0500,49.03,49.03,49.03,49.03,0.0
2025-03-07 14:25:00-0500,49.03,49.03,49.03,49.03,0.0
2025-03-07 14:30:00-0500,49.03,49.03,48.91,48.965,30191.0
2025-03-07 14:35:00-0500,48.975,49.0,48.965,48.975,35293.0
2025-03-07 14:40:00-0500,48.98,49.005,48.9401,48.995,74114.0
2025-03-07 14:45:00-0500,48.9901,49.02,48.98,48.995,81938.0
2025-03-07 14:50:00-0500,48.99,49.035,48.99,49.02,97820.0
2025-03-07 14:55:00-0500,49.02,49.0299,49.01,49.02,52370.0
2025-03-07 15:00:00-0500,49.025,49.03,48.975,48.98,74213.0
2025-03-07 15:05:00-0500,48.98,49.03,48.98,49.03,32542.0
2025-03-07 15:10:00-0500,49.03,49.0399,48.995,49.0101,55069.0
2025-03-07 15:15:00-0500,49.02,49.02,48.975,48.98,51418.0
2025-03-07 15:20:00-0500,48.985,48.99,48.96,48.98,45968.0
2025-03-07 15:25:00-0500,48.975,48.985,48.955,48.96,87330.0
2025-03-07 15:30:00-0500,48.96,48.97,48.9501,48.9532,52507.0
2025-03-07 15:35:00-0500,48.95,48.955,48.885,48.89,147028.0
2025-03-07 15:40:00-0500,48.885,48.885,48.86,48.86,25342.0
2025-03-07 15:45:00-0500,48.86,48.88,48.855,48.88,46276.0
2025-03-07 15:50:00-0500,48.885,48.9651,48.865,48.925,177872.0
2025-03-07 15:55:00-0500,48.9201,48.9278,48.89,48.91,84601.0
2025-03-07 16:00:00-0500,48.91,48.9151,48.885,48.9,25519.0
2025-03-10 09:35:00-0400,48.9,48.9,48.9,48.9,0.0
2025-03-10 09:40:00-0400,48.9,48.9,48.9,48.9,0.0
2025-03-10 09:45:00-0400,48.9,48.9,48.9,48.9,0.0
2025-03-10 09:50:00-0400,48.9,48.9,48.9,48.9,0.0
2025-03-10 09:55:00-0400,48.9,48.9,48.9,48.9,0.0
2025-03-10 10:00:00-0400,48.9,48.9,48.9,48.9,0.0
2025-03-10 10:05:00-0400,48.9,48.9,48.9,48.9,0.0
2025-03-10 10:10:00-0400,48.9,48.9,48.9,48.9,0.0
2025-03-10 10:15:00-0400,48.9,48.9,48.9,48.9,0.0
2025-03-10 10:20:00-0400,48.9,48.9,48.9,48.9,0.0
2025-03-10 10:25:00-0400,48.9,48.9,48.9,48.9,0.0
2025-03-10 10:30:00-0400,48.9,48.9,48.9,48.9,0.0
2025-03-10 10:35:00-0400,48.9,48.9,48.9,48.9,0.0
2025-03-10 10:40:00-0400,48.9,48.9,48.9,48.9,0.0
2025-03-10 10:45:00-0400,48.9,48.9,48.9,48.9,0.0
2025-03-10 10:50:00-0400,48.9,48.9,48.9,48.9,0.0
2025-03-10 10:55:00-0400,48.9,48.9,48.9,48.9,0.0
2025-03-10 11:00:00-0400,48.9,48.9,48.9,48.9,0.0
2025-03-10 11:05:00-0400,48.9,48.9,48.9,48.9,0.0
2025-03-10 11:10:00-0400,48.9,48.9,48.9,48.9,0.0
2025-03-10 11:15:00-0400,48.9,48.9,48.9,48.9,0.0
2025-03-10 11:20:00-0400,48.9,48.9,48.9,48.9,0.0
2025-03-10 11:25:00-0400,48.9,48.9,48.9,48.9,0.0
2025-03-10 11:30:00-0400,48.9,48.9,48.9,48.9,0.0
2025-03-10 11:35:00-0400,48.9,48.9,48.9,48.9,0.0
2025-03-10 11:40:00-0400,48.9,48.9,48.9,48.9,0.0
2025-03-10 11:45:00-0400,48.9,48.9,48.9,48.9,0.0
2025-03-10 11:50:00-0400,48.9,48.9,48.9,48.9,0.0
2025-03-10 11:55:00-0400,48.9,48.9,48.9,48.9,0.0
2025-03-10 12:00:00-0400,48.9,48.9,48.9,48.9,0.0
2025-03-10 12:05:00-0400,48.9,48.9,48.9,48.9,0.0
2025-03-10 12:10:00-0400,48.9,48.9,48.9,48.9,0.0
2025-03-10 12:15:00-0400,48.9,48.9,48.9,48.9,0.0
2025-03-10 12:20:00-0400,48.9,48.9,48.9,48.9,0.0
2025-03-10 12:25:00-0400,48.9,48.9,48.522,48.522,415.0
2025-03-10 12:30:00-0400,48.522,48.522,48.522,48.522,0.0
2025-03-10 12:35:00-0400,48.522,48.53,48.5,48.51,891.0
2025-03-10 12:40:00-0400,48.51,48.51,48.51,48.51,0.0
2025-03-10 12:45:00-0400,48.51,48.51,48.51,48.51,0.0
2025-03-10 12:50:00-0400,48.51,48.51,48.51,48.51,0.0
2025-03-10 12:55:00-0400,48.51,48.51,48.51,48.51,0.0
2025-03-10 13:00:00-0400,48.51,48.51,48.51,48.51,0.0
2025-03-10 13:05:00-0400,48.51,49.08,48.51,49.08,28082.0
2025-03-10 13:10:00-0400,48.5,48.5,48.26,48.26,486.0
2025-03-10 13:15:00-0400,48.26,48.2627,48.26,48.2627,100.0
2025-03-10 13:20:00-0400,48.2627,48.2627,48.2627,48.2627,0.0
2025-03-10 13:25:00-0400,48.2627,48.2627,48.2627,48.2627,0.0
2025-03-10 13:30:00-0400,48.2627,48.48,48.2627,48.475,111108.0
2025-03-10 13:35:00-0400,48.475,48.495,48.435,48.48,196893.0
2025-03-10 13:40:00-0400,48.485,48.51,48.465,48.505,71221.0
2025-03-10 13:45:00-0400,48.51,48.525,48.4913,48.5,52933.0
2025-03-10 13:50:00-0400,48.505,48.505,48.475,48.5,82104.0
2025-03-10 13:55:00-0400,48.505,48.505,48.43,48.46,49877.0
2025-03-10 14:00:00-0400,48.46,48.47,48.42,48.44,65733.0
2025-03-10 14:05:00-0400,48.435,48.435,48.395,48.4072,45823.0
2025-03-10 14:10:00-0400,48.4,48.42,48.39,48.42,105961.0
2025-03-10 14:15:00-0400,48.425,48.445,48.42,48.44,23095.0
2025-03-10 14:20:00-0400,48.435,48.4391,48.4,48.4,39001.0
2025-03-10 14:25:00-0400,48.4,48.415,48.39,48.415,34548.0
2025-03-10 14:30:00-0400,48.41,48.415,48.375,48.3794,30623.0
2025-03-10 14:35:00-0400,48.375,48.39,48.36,48.365,97618.0
2025-03-10 14:40:00-0400,48.36,48.38,48.3507,48.3507,137230.0
2025-03-10 14:45:00-0400,48.3551,48.365,48.34,48.35,249981.0
2025-03-10 14:50:00-0400,48.34,48.38,48.34,48.36,86184.0
2025-03-10 14:55:00-0400,48.3551,48.3551,48.331,48.335,63366.0
2025-03-10 15:00:00-0400,48.33,48.365,48.3201,48.355,68875.0
2025-03-10 15:05:00-0400,48.355,48.395,48.355,48.385,108484.0
2025-03-10 15:10:00-0400,48.38,48.41,48.38,48.405,32544.0
2025-03-10 15:15:00-0400,48.405,48.43,48.405,48.425,35671.0
2025-03-10 15:20:00-0400,48.425,48.425,48.4,48.41,20689.0
2025-03-10 15:25:00-0400,48.41,48.4365,48.405,48.435,29353.0
2025-03-10 15:30:00-0400,48.43,48.445,48.425,48.44,35259.0
2025-03-10 15:35:00-0400,48.445,48.465,48.44,48.465,33000.0
2025-03-10 15:40:00-0400,48.465,48.47,48.44,48.4468,28873.0
2025-03-10 15:45:00-0400,48.44,48.44,48.41,48.42,33209.0
2025-03-10 15:50:00-0400,48.43,48.445,48.42,48.4349,27266.0
2025-03-10 15:55:00-0400,48.4365,48.445,48.43,48.44,29763.0
2025-03-10 16:00:00-0400,48.43,48.43,48.415,48.415,31307.0
2025-03-11 09:35:00-0400,48.415,48.415,48.415,48.415,0.0
2025-03-11 09:40:00-0400,48.415,48.415,48.415,48.415,0.0
2025-03-11 09:45:00-0400,48.415,48.415,48.415,48.415,0.0
2025-03-11 09:50:00-0400,48.415,48.415,48.415,48.415,0.0
2025-03-11 09:55:00-0400,48.415,48.415,48.415,48.415,0.0
2025-03-11 10:00:00-0400,48.415,48.415,48.415,48.415,0.0
2025-03-11 10:05:00-0400,48.415,48.415,48.415,48.415,0.0
2025-03-11 10:10:00-0400,48.415,48.415,48.415,48.415,0.0
2025-03-11 10:15:00-0400,48.415,48.415,48.415,48.415,0.0
2025-03-11 10:20:00-0400,48.415,48.415,48.415,48.415,0.0
2025-03-11 10:25:00-0400,48.415,48.415,48.415,48.415,0.0
2025-03-11 10:30:00-0400,48.415,48.415,48.415,48.415,0.0
2025-03-11 10:35:00-0400,48.415,48.415,48.415,48.415,0.0
2025-03-11 10:40:00-0400,48.415,48.415,48.415,48.415,0.0
2025-03-11 10:45:00-0400,48.415,48.415,48.415,48.415,0.0
2025-03-11 10:50:00-0400,48.415,48.415,48.415,48.415,0.0
2025-03-11 10:55:00-0400,48.415,48.415,48.415,48.415,0.0
2025-03-11 11:00:00-0400,48.415,48.415,48.415,48.415,0.0
2025-03-11 11:05:00-0400,48.415,48.61,48.415,48.61,311.0
2025-03-11 11:10:00-0400,48.61,48.61,48.61,48.61,0.0
2025-03-11 11:15:00-0400,48.61,48.61,48.61,48.61,0.0
2025-03-11 11:20:00-0400,48.61,48.61,48.61,48.61,0.0
2025-03-11 11:25:00-0400,48.5,48.5,48.5,48.5,580.0
2025-03-11 11:30:00-0400,48.5,48.5,48.5,48.5,0.0
2025-03-11 11:35:00-0400,48.5,48.5,48.5,48.5,0.0
2025-03-11 11:40:00-0400,48.5,48.5,48.5,48.5,0.0
2025-03-11 11:45:00-0400,48.5,48.61,48.5,48.61,5212.0
2025-03-11 11:50:00-0400,48.61,48.61,48.61,48.61,0.0
2025-03-11 11:55:00-0400,48.61,48.61,48.61,48.61,0.0
2025-03-11 12:00:00-0400,48.65,48.65,48.1511,48.53,5474.0
2025-03-11 12:05:00-0400,48.53,48.53,48.53,48.53,0.0
2025-03-11 12:10:00-0400,48.53,48.53,48.53,48.53,0.0
2025-03-11 12:15:00-0400,48.53,48.53,48.53,48.53,0.0
2025-03-11 12:20:00-0400,48.53,48.53,48.53,48.53,0.0
2025-03-11 12:25:00-0400,48.53,48.97,48.53,48.97,241.0
2025-03-11 12:30:00-0400,48.97,48.97,48.97,48.97,0.0
2025-03-11 12:35:00-0400,48.97,48.97,48.97,48.97,0.0
2025-03-11 12:40:00-0400,48.97,48.97,48.97,48.97,0.0
2025-03-11 12:45:00-0400,48.97,48.97,48.97,48.97,0.0
2025-03-11 12:50:00-0400,48.97,48.97,48.97,48.97,0.0
2025-03-11 12:55:00-0400,48.97,48.97,48.97,48.97,0.0
2025-03-11 13:00:00-0400,48.97,48.97,48.97,48.97,0.0
2025-03-11 13:05:00-0400,48.97,48.97,48.97,48.97,0.0
2025-03-11 13:10:00-0400,48.97,48.97,48.97,48.97,0.0
2025-03-11 13:15:00-0400,48.97,48.97,48.51,48.51,200.0
2025-03-11 13:20:00-0400,48.51,48.51,48.51,48.51,0.0
2025-03-11 13:25:00-0400,48.51,48.51,48.51,48.51,0.0
2025-03-11 13:30:00-0400,48.51,48.78,48.35,48.695,76926.0
2025-03-11 13:35:00-0400,48.69,48.72,48.675,48.695,96484.0
2025-03-11 13:40:00-0400,48.695,48.7699,48.695,48.75,60937.0
2025-03-11 13:45:00-0400,48.75,48.78,48.72,48.75,51255.0
2025-03-11 13:50:00-0400,48.75,48.77,48.74,48.745,105566.0
2025-03-11 13:55:00-0400,48.74,48.74,48.69,48.698,37380.0
2025-03-11 14:00:00-0400,48.69,48.73,48.665,48.73,41925.0
2025-03-11 14:05:00-0400,48.74,48.755,48.61,48.63,86061.0
2025-03-11 14:10:00-0400,48.63,48.69,48.63,48.68,33234.0
2025-03-11 14:15:00-0400,48.67,48.67,48.64,48.66,39558.0
2025-03-11 14:20:00-0400,48.665,48.67,48.625,48.66,78574.0
2025-03-11 14:25:00-0400,48.655,48.66,48.6,48.6,55019.0
2025-03-11 14:30:00-0400,48.59,48.6,48.56,48.565,27978.0
2025-03-11 14:35:00-0400,48.565,48.585,48.53,48.53,39342.0
2025-03-11 14:40:00-0400,48.535,48.545,48.495,48.505,91261.0
2025-03-11 14:45:00-0400,48.51,48.545,48.485,48.545,41854.0
2025-03-11 14:50:00-0400,48.545,48.55,48.515,48.545,53933.0
2025-03-11 14:55:00-0400,48.545,48.585,48.535,48.56,60444.0
2025-03-11 15:00:00-0400,48.56,48.56,48.52,48.525,71011.0
2025-03-11 15:05:00-0400,48.53,48.57,48.53,48.568,75302.0
2025-03-11 15:10:00-0400,48.57,48.615,48.565,48.6,97252.0
2025-03-11 15:15:00-0400,48.6,48.63,48.6,48.625,42268.0
2025-03-11 15:20:00-0400,48.62,48.63,48.6,48.615,39608.0
2025-03-11 15:25:00-0400,48.61,48.63,48.585,48.6,58690.0
2025-03-11 15:30:00-0400,48.61,48.625,48.59,48.605,32620.0
2025-03-11 15:35:00-0400,48.61,48.65,48.61,48.64,19488.0
2025-03-11 15:40:00-0400,48.642548,48.67,48.615,48.67,33366.0
2025-03-11 15:45:00-0400,48.67,48.68,48.66,48.6694,28960.0
2025-03-11 15:50:00-0400,48.66,48.67,48.645,48.67,34000.0
2025-03-11 15:55:00-0400,48.665,48.675,48.655,48.67,19303.0
2025-03-11 16:00:00-0400,48.67,48.67,48.62,48.625,27266.0
2025-03-12 09:35:00-0400,48.625,48.625,48.625,48.625,0.0
2025-03-12 09:40:00-0400,48.625,48.625,48.625,48.625,0.0
2025-03-12 09:45:00-0400,48.625,48.625,48.625,48.625,0.0
2025-03-12 09:50:00-0400,48.625,48.625,48.625,48.625,0.0
2025-03-12 09:55:00-0400,48.625,48.625,48.625,48.625,0.0
2025-03-12 10:00:00-0400,48.625,48.625,48.625,48.625,0.0
2025-03-12 10:05:00-0400,48.625,48.625,48.625,48.625,0.0
2025-03-12 10:10:00-0400,48.625,48.625,48.625,48.625,0.0
2025-03-12 10:15:00-0400,48.625,48.625,48.625,48.625,0.0
2025-03-12 10:20:00-0400,48.625,48.625,48.625,48.625,0.0
2025-03-12 10:25:00-0400,48.625,48.625,48.625,48.625,0.0
2025-03-12 10:30:00-0400,48.625,48.625,48.625,48.625,0.0
2025-03-12 10:35:00-0400,48.625,48.625,48.625,48.625,0.0
2025-03-12 10:40:00-0400,48.625,48.625,48.625,48.625,0.0
2025-03-12 10:45:00-0400,48.625,48.625,48.625,48.625,0.0
2025-03-12 10:50:00-0400,48.625,48.625,48.625,48.625,0.0
2025-03-12 10:55:00-0400,48.625,48.625,48.625,48.625,0.0
2025-03-12 11:00:00-0400,48.625,48.625,48.625,48.625,0.0
2025-03-12 11:05:00-0400,48.625,48.625,48.625,48.625,0.0
2025-03-12 11:10:00-0400,48.625,48.625,48.625,48.625,0.0
2025-03-12 11:15:00-0400,48.625,48.625,48.625,48.625,0.0
2025-03-12 11:20:00-0400,48.625,48.625,48.625,48.625,0.0
2025-03-12 11:25:00-0400,48.625,48.625,48.625,48.625,0.0
2025-03-12 11:30:00-0400,48.625,48.625,48.625,48.625,0.0
2025-03-12 11:35:00-0400,48.625,48.625,48.625,48.625,0.0
2025-03-12 11:40:00-0400,48.625,48.625,48.625,48.625,0.0
2025-03-12 11:45:00-0400,48.625,48.625,48.625,48.625,0.0
2025-03-12 11:50:00-0400,48.625,48.625,48.625,48.625,0.0
2025-03-12 11:55:00-0400,48.625,48.625,48.625,48.625,0.0
2025-03-12 12:00:00-0400,48.625,48.625,48.2121,48.2121,1219.0
2025-03-12 12:05:00-0400,48.2121,48.2121,48.2121,48.2121,0.0
2025-03-12 12:10:00-0400,48.2121,48.2121,48.2121,48.2121,0.0
2025-03-12 12:15:00-0400,48.2121,48.2121,48.2121,48.2121,0.0
2025-03-12 12:20:00-0400,48.2121,48.2121,48.2121,48.2121,0.0
2025-03-12 12:25:00-0400,48.2121,48.2121,48.2121,48.2121,0.0
2025-03-12 12:30:00-0400,48.2121,48.2121,48.2121,48.2121,0.0
2025-03-12 12:35:00-0400,48.2121,48.87,48.2121,48.87,1000.0
2025-03-12 12:40:00-0400,48.87,48.87,48.87,48.87,1011.0
2025-03-12 12:45:00-0400,48.87,48.87,48.87,48.87,0.0
2025-03-12 12:50:00-0400,48.87,48.87,48.87,48.87,0.0
2025-03-12 12:55:00-0400,48.87,48.87,48.87,48.87,0.0
2025-03-12 13:00:00-0400,48.87,48.87,48.87,48.87,0.0
2025-03-12 13:05:00-0400,48.87,48.9,48.87,48.9,200.0
2025-03-12 13:10:00-0400,48.9,48.9,48.9,48.9,620.0
2025-03-12 13:15:00-0400,48.9,48.9,48.821,48.824,400.0
2025-03-12 13:20:00-0400,48.824,48.824,48.824,48.824,0.0
2025-03-12 13:25:00-0400,48.824,48.824,48.824,48.824,0.0
2025-03-12 13:30:00-0400,48.824,48.824,48.64,48.67,28329.0
2025-03-12 13:35:00-0400,48.67,48.71,48.665,48.67,86865.0
2025-03-12 13:40:00-0400,48.67,48.675,48.635,48.655,40596.0
2025-03-12 13:45:00-0400,48.655,48.66,48.605,48.64,80013.0
2025-03-12 13:50:00-0400,48.63,48.64,48.605,48.64,54553.0
2025-03-12 13:55:00-0400,48.63,48.65,48.58,48.59,202187.0
2025-03-12 14:00:00-0400,48.59,48.655,48.57,48.65,724558.0
2025-03-12 14:05:00-0400,48.65,48.68,48.625,48.67,114876.0
2025-03-12 14:10:00-0400,48.67,48.69,48.65,48.67,86804.0
2025-03-12 14:15:00-0400,48.675,48.675,48.625,48.635,101705.0
2025-03-12 14:20:00-0400,48.63,48.65,48.615,48.64,50628.0
2025-03-12 14:25:00-0400,48.64,48.66,48.61,48.63,80137.0
2025-03-12 14:30:00-0400,48.63,48.67,48.63,48.66,37508.0
2025-03-12 14:35:00-0400,48.66,48.66,48.6,48.62,58201.0
2025-03-12 14:40:00-0400,48.62,48.625,48.595,48.595,82069.0
2025-03-12 14:45:00-0400,48.595,48.6,48.575,48.59,69911.0
2025-03-12 14:50:00-0400,48.6,48.6089,48.585,48.595,76351.0
2025-03-12 14:55:00-0400,48.595,48.64,48.59,48.615,85510.0
2025-03-12 15:00:00-0400,48.62,48.62,48.57,48.59,51693.0
2025-03-12 15:05:00-0400,48.59,48.6,48.555,48.555,47650.0
2025-03-12 15:10:00-0400,48.5599,48.565,48.53,48.56,34906.0
2025-03-12 15:15:00-0400,48.56,48.585,48.56,48.57,72145.0
2025-03-12 15:20:00-0400,48.58,48.605,48.57,48.59,37467.0
2025-03-12 15:25:00-0400,48.59,48.63,48.575,48.62,57779.0
2025-03-12 15:30:00-0400,48.63,48.64,48.615,48.63,93456.0
2025-03-12 15:35:00-0400,48.63,48.66,48.63,48.655,43737.0
2025-03-12 15:40:00-0400,48.655,48.675,48.65,48.655,52648.0
2025-03-12 15:45:00-0400,48.6599,48.6899,48.655,48.68,98024.0
2025-03-12 15:50:00-0400,48.685,48.6863,48.67,48.68,42800.0
2025-03-12 15:55:00-0400,48.685,48.69,48.675,48.675,18234.0
2025-03-12 16:00:00-0400,48.68,48.68,48.65,48.675,27936.0
2025-03-13 09:35:00-0400,48.675,48.675,48.675,48.675,0.0
2025-03-13 09:40:00-0400,48.675,48.675,48.675,48.675,0.0
2025-03-13 09:45:00-0400,48.675,48.675,48.675,48.675,0.0
2025-03-13 09:50:00-0400,48.675,48.675,48.675,48.675,0.0
2025-03-13 09:55:00-0400,48.675,48.675,48.675,48.675,0.0
2025-03-13 10:00:00-0400,48.675,48.675,48.675,48.675,0.0
2025-03-13 10:05:00-0400,48.675,48.675,48.675,48.675,0.0
2025-03-13 10:10:00-0400,48.675,48.675,48.675,48.675,0.0
2025-03-13 10:15:00-0400,48.675,48.675,48.675,48.675,0.0
2025-03-13 10:20:00-0400,48.675,48.675,48.675,48.675,0.0
2025-03-13 10:25:00-0400,48.675,48.675,48.675,48.675,0.0
2025-03-13 10:30:00-0400,48.675,48.675,48.675,48.675,0.0
2025-03-13 10:35:00-0400,48.675,48.675,48.675,48.675,0.0
2025-03-13 10:40:00-0400,48.675,48.675,48.675,48.675,0.0
2025-03-13 10:45:00-0400,48.675,48.675,48.675,48.675,0.0
2025-03-13 10:50:00-0400,48.675,48.675,48.675,48.675,0.0
2025-03-13 10:55:00-0400,48.675,48.675,48.675,48.675,0.0
2025-03-13 11:00:00-0400,48.675,48.675,48.675,48.675,0.0
2025-03-13 11:05:00-0400,48.675,48.675,48.675,48.675,0.0
2025-03-13 11:10:00-0400,48.675,48.675,48.675,48.675,0.0
2025-03-13 11:15:00-0400,48.675,48.675,48.675,48.675,0.0
2025-03-13 11:20:00-0400,48.675,48.675,48.675,48.675,0.0
2025-03-13 11:25:00-0400,48.675,48.675,48.675,48.675,0.0
2025-03-13 11:30:00-0400,48.675,48.675,48.675,48.675,0.0
2025-03-13 11:35:00-0400,48.675,48.675,48.675,48.675,0.0
2025-03-13 11:40:00-0400,48.675,48.675,48.675,48.675,0.0
2025-03-13 11:45:00-0400,48.675,48.675,48.675,48.675,0.0
2025-03-13 11:50:00-0400,48.675,48.675,48.675,48.675,0.0
2025-03-13 11:55:00-0400,48.675,48.675,48.675,48.675,0.0
2025-03-13 12:00:00-0400,48.51,48.74,48.48,48.74,2104.0
2025-03-13 12:05:00-0400,48.74,48.74,48.74,48.74,0.0
2025-03-13 12:10:00-0400,48.74,48.74,48.74,48.74,0.0
2025-03-13 12:15:00-0400,48.74,48.74,48.4,48.4,503.0
2025-03-13 12:20:00-0400,48.4,48.4,48.4,48.4,0.0
2025-03-13 12:25:00-0400,48.4,48.4,48.4,48.4,0.0
2025-03-13 12:30:00-0400,48.4,48.4,48.4,48.4,0.0
2025-03-13 12:35:00-0400,48.4,48.4,48.4,48.4,0.0
2025-03-13 12:40:00-0400,48.4,48.4,48.4,48.4,0.0
2025-03-13 12:45:00-0400,48.4,48.4,48.4,48.4,0.0
2025-03-13 12:50:00-0400,48.4,48.4,48.4,48.4,0.0
2025-03-13 12:55:00-0400,48.4,48.4,48.4,48.4,0.0
2025-03-13 13:00:00-0400,48.4,48.4,48.4,48.4,0.0
2025-03-13 13:05:00-0400,48.4,48.4,48.4,48.4,0.0
2025-03-13 13:10:00-0400,48.4,48.46,48.4,48.46,262.0
2025-03-13 13:15:00-0400,48.46,48.46,48.45,48.45,300.0
2025-03-13 13:20:00-0400,48.45,48.45,48.45,48.45,0.0
2025-03-13 13:25:00-0400,48.45,48.45,48.45,48.45,0.0
2025-03-13 13:30:00-0400,48.45,48.5,48.43,48.45,30289.0
2025-03-13 13:35:00-0400,48.455,48.5,48.45,48.5,143724.0
2025-03-13 13:40:00-0400,48.5,48.525,48.49,48.51,74138.0
2025-03-13 13:45:00-0400,48.51,48.52,48.47,48.49,50130.0
2025-03-13 13:50:00-0400,48.485,48.495,48.47,48.47,60319.0
2025-03-13 13:55:00-0400,48.48,48.49,48.47,48.485,62170.0
2025-03-13 14:00:00-0400,48.485,48.49,48.455,48.48,66181.0
2025-03-13 14:05:00-0400,48.475,48.505,48.465,48.505,102486.0
2025-03-13 14:10:00-0400,48.505,48.5083,48.49,48.505,86837.0
2025-03-13 14:15:00-0400,48.5,48.54,48.495,48.535,73361.0
2025-03-13 14:20:00-0400,48.535,48.555,48.53,48.545,63547.0
2025-03-13 14:25:00-0400,48.545,48.555,48.53,48.555,31090.0
2025-03-13 14:30:00-0400,48.555,48.5581,48.51,48.53,43860.0
2025-03-13 14:35:00-0400,48.525,48.54,48.52,48.53,86505.0
2025-03-13 14:40:00-0400,48.5333,48.535,48.51,48.515,27213.0
2025-03-13 14:45:00-0400,48.515,48.535,48.5,48.525,46970.0
2025-03-13 14:50:00-0400,48.53,48.54,48.515,48.54,94505.0
2025-03-13 14:55:00-0400,48.54,48.555,48.54,48.54,69481.0
2025-03-13 15:00:00-0400,48.545,48.545,48.51,48.53,61913.0
2025-03-13 15:05:00-0400,48.535,48.545,48.53,48.54,100809.0
2025-03-13 15:10:00-0400,48.545,48.545,48.46,48.465,116586.0
2025-03-13 15:15:00-0400,48.465,48.5,48.46,48.495,150437.0
2025-03-13 15:20:00-0400,48.49,48.495,48.475,48.485,50092.0
2025-03-13 15:25:00-0400,48.49,48.49,48.465,48.465,36817.0
2025-03-13 15:30:00-0400,48.47,48.4893,48.46,48.48,35810.0
2025-03-13 15:35:00-0400,48.48,48.51,48.4701,48.485,89533.0
2025-03-13 15:40:00-0400,48.48,48.485,48.4546,48.46,68822.0
2025-03-13 15:45:00-0400,48.465,48.515,48.45,48.495,136917.0
2025-03-13 15:50:00-0400,48.49,48.515,48.465,48.51,87753.0
2025-03-13 15:55:00-0400,48.505,48.505,48.49,48.495,45592.0
2025-03-13 16:00:00-0400,48.49,48.5,48.485,48.485,66803.0
2025-03-14 09:35:00-0400,48.485,48.485,48.485,48.485,0.0
2025-03-14 09:40:00-0400,48.485,48.485,48.485,48.485,0.0
2025-03-14 09:45:00-0400,48.485,48.485,48.485,48.485,0.0
2025-03-14 09:50:00-0400,48.485,48.485,48.485,48.485,0.0
2025-03-14 09:55:00-0400,48.485,48.485,48.485,48.485,0.0
2025-03-14 10:00:00-0400,48.485,48.485,48.485,48.485,0.0
2025-03-14 10:05:00-0400,48.485,48.485,48.485,48.485,0.0
2025-03-14 10:10:00-0400,48.485,48.485,48.485,48.485,0.0
2025-03-14 10:15:00-0400,48.485,48.485,48.485,48.485,0.0
2025-03-14 10:20:00-0400,48.485,48.485,48.485,48.485,0.0
2025-03-14 10:25:00-0400,48.485,48.485,48.485,48.485,0.0
2025-03-14 10:30:00-0400,48.485,48.485,48.485,48.485,0.0
2025-03-14 10:35:00-0400,48.485,48.485,48.485,48.485,0.0
2025-03-14 10:40:00-0400,48.485,48.485,48.485,48.485,0.0
2025-03-14 10:45:00-0400,48.485,48.485,48.485,48.485,0.0
2025-03-14 10:50:00-0400,48.485,48.67,48.485,48.67,137.0
2025-03-14 10:55:00-0400,48.67,48.67,48.67,48.67,0.0
2025-03-14 11:00:00-0400,48.67,48.67,48.67,48.67,0.0
2025-03-14 11:05:00-0400,48.67,48.67,48.67,48.67,0.0
2025-03-14 11:10:00-0400,48.67,48.67,48.67,48.67,0.0
2025-03-14 11:15:00-0400,48.67,48.67,48.67,48.67,0.0
2025-03-14 11:20:00-0400,48.67,48.67,48.67,48.67,0.0
2025-03-14 11:25:00-0400,48.67,48.67,48.67,48.67,0.0
2025-03-14 11:30:00-0400,48.67,48.67,48.67,48.67,0.0
2025-03-14 11:35:00-0400,48.67,48.67,48.67,48.67,0.0
2025-03-14 11:40:00-0400,48.67,48.67,48.67,48.67,0.0
2025-03-14 11:45:00-0400,48.67,48.67,48.67,48.67,0.0
2025-03-14 11:50:00-0400,48.67,48.67,48.67,48.67,0.0
2025-03-14 11:55:00-0400,48.67,48.67,48.67,48.67,0.0
2025-03-14 12:00:00-0400,48.67,48.69,48.67,48.69,237.0
2025-03-14 12:05:00-0400,48.69,48.76,48.69,48.76,268.0
2025-03-14 12:10:00-0400,48.76,48.76,48.76,48.76,0.0
2025-03-14 12:15:00-0400,48.76,48.76,48.76,48.76,0.0
2025-03-14 12:20:00-0400,48.76,48.76,48.76,48.76,0.0
2025-03-14 12:25:00-0400,48.76,48.76,48.76,48.76,0.0
2025-03-14 12:30:00-0400,48.76,48.76,48.76,48.76,0.0
2025-03-14 12:35:00-0400,48.76,48.76,48.76,48.76,0.0
2025-03-14 12:40:00-0400,48.76,48.76,48.76,48.76,0.0
2025-03-14 12:45:00-0400,48.76,48.76,48.76,48.76,0.0
2025-03-14 12:50:00-0400,48.76,48.76,48.76,48.76,0.0
2025-03-14 12:55:00-0400,48.76,48.85,48.76,48.85,414.0
2025-03-14 13:00:00-0400,48.85,48.85,48.85,48.85,0.0
2025-03-14 13:05:00-0400,48.85,48.85,48.85,48.85,0.0
2025-03-14 13:10:00-0400,48.85,48.85,48.85,48.85,0.0
2025-03-14 13:15:00-0400,48.85,48.85,48.85,48.85,0.0
2025-03-14 13:20:00-0400,48.85,48.85,48.85,48.85,0.0
2025-03-14 13:25:00-0400,48.85,48.85,48.85,48.85,0.0
2025-03-14 13:30:00-0400,48.85,48.85,48.745,48.75,49318.0
2025-03-14 13:35:00-0400,48.745,48.77,48.72,48.765,118279.0
2025-03-14 13:40:00-0400,48.765,48.79,48.76,48.785,100408.0
2025-03-14 13:45:00-0400,48.785,48.805,48.775,48.805,36046.0
2025-03-14 13:50:00-0400,48.805,48.82,48.795,48.815,25410.0
2025-03-14 13:55:00-0400,48.815,48.83,48.795,48.82,45920.0
2025-03-14 14:00:00-0400,48.815,48.815,48.73,48.76,104250.0
2025-03-14 14:05:00-0400,48.765,48.825,48.76,48.815,59575.0
2025-03-14 14:10:00-0400,48.82,48.83,48.795,48.815,52238.0
2025-03-14 14:15:00-0400,48.81,48.82,48.78,48.785,87436.0
2025-03-14 14:20:00-0400,48.785,48.8,48.77,48.77,75246.0
2025-03-14 14:25:00-0400,48.775,48.795,48.77,48.785,51495.0
2025-03-14 14:30:00-0400,48.785,48.79,48.765,48.775,31752.0
2025-03-14 14:35:00-0400,48.775,48.785,48.745,48.75,38175.0
2025-03-14 14:40:00-0400,48.745,48.7887,48.745,48.775,29998.0
2025-03-14 14:45:00-0400,48.7799,48.79,48.755,48.78,22902.0
2025-03-14 14:50:00-0400,48.78,48.79,48.78,48.79,23335.0
2025-03-14 14:55:00-0400,48.8,48.8,48.78,48.79,18158.0
2025-03-14 15:00:00-0400,48.785,48.83,48.785,48.82,56884.0
2025-03-14 15:05:00-0400,48.815,48.825,48.8125,48.825,16219.0
2025-03-14 15:10:00-0400,48.82,48.83,48.81,48.825,49049.0
2025-03-14 15:15:00-0400,48.825,48.84,48.815,48.83,40676.0
2025-03-14 15:20:00-0400,48.84,48.86,48.84,48.855,15842.0
2025-03-14 15:25:00-0400,48.855,48.875,48.855,48.87,26580.0
2025-03-14 15:30:00-0400,48.87,48.875,48.86,48.87,24786.0
2025-03-14 15:35:00-0400,48.87,48.88,48.87,48.875,4696.0
2025-03-14 15:40:00-0400,48.875,48.88,48.86,48.875,37674.0
2025-03-14 15:45:00-0400,48.875,48.88,48.86,48.86,14659.0
2025-03-14 15:50:00-0400,48.865,48.89,48.86,48.87,32081.0
2025-03-14 15:55:00-0400,48.87,48.89,48.87,48.885,63633.0
2025-03-14 16:00:00-0400,48.89,48.895,48.88,48.88,80116.0
2025-03-17 09:35:00-0400,48.88,48.88,48.88,48.88,0.0
2025-03-17 09:40:00-0400,48.88,48.88,48.88,48.88,0.0
2025-03-17 09:45:00-0400,48.88,48.88,48.88,48.88,0.0
2025-03-17 09:50:00-0400,48.88,48.88,48.88,48.88,0.0
2025-03-17 09:55:00-0400,48.88,48.88,48.88,48.88,0.0
2025-03-17 10:00:00-0400,48.88,48.88,48.88,48.88,0.0
2025-03-17 10:05:00-0400,48.88,48.88,48.88,48.88,0.0
2025-03-17 10:10:00-0400,48.88,48.88,48.88,48.88,0.0
2025-03-17 10:15:00-0400,48.88,48.88,48.88,48.88,0.0
2025-03-17 10:20:00-0400,48.88,48.88,48.88,48.88,0.0
2025-03-17 10:25:00-0400,48.88,48.88,48.88,48.88,0.0
2025-03-17 10:30:00-0400,48.88,48.88,48.88,48.88,0.0
2025-03-17 10:35:00-0400,48.88,48.88,48.88,48.88,0.0
2025-03-17 10:40:00-0400,48.88,48.88,48.88,48.88,0.0
2025-03-17 10:45:00-0400,48.88,48.88,48.88,48.88,0.0
2025-03-17 10:50:00-0400,48.88,48.88,48.88,48.88,0.0
2025-03-17 10:55:00-0400,48.88,48.88,48.88,48.88,0.0
2025-03-17 11:00:00-0400,48.88,48.88,48.88,48.88,0.0
2025-03-17 11:05:00-0400,48.88,48.88,48.88,48.88,0.0
2025-03-17 11:10:00-0400,48.88,48.88,48.88,48.88,0.0
2025-03-17 11:15:00-0400,48.88,48.88,48.88,48.88,0.0
2025-03-17 11:20:00-0400,48.88,48.88,48.88,48.88,0.0
2025-03-17 11:25:00-0400,48.88,48.88,48.88,48.88,0.0
2025-03-17 11:30:00-0400,48.88,48.88,48.88,48.88,0.0
2025-03-17 11:35:00-0400,48.88,48.88,48.88,48.88,0.0
2025-03-17 11:40:00-0400,48.88,48.88,48.88,48.88,0.0
2025-03-17 11:45:00-0400,48.88,48.88,48.88,48.88,0.0
2025-03-17 11:50:00-0400,48.88,48.88,48.88,48.88,0.0
2025-03-17 11:55:00-0400,48.88,48.88,48.88,48.88,0.0
2025-03-17 12:00:00-0400,48.88,48.88,48.88,48.88,0.0
2025-03-17 12:05:00-0400,48.88,48.88,48.88,48.88,0.0
2025-03-17 12:10:00-0400,48.88,48.88,48.88,48.88,0.0
2025-03-17 12:15:00-0400,48.88,48.88,48.88,48.88,0.0
2025-03-17 12:20:00-0400,48.88,48.88,48.88,48.88,0.0
2025-03-17 12:25:00-0400,48.88,48.88,48.88,48.88,0.0
2025-03-17 12:30:00-0400,48.88,48.88,48.88,48.88,0.0
2025-03-17 12:35:00-0400,48.88,48.88,48.88,48.88,0.0
2025-03-17 12:40:00-0400,48.88,48.88,48.88,48.88,0.0
2025-03-17 12:45:00-0400,48.88,48.88,48.88,48.88,0.0
2025-03-17 12:50:00-0400,48.88,48.88,48.88,48.88,0.0
2025-03-17 12:55:00-0400,48.88,48.88,48.88,48.88,0.0
2025-03-17 13:00:00-0400,48.88,48.88,48.88,48.88,0.0
2025-03-17 13:05:00-0400,48.88,48.88,48.88,48.88,0.0
2025-03-17 13:10:00-0400,48.88,48.88,48.88,48.88,0.0
2025-03-17 13:15:00-0400,48.88,48.88,48.88,48.88,0.0
2025-03-17 13:20:00-0400,49.13,49.14,49.12,49.13,1007.0
2025-03-17 13:25:00-0400,49.13,49.13,49.13,49.13,0.0
2025-03-17 13:30:00-0400,49.13,49.2,49.12,49.16,49293.0
2025-03-17 13:35:00-0400,49.155,49.27,49.155,49.25,77345.0
2025-03-17 13:40:00-0400,49.255,49.3056,49.255,49.305,169258.0
2025-03-17 13:45:00-0400,49.305,49.3275,49.3001,49.315,102967.0
2025-03-17 13:50:00-0400,49.315,49.3175,49.265,49.285,44192.0
2025-03-17 13:55:00-0400,49.285,49.3053,49.28,49.295,72162.0
2025-03-17 14:00:00-0400,49.3,49.32,49.29,49.305,45837.0
2025-03-17 14:05:00-0400,49.305,49.305,49.26,49.265,44933.0
2025-03-17 14:10:00-0400,49.2687,49.2751,49.24,49.255,48885.0
2025-03-17 14:15:00-0400,49.255,49.31,49.2544,49.305,76455.0
2025-03-17 14:20:00-0400,49.31,49.31,49.28,49.29,53173.0
2025-03-17 14:25:00-0400,49.29,49.295,49.27,49.28,47860.0
2025-03-17 14:30:00-0400,49.28,49.285,49.25,49.25,50434.0
2025-03-17 14:35:00-0400,49.26,49.29,49.26,49.285,69655.0
2025-03-17 14:40:00-0400,49.28,49.2899,49.26,49.2799,33527.0
2025-03-17 14:45:00-0400,49.2799,49.29,49.265,49.265,28022.0
2025-03-17 14:50:00-0400,49.26,49.28,49.26,49.28,29439.0
2025-03-17 14:55:00-0400,49.275,49.3,49.26,49.27,35706.0
2025-03-17 15:00:00-0400,49.262205,49.2899,49.2501,49.285,22788.0
2025-03-17 15:05:00-0400,49.285,49.2877,49.26,49.26,18088.0
2025-03-17 15:10:00-0400,49.26,49.26,49.245,49.245,23623.0
2025-03-17 15:15:00-0400,49.25,49.275,49.245,49.275,48057.0
2025-03-17 15:20:00-0400,49.27,49.29,49.26,49.2899,34185.0
2025-03-17 15:25:00-0400,49.29,49.31,49.29,49.3,43572.0
2025-03-17 15:30:00-0400,49.29,49.31,49.29,49.31,47961.0
2025-03-17 15:35:00-0400,49.305,49.31,49.27,49.285,48902.0
2025-03-17 15:40:00-0400,49.29,49.3,49.28,49.3,69681.0
2025-03-17 15:45:00-0400,49.295,49.2981,49.275,49.28,41411.0
2025-03-17 15:50:00-0400,49.28,49.285,49.27,49.27,17806.0
2025-03-17 15:55:00-0400,49.27,49.305,49.27,49.305,45946.0
2025-03-17 16:00:00-0400,49.305,49.315,49.3,49.3062,68110.0
2025-03-18 09:35:00-0400,49.3062,49.3062,49.3062,49.3062,0.0
2025-03-18 09:40:00-0400,49.3062,49.3062,49.3062,49.3062,0.0
2025-03-18 09:45:00-0400,49.3062,49.3062,49.3062,49.3062,0.0
2025-03-18 09:50:00-0400,49.3062,49.3062,49.3062,49.3062,0.0
2025-03-18 09:55:00-0400,49.3062,49.3062,49.3062,49.3062,0.0
2025-03-18 10:00:00-0400,49.3062,49.94,49.3062,49.94,142.0
2025-03-18 10:05:00-0400,49.94,49.94,49.94,49.94,0.0
2025-03-18 10:10:00-0400,49.94,49.94,49.94,49.94,0.0
2025-03-18 10:15:00-0400,49.94,49.94,49.94,49.94,0.0
2025-03-18 10:20:00-0400,49.94,49.94,49.94,49.94,0.0
2025-03-18 10:25:00-0400,49.94,49.94,49.94,49.94,0.0
2025-03-18 10:30:00-0400,49.94,49.94,49.94,49.94,0.0
2025-03-18 10:35:00-0400,49.94,49.94,49.94,49.94,0.0
2025-03-18 10:40:00-0400,49.94,49.94,49.94,49.94,0.0
2025-03-18 10:45:00-0400,49.94,49.94,49.94,49.94,0.0
2025-03-18 10:50:00-0400,49.94,49.94,49.94,49.94,0.0
2025-03-18 10:55:00-0400,49.94,49.94,49.94,49.94,0.0
2025-03-18 11:00:00-0400,49.94,49.94,49.77,49.77,749.0
2025-03-18 11:05:00-0400,49.77,49.77,49.77,49.77,0.0
2025-03-18 11:10:00-0400,49.77,49.77,49.77,49.77,0.0
2025-03-18 11:15:00-0400,49.77,49.77,49.77,49.77,0.0
2025-03-18 11:20:00-0400,49.77,49.77,49.77,49.77,0.0
2025-03-18 11:25:00-0400,49.77,49.77,49.77,49.77,0.0
2025-03-18 11:30:00-0400,49.77,49.77,49.77,49.77,0.0
2025-03-18 11:35:00-0400,49.77,49.77,49.77,49.77,0.0
2025-03-18 11:40:00-0400,49.77,49.77,49.77,49.77,0.0
2025-03-18 11:45:00-0400,49.77,49.77,49.77,49.77,0.0
2025-03-18 11:50:00-0400,49.77,49.77,49.77,49.77,0.0
2025-03-18 11:55:00-0400,49.77,49.77,49.77,49.77,0.0
2025-03-18 12:00:00-0400,49.77,49.85,49.5,49.5,2037.0
2025-03-18 12:05:00-0400,49.5,49.5,49.5,49.5,0.0
2025-03-18 12:10:00-0400,49.5,49.5,49.5,49.5,0.0
2025-03-18 12:15:00-0400,49.5,49.5,49.5,49.5,0.0
2025-03-18 12:20:00-0400,49.5,49.5,49.5,49.5,0.0
2025-03-18 12:25:00-0400,49.75,49.81,49.75,49.81,1003.0
2025-03-18 12:30:00-0400,49.81,49.81,49.81,49.81,0.0
2025-03-18 12:35:00-0400,49.81,49.81,49.81,49.81,0.0
2025-03-18 12:40:00-0400,49.81,49.81,49.81,49.81,0.0
2025-03-18 12:45:00-0400,49.81,49.81,49.81,49.81,0.0
2025-03-18 12:50:00-0400,49.81,49.81,49.81,49.81,0.0
2025-03-18 12:55:00-0400,49.81,49.81,49.81,49.81,0.0
2025-03-18 13:00:00-0400,49.81,49.81,49.81,49.81,0.0
2025-03-18 13:05:00-0400,49.81,49.81,49.81,49.81,0.0
2025-03-18 13:10:00-0400,49.81,49.81,49.81,49.81,0.0
2025-03-18 13:15:00-0400,49.81,49.89,49.81,49.89,101.0
2025-03-18 13:20:00-0400,49.89,49.89,49.86,49.87,1000.0
2025-03-18 13:25:00-0400,49.87,49.87,49.77,49.77,599.0
2025-03-18 13:30:00-0400,49.77,49.98,49.77,49.86,113440.0
2025-03-18 13:35:00-0400,49.865,49.93,49.845,49.88,265148.0
2025-03-18 13:40:00-0400,49.885,49.8899,49.8143,49.83,149886.0
2025-03-18 13:45:00-0400,49.83,49.86,49.8,49.82,116928.0
2025-03-18 13:50:00-0400,49.8188,49.83,49.805,49.81,84396.0
2025-03-18 13:55:00-0400,49.815,49.82,49.775,49.78,57096.0
2025-03-18 14:00:00-0400,49.775,49.79,49.755,49.755,105582.0
2025-03-18 14:05:00-0400,49.755,49.7799,49.755,49.7799,29706.0
2025-03-18 14:10:00-0400,49.775,49.795,49.765,49.78,45587.0
2025-03-18 14:15:00-0400,49.785,49.7899,49.765,49.78,70900.0
2025-03-18 14:20:00-0400,49.78,49.79,49.765,49.775,128085.0
2025-03-18 14:25:00-0400,49.78,49.8,49.78,49.8,45943.0
2025-03-18 14:30:00-0400,49.8,49.81,49.79,49.8063,64520.0
2025-03-18 14:35:00-0400,49.805,49.81,49.79,49.805,63535.0
2025-03-18 14:40:00-0400,49.8,49.82,49.795,49.815,29650.0
2025-03-18 14:45:00-0400,49.81,49.81,49.775,49.775,51957.0
2025-03-18 14:50:00-0400,49.777584,49.79,49.77,49.79,16584.0
2025-03-18 14:55:00-0400,49.79,49.85,49.7851,49.845,134523.0
2025-03-18 15:00:00-0400,49.85,49.87,49.815,49.815,164238.0
2025-03-18 15:05:00-0400,49.81,49.81,49.78,49.79,46889.0
2025-03-18 15:10:00-0400,49.78,49.8,49.78,49.785,19020.0
2025-03-18 15:15:00-0400,49.7899,49.8099,49.785,49.8099,16434.0
2025-03-18 15:20:00-0400,49.805,49.83,49.8,49.825,27470.0
2025-03-18 15:25:00-0400,49.8253,49.845,49.82,49.84,46955.0
2025-03-18 15:30:00-0400,49.84,49.855,49.835,49.85,67831.0
2025-03-18 15:35:00-0400,49.845,49.85,49.8299,49.85,69713.0
2025-03-18 15:40:00-0400,49.85,49.8587,49.83,49.84,60402.0
2025-03-18 15:45:00-0400,49.84,49.86,49.83,49.86,69257.0
2025-03-18 15:50:00-0400,49.86,49.86,49.84,49.85,127582.0
2025-03-18 15:55:00-0400,49.855,49.855,49.835,49.85,113580.0
2025-03-18 16:00:00-0400,49.845,49.845,49.83,49.845,34469.0
2025-03-19 09:35:00-0400,49.845,49.845,49.845,49.845,0.0
2025-03-19 09:40:00-0400,49.845,49.845,49.845,49.845,0.0
2025-03-19 09:45:00-0400,49.845,49.845,49.845,49.845,0.0
2025-03-19 09:50:00-0400,49.845,49.845,49.845,49.845,0.0
2025-03-19 09:55:00-0400,50.25,50.25,50.25,50.25,101.0
2025-03-19 10:00:00-0400,50.25,50.25,50.25,50.25,0.0
2025-03-19 10:05:00-0400,50.25,50.25,50.25,50.25,0.0
2025-03-19 10:10:00-0400,50.25,50.25,50.25,50.25,0.0
2025-03-19 10:15:00-0400,50.25,50.25,50.25,50.25,0.0
2025-03-19 10:20:00-0400,50.25,50.25,50.25,50.25,0.0
2025-03-19 10:25:00-0400,50.25,50.25,50.25,50.25,0.0
2025-03-19 10:30:00-0400,50.25,50.25,50.25,50.25,0.0
2025-03-19 10:35:00-0400,50.25,50.25,50.25,50.25,0.0
2025-03-19 10:40:00-0400,50.66,50.66,50.66,50.66,200.0
2025-03-19 10:45:00-0400,50.66,50.66,50.66,50.66,0.0
2025-03-19 10:50:00-0400,50.66,50.66,50.66,50.66,0.0
2025-03-19 10:55:00-0400,50.66,50.66,50.66,50.66,0.0
2025-03-19 11:00:00-0400,50.66,50.66,50.66,50.66,0.0
2025-03-19 11:05:00-0400,50.66,50.66,50.1,50.1,300.0
2025-03-19 11:10:00-0400,50.1,50.2,50.1,50.2,4775.0
2025-03-19 11:15:00-0400,50.2,50.2,50.2,50.2,0.0
2025-03-19 11:20:00-0400,50.2,50.2,50.2,50.2,0.0
2025-03-19 11:25:00-0400,50.2,50.2,50.2,50.2,0.0
2025-03-19 11:30:00-0400,50.2,50.2,50.2,50.2,0.0
2025-03-19 11:35:00-0400,50.2,50.2,50.2,50.2,0.0
2025-03-19 11:40:00-0400,50.2,50.4,50.2,50.4,100.0
2025-03-19 11:45:00-0400,50.4,50.4,50.4,50.4,0.0
2025-03-19 11:50:00-0400,50.4,50.4,50.4,50.4,0.0
2025-03-19 11:55:00-0400,50.4,50.4,50.4,50.4,0.0
2025-03-19 12:00:00-0400,50.4,50.4,49.88,50.03,1783.0
2025-03-19 12:05:00-0400,50.03,50.03,50.03,50.03,0.0
2025-03-19 12:10:00-0400,50.03,50.03,50.03,50.03,0.0
2025-03-19 12:15:00-0400,50.03,50.03,50.03,50.03,0.0
2025-03-19 12:20:00-0400,50.03,50.4,50.03,50.4,500.0
2025-03-19 12:25:00-0400,50.4,50.4,50.4,50.4,0.0
2025-03-19 12:30:00-0400,50.4,50.4,50.4,50.4,0.0
2025-03-19 12:35:00-0400,50.4,50.6815,50.4,50.6815,509.0
2025-03-19 12:40:00-0400,50.6815,50.6815,50.6815,50.6815,0.0
2025-03-19 12:45:00-0400,50.6815,50.6815,50.6815,50.6815,0.0
2025-03-19 12:50:00-0400,50.6815,50.6815,50.6815,50.6815,0.0
2025-03-19 12:55:00-0400,50.6815,50.6815,50.6815,50.6815,0.0
2025-03-19 13:00:00-0400,50.6815,50.6815,50.32,50.32,100.0
2025-03-19 13:05:00-0400,50.32,50.32,50.32,50.32,0.0
2025-03-19 13:10:00-0400,50.32,50.32,50.32,50.32,0.0
2025-03-19 13:15:00-0400,50.32,50.32,50.32,50.32,0.0
2025-03-19 13:20:00-0400,50.32,50.32,50.32,50.32,0.0
2025-03-19 13:25:00-0400,50.32,50.32,50.32,50.32,0.0
2025-03-19 13:30:00-0400,50.32,50.4677,50.32,50.39,59977.0
2025-03-19 13:35:00-0400,50.385,50.43,50.385,50.4199,108469.0
2025-03-19 13:40:00-0400,50.42,50.425,50.41,50.41,102805.0
2025-03-19 13:45:00-0400,50.415,50.42,50.41,50.415,123794.0
2025-03-19 13:50:00-0400,50.41,50.4457,50.41,50.44,64452.0
2025-03-19 13:55:00-0400,50.44,50.45,50.435,50.435,37612.0
2025-03-19 14:00:00-0400,50.435,50.44,50.41,50.415,141991.0
2025-03-19 14:05:00-0400,50.41,50.43,50.4,50.405,191268.0
2025-03-19 14:10:00-0400,50.405,50.41,50.38,50.38,182382.0
2025-03-19 14:15:00-0400,50.38,50.385,50.36,50.3756,89720.0
2025-03-19 14:20:00-0400,50.375,50.4,50.3653,50.394,230844.0
2025-03-19 14:25:00-0400,50.39,50.42,50.38,50.42,54315.0
2025-03-19 14:30:00-0400,50.43,50.43,50.42,50.43,52263.0
2025-03-19 14:35:00-0400,50.43,50.47,50.43,50.4645,66760.0
2025-03-19 14:40:00-0400,50.47,50.47,50.46,50.47,39616.0
2025-03-19 14:45:00-0400,50.465,50.465,50.435,50.455,106095.0
2025-03-19 14:50:00-0400,50.455,50.4575,50.42,50.425,156200.0
2025-03-19 14:55:00-0400,50.425,50.425,50.4,50.4,84518.0
2025-03-19 15:00:00-0400,50.4001,50.42,50.4,50.4,39309.0
2025-03-19 15:05:00-0400,50.405,50.43,50.405,50.43,35318.0
2025-03-19 15:10:00-0400,50.43,50.46,50.425,50.46,110277.0
2025-03-19 15:15:00-0400,50.46,50.47,50.45,50.47,73407.0
2025-03-19 15:20:00-0400,50.46,50.47,50.415,50.425,339647.0
2025-03-19 15:25:00-0400,50.425,50.45,50.425,50.445,53489.0
2025-03-19 15:30:00-0400,50.44,50.45,50.44,50.445,45314.0
2025-03-19 15:35:00-0400,50.44,50.45,50.43,50.435,54141.0
2025-03-19 15:40:00-0400,50.43,50.44,50.4201,50.43,69288.0
2025-03-19 15:45:00-0400,50.425,50.43,50.4245,50.425,28776.0
2025-03-19 15:50:00-0400,50.43,50.47,50.4201,50.47,62396.0
2025-03-19 15:55:00-0400,50.465,50.47,50.46,50.465,35089.0
2025-03-19 16:00:00-0400,50.46,50.4651,50.44,50.445,54516.0
2025-03-20 09:35:00-0400,50.445,50.445,50.445,50.445,0.0
2025-03-20 09:40:00-0400,50.445,50.445,50.445,50.445,0.0
2025-03-20 09:45:00-0400,50.445,50.445,50.445,50.445,0.0
2025-03-20 09:50:00-0400,50.445,50.445,50.445,50.445,0.0
2025-03-20 09:55:00-0400,50.445,50.445,50.445,50.445,0.0
2025-03-20 10:00:00-0400,50.445,50.445,50.445,50.445,0.0
2025-03-20 10:05:00-0400,50.445,50.445,50.445,50.445,0.0
2025-03-20 10:10:00-0400,50.445,50.445,50.445,50.445,0.0
2025-03-20 10:15:00-0400,50.445,50.445,50.445,50.445,0.0
2025-03-20 10:20:00-0400,50.445,50.445,50.445,50.445,0.0
2025-03-20 10:25:00-0400,50.445,50.445,50.445,50.445,0.0
2025-03-20 10:30:00-0400,50.64,50.64,50.64,50.64,500.0
2025-03-20 10:35:00-0400,50.64,50.64,50.64,50.64,0.0
2025-03-20 10:40:00-0400,50.64,50.64,50.64,50.64,0.0
2025-03-20 10:45:00-0400,50.64,50.64,50.64,50.64,0.0
2025-03-20 10:50:00-0400,50.64,50.64,50.64,50.64,0.0
2025-03-20 10:55:00-0400,50.64,50.64,50.64,50.64,0.0
2025-03-20 11:00:00-0400,50.64,50.64,50.64,50.64,0.0
2025-03-20 11:05:00-0400,50.64,50.64,50.64,50.64,0.0
2025-03-20 11:10:00-0400,50.64,50.64,50.64,50.64,0.0
2025-03-20 11:15:00-0400,50.64,50.64,50.64,50.64,0.0
2025-03-20 11:20:00-0400,50.64,50.64,50.64,50.64,0.0
2025-03-20 11:25:00-0400,50.64,50.64,50.64,50.64,0.0
2025-03-20 11:30:00-0400,50.64,50.64,50.64,50.64,0.0
2025-03-20 11:35:00-0400,50.64,50.64,50.64,50.64,0.0
2025-03-20 11:40:00-0400,50.64,50.64,50.64,50.64,0.0
2025-03-20 11:45:00-0400,50.64,50.64,50.64,50.64,0.0
2025-03-20 11:50:00-0400,50.64,50.64,50.64,50.64,0.0
2025-03-20 11:55:00-0400,50.64,50.64,50.64,50.64,0.0
2025-03-20 12:00:00-0400,50.64,50.75,50.6,50.63,643.0
2025-03-20 12:05:00-0400,50.63,50.63,50.63,50.63,0.0
2025-03-20 12:10:00-0400,50.63,50.63,50.63,50.63,0.0
2025-03-20 12:15:00-0400,50.63,50.9092,50.63,50.9092,100.0
2025-03-20 12:20:00-0400,50.9092,50.9092,50.73,50.73,518.0
2025-03-20 12:25:00-0400,50.73,50.73,50.73,50.73,0.0
2025-03-20 12:30:00-0400,50.73,50.73,50.61,50.61,700.0
2025-03-20 12:35:00-0400,50.61,50.61,50.6035,50.6035,124.0
2025-03-20 12:40:00-0400,50.6035,50.6035,50.6035,50.6035,0.0
2025-03-20 12:45:00-0400,50.6035,50.6035,50.6035,50.6035,0.0
2025-03-20 12:50:00-0400,50.75,50.75,50.75,50.75,100.0
2025-03-20 12:55:00-0400,50.75,50.75,50.75,50.75,0.0
2025-03-20 13:00:00-0400,50.75,50.75,50.75,50.75,0.0
2025-03-20 13:05:00-0400,50.75,50.75,50.75,50.75,0.0
2025-03-20 13:10:00-0400,50.75,50.75,50.72,50.72,100.0
2025-03-20 13:15:00-0400,50.72,50.72,50.72,50.72,0.0
2025-03-20 13:20:00-0400,50.72,50.72,50.72,50.72,0.0
2025-03-20 13:25:00-0400,50.61,50.61,50.61,50.61,168.0
2025-03-20 13:30:00-0400,50.61,50.65,50.53,50.541,101657.0
2025-03-20 13:35:00-0400,50.54,50.58,50.54,50.58,77349.0
2025-03-20 13:40:00-0400,50.575,50.595,50.56,50.585,137900.0
2025-03-20 13:45:00-0400,50.59,50.62,50.585,50.615,154098.0
2025-03-20 13:50:00-0400,50.62,50.63,50.6146,50.625,87419.0
2025-03-20 13:55:00-0400,50.625,50.645,50.6201,50.64,104378.0
2025-03-20 14:00:00-0400,50.64,50.68,50.6334,50.68,67078.0
2025-03-20 14:05:00-0400,50.675,50.7,50.675,50.6813,68759.0
2025-03-20 14:10:00-0400,50.6887,50.69,50.675,50.675,27526.0
2025-03-20 14:15:00-0400,50.6713,50.675,50.66,50.6699,27282.0
2025-03-20 14:20:00-0400,50.665,50.69,50.665,50.69,22764.0
2025-03-20 14:25:00-0400,50.69,50.71741,50.69,50.70731,30624.0
2025-03-20 14:30:00-0400,50.705,50.7086,50.685,50.695,37519.0
2025-03-20 14:35:00-0400,50.7,50.71,50.695,50.7,41057.0
2025-03-20 14:40:00-0400,50.696,50.73,50.695,50.71,31575.0
2025-03-20 14:45:00-0400,50.715,50.73,50.715,50.715,14538.0
2025-03-20 14:50:00-0400,50.72,50.73,50.715,50.72,16497.0
2025-03-20 14:55:00-0400,50.72,50.79,50.72,50.785,49232.0
2025-03-20 15:00:00-0400,50.79,50.82,50.782588,50.8093,87170.0
2025-03-20 15:05:00-0400,50.805,50.815,50.795,50.8,46201.0
2025-03-20 15:10:00-0400,50.79,50.8,50.78,50.78,46964.0
2025-03-20 15:15:00-0400,50.78,50.8,50.775,50.785,49833.0
2025-03-20 15:20:00-0400,50.79,50.8,50.77,50.7899,61247.0
2025-03-20 15:25:00-0400,50.79,50.8,50.78,50.79,31651.0
2025-03-20 15:30:00-0400,50.79,50.8,50.77,50.78,47973.0
2025-03-20 15:35:00-0400,50.77,50.78,50.745,50.76,55998.0
2025-03-20 15:40:00-0400,50.755,50.78,50.75,50.78,39265.0
2025-03-20 15:45:00-0400,50.78,50.8,50.77,50.78,24033.0
2025-03-20 15:50:00-0400,50.78,50.8,50.78,50.785,25748.0
2025-03-20 15:55:00-0400,50.79,50.8,50.785,50.785,33686.0
2025-03-20 16:00:00-0400,50.785,50.79,50.765,50.7672,24536.0
2025-03-21 09:35:00-0400,50.7672,50.7672,50.7672,50.7672,0.0
2025-03-21 09:40:00-0400,50.7672,50.7672,50.7672,50.7672,0.0
2025-03-21 09:45:00-0400,50.7672,50.7672,50.7672,50.7672,0.0
2025-03-21 09:50:00-0400,50.7672,50.7672,50.7672,50.7672,0.0
2025-03-21 09:55:00-0400,50.7672,50.7672,50.7672,50.7672,0.0
2025-03-21 10:00:00-0400,50.7672,50.7672,50.7672,50.7672,0.0
2025-03-21 10:05:00-0400,50.7672,50.7672,50.7672,50.7672,0.0
2025-03-21 10:10:00-0400,50.7672,50.7672,50.7672,50.7672,0.0
2025-03-21 10:15:00-0400,50.7672,50.7672,50.7672,50.7672,0.0
2025-03-21 10:20:00-0400,50.7672,50.7672,50.7672,50.7672,0.0
2025-03-21 10:25:00-0400,50.7672,50.7672,50.7672,50.7672,0.0
2025-03-21 10:30:00-0400,50.7672,50.7672,50.7672,50.7672,0.0
2025-03-21 10:35:00-0400,50.7672,50.7672,50.7672,50.7672,0.0
2025-03-21 10:40:00-0400,50.7672,50.7672,50.7672,50.7672,0.0
2025-03-21 10:45:00-0400,50.7672,50.7672,50.7672,50.7672,0.0
2025-03-21 10:50:00-0400,50.7672,50.7672,50.7672,50.7672,0.0
2025-03-21 10:55:00-0400,50.7672,51.24,50.7672,51.24,727.0
2025-03-21 11:00:00-0400,51.24,51.4,51.15,51.26,1544.0
2025-03-21 11:05:00-0400,51.26,51.29,51.26,51.29,308.0
2025-03-21 11:10:00-0400,51.27,51.35,51.27,51.35,1068.0
2025-03-21 11:15:00-0400,51.35,51.35,51.35,51.35,0.0
2025-03-21 11:20:00-0400,51.35,51.4,51.35,51.4,1346.0
2025-03-21 11:25:00-0400,51.4,51.43,51.34,51.43,767.0
2025-03-21 11:30:00-0400,51.43,51.43,51.43,51.43,0.0
2025-03-21 11:35:00-0400,51.43,51.43,51.43,51.43,0.0
2025-03-21 11:40:00-0400,51.43,51.43,51.43,51.43,0.0
2025-03-21 11:45:00-0400,51.43,51.43,51.43,51.43,0.0
2025-03-21 11:50:00-0400,51.43,51.43,51.27,51.28,700.0
2025-03-21 11:55:00-0400,51.28,51.39,51.23,51.39,1067.0
2025-03-21 12:00:00-0400,51.39,51.39,51.18,51.36,1330.0
2025-03-21 12:05:00-0400,51.36,51.39,51.36,51.39,1000.0
2025-03-21 12:10:00-0400,51.39,51.39,51.2,51.2,10490.0
2025-03-21 12:15:00-0400,51.2,51.2,51.2,51.2,0.0
2025-03-21 12:20:00-0400,51.2,51.2,51.2,51.2,0.0
2025-03-21 12:25:00-0400,51.2,51.2,51.2,51.2,0.0
2025-03-21 12:30:00-0400,51.2,51.2,51.2,51.2,0.0
2025-03-21 12:35:00-0400,51.2,51.3,51.2,51.3,180.0
2025-03-21 12:40:00-0400,51.3,51.3,51.3,51.3,0.0
2025-03-21 12:45:00-0400,51.3,51.3,51.3,51.3,0.0
2025-03-21 12:50:00-0400,51.3,51.38,51.3,51.38,103.0
2025-03-21 12:55:00-0400,51.38,51.38,51.37,51.38,600.0
2025-03-21 13:00:00-0400,51.38,51.39,51.38,51.39,500.0
2025-03-21 13:05:00-0400,51.39,51.39,51.32,51.34,1976.0
2025-03-21 13:10:00-0400,51.39,51.39,51.35,51.35,1385.0
2025-03-21 13:15:00-0400,51.35,51.35,51.35,51.35,200.0
2025-03-21 13:20:00-0400,51.35,51.35,51.35,51.35,0.0
2025-03-21 13:25:00-0400,51.35,51.38,51.35,51.38,100.0
2025-03-21 13:30:00-0400,51.38,51.4,51.34,51.3887,95419.0
2025-03-21 13:35:00-0400,51.39,51.39,51.35,51.365,284329.0
2025-03-21 13:40:00-0400,51.365,51.39,51.34,51.37,185297.0
2025-03-21 13:45:00-0400,51.375,51.41,51.37,51.385,139425.0
2025-03-21 13:50:00-0400,51.385,51.41,51.38,51.395,76388.0
2025-03-21 13:55:00-0400,51.3952,51.4,51.3601,51.375,152818.0
2025-03-21 14:00:00-0400,51.375,51.39,51.37,51.385,66164.0
2025-03-21 14:05:00-0400,51.385,51.385,51.3621,51.37,97548.0
2025-03-21 14:10:00-0400,51.37,51.375,51.36,51.365,45393.0
2025-03-21 14:15:00-0400,51.365,51.39,51.36,51.37,94304.0
2025-03-21 14:20:00-0400,51.37,51.385,51.37,51.385,91823.0
2025-03-21 14:25:00-0400,51.385,51.4,51.38,51.39,101542.0
2025-03-21 14:30:00-0400,51.385,51.4051,51.385,51.395,58423.0
2025-03-21 14:35:00-0400,51.39,51.405,51.385,51.4,76810.0
2025-03-21 14:40:00-0400,51.4,51.41,51.39,51.405,92948.0
2025-03-21 14:45:00-0400,51.405,51.41,51.39,51.405,58576.0
2025-03-21 14:50:00-0400,51.41,51.415,51.39,51.405,171156.0
2025-03-21 14:55:00-0400,51.405,51.405,51.3832,51.385,388905.0
2025-03-21 15:00:00-0400,51.385,51.4,51.385,51.39,75682.0
2025-03-21 15:05:00-0400,51.39,51.39,51.36,51.36,112701.0
2025-03-21 15:10:00-0400,51.365,51.37,51.35,51.355,79974.0
2025-03-21 15:15:00-0400,51.36,51.36,51.35,51.36,84148.0
2025-03-21 15:20:00-0400,51.355,51.37,51.35,51.3546,109683.0
2025-03-21 15:25:00-0400,51.355,51.37,51.355,51.365,40897.0
2025-03-21 15:30:00-0400,51.365,51.37,51.35,51.365,169903.0
2025-03-21 15:35:00-0400,51.365,51.375,51.36,51.36,67194.0
2025-03-21 15:40:00-0400,51.36,51.37,51.36,51.365,26735.0
2025-03-21 15:45:00-0400,51.37,51.37,51.34,51.345,59812.0
2025-03-21 15:50:00-0400,51.35,51.35,51.32,51.325,54699.0
2025-03-21 15:55:00-0400,51.32,51.325,51.285,51.31,254923.0
2025-03-21 16:00:00-0400,51.31,51.3187,51.3,51.3187,48930.0
2025-03-24 09:35:00-0400,51.3187,51.3187,51.3187,51.3187,0.0
2025-03-24 09:40:00-0400,51.3187,51.3187,51.3187,51.3187,0.0
2025-03-24 09:45:00-0400,51.3187,51.3187,51.3187,51.3187,0.0
2025-03-24 09:50:00-0400,51.3187,51.3187,51.3187,51.3187,0.0
2025-03-24 09:55:00-0400,51.3187,51.3187,51.3187,51.3187,0.0
2025-03-24 10:00:00-0400,51.3187,51.3187,51.3187,51.3187,0.0
2025-03-24 10:05:00-0400,51.3187,51.3187,51.3187,51.3187,0.0
2025-03-24 10:10:00-0400,51.3187,51.3187,51.3187,51.3187,0.0
2025-03-24 10:15:00-0400,51.3187,51.3187,51.3187,51.3187,0.0
2025-03-24 10:20:00-0400,51.3187,51.3187,51.3187,51.3187,0.0
2025-03-24 10:25:00-0400,51.3187,51.3187,51.3187,51.3187,0.0
2025-03-24 10:30:00-0400,51.3187,51.3187,51.3187,51.3187,0.0
2025-03-24 10:35:00-0400,51.3187,51.3187,51.3187,51.3187,0.0
2025-03-24 10:40:00-0400,51.3187,51.3187,51.3187,51.3187,0.0
2025-03-24 10:45:00-0400,51.3187,51.3187,51.3187,51.3187,0.0
2025-03-24 10:50:00-0400,51.3187,51.3187,51.3187,51.3187,0.0
2025-03-24 10:55:00-0400,51.3187,51.3187,51.3187,51.3187,0.0
2025-03-24 11:00:00-0400,51.3187,51.3187,51.3187,51.3187,0.0
2025-03-24 11:05:00-0400,51.3187,51.3187,51.3187,51.3187,0.0
2025-03-24 11:10:00-0400,51.3187,52.0,51.3187,51.99,764.0
2025-03-24 11:15:00-0400,51.99,52.0,51.99,52.0,1522.0
2025-03-24 11:20:00-0400,52.0,52.0,52.0,52.0,0.0
2025-03-24 11:25:00-0400,52.0,52.0,52.0,52.0,0.0
2025-03-24 11:30:00-0400,52.0,52.0,52.0,52.0,0.0
2025-03-24 11:35:00-0400,52.0,52.0,52.0,52.0,0.0
2025-03-24 11:40:00-0400,52.0,52.0,52.0,52.0,0.0
2025-03-24 11:45:00-0400,52.0,52.0,52.0,52.0,0.0
2025-03-24 11:50:00-0400,52.0,52.0,52.0,52.0,0.0
2025-03-24 11:55:00-0400,52.0,52.0,52.0,52.0,0.0
2025-03-24 12:00:00-0400,52.0,52.15,51.86,52.0006,104312.0
2025-03-24 12:05:00-0400,52.0007,52.19,52.0007,52.19,948.0
2025-03-24 12:10:00-0400,52.19,52.19,52.0045,52.0045,101.0
2025-03-24 12:15:00-0400,52.0045,52.0045,52.0045,52.0045,0.0
2025-03-24 12:20:00-0400,52.0045,52.02,52.0045,52.02,500.0
2025-03-24 12:25:00-0400,52.02,52.0203,52.02,52.0203,103.0
2025-03-24 12:30:00-0400,52.0203,52.0203,52.0203,52.0203,0.0
2025-03-24 12:35:00-0400,52.0203,52.04,52.0203,52.04,100.0
2025-03-24 12:40:00-0400,52.04,52.04,52.04,52.04,0.0
2025-03-24 12:45:00-0400,52.02,52.18,52.02,52.18,406.0
2025-03-24 12:50:00-0400,52.18,52.18,52.18,52.18,0.0
2025-03-24 12:55:00-0400,52.18,52.18,52.18,52.18,0.0
2025-03-24 13:00:00-0400,52.18,52.18,52.18,52.18,0.0
2025-03-24 13:05:00-0400,52.18,52.18,52.18,52.18,178.0
2025-03-24 13:10:00-0400,52.18,52.18,52.18,52.18,0.0
2025-03-24 13:15:00-0400,52.18,52.18,52.18,52.18,0.0
2025-03-24 13:20:00-0400,52.18,52.18,52.18,52.18,0.0
2025-03-24 13:25:00-0400,52.18,52.18,52.18,52.18,0.0
2025-03-24 13:30:00-0400,52.18,52.18,52.0395,52.075,76897.0
2025-03-24 13:35:00-0400,52.075,52.1,52.06,52.09,76608.0
2025-03-24 13:40:00-0400,52.085,52.095,52.0627,52.08,102730.0
2025-03-24 13:45:00-0400,52.08,52.1154,52.07,52.07,65497.0
2025-03-24 13:50:00-0400,52.08,52.1087,52.075,52.09,243541.0
2025-03-24 13:55:00-0400,52.095,52.0999,52.07,52.075,103959.0
2025-03-24 14:00:00-0400,52.075,52.09,52.06,52.065,99037.0
2025-03-24 14:05:00-0400,52.0699,52.075,52.055,52.07,198086.0
2025-03-24 14:10:00-0400,52.065,52.09,52.06,52.09,130320.0
2025-03-24 14:15:00-0400,52.09,52.11,52.08,52.105,72332.0
2025-03-24 14:20:00-0400,52.11,52.13,52.11,52.125,75699.0
2025-03-24 14:25:00-0400,52.13,52.15,52.125,52.15,75267.0
2025-03-24 14:30:00-0400,52.145,52.15,52.1337,52.135,15188.0
2025-03-24 14:35:00-0400,52.135,52.135,52.1146,52.1167,75280.0
2025-03-24 14:40:00-0400,52.115,52.13,52.115,52.1287,20164.0
2025-03-24 14:45:00-0400,52.125,52.125,52.1,52.1,27311.0
2025-03-24 14:50:00-0400,52.1049,52.115,52.095,52.1087,50604.0
2025-03-24 14:55:00-0400,52.11,52.12,52.1,52.115,41900.0
2025-03-24 15:00:00-0400,52.115,52.1199,52.11,52.11,23023.0
2025-03-24 15:05:00-0400,52.115,52.12,52.09,52.095,72658.0
2025-03-24 15:10:00-0400,52.0929,52.1,52.08,52.0874,78264.0
2025-03-24 15:15:00-0400,52.08,52.095,52.075,52.085,128201.0
2025-03-24 15:20:00-0400,52.085,52.1,52.08,52.1,56092.0
2025-03-24 15:25:00-0400,52.1,52.1,52.09,52.1,41411.0
2025-03-24 15:30:00-0400,52.095,52.105,52.09,52.095,52309.0
2025-03-24 15:35:00-0400,52.0901,52.0901,52.08,52.085,57883.0
2025-03-24 15:40:00-0400,52.085,52.085,52.065,52.07,94332.0
2025-03-24 15:45:00-0400,52.07,52.08,52.065,52.07,34775.0
2025-03-24 15:50:00-0400,52.0751,52.0787,52.06,52.065,58155.0
2025-03-24 15:55:00-0400,52.06,52.09,52.06,52.09,71392.0
2025-03-24 16:00:00-0400,52.0884,52.1,52.085,52.095,35926.0
2025-03-25 09:35:00-0400,52.095,52.095,52.095,52.095,0.0
2025-03-25 09:40:00-0400,52.095,52.095,52.095,52.095,0.0
2025-03-25 09:45:00-0400,52.095,52.095,52.095,52.095,0.0
2025-03-25 09:50:00-0400,52.095,52.095,52.095,52.095,0.0
2025-03-25 09:55:00-0400,52.095,52.095,52.095,52.095,0.0
2025-03-25 10:00:00-0400,52.095,52.095,52.095,52.095,0.0
2025-03-25 10:05:00-0400,52.095,52.095,52.095,52.095,0.0
2025-03-25 10:10:00-0400,52.095,52.095,52.095,52.095,0.0
2025-03-25 10:15:00-0400,52.095,52.095,52.095,52.095,0.0
2025-03-25 10:20:00-0400,52.095,52.095,52.095,52.095,0.0
2025-03-25 10:25:00-0400,52.095,52.095,51.9,51.9,1881.0
2025-03-25 10:30:00-0400,51.9,51.9,51.9,51.9,0.0
2025-03-25 10:35:00-0400,51.9,51.9,51.9,51.9,0.0
2025-03-25 10:40:00-0400,51.9,51.9,51.9,51.9,0.0
2025-03-25 10:45:00-0400,51.9,51.9,51.9,51.9,0.0
2025-03-25 10:50:00-0400,51.9,51.9,51.9,51.9,0.0
2025-03-25 10:55:00-0400,51.9,51.99,51.9,51.99,1437.0
2025-03-25 11:00:00-0400,51.99,51.99,51.99,51.99,0.0
2025-03-25 11:05:00-0400,51.99,51.99,51.99,51.99,0.0
2025-03-25 11:10:00-0400,51.99,51.99,51.99,51.99,0.0
2025-03-25 11:15:00-0400,51.99,51.99,51.99,51.99,0.0
2025-03-25 11:20:00-0400,51.99,51.99,51.99,51.99,0.0
2025-03-25 11:25:00-0400,51.99,52.1,51.99,52.1,96258.0
2025-03-25 11:30:00-0400,52.1,52.1,52.1,52.1,0.0
2025-03-25 11:35:00-0400,52.1,52.1,52.1,52.1,0.0
2025-03-25 11:40:00-0400,52.1,52.1,51.92,51.92,3260.0
2025-03-25 11:45:00-0400,51.92,51.92,51.92,51.92,0.0
2025-03-25 11:50:00-0400,51.92,51.92,51.92,51.92,0.0
2025-03-25 11:55:00-0400,51.92,51.92,51.92,51.92,0.0
2025-03-25 12:00:00-0400,51.92,51.92,51.92,51.92,0.0
2025-03-25 12:05:00-0400,51.92,51.92,51.91,51.91,1882.0
2025-03-25 12:10:00-0400,51.91,51.91,51.91,51.91,0.0
2025-03-25 12:15:00-0400,51.91,51.91,51.91,51.91,0.0
2025-03-25 12:20:00-0400,51.91,51.91,51.91,51.91,0.0
2025-03-25 12:25:00-0400,51.91,51.91,51.91,51.91,0.0
2025-03-25 12:30:00-0400,51.91,51.91,51.91,51.91,0.0
2025-03-25 12:35:00-0400,51.91,51.91,51.91,51.91,0.0
2025-03-25 12:40:00-0400,51.91,51.94,51.91,51.94,100.0
2025-03-25 12:45:00-0400,51.94,52.01,51.94,51.95,6245.0
2025-03-25 12:50:00-0400,51.95,51.95,51.93,51.93,6413.0
2025-03-25 12:55:00-0400,51.93,51.93,51.89,51.89,8466.0
2025-03-25 13:00:00-0400,51.89,51.94,51.89,51.92,2577.0
2025-03-25 13:05:00-0400,51.92,51.92,51.92,51.92,0.0
2025-03-25 13:10:00-0400,51.92,51.95,51.92,51.94,4600.0
2025-03-25 13:15:00-0400,51.94,51.96,51.94,51.95,5505.0
2025-03-25 13:20:00-0400,51.95,51.95,51.95,51.95,3050.0
2025-03-25 13:25:00-0400,51.97,51.97,51.92,51.92,20145.0
2025-03-25 13:30:00-0400,51.92,51.95,51.71,51.87,144228.0
2025-03-25 13:35:00-0400,51.87,51.91,51.8509,51.8681,198838.0
2025-03-25 13:40:00-0400,51.87,51.875,51.84,51.875,131528.0
2025-03-25 13:45:00-0400,51.88,51.88,51.84,51.85,344629.0
2025-03-25 13:50:00-0400,51.85,51.87,51.8488,51.865,140742.0
2025-03-25 13:55:00-0400,51.87,51.895,51.87,51.88,57282.0
2025-03-25 14:00:00-0400,51.885,51.99,51.8801,51.94,3541553.0
2025-03-25 14:05:00-0400,51.94,51.955,51.92,51.95,221673.0
2025-03-25 14:10:00-0400,51.955,51.9699,51.95,51.965,435197.0
2025-03-25 14:15:00-0400,51.96,51.99,51.945,51.97,129107.0
2025-03-25 14:20:00-0400,51.97,51.9781,51.96,51.975,34845.0
2025-03-25 14:25:00-0400,51.975,51.98,51.97,51.98,36958.0
2025-03-25 14:30:00-0400,51.98,51.9861,51.97,51.98,44894.0
2025-03-25 14:35:00-0400,51.985,51.99,51.97,51.985,96212.0
2025-03-25 14:40:00-0400,51.99,52.01,51.98,52.0049,107425.0
2025-03-25 14:45:00-0400,52.01,52.02,52.0,52.015,175107.0
2025-03-25 14:50:00-0400,52.015,52.02,52.01,52.02,67433.0
2025-03-25 14:55:00-0400,52.015,52.04,52.015,52.04,64137.0
2025-03-25 15:00:00-0400,52.04,52.05,52.03,52.04,147848.0
2025-03-25 15:05:00-0400,52.045,52.07,52.0401,52.06,113843.0
2025-03-25 15:10:00-0400,52.07,52.07,52.05,52.05,96845.0
2025-03-25 15:15:00-0400,52.055,52.06,52.04,52.04,69098.0
2025-03-25 15:20:00-0400,52.045,52.06,52.04,52.05,42579.0
2025-03-25 15:25:00-0400,52.055,52.055,52.03,52.045,64474.0
2025-03-25 15:30:00-0400,52.045,52.055,52.04,52.045,84195.0
2025-03-25 15:35:00-0400,52.05,52.05,52.02,52.04,43058.0
2025-03-25 15:40:00-0400,52.03,52.04,52.03,52.03,30013.0
2025-03-25 15:45:00-0400,52.035,52.04,52.02,52.035,45145.0
2025-03-25 15:50:00-0400,52.03,52.03,52.01,52.015,24510.0
2025-03-25 15:55:00-0400,52.02,52.03,52.0,52.01,88203.0
2025-03-25 16:00:00-0400,52.01,52.02,52.0,52.015,33213.0
2025-03-26 09:35:00-0400,52.015,52.015,52.015,52.015,0.0
2025-03-26 09:40:00-0400,52.015,52.015,52.015,52.015,0.0
2025-03-26 09:45:00-0400,52.015,52.015,52.015,52.015,0.0
2025-03-26 09:50:00-0400,52.015,52.015,52.015,52.015,0.0
2025-03-26 09:55:00-0400,52.015,52.015,52.015,52.015,0.0
2025-03-26 10:00:00-0400,52.015,52.015,52.015,52.015,0.0
2025-03-26 10:05:00-0400,52.015,52.015,52.015,52.015,0.0
2025-03-26 10:10:00-0400,52.015,52.015,52.015,52.015,0.0
2025-03-26 10:15:00-0400,52.015,52.015,52.015,52.015,0.0
2025-03-26 10:20:00-0400,52.015,52.015,52.015,52.015,0.0
2025-03-26 10:25:00-0400,52.015,52.015,51.71,51.71,100.0
2025-03-26 10:30:00-0400,51.71,51.71,51.71,51.71,0.0
2025-03-26 10:35:00-0400,51.71,51.71,51.71,51.71,0.0
2025-03-26 10:40:00-0400,51.71,51.71,51.71,51.71,0.0
2025-03-26 10:45:00-0400,51.71,51.71,51.71,51.71,0.0
2025-03-26 10:50:00-0400,51.71,51.71,51.71,51.71,0.0
2025-03-26 10:55:00-0400,51.71,51.71,51.71,51.71,0.0
2025-03-26 11:00:00-0400,51.71,51.71,51.71,51.71,210.0
2025-03-26 11:05:00-0400,51.71,51.71,51.71,51.71,0.0
2025-03-26 11:10:00-0400,51.7,51.7,51.7,51.7,100.0
2025-03-26 11:15:00-0400,51.7,51.7,51.68,51.68,100.0
2025-03-26 11:20:00-0400,51.68,51.68,51.68,51.68,0.0
2025-03-26 11:25:00-0400,51.68,51.68,51.68,51.68,0.0
2025-03-26 11:30:00-0400,51.68,51.68,51.68,51.68,0.0
2025-03-26 11:35:00-0400,51.68,51.68,51.68,51.68,0.0
2025-03-26 11:40:00-0400,51.68,51.68,51.68,51.68,0.0
2025-03-26 11:45:00-0400,51.68,51.68,51.68,51.68,0.0
2025-03-26 11:50:00-0400,51.68,51.68,51.68,51.68,0.0
2025-03-26 11:55:00-0400,51.68,51.68,51.68,51.68,0.0
2025-03-26 12:00:00-0400,51.68,51.97,51.65,51.87,1437.0
2025-03-26 12:05:00-0400,51.87,51.87,51.87,51.87,0.0
2025-03-26 12:10:00-0400,51.87,51.87,51.87,51.87,0.0
2025-03-26 12:15:00-0400,51.87,51.87,51.87,51.87,0.0
2025-03-26 12:20:00-0400,51.87,51.87,51.87,51.87,0.0
2025-03-26 12:25:00-0400,51.87,51.87,51.87,51.87,0.0
2025-03-26 12:30:00-0400,51.87,51.87,51.87,51.87,0.0
2025-03-26 12:35:00-0400,51.87,51.87,51.87,51.87,0.0
2025-03-26 12:40:00-0400,51.87,51.87,51.87,51.87,0.0
2025-03-26 12:45:00-0400,51.87,51.87,51.87,51.87,0.0
2025-03-26 12:50:00-0400,51.87,51.87,51.87,51.87,0.0
2025-03-26 12:55:00-0400,51.87,51.87,51.87,51.87,0.0
2025-03-26 13:00:00-0400,51.87,51.87,51.87,51.87,0.0
2025-03-26 13:05:00-0400,51.87,51.87,51.54,51.54,326.0
2025-03-26 13:10:00-0400,51.54,51.54,51.54,51.54,0.0
2025-03-26 13:15:00-0400,51.54,51.54,51.54,51.54,0.0
2025-03-26 13:20:00-0400,51.54,51.54,51.54,51.54,0.0
2025-03-26 13:25:00-0400,51.54,51.54,51.54,51.54,0.0
2025-03-26 13:30:00-0400,51.54,51.64,51.54,51.63,51275.0
2025-03-26 13:35:00-0400,51.63,51.65,51.59,51.605,123455.0
2025-03-26 13:40:00-0400,51.605,51.63,51.6,51.63,165825.0
2025-03-26 13:45:00-0400,51.6299,51.6299,51.6,51.605,156087.0
2025-03-26 13:50:00-0400,51.605,51.61,51.55,51.585,656793.0
2025-03-26 13:55:00-0400,51.58,51.59,51.575,51.585,19820.0
2025-03-26 14:00:00-0400,51.585,51.6,51.57,51.59,41256.0
2025-03-26 14:05:00-0400,51.59,51.62,51.59,51.62,144022.0
2025-03-26 14:10:00-0400,51.62,51.63,51.615,51.625,75104.0
2025-03-26 14:15:00-0400,51.625,51.65,51.62,51.65,63335.0
2025-03-26 14:20:00-0400,51.65,51.655,51.63,51.645,123441.0
2025-03-26 14:25:00-0400,51.6481,51.6481,51.62,51.635,91662.0
2025-03-26 14:30:00-0400,51.63,51.65,51.63,51.65,26837.0
2025-03-26 14:35:00-0400,51.65,51.655,51.64,51.65,62927.0
2025-03-26 14:40:00-0400,51.65,51.6599,51.6201,51.6303,76880.0
2025-03-26 14:45:00-0400,51.63,51.63,51.62,51.625,34652.0
2025-03-26 14:50:00-0400,51.63,51.655,51.62,51.655,112112.0
2025-03-26 14:55:00-0400,51.655,51.66,51.65,51.655,28464.0
2025-03-26 15:00:00-0400,51.65,51.655,51.63,51.63,39501.0
2025-03-26 15:05:00-0400,51.64,51.64,51.63,51.63,20235.0
2025-03-26 15:10:00-0400,51.63,51.64,51.63,51.6325,17366.0
2025-03-26 15:15:00-0400,51.64,51.645,51.63,51.6301,99265.0
2025-03-26 15:20:00-0400,51.635,51.635,51.615,51.625,29241.0
2025-03-26 15:25:00-0400,51.62,51.62,51.6,51.615,54664.0
2025-03-26 15:30:00-0400,51.613,51.613,51.59,51.59,102280.0
2025-03-26 15:35:00-0400,51.6,51.61,51.58,51.585,32804.0
2025-03-26 15:40:00-0400,51.59,51.61,51.5829,51.59,74985.0
2025-03-26 15:45:00-0400,51.595,51.6,51.585,51.6,57062.0
2025-03-26 15:50:00-0400,51.61,51.615,51.6,51.605,26971.0
2025-03-26 15:55:00-0400,51.6,51.605,51.58,51.595,64463.0
2025-03-26 16:00:00-0400,51.59,51.5902,51.57,51.585,192758.0
2025-03-27 09:35:00-0400,51.585,51.585,51.585,51.585,0.0
2025-03-27 09:40:00-0400,51.78,51.78,51.78,51.78,257.0
2025-03-27 09:45:00-0400,51.78,51.78,51.78,51.78,0.0
2025-03-27 09:50:00-0400,51.78,51.78,51.78,51.78,0.0
2025-03-27 09:55:00-0400,51.78,51.78,51.78,51.78,0.0
2025-03-27 10:00:00-0400,51.78,51.78,51.78,51.78,0.0
2025-03-27 10:05:00-0400,51.78,51.78,51.78,51.78,0.0
2025-03-27 10:10:00-0400,51.78,51.78,51.78,51.78,0.0
2025-03-27 10:15:00-0400,51.78,51.78,51.78,51.78,0.0
2025-03-27 10:20:00-0400,51.78,51.78,51.78,51.78,0.0
2025-03-27 10:25:00-0400,51.78,51.78,51.78,51.78,0.0
2025-03-27 10:30:00-0400,51.78,51.78,51.78,51.78,0.0
2025-03-27 10:35:00-0400,51.78,51.78,51.78,51.78,0.0
2025-03-27 10:40:00-0400,51.78,51.78,51.78,51.78,0.0
2025-03-27 10:45:00-0400,51.78,51.78,51.78,51.78,0.0
2025-03-27 10:50:00-0400,51.78,51.78,51.78,51.78,0.0
2025-03-27 10:55:00-0400,51.78,51.78,51.78,51.78,0.0
2025-03-27 11:00:00-0400,51.78,51.78,51.78,51.78,0.0
2025-03-27 11:05:00-0400,51.78,51.78,51.78,51.78,0.0
2025-03-27 11:10:00-0400,51.78,51.78,51.78,51.78,0.0
2025-03-27 11:15:00-0400,51.78,51.78,51.78,51.78,0.0
2025-03-27 11:20:00-0400,51.78,51.78,51.78,51.78,0.0
2025-03-27 11:25:00-0400,51.78,51.78,51.78,51.78,0.0
2025-03-27 11:30:00-0400,51.78,51.78,51.78,51.78,0.0
2025-03-27 11:35:00-0400,51.78,51.78,51.78,51.78,0.0
2025-03-27 11:40:00-0400,51.78,51.78,51.78,51.78,0.0
2025-03-27 11:45:00-0400,51.58,51.58,51.58,51.58,2656.0
2025-03-27 11:50:00-0400,51.58,51.58,51.58,51.58,0.0
2025-03-27 11:55:00-0400,51.58,51.58,51.58,51.58,0.0
2025-03-27 12:00:00-0400,51.58,51.58,51.58,51.58,0.0
2025-03-27 12:05:00-0400,51.5,51.5,51.5,51.5,100.0
2025-03-27 12:10:00-0400,51.5,51.5,51.5,51.5,0.0
2025-03-27 12:15:00-0400,51.5,51.5,51.5,51.5,0.0
2025-03-27 12:20:00-0400,51.5,51.5,51.5,51.5,0.0
2025-03-27 12:25:00-0400,51.5,51.5,51.5,51.5,0.0
2025-03-27 12:30:00-0400,51.5,51.5,51.5,51.5,0.0
2025-03-27 12:35:00-0400,51.5,51.5,51.5,51.5,0.0
2025-03-27 12:40:00-0400,51.5,51.5,51.5,51.5,0.0
2025-03-27 12:45:00-0400,51.5,51.5,51.5,51.5,0.0
2025-03-27 12:50:00-0400,51.5,51.5,51.5,51.5,0.0
2025-03-27 12:55:00-0400,51.5,51.79,51.5,51.79,100.0
2025-03-27 13:00:00-0400,51.79,51.79,51.79,51.79,0.0
2025-03-27 13:05:00-0400,51.79,51.79,51.79,51.79,0.0
2025-03-27 13:10:00-0400,51.79,51.79,51.79,51.79,0.0
2025-03-27 13:15:00-0400,51.79,51.79,51.79,51.79,0.0
2025-03-27 13:20:00-0400,51.68,51.68,51.68,51.68,600.0
2025-03-27 13:25:00-0400,51.68,51.68,51.68,51.68,0.0
2025-03-27 13:30:00-0400,51.68,51.83,51.68,51.755,28920.0
2025-03-27 13:35:00-0400,51.75,51.76,51.72,51.725,170778.0
2025-03-27 13:40:00-0400,51.725,51.73,51.705,51.715,165820.0
2025-03-27 13:45:00-0400,51.71,51.75,51.695,51.75,70148.0
2025-03-27 13:50:00-0400,51.7496,51.78,51.73,51.77,153109.0
2025-03-27 13:55:00-0400,51.77,51.805,51.76,51.805,81878.0
2025-03-27 14:00:00-0400,51.805,51.83,51.8,51.815,84617.0
2025-03-27 14:05:00-0400,51.81,51.81,51.78,51.795,53692.0
2025-03-27 14:10:00-0400,51.7887,51.8,51.754,51.754,28848.0
2025-03-27 14:15:00-0400,51.755,51.8,51.755,51.785,40087.0
2025-03-27 14:20:00-0400,51.785,51.79,51.78,51.78,26893.0
2025-03-27 14:25:00-0400,51.78,51.795,51.76,51.785,45358.0
2025-03-27 14:30:00-0400,51.79,51.815,51.7844,51.795,58681.0
2025-03-27 14:35:00-0400,51.795,51.81,51.79,51.795,68976.0
2025-03-27 14:40:00-0400,51.795,51.81,51.79,51.795,96502.0
2025-03-27 14:45:00-0400,51.795,51.81,51.79,51.8099,26721.0
2025-03-27 14:50:00-0400,51.805,51.825,51.7949,51.82,75693.0
2025-03-27 14:55:00-0400,51.82,51.8593,51.815,51.855,42220.0
2025-03-27 15:00:00-0400,51.86,51.88,51.855,51.875,36307.0
2025-03-27 15:05:00-0400,51.875,51.8793,51.85,51.855,24535.0
2025-03-27 15:10:00-0400,51.855,51.86,51.8344,51.855,117841.0
2025-03-27 15:15:00-0400,51.855,51.8699,51.8493,51.855,59733.0
2025-03-27 15:20:00-0400,51.86,51.88,51.85,51.865,27668.0
2025-03-27 15:25:00-0400,51.865,51.87,51.85,51.865,49513.0
2025-03-27 15:30:00-0400,51.865,51.8699,51.84,51.84,20419.0
2025-03-27 15:35:00-0400,51.835,51.845,51.825,51.835,234952.0
2025-03-27 15:40:00-0400,51.835,51.835,51.815,51.8199,30994.0
2025-03-27 15:45:00-0400,51.82,51.83,51.8145,51.815,13746.0
2025-03-27 15:50:00-0400,51.815,51.835,51.805,51.83,27446.0
2025-03-27 15:55:00-0400,51.83,51.845,51.815,51.82,128836.0
2025-03-27 16:00:00-0400,51.82,51.82,51.815,51.815,22063.0
2025-03-28 09:35:00-0400,51.815,51.815,51.815,51.815,0.0
2025-03-28 09:40:00-0400,51.815,51.815,51.815,51.815,0.0
2025-03-28 09:45:00-0400,51.815,51.815,51.815,51.815,0.0
2025-03-28 09:50:00-0400,51.815,51.815,51.815,51.815,0.0
2025-03-28 09:55:00-0400,51.815,51.815,51.815,51.815,0.0
2025-03-28 10:00:00-0400,51.815,51.815,51.815,51.815,0.0
2025-03-28 10:05:00-0400,51.815,51.815,51.815,51.815,0.0
2025-03-28 10:10:00-0400,51.815,51.815,51.815,51.815,0.0
2025-03-28 10:15:00-0400,51.815,51.815,51.815,51.815,0.0
2025-03-28 10:20:00-0400,51.815,51.815,51.815,51.815,0.0
2025-03-28 10:25:00-0400,51.815,51.815,51.815,51.815,0.0
2025-03-28 10:30:00-0400,51.815,51.815,51.815,51.815,0.0
2025-03-28 10:35:00-0400,51.815,51.815,51.815,51.815,0.0
2025-03-28 10:40:00-0400,51.815,51.815,51.815,51.815,0.0
2025-03-28 10:45:00-0400,51.815,51.815,51.815,51.815,0.0
2025-03-28 10:50:00-0400,51.815,51.815,51.815,51.815,0.0
2025-03-28 10:55:00-0400,51.815,51.815,51.815,51.815,0.0
2025-03-28 11:00:00-0400,51.815,51.815,51.815,51.815,0.0
2025-03-28 11:05:00-0400,51.815,51.815,51.815,51.815,0.0
2025-03-28 11:10:00-0400,51.815,51.815,51.815,51.815,0.0
2025-03-28 11:15:00-0400,51.815,51.815,51.815,51.815,0.0
2025-03-28 11:20:00-0400,51.815,51.815,51.815,51.815,0.0
2025-03-28 11:25:00-0400,51.815,51.815,51.815,51.815,0.0
2025-03-28 11:30:00-0400,51.815,51.815,51.815,51.815,0.0
2025-03-28 11:35:00-0400,51.815,51.815,51.815,51.815,0.0
2025-03-28 11:40:00-0400,51.815,51.815,51.815,51.815,0.0
2025-03-28 11:45:00-0400,51.815,51.815,51.815,51.815,0.0
2025-03-28 11:50:00-0400,51.815,51.815,51.815,51.815,0.0
2025-03-28 11:55:00-0400,51.815,51.815,51.815,51.815,0.0
2025-03-28 12:00:00-0400,51.815,51.815,51.815,51.815,0.0
2025-03-28 12:05:00-0400,51.815,51.815,51.815,51.815,0.0
2025-03-28 12:10:00-0400,51.815,51.815,51.815,51.815,0.0
2025-03-28 12:15:00-0400,51.815,51.815,51.815,51.815,0.0
2025-03-28 12:20:00-0400,51.815,51.815,51.815,51.815,0.0
2025-03-28 12:25:00-0400,51.815,51.815,51.815,51.815,0.0
2025-03-28 12:30:00-0400,51.815,51.815,51.815,51.815,0.0
2025-03-28 12:35:00-0400,51.815,51.815,51.7048,51.7048,103.0
2025-03-28 12:40:00-0400,51.7048,51.7048,51.69,51.69,100.0
2025-03-28 12:45:00-0400,51.69,51.69,51.67,51.67,220.0
2025-03-28 12:50:00-0400,51.67,51.67,51.67,51.67,0.0
2025-03-28 12:55:00-0400,51.67,51.67,51.67,51.67,0.0
2025-03-28 13:00:00-0400,51.67,51.67,51.52,51.52,100.0
2025-03-28 13:05:00-0400,51.52,51.53,51.52,51.52,607.0
2025-03-28 13:10:00-0400,51.52,51.52,51.52,51.52,0.0
2025-03-28 13:15:00-0400,51.52,51.52,51.52,51.52,0.0
2025-03-28 13:20:00-0400,51.52,51.52,51.52,51.52,0.0
2025-03-28 13:25:00-0400,51.52,51.52,51.52,51.52,147.0
2025-03-28 13:30:00-0400,51.52,51.6685,51.52,51.6685,36266.0
2025-03-28 13:35:00-0400,51.64,51.66,51.6,51.6203,43193.0
2025-03-28 13:40:00-0400,51.63,51.67,51.6249,51.63,78742.0
2025-03-28 13:45:00-0400,51.63,51.655,51.61,51.61,158237.0
2025-03-28 13:50:00-0400,51.6,51.65,51.59,51.65,120398.0
2025-03-28 13:55:00-0400,51.65,51.65,51.61,51.61,82149.0
2025-03-28 14:00:00-0400,51.61,51.62,51.56,51.62,103267.0
2025-03-28 14:05:00-0400,51.61,51.615,51.58,51.58,88422.0
2025-03-28 14:10:00-0400,51.575,51.585,51.49,51.505,219799.0
2025-03-28 14:15:00-0400,51.51,51.51,51.4848,51.4879,22743.0
2025-03-28 14:20:00-0400,51.485,51.485,51.45,51.45,57677.0
2025-03-28 14:25:00-0400,51.445,51.475,51.441,51.4605,71877.0
2025-03-28 14:30:00-0400,51.465,51.465,51.44,51.45,25725.0
2025-03-28 14:35:00-0400,51.45,51.455,51.42,51.425,74767.0
2025-03-28 14:40:00-0400,51.425,51.43,51.4,51.415,146556.0
2025-03-28 14:45:00-0400,51.415,51.415,51.4,51.41,28340.0
2025-03-28 14:50:00-0400,51.41,51.415,51.39,51.405,29993.0
2025-03-28 14:55:00-0400,51.41,51.425,51.4,51.4001,61604.0
2025-03-28 15:00:00-0400,51.405,51.405,51.39,51.395,108898.0
2025-03-28 15:05:00-0400,51.39,51.4,51.37,51.395,250576.0
2025-03-28 15:10:00-0400,51.395,51.435,51.385,51.425,147375.0
2025-03-28 15:15:00-0400,51.42,51.425,51.41,51.415,31113.0
2025-03-28 15:20:00-0400,51.42,51.43,51.405,51.42,32629.0
2025-03-28 15:25:00-0400,51.42,51.43,51.405,51.425,20950.0
2025-03-28 15:30:00-0400,51.43,51.445,51.43,51.435,20373.0
2025-03-28 15:35:00-0400,51.44,51.465,51.44,51.465,40766.0
2025-03-28 15:40:00-0400,51.47,51.48,51.46,51.465,37793.0
2025-03-28 15:45:00-0400,51.46,51.46,51.435,51.445,98658.0
2025-03-28 15:50:00-0400,51.4446,51.455,51.44,51.455,16520.0
2025-03-28 15:55:00-0400,51.455,51.455,51.42,51.42,22027.0
2025-03-28 16:00:00-0400,51.42,51.42,51.4126,51.4143,14662.0
2025-03-31 09:35:00-0400,51.4143,51.4143,51.4143,51.4143,0.0
2025-03-31 09:40:00-0400,51.4143,51.4143,51.4143,51.4143,0.0
2025-03-31 09:45:00-0400,51.4143,51.4143,51.4143,51.4143,0.0
2025-03-31 09:50:00-0400,51.4143,51.4143,51.4143,51.4143,0.0
2025-03-31 09:55:00-0400,51.4143,51.4143,51.4143,51.4143,0.0
2025-03-31 10:00:00-0400,51.4143,51.4143,51.4143,51.4143,0.0
2025-03-31 10:05:00-0400,51.4143,51.4143,51.4143,51.4143,0.0
2025-03-31 10:10:00-0400,51.4143,51.4143,51.4143,51.4143,0.0
2025-03-31 10:15:00-0400,51.4143,51.4143,51.4143,51.4143,0.0
2025-03-31 10:20:00-0400,51.4143,51.4143,51.4143,51.4143,0.0
2025-03-31 10:25:00-0400,51.4143,51.4143,50.96,50.96,399.0
2025-03-31 10:30:00-0400,50.96,50.96,50.96,50.96,0.0
2025-03-31 10:35:00-0400,50.96,50.96,50.96,50.96,0.0
2025-03-31 10:40:00-0400,50.96,50.96,50.96,50.96,0.0
2025-03-31 10:45:00-0400,50.96,50.96,50.96,50.96,0.0
2025-03-31 10:50:00-0400,50.96,50.96,50.96,50.96,0.0
2025-03-31 10:55:00-0400,50.96,50.96,50.96,50.96,0.0
2025-03-31 11:00:00-0400,50.96,51.0,50.96,51.0,1175.0
2025-03-31 11:05:00-0400,51.0,51.0,51.0,51.0,0.0
2025-03-31 11:10:00-0400,51.0,51.0,51.0,51.0,0.0
2025-03-31 11:15:00-0400,51.0,51.0,51.0,51.0,0.0
2025-03-31 11:20:00-0400,51.0,51.0,51.0,51.0,0.0
2025-03-31 11:25:00-0400,51.0,51.0,51.0,51.0,0.0
2025-03-31 11:30:00-0400,51.0,51.0,51.0,51.0,0.0
2025-03-31 11:35:00-0400,51.0,51.0,50.92,50.92,100.0
2025-03-31 11:40:00-0400,50.92,50.92,50.92,50.92,0.0
2025-03-31 11:45:00-0400,50.92,50.92,50.92,50.92,0.0
2025-03-31 11:50:00-0400,50.92,50.96,50.92,50.96,100.0
2025-03-31 11:55:00-0400,50.96,50.96,50.95,50.95,171.0
2025-03-31 12:00:00-0400,50.95,51.0,50.68,50.89,2372.0
2025-03-31 12:05:00-0400,51.11,51.11,51.11,51.11,600.0
2025-03-31 12:10:00-0400,51.11,51.11,51.11,51.11,0.0
2025-03-31 12:15:00-0400,51.11,51.11,50.99,50.99,1040.0
2025-03-31 12:20:00-0400,50.99,50.99,50.99,50.99,0.0
2025-03-31 12:25:00-0400,50.99,50.99,50.99,50.99,0.0
2025-03-31 12:30:00-0400,50.99,51.04,50.99,51.04,316.0
2025-03-31 12:35:00-0400,51.04,51.04,51.04,51.04,0.0
2025-03-31 12:40:00-0400,51.04,51.129,51.04,51.129,200.0
2025-03-31 12:45:00-0400,51.129,51.129,51.129,51.129,0.0
2025-03-31 12:50:00-0400,51.129,51.129,51.0,51.0,146.0
2025-03-31 12:55:00-0400,51.0,51.0,51.0,51.0,854.0
2025-03-31 13:00:00-0400,51.0,51.02,51.0,51.02,754.0
2025-03-31 13:05:00-0400,51.02,51.02,51.02,51.02,0.0
2025-03-31 13:10:00-0400,51.02,51.02,51.02,51.02,0.0
2025-03-31 13:15:00-0400,51.02,51.05,51.02,51.05,908.0
2025-03-31 13:20:00-0400,51.05,51.05,51.05,51.05,0.0
2025-03-31 13:25:00-0400,51.05,51.05,51.05,51.05,0.0
2025-03-31 13:30:00-0400,51.05,51.17,50.99,51.125,96213.0
2025-03-31 13:35:00-0400,51.12,51.15,51.11,51.14,101803.0
2025-03-31 13:40:00-0400,51.14,51.155,51.115,51.1196,120737.0
2025-03-31 13:45:00-0400,51.115,51.12,51.06,51.07,146475.0
2025-03-31 13:50:00-0400,51.06,51.15,51.06,51.1,153857.0
2025-03-31 13:55:00-0400,51.11,51.18,51.11,51.18,75466.0
2025-03-31 14:00:00-0400,51.18,51.2,51.1621,51.185,48205.0
2025-03-31 14:05:00-0400,51.185,51.2,51.18,51.185,32224.0
2025-03-31 14:10:00-0400,51.19,51.195,51.185,51.19,21275.0
2025-03-31 14:15:00-0400,51.185,51.2,51.1801,51.2,60360.0
2025-03-31 14:20:00-0400,51.19,51.195,51.17,51.185,39984.0
2025-03-31 14:25:00-0400,51.19,51.19,51.16,51.165,43830.0
2025-03-31 14:30:00-0400,51.165,51.18,51.16,51.1712,37227.0
2025-03-31 14:35:00-0400,51.18,51.235,51.175,51.225,61116.0
2025-03-31 14:40:00-0400,51.23,51.245,51.22,51.24,56446.0
2025-03-31 14:45:00-0400,51.24,51.245,51.225,51.23,53756.0
2025-03-31 14:50:00-0400,51.23,51.255,51.23,51.25,175300.0
2025-03-31 14:55:00-0400,51.255,51.26,51.2307,51.255,30073.0
2025-03-31 15:00:00-0400,51.255,51.27,51.2501,51.265,25952.0
2025-03-31 15:05:00-0400,51.2601,51.27,51.25,51.255,27148.0
2025-03-31 15:10:00-0400,51.255,51.27,51.255,51.27,19948.0
2025-03-31 15:15:00-0400,51.27,51.275,51.242,51.2445,37139.0
2025-03-31 15:20:00-0400,51.25,51.27,51.25,51.27,27018.0
2025-03-31 15:25:00-0400,51.27,51.31,51.265,51.3,86663.0
2025-03-31 15:30:00-0400,51.3,51.31,51.295,51.2993,71603.0
2025-03-31 15:35:00-0400,51.3,51.3,51.285,51.29,39657.0
2025-03-31 15:40:00-0400,51.29,51.305,51.285,51.3,10872.0
2025-03-31 15:45:00-0400,51.31,51.315,51.2901,51.305,23363.0
2025-03-31 15:50:00-0400,51.31,51.32,51.31,51.3193,118099.0
2025-03-31 15:55:00-0400,51.3193,51.325,51.305,51.305,13158.0
2025-03-31 16:00:00-0400,51.31,51.32,51.3001,51.305,13107.0
2025-04-01 09:35:00-0400,51.305,51.305,51.305,51.305,0.0
2025-04-01 09:40:00-0400,51.305,51.305,51.305,51.305,0.0
2025-04-01 09:45:00-0400,51.305,51.305,51.305,51.305,0.0
2025-04-01 09:50:00-0400,51.305,51.305,51.305,51.305,0.0
2025-04-01 09:55:00-0400,51.305,51.305,51.305,51.305,0.0
2025-04-01 10:00:00-0400,51.305,51.305,51.305,51.305,0.0
2025-04-01 10:05:00-0400,51.305,51.305,51.305,51.305,0.0
2025-04-01 10:10:00-0400,51.305,51.305,51.305,51.305,0.0
2025-04-01 10:15:00-0400,51.305,51.305,51.305,51.305,0.0
2025-04-01 10:20:00-0400,51.305,51.305,51.305,51.305,0.0
2025-04-01 10:25:00-0400,51.305,51.305,51.305,51.305,0.0
2025-04-01 10:30:00-0400,51.305,51.305,51.305,51.305,0.0
2025-04-01 10:35:00-0400,51.305,51.305,51.305,51.305,0.0
2025-04-01 10:40:00-0400,51.305,51.305,51.305,51.305,0.0
2025-04-01 10:45:00-0400,51.305,51.305,51.305,51.305,0.0
2025-04-01 10:50:00-0400,51.305,51.305,51.305,51.305,0.0
2025-04-01 10:55:00-0400,51.305,51.305,51.305,51.305,0.0
2025-04-01 11:00:00-0400,51.305,51.305,51.305,51.305,0.0
2025-04-01 11:05:00-0400,51.305,51.305,51.305,51.305,0.0
2025-04-01 11:10:00-0400,51.305,51.305,51.305,51.305,0.0
2025-04-01 11:15:00-0400,51.305,51.305,51.305,51.305,0.0
2025-04-01 11:20:00-0400,51.305,51.305,51.305,51.305,0.0
2025-04-01 11:25:00-0400,51.305,51.305,51.305,51.305,0.0
2025-04-01 11:30:00-0400,51.305,51.305,51.305,51.305,0.0
2025-04-01 11:35:00-0400,51.305,51.305,51.305,51.305,0.0
2025-04-01 11:40:00-0400,51.305,51.305,51.305,51.305,0.0
2025-04-01 11:45:00-0400,51.305,51.305,51.305,51.305,0.0
2025-04-01 11:50:00-0400,50.97,50.97,50.97,50.97,308.0
2025-04-01 11:55:00-0400,50.97,50.97,50.97,50.97,0.0
2025-04-01 12:00:00-0400,50.97,51.35,50.61,51.18,474.0
2025-04-01 12:05:00-0400,51.18,51.18,51.18,51.18,0.0
2025-04-01 12:10:00-0400,51.18,51.18,51.18,51.18,0.0
2025-04-01 12:15:00-0400,51.18,51.18,51.18,51.18,0.0
2025-04-01 12:20:00-0400,51.18,51.18,51.18,51.18,0.0
2025-04-01 12:25:00-0400,51.18,51.18,51.18,51.18,0.0
2025-04-01 12:30:00-0400,51.18,51.18,51.18,51.18,0.0
2025-04-01 12:35:00-0400,51.18,51.18,50.9,50.9,100.0
2025-04-01 12:40:00-0400,50.9,50.9,50.9,50.9,0.0
2025-04-01 12:45:00-0400,50.9,50.9,50.9,50.9,0.0
2025-04-01 12:50:00-0400,50.9,50.9,50.9,50.9,0.0
2025-04-01 12:55:00-0400,50.9,50.9,50.9,50.9,0.0
2025-04-01 13:00:00-0400,50.9,50.9,50.9,50.9,0.0
2025-04-01 13:05:00-0400,50.9,50.9,50.9,50.9,0.0
2025-04-01 13:10:00-0400,50.9,50.9,50.9,50.9,0.0
2025-04-01 13:15:00-0400,50.9,50.9,50.9,50.9,0.0
2025-04-01 13:20:00-0400,50.9,50.9,50.9,50.9,0.0
2025-04-01 13:25:00-0400,50.9,50.9,50.9,50.9,0.0
2025-04-01 13:30:00-0400,50.9,50.93,50.86,50.925,178956.0
2025-04-01 13:35:00-0400,50.925,50.925,50.84,50.855,208883.0
2025-04-01 13:40:00-0400,50.855,50.8735,50.84,50.87,66978.0
2025-04-01 13:45:00-0400,50.885,50.8951,50.855,50.87,29092.0
2025-04-01 13:50:00-0400,50.875,50.925,50.87,50.925,82312.0
2025-04-01 13:55:00-0400,50.93,50.945,50.92,50.92,40172.0
2025-04-01 14:00:00-0400,50.91,50.92,50.885,50.9,120473.0
2025-04-01 14:05:00-0400,50.895,50.915,50.88,50.895,33044.0
2025-04-01 14:10:00-0400,50.9,50.9,50.86,50.86,29219.0
2025-04-01 14:15:00-0400,50.855,50.86,50.835,50.855,26567.0
2025-04-01 14:20:00-0400,50.855,50.875,50.85,50.85,27128.0
2025-04-01 14:25:00-0400,50.85,50.92,50.84,50.92,48643.0
2025-04-01 14:30:00-0400,50.925,50.93,50.8984,50.92,37665.0
2025-04-01 14:35:00-0400,50.93,50.935,50.9249,50.9288,22522.0
2025-04-01 14:40:00-0400,50.93,50.9799,50.93,50.9601,73301.0
2025-04-01 14:45:00-0400,50.97,50.99,50.97,50.975,22518.0
2025-04-01 14:50:00-0400,50.975,50.98,50.96,50.97,17808.0
2025-04-01 14:55:00-0400,50.98,51.01,50.98,51.005,20618.0
2025-04-01 15:00:00-0400,51.005,51.03,50.9949,51.02,49136.0
2025-04-01 15:05:00-0400,51.0238,51.05,51.0238,51.0401,19899.0
2025-04-01 15:10:00-0400,51.045,51.06,51.045,51.055,11128.0
2025-04-01 15:15:00-0400,51.06,51.1,51.055,51.1,19986.0
2025-04-01 15:20:00-0400,51.1,51.15,51.095,51.115,119286.0
2025-04-01 15:25:00-0400,51.11,51.135,51.11,51.13,23591.0
2025-04-01 15:30:00-0400,51.13,51.14,51.115,51.115,41115.0
2025-04-01 15:35:00-0400,51.11,51.14,51.105,51.14,65555.0
2025-04-01 15:40:00-0400,51.14,51.14,51.125,51.13,79574.0
2025-04-01 15:45:00-0400,51.13,51.135,51.125,51.135,84390.0
2025-04-01 15:50:00-0400,51.135,51.14,51.12,51.135,38297.0
2025-04-01 15:55:00-0400,51.135,51.135,51.105,51.11,49162.0
2025-04-01 16:00:00-0400,51.115,51.12,51.105,51.11,44689.0
2025-04-02 09:35:00-0400,51.11,51.11,51.11,51.11,0.0
2025-04-02 09:40:00-0400,51.11,51.11,51.11,51.11,0.0
2025-04-02 09:45:00-0400,51.11,51.11,51.11,51.11,0.0
2025-04-02 09:50:00-0400,51.11,51.11,51.11,51.11,0.0
2025-04-02 09:55:00-0400,51.11,51.11,51.11,51.11,0.0
2025-04-02 10:00:00-0400,51.11,51.11,51.11,51.11,0.0
2025-04-02 10:05:00-0400,51.11,51.11,51.11,51.11,0.0
2025-04-02 10:10:00-0400,51.11,51.11,51.11,51.11,0.0
2025-04-02 10:15:00-0400,51.11,51.11,51.11,51.11,0.0
2025-04-02 10:20:00-0400,51.11,51.11,51.11,51.11,0.0
2025-04-02 10:25:00-0400,51.11,51.11,51.11,51.11,0.0
2025-04-02 10:30:00-0400,51.11,51.11,51.11,51.11,0.0
2025-04-02 10:35:00-0400,51.11,51.11,51.11,51.11,0.0
2025-04-02 10:40:00-0400,51.11,51.11,51.11,51.11,0.0
2025-04-02 10:45:00-0400,51.11,51.11,51.11,51.11,0.0
2025-04-02 10:50:00-0400,51.11,51.11,51.11,51.11,0.0
2025-04-02 10:55:00-0400,51.11,51.11,51.11,51.11,0.0
2025-04-02 11:00:00-0400,51.11,51.11,51.11,51.11,0.0
2025-04-02 11:05:00-0400,51.11,51.11,51.11,51.11,0.0
2025-04-02 11:10:00-0400,51.11,51.11,51.11,51.11,0.0
2025-04-02 11:15:00-0400,51.11,51.11,51.11,51.11,0.0
2025-04-02 11:20:00-0400,51.11,51.11,51.11,51.11,0.0
2025-04-02 11:25:00-0400,51.11,51.11,51.11,51.11,0.0
2025-04-02 11:30:00-0400,51.11,51.11,51.11,51.11,0.0
2025-04-02 11:35:00-0400,51.11,51.2,51.11,51.11,1140.0
2025-04-02 11:40:00-0400,51.11,51.11,51.11,51.11,0.0
2025-04-02 11:45:00-0400,51.11,51.11,51.11,51.11,0.0
2025-04-02 11:50:00-0400,51.11,51.11,51.11,51.11,0.0
2025-04-02 11:55:00-0400,51.11,51.11,51.11,51.11,0.0
2025-04-02 12:00:00-0400,51.11,51.11,51.11,51.11,0.0
2025-04-02 12:05:00-0400,51.11,51.11,51.11,51.11,0.0
2025-04-02 12:10:00-0400,51.11,51.11,51.11,51.11,0.0
2025-04-02 12:15:00-0400,51.11,51.11,51.11,51.11,0.0
2025-04-02 12:20:00-0400,51.11,51.11,51.11,51.11,0.0
2025-04-02 12:25:00-0400,51.11,51.11,51.11,51.11,0.0
2025-04-02 12:30:00-0400,51.11,51.11,51.05,51.05,1260.0
2025-04-02 12:35:00-0400,51.05,51.05,51.05,51.05,0.0
2025-04-02 12:40:00-0400,51.05,51.05,51.05,51.05,0.0
2025-04-02 12:45:00-0400,51.05,51.05,51.05,51.05,0.0
2025-04-02 12:50:00-0400,51.05,51.05,51.05,51.05,0.0
2025-04-02 12:55:00-0400,51.05,51.05,51.05,51.05,0.0
2025-04-02 13:00:00-0400,51.05,51.05,51.05,51.05,0.0
2025-04-02 13:05:00-0400,51.05,51.05,51.05,51.05,0.0
2025-04-02 13:10:00-0400,51.05,51.05,51.05,51.05,0.0
2025-04-02 13:15:00-0400,51.05,51.05,51.05,51.05,0.0
2025-04-02 13:20:00-0400,51.05,51.05,51.05,51.05,0.0
2025-04-02 13:25:00-0400,51.05,51.05,51.05,51.05,0.0
2025-04-02 13:30:00-0400,51.05,51.41,51.05,51.35,45808.0
2025-04-02 13:35:00-0400,51.34,51.38,51.32,51.375,160700.0
2025-04-02 13:40:00-0400,51.375,51.46,51.375,51.455,115612.0
2025-04-02 13:45:00-0400,51.46,51.465,51.44,51.465,133145.0
2025-04-02 13:50:00-0400,51.465,51.48,51.43,51.435,85781.0
2025-04-02 13:55:00-0400,51.435,51.46,51.42,51.425,89792.0
2025-04-02 14:00:00-0400,51.42,51.45,51.405,51.45,82380.0
2025-04-02 14:05:00-0400,51.45,51.456,51.43,51.4448,49736.0
2025-04-02 14:10:00-0400,51.445,51.47,51.435,51.435,38812.0
2025-04-02 14:15:00-0400,51.43,51.45,51.425,51.435,44382.0
2025-04-02 14:20:00-0400,51.435,51.4775,51.435,51.4775,40854.0
2025-04-02 14:25:00-0400,51.48,51.48,51.455,51.46,45576.0
2025-04-02 14:30:00-0400,51.4507,51.48,51.4507,51.48,29205.0
2025-04-02 14:35:00-0400,51.475,51.5,51.465,51.475,46602.0
2025-04-02 14:40:00-0400,51.47,51.475,51.455,51.465,32747.0
2025-04-02 14:45:00-0400,51.47,51.485,51.45,51.465,21503.0
2025-04-02 14:50:00-0400,51.465,51.48,51.455,51.475,27612.0
2025-04-02 14:55:00-0400,51.48,51.49,51.465,51.475,29738.0
2025-04-02 15:00:00-0400,51.47,51.49,51.465,51.475,59793.0
2025-04-02 15:05:00-0400,51.475,51.48,51.46,51.48,22956.0
2025-04-02 15:10:00-0400,51.48,51.485,51.47,51.48,48887.0
2025-04-02 15:15:00-0400,51.48,51.485,51.47,51.4701,90454.0
2025-04-02 15:20:00-0400,51.47,51.495,51.465,51.495,74789.0
2025-04-02 15:25:00-0400,51.5,51.54,51.4945,51.54,172996.0
2025-04-02 15:30:00-0400,51.535,51.55,51.53,51.53,55492.0
2025-04-02 15:35:00-0400,51.535,51.545,51.53,51.53,33926.0
2025-04-02 15:40:00-0400,51.53,51.54,51.525,51.535,34190.0
2025-04-02 15:45:00-0400,51.53,51.535,51.495,51.495,29469.0
2025-04-02 15:50:00-0400,51.495,51.4957,51.48,51.495,17522.0
2025-04-02 15:55:00-0400,51.495,51.495,51.48,51.495,24528.0
2025-04-02 16:00:00-0400,51.495,51.515,51.495,51.515,18003.0
2025-04-03 09:35:00-0400,51.515,51.515,51.515,51.515,0.0
2025-04-03 09:40:00-0400,51.515,51.515,51.515,51.515,0.0
2025-04-03 09:45:00-0400,51.515,51.515,51.515,51.515,0.0
2025-04-03 09:50:00-0400,51.515,51.515,51.515,51.515,0.0
2025-04-03 09:55:00-0400,51.515,51.515,51.515,51.515,0.0
2025-04-03 10:00:00-0400,51.515,51.515,51.515,51.515,0.0
2025-04-03 10:05:00-0400,51.515,51.515,51.515,51.515,0.0
2025-04-03 10:10:00-0400,51.515,51.515,51.515,51.515,0.0
2025-04-03 10:15:00-0400,51.515,51.515,51.16,51.16,293.0
2025-04-03 10:20:00-0400,51.16,51.2,51.16,51.2,1095.0
2025-04-03 10:25:00-0400,51.2,51.2,51.2,51.2,0.0
2025-04-03 10:30:00-0400,51.2,51.2,51.2,51.2,0.0
2025-04-03 10:35:00-0400,51.2,51.2,51.2,51.2,0.0
2025-04-03 10:40:00-0400,51.2,51.2,51.2,51.2,0.0
2025-04-03 10:45:00-0400,51.2,51.2,51.2,51.2,0.0
2025-04-03 10:50:00-0400,51.2,51.2,51.2,51.2,0.0
2025-04-03 10:55:00-0400,51.2,51.2,51.2,51.2,0.0
2025-04-03 11:00:00-0400,51.2,51.2,51.2,51.2,0.0
2025-04-03 11:05:00-0400,51.2,51.2,51.2,51.2,0.0
2025-04-03 11:10:00-0400,51.2,51.2,51.2,51.2,0.0
2025-04-03 11:15:00-0400,51.2,51.2,51.2,51.2,0.0
2025-04-03 11:20:00-0400,51.2,51.2,51.2,51.2,0.0
2025-04-03 11:25:00-0400,51.2,51.2,51.2,51.2,0.0
2025-04-03 11:30:00-0400,51.2,51.2,51.2,51.2,0.0
2025-04-03 11:35:00-0400,51.2,51.2,51.2,51.2,0.0
2025-04-03 11:40:00-0400,51.2,51.2,51.2,51.2,0.0
2025-04-03 11:45:00-0400,51.2,51.2,51.2,51.2,0.0
2025-04-03 11:50:00-0400,51.13,51.13,51.11,51.11,222.0
2025-04-03 11:55:00-0400,51.11,51.11,51.11,51.11,0.0
2025-04-03 12:00:00-0400,51.11,51.11,50.9,51.0,1599.0
2025-04-03 12:05:00-0400,51.0,51.0,50.9108,50.9108,100.0
2025-04-03 12:10:00-0400,50.9108,50.9108,50.9108,50.9108,0.0
2025-04-03 12:15:00-0400,50.9108,50.9108,50.8932,50.8932,172.0
2025-04-03 12:20:00-0400,50.8932,50.8932,50.8932,50.8932,0.0
2025-04-03 12:25:00-0400,50.8932,50.8932,50.8932,50.8932,0.0
2025-04-03 12:30:00-0400,50.8932,51.0,50.8932,51.0,506.0
2025-04-03 12:35:00-0400,51.08,51.08,51.07,51.07,1503.0
2025-04-03 12:40:00-0400,50.8806,50.8806,50.8806,50.8806,201.0
2025-04-03 12:45:00-0400,50.8806,51.09,50.8806,51.09,356.0
2025-04-03 12:50:00-0400,51.09,51.09,50.91,51.06,1339.0
2025-04-03 12:55:00-0400,51.06,51.09,50.8172,51.09,1159.0
2025-04-03 13:00:00-0400,51.09,51.09,51.0,51.0,360.0
2025-04-03 13:05:00-0400,51.0,51.05,51.0,51.05,400.0
2025-04-03 13:10:00-0400,51.05,51.05,50.96,50.96,244.0
2025-04-03 13:15:00-0400,50.96,51.04,50.96,51.0,625.0
2025-04-03 13:20:00-0400,51.05,51.05,51.04,51.04,2050.0
2025-04-03 13:25:00-0400,50.98,50.98,50.98,50.98,830.0
2025-04-03 13:30:00-0400,50.98,51.19,50.98,51.19,237535.0
2025-04-03 13:35:00-0400,51.19,51.28,51.185,51.23,190133.0
2025-04-03 13:40:00-0400,51.225,51.26,51.215,51.215,189871.0
2025-04-03 13:45:00-0400,51.215,51.25,51.21,51.23,204743.0
2025-04-03 13:50:00-0400,51.225,51.255,51.215,51.245,77927.0
2025-04-03 13:55:00-0400,51.24,51.2688,51.21,51.21,52249.0
2025-04-03 14:00:00-0400,51.2051,51.2191,51.17,51.205,50820.0
2025-04-03 14:05:00-0400,51.205,51.21,51.155,51.185,53181.0
2025-04-03 14:10:00-0400,51.189,51.21,51.175,51.18,66855.0
2025-04-03 14:15:00-0400,51.185,51.205,51.14,51.205,219784.0
2025-04-03 14:20:00-0400,51.2,51.21,51.1647,51.17,35163.0
2025-04-03 14:25:00-0400,51.16,51.19,51.155,51.19,23698.0
2025-04-03 14:30:00-0400,51.2,51.22,51.19,51.215,45204.0
2025-04-03 14:35:00-0400,51.215,51.245,51.2,51.205,64767.0
2025-04-03 14:40:00-0400,51.2,51.235,51.2,51.205,168242.0
2025-04-03 14:45:00-0400,51.205,51.2351,51.18,51.185,73500.0
2025-04-03 14:50:00-0400,51.185,51.215,51.185,51.2,31569.0
2025-04-03 14:55:00-0400,51.195,51.23,51.195,51.2299,20537.0
2025-04-03 15:00:00-0400,51.225,51.235,51.19,51.225,433906.0
2025-04-03 15:05:00-0400,51.225,51.235,51.195,51.2,206856.0
2025-04-03 15:10:00-0400,51.2,51.22,51.19,51.215,132948.0
2025-04-03 15:15:00-0400,51.22,51.24,51.21,51.225,298839.0
2025-04-03 15:20:00-0400,51.22,51.24,51.21,51.215,128773.0
2025-04-03 15:25:00-0400,51.215,51.215,51.1845,51.215,90520.0
2025-04-03 15:30:00-0400,51.215,51.225,51.18,51.205,51656.0
2025-04-03 15:35:00-0400,51.205,51.21,51.18,51.195,119809.0
2025-04-03 15:40:00-0400,51.195,51.21,51.185,51.19,195579.0
2025-04-03 15:45:00-0400,51.19,51.215,51.19,51.19,52685.0
2025-04-03 15:50:00-0400,51.195,51.205,51.181,51.195,127287.0
2025-04-03 15:55:00-0400,51.195,51.225,51.19,51.22,28035.0
2025-04-03 16:00:00-0400,51.22,51.2457,51.22,51.225,22606.0
2025-04-04 09:35:00-0400,51.225,51.225,51.225,51.225,0.0
2025-04-04 09:40:00-0400,51.225,51.225,51.225,51.225,0.0
2025-04-04 09:45:00-0400,51.225,51.225,51.225,51.225,0.0
2025-04-04 09:50:00-0400,51.225,51.225,51.225,51.225,0.0
2025-04-04 09:55:00-0400,51.225,51.225,51.225,51.225,0.0
2025-04-04 10:00:00-0400,51.225,51.225,51.225,51.225,0.0
2025-04-04 10:05:00-0400,51.225,51.225,51.225,51.225,0.0
2025-04-04 10:10:00-0400,51.225,51.225,51.225,51.225,0.0
2025-04-04 10:15:00-0400,51.225,51.225,51.225,51.225,0.0
2025-04-04 10:20:00-0400,51.225,51.225,50.0,50.04,1499.0
2025-04-04 10:25:00-0400,50.04,50.04,50.04,50.04,0.0
2025-04-04 10:30:00-0400,50.04,50.04,50.04,50.04,200.0
2025-04-04 10:35:00-0400,50.02,50.02,49.81,49.81,1529.0
2025-04-04 10:40:00-0400,49.81,49.81,49.81,49.81,0.0
2025-04-04 10:45:00-0400,49.81,49.81,49.81,49.81,0.0
2025-04-04 10:50:00-0400,49.85,49.85,49.8,49.8,1768.0
2025-04-04 10:55:00-0400,49.8,49.8,49.8,49.8,0.0
2025-04-04 11:00:00-0400,49.8,49.8,49.62,49.62,192.0
2025-04-04 11:05:00-0400,49.62,49.62,49.62,49.62,0.0
2025-04-04 11:10:00-0400,49.62,49.62,49.62,49.62,0.0
2025-04-04 11:15:00-0400,49.62,49.62,49.62,49.62,0.0
2025-04-04 11:20:00-0400,49.67,49.67,49.51,49.51,1001.0
2025-04-04 11:25:00-0400,49.51,49.51,49.51,49.51,0.0
2025-04-04 11:30:00-0400,49.51,49.7,49.51,49.7,1109.0
2025-04-04 11:35:00-0400,49.51,49.65,49.44,49.44,2001.0
2025-04-04 11:40:00-0400,49.44,49.44,49.44,49.44,0.0
2025-04-04 11:45:00-0400,49.44,49.44,49.26,49.285,520.0
2025-04-04 11:50:00-0400,49.285,49.285,49.285,49.285,260.0
2025-04-04 11:55:00-0400,49.285,49.285,49.285,49.285,0.0
2025-04-04 12:00:00-0400,49.285,50.52,49.25,50.52,4693.0
2025-04-04 12:05:00-0400,49.33,49.41,49.33,49.41,462.0
2025-04-04 12:10:00-0400,49.41,49.62,49.41,49.62,310.0
2025-04-04 12:15:00-0400,49.62,49.62,49.62,49.62,0.0
2025-04-04 12:20:00-0400,49.62,49.62,49.3011,49.3011,520.0
2025-04-04 12:25:00-0400,49.3011,49.3011,49.3011,49.3011,0.0
2025-04-04 12:30:00-0400,49.3011,49.53,49.3011,49.53,113.0
2025-04-04 12:35:00-0400,49.63,49.75,49.63,49.65,14910.0
2025-04-04 12:40:00-0400,49.69,49.75,49.69,49.75,1987.0
2025-04-04 12:45:00-0400,49.66,49.8,49.64,49.8,11506.0
2025-04-04 12:50:00-0400,49.8,49.85,49.8,49.85,450.0
2025-04-04 12:55:00-0400,49.85,50.0,49.85,50.0,800.0
2025-04-04 13:00:00-0400,50.0,50.0,50.0,50.0,600.0
2025-04-04 13:05:00-0400,50.0,50.0,49.7503,49.77,1306.0
2025-04-04 13:10:00-0400,49.77,49.8,49.75,49.75,1419.0
2025-04-04 13:15:00-0400,49.75,49.79,49.75,49.79,723.0
2025-04-04 13:20:00-0400,49.79,49.79,49.79,49.79,0.0
2025-04-04 13:25:00-0400,49.79,49.79,49.75,49.75,1405.0
2025-04-04 13:30:00-0400,49.69,49.87,49.55,49.82,293343.0
2025-04-04 13:35:00-0400,49.815,49.86,49.73,49.755,239785.0
2025-04-04 13:40:00-0400,49.76,49.76,49.59,49.645,469136.0
2025-04-04 13:45:00-0400,49.64,49.66,49.6036,49.655,217343.0
2025-04-04 13:50:00-0400,49.655,49.725,49.62,49.675,236595.0
2025-04-04 13:55:00-0400,49.67,49.67,49.535,49.535,195822.0
2025-04-04 14:00:00-0400,49.535,49.66,49.525,49.575,332182.0
2025-04-04 14:05:00-0400,49.57,49.59,49.54,49.551,174515.0
2025-04-04 14:10:00-0400,49.555,49.555,49.47,49.4701,359416.0
2025-04-04 14:15:00-0400,49.475,49.48,49.38,49.4,749533.0
2025-04-04 14:20:00-0400,49.405,49.47,49.39,49.46,335764.0
2025-04-04 14:25:00-0400,49.455,49.4765,49.37,49.39,259669.0
2025-04-04 14:30:00-0400,49.3965,49.4393,49.38,49.43,438223.0
2025-04-04 14:35:00-0400,49.44,49.4583,49.405,49.41,485049.0
2025-04-04 14:40:00-0400,49.41,49.41,49.345,49.35,176271.0
2025-04-04 14:45:00-0400,49.35,49.3801,49.205,49.205,291272.0
2025-04-04 14:50:00-0400,49.21,49.21,49.09,49.09,304576.0
2025-04-04 14:55:00-0400,49.09,49.21,49.08,49.135,232488.0
2025-04-04 15:00:00-0400,49.14,49.27,49.12,49.27,344637.0
2025-04-04 15:05:00-0400,49.275,49.47,49.25,49.42,189184.0
2025-04-04 15:10:00-0400,49.4193,49.445,49.36,49.43,95723.0
2025-04-04 15:15:00-0400,49.43,49.535,49.42,49.53,88137.0
2025-04-04 15:20:00-0400,49.525,49.575,49.49,49.545,265606.0
2025-04-04 15:25:00-0400,49.55,49.585,49.45,49.47,161276.0
2025-04-04 15:30:00-0400,49.46,49.5,49.42,49.425,180275.0
2025-04-04 15:35:00-0400,49.42,49.45,49.385,49.4,70201.0
2025-04-04 15:40:00-0400,49.4,49.4,49.32,49.345,63617.0
2025-04-04 15:45:00-0400,49.36,49.43,49.345,49.37,38764.0
2025-04-04 15:50:00-0400,49.38,49.51,49.38,49.505,88990.0
2025-04-04 15:55:00-0400,49.53,49.53,49.4301,49.47,41349.0
2025-04-04 16:00:00-0400,49.48,49.48,49.425,49.44,30969.0
2025-04-07 09:35:00-0400,49.44,49.44,49.44,49.44,0.0
2025-04-07 09:40:00-0400,49.44,49.44,49.44,49.44,0.0
2025-04-07 09:45:00-0400,48.0,48.18,48.0,48.18,2006.0
2025-04-07 09:50:00-0400,48.18,48.18,48.18,48.18,0.0
2025-04-07 09:55:00-0400,48.24,48.25,48.24,48.25,2085.0
2025-04-07 10:00:00-0400,48.25,49.0,48.25,48.8,14310.0
2025-04-07 10:05:00-0400,48.8,48.8,48.8,48.8,0.0
2025-04-07 10:10:00-0400,48.79,48.89,48.5,48.89,5205.0
2025-04-07 10:15:00-0400,48.89,48.89,48.84,48.84,100.0
2025-04-07 10:20:00-0400,48.84,48.84,48.84,48.84,0.0
2025-04-07 10:25:00-0400,48.87,48.87,48.87,48.87,200.0
2025-04-07 10:30:00-0400,48.95,49.06,48.95,49.06,2150.0
2025-04-07 10:35:00-0400,49.06,49.1,49.06,49.1,3003.0
2025-04-07 10:40:00-0400,49.11,49.11,49.1,49.1,4868.0
2025-04-07 10:45:00-0400,49.1,49.1,49.1,49.1,0.0
2025-04-07 10:50:00-0400,49.1,49.1,49.1,49.1,0.0
2025-04-07 10:55:00-0400,49.1,49.1,49.1,49.1,0.0
2025-04-07 11:00:00-0400,48.96,49.1,48.95,49.1,822.0
2025-04-07 11:05:00-0400,49.1,49.1,49.1,49.1,101.0
2025-04-07 11:10:00-0400,49.03,49.03,49.03,49.03,279.0
2025-04-07 11:15:00-0400,49.03,49.17,49.03,49.17,119.0
2025-04-07 11:20:00-0400,49.14,49.14,49.09,49.09,813.0
2025-04-07 11:25:00-0400,49.04,49.04,49.02,49.02,694.0
2025-04-07 11:30:00-0400,49.02,49.02,49.02,49.02,0.0
2025-04-07 11:35:00-0400,49.02,49.02,49.02,49.02,122.0
2025-04-07 11:40:00-0400,49.02,49.02,49.02,49.02,100.0
2025-04-07 11:45:00-0400,49.02,49.02,49.02,49.02,0.0
2025-04-07 11:50:00-0400,49.02,49.02,49.02,49.02,0.0
2025-04-07 11:55:00-0400,49.02,49.02,49.02,49.02,0.0
2025-04-07 12:00:00-0400,49.02,49.18,48.9,48.9,2022.0
2025-04-07 12:05:00-0400,46.7,49.05,46.0,49.05,2927.0
2025-04-07 12:10:00-0400,49.05,49.05,48.9025,48.9025,100.0
2025-04-07 12:15:00-0400,48.9025,48.985,48.9025,48.97,1365.0
2025-04-07 12:20:00-0400,48.97,49.02,48.97,49.02,469.0
2025-04-07 12:25:00-0400,49.02,49.02,49.02,49.02,0.0
2025-04-07 12:30:00-0400,49.02,49.05,48.904,49.02,7058.0
2025-04-07 12:35:00-0400,49.02,49.02,48.94,49.02,1128.0
2025-04-07 12:40:00-0400,49.02,49.02,48.92,48.92,732.0
2025-04-07 12:45:00-0400,49.03,49.03,48.93,48.93,1495.0
2025-04-07 12:50:00-0400,49.02,49.02,49.02,49.02,651.0
2025-04-07 12:55:00-0400,49.02,49.02,49.02,49.02,0.0
2025-04-07 13:00:00-0400,49.02,49.02,49.02,49.02,0.0
2025-04-07 13:05:00-0400,49.02,49.02,49.02,49.02,0.0
2025-04-07 13:10:00-0400,49.02,49.1,49.02,49.095,467.0
2025-04-07 13:15:00-0400,49.095,49.18,49.0,49.0,2611.0
2025-04-07 13:20:00-0400,49.095,49.095,49.02,49.02,1145.0
2025-04-07 13:25:00-0400,49.02,49.02,49.02,49.02,0.0
2025-04-07 13:30:00-0400,49.02,49.18,48.85,48.9,331561.0
2025-04-07 13:35:00-0400,48.91,48.97,48.81,48.825,281366.0
2025-04-07 13:40:00-0400,48.83,48.835,48.745,48.77,229024.0
2025-04-07 13:45:00-0400,48.775,48.81,48.67,48.72,234175.0
2025-04-07 13:50:00-0400,48.72,48.92,48.72,48.91,181278.0
2025-04-07 13:55:00-0400,48.905,48.995,48.87,48.96,207016.0
2025-04-07 14:00:00-0400,48.97,49.15,48.97,49.135,150389.0
2025-04-07 14:05:00-0400,49.14,49.14,49.007442,49.05,161482.0
2025-04-07 14:10:00-0400,49.05,49.23,48.95,49.23,222411.0
2025-04-07 14:15:00-0400,49.24,49.78,49.23,49.75,608267.0
2025-04-07 14:20:00-0400,49.75,49.96,49.625,49.63,354102.0
2025-04-07 14:25:00-0400,49.64,49.69,49.2,49.25,243157.0
2025-04-07 14:30:00-0400,49.25,49.33,49.08,49.15,271231.0
2025-04-07 14:35:00-0400,49.15,49.32,49.07,49.07,219247.0
2025-04-07 14:40:00-0400,49.06,49.06,48.845,48.98,732499.0
2025-04-07 14:45:00-0400,48.98,49.12,48.88,49.12,565721.0
2025-04-07 14:50:00-0400,49.12,49.22,48.96,49.22,245195.0
2025-04-07 14:55:00-0400,49.23,49.365,49.18,49.33,185905.0
2025-04-07 15:00:00-0400,49.33,49.35,49.28,49.33,183979.0
2025-04-07 15:05:00-0400,49.34,49.47,49.34,49.38,170877.0
2025-04-07 15:10:00-0400,49.3701,49.39,49.22,49.28,202639.0
2025-04-07 15:15:00-0400,49.28,49.34,48.87,48.97,537306.0
2025-04-07 15:20:00-0400,48.97,49.09,48.945,49.09,178307.0
2025-04-07 15:25:00-0400,49.1,49.11,48.935,48.94,340678.0
2025-04-07 15:30:00-0400,48.95,48.95,48.85,48.92,165892.0
2025-04-07 15:35:00-0400,48.93,48.965,48.88,48.94,159001.0
2025-04-07 15:40:00-0400,48.94,49.05,48.935,49.05,126572.0
2025-04-07 15:45:00-0400,49.05,49.1501,49.05,49.09,129579.0
2025-04-07 15:50:00-0400,49.08,49.14,49.04,49.07,192942.0
2025-04-07 15:55:00-0400,49.06,49.08,48.99,48.99,124644.0
2025-04-07 16:00:00-0400,48.99,49.03,48.97,48.97,54603.0
2025-04-08 09:35:00-0400,48.97,48.97,48.97,48.97,0.0
2025-04-08 09:40:00-0400,48.97,48.97,48.97,48.97,0.0
2025-04-08 09:45:00-0400,48.97,48.97,48.97,48.97,0.0
2025-04-08 09:50:00-0400,48.97,48.97,48.97,48.97,0.0
2025-04-08 09:55:00-0400,48.97,48.97,48.97,48.97,0.0
2025-04-08 10:00:00-0400,48.97,48.97,48.97,48.97,0.0
2025-04-08 10:05:00-0400,48.97,48.97,48.97,48.97,0.0
2025-04-08 10:10:00-0400,48.97,48.97,48.97,48.97,0.0
2025-04-08 10:15:00-0400,48.97,48.97,48.97,48.97,0.0
2025-04-08 10:20:00-0400,48.97,48.97,48.97,48.97,0.0
2025-04-08 10:25:00-0400,48.97,48.97,48.97,48.97,0.0
2025-04-08 10:30:00-0400,48.97,48.97,48.97,48.97,0.0
2025-04-08 10:35:00-0400,48.97,48.97,48.97,48.97,0.0
2025-04-08 10:40:00-0400,48.97,49.75,48.97,49.75,293.0
2025-04-08 10:45:00-0400,49.75,49.75,49.75,49.75,0.0
2025-04-08 10:50:00-0400,49.75,49.75,49.75,49.75,0.0
2025-04-08 10:55:00-0400,49.75,49.75,49.75,49.75,0.0
2025-04-08 11:00:00-0400,49.75,49.75,49.75,49.75,0.0
2025-04-08 11:05:00-0400,49.75,49.83,49.75,49.83,971.0
2025-04-08 11:10:00-0400,49.83,49.83,49.78,49.78,725.0
2025-04-08 11:15:00-0400,49.78,49.78,49.78,49.78,0.0
2025-04-08 11:20:00-0400,49.78,49.78,49.78,49.78,0.0
2025-04-08 11:25:00-0400,49.78,49.78,49.78,49.78,0.0
2025-04-08 11:30:00-0400,49.78,49.79,49.61,49.61,3199.0
2025-04-08 11:35:00-0400,49.61,49.61,49.61,49.61,0.0
2025-04-08 11:40:00-0400,49.61,49.61,49.61,49.61,0.0
2025-04-08 11:45:00-0400,49.61,49.78,49.61,49.78,180.0
2025-04-08 11:50:00-0400,49.78,49.78,49.78,49.78,0.0
2025-04-08 11:55:00-0400,49.78,49.78,49.78,49.78,0.0
2025-04-08 12:00:00-0400,49.78,49.9,49.35,49.35,2972.0
2025-04-08 12:05:00-0400,49.35,50.1355,49.35,50.1355,601.0
2025-04-08 12:10:00-0400,49.13,50.128,49.13,50.128,66506.0
2025-04-08 12:15:00-0400,50.128,50.128,50.128,50.128,0.0
2025-04-08 12:20:00-0400,50.128,50.128,50.1,50.1,100.0
2025-04-08 12:25:00-0400,50.1,50.1,50.1,50.1,0.0
2025-04-08 12:30:00-0400,50.1,50.1,50.1,50.1,0.0
2025-04-08 12:35:00-0400,50.1,50.1,50.1,50.1,0.0
2025-04-08 12:40:00-0400,50.1,50.1,50.1,50.1,0.0
2025-04-08 12:45:00-0400,50.1,50.1,50.1,50.1,0.0
2025-04-08 12:50:00-0400,50.1,50.1,49.87,49.9,1030.0
2025-04-08 12:55:00-0400,49.9,49.9,49.9,49.9,102.0
2025-04-08 13:00:00-0400,49.9,49.9,49.9,49.9,0.0
2025-04-08 13:05:00-0400,49.9,49.9,49.89,49.9,2000.0
2025-04-08 13:10:00-0400,49.9,49.9,49.9,49.9,0.0
2025-04-08 13:15:00-0400,50.0,50.03,50.0,50.03,2360.0
2025-04-08 13:20:00-0400,50.03,50.03,50.03,50.03,0.0
2025-04-08 13:25:00-0400,50.03,50.1,50.03,50.1,522.0
2025-04-08 13:30:00-0400,50.11,50.18,50.09,50.1,163130.0
2025-04-08 13:35:00-0400,50.105,50.13,49.9,49.9,201529.0
2025-04-08 13:40:00-0400,49.885,49.91,49.835,49.875,174951.0
2025-04-08 13:45:00-0400,49.87,49.93,49.805,49.885,220576.0
2025-04-08 13:50:00-0400,49.885,49.93,49.85,49.88,218097.0
2025-04-08 13:55:00-0400,49.88,49.9814,49.88,49.975,109391.0
2025-04-08 14:00:00-0400,49.9701,50.04,49.965,50.02,88274.0
2025-04-08 14:05:00-0400,50.02,50.04,49.98,50.03,134957.0
2025-04-08 14:10:00-0400,50.04,50.05,49.99,50.02,87726.0
2025-04-08 14:15:00-0400,50.02,50.04,49.99,50.0231,93072.0
2025-04-08 14:20:00-0400,50.03,50.055,50.01,50.03,87836.0
2025-04-08 14:25:00-0400,50.03,50.06,49.97,50.0,80535.0
2025-04-08 14:30:00-0400,50.0,50.065,49.985,49.99,188131.0
2025-04-08 14:35:00-0400,49.99,50.065,49.985,50.025,65052.0
2025-04-08 14:40:00-0400,50.03,50.09,50.03,50.06,63878.0
2025-04-08 14:45:00-0400,50.06,50.06,50.02,50.035,95380.0
2025-04-08 14:50:00-0400,50.03,50.035,49.985,49.99,71801.0
2025-04-08 14:55:00-0400,49.995,49.9984,49.95,49.96,55851.0
2025-04-08 15:00:00-0400,49.96,49.96,49.875,49.88,45711.0
2025-04-08 15:05:00-0400,49.89,49.925,49.89,49.895,30745.0
2025-04-08 15:10:00-0400,49.9,49.905,49.841,49.85,59244.0
2025-04-08 15:15:00-0400,49.855,49.855,49.79,49.795,64341.0
2025-04-08 15:20:00-0400,49.79,49.875,49.775,49.87,61984.0
2025-04-08 15:25:00-0400,49.865,49.88,49.815,49.84,58579.0
2025-04-08 15:30:00-0400,49.84,49.87,49.815,49.855,57873.0
2025-04-08 15:35:00-0400,49.855,49.87,49.84,49.87,55548.0
2025-04-08 15:40:00-0400,49.87,49.925,49.865,49.92,72817.0
2025-04-08 15:45:00-0400,49.915,49.935,49.895,49.925,114088.0
2025-04-08 15:50:00-0400,49.93,49.93,49.83,49.83,28516.0
2025-04-08 15:55:00-0400,49.835,49.86,49.785,49.85,74568.0
2025-04-08 16:00:00-0400,49.855,49.915,49.855,49.9,41342.0
2025-04-09 09:35:00-0400,49.9,49.9,49.9,49.9,0.0
2025-04-09 09:40:00-0400,49.9,49.9,49.9,49.9,0.0
2025-04-09 09:45:00-0400,49.9,49.9,49.9,49.9,0.0
2025-04-09 09:50:00-0400,49.9,49.9,49.9,49.9,0.0
2025-04-09 09:55:00-0400,49.9,49.9,49.9,49.9,0.0
2025-04-09 10:00:00-0400,49.9,49.9,49.9,49.9,0.0
2025-04-09 10:05:00-0400,49.9,49.9,49.9,49.9,0.0
2025-04-09 10:10:00-0400,49.9,49.9,49.9,49.9,0.0
2025-04-09 10:15:00-0400,49.9,49.9,49.9,49.9,0.0
2025-04-09 10:20:00-0400,49.9,49.9,49.9,49.9,0.0
2025-04-09 10:25:00-0400,49.9,49.9,49.9,49.9,0.0
2025-04-09 10:30:00-0400,49.9,49.9,49.9,49.9,0.0
2025-04-09 10:35:00-0400,49.9,49.9,49.9,49.9,0.0
2025-04-09 10:40:00-0400,49.9,49.9,49.9,49.9,0.0
2025-04-09 10:45:00-0400,49.9,49.9,49.9,49.9,0.0
2025-04-09 10:50:00-0400,49.9,49.9,49.9,49.9,0.0
2025-04-09 10:55:00-0400,49.9,49.9,49.9,49.9,0.0
2025-04-09 11:00:00-0400,49.9,49.9,49.0,49.0,2825.0
2025-04-09 11:05:00-0400,49.0,49.0,49.0,49.0,0.0
2025-04-09 11:10:00-0400,49.0,49.01,49.0,49.0,477.0
2025-04-09 11:15:00-0400,49.0,49.0,49.0,49.0,0.0
2025-04-09 11:20:00-0400,49.0,49.0,49.0,49.0,0.0
2025-04-09 11:25:00-0400,49.0,49.0,49.0,49.0,0.0
2025-04-09 11:30:00-0400,49.0,49.0,49.0,49.0,0.0
2025-04-09 11:35:00-0400,49.0,49.0,49.0,49.0,0.0
2025-04-09 11:40:00-0400,49.0,49.0,49.0,49.0,0.0
2025-04-09 11:45:00-0400,49.0,49.0,49.0,49.0,0.0
2025-04-09 11:50:00-0400,49.0,49.0,49.0,49.0,0.0
2025-04-09 11:55:00-0400,48.95,48.95,48.9,48.9,931.0
2025-04-09 12:00:00-0400,48.9,49.488,48.0,48.84,2828.0
2025-04-09 12:05:00-0400,48.84,48.84,48.84,48.84,0.0
2025-04-09 12:10:00-0400,48.84,48.84,48.84,48.84,0.0
2025-04-09 12:15:00-0400,48.84,48.84,48.84,48.84,0.0
2025-04-09 12:20:00-0400,48.84,48.84,48.84,48.84,0.0
2025-04-09 12:25:00-0400,48.84,48.84,48.84,48.84,0.0
2025-04-09 12:30:00-0400,48.84,48.84,48.84,48.84,0.0
2025-04-09 12:35:00-0400,48.84,48.84,48.84,48.84,0.0
2025-04-09 12:40:00-0400,48.84,48.84,48.84,48.84,0.0
2025-04-09 12:45:00-0400,48.84,48.84,48.84,48.84,0.0
2025-04-09 12:50:00-0400,48.84,48.84,48.84,48.84,0.0
2025-04-09 12:55:00-0400,48.84,48.84,48.84,48.84,0.0
2025-04-09 13:00:00-0400,48.84,48.9,48.84,48.9,1000.0
2025-04-09 13:05:00-0400,48.9,48.9,48.9,48.9,0.0
2025-04-09 13:10:00-0400,48.9,48.9,48.9,48.9,0.0
2025-04-09 13:15:00-0400,48.9,48.9,48.9,48.9,0.0
2025-04-09 13:20:00-0400,48.9,48.9,48.9,48.9,0.0
2025-04-09 13:25:00-0400,48.9,48.9,48.9,48.9,0.0
2025-04-09 13:30:00-0400,48.9,48.9,48.55,48.83,68406.0
2025-04-09 13:35:00-0400,48.84,48.96,48.82,48.945,197357.0
2025-04-09 13:40:00-0400,48.95,49.05,48.88,49.0499,158509.0
2025-04-09 13:45:00-0400,49.03,49.1,48.955,48.955,193858.0
2025-04-09 13:50:00-0400,48.955,48.99,48.92,48.97,126202.0
2025-04-09 13:55:00-0400,48.96,49.05,48.955,49.0493,100883.0
2025-04-09 14:00:00-0400,49.05,49.12,49.01,49.09,74773.0
2025-04-09 14:05:00-0400,49.08,49.115,49.01,49.01,59979.0
2025-04-09 14:10:00-0400,49.01,49.01,48.915,48.96,153927.0
2025-04-09 14:15:00-0400,48.97,48.98,48.84,48.87,60993.0
2025-04-09 14:20:00-0400,48.86,48.96,48.86,48.95,75424.0
2025-04-09 14:25:00-0400,48.95,49.0,48.895,48.975,256752.0
2025-04-09 14:30:00-0400,48.96,48.975,48.895,48.94,80722.0
2025-04-09 14:35:00-0400,48.945,49.065,48.94,49.055,146942.0
2025-04-09 14:40:00-0400,49.05,49.06,48.965,48.985,64875.0
2025-04-09 14:45:00-0400,48.975,48.9951,48.96,48.98,41600.0
2025-04-09 14:50:00-0400,48.99,49.015,48.88,48.88,93404.0
2025-04-09 14:55:00-0400,48.87,48.875,48.805,48.825,129167.0
2025-04-09 15:00:00-0400,48.825,48.825,48.74,48.77,60810.0
2025-04-09 15:05:00-0400,48.77,48.85,48.76,48.845,60556.0
2025-04-09 15:10:00-0400,48.83,48.865,48.83,48.84,51646.0
2025-04-09 15:15:00-0400,48.84,48.895,48.81,48.885,45921.0
2025-04-09 15:20:00-0400,48.9,48.93,48.89,48.93,48379.0
2025-04-09 15:25:00-0400,48.93,48.96,48.915,48.93,51808.0
2025-04-09 15:30:00-0400,48.93,48.94,48.9,48.94,71119.0
2025-04-09 15:35:00-0400,48.95,48.95,48.85,48.85,35532.0
2025-04-09 15:40:00-0400,48.85,48.885,48.81,48.81,66688.0
2025-04-09 15:45:00-0400,48.81,48.81,48.755,48.765,91509.0
2025-04-09 15:50:00-0400,48.76,48.835,48.755,48.82,66347.0
2025-04-09 15:55:00-0400,48.815,48.82,48.735,48.74,81720.0
2025-04-09 16:00:00-0400,48.73,48.755,48.71,48.755,113813.0
2025-04-10 09:35:00-0400,48.755,48.755,48.755,48.755,0.0
2025-04-10 09:40:00-0400,48.755,48.755,48.755,48.755,0.0
2025-04-10 09:45:00-0400,48.755,48.755,48.755,48.755,0.0
2025-04-10 09:50:00-0400,48.755,48.755,48.755,48.755,0.0
2025-04-10 09:55:00-0400,50.97,50.99,50.96,50.99,635.0
2025-04-10 10:00:00-0400,50.99,50.99,50.99,50.99,0.0
2025-04-10 10:05:00-0400,50.99,50.99,50.99,50.99,0.0
2025-04-10 10:10:00-0400,50.99,50.99,50.99,50.99,0.0
2025-04-10 10:15:00-0400,50.99,50.99,50.95,50.95,100.0
2025-04-10 10:20:00-0400,50.95,50.95,50.95,50.95,0.0
2025-04-10 10:25:00-0400,50.95,50.95,50.95,50.95,0.0
2025-04-10 10:30:00-0400,50.95,50.95,50.95,50.95,0.0
2025-04-10 10:35:00-0400,50.95,50.95,50.95,50.95,0.0
2025-04-10 10:40:00-0400,50.95,50.95,50.95,50.95,0.0
2025-04-10 10:45:00-0400,50.95,50.95,50.95,50.95,0.0
2025-04-10 10:50:00-0400,50.95,50.95,50.95,50.95,0.0
2025-04-10 10:55:00-0400,50.88,50.88,50.88,50.88,500.0
2025-04-10 11:00:00-0400,50.88,50.94,50.88,50.94,417.0
2025-04-10 11:05:00-0400,50.94,50.94,50.94,50.94,0.0
2025-04-10 11:10:00-0400,50.77,50.77,50.57,50.57,803.0
2025-04-10 11:15:00-0400,50.57,50.57,50.57,50.57,0.0
2025-04-10 11:20:00-0400,50.57,50.57,50.57,50.57,0.0
2025-04-10 11:25:00-0400,50.57,50.57,50.57,50.57,0.0
2025-04-10 11:30:00-0400,50.57,50.84,50.57,50.84,100.0
2025-04-10 11:35:00-0400,50.84,50.84,50.84,50.84,0.0
2025-04-10 11:40:00-0400,50.84,50.84,50.84,50.84,0.0
2025-04-10 11:45:00-0400,50.84,50.84,50.84,50.84,0.0
2025-04-10 11:50:00-0400,50.84,50.84,50.84,50.84,0.0
2025-04-10 11:55:00-0400,50.84,50.84,50.84,50.84,0.0
2025-04-10 12:00:00-0400,50.84,51.94,50.54,51.84,6318.0
2025-04-10 12:05:00-0400,51.84,51.84,51.84,51.84,0.0
2025-04-10 12:10:00-0400,51.84,51.84,51.84,51.84,0.0
2025-04-10 12:15:00-0400,51.84,51.84,51.84,51.84,0.0
2025-04-10 12:20:00-0400,51.84,51.84,51.84,51.84,0.0
2025-04-10 12:25:00-0400,51.84,51.84,50.5601,50.5601,190.0
2025-04-10 12:30:00-0400,50.5601,50.6973,50.5601,50.6973,600.0
2025-04-10 12:35:00-0400,50.6973,50.6973,50.6973,50.6973,0.0
2025-04-10 12:40:00-0400,50.6973,50.6973,50.6973,50.6973,0.0
2025-04-10 12:45:00-0400,50.6973,50.6973,50.6973,50.6973,0.0
2025-04-10 12:50:00-0400,50.6973,50.6973,50.59,50.59,797.0
2025-04-10 12:55:00-0400,50.59,50.59,50.58,50.58,150.0
2025-04-10 13:00:00-0400,50.58,50.58,50.58,50.58,0.0
2025-04-10 13:05:00-0400,50.58,50.58,50.58,50.58,0.0
2025-04-10 13:10:00-0400,50.58,50.58,50.58,50.58,0.0
2025-04-10 13:15:00-0400,50.58,50.58,50.53,50.53,236.0
2025-04-10 13:20:00-0400,50.55,50.58,50.55,50.58,2019.0
2025-04-10 13:25:00-0400,50.58,50.58,50.58,50.58,0.0
2025-04-10 13:30:00-0400,50.58,50.63,50.38,50.525,60686.0
2025-04-10 13:35:00-0400,50.53,50.54,50.47,50.49,195758.0
2025-04-10 13:40:00-0400,50.49,50.545,50.46,50.46,380919.0
2025-04-10 13:45:00-0400,50.46,50.48,50.395,50.48,156765.0
2025-04-10 13:50:00-0400,50.47,50.545,50.46,50.54,172947.0
2025-04-10 13:55:00-0400,50.54,50.54,50.46,50.48,205588.0
2025-04-10 14:00:00-0400,50.47,50.48,50.395,50.415,225428.0
2025-04-10 14:05:00-0400,50.41,50.47,50.37,50.465,217364.0
2025-04-10 14:10:00-0400,50.465,50.48,50.375,50.38,133096.0
2025-04-10 14:15:00-0400,50.38,50.405,50.33,50.3975,198404.0
2025-04-10 14:20:00-0400,50.38,50.41,50.37,50.405,23950.0
2025-04-10 14:25:00-0400,50.4,50.48,50.38,50.46,167378.0
2025-04-10 14:30:00-0400,50.465,50.475,50.41,50.43,77618.0
2025-04-10 14:35:00-0400,50.43,50.48,50.4299,50.4701,97378.0
2025-04-10 14:40:00-0400,50.475,50.525,50.475,50.52,76829.0
2025-04-10 14:45:00-0400,50.52,50.53,50.47,50.48,141933.0
2025-04-10 14:50:00-0400,50.49,50.5,50.435,50.45,54220.0
2025-04-10 14:55:00-0400,50.46,50.495,50.43,50.465,89069.0
2025-04-10 15:00:00-0400,50.46,50.48,50.45,50.47,64620.0
2025-04-10 15:05:00-0400,50.48,50.51,50.465,50.5,50841.0
2025-04-10 15:10:00-0400,50.51,50.55,50.5,50.535,37217.0
2025-04-10 15:15:00-0400,50.5301,50.535,50.48,50.49,88918.0
2025-04-10 15:20:00-0400,50.485,50.485,50.46,50.46,111654.0
2025-04-10 15:25:00-0400,50.46,50.46,50.43,50.45,63487.0
2025-04-10 15:30:00-0400,50.45,50.47,50.425,50.43,45126.0
2025-04-10 15:35:00-0400,50.425,50.425,50.37,50.38,63152.0
2025-04-10 15:40:00-0400,50.375,50.4,50.36,50.375,50111.0
2025-04-10 15:45:00-0400,50.38,50.385,50.315,50.35,261809.0
2025-04-10 15:50:00-0400,50.355,50.355,50.26,50.26,59083.0
2025-04-10 15:55:00-0400,50.26,50.26,50.21,50.2113,62806.0
2025-04-10 16:00:00-0400,50.21,50.21,50.12,50.15,178000.0
2025-04-11 09:35:00-0400,50.15,50.15,50.15,50.15,0.0
2025-04-11 09:40:00-0400,50.15,50.15,50.15,50.15,0.0
2025-04-11 09:45:00-0400,50.15,50.15,50.15,50.15,0.0
2025-04-11 09:50:00-0400,50.15,50.15,50.15,50.15,0.0
2025-04-11 09:55:00-0400,50.15,50.15,50.15,50.15,0.0
2025-04-11 10:00:00-0400,50.15,50.15,50.15,50.15,0.0
2025-04-11 10:05:00-0400,50.15,50.15,50.15,50.15,0.0
2025-04-11 10:10:00-0400,50.15,50.15,50.15,50.15,0.0
2025-04-11 10:15:00-0400,50.15,50.15,50.15,50.15,0.0
2025-04-11 10:20:00-0400,50.15,50.15,50.15,50.15,0.0
2025-04-11 10:25:00-0400,50.15,50.15,50.15,50.15,0.0
2025-04-11 10:30:00-0400,50.15,50.15,50.15,50.15,0.0
2025-04-11 10:35:00-0400,50.15,50.15,50.15,50.15,0.0
2025-04-11 10:40:00-0400,50.15,50.15,50.15,50.15,0.0
2025-04-11 10:45:00-0400,50.15,50.15,50.15,50.15,0.0
2025-04-11 10:50:00-0400,50.15,50.15,50.15,50.15,0.0
2025-04-11 10:55:00-0400,50.15,50.15,50.15,50.15,0.0
2025-04-11 11:00:00-0400,50.15,50.15,50.15,50.15,0.0
2025-04-11 11:05:00-0400,50.15,50.15,50.15,50.15,0.0
2025-04-11 11:10:00-0400,50.15,50.15,50.15,50.15,0.0
2025-04-11 11:15:00-0400,50.15,50.58,50.15,50.58,384.0
2025-04-11 11:20:00-0400,50.58,50.58,50.55,50.55,446.0
2025-04-11 11:25:00-0400,50.55,50.55,50.12,50.12,1102.0
2025-04-11 11:30:00-0400,50.12,50.12,50.12,50.12,0.0
2025-04-11 11:35:00-0400,50.11,50.15,50.11,50.15,420.0
2025-04-11 11:40:00-0400,50.15,50.15,50.07,50.07,441.0
2025-04-11 11:45:00-0400,50.07,50.12,50.07,50.12,750.0
2025-04-11 11:50:00-0400,50.12,50.12,50.12,50.12,0.0
2025-04-11 11:55:00-0400,50.12,50.12,50.12,50.12,0.0
2025-04-11 12:00:00-0400,50.12,50.47,50.0,50.0,8660.0
2025-04-11 12:05:00-0400,50.0,50.15,50.0,50.15,107.0
2025-04-11 12:10:00-0400,50.15,50.15,50.15,50.15,0.0
2025-04-11 12:15:00-0400,50.15,50.15,50.15,50.15,0.0
2025-04-11 12:20:00-0400,50.15,50.15,50.15,50.15,0.0
2025-04-11 12:25:00-0400,50.15,50.15,50.15,50.15,0.0
2025-04-11 12:30:00-0400,50.15,50.15,50.15,50.15,0.0
2025-04-11 12:35:00-0400,50.15,50.15,50.15,50.15,0.0
2025-04-11 12:40:00-0400,50.15,50.25,50.15,50.25,2236.0
2025-04-11 12:45:00-0400,50.25,50.52,50.25,50.52,205.0
2025-04-11 12:50:00-0400,50.52,50.52,50.3,50.3,1214.0
2025-04-11 12:55:00-0400,50.3,50.33,50.3,50.3,1743.0
2025-04-11 13:00:00-0400,50.3,50.3,50.25,50.25,100.0
2025-04-11 13:05:00-0400,50.25,50.25,50.25,50.25,140.0
2025-04-11 13:10:00-0400,50.25,50.26,50.2,50.2,8494.0
2025-04-11 13:15:00-0400,50.2,50.2,50.2,50.2,0.0
2025-04-11 13:20:00-0400,50.2,50.2,50.2,50.2,0.0
2025-04-11 13:25:00-0400,50.2,50.2,50.2,50.2,0.0
2025-04-11 13:30:00-0400,50.2,50.2,50.1,50.17,46537.0
2025-04-11 13:35:00-0400,50.165,50.185,50.03,50.14,166582.0
2025-04-11 13:40:00-0400,50.14,50.255,50.125,50.2,174815.0
2025-04-11 13:45:00-0400,50.2,50.33,50.18,50.31,168660.0
2025-04-11 13:50:00-0400,50.32,50.39,50.32,50.32,208398.0
2025-04-11 13:55:00-0400,50.32,50.39,50.285,50.29,185227.0
2025-04-11 14:00:00-0400,50.29,50.34,50.22,50.24,182766.0
2025-04-11 14:05:00-0400,50.25,50.29,50.2,50.28,166011.0
2025-04-11 14:10:00-0400,50.29,50.4,50.27,50.35,139766.0
2025-04-11 14:15:00-0400,50.35,50.38,50.2509,50.38,191343.0
2025-04-11 14:20:00-0400,50.39,50.39,50.2,50.2,101314.0
2025-04-11 14:25:00-0400,50.19,50.19,50.12,50.17,132822.0
2025-04-11 14:30:00-0400,50.16,50.17,50.11,50.16,204137.0
2025-04-11 14:35:00-0400,50.15,50.25,50.14,50.25,108936.0
2025-04-11 14:40:00-0400,50.25,50.275,50.225,50.25,111441.0
2025-04-11 14:45:00-0400,50.25,50.335,50.24,50.325,126150.0
2025-04-11 14:50:00-0400,50.325,50.33,50.26,50.265,103594.0
2025-04-11 14:55:00-0400,50.27,50.285,50.245,50.27,100553.0
2025-04-11 15:00:00-0400,50.27,50.42,50.24,50.35,334193.0
2025-04-11 15:05:00-0400,50.35,50.35,50.215,50.235,123864.0
2025-04-11 15:10:00-0400,50.23,50.285,50.2236,50.275,84752.0
2025-04-11 15:15:00-0400,50.27,50.285,50.2,50.22,110190.0
2025-04-11 15:20:00-0400,50.22,50.235,50.16,50.2,135607.0
2025-04-11 15:25:00-0400,50.2,50.2287,50.18,50.215,92203.0
2025-04-11 15:30:00-0400,50.2101,50.26,50.185,50.255,168452.0
2025-04-11 15:35:00-0400,50.25,50.285,50.25,50.27,114109.0
2025-04-11 15:40:00-0400,50.27,50.39,50.27,50.35,84743.0
2025-04-11 15:45:00-0400,50.345,50.405,50.34,50.38,72478.0
2025-04-11 15:50:00-0400,50.39,50.405,50.355,50.38,65361.0
2025-04-11 15:55:00-0400,50.38,50.405,50.36,50.385,55645.0
2025-04-11 16:00:00-0400,50.39,50.42,50.375,50.4101,75681.0
2025-04-14 09:35:00-0400,50.4101,50.4101,50.4101,50.4101,0.0
2025-04-14 09:40:00-0400,50.4101,50.4101,50.4101,50.4101,0.0
2025-04-14 09:45:00-0400,50.4101,50.4101,50.4101,50.4101,0.0
2025-04-14 09:50:00-0400,50.4101,50.4101,50.4101,50.4101,0.0
2025-04-14 09:55:00-0400,50.4101,50.4101,50.4101,50.4101,0.0
2025-04-14 10:00:00-0400,50.4101,50.4101,50.4101,50.4101,0.0
2025-04-14 10:05:00-0400,50.4101,50.4101,50.4101,50.4101,0.0
2025-04-14 10:10:00-0400,50.4101,50.4101,50.4101,50.4101,0.0
2025-04-14 10:15:00-0400,50.4101,50.4101,50.4101,50.4101,0.0
2025-04-14 10:20:00-0400,50.4101,50.4101,50.4101,50.4101,0.0
2025-04-14 10:25:00-0400,50.4101,50.4101,50.4101,50.4101,0.0
2025-04-14 10:30:00-0400,50.4101,50.4101,50.4101,50.4101,0.0
2025-04-14 10:35:00-0400,50.4101,50.4101,50.4101,50.4101,0.0
2025-04-14 10:40:00-0400,50.4101,50.4101,50.4101,50.4101,0.0
2025-04-14 10:45:00-0400,50.4101,50.4101,50.4101,50.4101,0.0
2025-04-14 10:50:00-0400,50.4101,50.4101,50.4101,50.4101,0.0
2025-04-14 10:55:00-0400,50.4101,50.4101,50.4101,50.4101,0.0
2025-04-14 11:00:00-0400,50.4101,50.4101,50.4101,50.4101,0.0
2025-04-14 11:05:00-0400,50.4101,50.4101,50.4101,50.4101,0.0
2025-04-14 11:10:00-0400,50.4101,50.4101,50.4101,50.4101,0.0
2025-04-14 11:15:00-0400,50.4101,50.4101,50.4101,50.4101,0.0
2025-04-14 11:20:00-0400,50.4101,50.4101,50.4101,50.4101,0.0
2025-04-14 11:25:00-0400,50.4101,50.4101,50.4101,50.4101,0.0
2025-04-14 11:30:00-0400,50.4101,50.4101,50.4101,50.4101,0.0
2025-04-14 11:35:00-0400,50.4101,50.4101,50.4101,50.4101,0.0
2025-04-14 11:40:00-0400,50.4101,50.4101,50.4101,50.4101,0.0
2025-04-14 11:45:00-0400,50.4101,50.4101,50.4101,50.4101,0.0
2025-04-14 11:50:00-0400,50.4101,50.4101,50.4101,50.4101,0.0
2025-04-14 11:55:00-0400,50.4101,50.4101,50.4101,50.4101,0.0
2025-04-14 12:00:00-0400,50.4101,51.5,50.4101,51.32,1426.0
2025-04-14 12:05:00-0400,51.32,51.32,51.32,51.32,0.0
2025-04-14 12:10:00-0400,51.32,51.32,51.32,51.32,0.0
2025-04-14 12:15:00-0400,51.32,51.32,51.0128,51.0128,2961.0
2025-04-14 12:20:00-0400,51.0128,51.0128,51.0,51.0,200.0
2025-04-14 12:25:00-0400,51.0,51.0,51.0,51.0,0.0
2025-04-14 12:30:00-0400,51.0,51.0,51.0,51.0,0.0
2025-04-14 12:35:00-0400,51.0,51.0,51.0,51.0,0.0
2025-04-14 12:40:00-0400,51.06,51.06,51.06,51.06,200.0
2025-04-14 12:45:00-0400,51.06,51.06,51.06,51.06,0.0
2025-04-14 12:50:00-0400,51.06,51.06,51.06,51.06,0.0
2025-04-14 12:55:00-0400,51.06,51.06,51.06,51.06,0.0
2025-04-14 13:00:00-0400,51.06,51.2,51.06,51.2,230.0
2025-04-14 13:05:00-0400,51.2,51.2,51.2,51.2,0.0
2025-04-14 13:10:00-0400,51.2,51.2,51.2,51.2,0.0
2025-04-14 13:15:00-0400,51.2,51.2,51.2,51.2,0.0
2025-04-14 13:20:00-0400,51.2,51.2,51.17,51.17,200.0
2025-04-14 13:25:00-0400,51.17,51.17,51.17,51.17,800.0
2025-04-14 13:30:00-0400,51.17,51.37,51.16,51.16,54447.0
2025-04-14 13:35:00-0400,51.17,51.18,51.025,51.04,150793.0
2025-04-14 13:40:00-0400,51.05,51.11,51.015,51.06,192823.0
2025-04-14 13:45:00-0400,51.05,51.175,51.05,51.17,118170.0
2025-04-14 13:50:00-0400,51.165,51.195,51.09,51.175,140231.0
2025-04-14 13:55:00-0400,51.18,51.21,51.155,51.18,112543.0
2025-04-14 14:00:00-0400,51.17,51.2,51.15,51.185,103844.0
2025-04-14 14:05:00-0400,51.1835,51.24,51.175,51.24,94578.0
2025-04-14 14:10:00-0400,51.23,51.23,51.175,51.19,95789.0
2025-04-14 14:15:00-0400,51.195,51.225,51.1701,51.1751,81983.0
2025-04-14 14:20:00-0400,51.18,51.19,51.16,51.19,53654.0
2025-04-14 14:25:00-0400,51.19,51.21,51.1614,51.2,86678.0
2025-04-14 14:30:00-0400,51.21,51.235,51.195,51.2,108712.0
2025-04-14 14:35:00-0400,51.2,51.24,51.2,51.235,51209.0
2025-04-14 14:40:00-0400,51.23,51.235,51.215,51.2264,35993.0
2025-04-14 14:45:00-0400,51.225,51.25,51.225,51.225,54079.0
2025-04-14 14:50:00-0400,51.2232,51.26,51.195,51.26,94843.0
2025-04-14 14:55:00-0400,51.28,51.29,51.26,51.27,23195.0
2025-04-14 15:00:00-0400,51.2671,51.2671,51.215,51.22,99607.0
2025-04-14 15:05:00-0400,51.21,51.22,51.17,51.173,39627.0
2025-04-14 15:10:00-0400,51.17,51.17,51.145,51.1568,152881.0
2025-04-14 15:15:00-0400,51.155,51.16,51.1221,51.13,55641.0
2025-04-14 15:20:00-0400,51.13,51.14,51.105,51.12,84115.0
2025-04-14 15:25:00-0400,51.13,51.15,51.13,51.1351,37982.0
2025-04-14 15:30:00-0400,51.135,51.1359,51.095,51.105,31628.0
2025-04-14 15:35:00-0400,51.11,51.15,51.11,51.135,128405.0
2025-04-14 15:40:00-0400,51.134,51.15,51.075,51.075,131018.0
2025-04-14 15:45:00-0400,51.075,51.105,51.0544,51.06,88230.0
2025-04-14 15:50:00-0400,51.06,51.06,51.0,51.0101,28228.0
2025-04-14 15:55:00-0400,51.01,51.02,50.985,51.02,65687.0
2025-04-14 16:00:00-0400,51.02,51.0377,51.0,51.0,9252.0
2025-04-15 09:35:00-0400,51.0,51.0,51.0,51.0,0.0
2025-04-15 09:40:00-0400,51.0,51.0,51.0,51.0,0.0
2025-04-15 09:45:00-0400,51.0,51.0,51.0,51.0,0.0
2025-04-15 09:50:00-0400,51.0,51.0,51.0,51.0,0.0
2025-04-15 09:55:00-0400,51.0,51.0,51.0,51.0,0.0
2025-04-15 10:00:00-0400,51.0,51.0,51.0,51.0,0.0
2025-04-15 10:05:00-0400,51.0,51.0,51.0,51.0,0.0
2025-04-15 10:10:00-0400,51.0,51.0,51.0,51.0,0.0
2025-04-15 10:15:00-0400,51.0,51.0,51.0,51.0,0.0
2025-04-15 10:20:00-0400,51.0,51.0,51.0,51.0,0.0
2025-04-15 10:25:00-0400,51.0,51.0,51.0,51.0,0.0
2025-04-15 10:30:00-0400,51.0,51.0,51.0,51.0,0.0
2025-04-15 10:35:00-0400,51.0,51.47,51.0,51.47,600.0
2025-04-15 10:40:00-0400,51.47,51.47,51.25,51.25,117.0
2025-04-15 10:45:00-0400,51.25,51.25,51.25,51.25,0.0
2025-04-15 10:50:00-0400,51.25,51.25,51.25,51.25,176.0
2025-04-15 10:55:00-0400,51.25,51.25,51.25,51.25,0.0
2025-04-15 11:00:00-0400,51.25,51.25,51.25,51.25,0.0
2025-04-15 11:05:00-0400,51.25,51.25,51.25,51.25,0.0
2025-04-15 11:10:00-0400,51.25,51.25,51.25,51.25,0.0
2025-04-15 11:15:00-0400,51.25,51.25,51.25,51.25,0.0
2025-04-15 11:20:00-0400,51.25,51.25,51.25,51.25,0.0
2025-04-15 11:25:00-0400,51.25,51.25,51.25,51.25,0.0
2025-04-15 11:30:00-0400,51.25,51.25,51.25,51.25,0.0
2025-04-15 11:35:00-0400,51.25,51.25,51.25,51.25,0.0
2025-04-15 11:40:00-0400,51.25,51.25,51.25,51.25,0.0
2025-04-15 11:45:00-0400,51.25,51.25,51.25,51.25,0.0
2025-04-15 11:50:00-0400,51.25,51.25,51.25,51.25,0.0
2025-04-15 11:55:00-0400,51.25,51.25,51.25,51.25,0.0
2025-04-15 12:00:00-0400,51.25,51.4798,51.25,51.4798,1861.0
2025-04-15 12:05:00-0400,51.4798,51.4798,51.4798,51.4798,0.0
2025-04-15 12:10:00-0400,51.4798,51.4798,51.4798,51.4798,0.0
2025-04-15 12:15:00-0400,51.4798,51.4798,51.4798,51.4798,0.0
2025-04-15 12:20:00-0400,51.4798,51.4798,51.4798,51.4798,0.0
2025-04-15 12:25:00-0400,51.4798,51.4798,51.4798,51.4798,0.0
2025-04-15 12:30:00-0400,51.4798,51.4798,51.4798,51.4798,0.0
2025-04-15 12:35:00-0400,51.4798,51.4798,51.4798,51.4798,0.0
2025-04-15 12:40:00-0400,51.4798,51.4798,51.4798,51.4798,0.0
2025-04-15 12:45:00-0400,51.4798,51.4798,51.472,51.472,300.0
2025-04-15 12:50:00-0400,51.472,51.472,51.472,51.472,0.0
2025-04-15 12:55:00-0400,51.472,51.472,51.472,51.472,0.0
2025-04-15 13:00:00-0400,51.472,51.472,51.472,51.472,0.0
2025-04-15 13:05:00-0400,51.472,51.472,51.472,51.472,0.0
2025-04-15 13:10:00-0400,51.472,51.472,51.472,51.472,0.0
2025-04-15 13:15:00-0400,51.472,51.472,51.472,51.472,0.0
2025-04-15 13:20:00-0400,51.472,51.472,51.472,51.472,0.0
2025-04-15 13:25:00-0400,51.472,51.472,51.41,51.41,1280.0
2025-04-15 13:30:00-0400,51.41,51.5,51.4,51.475,138190.0
2025-04-15 13:35:00-0400,51.475,51.505,51.415,51.44,229257.0
2025-04-15 13:40:00-0400,51.435,51.49,51.415,51.4725,225128.0
2025-04-15 13:45:00-0400,51.475,51.485,51.435,51.445,171749.0
2025-04-15 13:50:00-0400,51.44,51.51,51.43,51.475,245168.0
2025-04-15 13:55:00-0400,51.47,51.5,51.46,51.49,183678.0
2025-04-15 14:00:00-0400,51.493,51.52,51.475,51.51,87589.0
2025-04-15 14:05:00-0400,51.52,51.5378,51.515,51.535,91725.0
2025-04-15 14:10:00-0400,51.53,51.56,51.52,51.55,133826.0
2025-04-15 14:15:00-0400,51.545,51.5799,51.53,51.55,82942.0
2025-04-15 14:20:00-0400,51.555,51.565,51.425,51.44,164829.0
2025-04-15 14:25:00-0400,51.45,51.51,51.43,51.44,98272.0
2025-04-15 14:30:00-0400,51.4376,51.48,51.425,51.475,66822.0
2025-04-15 14:35:00-0400,51.475,51.485,51.03,51.265,8662551.0
2025-04-15 14:40:00-0400,51.2675,51.28,51.22,51.26,342456.0
2025-04-15 14:45:00-0400,51.27,51.37,51.25,51.365,246893.0
2025-04-15 14:50:00-0400,51.37,51.375,51.255,51.26,375424.0
2025-04-15 14:55:00-0400,51.265,51.32,51.26,51.315,327754.0
2025-04-15 15:00:00-0400,51.31,51.32,51.25,51.275,294407.0
2025-04-15 15:05:00-0400,51.275,51.33,51.255,51.32,306165.0
2025-04-15 15:10:00-0400,51.325,51.325,51.285,51.305,306865.0
2025-04-15 15:15:00-0400,51.305,51.315,51.28,51.295,316787.0
2025-04-15 15:20:00-0400,51.3,51.3799,51.295,51.37,87517.0
2025-04-15 15:25:00-0400,51.37,51.39,51.355,51.355,110074.0
2025-04-15 15:30:00-0400,51.35,51.375,51.35,51.375,97060.0
2025-04-15 15:35:00-0400,51.37,51.4366,51.37,51.425,174143.0
2025-04-15 15:40:00-0400,51.425,51.425,51.38,51.385,173133.0
2025-04-15 15:45:00-0400,51.385,51.405,51.38,51.4,89294.0
2025-04-15 15:50:00-0400,51.4,51.4,51.33,51.33,179305.0
2025-04-15 15:55:00-0400,51.335,51.41,51.33,51.365,208262.0
2025-04-15 16:00:00-0400,51.365,51.37,51.33,51.355,80508.0
2025-04-16 09:35:00-0400,51.355,51.355,51.355,51.355,0.0
2025-04-16 09:40:00-0400,51.355,51.355,51.355,51.355,0.0
2025-04-16 09:45:00-0400,51.355,51.355,51.355,51.355,0.0
2025-04-16 09:50:00-0400,51.355,51.355,51.355,51.355,0.0
2025-04-16 09:55:00-0400,51.355,51.355,51.355,51.355,0.0
2025-04-16 10:00:00-0400,51.355,51.355,51.355,51.355,0.0
2025-04-16 10:05:00-0400,51.355,51.355,51.355,51.355,0.0
2025-04-16 10:10:00-0400,51.355,51.355,51.355,51.355,0.0
2025-04-16 10:15:00-0400,51.355,51.355,51.355,51.355,0.0
2025-04-16 10:20:00-0400,51.355,51.355,51.355,51.355,0.0
2025-04-16 10:25:00-0400,51.355,51.355,51.355,51.355,0.0
2025-04-16 10:30:00-0400,51.355,51.355,51.355,51.355,0.0
2025-04-16 10:35:00-0400,51.355,51.355,51.355,51.355,0.0
2025-04-16 10:40:00-0400,51.355,51.355,51.355,51.355,0.0
2025-04-16 10:45:00-0400,51.355,51.355,51.355,51.355,0.0
2025-04-16 10:50:00-0400,51.355,51.355,51.355,51.355,0.0
2025-04-16 10:55:00-0400,51.355,51.355,51.355,51.355,0.0
2025-04-16 11:00:00-0400,51.355,51.355,51.355,51.355,0.0
2025-04-16 11:05:00-0400,51.355,51.355,51.355,51.355,0.0
2025-04-16 11:10:00-0400,51.355,51.355,51.355,51.355,0.0
2025-04-16 11:15:00-0400,51.355,51.355,51.355,51.355,0.0
2025-04-16 11:20:00-0400,51.355,51.355,51.355,51.355,0.0
2025-04-16 11:25:00-0400,51.355,51.355,51.355,51.355,0.0
2025-04-16 11:30:00-0400,51.355,51.355,51.355,51.355,0.0
2025-04-16 11:35:00-0400,51.355,51.355,51.355,51.355,0.0
2025-04-16 11:40:00-0400,51.355,51.355,51.355,51.355,0.0
2025-04-16 11:45:00-0400,51.355,51.355,51.355,51.355,0.0
2025-04-16 11:50:00-0400,51.355,51.355,51.355,51.355,0.0
2025-04-16 11:55:00-0400,51.355,51.355,51.355,51.355,0.0
2025-04-16 12:00:00-0400,51.355,51.46,51.26,51.46,1354.0
2025-04-16 12:05:00-0400,51.46,51.46,51.46,51.46,0.0
2025-04-16 12:10:00-0400,51.46,51.46,51.46,51.46,0.0
2025-04-16 12:15:00-0400,51.46,51.46,51.46,51.46,0.0
2025-04-16 12:20:00-0400,51.46,51.46,51.46,51.46,0.0
2025-04-16 12:25:00-0400,51.46,51.46,51.46,51.46,0.0
2025-04-16 12:30:00-0400,51.46,51.46,51.46,51.46,0.0
2025-04-16 12:35:00-0400,51.46,51.46,51.46,51.46,0.0
2025-04-16 12:40:00-0400,51.46,51.46,51.46,51.46,0.0
2025-04-16 12:45:00-0400,51.46,51.46,51.46,51.46,0.0
2025-04-16 12:50:00-0400,51.46,51.46,51.46,51.46,0.0
2025-04-16 12:55:00-0400,51.46,51.46,51.46,51.46,0.0
2025-04-16 13:00:00-0400,51.46,51.46,51.46,51.46,0.0
2025-04-16 13:05:00-0400,51.46,51.46,51.38,51.38,200.0
2025-04-16 13:10:00-0400,51.38,51.4,51.38,51.4,229.0
2025-04-16 13:15:00-0400,51.4,51.4,51.38,51.38,100.0
2025-04-16 13:20:00-0400,51.38,51.38,51.38,51.38,0.0
2025-04-16 13:25:00-0400,51.38,51.38,51.38,51.38,0.0
2025-04-16 13:30:00-0400,51.38,51.5,51.32,51.435,49846.0
2025-04-16 13:35:00-0400,51.43,51.46,51.405,51.425,181727.0
2025-04-16 13:40:00-0400,51.425,51.4593,51.41,51.415,247378.0
2025-04-16 13:45:00-0400,51.415,51.44,51.4,51.413,230580.0
2025-04-16 13:50:00-0400,51.41,51.45,51.41,51.437,157064.0
2025-04-16 13:55:00-0400,51.43,51.445,51.41,51.435,245137.0
2025-04-16 14:00:00-0400,51.435,51.49,51.43,51.45,143561.0
2025-04-16 14:05:00-0400,51.453,51.4899,51.445,51.485,55773.0
2025-04-16 14:10:00-0400,51.485,51.49,51.465,51.475,62643.0
2025-04-16 14:15:00-0400,51.47,51.48,51.43,51.435,66106.0
2025-04-16 14:20:00-0400,51.435,51.45,51.415,51.449,67714.0
2025-04-16 14:25:00-0400,51.45,51.477,51.445,51.47,47227.0
2025-04-16 14:30:00-0400,51.4771,51.4771,51.44,51.46,142394.0
2025-04-16 14:35:00-0400,51.455,51.46,51.44,51.45,66449.0
2025-04-16 14:40:00-0400,51.455,51.46,51.43,51.455,60427.0
2025-04-16 14:45:00-0400,51.455,51.48,51.455,51.475,60005.0
2025-04-16 14:50:00-0400,51.475,51.505,51.465,51.505,88884.0
2025-04-16 14:55:00-0400,51.505,51.52,51.495,51.5,73960.0
2025-04-16 15:00:00-0400,51.5,51.5156,51.485,51.515,33068.0
2025-04-16 15:05:00-0400,51.5157,51.52,51.505,51.51,15017.0
2025-04-16 15:10:00-0400,51.51,51.545,51.505,51.535,109114.0
2025-04-16 15:15:00-0400,51.535,51.54,51.53,51.53,25362.0
2025-04-16 15:20:00-0400,51.52,51.535,51.51,51.515,54370.0
2025-04-16 15:25:00-0400,51.515,51.62,51.515,51.61,101189.0
2025-04-16 15:30:00-0400,51.615,51.625,51.59,51.595,78018.0
2025-04-16 15:35:00-0400,51.595,51.62,51.59,51.615,47797.0
2025-04-16 15:40:00-0400,51.615,51.615,51.585,51.585,81456.0
2025-04-16 15:45:00-0400,51.585,51.59,51.57,51.57,65070.0
2025-04-16 15:50:00-0400,51.57,51.58,51.56,51.565,49783.0
2025-04-16 15:55:00-0400,51.57,51.575,51.565,51.575,33210.0
2025-04-16 16:00:00-0400,51.575,51.58,51.555,51.56,45464.0
2025-04-17 09:35:00-0400,51.56,51.56,51.56,51.56,0.0
2025-04-17 09:40:00-0400,51.56,51.56,51.56,51.56,0.0
2025-04-17 09:45:00-0400,51.56,51.56,51.56,51.56,0.0
2025-04-17 09:50:00-0400,51.56,51.56,51.56,51.56,0.0
2025-04-17 09:55:00-0400,51.56,51.56,51.56,51.56,0.0
2025-04-17 10:00:00-0400,51.56,51.56,51.56,51.56,0.0
2025-04-17 10:05:00-0400,51.56,51.56,51.56,51.56,0.0
2025-04-17 10:10:00-0400,51.56,51.56,51.56,51.56,0.0
2025-04-17 10:15:00-0400,51.56,51.56,51.56,51.56,0.0
2025-04-17 10:20:00-0400,51.56,51.56,51.56,51.56,0.0
2025-04-17 10:25:00-0400,51.56,51.56,51.56,51.56,0.0
2025-04-17 10:30:00-0400,51.56,51.56,51.56,51.56,0.0
2025-04-17 10:35:00-0400,51.56,51.56,51.56,51.56,0.0
2025-04-17 10:40:00-0400,51.56,51.56,51.56,51.56,0.0
2025-04-17 10:45:00-0400,51.56,52.18,51.56,52.18,800.0
2025-04-17 10:50:00-0400,52.18,52.18,52.18,52.18,0.0
2025-04-17 10:55:00-0400,52.18,52.18,52.18,52.18,147.0
2025-04-17 11:00:00-0400,52.18,52.18,52.17,52.17,458.0
2025-04-17 11:05:00-0400,52.17,52.17,52.17,52.17,0.0
2025-04-17 11:10:00-0400,52.17,52.17,52.17,52.17,0.0
2025-04-17 11:15:00-0400,52.17,52.17,52.17,52.17,0.0
2025-04-17 11:20:00-0400,52.17,52.17,52.17,52.17,0.0
2025-04-17 11:25:00-0400,52.17,52.17,52.17,52.17,0.0
2025-04-17 11:30:00-0400,52.09,52.1,52.08,52.08,500.0
2025-04-17 11:35:00-0400,52.08,52.08,52.08,52.08,0.0
2025-04-17 11:40:00-0400,52.08,52.08,52.08,52.08,0.0
2025-04-17 11:45:00-0400,52.08,52.08,52.08,52.08,0.0
2025-04-17 11:50:00-0400,52.08,52.08,52.08,52.08,0.0
2025-04-17 11:55:00-0400,52.08,52.08,52.07,52.07,901.0
2025-04-17 12:00:00-0400,52.07,52.07,51.5,51.68,26372.0
2025-04-17 12:05:00-0400,51.68,51.68,51.68,51.68,0.0
2025-04-17 12:10:00-0400,51.68,51.68,51.68,51.68,0.0
2025-04-17 12:15:00-0400,51.68,52.1,51.68,52.1,100.0
2025-04-17 12:20:00-0400,52.1,52.1,52.1,52.1,0.0
2025-04-17 12:25:00-0400,52.1,52.1,52.1,52.1,0.0
2025-04-17 12:30:00-0400,52.1,52.1,52.1,52.1,0.0
2025-04-17 12:35:00-0400,52.1,52.2,52.1,52.2,2476.0
2025-04-17 12:40:00-0400,52.2,52.2,52.09,52.2,565.0
2025-04-17 12:45:00-0400,52.2,52.2,52.1999,52.1999,2000.0
2025-04-17 12:50:00-0400,52.1999,52.1999,52.11,52.12,310.0
2025-04-17 12:55:00-0400,52.12,52.2,52.12,52.17,800.0
2025-04-17 13:00:00-0400,52.17,52.17,52.17,52.17,0.0
2025-04-17 13:05:00-0400,52.17,52.2,52.17,52.2,100.0
2025-04-17 13:10:00-0400,52.2,52.2,52.2,52.2,0.0
2025-04-17 13:15:00-0400,52.2,52.2,52.2,52.2,0.0
2025-04-17 13:20:00-0400,52.2,52.2,52.18,52.2,950.0
2025-04-17 13:25:00-0400,52.2,52.2,52.19,52.19,246.0
2025-04-17 13:30:00-0400,52.19,52.26,52.05,52.22,128584.0
2025-04-17 13:35:00-0400,52.22,52.3,52.17,52.27,93971.0
2025-04-17 13:40:00-0400,52.28,52.3,52.225,52.26,57123.0
2025-04-17 13:45:00-0400,52.27,52.33,52.27,52.3,91477.0
2025-04-17 13:50:00-0400,52.3,52.37,52.27,52.36,120371.0
2025-04-17 13:55:00-0400,52.36,52.375,52.335,52.335,81254.0
2025-04-17 14:00:00-0400,52.335,52.36,52.3,52.36,187946.0
2025-04-17 14:05:00-0400,52.36,52.4,52.345,52.4,144722.0
2025-04-17 14:10:00-0400,52.395,52.3964,52.34,52.38,157087.0
2025-04-17 14:15:00-0400,52.38,52.385,52.315,52.33,117280.0
2025-04-17 14:20:00-0400,52.325,52.33,52.3,52.31,95129.0
2025-04-17 14:25:00-0400,52.32,52.36,52.31,52.35,203834.0
2025-04-17 14:30:00-0400,52.345,52.35,52.31,52.31,119008.0
2025-04-17 14:35:00-0400,52.31,52.34,52.3023,52.31,184885.0
2025-04-17 14:40:00-0400,52.3,52.35,52.295,52.3498,139218.0
2025-04-17 14:45:00-0400,52.35,52.38,52.325,52.3769,100073.0
2025-04-17 14:50:00-0400,52.38,52.3959,52.37,52.375,130443.0
2025-04-17 14:55:00-0400,52.375,52.38,52.32,52.3399,180155.0
2025-04-17 15:00:00-0400,52.335,52.37,52.335,52.37,131723.0
2025-04-17 15:05:00-0400,52.375,52.43,52.36,52.43,49314.0
2025-04-17 15:10:00-0400,52.4293,52.49,52.4293,52.48,53817.0
2025-04-17 15:15:00-0400,52.48,52.5,52.455,52.455,103069.0
2025-04-17 15:20:00-0400,52.46,52.5,52.455,52.48,90147.0
2025-04-17 15:25:00-0400,52.485,52.485,52.455,52.46,36106.0
2025-04-17 15:30:00-0400,52.465,52.49,52.435,52.489,168190.0
2025-04-17 15:35:00-0400,52.49,52.5159,52.49,52.5,46655.0
2025-04-17 15:40:00-0400,52.5,52.545,52.49,52.505,42581.0
2025-04-17 15:45:00-0400,52.51,52.51,52.45,52.455,80023.0
2025-04-17 15:50:00-0400,52.455,52.47,52.405,52.42,75053.0
2025-04-17 15:55:00-0400,52.41,52.425,52.39,52.425,105222.0
2025-04-17 16:00:00-0400,52.425,52.425,52.36,52.365,47874.0
2025-04-21 09:35:00-0400,52.365,52.365,52.365,52.365,0.0
2025-04-21 09:40:00-0400,52.365,52.365,52.365,52.365,0.0
2025-04-21 09:45:00-0400,52.365,52.365,52.365,52.365,0.0
2025-04-21 09:50:00-0400,52.365,52.365,52.365,52.365,0.0
2025-04-21 09:55:00-0400,52.365,52.365,52.365,52.365,0.0
2025-04-21 10:00:00-0400,52.365,53.1,52.365,53.1,373.0
2025-04-21 10:05:00-0400,53.1,53.1,53.1,53.1,0.0
2025-04-21 10:10:00-0400,53.1,53.1,53.1,53.1,0.0
2025-04-21 10:15:00-0400,53.1,53.1,53.1,53.1,0.0
2025-04-21 10:20:00-0400,53.1,53.1,53.1,53.1,0.0
2025-04-21 10:25:00-0400,53.1,53.1,53.1,53.1,0.0
2025-04-21 10:30:00-0400,53.1,53.23,53.1,53.23,109.0
2025-04-21 10:35:00-0400,53.23,53.23,53.23,53.23,0.0
2025-04-21 10:40:00-0400,53.23,53.23,53.23,53.23,0.0
2025-04-21 10:45:00-0400,53.23,53.23,53.23,53.23,0.0
2025-04-21 10:50:00-0400,53.23,53.23,53.23,53.23,0.0
2025-04-21 10:55:00-0400,53.23,53.23,53.23,53.23,0.0
2025-04-21 11:00:00-0400,53.23,53.23,53.04,53.04,585.0
2025-04-21 11:05:00-0400,53.04,53.04,53.04,53.04,0.0
2025-04-21 11:10:00-0400,53.04,53.04,53.04,53.04,0.0
2025-04-21 11:15:00-0400,53.04,53.04,53.04,53.04,0.0
2025-04-21 11:20:00-0400,53.04,53.08,53.04,53.08,109.0
2025-04-21 11:25:00-0400,53.08,53.09,53.02,53.02,897.0
2025-04-21 11:30:00-0400,53.02,53.05,53.02,53.05,500.0
2025-04-21 11:35:00-0400,53.05,53.05,53.05,53.05,0.0
2025-04-21 11:40:00-0400,52.91,52.91,52.91,52.91,200.0
2025-04-21 11:45:00-0400,52.91,52.91,52.91,52.91,0.0
2025-04-21 11:50:00-0400,52.91,52.91,52.91,52.91,0.0
2025-04-21 11:55:00-0400,52.91,52.91,52.91,52.91,0.0
2025-04-21 12:00:00-0400,52.91,53.2,52.91,53.2,3527.0
2025-04-21 12:05:00-0400,53.2,53.2,53.0,53.01,2100.0
2025-04-21 12:10:00-0400,53.01,53.01,52.96,52.96,175.0
2025-04-21 12:15:00-0400,52.96,53.0,52.96,53.0,1502.0
2025-04-21 12:20:00-0400,53.0,53.0,52.92,52.92,7686.0
2025-04-21 12:25:00-0400,52.92,52.92,52.91,52.92,2852.0
2025-04-21 12:30:00-0400,52.92,52.92,52.92,52.92,0.0
2025-04-21 12:35:00-0400,52.92,52.92,52.91,52.91,560.0
2025-04-21 12:40:00-0400,52.91,52.91,52.91,52.91,0.0
2025-04-21 12:45:00-0400,52.91,52.97,52.91,52.97,257.0
2025-04-21 12:50:00-0400,52.97,52.97,52.97,52.97,0.0
2025-04-21 12:55:00-0400,52.97,52.97,52.95,52.95,1000.0
2025-04-21 13:00:00-0400,53.0,53.0,52.99,52.99,610.0
2025-04-21 13:05:00-0400,52.99,52.99,52.98,52.99,500.0
2025-04-21 13:10:00-0400,52.99,53.03,52.97,53.03,1470.0
2025-04-21 13:15:00-0400,53.0,53.0,53.0,53.0,115.0
2025-04-21 13:20:00-0400,53.0,53.0,53.0,53.0,0.0
2025-04-21 13:25:00-0400,53.0,53.0,53.0,53.0,0.0
2025-04-21 13:30:00-0400,53.0,53.0969,52.98,53.075,116114.0
2025-04-21 13:35:00-0400,53.075,53.11,53.04,53.04,126104.0
2025-04-21 13:40:00-0400,53.04,53.08,53.025,53.0401,147209.0
2025-04-21 13:45:00-0400,53.045,53.09,53.04,53.09,112929.0
2025-04-21 13:50:00-0400,53.085,53.125,53.065,53.09,108739.0
2025-04-21 13:55:00-0400,53.087117,53.087117,53.06,53.06,80342.0
2025-04-21 14:00:00-0400,53.06,53.065,52.94,52.955,62544.0
2025-04-21 14:05:00-0400,52.955,52.96,52.91,52.94,84524.0
2025-04-21 14:10:00-0400,52.93,52.97,52.925,52.9699,30355.0
2025-04-21 14:15:00-0400,52.96,52.96,52.93,52.93,45642.0
2025-04-21 14:20:00-0400,52.925,52.95,52.905,52.935,78257.0
2025-04-21 14:25:00-0400,52.93,52.94,52.92,52.935,47834.0
2025-04-21 14:30:00-0400,52.9318,52.96,52.925,52.955,70300.0
2025-04-21 14:35:00-0400,52.95,52.95,52.915,52.925,47461.0
2025-04-21 14:40:00-0400,52.93,52.9498,52.9222,52.935,44263.0
2025-04-21 14:45:00-0400,52.93,52.94,52.9,52.92,54004.0
2025-04-21 14:50:00-0400,52.92,52.93,52.9046,52.915,27501.0
2025-04-21 14:55:00-0400,52.915,52.915,52.9,52.9,26724.0
2025-04-21 15:00:00-0400,52.9,52.91,52.89,52.91,35041.0
2025-04-21 15:05:00-0400,52.905,52.92,52.895,52.92,58295.0
2025-04-21 15:10:00-0400,52.915,52.92,52.89,52.9,103062.0
2025-04-21 15:15:00-0400,52.895,52.905,52.875,52.8844,162035.0
2025-04-21 15:20:00-0400,52.88,52.91,52.875,52.9,59803.0
2025-04-21 15:25:00-0400,52.9,52.92,52.89,52.915,210035.0
2025-04-21 15:30:00-0400,52.915,52.93,52.885,52.8998,51938.0
2025-04-21 15:35:00-0400,52.8965,52.9,52.86,52.87,66732.0
2025-04-21 15:40:00-0400,52.87,52.89,52.86,52.875,85898.0
2025-04-21 15:45:00-0400,52.875,52.89,52.85,52.85,37013.0
2025-04-21 15:50:00-0400,52.85,52.85,52.8201,52.83,33550.0
2025-04-21 15:55:00-0400,52.825,52.83,52.805,52.805,241517.0
2025-04-21 16:00:00-0400,52.805,52.815,52.8,52.81,32632.0
2025-04-22 09:35:00-0400,52.81,52.81,52.81,52.81,0.0
2025-04-22 09:40:00-0400,52.81,52.81,52.81,52.81,0.0
2025-04-22 09:45:00-0400,52.81,53.45,52.81,53.45,200.0
2025-04-22 09:50:00-0400,53.45,53.45,53.45,53.45,0.0
2025-04-22 09:55:00-0400,53.45,53.45,53.45,53.45,0.0
2025-04-22 10:00:00-0400,53.38,53.38,53.37,53.37,1713.0
2025-04-22 10:05:00-0400,53.37,53.37,53.2,53.2,2034.0
2025-04-22 10:10:00-0400,53.2,53.45,53.2,53.45,258.0
2025-04-22 10:15:00-0400,53.45,53.45,53.45,53.45,0.0
2025-04-22 10:20:00-0400,53.45,53.45,53.45,53.45,0.0
2025-04-22 10:25:00-0400,53.45,53.45,53.45,53.45,0.0
2025-04-22 10:30:00-0400,53.45,53.45,53.45,53.45,0.0
2025-04-22 10:35:00-0400,53.45,53.45,53.45,53.45,0.0
2025-04-22 10:40:00-0400,53.45,53.45,53.43,53.43,187.0
2025-04-22 10:45:00-0400,53.43,53.43,53.43,53.43,0.0
2025-04-22 10:50:00-0400,53.43,53.43,53.43,53.43,0.0
2025-04-22 10:55:00-0400,53.43,53.43,53.43,53.43,0.0
2025-04-22 11:00:00-0400,53.43,53.43,53.38,53.42,592.0
2025-04-22 11:05:00-0400,53.42,53.42,53.36,53.36,755.0
2025-04-22 11:10:00-0400,53.36,53.36,53.36,53.36,0.0
2025-04-22 11:15:00-0400,53.36,53.36,53.36,53.36,0.0
2025-04-22 11:20:00-0400,53.36,53.36,53.36,53.36,0.0
2025-04-22 11:25:00-0400,53.36,53.36,53.36,53.36,0.0
2025-04-22 11:30:00-0400,53.36,53.36,53.36,53.36,0.0
2025-04-22 11:35:00-0400,53.36,53.36,53.36,53.36,0.0
2025-04-22 11:40:00-0400,53.36,53.36,53.36,53.36,0.0
2025-04-22 11:45:00-0400,53.36,53.36,53.36,53.36,0.0
2025-04-22 11:50:00-0400,53.36,53.36,53.36,53.36,0.0
2025-04-22 11:55:00-0400,53.36,53.36,53.36,53.36,0.0
2025-04-22 12:00:00-0400,53.36,53.44,53.195,53.195,3387.0
2025-04-22 12:05:00-0400,53.28,53.3,53.28,53.3,1202.0
2025-04-22 12:10:00-0400,53.3,53.3,53.3,53.3,0.0
2025-04-22 12:15:00-0400,53.3,53.3,53.3,53.3,0.0
2025-04-22 12:20:00-0400,53.3,53.3,53.3,53.3,0.0
2025-04-22 12:25:00-0400,53.3,53.3,53.3,53.3,100.0
2025-04-22 12:30:00-0400,53.3,53.3,53.25,53.25,100.0
2025-04-22 12:35:00-0400,53.25,53.25,53.25,53.25,0.0
2025-04-22 12:40:00-0400,53.25,53.25,53.25,53.25,500.0
2025-04-22 12:45:00-0400,53.25,53.25,53.25,53.25,0.0
2025-04-22 12:50:00-0400,53.28,53.3,53.1913,53.1913,2500.0
2025-04-22 12:55:00-0400,53.1913,53.3,53.1913,53.29,316.0
2025-04-22 13:00:00-0400,53.29,53.3895,53.25,53.3895,11731.0
2025-04-22 13:05:00-0400,53.35,53.35,53.35,53.35,1089.0
2025-04-22 13:10:00-0400,53.35,53.35,53.35,53.35,0.0
2025-04-22 13:15:00-0400,53.41,53.44,53.38,53.38,755.0
2025-04-22 13:20:00-0400,53.38,53.38,53.38,53.38,247.0
2025-04-22 13:25:00-0400,53.38,53.4384,53.38,53.4384,101.0
2025-04-22 13:30:00-0400,53.4384,53.45,53.38,53.385,127992.0
2025-04-22 13:35:00-0400,53.385,53.43,53.345,53.37,278758.0
2025-04-22 13:40:00-0400,53.365,53.388,53.3335,53.385,101947.0
2025-04-22 13:45:00-0400,53.385,53.41,53.38,53.405,106075.0
2025-04-22 13:50:00-0400,53.4099,53.42,53.395,53.395,138905.0
2025-04-22 13:55:00-0400,53.395,53.4,53.37,53.39,77446.0
2025-04-22 14:00:00-0400,53.39,53.41,53.38,53.395,144842.0
2025-04-22 14:05:00-0400,53.395,53.4,53.38,53.39,101266.0
2025-04-22 14:10:00-0400,53.39,53.42,53.39,53.42,45138.0
2025-04-22 14:15:00-0400,53.415,53.42,53.4,53.4,54806.0
2025-04-22 14:20:00-0400,53.405,53.41,53.3944,53.4,28580.0
2025-04-22 14:25:00-0400,53.4,53.41,53.4,53.41,69736.0
2025-04-22 14:30:00-0400,53.405,53.41,53.385,53.385,63456.0
2025-04-22 14:35:00-0400,53.38,53.39,53.38,53.38,85741.0
2025-04-22 14:40:00-0400,53.385,53.42,53.3824,53.41,133071.0
2025-04-22 14:45:00-0400,53.405,53.415,53.39,53.4,274081.0
2025-04-22 14:50:00-0400,53.4,53.44,53.4,53.44,94375.0
2025-04-22 14:55:00-0400,53.435,53.44,53.415,53.435,145862.0
2025-04-22 15:00:00-0400,53.44,53.49,53.44,53.485,163246.0
2025-04-22 15:05:00-0400,53.49,53.53,53.49,53.53,88266.0
2025-04-22 15:10:00-0400,53.53,53.56,53.53,53.555,70908.0
2025-04-22 15:15:00-0400,53.56,53.58,53.54,53.58,88456.0
2025-04-22 15:20:00-0400,53.58,53.58,53.51,53.515,196675.0
2025-04-22 15:25:00-0400,53.51,53.55,53.51,53.535,156055.0
2025-04-22 15:30:00-0400,53.535,53.555,53.532455,53.54,119041.0
2025-04-22 15:35:00-0400,53.53,53.535,53.5,53.535,84284.0
2025-04-22 15:40:00-0400,53.535,53.54,53.515,53.54,50947.0
2025-04-22 15:45:00-0400,53.53,53.53,53.5,53.505,113182.0
2025-04-22 15:50:00-0400,53.505,53.53,53.5,53.525,73260.0
2025-04-22 15:55:00-0400,53.53,53.56,53.525,53.56,63308.0
2025-04-22 16:00:00-0400,53.558,53.615,53.55,53.61,234705.0
2025-04-23 09:35:00-0400,53.61,53.61,53.61,53.61,0.0
2025-04-23 09:40:00-0400,53.61,53.61,53.61,53.61,0.0
2025-04-23 09:45:00-0400,53.61,53.61,53.39,53.39,118.0
2025-04-23 09:50:00-0400,53.39,53.39,53.39,53.39,0.0
2025-04-23 09:55:00-0400,53.39,53.39,53.39,53.39,0.0
2025-04-23 10:00:00-0400,53.39,53.39,53.39,53.39,100.0
2025-04-23 10:05:00-0400,53.39,53.39,53.39,53.39,0.0
2025-04-23 10:10:00-0400,53.39,53.39,53.36,53.36,500.0
2025-04-23 10:15:00-0400,53.36,53.36,53.36,53.36,0.0
2025-04-23 10:20:00-0400,53.36,53.36,53.36,53.36,0.0
2025-04-23 10:25:00-0400,53.49,53.49,53.49,53.49,200.0
2025-04-23 10:30:00-0400,53.49,53.49,53.49,53.49,0.0
2025-04-23 10:35:00-0400,53.42,53.42,53.36,53.36,507.0
2025-04-23 10:40:00-0400,53.36,53.36,53.36,53.36,0.0
2025-04-23 10:45:00-0400,53.36,53.36,53.36,53.36,0.0
2025-04-23 10:50:00-0400,53.36,53.36,53.36,53.36,0.0
2025-04-23 10:55:00-0400,53.36,53.36,53.36,53.36,0.0
2025-04-23 11:00:00-0400,53.36,53.36,53.36,53.36,0.0
2025-04-23 11:05:00-0400,53.36,53.36,53.36,53.36,0.0
2025-04-23 11:10:00-0400,53.52,53.52,53.52,53.52,164.0
2025-04-23 11:15:00-0400,53.52,53.52,53.52,53.52,0.0
2025-04-23 11:20:00-0400,53.52,53.52,53.52,53.52,0.0
2025-04-23 11:25:00-0400,53.52,53.52,53.52,53.52,0.0
2025-04-23 11:30:00-0400,53.52,53.52,53.52,53.52,0.0
2025-04-23 11:35:00-0400,53.52,53.53,53.52,53.52,500.0
2025-04-23 11:40:00-0400,53.52,53.52,53.52,53.52,0.0
2025-04-23 11:45:00-0400,53.52,53.52,53.52,53.52,0.0
2025-04-23 11:50:00-0400,53.52,53.58,53.52,53.58,905.0
2025-04-23 11:55:00-0400,53.58,53.58,53.58,53.58,0.0
2025-04-23 12:00:00-0400,53.67,53.67,53.4,53.4,4478.0
2025-04-23 12:05:00-0400,53.4,53.46,53.4,53.4101,2685.0
2025-04-23 12:10:00-0400,53.4101,53.4101,53.4101,53.4101,0.0
2025-04-23 12:15:00-0400,53.4101,53.4101,53.4101,53.4101,0.0
2025-04-23 12:20:00-0400,53.4101,53.4109,53.4101,53.4109,250.0
2025-04-23 12:25:00-0400,53.4109,53.5,53.4109,53.5,370.0
2025-04-23 12:30:00-0400,53.5,53.5,53.5,53.5,100.0
2025-04-23 12:35:00-0400,53.5,53.5,53.5,53.5,0.0
2025-04-23 12:40:00-0400,53.5,53.5,53.5,53.5,0.0
2025-04-23 12:45:00-0400,53.5,53.59,53.5,53.59,200.0
2025-04-23 12:50:00-0400,53.59,53.59,53.55,53.55,100.0
2025-04-23 12:55:00-0400,53.55,53.6,53.55,53.6,193.0
2025-04-23 13:00:00-0400,53.6,53.66,53.57,53.63,6518.0
2025-04-23 13:05:00-0400,53.63,53.63,53.5,53.5,1282.0
2025-04-23 13:10:00-0400,53.5,53.5,53.5,53.5,0.0
2025-04-23 13:15:00-0400,53.5,53.5,53.5,53.5,0.0
2025-04-23 13:20:00-0400,53.5,53.5,53.5,53.5,0.0
2025-04-23 13:25:00-0400,53.5,53.5,53.5,53.5,0.0
2025-04-23 13:30:00-0400,53.5,53.58,53.42,53.45,132900.0
2025-04-23 13:35:00-0400,53.47,53.5,53.405,53.405,134914.0
2025-04-23 13:40:00-0400,53.405,53.55,53.3701,53.415,356740.0
2025-04-23 13:45:00-0400,53.415,53.49,53.405,53.475,73092.0
2025-04-23 13:50:00-0400,53.4756,53.51,53.46,53.46,109023.0
2025-04-23 13:55:00-0400,53.45,53.515,53.42,53.44,194532.0
2025-04-23 14:00:00-0400,53.45,53.55,53.425,53.45,86513.0
2025-04-23 14:05:00-0400,53.445,53.46,53.41,53.43,190995.0
2025-04-23 14:10:00-0400,53.435,53.46,53.42,53.44,135007.0
2025-04-23 14:15:00-0400,53.445,53.46,53.41,53.415,119866.0
2025-04-23 14:20:00-0400,53.415,53.435,53.38,53.435,55023.0
2025-04-23 14:25:00-0400,53.44,53.5,53.4144,53.48,93338.0
2025-04-23 14:30:00-0400,53.49,53.51,53.4316,53.51,36813.0
2025-04-23 14:35:00-0400,53.51,53.51,53.49,53.505,42713.0
2025-04-23 14:40:00-0400,53.5,53.505,53.48,53.49,33114.0
2025-04-23 14:45:00-0400,53.49,53.525,53.4704,53.515,26545.0
2025-04-23 14:50:00-0400,53.52,53.5393,53.49,53.49,33635.0
2025-04-23 14:55:00-0400,53.49,53.505,53.4757,53.49,48031.0
2025-04-23 15:00:00-0400,53.485,53.49,53.405,53.455,108808.0
2025-04-23 15:05:00-0400,53.45,53.505,53.42,53.46,107433.0
2025-04-23 15:10:00-0400,53.45,53.48,53.45,53.47,59731.0
2025-04-23 15:15:00-0400,53.46,53.46,53.425,53.43,75458.0
2025-04-23 15:20:00-0400,53.42,53.4264,53.395,53.4,69475.0
2025-04-23 15:25:00-0400,53.405,53.51,53.33,53.42,201998.0
2025-04-23 15:30:00-0400,53.42,53.42,53.345,53.365,244727.0
2025-04-23 15:35:00-0400,53.36,53.37,53.285,53.33,298232.0
2025-04-23 15:40:00-0400,53.325,53.495,53.28,53.34,136619.0
2025-04-23 15:45:00-0400,53.34,53.4699,53.275,53.3,41318.0
2025-04-23 15:50:00-0400,53.295,53.5199,53.22,53.25,109362.0
2025-04-23 15:55:00-0400,53.25,53.265,53.2137,53.265,56192.0
2025-04-23 16:00:00-0400,53.27,53.2755,53.26,53.2744,42989.0
2025-04-24 09:35:00-0400,53.2744,53.2744,53.2744,53.2744,0.0
2025-04-24 09:40:00-0400,53.2744,53.2744,53.2744,53.2744,0.0
2025-04-24 09:45:00-0400,53.2744,53.2744,53.2744,53.2744,0.0
2025-04-24 09:50:00-0400,53.2744,53.2744,53.2744,53.2744,0.0
2025-04-24 09:55:00-0400,53.2744,53.2744,53.2744,53.2744,0.0
2025-04-24 10:00:00-0400,53.2744,53.2744,53.2744,53.2744,0.0
2025-04-24 10:05:00-0400,53.2744,53.2744,53.2744,53.2744,0.0
2025-04-24 10:10:00-0400,53.2744,53.2744,53.2744,53.2744,0.0
2025-04-24 10:15:00-0400,53.2744,53.2744,53.2744,53.2744,0.0
2025-04-24 10:20:00-0400,53.2744,53.2744,53.2744,53.2744,0.0
2025-04-24 10:25:00-0400,53.2744,53.2744,53.2744,53.2744,0.0
2025-04-24 10:30:00-0400,53.2744,53.2744,53.2744,53.2744,0.0
2025-04-24 10:35:00-0400,53.2744,53.2744,53.2744,53.2744,0.0
2025-04-24 10:40:00-0400,53.2744,53.2744,53.2744,53.2744,0.0
2025-04-24 10:45:00-0400,53.2744,53.2744,53.2744,53.2744,0.0
2025-04-24 10:50:00-0400,53.2744,53.2744,53.2744,53.2744,0.0
2025-04-24 10:55:00-0400,53.2744,53.2744,53.2744,53.2744,0.0
2025-04-24 11:00:00-0400,53.2744,53.2744,53.2744,53.2744,0.0
2025-04-24 11:05:00-0400,53.2744,53.2744,53.2744,53.2744,0.0
2025-04-24 11:10:00-0400,53.2744,53.2744,53.2744,53.2744,0.0
2025-04-24 11:15:00-0400,53.2744,53.2744,53.2744,53.2744,0.0
2025-04-24 11:20:00-0400,53.2744,53.2744,53.2744,53.2744,0.0
2025-04-24 11:25:00-0400,53.2744,53.2744,53.2744,53.2744,0.0
2025-04-24 11:30:00-0400,53.2744,53.2744,53.2744,53.2744,0.0
2025-04-24 11:35:00-0400,53.2744,53.2744,53.2744,53.2744,0.0
2025-04-24 11:40:00-0400,53.2744,53.2744,53.2744,53.2744,0.0
2025-04-24 11:45:00-0400,53.2744,53.2744,53.2744,53.2744,0.0
2025-04-24 11:50:00-0400,53.2744,53.2744,53.2744,53.2744,0.0
2025-04-24 11:55:00-0400,53.2744,53.2744,53.2744,53.2744,0.0
2025-04-24 12:00:00-0400,53.2744,53.2744,53.2744,53.2744,0.0
2025-04-24 12:05:00-0400,53.2744,53.2744,53.2744,53.2744,0.0
2025-04-24 12:10:00-0400,53.2744,53.2744,53.2744,53.2744,0.0
2025-04-24 12:15:00-0400,53.2744,53.2744,53.2744,53.2744,0.0
2025-04-24 12:20:00-0400,53.2744,53.2744,53.2744,53.2744,0.0
2025-04-24 12:25:00-0400,53.2744,53.2744,53.2744,53.2744,0.0
2025-04-24 12:30:00-0400,53.2744,53.2744,53.2744,53.2744,0.0
2025-04-24 12:35:00-0400,53.2744,53.2744,53.2744,53.2744,0.0
2025-04-24 12:40:00-0400,53.2744,53.2744,53.1,53.1,897.0
2025-04-24 12:45:00-0400,53.1,53.1,53.1,53.1,0.0
2025-04-24 12:50:00-0400,53.1,53.1,53.1,53.1,0.0
2025-04-24 12:55:00-0400,53.1,53.19,53.1,53.19,220.0
2025-04-24 13:00:00-0400,53.19,53.24,53.1,53.16,3878.0
2025-04-24 13:05:00-0400,53.16,53.16,53.16,53.16,0.0
2025-04-24 13:10:00-0400,53.16,53.16,53.16,53.16,0.0
2025-04-24 13:15:00-0400,53.16,53.16,53.16,53.16,0.0
2025-04-24 13:20:00-0400,53.16,53.16,53.16,53.16,0.0
2025-04-24 13:25:00-0400,53.16,53.18,53.16,53.18,150.0
2025-04-24 13:30:00-0400,53.18,53.37,53.16,53.34,59108.0
2025-04-24 13:35:00-0400,53.34,53.37,53.34,53.34,65910.0
2025-04-24 13:40:00-0400,53.345,53.38,53.34,53.375,113211.0
2025-04-24 13:45:00-0400,53.375,53.4,53.3645,53.37,45416.0
2025-04-24 13:50:00-0400,53.3799,53.4,53.3799,53.385,29215.0
2025-04-24 13:55:00-0400,53.3801,53.43,53.3801,53.4253,43222.0
2025-04-24 14:00:00-0400,53.425,53.47,53.425,53.4679,28938.0
2025-04-24 14:05:00-0400,53.465,53.5,53.465,53.4999,174504.0
2025-04-24 14:10:00-0400,53.5,53.515,53.485,53.49,42472.0
2025-04-24 14:15:00-0400,53.48,53.4983,53.48,53.48,22485.0
2025-04-24 14:20:00-0400,53.48,53.51,53.47,53.505,31343.0
2025-04-24 14:25:00-0400,53.505,53.5356,53.505,53.535,26296.0
2025-04-24 14:30:00-0400,53.535,53.58,53.535,53.555,57185.0
2025-04-24 14:35:00-0400,53.555,53.58,53.555,53.57,16039.0
2025-04-24 14:40:00-0400,53.565,53.58,53.56,53.5783,22168.0
2025-04-24 14:45:00-0400,53.575,53.575,53.53,53.545,42865.0
2025-04-24 14:50:00-0400,53.54,53.54,53.495,53.52,26562.0
2025-04-24 14:55:00-0400,53.52,53.53,53.5,53.53,23049.0
2025-04-24 15:00:00-0400,53.535,53.54,53.52,53.54,72455.0
2025-04-24 15:05:00-0400,53.535,53.535,53.495,53.5,69771.0
2025-04-24 15:10:00-0400,53.4968,53.52,53.4968,53.515,24803.0
2025-04-24 15:15:00-0400,53.515,53.54,53.515,53.535,22799.0
2025-04-24 15:20:00-0400,53.535,53.54,53.515,53.525,32811.0
2025-04-24 15:25:00-0400,53.525,53.54,53.5226,53.5226,63083.0
2025-04-24 15:30:00-0400,53.525,53.535,53.51,53.51,17499.0
2025-04-24 15:35:00-0400,53.515,53.545,53.515,53.545,14627.0
2025-04-24 15:40:00-0400,53.545,53.5499,53.53,53.54,9687.0
2025-04-24 15:45:00-0400,53.535,53.55,53.53,53.545,24947.0
2025-04-24 15:50:00-0400,53.5417,53.575,53.5417,53.545,18854.0
2025-04-24 15:55:00-0400,53.545,53.5799,53.545,53.575,44339.0
2025-04-24 16:00:00-0400,53.575,53.575,53.545,53.545,33128.0
2025-04-25 09:35:00-0400,53.545,53.545,53.545,53.545,0.0
2025-04-25 09:40:00-0400,53.545,53.545,53.545,53.545,0.0
2025-04-25 09:45:00-0400,53.545,53.545,53.545,53.545,0.0
2025-04-25 09:50:00-0400,53.545,53.545,52.8,52.8,346.0
2025-04-25 09:55:00-0400,52.71,52.71,52.6,52.6,1356.0
2025-04-25 10:00:00-0400,52.6,52.6,52.6,52.6,0.0
2025-04-25 10:05:00-0400,52.6,52.6,52.6,52.6,0.0
2025-04-25 10:10:00-0400,52.6,52.6,52.6,52.6,0.0
2025-04-25 10:15:00-0400,52.6,52.6,52.6,52.6,0.0
2025-04-25 10:20:00-0400,52.6,52.6,52.6,52.6,0.0
2025-04-25 10:25:00-0400,52.6,52.6,52.6,52.6,0.0
2025-04-25 10:30:00-0400,52.6,52.6,52.6,52.6,0.0
2025-04-25 10:35:00-0400,52.6,52.6,52.51,52.51,2820.0
2025-04-25 10:40:00-0400,52.51,52.51,52.45,52.45,975.0
2025-04-25 10:45:00-0400,52.45,52.45,52.39,52.39,910.0
2025-04-25 10:50:00-0400,52.39,52.39,52.39,52.39,0.0
2025-04-25 10:55:00-0400,52.39,52.39,52.39,52.39,0.0
2025-04-25 11:00:00-0400,52.39,52.54,52.39,52.54,286.0
2025-04-25 11:05:00-0400,52.54,52.54,52.54,52.54,0.0
2025-04-25 11:10:00-0400,52.54,52.54,52.54,52.54,0.0
2025-04-25 11:15:00-0400,52.54,52.54,52.54,52.54,0.0
2025-04-25 11:20:00-0400,52.54,52.54,52.54,52.54,0.0
2025-04-25 11:25:00-0400,52.54,52.54,52.54,52.54,0.0
2025-04-25 11:30:00-0400,52.54,52.54,52.54,52.54,0.0
2025-04-25 11:35:00-0400,52.54,52.54,52.54,52.54,0.0
2025-04-25 11:40:00-0400,52.54,52.54,52.54,52.54,0.0
2025-04-25 11:45:00-0400,52.54,52.54,52.54,52.54,0.0
2025-04-25 11:50:00-0400,52.54,52.54,52.54,52.54,0.0
2025-04-25 11:55:00-0400,52.54,52.54,52.54,52.54,0.0
2025-04-25 12:00:00-0400,52.54,53.43,52.42,52.93,28772.0
2025-04-25 12:05:00-0400,52.93,52.93,52.93,52.93,0.0
2025-04-25 12:10:00-0400,52.93,52.93,52.93,52.93,0.0
2025-04-25 12:15:00-0400,52.93,52.93,52.93,52.93,0.0
2025-04-25 12:20:00-0400,52.93,52.93,52.93,52.93,0.0
2025-04-25 12:25:00-0400,52.93,52.93,52.93,52.93,0.0
2025-04-25 12:30:00-0400,52.93,52.93,52.93,52.93,0.0
2025-04-25 12:35:00-0400,52.93,52.93,52.93,52.93,0.0
2025-04-25 12:40:00-0400,52.93,52.93,52.93,52.93,0.0
2025-04-25 12:45:00-0400,52.93,52.93,52.93,52.93,0.0
2025-04-25 12:50:00-0400,52.64,52.64,52.64,52.64,202.0
2025-04-25 12:55:00-0400,52.64,52.64,52.64,52.64,0.0
2025-04-25 13:00:00-0400,52.64,52.64,52.5076,52.6,610.0
2025-04-25 13:05:00-0400,52.6,52.6,52.55,52.55,302.0
2025-04-25 13:10:00-0400,52.55,52.59,52.55,52.5603,1650.0
2025-04-25 13:15:00-0400,52.5603,52.6,52.5603,52.6,100.0
2025-04-25 13:20:00-0400,52.6,52.6,52.6,52.6,0.0
2025-04-25 13:25:00-0400,52.6,52.6,52.6,52.6,0.0
2025-04-25 13:30:00-0400,52.6,52.6968,52.6,52.64,140762.0
2025-04-25 13:35:00-0400,52.645,52.67,52.625,52.6569,448919.0
2025-04-25 13:40:00-0400,52.65,52.7097,52.645,52.695,198749.0
2025-04-25 13:45:00-0400,52.69,52.7,52.655,52.68,191516.0
2025-04-25 13:50:00-0400,52.675,52.69,52.65,52.69,150193.0
2025-04-25 13:55:00-0400,52.69,52.7,52.655,52.695,101875.0
2025-04-25 14:00:00-0400,52.695,52.725,52.67,52.7145,98022.0
2025-04-25 14:05:00-0400,52.72,52.7299,52.68,52.705,167404.0
2025-04-25 14:10:00-0400,52.705,52.7399,52.7,52.72,58931.0
2025-04-25 14:15:00-0400,52.72,52.75,52.705,52.71,83073.0
2025-04-25 14:20:00-0400,52.7004,52.708,52.65,52.68,42309.0
2025-04-25 14:25:00-0400,52.68,52.6859,52.61,52.645,35176.0
2025-04-25 14:30:00-0400,52.64,52.685,52.625,52.685,62024.0
2025-04-25 14:35:00-0400,52.68,52.71,52.665,52.7,32356.0
2025-04-25 14:40:00-0400,52.71,52.805,52.7,52.805,237748.0
2025-04-25 14:45:00-0400,52.81,52.81,52.77,52.775,76034.0
2025-04-25 14:50:00-0400,52.775,52.78,52.75,52.775,87883.0
2025-04-25 14:55:00-0400,52.775,52.81,52.7699,52.795,44810.0
2025-04-25 15:00:00-0400,52.795,52.8,52.77,52.7707,51212.0
2025-04-25 15:05:00-0400,52.775,52.8,52.77,52.79,106700.0
2025-04-25 15:10:00-0400,52.7905,52.8,52.785,52.8,44922.0
2025-04-25 15:15:00-0400,52.805,52.8151,52.795,52.805,49121.0
2025-04-25 15:20:00-0400,52.8055,52.81,52.775,52.81,66311.0
2025-04-25 15:25:00-0400,52.8,52.817468,52.79,52.79,42213.0
2025-04-25 15:30:00-0400,52.795,52.795,52.755,52.775,82811.0
2025-04-25 15:35:00-0400,52.775,52.79,52.77,52.785,60864.0
2025-04-25 15:40:00-0400,52.78,52.78,52.75,52.77,43268.0
2025-04-25 15:45:00-0400,52.775,52.785,52.75,52.76,30013.0
2025-04-25 15:50:00-0400,52.76,52.77,52.755,52.77,57455.0
2025-04-25 15:55:00-0400,52.765,52.795,52.76,52.785,276719.0
2025-04-25 16:00:00-0400,52.795,52.8086,52.785,52.805,47819.0
2025-04-28 09:35:00-0400,52.805,52.805,52.805,52.805,0.0
2025-04-28 09:40:00-0400,52.805,52.805,52.805,52.805,0.0
2025-04-28 09:45:00-0400,52.805,52.805,52.805,52.805,0.0
2025-04-28 09:50:00-0400,52.805,52.805,52.805,52.805,0.0
2025-04-28 09:55:00-0400,52.805,52.805,52.805,52.805,0.0
2025-04-28 10:00:00-0400,52.805,52.805,52.805,52.805,0.0
2025-04-28 10:05:00-0400,52.805,52.805,52.805,52.805,0.0
2025-04-28 10:10:00-0400,52.805,53.67,52.805,53.67,400.0
2025-04-28 10:15:00-0400,53.67,53.67,53.67,53.67,0.0
2025-04-28 10:20:00-0400,53.67,53.67,53.67,53.67,0.0
2025-04-28 10:25:00-0400,53.67,53.67,53.67,53.67,0.0
2025-04-28 10:30:00-0400,53.67,53.67,53.67,53.67,0.0
2025-04-28 10:35:00-0400,53.67,53.67,53.67,53.67,0.0
2025-04-28 10:40:00-0400,53.67,53.67,53.67,53.67,0.0
2025-04-28 10:45:00-0400,53.67,53.67,53.67,53.67,0.0
2025-04-28 10:50:00-0400,53.67,53.67,53.67,53.67,0.0
2025-04-28 10:55:00-0400,53.67,53.67,53.67,53.67,0.0
2025-04-28 11:00:00-0400,53.67,53.67,53.67,53.67,0.0
2025-04-28 11:05:00-0400,53.67,53.67,53.67,53.67,0.0
2025-04-28 11:10:00-0400,53.67,53.67,53.67,53.67,0.0
2025-04-28 11:15:00-0400,53.67,53.67,53.67,53.67,0.0
2025-04-28 11:20:00-0400,53.67,53.67,53.67,53.67,0.0
2025-04-28 11:25:00-0400,53.67,53.67,53.67,53.67,0.0
2025-04-28 11:30:00-0400,53.67,53.67,53.67,53.67,0.0
2025-04-28 11:35:00-0400,53.67,53.67,53.67,53.67,0.0
2025-04-28 11:40:00-0400,53.67,53.67,53.67,53.67,0.0
2025-04-28 11:45:00-0400,53.67,53.67,53.67,53.67,0.0
2025-04-28 11:50:00-0400,53.67,53.67,53.67,53.67,0.0
2025-04-28 11:55:00-0400,53.51,53.51,53.5,53.5,1726.0
2025-04-28 12:00:00-0400,53.5,53.5493,53.5,53.5493,366.0
2025-04-28 12:05:00-0400,53.5493,53.5493,53.5493,53.5493,0.0
2025-04-28 12:10:00-0400,53.5493,53.5493,53.5493,53.5493,0.0
2025-04-28 12:15:00-0400,53.5493,53.6199,53.5493,53.58,500.0
2025-04-28 12:20:00-0400,53.55,53.55,53.55,53.55,250.0
2025-04-28 12:25:00-0400,53.55,53.55,53.55,53.55,0.0
2025-04-28 12:30:00-0400,53.55,53.55,53.55,53.55,200.0
2025-04-28 12:35:00-0400,53.55,53.55,53.55,53.55,0.0
2025-04-28 12:40:00-0400,53.55,53.55,53.5399,53.5399,500.0
2025-04-28 12:45:00-0400,53.5399,53.5399,53.5399,53.5399,0.0
2025-04-28 12:50:00-0400,53.5399,53.5399,53.5399,53.5399,0.0
2025-04-28 12:55:00-0400,53.5399,53.5399,53.5399,53.5399,0.0
2025-04-28 13:00:00-0400,53.5399,53.56,53.5399,53.54,900.0
2025-04-28 13:05:00-0400,53.54,53.55,53.54,53.55,118.0
2025-04-28 13:10:00-0400,53.56,53.56,53.56,53.56,2000.0
2025-04-28 13:15:00-0400,53.56,53.56,53.52,53.52,2306.0
2025-04-28 13:20:00-0400,53.52,53.57,53.52,53.57,600.0
2025-04-28 13:25:00-0400,53.57,53.57,53.57,53.57,0.0
2025-04-28 13:30:00-0400,53.57,53.62,53.5,53.54,290485.0
2025-04-28 13:35:00-0400,53.53,53.6,53.35,53.3691,541441.0
2025-04-28 13:40:00-0400,53.37,53.38,53.2929,53.295,114666.0
2025-04-28 13:45:00-0400,53.3,53.35,53.3,53.3253,86378.0
2025-04-28 13:50:00-0400,53.325,53.34,53.24,53.24,72533.0
2025-04-28 13:55:00-0400,53.24,53.2436,53.19,53.1953,45853.0
2025-04-28 14:00:00-0400,53.2,53.2,53.15,53.15,84714.0
2025-04-28 14:05:00-0400,53.155,53.23,53.15,53.21,352419.0
2025-04-28 14:10:00-0400,53.215,53.24,53.19,53.225,68556.0
2025-04-28 14:15:00-0400,53.225,53.23,53.2,53.23,52778.0
2025-04-28 14:20:00-0400,53.235,53.26,53.22,53.225,115554.0
2025-04-28 14:25:00-0400,53.235,53.24,53.19,53.22,136533.0
2025-04-28 14:30:00-0400,53.23,53.235,53.17,53.185,56161.0
2025-04-28 14:35:00-0400,53.18,53.18,53.145,53.17,39544.0
2025-04-28 14:40:00-0400,53.175,53.2,53.175,53.18,58287.0
2025-04-28 14:45:00-0400,53.185,53.245,53.155,53.235,55116.0
2025-04-28 14:50:00-0400,53.24,53.245,53.2,53.2,57444.0
2025-04-28 14:55:00-0400,53.2,53.25,53.19,53.235,68717.0
2025-04-28 15:00:00-0400,53.235,53.26,53.22,53.26,50503.0
2025-04-28 15:05:00-0400,53.259,53.275,53.25,53.27,24451.0
2025-04-28 15:10:00-0400,53.2699,53.27,53.19,53.19,40072.0
2025-04-28 15:15:00-0400,53.195,53.245,53.195,53.215,25836.0
2025-04-28 15:20:00-0400,53.21,53.245,53.21,53.2399,17810.0
2025-04-28 15:25:00-0400,53.245,53.25,53.215,53.215,50162.0
2025-04-28 15:30:00-0400,53.22,53.24,53.22,53.235,25369.0
2025-04-28 15:35:00-0400,53.235,53.24,53.215,53.225,78568.0
2025-04-28 15:40:00-0400,53.23,53.265,53.23,53.265,38083.0
2025-04-28 15:45:00-0400,53.265,53.28,53.26,53.265,30074.0
2025-04-28 15:50:00-0400,53.265,53.28,53.25,53.265,241169.0
2025-04-28 15:55:00-0400,53.265,53.285,53.25,53.265,83584.0
2025-04-28 16:00:00-0400,53.26,53.26,53.24,53.25,7931.0
2025-04-29 09:35:00-0400,53.25,53.25,53.25,53.25,0.0
2025-04-29 09:40:00-0400,53.25,53.25,53.25,53.25,0.0
2025-04-29 09:45:00-0400,53.25,53.25,53.25,53.25,0.0
2025-04-29 09:50:00-0400,53.25,53.25,53.25,53.25,0.0
2025-04-29 09:55:00-0400,53.25,53.25,53.25,53.25,0.0
2025-04-29 10:00:00-0400,53.25,53.25,53.25,53.25,0.0
2025-04-29 10:05:00-0400,53.25,53.25,53.25,53.25,0.0
2025-04-29 10:10:00-0400,53.25,53.25,53.25,53.25,0.0
2025-04-29 10:15:00-0400,53.25,53.25,53.25,53.25,0.0
2025-04-29 10:20:00-0400,53.25,53.25,53.25,53.25,0.0
2025-04-29 10:25:00-0400,53.25,53.25,53.25,53.25,0.0
2025-04-29 10:30:00-0400,53.25,53.25,53.25,53.25,0.0
2025-04-29 10:35:00-0400,53.25,53.25,53.25,53.25,0.0
2025-04-29 10:40:00-0400,53.25,53.25,53.25,53.25,0.0
2025-04-29 10:45:00-0400,53.25,53.25,53.25,53.25,0.0
2025-04-29 10:50:00-0400,53.25,53.25,53.25,53.25,0.0
2025-04-29 10:55:00-0400,53.25,53.25,53.25,53.25,0.0
2025-04-29 11:00:00-0400,53.25,53.25,53.25,53.25,0.0
2025-04-29 11:05:00-0400,53.25,53.25,53.25,53.25,0.0
2025-04-29 11:10:00-0400,53.25,53.25,53.25,53.25,0.0
2025-04-29 11:15:00-0400,53.25,53.25,53.25,53.25,0.0
2025-04-29 11:20:00-0400,53.25,53.25,53.25,53.25,0.0
2025-04-29 11:25:00-0400,53.25,53.25,53.25,53.25,0.0
2025-04-29 11:30:00-0400,53.25,53.25,53.25,53.25,0.0
2025-04-29 11:35:00-0400,53.25,53.25,53.25,53.25,0.0
2025-04-29 11:40:00-0400,53.25,53.25,53.25,53.25,0.0
2025-04-29 11:45:00-0400,53.25,53.25,53.25,53.25,0.0
2025-04-29 11:50:00-0400,53.25,53.25,53.25,53.25,0.0
2025-04-29 11:55:00-0400,53.25,53.25,53.25,53.25,0.0
2025-04-29 12:00:00-0400,53.25,53.25,53.25,53.25,0.0
2025-04-29 12:05:00-0400,53.25,53.25,53.25,53.25,0.0
2025-04-29 12:10:00-0400,53.44,53.44,53.32,53.32,2400.0
2025-04-29 12:15:00-0400,53.32,53.45,53.32,53.45,100.0
2025-04-29 12:20:00-0400,53.45,53.45,53.36,53.36,118.0
2025-04-29 12:25:00-0400,53.36,53.36,53.36,53.36,0.0
2025-04-29 12:30:00-0400,53.36,53.36,53.36,53.36,0.0
2025-04-29 12:35:00-0400,53.36,53.36,53.36,53.36,0.0
2025-04-29 12:40:00-0400,53.36,53.44,53.36,53.44,324.0
2025-04-29 12:45:00-0400,53.44,53.44,53.44,53.44,0.0
2025-04-29 12:50:00-0400,53.44,53.45,53.44,53.45,200.0
2025-04-29 12:55:00-0400,53.45,53.45,53.42,53.4497,646.0
2025-04-29 13:00:00-0400,53.45,53.45,53.4,53.4,1406.0
2025-04-29 13:05:00-0400,53.4,53.4,53.4,53.4,0.0
2025-04-29 13:10:00-0400,53.39,53.39,53.36,53.39,1800.0
2025-04-29 13:15:00-0400,53.39,53.39,53.31,53.31,777.0
2025-04-29 13:20:00-0400,53.31,53.31,53.31,53.31,0.0
2025-04-29 13:25:00-0400,53.31,53.31,53.31,53.31,0.0
2025-04-29 13:30:00-0400,53.31,53.4,53.27,53.34,113362.0
2025-04-29 13:35:00-0400,53.35,53.375,53.35,53.36,92720.0
2025-04-29 13:40:00-0400,53.37,53.385,53.33,53.38,135001.0
2025-04-29 13:45:00-0400,53.375,53.4,53.35,53.35,142828.0
2025-04-29 13:50:00-0400,53.355,53.365,53.33,53.35,124838.0
2025-04-29 13:55:00-0400,53.35,53.365,53.32,53.36,80551.0
2025-04-29 14:00:00-0400,53.355,53.365,53.33,53.34,81429.0
2025-04-29 14:05:00-0400,53.345,53.41,53.34,53.4,79300.0
2025-04-29 14:10:00-0400,53.4,53.415,53.395,53.4,41399.0
2025-04-29 14:15:00-0400,53.405,53.43,53.4,53.425,47760.0
2025-04-29 14:20:00-0400,53.42,53.43,53.39,53.395,122874.0
2025-04-29 14:25:00-0400,53.3973,53.3973,53.375,53.38,74971.0
2025-04-29 14:30:00-0400,53.385,53.405,53.38,53.395,44303.0
2025-04-29 14:35:00-0400,53.39,53.4,53.385,53.4,25378.0
2025-04-29 14:40:00-0400,53.41,53.43,53.405,53.415,29921.0
2025-04-29 14:45:00-0400,53.415,53.415,53.4,53.41,27722.0
2025-04-29 14:50:00-0400,53.41,53.415,53.4044,53.41,37286.0
2025-04-29 14:55:00-0400,53.41,53.42,53.4,53.42,23532.0
2025-04-29 15:00:00-0400,53.42,53.43,53.4117,53.43,53294.0
2025-04-29 15:05:00-0400,53.4242,53.4269,53.41,53.411,37476.0
2025-04-29 15:10:00-0400,53.425,53.435,53.42,53.435,19040.0
2025-04-29 15:15:00-0400,53.4323,53.4323,53.4146,53.425,16092.0
2025-04-29 15:20:00-0400,53.42,53.43,53.4,53.41,28670.0
2025-04-29 15:25:00-0400,53.415,53.42,53.395,53.415,48452.0
2025-04-29 15:30:00-0400,53.415,53.445,53.4109,53.445,79910.0
2025-04-29 15:35:00-0400,53.44,53.44,53.415,53.415,20171.0
2025-04-29 15:40:00-0400,53.42,53.4473,53.4147,53.445,28031.0
2025-04-29 15:45:00-0400,53.4469,53.47,53.445,53.445,40500.0
2025-04-29 15:50:00-0400,53.44,53.445,53.42,53.42,34856.0
2025-04-29 15:55:00-0400,53.425,53.435,53.4,53.415,36523.0
2025-04-29 16:00:00-0400,53.41,53.4199,53.4,53.405,19005.0
2025-04-30 09:35:00-0400,53.405,53.405,53.405,53.405,0.0
2025-04-30 09:40:00-0400,53.405,53.405,53.405,53.405,0.0
2025-04-30 09:45:00-0400,53.59,53.66,53.59,53.66,1213.0
2025-04-30 09:50:00-0400,53.66,53.66,53.66,53.66,0.0
2025-04-30 09:55:00-0400,53.66,53.66,53.66,53.66,0.0
2025-04-30 10:00:00-0400,53.66,53.66,53.66,53.66,0.0
2025-04-30 10:05:00-0400,53.66,53.66,53.66,53.66,0.0
2025-04-30 10:10:00-0400,53.66,53.66,53.66,53.66,0.0
2025-04-30 10:15:00-0400,53.66,53.66,53.66,53.66,0.0
2025-04-30 10:20:00-0400,53.66,53.66,53.66,53.66,0.0
2025-04-30 10:25:00-0400,53.64,53.66,53.63,53.66,1850.0
2025-04-30 10:30:00-0400,53.66,53.66,53.6,53.6,236.0
2025-04-30 10:35:00-0400,53.6,53.6,53.6,53.6,0.0
2025-04-30 10:40:00-0400,53.6,53.6,53.6,53.6,0.0
2025-04-30 10:45:00-0400,53.6,53.6,53.59,53.59,150.0
2025-04-30 10:50:00-0400,53.59,53.59,53.59,53.59,0.0
2025-04-30 10:55:00-0400,53.59,53.59,53.59,53.59,0.0
2025-04-30 11:00:00-0400,53.59,53.59,53.59,53.59,0.0
2025-04-30 11:05:00-0400,53.59,53.66,53.59,53.66,1500.0
2025-04-30 11:10:00-0400,53.66,53.66,53.66,53.66,0.0
2025-04-30 11:15:00-0400,53.66,53.66,53.66,53.66,0.0
2025-04-30 11:20:00-0400,53.66,53.66,53.66,53.66,0.0
2025-04-30 11:25:00-0400,53.66,53.66,53.66,53.66,0.0
2025-04-30 11:30:00-0400,53.66,53.66,53.66,53.66,0.0
2025-04-30 11:35:00-0400,53.66,53.66,53.66,53.66,0.0
2025-04-30 11:40:00-0400,53.66,53.66,53.66,53.66,0.0
2025-04-30 11:45:00-0400,53.66,53.66,53.66,53.66,0.0
2025-04-30 11:50:00-0400,53.66,53.66,53.66,53.66,0.0
2025-04-30 11:55:00-0400,53.66,53.66,53.66,53.66,0.0
2025-04-30 12:00:00-0400,53.66,53.67,53.64,53.67,1278.0
2025-04-30 12:05:00-0400,53.59,53.6,53.59,53.6,484.0
2025-04-30 12:10:00-0400,53.61,53.65,53.56,53.56,388.0
2025-04-30 12:15:00-0400,53.56,53.59,53.56,53.59,200.0
2025-04-30 12:20:00-0400,53.59,53.59,53.59,53.59,0.0
2025-04-30 12:25:00-0400,53.59,53.59,53.59,53.59,0.0
2025-04-30 12:30:00-0400,53.58,53.58,53.45,53.49,3472.0
2025-04-30 12:35:00-0400,53.49,53.49,53.49,53.49,0.0
2025-04-30 12:40:00-0400,53.49,53.49,53.49,53.49,0.0
2025-04-30 12:45:00-0400,53.49,53.54,53.46,53.54,308.0
2025-04-30 12:50:00-0400,53.54,53.54,53.43,53.43,1942.0
2025-04-30 12:55:00-0400,53.43,53.43,53.4,53.4,1348.0
2025-04-30 13:00:00-0400,53.4,53.4,53.4,53.4,0.0
2025-04-30 13:05:00-0400,53.4,53.4,53.39,53.39,1766.0
2025-04-30 13:10:00-0400,53.37,53.37,53.31,53.34,12891.0
2025-04-30 13:15:00-0400,53.31,53.31,53.31,53.31,426.0
2025-04-30 13:20:00-0400,53.31,53.34,53.31,53.34,100.0
2025-04-30 13:25:00-0400,53.34,53.36,53.34,53.36,1920.0
2025-04-30 13:30:00-0400,53.36,53.465,53.36,53.455,103232.0
2025-04-30 13:35:00-0400,53.445,53.52,53.445,53.49,87885.0
2025-04-30 13:40:00-0400,53.485,53.49,53.415,53.42,167592.0
2025-04-30 13:45:00-0400,53.42,53.425,53.38,53.395,54534.0
2025-04-30 13:50:00-0400,53.395,53.425,53.3812,53.415,98316.0
2025-04-30 13:55:00-0400,53.415,53.415,53.35,53.36,81557.0
2025-04-30 14:00:00-0400,53.35,53.375,53.33,53.365,79921.0
2025-04-30 14:05:00-0400,53.365,53.38,53.335,53.345,80408.0
2025-04-30 14:10:00-0400,53.345,53.355,53.295,53.34,97849.0
2025-04-30 14:15:00-0400,53.345,53.37,53.32,53.325,113012.0
2025-04-30 14:20:00-0400,53.325,53.345,53.31,53.345,55908.0
2025-04-30 14:25:00-0400,53.35,53.385,53.34,53.385,86561.0
2025-04-30 14:30:00-0400,53.385,53.3898,53.36,53.38,67082.0
2025-04-30 14:35:00-0400,53.39,53.39,53.335,53.34,273293.0
2025-04-30 14:40:00-0400,53.34,53.34,53.31,53.3147,176865.0
2025-04-30 14:45:00-0400,53.315,53.33,53.285,53.305,222985.0
2025-04-30 14:50:00-0400,53.3,53.325,53.295,53.305,69017.0
2025-04-30 14:55:00-0400,53.305,53.35,53.305,53.335,85051.0
2025-04-30 15:00:00-0400,53.33,53.38,53.315,53.38,97589.0
2025-04-30 15:05:00-0400,53.382,53.385,53.34,53.345,144832.0
2025-04-30 15:10:00-0400,53.345,53.38,53.345,53.37,24799.0
2025-04-30 15:15:00-0400,53.37,53.386,53.365,53.385,27425.0
2025-04-30 15:20:00-0400,53.385,53.395,53.37,53.3788,59991.0
2025-04-30 15:25:00-0400,53.375,53.4,53.375,53.375,37883.0
2025-04-30 15:30:00-0400,53.38,53.42,53.37,53.37,291581.0
2025-04-30 15:35:00-0400,53.37,53.3799,53.34,53.3502,105149.0
2025-04-30 15:40:00-0400,53.36,53.36,53.3217,53.34,38669.0
2025-04-30 15:45:00-0400,53.33,53.35,53.32,53.344,63434.0
2025-04-30 15:50:00-0400,53.34,53.345,53.315,53.345,68733.0
2025-04-30 15:55:00-0400,53.345,53.345,53.32,53.3336,77539.0
2025-04-30 16:00:00-0400,53.34,53.37,53.34,53.369,25079.0
2025-05-01 09:35:00-0400,53.369,53.369,53.369,53.369,0.0
2025-05-01 09:40:00-0400,53.369,53.79,53.369,53.79,100.0
2025-05-01 09:45:00-0400,53.79,53.79,53.79,53.79,0.0
2025-05-01 09:50:00-0400,53.79,53.79,53.79,53.79,0.0
2025-05-01 09:55:00-0400,53.79,53.79,53.79,53.79,100.0
2025-05-01 10:00:00-0400,53.79,53.79,53.79,53.79,0.0
2025-05-01 10:05:00-0400,53.79,53.79,53.78,53.78,100.0
2025-05-01 10:10:00-0400,53.78,53.79,53.78,53.79,305.0
2025-05-01 10:15:00-0400,53.79,53.79,53.79,53.79,0.0
2025-05-01 10:20:00-0400,53.79,53.79,53.79,53.79,0.0
2025-05-01 10:25:00-0400,53.79,53.8,53.75,53.75,679.0
2025-05-01 10:30:00-0400,53.75,53.75,53.75,53.75,0.0
2025-05-01 10:35:00-0400,53.75,53.75,53.75,53.75,0.0
2025-05-01 10:40:00-0400,53.75,53.75,53.75,53.75,0.0
2025-05-01 10:45:00-0400,53.75,53.75,53.75,53.75,0.0
2025-05-01 10:50:00-0400,53.75,53.75,53.75,53.75,0.0
2025-05-01 10:55:00-0400,53.75,53.75,53.75,53.75,0.0
2025-05-01 11:00:00-0400,53.75,53.83,53.75,53.81,1064.0
2025-05-01 11:05:00-0400,53.81,53.81,53.81,53.81,0.0
2025-05-01 11:10:00-0400,53.81,53.81,53.8,53.8,600.0
2025-05-01 11:15:00-0400,53.8,53.8,53.8,53.8,0.0
2025-05-01 11:20:00-0400,53.78,53.78,53.77,53.77,1250.0
2025-05-01 11:25:00-0400,53.77,53.8,53.77,53.8,150.0
2025-05-01 11:30:00-0400,53.8,53.8,53.75,53.75,646.0
2025-05-01 11:35:00-0400,53.75,53.75,53.75,53.75,0.0
2025-05-01 11:40:00-0400,53.75,53.75,53.75,53.75,0.0
2025-05-01 11:45:00-0400,53.75,53.75,53.75,53.75,0.0
2025-05-01 11:50:00-0400,53.75,53.75,53.75,53.75,0.0
2025-05-01 11:55:00-0400,53.75,53.81,53.75,53.81,1600.0
2025-05-01 12:00:00-0400,53.77,53.87,53.43,53.74,1906.0
2025-05-01 12:05:00-0400,53.74,53.74,53.74,53.74,0.0
2025-05-01 12:10:00-0400,53.78,53.79,53.78,53.79,1005.0
2025-05-01 12:15:00-0400,53.79,53.83,53.73,53.83,779.0
2025-05-01 12:20:00-0400,53.8,53.8,53.8,53.8,4000.0
2025-05-01 12:25:00-0400,53.8,53.8,53.7,53.7,541.0
2025-05-01 12:30:00-0400,53.7,53.7,53.7,53.7,0.0
2025-05-01 12:35:00-0400,53.7,53.73,53.7,53.73,187.0
2025-05-01 12:40:00-0400,53.73,53.73,53.73,53.73,0.0
2025-05-01 12:45:00-0400,53.73,53.73,53.73,53.73,0.0
2025-05-01 12:50:00-0400,53.73,53.73,53.73,53.73,107.0
2025-05-01 12:55:00-0400,53.73,53.73,53.66,53.67,388.0
2025-05-01 13:00:00-0400,53.67,53.73,53.67,53.73,463.0
2025-05-01 13:05:00-0400,53.73,53.73,53.7183,53.7183,204.0
2025-05-01 13:10:00-0400,53.7183,53.72,53.67,53.67,2171.0
2025-05-01 13:15:00-0400,53.67,53.73,53.67,53.7,200.0
2025-05-01 13:20:00-0400,53.7,53.7,53.7,53.7,0.0
2025-05-01 13:25:00-0400,53.7,53.7,53.67,53.7,1351.0
2025-05-01 13:30:00-0400,53.67,53.67,53.57,53.58,119554.0
2025-05-01 13:35:00-0400,53.575,53.61,53.545,53.61,63740.0
2025-05-01 13:40:00-0400,53.6,53.645,53.6,53.63,56547.0
2025-05-01 13:45:00-0400,53.62,53.64,53.6107,53.62,43550.0
2025-05-01 13:50:00-0400,53.625,53.64,53.62,53.625,30507.0
2025-05-01 13:55:00-0400,53.625,53.63,53.58,53.585,49041.0
2025-05-01 14:00:00-0400,53.58,53.59,53.53,53.5445,41931.0
2025-05-01 14:05:00-0400,53.55,53.58,53.525,53.58,39911.0
2025-05-01 14:10:00-0400,53.58,53.59,53.535,53.545,26049.0
2025-05-01 14:15:00-0400,53.54,53.58,53.535,53.58,29319.0
2025-05-01 14:20:00-0400,53.58,53.58,53.5638,53.58,19625.0
2025-05-01 14:25:00-0400,53.58,53.605,53.575,53.605,12569.0
2025-05-01 14:30:00-0400,53.605,53.63,53.605,53.62,18109.0
2025-05-01 14:35:00-0400,53.615,53.615,53.5739,53.59,10256.0
2025-05-01 14:40:00-0400,53.585,53.625,53.5835,53.625,24608.0
2025-05-01 14:45:00-0400,53.625,53.63,53.615,53.615,13867.0
2025-05-01 14:50:00-0400,53.6193,53.62,53.605,53.6099,24852.0
2025-05-01 14:55:00-0400,53.6093,53.6093,53.58,53.6,23296.0
2025-05-01 15:00:00-0400,53.595,53.635,53.595,53.635,85800.0
2025-05-01 15:05:00-0400,53.635,53.64,53.615,53.635,69772.0
2025-05-01 15:10:00-0400,53.635,53.645,53.63,53.6397,46773.0
2025-05-01 15:15:00-0400,53.64,53.68,53.64,53.665,118314.0
2025-05-01 15:20:00-0400,53.665,53.68,53.64,53.64,29817.0
2025-05-01 15:25:00-0400,53.645,53.665,53.64,53.655,35751.0
2025-05-01 15:30:00-0400,53.655,53.665,53.625,53.63,27174.0
2025-05-01 15:35:00-0400,53.63,53.6363,53.61,53.62,37408.0
2025-05-01 15:40:00-0400,53.625,53.63,53.6,53.6,17909.0
2025-05-01 15:45:00-0400,53.605,53.6053,53.56,53.575,15154.0
2025-05-01 15:50:00-0400,53.575,53.58,53.56,53.57,10309.0
2025-05-01 15:55:00-0400,53.57,53.57,53.54,53.54,12946.0
2025-05-01 16:00:00-0400,53.53,53.54,53.515,53.535,19643.0
2025-05-02 09:35:00-0400,53.535,53.535,53.535,53.535,0.0
2025-05-02 09:40:00-0400,53.535,53.535,53.535,53.535,0.0
2025-05-02 09:45:00-0400,53.535,53.535,53.535,53.535,0.0
2025-05-02 09:50:00-0400,53.535,53.535,53.535,53.535,0.0
2025-05-02 09:55:00-0400,53.535,53.86,53.535,53.83,454.0
2025-05-02 10:00:00-0400,53.83,53.83,53.7,53.72,6872.0
2025-05-02 10:05:00-0400,53.72,53.72,53.72,53.72,0.0
2025-05-02 10:10:00-0400,53.72,53.72,53.72,53.72,0.0
2025-05-02 10:15:00-0400,53.72,53.72,53.71,53.71,140.0
2025-05-02 10:20:00-0400,53.71,53.71,53.71,53.71,0.0
2025-05-02 10:25:00-0400,53.71,53.8,53.71,53.8,100.0
2025-05-02 10:30:00-0400,53.8,53.8,53.8,53.8,0.0
2025-05-02 10:35:00-0400,53.8,53.8,53.8,53.8,0.0
2025-05-02 10:40:00-0400,53.8,53.8,53.8,53.8,0.0
2025-05-02 10:45:00-0400,53.8,53.8,53.8,53.8,0.0
2025-05-02 10:50:00-0400,53.8,53.8,53.8,53.8,0.0
2025-05-02 10:55:00-0400,53.8,53.8,53.8,53.8,0.0
2025-05-02 11:00:00-0400,53.8,53.8,53.72,53.72,1175.0
2025-05-02 11:05:00-0400,53.72,53.72,53.72,53.72,0.0
2025-05-02 11:10:00-0400,53.72,53.72,53.72,53.72,0.0
2025-05-02 11:15:00-0400,53.72,53.72,53.72,53.72,0.0
2025-05-02 11:20:00-0400,53.72,53.72,53.72,53.72,0.0
2025-05-02 11:25:00-0400,53.72,53.72,53.72,53.72,0.0
2025-05-02 11:30:00-0400,53.74,53.74,53.74,53.74,250.0
2025-05-02 11:35:00-0400,53.74,53.74,53.74,53.74,0.0
2025-05-02 11:40:00-0400,53.74,53.74,53.74,53.74,0.0
2025-05-02 11:45:00-0400,53.74,53.74,53.74,53.74,0.0
2025-05-02 11:50:00-0400,53.74,53.77,53.74,53.77,500.0
2025-05-02 11:55:00-0400,53.77,53.77,53.77,53.77,0.0
2025-05-02 12:00:00-0400,53.77,54.38,53.66,53.76,3554.0
2025-05-02 12:05:00-0400,53.76,53.81,53.76,53.81,200.0
2025-05-02 12:10:00-0400,53.81,53.81,53.81,53.81,0.0
2025-05-02 12:15:00-0400,53.81,53.81,53.81,53.81,0.0
2025-05-02 12:20:00-0400,53.83,53.83,53.83,53.83,100.0
2025-05-02 12:25:00-0400,53.83,53.87,53.83,53.87,105.0
2025-05-02 12:30:00-0400,53.87,53.87,53.82,53.87,200.0
2025-05-02 12:35:00-0400,53.87,53.87,53.87,53.87,0.0
2025-05-02 12:40:00-0400,53.87,54.0,53.87,54.0,1172.0
2025-05-02 12:45:00-0400,54.0,54.0,53.9999,54.0,623.0
2025-05-02 12:50:00-0400,54.0,54.0,53.98,53.98,2350.0
2025-05-02 12:55:00-0400,53.98,54.0,53.98,54.0,400.0
2025-05-02 13:00:00-0400,54.0,54.0,53.9995,54.0,729.0
2025-05-02 13:05:00-0400,54.0,54.0892,54.0,54.0892,458.0
2025-05-02 13:10:00-0400,54.0892,54.0892,54.05,54.05,105.0
2025-05-02 13:15:00-0400,54.05,54.05,54.05,54.05,100.0
2025-05-02 13:20:00-0400,54.05,54.07,53.9,54.07,748.0
2025-05-02 13:25:00-0400,54.07,54.07,54.07,54.07,200.0
2025-05-02 13:30:00-0400,54.07,54.07,54.01,54.06,57999.0
2025-05-02 13:35:00-0400,54.06,54.09,54.03,54.08,69306.0
2025-05-02 13:40:00-0400,54.09,54.12,54.07,54.115,49312.0
2025-05-02 13:45:00-0400,54.115,54.115,54.04,54.06,32091.0
2025-05-02 13:50:00-0400,54.0591,54.06,54.01,54.02,66674.0
2025-05-02 13:55:00-0400,54.02,54.026,53.95,53.955,67495.0
2025-05-02 14:00:00-0400,53.955,53.96,53.92,53.945,72435.0
2025-05-02 14:05:00-0400,53.94,53.955,53.92,53.925,62973.0
2025-05-02 14:10:00-0400,53.92,53.94,53.9,53.9381,112600.0
2025-05-02 14:15:00-0400,53.93,53.95,53.93,53.945,21247.0
2025-05-02 14:20:00-0400,53.95,53.96,53.925,53.93,135716.0
2025-05-02 14:25:00-0400,53.92,53.94,53.91,53.935,98234.0
2025-05-02 14:30:00-0400,53.9399,53.9399,53.9,53.9007,194272.0
2025-05-02 14:35:00-0400,53.905,53.905,53.867497,53.885,96440.0
2025-05-02 14:40:00-0400,53.89,53.92,53.8801,53.9,76973.0
2025-05-02 14:45:00-0400,53.9,53.9,53.86,53.86,30544.0
2025-05-02 14:50:00-0400,53.854,53.8799,53.85,53.875,41858.0
2025-05-02 14:55:00-0400,53.875,53.92,53.87,53.92,112326.0
2025-05-02 15:00:00-0400,53.92,53.93,53.91,53.93,34750.0
2025-05-02 15:05:00-0400,53.9247,53.93,53.895,53.8967,87564.0
2025-05-02 15:10:00-0400,53.8901,53.9,53.89,53.895,10356.0
2025-05-02 15:15:00-0400,53.895,53.91,53.885,53.91,69058.0
2025-05-02 15:20:00-0400,53.91,53.9199,53.8836,53.8836,61508.0
2025-05-02 15:25:00-0400,53.885,53.8899,53.855,53.8599,28154.0
2025-05-02 15:30:00-0400,53.86,53.86,53.835,53.84,36557.0
2025-05-02 15:35:00-0400,53.84,53.88,53.84,53.855,71351.0
2025-05-02 15:40:00-0400,53.855,53.87,53.85,53.85,72545.0
2025-05-02 15:45:00-0400,53.8498,53.85,53.8401,53.845,10945.0
2025-05-02 15:50:00-0400,53.845,53.85,53.8301,53.835,28259.0
2025-05-02 15:55:00-0400,53.835,53.835,53.79,53.79,27257.0
2025-05-02 16:00:00-0400,53.795,53.83,53.795,53.82,65514.0
2025-05-05 09:35:00-0400,53.82,53.82,53.82,53.82,0.0
2025-05-05 09:40:00-0400,53.82,53.82,53.82,53.82,0.0
2025-05-05 09:45:00-0400,53.82,53.82,53.82,53.82,0.0
2025-05-05 09:50:00-0400,53.82,53.82,53.82,53.82,0.0
2025-05-05 09:55:00-0400,53.82,53.82,53.82,53.82,0.0
2025-05-05 10:00:00-0400,53.82,53.82,53.82,53.82,0.0
2025-05-05 10:05:00-0400,53.82,54.24,53.82,54.24,1818.0
2025-05-05 10:10:00-0400,54.24,54.24,54.24,54.24,0.0
2025-05-05 10:15:00-0400,54.24,54.24,54.24,54.24,0.0
2025-05-05 10:20:00-0400,54.24,54.24,54.24,54.24,0.0
2025-05-05 10:25:00-0400,54.24,54.24,54.24,54.24,0.0
2025-05-05 10:30:00-0400,54.24,54.24,54.24,54.24,0.0
2025-05-05 10:35:00-0400,54.24,54.24,54.24,54.24,0.0
2025-05-05 10:40:00-0400,54.24,54.24,54.24,54.24,0.0
2025-05-05 10:45:00-0400,54.24,54.24,54.0,54.0,1400.0
2025-05-05 10:50:00-0400,54.0,54.0,54.0,54.0,0.0
2025-05-05 10:55:00-0400,54.23,54.23,54.23,54.23,306.0
2025-05-05 11:00:00-0400,54.23,54.23,54.23,54.23,239.0
2025-05-05 11:05:00-0400,54.23,54.23,54.23,54.23,0.0
2025-05-05 11:10:00-0400,54.23,54.24,54.23,54.24,833.0
2025-05-05 11:15:00-0400,54.24,54.25,54.24,54.25,1300.0
2025-05-05 11:20:00-0400,54.25,54.25,54.25,54.25,0.0
2025-05-05 11:25:00-0400,54.25,54.25,54.25,54.25,0.0
2025-05-05 11:30:00-0400,54.25,54.25,54.25,54.25,0.0
2025-05-05 11:35:00-0400,54.25,54.25,54.25,54.25,0.0
2025-05-05 11:40:00-0400,54.25,54.25,54.25,54.25,0.0
2025-05-05 11:45:00-0400,54.25,54.25,54.25,54.25,0.0
2025-05-05 11:50:00-0400,54.25,54.25,54.25,54.25,0.0
2025-05-05 11:55:00-0400,54.25,54.25,54.25,54.25,0.0
2025-05-05 12:00:00-0400,54.25,54.27,54.2499,54.27,2489.0
2025-05-05 12:05:00-0400,54.27,54.27,54.27,54.27,0.0
2025-05-05 12:10:00-0400,54.27,54.27,54.27,54.27,0.0
2025-05-05 12:15:00-0400,54.27,54.27,54.27,54.27,0.0
2025-05-05 12:20:00-0400,54.27,54.27,54.27,54.27,0.0
2025-05-05 12:25:00-0400,54.27,54.27,54.27,54.27,0.0
2025-05-05 12:30:00-0400,54.27,54.27,54.17,54.17,500.0
2025-05-05 12:35:00-0400,54.17,54.17,54.17,54.17,0.0
2025-05-05 12:40:00-0400,54.17,54.25,54.15,54.15,350.0
2025-05-05 12:45:00-0400,54.15,54.15,54.15,54.15,0.0
2025-05-05 12:50:00-0400,54.15,54.15,54.15,54.15,0.0
2025-05-05 12:55:00-0400,54.15,54.25,54.15,54.24,4714.0
2025-05-05 13:00:00-0400,54.24,54.24,54.24,54.24,0.0
2025-05-05 13:05:00-0400,54.26,54.27,54.24,54.24,387.0
2025-05-05 13:10:00-0400,54.24,54.27,54.24,54.27,660.0
2025-05-05 13:15:00-0400,54.27,54.31,54.27,54.31,1061.0
2025-05-05 13:20:00-0400,54.31,54.31,54.31,54.31,0.0
2025-05-05 13:25:00-0400,54.3,54.3795,54.3,54.3795,425.0
2025-05-05 13:30:00-0400,54.3795,54.45,54.33,54.39,77775.0
2025-05-05 13:35:00-0400,54.3999,54.44,54.38,54.415,71903.0
2025-05-05 13:40:00-0400,54.42,54.42,54.36,54.365,61849.0
2025-05-05 13:45:00-0400,54.37,54.395,54.345,54.39,124860.0
2025-05-05 13:50:00-0400,54.3888,54.43,54.375,54.4,164825.0
2025-05-05 13:55:00-0400,54.395,54.4,54.305,54.32,100756.0
2025-05-05 14:00:00-0400,54.32,54.33,54.285,54.29,98478.0
2025-05-05 14:05:00-0400,54.285,54.355,54.285,54.34,65088.0
2025-05-05 14:10:00-0400,54.345,54.36,54.32,54.335,84861.0
2025-05-05 14:15:00-0400,54.33,54.34,54.3,54.305,39857.0
2025-05-05 14:20:00-0400,54.31,54.325,54.3021,54.32,66944.0
2025-05-05 14:25:00-0400,54.315,54.32,54.2928,54.305,59014.0
2025-05-05 14:30:00-0400,54.31,54.315,54.295,54.305,35219.0
2025-05-05 14:35:00-0400,54.305,54.31,54.285,54.3099,88428.0
2025-05-05 14:40:00-0400,54.305,54.345,54.3,54.34,45199.0
2025-05-05 14:45:00-0400,54.35,54.36,54.33,54.335,108284.0
2025-05-05 14:50:00-0400,54.335,54.35,54.33,54.345,82987.0
2025-05-05 14:55:00-0400,54.345,54.35,54.33,54.335,35573.0
2025-05-05 15:00:00-0400,54.3331,54.36,54.3331,54.36,38023.0
2025-05-05 15:05:00-0400,54.355,54.365,54.35,54.35,44284.0
2025-05-05 15:10:00-0400,54.345,54.35,54.3348,54.345,89892.0
2025-05-05 15:15:00-0400,54.345,54.3499,54.33,54.33,23580.0
2025-05-05 15:20:00-0400,54.32,54.3699,54.32,54.365,48976.0
2025-05-05 15:25:00-0400,54.37,54.38,54.3629,54.37,16995.0
2025-05-05 15:30:00-0400,54.37,54.3799,54.3649,54.375,16778.0
2025-05-05 15:35:00-0400,54.375,54.375,54.36,54.375,9641.0
2025-05-05 15:40:00-0400,54.37,54.375,54.3634,54.37,12068.0
2025-05-05 15:45:00-0400,54.38,54.3851,54.3645,54.3755,20449.0
2025-05-05 15:50:00-0400,54.3745,54.38,54.36,54.38,29486.0
2025-05-05 15:55:00-0400,54.38,54.39,54.38,54.39,15382.0
2025-05-05 16:00:00-0400,54.385,54.39,54.375,54.385,8997.0
2025-05-06 09:35:00-0400,54.385,54.385,54.385,54.385,0.0
2025-05-06 09:40:00-0400,54.385,54.385,54.385,54.385,0.0
2025-05-06 09:45:00-0400,53.8,53.8,53.8,53.8,100.0
2025-05-06 09:50:00-0400,53.8,53.82,53.78,53.82,1951.0
2025-05-06 09:55:00-0400,53.82,53.82,53.71,53.76,1764.0
2025-05-06 10:00:00-0400,53.76,53.81,53.76,53.8,238.0
2025-05-06 10:05:00-0400,53.8,53.8,53.8,53.8,0.0
2025-05-06 10:10:00-0400,53.8,53.86,53.8,53.86,100.0
2025-05-06 10:15:00-0400,53.86,53.86,53.86,53.86,0.0
2025-05-06 10:20:00-0400,53.86,53.86,53.86,53.86,0.0
2025-05-06 10:25:00-0400,53.86,53.9,53.86,53.9,469.0
2025-05-06 10:30:00-0400,53.9,53.9,53.9,53.9,0.0
2025-05-06 10:35:00-0400,53.9,53.9,53.9,53.9,0.0
2025-05-06 10:40:00-0400,53.9,53.9,53.9,53.9,0.0
2025-05-06 10:45:00-0400,53.9,53.9,53.9,53.9,0.0
2025-05-06 10:50:00-0400,53.9,53.9,53.9,53.9,0.0
2025-05-06 10:55:00-0400,53.9,53.9,53.9,53.9,0.0
2025-05-06 11:00:00-0400,53.9,53.9,53.9,53.9,0.0
2025-05-06 11:05:00-0400,53.9,53.9,53.8,53.8,1502.0
2025-05-06 11:10:00-0400,53.8,53.8,53.8,53.8,0.0
2025-05-06 11:15:00-0400,53.8,53.8,53.8,53.8,0.0
2025-05-06 11:20:00-0400,53.8,53.8,53.8,53.8,0.0
2025-05-06 11:25:00-0400,53.8,53.8,53.8,53.8,0.0
2025-05-06 11:30:00-0400,53.8,53.87,53.8,53.86,500.0
2025-05-06 11:35:00-0400,53.86,53.86,53.86,53.86,0.0
2025-05-06 11:40:00-0400,53.86,53.925,53.86,53.925,278.0
2025-05-06 11:45:00-0400,53.925,53.925,53.925,53.925,0.0
2025-05-06 11:50:00-0400,53.925,53.925,53.925,53.925,0.0
2025-05-06 11:55:00-0400,53.86,53.86,53.86,53.86,500.0
2025-05-06 12:00:00-0400,53.969,54.18,53.8,53.99,2733.0
2025-05-06 12:05:00-0400,53.99,53.9997,53.8,53.95,10107.0
2025-05-06 12:10:00-0400,53.95,53.95,53.95,53.95,0.0
2025-05-06 12:15:00-0400,53.95,53.95,53.85,53.85,200.0
2025-05-06 12:20:00-0400,53.85,53.91,53.85,53.85,2808.0
2025-05-06 12:25:00-0400,53.85,53.85,53.85,53.85,0.0
2025-05-06 12:30:00-0400,53.85,53.91,53.85,53.91,100.0
2025-05-06 12:35:00-0400,53.91,53.91,53.91,53.91,0.0
2025-05-06 12:40:00-0400,53.91,53.91,53.91,53.91,0.0
2025-05-06 12:45:00-0400,53.91,53.91,53.91,53.91,0.0
2025-05-06 12:50:00-0400,53.91,53.91,53.84,53.85,1568.0
2025-05-06 12:55:00-0400,53.85,53.85,53.78,53.82,1940.0
2025-05-06 13:00:00-0400,53.89,53.89,53.79,53.8899,1329.0
2025-05-06 13:05:00-0400,53.8899,53.89,53.8899,53.89,100.0
2025-05-06 13:10:00-0400,53.89,53.89,53.87,53.87,739.0
2025-05-06 13:15:00-0400,53.87,53.8894,53.87,53.8894,206.0
2025-05-06 13:20:00-0400,53.8894,53.8894,53.8894,53.8894,0.0
2025-05-06 13:25:00-0400,53.7928,53.795,53.7928,53.795,310.0
2025-05-06 13:30:00-0400,53.795,53.89,53.795,53.8534,87622.0
2025-05-06 13:35:00-0400,53.86,53.89,53.85,53.885,83319.0
2025-05-06 13:40:00-0400,53.885,53.9,53.875,53.895,70479.0
2025-05-06 13:45:00-0400,53.895,53.9,53.8717,53.88,63515.0
2025-05-06 13:50:00-0400,53.87,53.875,53.835,53.84,107041.0
2025-05-06 13:55:00-0400,53.83,53.83,53.8047,53.805,71601.0
2025-05-06 14:00:00-0400,53.81,53.8257,53.785,53.79,57152.0
2025-05-06 14:05:00-0400,53.8,53.815,53.8,53.805,32875.0
2025-05-06 14:10:00-0400,53.805,53.84,53.79,53.835,51468.0
2025-05-06 14:15:00-0400,53.835,53.86,53.8345,53.855,33412.0
2025-05-06 14:20:00-0400,53.8597,53.895,53.8597,53.895,36185.0
2025-05-06 14:25:00-0400,53.895,53.92,53.895,53.895,53725.0
2025-05-06 14:30:00-0400,53.895,53.9099,53.88,53.885,27495.0
2025-05-06 14:35:00-0400,53.885,53.91,53.8845,53.905,38462.0
2025-05-06 14:40:00-0400,53.905,53.91,53.89,53.89,91273.0
2025-05-06 14:45:00-0400,53.89,53.89,53.875,53.875,36344.0
2025-05-06 14:50:00-0400,53.875,53.89,53.8648,53.8648,58138.0
2025-05-06 14:55:00-0400,53.865,53.8765,53.86,53.875,62362.0
2025-05-06 15:00:00-0400,53.8726,53.875,53.86,53.8645,35377.0
2025-05-06 15:05:00-0400,53.865,53.89,53.865,53.89,34947.0
2025-05-06 15:10:00-0400,53.885,53.885,53.87,53.875,20628.0
2025-05-06 15:15:00-0400,53.875,53.89,53.87,53.885,30775.0
2025-05-06 15:20:00-0400,53.8848,53.9,53.88,53.895,18705.0
2025-05-06 15:25:00-0400,53.9,53.91,53.89,53.8999,163995.0
2025-05-06 15:30:00-0400,53.895,53.9,53.88,53.88,31466.0
2025-05-06 15:35:00-0400,53.875,53.885,53.865,53.885,31876.0
2025-05-06 15:40:00-0400,53.885,53.89,53.88,53.8801,15686.0
2025-05-06 15:45:00-0400,53.885,53.885,53.855,53.87,69482.0
2025-05-06 15:50:00-0400,53.865,53.885,53.86,53.88,18420.0
2025-05-06 15:55:00-0400,53.87,53.87,53.855,53.8635,18252.0
2025-05-06 16:00:00-0400,53.86,53.87,53.86,53.86,10733.0
2025-05-07 09:35:00-0400,53.86,53.86,53.86,53.86,0.0
2025-05-07 09:40:00-0400,53.86,53.86,53.86,53.86,0.0
2025-05-07 09:45:00-0400,53.86,53.86,53.86,53.86,0.0
2025-05-07 09:50:00-0400,53.86,53.86,53.86,53.86,0.0
2025-05-07 09:55:00-0400,53.51,53.51,53.51,53.51,149.0
2025-05-07 10:00:00-0400,53.51,53.51,53.51,53.51,0.0
2025-05-07 10:05:00-0400,53.51,53.51,53.51,53.51,0.0
2025-05-07 10:10:00-0400,53.51,53.51,53.51,53.51,0.0
2025-05-07 10:15:00-0400,53.51,53.51,53.5,53.5,206.0
2025-05-07 10:20:00-0400,53.5,53.5,53.5,53.5,0.0
2025-05-07 10:25:00-0400,53.5,53.5,53.5,53.5,0.0
2025-05-07 10:30:00-0400,53.5,53.5,53.5,53.5,0.0
2025-05-07 10:35:00-0400,53.5,53.5,53.5,53.5,0.0
2025-05-07 10:40:00-0400,53.5,53.5,53.5,53.5,0.0
2025-05-07 10:45:00-0400,53.5,53.5,53.5,53.5,0.0
2025-05-07 10:50:00-0400,53.5,53.5,53.5,53.5,0.0
2025-05-07 10:55:00-0400,53.5,53.5,53.5,53.5,0.0
2025-05-07 11:00:00-0400,53.5,53.56,53.5,53.55,2211.0
2025-05-07 11:05:00-0400,53.55,53.55,53.51,53.51,2007.0
2025-05-07 11:10:00-0400,53.52,53.54,53.52,53.54,633.0
2025-05-07 11:15:00-0400,53.54,53.54,53.54,53.54,262.0
2025-05-07 11:20:00-0400,53.55,53.55,53.5,53.5,10436.0
2025-05-07 11:25:00-0400,53.5,53.5,53.5,53.5,0.0
2025-05-07 11:30:00-0400,53.5,53.5,53.5,53.5,0.0
2025-05-07 11:35:00-0400,53.55,53.58,53.55,53.58,1213.0
2025-05-07 11:40:00-0400,53.58,53.63,53.58,53.63,645.0
2025-05-07 11:45:00-0400,53.63,53.63,53.63,53.63,0.0
2025-05-07 11:50:00-0400,53.63,53.63,53.63,53.63,0.0
2025-05-07 11:55:00-0400,53.63,53.63,53.53,53.53,100.0
2025-05-07 12:00:00-0400,53.53,53.91,53.28,53.6,21031.0
2025-05-07 12:05:00-0400,53.54,53.54,53.51,53.51,1735.0
2025-05-07 12:10:00-0400,53.51,53.51,53.51,53.51,0.0
2025-05-07 12:15:00-0400,53.51,53.54,53.51,53.535,500.0
2025-05-07 12:20:00-0400,53.535,53.535,53.535,53.535,0.0
2025-05-07 12:25:00-0400,53.535,53.535,53.5,53.5,827.0
2025-05-07 12:30:00-0400,53.5,53.5,53.5,53.5,0.0
2025-05-07 12:35:00-0400,53.5,53.5,53.44,53.44,305.0
2025-05-07 12:40:00-0400,53.44,53.44,53.44,53.44,0.0
2025-05-07 12:45:00-0400,53.44,53.5,53.44,53.5,1000.0
2025-05-07 12:50:00-0400,53.5,53.5,53.5,53.5,0.0
2025-05-07 12:55:00-0400,53.5,53.58,53.5,53.58,100.0
2025-05-07 13:00:00-0400,53.58,53.59,53.51,53.55,1318.0
2025-05-07 13:05:00-0400,53.55,53.55,53.46,53.46,1524.0
2025-05-07 13:10:00-0400,53.43,53.4301,53.43,53.4301,1212.0
2025-05-07 13:15:00-0400,53.4301,53.46,53.4301,53.46,583.0
2025-05-07 13:20:00-0400,53.46,53.46,53.46,53.46,0.0
2025-05-07 13:25:00-0400,53.46,53.54,53.46,53.54,610.0
2025-05-07 13:30:00-0400,53.54,53.64,53.52,53.56,191325.0
2025-05-07 13:35:00-0400,53.565,53.59,53.455,53.46,220930.0
2025-05-07 13:40:00-0400,53.47,53.51,53.425,53.5,228528.0
2025-05-07 13:45:00-0400,53.495,53.54,53.495,53.54,59370.0
2025-05-07 13:50:00-0400,53.5388,53.55,53.5,53.51,152476.0
2025-05-07 13:55:00-0400,53.51,53.55,53.51,53.55,37753.0
2025-05-07 14:00:00-0400,53.55,53.58,53.545,53.575,89818.0
2025-05-07 14:05:00-0400,53.58,53.595,53.57,53.57,58632.0
2025-05-07 14:10:00-0400,53.58,53.59,53.575,53.575,28800.0
2025-05-07 14:15:00-0400,53.58,53.58,53.56,53.56,52021.0
2025-05-07 14:20:00-0400,53.56,53.565,53.54,53.555,35093.0
2025-05-07 14:25:00-0400,53.555,53.56,53.53,53.555,114994.0
2025-05-07 14:30:00-0400,53.55,53.58,53.55,53.575,23967.0
2025-05-07 14:35:00-0400,53.575,53.59,53.57,53.59,40419.0
2025-05-07 14:40:00-0400,53.58,53.59,53.57,53.57,61213.0
2025-05-07 14:45:00-0400,53.565,53.59,53.565,53.585,93710.0
2025-05-07 14:50:00-0400,53.585,53.59,53.55,53.55,23765.0
2025-05-07 14:55:00-0400,53.555,53.555,53.485,53.5,89889.0
2025-05-07 15:00:00-0400,53.495,53.52,53.49,53.52,75017.0
2025-05-07 15:05:00-0400,53.515,53.525,53.49,53.5237,131122.0
2025-05-07 15:10:00-0400,53.525,53.53,53.505,53.53,53613.0
2025-05-07 15:15:00-0400,53.53,53.54,53.5,53.505,108728.0
2025-05-07 15:20:00-0400,53.505,53.51,53.485,53.485,120423.0
2025-05-07 15:25:00-0400,53.485,53.49,53.4645,53.48,83290.0
2025-05-07 15:30:00-0400,53.48,53.48,53.455,53.455,24693.0
2025-05-07 15:35:00-0400,53.455,53.46,53.4148,53.4148,41528.0
2025-05-07 15:40:00-0400,53.42,53.43,53.405,53.425,131413.0
2025-05-07 15:45:00-0400,53.42,53.44,53.42,53.43,99621.0
2025-05-07 15:50:00-0400,53.43,53.43,53.3846,53.3846,97575.0
2025-05-07 15:55:00-0400,53.385,53.41,53.385,53.4,71274.0
2025-05-07 16:00:00-0400,53.395,53.4054,53.39,53.4,77215.0
2025-05-08 09:35:00-0400,53.4,53.4,53.4,53.4,0.0
2025-05-08 09:40:00-0400,53.4,53.4,53.4,53.4,0.0
2025-05-08 09:45:00-0400,53.4,53.4,53.4,53.4,0.0
2025-05-08 09:50:00-0400,53.4,53.4,53.4,53.4,0.0
2025-05-08 09:55:00-0400,53.4,53.4,52.61,52.8,1147.0
2025-05-08 10:00:00-0400,52.6,52.7,52.6,52.7,599.0
2025-05-08 10:05:00-0400,52.51,52.53,52.41,52.41,1449.0
2025-05-08 10:10:00-0400,52.41,52.52,52.41,52.52,162.0
2025-05-08 10:15:00-0400,52.52,52.52,52.43,52.43,409.0
2025-05-08 10:20:00-0400,52.43,52.43,52.43,52.43,0.0
2025-05-08 10:25:00-0400,52.43,52.43,52.43,52.43,0.0
2025-05-08 10:30:00-0400,52.43,52.43,52.43,52.43,0.0
2025-05-08 10:35:00-0400,52.43,52.43,52.43,52.43,0.0
2025-05-08 10:40:00-0400,52.43,52.43,52.43,52.43,0.0
2025-05-08 10:45:00-0400,52.43,52.43,52.43,52.43,0.0
2025-05-08 10:50:00-0400,52.43,52.43,52.43,52.43,0.0
2025-05-08 10:55:00-0400,52.43,52.43,52.43,52.43,0.0
2025-05-08 11:00:00-0400,52.43,52.43,52.43,52.43,0.0
2025-05-08 11:05:00-0400,52.43,52.43,52.43,52.43,0.0
2025-05-08 11:10:00-0400,52.43,52.65,52.43,52.65,228.0
2025-05-08 11:15:00-0400,52.65,52.65,52.6,52.6,2310.0
2025-05-08 11:20:00-0400,52.6,52.6,52.6,52.6,0.0
2025-05-08 11:25:00-0400,52.6,52.6,52.6,52.6,112.0
2025-05-08 11:30:00-0400,52.6,52.6,52.6,52.6,0.0
2025-05-08 11:35:00-0400,52.6,52.6,52.57,52.57,409.0
2025-05-08 11:40:00-0400,52.57,52.57,52.36,52.36,784.0
2025-05-08 11:45:00-0400,52.36,52.36,52.36,52.36,0.0
2025-05-08 11:50:00-0400,52.36,52.36,52.36,52.36,0.0
2025-05-08 11:55:00-0400,52.36,52.36,52.36,52.36,0.0
2025-05-08 12:00:00-0400,52.55,54.0,52.4,53.52,9607.0
2025-05-08 12:05:00-0400,52.5,52.5,52.5,52.5,355.0
2025-05-08 12:10:00-0400,52.5,52.5,52.5,52.5,0.0
2025-05-08 12:15:00-0400,52.5,52.5,52.5,52.5,0.0
2025-05-08 12:20:00-0400,52.5,52.5,52.5,52.5,0.0
2025-05-08 12:25:00-0400,52.5,52.5,52.4014,52.4014,3066.0
2025-05-08 12:30:00-0400,52.4,52.4,52.3518,52.3518,478.0
2025-05-08 12:35:00-0400,52.3518,52.49,52.35,52.35,10907.0
2025-05-08 12:40:00-0400,52.37,52.37,52.3,52.3,8305.0
2025-05-08 12:45:00-0400,52.41,52.41,52.3,52.3,1585.0
2025-05-08 12:50:00-0400,52.3,52.3,52.3,52.3,0.0
2025-05-08 12:55:00-0400,52.3,52.39,52.3,52.38,300.0
2025-05-08 13:00:00-0400,52.38,52.38,52.35,52.35,1162.0
2025-05-08 13:05:00-0400,52.35,52.35,52.35,52.35,0.0
2025-05-08 13:10:00-0400,52.39,52.39,52.39,52.39,153.0
2025-05-08 13:15:00-0400,52.39,52.39,52.3531,52.3531,240.0
2025-05-08 13:20:00-0400,52.3531,52.3531,52.3401,52.3401,203.0
2025-05-08 13:25:00-0400,52.379,52.44,52.379,52.44,2232.0
2025-05-08 13:30:00-0400,52.43,52.44,52.3,52.315,144040.0
2025-05-08 13:35:00-0400,52.31,52.315,52.23,52.255,271489.0
2025-05-08 13:40:00-0400,52.25,52.25,52.07,52.07,288945.0
2025-05-08 13:45:00-0400,52.0659,52.11,52.03,52.0934,291046.0
2025-05-08 13:50:00-0400,52.095,52.14,52.09,52.135,153923.0
2025-05-08 13:55:00-0400,52.14,52.17,52.13,52.1651,198999.0
2025-05-08 14:00:00-0400,52.1651,52.2354,52.1651,52.235,303258.0
2025-05-08 14:05:00-0400,52.235,52.25,52.2146,52.22,263970.0
2025-05-08 14:10:00-0400,52.2199,52.225,52.18,52.1944,158728.0
2025-05-08 14:15:00-0400,52.2,52.2051,52.18,52.1999,183881.0
2025-05-08 14:20:00-0400,52.1997,52.21,52.18,52.18,221866.0
2025-05-08 14:25:00-0400,52.185,52.22,52.18,52.2035,119890.0
2025-05-08 14:30:00-0400,52.205,52.21,52.2,52.205,141540.0
2025-05-08 14:35:00-0400,52.21,52.23,52.19,52.225,149954.0
2025-05-08 14:40:00-0400,52.225,52.23,52.2,52.205,122117.0
2025-05-08 14:45:00-0400,52.21,52.21,52.195,52.2098,59618.0
2025-05-08 14:50:00-0400,52.2,52.22,52.18,52.185,47617.0
2025-05-08 14:55:00-0400,52.185,52.215,52.175,52.185,157367.0
2025-05-08 15:00:00-0400,52.185,52.2,52.165,52.185,133362.0
2025-05-08 15:05:00-0400,52.18,52.195,52.1646,52.195,56748.0
2025-05-08 15:10:00-0400,52.19,52.23,52.19,52.19,100679.0
2025-05-08 15:15:00-0400,52.195,52.195,52.09,52.09,509745.0
2025-05-08 15:20:00-0400,52.095,52.1,51.96,51.995,347726.0
2025-05-08 15:25:00-0400,51.99,51.99,51.93,51.94,123636.0
2025-05-08 15:30:00-0400,51.94,51.96,51.89,51.92,280719.0
2025-05-08 15:35:00-0400,51.93,51.94,51.895,51.92,173547.0
2025-05-08 15:40:00-0400,51.925,51.9893,51.92,51.9893,99436.0
2025-05-08 15:45:00-0400,51.985,52.07,51.985,52.065,195792.0
2025-05-08 15:50:00-0400,52.0654,52.0654,51.95,51.9649,385059.0
2025-05-08 15:55:00-0400,51.965,51.99,51.93,51.94,213520.0
2025-05-08 16:00:00-0400,51.94,51.94,51.8335,51.8335,147185.0
2025-05-09 09:35:00-0400,51.8335,51.8335,51.8335,51.8335,0.0
2025-05-09 09:40:00-0400,51.8335,52.39,51.8335,52.39,1400.0
2025-05-09 09:45:00-0400,52.39,52.39,52.39,52.39,0.0
2025-05-09 09:50:00-0400,52.32,52.33,52.32,52.32,2811.0
2025-05-09 09:55:00-0400,52.32,52.32,52.32,52.32,0.0
2025-05-09 10:00:00-0400,52.32,52.32,52.32,52.32,0.0
2025-05-09 10:05:00-0400,52.32,52.49,52.32,52.49,915.0
2025-05-09 10:10:00-0400,52.49,52.49,52.49,52.49,100.0
2025-05-09 10:15:00-0400,52.49,52.49,52.49,52.49,0.0
2025-05-09 10:20:00-0400,52.49,52.49,52.49,52.49,0.0
2025-05-09 10:25:00-0400,52.49,52.49,52.44,52.44,700.0
2025-05-09 10:30:00-0400,52.44,52.44,52.44,52.44,0.0
2025-05-09 10:35:00-0400,52.59,52.64,52.53,52.64,3820.0
2025-05-09 10:40:00-0400,52.64,52.64,52.64,52.64,0.0
2025-05-09 10:45:00-0400,52.64,52.64,52.51,52.51,110.0
2025-05-09 10:50:00-0400,52.51,52.51,52.5,52.5,500.0
2025-05-09 10:55:00-0400,52.5,52.5,52.5,52.5,0.0
2025-05-09 11:00:00-0400,52.5,52.51,52.5,52.51,334.0
2025-05-09 11:05:00-0400,52.51,52.51,52.44,52.44,2296.0
2025-05-09 11:10:00-0400,52.43,52.43,52.4,52.4,2398.0
2025-05-09 11:15:00-0400,52.4,52.48,52.4,52.48,1860.0
2025-05-09 11:20:00-0400,52.48,52.49,52.48,52.49,100.0
2025-05-09 11:25:00-0400,52.49,52.49,52.49,52.49,0.0
2025-05-09 11:30:00-0400,52.49,52.49,52.49,52.49,0.0
2025-05-09 11:35:00-0400,52.49,52.49,52.32,52.32,340.0
2025-05-09 11:40:00-0400,52.32,52.32,52.32,52.32,0.0
2025-05-09 11:45:00-0400,52.32,52.32,52.32,52.32,0.0
2025-05-09 11:50:00-0400,52.32,52.45,52.32,52.45,804.0
2025-05-09 11:55:00-0400,52.45,52.45,52.45,52.45,0.0
2025-05-09 12:00:00-0400,52.45,52.5001,52.2,52.47,5048.0
2025-05-09 12:05:00-0400,52.48,52.4901,52.48,52.4901,3272.0
2025-05-09 12:10:00-0400,52.4901,52.5,52.47,52.49,4818.0
2025-05-09 12:15:00-0400,52.49,52.49,52.47,52.47,400.0
2025-05-09 12:20:00-0400,52.55,52.56,52.48,52.48,699.0
2025-05-09 12:25:00-0400,52.48,52.48,52.48,52.48,0.0
2025-05-09 12:30:00-0400,52.48,52.5812,52.48,52.4818,5120.0
2025-05-09 12:35:00-0400,52.4818,52.55,52.4818,52.55,150.0
2025-05-09 12:40:00-0400,52.5488,52.55,52.54,52.54,2422.0
2025-05-09 12:45:00-0400,52.54,52.5889,52.54,52.5889,203.0
2025-05-09 12:50:00-0400,52.5889,52.5889,52.5889,52.5889,0.0
2025-05-09 12:55:00-0400,52.5889,52.5889,52.5889,52.5889,0.0
2025-05-09 13:00:00-0400,52.5889,52.5889,52.5889,52.5889,0.0
2025-05-09 13:05:00-0400,52.5889,52.71,52.5889,52.68,1732.0
2025-05-09 13:10:00-0400,52.74,52.7683,52.7,52.73,1677.0
2025-05-09 13:15:00-0400,52.7,52.7012,52.7,52.7012,1350.0
2025-05-09 13:20:00-0400,52.7012,52.7012,52.7012,52.7012,0.0
2025-05-09 13:25:00-0400,52.7012,52.75,52.7012,52.73,1161.0
2025-05-09 13:30:00-0400,52.73,52.73,52.65,52.685,143684.0
2025-05-09 13:35:00-0400,52.6801,52.71,52.67,52.695,405076.0
2025-05-09 13:40:00-0400,52.69,52.71,52.64,52.65,519708.0
2025-05-09 13:45:00-0400,52.65,52.65,52.55,52.58,2110735.0
2025-05-09 13:50:00-0400,52.575,52.63,52.575,52.625,178543.0
2025-05-09 13:55:00-0400,52.62,52.63,52.57,52.575,266266.0
2025-05-09 14:00:00-0400,52.57,52.58,52.53,52.535,252570.0
2025-05-09 14:05:00-0400,52.535,52.54,52.49,52.5,180853.0
2025-05-09 14:10:00-0400,52.495,52.54,52.49,52.5165,222796.0
2025-05-09 14:15:00-0400,52.515,52.515,52.38,52.38,411191.0
2025-05-09 14:20:00-0400,52.38,52.4,52.3534,52.365,167877.0
2025-05-09 14:25:00-0400,52.37,52.44,52.365,52.425,79935.0
2025-05-09 14:30:00-0400,52.425,52.485,52.405,52.45,92818.0
2025-05-09 14:35:00-0400,52.44,52.47,52.392,52.41,51057.0
2025-05-09 14:40:00-0400,52.405,52.41,52.3701,52.39,65631.0
2025-05-09 14:45:00-0400,52.395,52.4,52.355,52.4,134562.0
2025-05-09 14:50:00-0400,52.4,52.42,52.375,52.39,157687.0
2025-05-09 14:55:00-0400,52.395,52.4,52.21,52.21,309039.0
2025-05-09 15:00:00-0400,52.205,52.33,52.2,52.32,227216.0
2025-05-09 15:05:00-0400,52.315,52.37,52.315,52.35,216050.0
2025-05-09 15:10:00-0400,52.345,52.38,52.3346,52.365,85156.0
2025-05-09 15:15:00-0400,52.365,52.38,52.35,52.375,76363.0
2025-05-09 15:20:00-0400,52.38,52.38,52.315,52.32,73167.0
2025-05-09 15:25:00-0400,52.315,52.34,52.3,52.325,94170.0
2025-05-09 15:30:00-0400,52.325,52.34,52.29,52.3,58686.0
2025-05-09 15:35:00-0400,52.295,52.32,52.28,52.31,85073.0
2025-05-09 15:40:00-0400,52.31,52.315,52.25,52.255,87214.0
2025-05-09 15:45:00-0400,52.255,52.27,52.215,52.22,134898.0
2025-05-09 15:50:00-0400,52.22,52.23,52.21,52.22,105165.0
2025-05-09 15:55:00-0400,52.225,52.24,52.205,52.205,94597.0
2025-05-09 16:00:00-0400,52.205,52.22,52.2,52.205,48516.0
2025-05-12 09:35:00-0400,52.205,52.205,52.205,52.205,0.0
2025-05-12 09:40:00-0400,52.205,52.205,52.205,52.205,0.0
2025-05-12 09:45:00-0400,54.4,54.45,54.4,54.45,802.0
2025-05-12 09:50:00-0400,54.45,54.45,54.45,54.45,0.0
2025-05-12 09:55:00-0400,54.45,54.49,54.45,54.49,205.0
2025-05-12 10:00:00-0400,54.49,54.49,54.49,54.49,0.0
2025-05-12 10:05:00-0400,54.49,54.7,54.49,54.56,9789.0
2025-05-12 10:10:00-0400,54.56,54.6,54.56,54.59,1000.0
2025-05-12 10:15:00-0400,54.59,54.59,54.59,54.59,0.0
2025-05-12 10:20:00-0400,54.59,54.59,54.59,54.59,0.0
2025-05-12 10:25:00-0400,54.59,54.59,54.59,54.59,0.0
2025-05-12 10:30:00-0400,54.59,54.59,54.59,54.59,0.0
2025-05-12 10:35:00-0400,54.59,54.6,54.59,54.6,105.0
2025-05-12 10:40:00-0400,54.6,54.6,54.6,54.6,0.0
2025-05-12 10:45:00-0400,54.51,54.51,54.51,54.51,157.0
2025-05-12 10:50:00-0400,54.51,54.53,54.5,54.5,2108.0
2025-05-12 10:55:00-0400,54.5,54.5,54.5,54.5,0.0
2025-05-12 11:00:00-0400,54.5,54.5,54.5,54.5,0.0
2025-05-12 11:05:00-0400,54.5,54.5,54.44,54.5,6602.0
2025-05-12 11:10:00-0400,54.5,54.5,54.5,54.5,1200.0
2025-05-12 11:15:00-0400,54.5,54.5,54.4,54.4,547.0
2025-05-12 11:20:00-0400,54.36,54.42,54.35,54.35,1262.0
2025-05-12 11:25:00-0400,54.35,54.35,54.35,54.35,0.0
2025-05-12 11:30:00-0400,54.35,54.35,54.35,54.35,0.0
2025-05-12 11:35:00-0400,54.35,54.355,54.35,54.35,2610.0
2025-05-12 11:40:00-0400,54.35,54.35,54.35,54.35,0.0
2025-05-12 11:45:00-0400,54.35,54.36,54.35,54.36,3108.0
2025-05-12 11:50:00-0400,54.35,54.35,54.32,54.33,2109.0
2025-05-12 11:55:00-0400,54.33,54.34,54.32,54.32,551.0
2025-05-12 12:00:00-0400,54.32,54.4999,54.0,54.1,6434.0
2025-05-12 12:05:00-0400,54.27,54.31,54.06,54.31,2023.0
2025-05-12 12:10:00-0400,54.31,54.31,54.25,54.25,298.0
2025-05-12 12:15:00-0400,54.3,54.31,54.29,54.31,2298.0
2025-05-12 12:20:00-0400,54.3,54.34,52.39,54.34,63017.0
2025-05-12 12:25:00-0400,54.32,54.34,54.3,54.34,7605.0
2025-05-12 12:30:00-0400,54.34,54.34,54.34,54.34,200.0
2025-05-12 12:35:00-0400,54.34,54.39,54.3001,54.39,21990.0
2025-05-12 12:40:00-0400,54.31,54.42,54.31,54.4,4163.0
2025-05-12 12:45:00-0400,54.4,54.4,54.3001,54.3001,200.0
2025-05-12 12:50:00-0400,54.32,54.41,54.32,54.4,1532.0
2025-05-12 12:55:00-0400,54.4,54.4,54.4,54.4,0.0
2025-05-12 13:00:00-0400,54.4,54.4,54.4,54.4,0.0
2025-05-12 13:05:00-0400,54.4,54.4,54.34,54.34,1673.0
2025-05-12 13:10:00-0400,54.34,54.34,54.3301,54.3301,101.0
2025-05-12 13:15:00-0400,54.3301,54.35,54.3301,54.35,3001.0
2025-05-12 13:20:00-0400,54.37,54.3999,54.37,54.3985,713.0
2025-05-12 13:25:00-0400,54.4,54.41,54.35,54.4,1098.0
2025-05-12 13:30:00-0400,54.44,54.47,54.32,54.3501,191335.0
2025-05-12 13:35:00-0400,54.35,54.355,54.29,54.35,437706.0
2025-05-12 13:40:00-0400,54.35,54.35,54.21,54.2218,388982.0
2025-05-12 13:45:00-0400,54.225,54.24,54.16,54.16,242145.0
2025-05-12 13:50:00-0400,54.16,54.1654,54.125,54.125,204371.0
2025-05-12 13:55:00-0400,54.13,54.165,54.125,54.125,164447.0
2025-05-12 14:00:00-0400,54.1265,54.1265,54.0901,54.095,298066.0
2025-05-12 14:05:00-0400,54.095,54.15,54.08,54.15,265371.0
2025-05-12 14:10:00-0400,54.145,54.21,54.145,54.17,172547.0
2025-05-12 14:15:00-0400,54.1618,54.2,54.155,54.2,40304.0
2025-05-12 14:20:00-0400,54.205,54.25,54.2,54.23,91024.0
2025-05-12 14:25:00-0400,54.23,54.25,54.2193,54.23,106789.0
2025-05-12 14:30:00-0400,54.2244,54.24,54.2042,54.205,52207.0
2025-05-12 14:35:00-0400,54.205,54.22,54.19,54.2107,118018.0
2025-05-12 14:40:00-0400,54.22,54.28,54.205,54.26,173822.0
2025-05-12 14:45:00-0400,54.26,54.27,54.225,54.25,128379.0
2025-05-12 14:50:00-0400,54.25,54.25,54.22,54.225,78552.0
2025-05-12 14:55:00-0400,54.2299,54.265,54.2299,54.245,55134.0
2025-05-12 15:00:00-0400,54.245,54.26,54.23,54.2551,61838.0
2025-05-12 15:05:00-0400,54.255,54.289,54.255,54.285,253287.0
2025-05-12 15:10:00-0400,54.285,54.295,54.2645,54.275,99355.0
2025-05-12 15:15:00-0400,54.28,54.2975,54.27,54.285,59116.0
2025-05-12 15:20:00-0400,54.285,54.289,54.27,54.28,85487.0
2025-05-12 15:25:00-0400,54.28,54.28,54.26,54.28,65677.0
2025-05-12 15:30:00-0400,54.275,54.275,54.25,54.265,44661.0
2025-05-12 15:35:00-0400,54.265,54.29,54.25,54.285,205050.0
2025-05-12 15:40:00-0400,54.285,54.3,54.26,54.27,160801.0
2025-05-12 15:45:00-0400,54.265,54.28,54.2545,54.2545,114471.0
2025-05-12 15:50:00-0400,54.26,54.27,54.2543,54.2552,77618.0
2025-05-12 15:55:00-0400,54.2529,54.26,54.2401,54.255,49076.0
2025-05-12 16:00:00-0400,54.25,54.25,54.2337,54.25,23771.0
2025-05-13 09:35:00-0400,54.25,54.25,54.25,54.25,0.0
2025-05-13 09:40:00-0400,54.25,54.25,54.25,54.25,0.0
2025-05-13 09:45:00-0400,54.25,54.25,54.25,54.25,0.0
2025-05-13 09:50:00-0400,54.25,54.25,54.25,54.25,0.0
2025-05-13 09:55:00-0400,54.25,54.25,54.25,54.25,0.0
2025-05-13 10:00:00-0400,54.25,54.25,53.69,53.69,598.0
2025-05-13 10:05:00-0400,53.69,53.69,53.69,53.69,0.0
2025-05-13 10:10:00-0400,53.69,53.75,53.69,53.75,400.0
2025-05-13 10:15:00-0400,53.75,53.75,53.75,53.75,0.0
2025-05-13 10:20:00-0400,53.75,53.75,53.75,53.75,0.0
2025-05-13 10:25:00-0400,53.75,53.75,53.75,53.75,0.0
2025-05-13 10:30:00-0400,53.75,53.75,53.75,53.75,0.0
2025-05-13 10:35:00-0400,53.75,53.75,53.75,53.75,0.0
2025-05-13 10:40:00-0400,53.75,53.75,53.75,53.75,0.0
2025-05-13 10:45:00-0400,53.75,53.75,53.75,53.75,0.0
2025-05-13 10:50:00-0400,53.75,53.75,53.75,53.75,0.0
2025-05-13 10:55:00-0400,53.75,53.75,53.75,53.75,0.0
2025-05-13 11:00:00-0400,53.75,53.77,53.75,53.77,429.0
2025-05-13 11:05:00-0400,53.77,53.77,53.75,53.75,1000.0
2025-05-13 11:10:00-0400,53.75,53.75,53.75,53.75,0.0
2025-05-13 11:15:00-0400,53.79,53.79,53.79,53.79,100.0
2025-05-13 11:20:00-0400,53.79,53.79,53.79,53.79,0.0
2025-05-13 11:25:00-0400,53.79,53.79,53.79,53.79,0.0
2025-05-13 11:30:00-0400,53.79,53.79,53.79,53.79,0.0
2025-05-13 11:35:00-0400,53.79,53.79,53.79,53.79,0.0
2025-05-13 11:40:00-0400,53.79,53.88,53.79,53.88,300.0
2025-05-13 11:45:00-0400,53.88,53.88,53.88,53.88,0.0
2025-05-13 11:50:00-0400,53.88,53.88,53.7,53.71,5132.0
2025-05-13 11:55:00-0400,53.71,53.71,53.7,53.7,351.0
2025-05-13 12:00:00-0400,53.7,54.25,53.7,54.0,2996.0
2025-05-13 12:05:00-0400,54.0,54.0,54.0,54.0,0.0
2025-05-13 12:10:00-0400,53.66,53.66,53.66,53.66,100.0
2025-05-13 12:15:00-0400,53.66,53.66,53.66,53.66,0.0
2025-05-13 12:20:00-0400,53.66,53.66,53.66,53.66,0.0
2025-05-13 12:25:00-0400,53.66,53.66,53.66,53.66,0.0
2025-05-13 12:30:00-0400,53.66,53.66,53.66,53.66,0.0
2025-05-13 12:35:00-0400,53.66,53.66,53.66,53.66,0.0
2025-05-13 12:40:00-0400,53.66,53.6702,53.66,53.6702,117.0
2025-05-13 12:45:00-0400,53.6702,53.6702,53.6702,53.6702,0.0
2025-05-13 12:50:00-0400,53.6702,53.6702,53.6702,53.6702,0.0
2025-05-13 12:55:00-0400,53.6702,53.6702,53.6702,53.6702,0.0
2025-05-13 13:00:00-0400,53.7,53.7,53.7,53.7,100.0
2025-05-13 13:05:00-0400,53.7,53.72,53.7,53.72,100.0
2025-05-13 13:10:00-0400,53.72,53.72,53.72,53.72,0.0
2025-05-13 13:15:00-0400,53.72,53.74,53.7,53.7,3444.0
2025-05-13 13:20:00-0400,53.7,53.7,53.7,53.7,0.0
2025-05-13 13:25:00-0400,53.7,53.7,53.7,53.7,150.0
2025-05-13 13:30:00-0400,53.71,53.72,53.67,53.7,94392.0
2025-05-13 13:35:00-0400,53.7,53.78,53.7,53.765,237892.0
2025-05-13 13:40:00-0400,53.765,53.79,53.76,53.77,235662.0
2025-05-13 13:45:00-0400,53.7799,53.785,53.76,53.78,77341.0
2025-05-13 13:50:00-0400,53.785,53.8,53.765,53.8,41972.0
2025-05-13 13:55:00-0400,53.795,53.8,53.77,53.785,177544.0
2025-05-13 14:00:00-0400,53.785,53.8,53.77,53.795,85982.0
2025-05-13 14:05:00-0400,53.795,53.82,53.79,53.815,99733.0
2025-05-13 14:10:00-0400,53.815,53.825,53.81,53.8143,65026.0
2025-05-13 14:15:00-0400,53.8112,53.8175,53.765,53.77,133103.0
2025-05-13 14:20:00-0400,53.765,53.79,53.7644,53.77,194749.0
2025-05-13 14:25:00-0400,53.77,53.79,53.755,53.78,274679.0
2025-05-13 14:30:00-0400,53.79,53.79,53.77,53.77,71990.0
2025-05-13 14:35:00-0400,53.775,53.83,53.775,53.83,216078.0
2025-05-13 14:40:00-0400,53.83,53.84,53.8246,53.84,220506.0
2025-05-13 14:45:00-0400,53.835,53.875,53.835,53.875,187212.0
2025-05-13 14:50:00-0400,53.875,53.9,53.86,53.895,80014.0
2025-05-13 14:55:00-0400,53.895,53.95,53.8901,53.95,56236.0
2025-05-13 15:00:00-0400,53.95,53.97,53.94,53.96,200563.0
2025-05-13 15:05:00-0400,53.96,53.97,53.925,53.935,176337.0
2025-05-13 15:10:00-0400,53.93,53.995,53.925,53.995,108136.0
2025-05-13 15:15:00-0400,53.99,54.0,53.98,53.985,76978.0
2025-05-13 15:20:00-0400,53.985,54.0,53.98,53.995,32512.0
2025-05-13 15:25:00-0400,53.9953,54.01,53.9905,54.0,145566.0
2025-05-13 15:30:00-0400,53.9993,54.01,53.97,53.975,254697.0
2025-05-13 15:35:00-0400,53.975,54.04,53.97,54.015,299333.0
2025-05-13 15:40:00-0400,54.01,54.035,54.01,54.02,67928.0
2025-05-13 15:45:00-0400,54.025,54.025,54.0,54.0166,929248.0
2025-05-13 15:50:00-0400,54.01,54.02,53.985,53.985,204745.0
2025-05-13 15:55:00-0400,53.985,54.015,53.985,54.005,131451.0
2025-05-13 16:00:00-0400,54.005,54.0393,54.0049,54.025,39257.0
2025-05-14 09:35:00-0400,54.025,54.025,54.025,54.025,0.0
2025-05-14 09:40:00-0400,54.025,54.025,54.025,54.025,0.0
2025-05-14 09:45:00-0400,54.025,54.025,54.025,54.025,0.0
2025-05-14 09:50:00-0400,54.025,54.025,54.025,54.025,0.0
2025-05-14 09:55:00-0400,54.025,54.025,54.025,54.025,0.0
2025-05-14 10:00:00-0400,54.025,54.025,54.025,54.025,0.0
2025-05-14 10:05:00-0400,54.025,54.025,54.025,54.025,0.0
2025-05-14 10:10:00-0400,54.025,54.025,54.025,54.025,0.0
2025-05-14 10:15:00-0400,54.025,54.025,54.025,54.025,0.0
2025-05-14 10:20:00-0400,54.025,54.025,54.025,54.025,0.0
2025-05-14 10:25:00-0400,54.025,54.025,54.025,54.025,0.0
2025-05-14 10:30:00-0400,54.025,54.025,54.025,54.025,0.0
2025-05-14 10:35:00-0400,54.025,54.025,54.025,54.025,0.0
2025-05-14 10:40:00-0400,54.025,54.025,54.025,54.025,0.0
2025-05-14 10:45:00-0400,54.025,54.025,54.025,54.025,0.0
2025-05-14 10:50:00-0400,54.025,54.025,54.025,54.025,0.0
2025-05-14 10:55:00-0400,54.025,54.025,54.025,54.025,0.0
2025-05-14 11:00:00-0400,54.025,54.025,53.91,53.99,1109.0
2025-05-14 11:05:00-0400,53.99,53.99,53.99,53.99,0.0
2025-05-14 11:10:00-0400,53.99,53.99,53.99,53.99,0.0
2025-05-14 11:15:00-0400,53.99,53.99,53.99,53.99,0.0
2025-05-14 11:20:00-0400,53.99,53.99,53.99,53.99,0.0
2025-05-14 11:25:00-0400,53.99,53.99,53.99,53.99,0.0
2025-05-14 11:30:00-0400,53.98,53.98,53.98,53.98,150.0
2025-05-14 11:35:00-0400,53.98,53.98,53.98,53.98,0.0
2025-05-14 11:40:00-0400,53.98,54.0,53.98,54.0,382.0
2025-05-14 11:45:00-0400,54.0,54.0,54.0,54.0,0.0
2025-05-14 11:50:00-0400,54.0,54.0,54.0,54.0,2633.0
2025-05-14 11:55:00-0400,54.0,54.0,54.0,54.0,0.0
2025-05-14 12:00:00-0400,54.0,54.01,53.99,54.01,1610.0
2025-05-14 12:05:00-0400,54.01,54.01,53.9997,53.9997,120.0
2025-05-14 12:10:00-0400,53.9997,53.9997,53.9997,53.9997,0.0
2025-05-14 12:15:00-0400,53.9997,53.9997,53.9997,53.9997,0.0
2025-05-14 12:20:00-0400,53.9997,53.9997,53.9997,53.9997,0.0
2025-05-14 12:25:00-0400,53.9997,53.9997,53.9997,53.9997,0.0
2025-05-14 12:30:00-0400,53.9997,53.9997,53.98,53.98,310.0
2025-05-14 12:35:00-0400,53.98,53.9895,53.98,53.9895,100.0
2025-05-14 12:40:00-0400,53.98,53.995,53.97,53.97,9200.0
2025-05-14 12:45:00-0400,53.97,53.9878,53.97,53.9878,515.0
2025-05-14 12:50:00-0400,53.9878,53.9878,53.9878,53.9878,0.0
2025-05-14 12:55:00-0400,53.9878,53.99,53.9878,53.99,200.0
2025-05-14 13:00:00-0400,53.99,53.99,53.99,53.99,110.0
2025-05-14 13:05:00-0400,53.99,53.99,53.99,53.99,137.0
2025-05-14 13:10:00-0400,53.99,53.99,53.99,53.99,0.0
2025-05-14 13:15:00-0400,53.99,53.99,53.82,53.82,57202.0
2025-05-14 13:20:00-0400,53.82,53.82,53.82,53.82,0.0
2025-05-14 13:25:00-0400,53.82,53.82,53.82,53.82,0.0
2025-05-14 13:30:00-0400,53.82,53.945,53.82,53.9201,55685.0
2025-05-14 13:35:00-0400,53.92,53.92,53.87,53.885,188758.0
2025-05-14 13:40:00-0400,53.88,53.91,53.845,53.905,140324.0
2025-05-14 13:45:00-0400,53.91,53.92,53.89,53.905,128076.0
2025-05-14 13:50:00-0400,53.91,53.92,53.875,53.885,132580.0
2025-05-14 13:55:00-0400,53.885,53.93,53.885,53.905,137887.0
2025-05-14 14:00:00-0400,53.91,53.92,53.89,53.9,56273.0
2025-05-14 14:05:00-0400,53.895,53.93,53.895,53.925,94712.0
2025-05-14 14:10:00-0400,53.93,53.99,53.91,53.98,257595.0
2025-05-14 14:15:00-0400,53.975,54.0,53.965,53.98,124280.0
2025-05-14 14:20:00-0400,53.97,54.0,53.97,53.985,157212.0
2025-05-14 14:25:00-0400,53.985,54.0,53.985,54.0,53287.0
2025-05-14 14:30:00-0400,53.995,54.03,53.995,54.025,200649.0
2025-05-14 14:35:00-0400,54.025,54.0297,54.0,54.015,62037.0
2025-05-14 14:40:00-0400,54.015,54.025,53.985,53.985,178210.0
2025-05-14 14:45:00-0400,53.985,54.0075,53.98,53.98,133078.0
2025-05-14 14:50:00-0400,53.98,54.015,53.965,54.015,134819.0
2025-05-14 14:55:00-0400,54.015,54.02,53.9748,53.98,142753.0
2025-05-14 15:00:00-0400,53.985,54.0,53.98,53.985,87420.0
2025-05-14 15:05:00-0400,53.98,53.99,53.925,53.95,166165.0
2025-05-14 15:10:00-0400,53.94,53.955,53.935,53.955,71786.0
2025-05-14 15:15:00-0400,53.955,53.96,53.935,53.9399,112332.0
2025-05-14 15:20:00-0400,53.9398,53.97,53.933135,53.97,48972.0
2025-05-14 15:25:00-0400,53.965,53.99,53.9619,53.975,122927.0
2025-05-14 15:30:00-0400,53.975,54.03,53.975,54.03,49487.0
2025-05-14 15:35:00-0400,54.035,54.045,54.0101,54.0101,140565.0
2025-05-14 15:40:00-0400,54.015,54.03,54.005,54.02,75157.0
2025-05-14 15:45:00-0400,54.02,54.03,54.015,54.02,46698.0
2025-05-14 15:50:00-0400,54.025,54.03,54.015,54.025,56926.0
2025-05-14 15:55:00-0400,54.015,54.03,54.005,54.03,42632.0
2025-05-14 16:00:00-0400,54.025,54.03,54.015,54.0217,92674.0
2025-05-15 09:35:00-0400,54.0217,54.0217,54.0217,54.0217,0.0
2025-05-15 09:40:00-0400,54.0217,54.0217,54.0217,54.0217,0.0
2025-05-15 09:45:00-0400,54.0217,54.0217,54.0217,54.0217,0.0
2025-05-15 09:50:00-0400,54.0217,54.0217,54.0217,54.0217,0.0
2025-05-15 09:55:00-0400,54.42,54.42,54.42,54.42,520.0
2025-05-15 10:00:00-0400,54.42,54.42,54.42,54.42,0.0
2025-05-15 10:05:00-0400,54.42,54.42,54.42,54.42,0.0
2025-05-15 10:10:00-0400,54.42,54.42,54.42,54.42,0.0
2025-05-15 10:15:00-0400,54.42,54.42,54.42,54.42,0.0
2025-05-15 10:20:00-0400,54.42,54.42,54.42,54.42,0.0
2025-05-15 10:25:00-0400,54.42,54.42,54.42,54.42,0.0
2025-05-15 10:30:00-0400,54.42,54.42,54.42,54.42,0.0
2025-05-15 10:35:00-0400,54.44,54.44,54.44,54.44,1020.0
2025-05-15 10:40:00-0400,54.44,54.51,54.44,54.51,1687.0
2025-05-15 10:45:00-0400,54.51,54.51,54.51,54.51,0.0
2025-05-15 10:50:00-0400,54.51,54.51,54.51,54.51,0.0
2025-05-15 10:55:00-0400,54.51,54.51,54.51,54.51,0.0
2025-05-15 11:00:00-0400,54.51,54.53,54.37,54.5,3726.0
2025-05-15 11:05:00-0400,54.5,54.5,54.5,54.5,0.0
2025-05-15 11:10:00-0400,54.5,54.5,54.5,54.5,0.0
2025-05-15 11:15:00-0400,54.5,54.52,54.5,54.52,217.0
2025-05-15 11:20:00-0400,54.52,54.52,54.52,54.52,0.0
2025-05-15 11:25:00-0400,54.52,54.52,54.52,54.52,0.0
2025-05-15 11:30:00-0400,54.51,54.51,54.51,54.51,100.0
2025-05-15 11:35:00-0400,54.51,54.51,54.51,54.51,0.0
2025-05-15 11:40:00-0400,54.51,54.53,54.51,54.52,1000.0
2025-05-15 11:45:00-0400,54.52,54.52,54.52,54.52,0.0
2025-05-15 11:50:00-0400,54.52,54.52,54.52,54.52,0.0
2025-05-15 11:55:00-0400,54.52,54.52,54.52,54.52,0.0
2025-05-15 12:00:00-0400,54.52,54.54,54.01,54.01,76200.0
2025-05-15 12:05:00-0400,54.01,54.01,54.01,54.01,0.0
2025-05-15 12:10:00-0400,54.01,54.44,54.01,54.44,276.0
2025-05-15 12:15:00-0400,54.44,54.46,54.44,54.46,593.0
2025-05-15 12:20:00-0400,54.46,54.48,54.43,54.44,2008.0
2025-05-15 12:25:00-0400,54.44,54.44,54.44,54.44,0.0
2025-05-15 12:30:00-0400,54.44,54.44,54.44,54.44,0.0
2025-05-15 12:35:00-0400,54.44,54.44,54.44,54.44,0.0
2025-05-15 12:40:00-0400,54.44,54.46,54.44,54.46,100.0
2025-05-15 12:45:00-0400,54.46,54.46,54.46,54.46,0.0
2025-05-15 12:50:00-0400,54.46,54.58,54.46,54.58,257.0
2025-05-15 12:55:00-0400,54.58,54.58,54.58,54.58,0.0
2025-05-15 13:00:00-0400,54.58,54.58,54.53,54.53,114.0
2025-05-15 13:05:00-0400,54.53,54.53,54.53,54.53,0.0
2025-05-15 13:10:00-0400,54.53,54.53,54.53,54.53,0.0
2025-05-15 13:15:00-0400,54.53,54.53,54.53,54.53,0.0
2025-05-15 13:20:00-0400,54.53,54.53,54.53,54.53,0.0
2025-05-15 13:25:00-0400,54.53,54.53,54.53,54.53,300.0
2025-05-15 13:30:00-0400,54.53,54.548,54.51,54.53,42693.0
2025-05-15 13:35:00-0400,54.535,54.56,54.5207,54.55,79906.0
2025-05-15 13:40:00-0400,54.55,54.63,54.53,54.62,185479.0
2025-05-15 13:45:00-0400,54.62,54.64,54.59,54.61,303342.0
2025-05-15 13:50:00-0400,54.61,54.615,54.545,54.56,178027.0
2025-05-15 13:55:00-0400,54.555,54.59,54.545,54.585,152125.0
2025-05-15 14:00:00-0400,54.585,54.595,54.545,54.555,135429.0
2025-05-15 14:05:00-0400,54.555,54.605,54.5537,54.6049,169238.0
2025-05-15 14:10:00-0400,54.6,54.605,54.565,54.57,112527.0
2025-05-15 14:15:00-0400,54.575,54.62,54.57,54.605,118317.0
2025-05-15 14:20:00-0400,54.6,54.64,54.585,54.63,144632.0
2025-05-15 14:25:00-0400,54.63,54.64,54.62,54.6217,61193.0
2025-05-15 14:30:00-0400,54.63,54.63,54.58,54.58,117838.0
2025-05-15 14:35:00-0400,54.585,54.585,54.535,54.535,65572.0
2025-05-15 14:40:00-0400,54.5343,54.57,54.5234,54.57,117999.0
2025-05-15 14:45:00-0400,54.57,54.57,54.54,54.545,35253.0
2025-05-15 14:50:00-0400,54.545,54.57,54.5301,54.56,59451.0
2025-05-15 14:55:00-0400,54.555,54.59,54.5546,54.56,44270.0
2025-05-15 15:00:00-0400,54.565,54.58,54.565,54.575,66608.0
2025-05-15 15:05:00-0400,54.575,54.59,54.555,54.58,60842.0
2025-05-15 15:10:00-0400,54.57,54.6,54.57,54.59,43940.0
2025-05-15 15:15:00-0400,54.59,54.61,54.59,54.605,52732.0
2025-05-15 15:20:00-0400,54.605,54.62,54.605,54.615,26715.0
2025-05-15 15:25:00-0400,54.61,54.63,54.6048,54.62,30459.0
2025-05-15 15:30:00-0400,54.615,54.63,54.6046,54.61,63061.0
2025-05-15 15:35:00-0400,54.61,54.62,54.595,54.6,53291.0
2025-05-15 15:40:00-0400,54.5966,54.61,54.59,54.6,90938.0
2025-05-15 15:45:00-0400,54.6,54.64,54.6,54.625,63733.0
2025-05-15 15:50:00-0400,54.625,54.63,54.6127,54.615,25995.0
2025-05-15 15:55:00-0400,54.615,54.62,54.6,54.615,54161.0
2025-05-15 16:00:00-0400,54.615,54.6254,54.61,54.625,17046.0
2025-05-16 09:35:00-0400,54.625,54.625,54.625,54.625,0.0
2025-05-16 09:40:00-0400,54.625,54.625,54.625,54.625,0.0
2025-05-16 09:45:00-0400,54.625,54.625,54.625,54.625,0.0
2025-05-16 09:50:00-0400,54.625,54.625,54.625,54.625,0.0
2025-05-16 09:55:00-0400,54.625,54.625,54.625,54.625,0.0
2025-05-16 10:00:00-0400,54.625,54.625,54.625,54.625,0.0
2025-05-16 10:05:00-0400,54.625,54.625,54.625,54.625,0.0
2025-05-16 10:10:00-0400,54.625,54.625,54.625,54.625,0.0
2025-05-16 10:15:00-0400,54.625,54.625,54.625,54.625,0.0
2025-05-16 10:20:00-0400,54.625,54.625,54.625,54.625,0.0
2025-05-16 10:25:00-0400,54.625,54.625,54.625,54.625,0.0
2025-05-16 10:30:00-0400,54.625,54.625,54.51,54.51,237.0
2025-05-16 10:35:00-0400,54.51,54.51,54.51,54.51,0.0
2025-05-16 10:40:00-0400,54.51,54.51,54.51,54.51,0.0
2025-05-16 10:45:00-0400,54.51,54.51,54.51,54.51,0.0
2025-05-16 10:50:00-0400,54.51,54.51,54.51,54.51,0.0
2025-05-16 10:55:00-0400,54.51,54.51,54.51,54.51,0.0
2025-05-16 11:00:00-0400,54.51,54.64,54.51,54.64,520.0
2025-05-16 11:05:00-0400,54.64,54.64,54.64,54.64,0.0
2025-05-16 11:10:00-0400,54.64,54.64,54.48,54.5,611.0
2025-05-16 11:15:00-0400,54.45,54.45,54.41,54.41,2000.0
2025-05-16 11:20:00-0400,54.41,54.53,54.41,54.52,636.0
2025-05-16 11:25:00-0400,54.52,54.52,54.52,54.52,0.0
2025-05-16 11:30:00-0400,54.52,54.52,54.52,54.52,0.0
2025-05-16 11:35:00-0400,54.52,54.52,54.52,54.52,0.0
2025-05-16 11:40:00-0400,54.52,54.52,54.52,54.52,0.0
2025-05-16 11:45:00-0400,54.52,54.52,54.52,54.52,0.0
2025-05-16 11:50:00-0400,54.52,54.52,54.52,54.52,0.0
2025-05-16 11:55:00-0400,54.52,54.52,54.52,54.52,0.0
2025-05-16 12:00:00-0400,54.52,54.52,54.41,54.41,233.0
2025-05-16 12:05:00-0400,54.41,54.6343,54.41,54.6343,666.0
2025-05-16 12:10:00-0400,54.6343,54.6343,54.53,54.53,505.0
2025-05-16 12:15:00-0400,54.53,54.53,54.53,54.53,0.0
2025-05-16 12:20:00-0400,54.53,54.53,54.53,54.53,0.0
2025-05-16 12:25:00-0400,54.53,54.53,54.53,54.53,0.0
2025-05-16 12:30:00-0400,54.53,54.53,54.53,54.53,0.0
2025-05-16 12:35:00-0400,54.53,54.53,54.53,54.53,0.0
2025-05-16 12:40:00-0400,54.53,54.53,54.53,54.53,0.0
2025-05-16 12:45:00-0400,54.53,54.53,54.53,54.53,0.0
2025-05-16 12:50:00-0400,54.53,54.56,54.53,54.56,200.0
2025-05-16 12:55:00-0400,54.56,54.56,54.56,54.56,0.0
2025-05-16 13:00:00-0400,54.56,54.56,54.5,54.51,740.0
2025-05-16 13:05:00-0400,54.51,54.51,54.51,54.51,0.0
2025-05-16 13:10:00-0400,54.51,54.51,54.51,54.51,0.0
2025-05-16 13:15:00-0400,54.51,54.51,54.51,54.51,0.0
2025-05-16 13:20:00-0400,54.55,54.55,54.54,54.54,628.0
2025-05-16 13:25:00-0400,54.54,54.54,54.54,54.54,0.0
2025-05-16 13:30:00-0400,54.54,54.55,54.495,54.525,108923.0
2025-05-16 13:35:00-0400,54.525,54.56,54.515,54.55,142079.0
2025-05-16 13:40:00-0400,54.55,54.58,54.55,54.555,131397.0
2025-05-16 13:45:00-0400,54.56,54.565,54.515,54.53,103169.0
2025-05-16 13:50:00-0400,54.525,54.565,54.5057,54.56,127182.0
2025-05-16 13:55:00-0400,54.56,54.59,54.5546,54.585,75006.0
2025-05-16 14:00:00-0400,54.585,54.645,54.57,54.6,126123.0
2025-05-16 14:05:00-0400,54.6,54.615,54.55,54.55,83788.0
2025-05-16 14:10:00-0400,54.55,54.56,54.525,54.535,60003.0
2025-05-16 14:15:00-0400,54.535,54.55,54.5246,54.53,35767.0
2025-05-16 14:20:00-0400,54.54,54.56,54.535,54.5512,65611.0
2025-05-16 14:25:00-0400,54.56,54.59,54.5546,54.58,62263.0
2025-05-16 14:30:00-0400,54.58,54.58,54.5348,54.535,37193.0
2025-05-16 14:35:00-0400,54.53,54.535,54.5,54.505,77566.0
2025-05-16 14:40:00-0400,54.5,54.5,54.485,54.49,27318.0
2025-05-16 14:45:00-0400,54.49,54.49,54.4548,54.475,118425.0
2025-05-16 14:50:00-0400,54.48,54.495,54.47,54.495,14740.0
2025-05-16 14:55:00-0400,54.495,54.495,54.465,54.48,52709.0
2025-05-16 15:00:00-0400,54.48,54.5,54.4748,54.49,50295.0
2025-05-16 15:05:00-0400,54.49,54.49,54.46,54.47,34345.0
2025-05-16 15:10:00-0400,54.47,54.495,54.455,54.48,46868.0
2025-05-16 15:15:00-0400,54.475,54.49,54.47,54.485,90512.0
2025-05-16 15:20:00-0400,54.485,54.495,54.47,54.495,70047.0
2025-05-16 15:25:00-0400,54.49,54.5,54.48,54.495,81245.0
2025-05-16 15:30:00-0400,54.495,54.5259,54.495,54.51,29629.0
2025-05-16 15:35:00-0400,54.515,54.535,54.51,54.53,139825.0
2025-05-16 15:40:00-0400,54.53,54.535,54.51,54.5237,39774.0
2025-05-16 15:45:00-0400,54.525,54.54,54.52,54.52,22681.0
2025-05-16 15:50:00-0400,54.525,54.535,54.52,54.535,40666.0
2025-05-16 15:55:00-0400,54.535,54.5499,54.53,54.54,21166.0
2025-05-16 16:00:00-0400,54.545,54.545,54.53,54.53,12648.0
2025-05-19 09:35:00-0400,54.53,54.53,54.53,54.53,0.0
2025-05-19 09:40:00-0400,54.53,54.53,54.53,54.53,0.0
2025-05-19 09:45:00-0400,54.53,54.53,54.53,54.53,0.0
2025-05-19 09:50:00-0400,54.53,54.53,54.53,54.53,0.0
2025-05-19 09:55:00-0400,54.53,54.53,54.53,54.53,0.0
2025-05-19 10:00:00-0400,54.53,54.53,54.53,54.53,0.0
2025-05-19 10:05:00-0400,54.53,54.53,54.53,54.53,0.0
2025-05-19 10:10:00-0400,54.53,54.53,54.53,54.53,0.0
2025-05-19 10:15:00-0400,54.53,54.53,54.53,54.53,0.0
2025-05-19 10:20:00-0400,54.53,54.53,54.53,54.53,0.0
2025-05-19 10:25:00-0400,54.53,54.53,54.53,54.53,0.0
2025-05-19 10:30:00-0400,54.53,54.53,54.53,54.53,0.0
2025-05-19 10:35:00-0400,54.53,54.53,54.53,54.53,0.0
2025-05-19 10:40:00-0400,54.53,54.53,54.53,54.53,0.0
2025-05-19 10:45:00-0400,54.53,54.53,54.42,54.42,300.0
2025-05-19 10:50:00-0400,54.42,54.42,54.42,54.42,0.0
2025-05-19 10:55:00-0400,54.42,54.42,54.42,54.42,0.0
2025-05-19 11:00:00-0400,54.42,54.42,54.42,54.42,0.0
2025-05-19 11:05:00-0400,54.42,54.42,54.42,54.42,0.0
2025-05-19 11:10:00-0400,54.42,54.53,54.42,54.53,4467.0
2025-05-19 11:15:00-0400,54.53,54.53,54.53,54.53,0.0
2025-05-19 11:20:00-0400,54.53,54.53,54.53,54.53,0.0
2025-05-19 11:25:00-0400,54.53,54.53,54.53,54.53,0.0
2025-05-19 11:30:00-0400,54.53,54.53,54.53,54.53,0.0
2025-05-19 11:35:00-0400,54.53,54.53,54.53,54.53,0.0
2025-05-19 11:40:00-0400,54.53,54.53,54.53,54.53,0.0
2025-05-19 11:45:00-0400,54.53,54.53,54.53,54.53,0.0
2025-05-19 11:50:00-0400,54.53,54.53,54.53,54.53,0.0
2025-05-19 11:55:00-0400,54.53,54.53,54.53,54.53,0.0
2025-05-19 12:00:00-0400,54.53,54.67,54.48,54.49,1810.0
2025-05-19 12:05:00-0400,54.49,54.49,54.49,54.49,0.0
2025-05-19 12:10:00-0400,54.49,54.56,54.3813,54.56,860.0
2025-05-19 12:15:00-0400,54.56,54.56,54.56,54.56,0.0
2025-05-19 12:20:00-0400,54.56,54.56,54.47,54.47,1000.0
2025-05-19 12:25:00-0400,54.47,54.47,54.47,54.47,0.0
2025-05-19 12:30:00-0400,54.47,54.47,54.47,54.47,0.0
2025-05-19 12:35:00-0400,54.47,54.47,54.47,54.47,0.0
2025-05-19 12:40:00-0400,54.47,54.47,54.47,54.47,0.0
2025-05-19 12:45:00-0400,54.47,54.47,54.47,54.47,0.0
2025-05-19 12:50:00-0400,54.47,54.47,54.47,54.47,0.0
2025-05-19 12:55:00-0400,54.47,54.47,54.47,54.47,0.0
2025-05-19 13:00:00-0400,54.47,54.47,54.47,54.47,0.0
2025-05-19 13:05:00-0400,54.47,54.49,54.47,54.49,1400.0
2025-05-19 13:10:00-0400,54.49,54.49,54.49,54.49,0.0
2025-05-19 13:15:00-0400,54.49,54.49,54.48,54.48,799.0
2025-05-19 13:20:00-0400,54.48,54.48,54.48,54.48,0.0
2025-05-19 13:25:00-0400,54.48,54.48,54.48,54.48,0.0
2025-05-19 13:30:00-0400,54.48,54.57,54.48,54.57,54015.0
2025-05-19 13:35:00-0400,54.57,54.64,54.57,54.62,130611.0
2025-05-19 13:40:00-0400,54.62,54.64,54.62,54.625,54911.0
2025-05-19 13:45:00-0400,54.635,54.65,54.625,54.63,44398.0
2025-05-19 13:50:00-0400,54.6388,54.66,54.615,54.655,167296.0
2025-05-19 13:55:00-0400,54.655,54.715,54.645,54.715,100078.0
2025-05-19 14:00:00-0400,54.715,54.73,54.705,54.715,39573.0
2025-05-19 14:05:00-0400,54.715,54.73,54.675,54.675,62777.0
2025-05-19 14:10:00-0400,54.6897,54.725,54.685,54.725,73886.0
2025-05-19 14:15:00-0400,54.72,54.72,54.7,54.715,52942.0
2025-05-19 14:20:00-0400,54.715,54.74,54.715,54.7303,47519.0
2025-05-19 14:25:00-0400,54.735,54.74,54.715,54.715,41783.0
2025-05-19 14:30:00-0400,54.71,54.735,54.6948,54.725,50313.0
2025-05-19 14:35:00-0400,54.725,54.735,54.715,54.725,84635.0
2025-05-19 14:40:00-0400,54.725,54.7297,54.705,54.715,76170.0
2025-05-19 14:45:00-0400,54.715,54.7232,54.705,54.71,30671.0
2025-05-19 14:50:00-0400,54.71,54.7301,54.705,54.725,48878.0
2025-05-19 14:55:00-0400,54.72,54.74,54.715,54.735,45332.0
2025-05-19 15:00:00-0400,54.735,54.74,54.72,54.725,35171.0
2025-05-19 15:05:00-0400,54.725,54.74,54.725,54.725,44878.0
2025-05-19 15:10:00-0400,54.725,54.73,54.705,54.725,62275.0
2025-05-19 15:15:00-0400,54.725,54.745,54.725,54.74,24635.0
2025-05-19 15:20:00-0400,54.735,54.74,54.72,54.735,32500.0
2025-05-19 15:25:00-0400,54.735,54.74,54.72,54.73,38223.0
2025-05-19 15:30:00-0400,54.725,54.725,54.7,54.705,27452.0
2025-05-19 15:35:00-0400,54.705,54.71,54.7,54.7,21950.0
2025-05-19 15:40:00-0400,54.705,54.73,54.69,54.725,40735.0
2025-05-19 15:45:00-0400,54.725,54.7299,54.705,54.71,65537.0
2025-05-19 15:50:00-0400,54.705,54.71,54.69,54.69,83569.0
2025-05-19 15:55:00-0400,54.695,54.695,54.675,54.675,66608.0
2025-05-19 16:00:00-0400,54.675,54.69,54.675,54.685,24420.0
2025-05-20 09:35:00-0400,54.685,54.685,54.685,54.685,0.0
2025-05-20 09:40:00-0400,54.685,54.685,54.685,54.685,0.0
2025-05-20 09:45:00-0400,54.685,54.685,54.685,54.685,0.0
2025-05-20 09:50:00-0400,54.685,54.685,53.98,53.98,100.0
2025-05-20 09:55:00-0400,53.98,53.98,53.98,53.98,0.0
2025-05-20 10:00:00-0400,53.98,54.01,53.98,54.01,102.0
2025-05-20 10:05:00-0400,53.92,53.92,53.88,53.88,1490.0
2025-05-20 10:10:00-0400,53.88,53.88,53.88,53.88,0.0
2025-05-20 10:15:00-0400,53.88,53.88,53.88,53.88,0.0
2025-05-20 10:20:00-0400,53.88,53.88,53.88,53.88,0.0
2025-05-20 10:25:00-0400,53.88,53.88,53.88,53.88,0.0
2025-05-20 10:30:00-0400,53.88,53.88,53.88,53.88,0.0
2025-05-20 10:35:00-0400,53.88,53.98,53.88,53.98,135.0
2025-05-20 10:40:00-0400,53.98,53.98,53.98,53.98,0.0
2025-05-20 10:45:00-0400,53.98,53.98,53.98,53.98,0.0
2025-05-20 10:50:00-0400,53.98,53.98,53.98,53.98,0.0
2025-05-20 10:55:00-0400,53.98,53.98,53.98,53.98,0.0
2025-05-20 11:00:00-0400,53.98,53.98,53.98,53.98,0.0
2025-05-20 11:05:00-0400,53.98,53.98,53.98,53.98,0.0
2025-05-20 11:10:00-0400,53.99,53.99,53.99,53.99,192.0
2025-05-20 11:15:00-0400,53.99,53.99,53.99,53.99,0.0
2025-05-20 11:20:00-0400,53.99,53.99,53.99,53.99,0.0
2025-05-20 11:25:00-0400,53.99,53.99,53.98,53.98,1000.0
2025-05-20 11:30:00-0400,53.98,53.98,53.95,53.95,769.0
2025-05-20 11:35:00-0400,53.95,54.11,53.95,54.11,100.0
2025-05-20 11:40:00-0400,54.11,54.11,54.11,54.11,0.0
2025-05-20 11:45:00-0400,54.11,54.11,54.11,54.11,0.0
2025-05-20 11:50:00-0400,54.11,54.14,54.03,54.03,2782.0
2025-05-20 11:55:00-0400,54.03,54.06,54.02,54.02,1350.0
2025-05-20 12:00:00-0400,54.02,54.6,54.02,54.32,5143.0
2025-05-20 12:05:00-0400,54.32,54.32,54.32,54.32,0.0
2025-05-20 12:10:00-0400,54.32,54.32,54.0,54.0,350.0
2025-05-20 12:15:00-0400,54.0,54.0,54.0,54.0,0.0
2025-05-20 12:20:00-0400,54.0,54.12,54.0,54.12,153.0
2025-05-20 12:25:00-0400,54.12,54.12,54.12,54.12,0.0
2025-05-20 12:30:00-0400,54.12,54.15,54.11,54.15,1125.0
2025-05-20 12:35:00-0400,54.15,54.15,54.15,54.15,0.0
2025-05-20 12:40:00-0400,54.15,54.15,54.09,54.09,100.0
2025-05-20 12:45:00-0400,54.09,54.09,54.09,54.09,0.0
2025-05-20 12:50:00-0400,54.09,54.09,54.09,54.09,0.0
2025-05-20 12:55:00-0400,54.09,54.09,54.02,54.02,214.0
2025-05-20 13:00:00-0400,54.02,54.02,54.02,54.02,0.0
2025-05-20 13:05:00-0400,54.02,54.02,54.02,54.02,0.0
2025-05-20 13:10:00-0400,54.02,54.15,54.02,54.15,200.0
2025-05-20 13:15:00-0400,54.15,54.15,54.15,54.15,0.0
2025-05-20 13:20:00-0400,54.15,54.15,54.15,54.15,0.0
2025-05-20 13:25:00-0400,54.17,54.17,54.17,54.17,400.0
2025-05-20 13:30:00-0400,54.12,54.12,54.01,54.02,64340.0
2025-05-20 13:35:00-0400,54.02,54.08,54.02,54.07,100709.0
2025-05-20 13:40:00-0400,54.07,54.08,54.045,54.055,91757.0
2025-05-20 13:45:00-0400,54.05,54.09,54.045,54.08,44601.0
2025-05-20 13:50:00-0400,54.075,54.075,54.045,54.065,123881.0
2025-05-20 13:55:00-0400,54.065,54.1,54.06,54.095,98326.0
2025-05-20 14:00:00-0400,54.09,54.095,54.075,54.09,59456.0
2025-05-20 14:05:00-0400,54.095,54.11,54.085,54.1046,99005.0
2025-05-20 14:10:00-0400,54.1,54.1163,54.1,54.11,39867.0
2025-05-20 14:15:00-0400,54.105,54.12,54.095,54.1,32433.0
2025-05-20 14:20:00-0400,54.105,54.11,54.09,54.105,43604.0
2025-05-20 14:25:00-0400,54.11,54.14,54.105,54.135,108201.0
2025-05-20 14:30:00-0400,54.13,54.15,54.125,54.145,73981.0
2025-05-20 14:35:00-0400,54.14,54.15,54.125,54.125,34057.0
2025-05-20 14:40:00-0400,54.13,54.165,54.12,54.1635,25864.0
2025-05-20 14:45:00-0400,54.17,54.18,54.16,54.175,18699.0
2025-05-20 14:50:00-0400,54.18,54.18,54.14,54.1446,42849.0
2025-05-20 14:55:00-0400,54.14,54.14,54.125,54.125,28069.0
2025-05-20 15:00:00-0400,54.1246,54.13,54.11,54.115,32939.0
2025-05-20 15:05:00-0400,54.115,54.13,54.1001,54.115,48078.0
2025-05-20 15:10:00-0400,54.115,54.12,54.1022,54.115,42018.0
2025-05-20 15:15:00-0400,54.115,54.13,54.115,54.1265,27705.0
2025-05-20 15:20:00-0400,54.13,54.14,54.125,54.135,18266.0
2025-05-20 15:25:00-0400,54.135,54.14,54.11,54.125,84231.0
2025-05-20 15:30:00-0400,54.12,54.14,54.12,54.13,34868.0
2025-05-20 15:35:00-0400,54.125,54.135,54.11,54.1248,51720.0
2025-05-20 15:40:00-0400,54.12,54.13,54.12,54.13,23940.0
2025-05-20 15:45:00-0400,54.12,54.125,54.1,54.105,36533.0
2025-05-20 15:50:00-0400,54.105,54.13,54.105,54.125,45661.0
2025-05-20 15:55:00-0400,54.125,54.13,54.115,54.12,18740.0
2025-05-20 16:00:00-0400,54.125,54.14,54.125,54.135,34413.0
2025-05-21 09:35:00-0400,54.135,54.135,54.135,54.135,0.0
2025-05-21 09:40:00-0400,54.135,54.135,54.135,54.135,0.0
2025-05-21 09:45:00-0400,54.135,54.135,54.135,54.135,0.0
2025-05-21 09:50:00-0400,54.135,54.135,54.135,54.135,0.0
2025-05-21 09:55:00-0400,54.135,54.135,54.135,54.135,0.0
2025-05-21 10:00:00-0400,54.135,54.135,54.135,54.135,0.0
2025-05-21 10:05:00-0400,54.135,54.135,54.135,54.135,0.0
2025-05-21 10:10:00-0400,54.135,54.135,54.135,54.135,0.0
2025-05-21 10:15:00-0400,54.135,54.135,54.135,54.135,0.0
2025-05-21 10:20:00-0400,54.135,54.135,54.135,54.135,0.0
2025-05-21 10:25:00-0400,54.135,54.135,54.135,54.135,0.0
2025-05-21 10:30:00-0400,54.135,54.135,54.135,54.135,0.0
2025-05-21 10:35:00-0400,54.135,54.135,54.135,54.135,0.0
2025-05-21 10:40:00-0400,54.135,54.135,54.135,54.135,0.0
2025-05-21 10:45:00-0400,54.135,54.135,54.135,54.135,0.0
2025-05-21 10:50:00-0400,54.135,54.135,54.135,54.135,0.0
2025-05-21 10:55:00-0400,54.135,54.135,54.135,54.135,0.0
2025-05-21 11:00:00-0400,54.135,54.19,54.135,54.16,693.0
2025-05-21 11:05:00-0400,54.16,54.16,54.16,54.16,0.0
2025-05-21 11:10:00-0400,54.16,54.16,54.16,54.16,0.0
2025-05-21 11:15:00-0400,54.16,54.16,54.16,54.16,0.0
2025-05-21 11:20:00-0400,54.16,54.16,54.16,54.16,0.0
2025-05-21 11:25:00-0400,54.16,54.16,54.16,54.16,0.0
2025-05-21 11:30:00-0400,54.16,54.16,54.16,54.16,0.0
2025-05-21 11:35:00-0400,54.16,54.16,54.16,54.16,0.0
2025-05-21 11:40:00-0400,54.16,54.16,54.16,54.16,0.0
2025-05-21 11:45:00-0400,54.16,54.16,54.16,54.16,0.0
2025-05-21 11:50:00-0400,54.16,54.16,54.16,54.16,0.0
2025-05-21 11:55:00-0400,54.16,54.16,54.16,54.16,0.0
2025-05-21 12:00:00-0400,54.16,54.4,54.11,54.11,1112.0
2025-05-21 12:05:00-0400,54.11,54.11,54.11,54.11,0.0
2025-05-21 12:10:00-0400,54.11,54.11,54.11,54.11,0.0
2025-05-21 12:15:00-0400,54.11,54.11,54.11,54.11,0.0
2025-05-21 12:20:00-0400,54.11,54.11,54.11,54.11,0.0
2025-05-21 12:25:00-0400,54.11,54.17,54.11,54.17,500.0
2025-05-21 12:30:00-0400,54.17,54.17,54.17,54.17,0.0
2025-05-21 12:35:00-0400,54.17,54.17,54.17,54.17,0.0
2025-05-21 12:40:00-0400,54.17,54.17,54.17,54.17,0.0
2025-05-21 12:45:00-0400,54.17,54.17,54.17,54.17,0.0
2025-05-21 12:50:00-0400,54.17,54.17,54.17,54.17,0.0
2025-05-21 12:55:00-0400,54.17,54.17,54.14,54.14,203.0
2025-05-21 13:00:00-0400,54.14,54.14,54.14,54.14,0.0
2025-05-21 13:05:00-0400,54.14,54.14,54.14,54.14,0.0
2025-05-21 13:10:00-0400,54.14,54.14,54.09,54.12,5094.0
2025-05-21 13:15:00-0400,54.12,54.12,54.12,54.12,0.0
2025-05-21 13:20:00-0400,54.12,54.12,54.12,54.12,0.0
2025-05-21 13:25:00-0400,54.12,54.15,54.12,54.15,2778.0
2025-05-21 13:30:00-0400,54.15,54.225,54.12,54.225,39946.0
2025-05-21 13:35:00-0400,54.22,54.295,54.22,54.29,88294.0
2025-05-21 13:40:00-0400,54.29,54.31,54.255,54.26,76932.0
2025-05-21 13:45:00-0400,54.255,54.29,54.2532,54.2888,40191.0
2025-05-21 13:50:00-0400,54.2801,54.29,54.27,54.275,76949.0
2025-05-21 13:55:00-0400,54.28,54.29,54.255,54.2701,30971.0
2025-05-21 14:00:00-0400,54.27,54.29,54.2637,54.29,26555.0
2025-05-21 14:05:00-0400,54.28,54.33,54.275,54.29,138687.0
2025-05-21 14:10:00-0400,54.29,54.3,54.265,54.265,71414.0
2025-05-21 14:15:00-0400,54.2621,54.2699,54.23,54.235,25149.0
2025-05-21 14:20:00-0400,54.23,54.235,54.19,54.195,54041.0
2025-05-21 14:25:00-0400,54.195,54.21,54.1529,54.155,66210.0
2025-05-21 14:30:00-0400,54.15,54.185,54.1445,54.175,28566.0
2025-05-21 14:35:00-0400,54.175,54.18,54.14,54.165,173923.0
2025-05-21 14:40:00-0400,54.1601,54.19,54.155,54.185,23785.0
2025-05-21 14:45:00-0400,54.185,54.205,54.1848,54.195,45264.0
2025-05-21 14:50:00-0400,54.19,54.2,54.175,54.185,40868.0
2025-05-21 14:55:00-0400,54.195,54.2,54.185,54.2,32559.0
2025-05-21 15:00:00-0400,54.2,54.24,54.2,54.23,146363.0
2025-05-21 15:05:00-0400,54.23,54.24,54.21,54.21,30583.0
2025-05-21 15:10:00-0400,54.21,54.26,54.2099,54.245,71269.0
2025-05-21 15:15:00-0400,54.245,54.26,54.245,54.25,81716.0
2025-05-21 15:20:00-0400,54.25,54.28,54.25,54.275,98624.0
2025-05-21 15:25:00-0400,54.27,54.28,54.2613,54.27,39848.0
2025-05-21 15:30:00-0400,54.2648,54.28,54.2648,54.27,26120.0
2025-05-21 15:35:00-0400,54.265,54.27,54.26,54.265,23915.0
2025-05-21 15:40:00-0400,54.26,54.28,54.24,54.265,134416.0
2025-05-21 15:45:00-0400,54.265,54.28,54.26,54.265,31142.0
2025-05-21 15:50:00-0400,54.265,54.265,54.23,54.24,46463.0
2025-05-21 15:55:00-0400,54.24,54.27,54.24,54.265,21494.0
2025-05-21 16:00:00-0400,54.26,54.26,54.245,54.26,19276.0
2025-05-22 09:35:00-0400,54.26,54.26,54.26,54.26,0.0
2025-05-22 09:40:00-0400,54.26,54.26,54.26,54.26,0.0
2025-05-22 09:45:00-0400,54.26,54.26,54.26,54.26,0.0
2025-05-22 09:50:00-0400,54.26,54.26,54.26,54.26,0.0
2025-05-22 09:55:00-0400,54.26,54.26,54.26,54.26,0.0
2025-05-22 10:00:00-0400,54.26,54.26,54.26,54.26,0.0
2025-05-22 10:05:00-0400,54.26,54.26,54.26,54.26,0.0
2025-05-22 10:10:00-0400,54.26,54.26,54.26,54.26,0.0
2025-05-22 10:15:00-0400,54.26,54.26,54.26,54.26,0.0
2025-05-22 10:20:00-0400,54.26,54.26,54.26,54.26,0.0
2025-05-22 10:25:00-0400,54.26,54.26,54.26,54.26,0.0
2025-05-22 10:30:00-0400,54.26,54.26,54.26,54.26,0.0
2025-05-22 10:35:00-0400,53.55,53.66,53.52,53.66,3627.0
2025-05-22 10:40:00-0400,53.67,53.68,53.67,53.68,750.0
2025-05-22 10:45:00-0400,53.68,53.68,53.68,53.68,0.0
2025-05-22 10:50:00-0400,53.68,53.68,53.68,53.68,0.0
2025-05-22 10:55:00-0400,53.68,53.68,53.68,53.68,0.0
2025-05-22 11:00:00-0400,53.68,53.68,53.68,53.68,129.0
2025-05-22 11:05:00-0400,53.68,53.68,53.68,53.68,0.0
2025-05-22 11:10:00-0400,53.68,53.68,53.68,53.68,0.0
2025-05-22 11:15:00-0400,53.68,53.68,53.68,53.68,0.0
2025-05-22 11:20:00-0400,53.68,53.68,53.68,53.68,0.0
2025-05-22 11:25:00-0400,53.68,53.68,53.68,53.68,0.0
2025-05-22 11:30:00-0400,53.68,53.68,53.68,53.68,0.0
2025-05-22 11:35:00-0400,53.68,53.68,53.68,53.68,0.0
2025-05-22 11:40:00-0400,53.68,53.68,53.68,53.68,0.0
2025-05-22 11:45:00-0400,53.68,53.68,53.68,53.68,0.0
2025-05-22 11:50:00-0400,53.68,53.68,53.68,53.68,0.0
2025-05-22 11:55:00-0400,53.68,53.68,53.68,53.68,0.0
2025-05-22 12:00:00-0400,53.68,54.0,53.68,53.9,439.0
2025-05-22 12:05:00-0400,53.9,53.9,53.61,53.61,385.0
2025-05-22 12:10:00-0400,53.61,53.61,53.61,53.61,0.0
2025-05-22 12:15:00-0400,53.61,53.61,53.61,53.61,0.0
2025-05-22 12:20:00-0400,53.61,53.61,53.61,53.61,0.0
2025-05-22 12:25:00-0400,53.61,53.61,53.61,53.61,0.0
2025-05-22 12:30:00-0400,53.61,53.61,53.55,53.55,464.0
2025-05-22 12:35:00-0400,53.55,53.55,53.55,53.55,0.0
2025-05-22 12:40:00-0400,53.55,53.57,53.55,53.57,200.0
2025-05-22 12:45:00-0400,53.57,53.57,53.57,53.57,0.0
2025-05-22 12:50:00-0400,53.57,53.63,53.57,53.63,100.0
2025-05-22 12:55:00-0400,53.63,53.63,53.63,53.63,0.0
2025-05-22 13:00:00-0400,53.63,53.63,53.63,53.63,0.0
2025-05-22 13:05:00-0400,53.63,53.63,53.63,53.63,0.0
2025-05-22 13:10:00-0400,53.63,53.63,53.63,53.63,0.0
2025-05-22 13:15:00-0400,53.63,53.63,53.63,53.63,0.0
2025-05-22 13:20:00-0400,53.63,53.63,53.63,53.63,0.0
2025-05-22 13:25:00-0400,53.63,53.63,53.63,53.63,0.0
2025-05-22 13:30:00-0400,53.72,53.73,53.67,53.725,91034.0
2025-05-22 13:35:00-0400,53.72,53.735,53.65,53.69,118894.0
2025-05-22 13:40:00-0400,53.69,53.71,53.67,53.71,134628.0
2025-05-22 13:45:00-0400,53.7,53.72,53.68,53.69,93284.0
2025-05-22 13:50:00-0400,53.69,53.72,53.68,53.695,68929.0
2025-05-22 13:55:00-0400,53.7,53.74,53.68,53.73,121826.0
2025-05-22 14:00:00-0400,53.73,53.7354,53.695,53.7,79530.0
2025-05-22 14:05:00-0400,53.695,53.72,53.68,53.7055,77833.0
2025-05-22 14:10:00-0400,53.7,53.72,53.68,53.7069,145768.0
2025-05-22 14:15:00-0400,53.705,53.71,53.685,53.69,97791.0
2025-05-22 14:20:00-0400,53.69,53.735,53.69,53.735,50517.0
2025-05-22 14:25:00-0400,53.74,53.74,53.715,53.73,50256.0
2025-05-22 14:30:00-0400,53.73,53.77,53.725,53.7393,67348.0
2025-05-22 14:35:00-0400,53.745,53.7465,53.6917,53.695,35399.0
2025-05-22 14:40:00-0400,53.6962,53.74,53.69,53.715,94064.0
2025-05-22 14:45:00-0400,53.72,53.745,53.72,53.74,33851.0
2025-05-22 14:50:00-0400,53.74,53.755,53.7193,53.75,54933.0
2025-05-22 14:55:00-0400,53.74,53.75,53.705,53.715,76383.0
2025-05-22 15:00:00-0400,53.715,53.76,53.7,53.755,237845.0
2025-05-22 15:05:00-0400,53.755,53.765,53.75,53.76,20012.0
2025-05-22 15:10:00-0400,53.765,53.765,53.74,53.755,25446.0
2025-05-22 15:15:00-0400,53.755,53.755,53.735,53.735,32098.0
2025-05-22 15:20:00-0400,53.73,53.77,53.72,53.765,48533.0
2025-05-22 15:25:00-0400,53.77,53.79,53.7601,53.79,74514.0
2025-05-22 15:30:00-0400,53.79,53.8,53.7593,53.76,84728.0
2025-05-22 15:35:00-0400,53.76,53.815,53.76,53.815,97025.0
2025-05-22 15:40:00-0400,53.815,53.82,53.79,53.805,44201.0
2025-05-22 15:45:00-0400,53.805,53.82,53.795,53.795,51541.0
2025-05-22 15:50:00-0400,53.8,53.81,53.7938,53.795,31966.0
2025-05-22 15:55:00-0400,53.795,53.795,53.78,53.79,39944.0
2025-05-22 16:00:00-0400,53.7898,53.795,53.78,53.785,38005.0
2025-05-23 09:35:00-0400,53.785,53.785,53.785,53.785,0.0
2025-05-23 09:40:00-0400,53.785,53.785,53.785,53.785,0.0
2025-05-23 09:45:00-0400,53.785,53.785,53.785,53.785,0.0
2025-05-23 09:50:00-0400,53.785,53.785,53.785,53.785,0.0
2025-05-23 09:55:00-0400,53.785,53.785,53.785,53.785,0.0
2025-05-23 10:00:00-0400,53.785,53.785,53.785,53.785,0.0
2025-05-23 10:05:00-0400,53.785,53.785,53.785,53.785,0.0
2025-05-23 10:10:00-0400,53.785,53.785,53.785,53.785,0.0
2025-05-23 10:15:00-0400,53.785,53.785,53.785,53.785,0.0
2025-05-23 10:20:00-0400,53.785,53.785,53.785,53.785,0.0
2025-05-23 10:25:00-0400,53.785,53.785,53.785,53.785,0.0
2025-05-23 10:30:00-0400,53.785,53.785,53.785,53.785,0.0
2025-05-23 10:35:00-0400,53.785,53.785,53.785,53.785,0.0
2025-05-23 10:40:00-0400,53.785,53.785,53.785,53.785,0.0
2025-05-23 10:45:00-0400,53.785,53.785,53.785,53.785,0.0
2025-05-23 10:50:00-0400,53.785,53.785,53.785,53.785,0.0
2025-05-23 10:55:00-0400,53.785,53.785,53.785,53.785,0.0
2025-05-23 11:00:00-0400,53.785,53.785,53.785,53.785,0.0
2025-05-23 11:05:00-0400,53.785,53.785,53.785,53.785,0.0
2025-05-23 11:10:00-0400,53.785,53.785,53.785,53.785,0.0
2025-05-23 11:15:00-0400,53.785,54.52,53.785,54.52,100.0
2025-05-23 11:20:00-0400,54.52,54.52,54.52,54.52,0.0
2025-05-23 11:25:00-0400,54.52,54.52,54.52,54.52,0.0
2025-05-23 11:30:00-0400,54.52,54.52,54.52,54.52,0.0
2025-05-23 11:35:00-0400,54.2,54.2,54.2,54.2,300.0
2025-05-23 11:40:00-0400,54.2,54.2,54.2,54.2,0.0
2025-05-23 11:45:00-0400,54.2,54.2,54.2,54.2,0.0
2025-05-23 11:50:00-0400,54.2,54.2,54.2,54.2,190.0
2025-05-23 11:55:00-0400,54.2,54.2,54.2,54.2,0.0
2025-05-23 12:00:00-0400,54.2,54.41,54.02,54.15,6757.0
2025-05-23 12:05:00-0400,54.15,54.15,54.15,54.15,0.0
2025-05-23 12:10:00-0400,54.15,54.15,54.03,54.03,380.0
2025-05-23 12:15:00-0400,54.03,54.06,54.03,54.06,1325.0
2025-05-23 12:20:00-0400,54.06,54.1,54.06,54.1,200.0
2025-05-23 12:25:00-0400,54.1,54.1,54.1,54.1,0.0
2025-05-23 12:30:00-0400,54.1,54.1,54.1,54.1,0.0
2025-05-23 12:35:00-0400,54.1,54.1,54.1,54.1,0.0
2025-05-23 12:40:00-0400,54.1,54.1,54.1,54.1,0.0
2025-05-23 12:45:00-0400,54.1,54.1,54.1,54.1,0.0
2025-05-23 12:50:00-0400,54.1,54.1,54.1,54.1,0.0
2025-05-23 12:55:00-0400,54.1,54.14,54.1,54.1301,3200.0
2025-05-23 13:00:00-0400,54.1301,54.1301,54.1301,54.1301,0.0
2025-05-23 13:05:00-0400,54.1301,54.15,54.1301,54.15,1104.0
2025-05-23 13:10:00-0400,54.15,54.15,54.1022,54.13,2450.0
2025-05-23 13:15:00-0400,54.13,54.13,54.13,54.13,205.0
2025-05-23 13:20:00-0400,54.13,54.13,54.13,54.13,0.0
2025-05-23 13:25:00-0400,54.2,54.2,54.19,54.19,749.0
2025-05-23 13:30:00-0400,54.23,54.3,54.23,54.26,67318.0
2025-05-23 13:35:00-0400,54.2633,54.31,54.26,54.3,194014.0
2025-05-23 13:40:00-0400,54.295,54.31,54.24,54.245,247174.0
2025-05-23 13:45:00-0400,54.24,54.28,54.23,54.235,84758.0
2025-05-23 13:50:00-0400,54.235,54.27,54.2,54.26,317886.0
2025-05-23 13:55:00-0400,54.26,54.335,54.24,54.31,333133.0
2025-05-23 14:00:00-0400,54.31,54.325,54.28,54.295,105154.0
2025-05-23 14:05:00-0400,54.29,54.345,54.28,54.335,150795.0
2025-05-23 14:10:00-0400,54.33,54.365,54.32,54.335,131359.0
2025-05-23 14:15:00-0400,54.33,54.38,54.325,54.34,169064.0
2025-05-23 14:20:00-0400,54.34,54.36,54.34,54.34,58174.0
2025-05-23 14:25:00-0400,54.34,54.38,54.33,54.375,90267.0
2025-05-23 14:30:00-0400,54.38,54.38,54.34,54.35,100937.0
2025-05-23 14:35:00-0400,54.355,54.3765,54.34,54.36,69034.0
2025-05-23 14:40:00-0400,54.3648,54.395,54.3648,54.395,113938.0
2025-05-23 14:45:00-0400,54.395,54.405,54.38,54.39,33338.0
2025-05-23 14:50:00-0400,54.39,54.415,54.39,54.415,58311.0
2025-05-23 14:55:00-0400,54.4146,54.43,54.4046,54.43,22384.0
2025-05-23 15:00:00-0400,54.425,54.44,54.4008,54.415,48171.0
2025-05-23 15:05:00-0400,54.415,54.43,54.405,54.405,85403.0
2025-05-23 15:10:00-0400,54.41,54.43,54.41,54.42,31078.0
2025-05-23 15:15:00-0400,54.42,54.43,54.405,54.42,44061.0
2025-05-23 15:20:00-0400,54.425,54.425,54.41,54.42,38128.0
2025-05-23 15:25:00-0400,54.43,54.47,54.425,54.465,72684.0
2025-05-23 15:30:00-0400,54.47,54.485,54.45,54.485,55120.0
2025-05-23 15:35:00-0400,54.4846,54.49,54.48,54.485,15396.0
2025-05-23 15:40:00-0400,54.48,54.51,54.475,54.5099,77519.0
2025-05-23 15:45:00-0400,54.505,54.53,54.5,54.515,32329.0
2025-05-23 15:50:00-0400,54.51,54.525,54.51,54.515,52845.0
2025-05-23 15:55:00-0400,54.51,54.52,54.47,54.475,49365.0
2025-05-23 16:00:00-0400,54.475,54.48,54.455,54.46,32428.0
2025-05-27 09:35:00-0400,54.46,54.46,54.46,54.46,0.0
2025-05-27 09:40:00-0400,54.46,54.46,54.46,54.46,0.0
2025-05-27 09:45:00-0400,54.46,54.46,54.46,54.46,0.0
2025-05-27 09:50:00-0400,54.46,54.46,54.46,54.46,0.0
2025-05-27 09:55:00-0400,54.46,54.46,54.46,54.46,0.0
2025-05-27 10:00:00-0400,54.46,54.46,54.46,54.46,0.0
2025-05-27 10:05:00-0400,54.46,54.46,54.46,54.46,0.0
2025-05-27 10:10:00-0400,54.46,54.58,54.4,54.58,432.0
2025-05-27 10:15:00-0400,54.58,54.58,54.58,54.58,0.0
2025-05-27 10:20:00-0400,54.58,54.58,54.58,54.58,0.0
2025-05-27 10:25:00-0400,54.58,54.58,54.58,54.58,0.0
2025-05-27 10:30:00-0400,54.58,54.58,54.58,54.58,0.0
2025-05-27 10:35:00-0400,54.58,54.58,54.32,54.33,1500.0
2025-05-27 10:40:00-0400,54.33,54.33,54.32,54.32,162.0
2025-05-27 10:45:00-0400,54.32,54.32,54.32,54.32,0.0
2025-05-27 10:50:00-0400,54.32,54.32,54.32,54.32,0.0
2025-05-27 10:55:00-0400,54.32,54.32,54.32,54.32,0.0
2025-05-27 11:00:00-0400,54.32,54.39,54.32,54.37,786.0
2025-05-27 11:05:00-0400,54.37,54.37,54.37,54.37,0.0
2025-05-27 11:10:00-0400,54.37,54.37,54.37,54.37,0.0
2025-05-27 11:15:00-0400,54.37,54.37,54.37,54.37,0.0
2025-05-27 11:20:00-0400,54.37,54.37,54.37,54.37,0.0
2025-05-27 11:25:00-0400,54.37,54.37,54.37,54.37,0.0
2025-05-27 11:30:00-0400,54.37,54.37,54.37,54.37,0.0
2025-05-27 11:35:00-0400,54.37,54.37,54.37,54.37,0.0
2025-05-27 11:40:00-0400,54.37,54.37,54.37,54.37,0.0
2025-05-27 11:45:00-0400,54.37,54.37,54.37,54.37,0.0
2025-05-27 11:50:00-0400,54.37,54.37,54.37,54.37,0.0
2025-05-27 11:55:00-0400,54.37,54.37,54.37,54.37,0.0
2025-05-27 12:00:00-0400,54.37,54.7,54.25,54.25,2169.0
2025-05-27 12:05:00-0400,54.25,54.25,54.25,54.25,0.0
2025-05-27 12:10:00-0400,54.25,54.25,54.25,54.25,0.0
2025-05-27 12:15:00-0400,54.25,54.3295,54.25,54.3295,104.0
2025-05-27 12:20:00-0400,54.3295,54.3295,54.3295,54.3295,0.0
2025-05-27 12:25:00-0400,54.3295,54.3295,54.3295,54.3295,0.0
2025-05-27 12:30:00-0400,54.3295,54.4,54.3295,54.4,1471.0
2025-05-27 12:35:00-0400,54.4,54.49,54.4,54.49,3040.0
2025-05-27 12:40:00-0400,54.49,54.49,54.49,54.49,0.0
2025-05-27 12:45:00-0400,54.49,54.49,54.49,54.49,0.0
2025-05-27 12:50:00-0400,54.49,54.49,54.49,54.49,0.0
2025-05-27 12:55:00-0400,54.49,54.49,54.49,54.49,0.0
2025-05-27 13:00:00-0400,54.49,54.49,54.49,54.49,0.0
2025-05-27 13:05:00-0400,54.49,54.49,54.49,54.49,1034.0
2025-05-27 13:10:00-0400,54.49,54.49,54.49,54.49,0.0
2025-05-27 13:15:00-0400,54.49,54.49,54.49,54.49,0.0
2025-05-27 13:20:00-0400,54.49,54.52,54.49,54.52,506.0
2025-05-27 13:25:00-0400,54.52,54.52,54.49,54.51,971.0
2025-05-27 13:30:00-0400,54.52,54.57,54.49,54.4982,55553.0
2025-05-27 13:35:00-0400,54.495,54.495,54.39,54.4,94673.0
2025-05-27 13:40:00-0400,54.395,54.44,54.385,54.4331,82457.0
2025-05-27 13:45:00-0400,54.435,54.46,54.42,54.45,73462.0
2025-05-27 13:50:00-0400,54.4588,54.4588,54.435,54.455,76448.0
2025-05-27 13:55:00-0400,54.45,54.46,54.4346,54.44,91661.0
2025-05-27 14:00:00-0400,54.44,54.47,54.4327,54.46,63267.0
2025-05-27 14:05:00-0400,54.46,54.49,54.46,54.485,59902.0
2025-05-27 14:10:00-0400,54.4897,54.495,54.48,54.485,26890.0
2025-05-27 14:15:00-0400,54.485,54.49,54.47,54.48,61625.0
2025-05-27 14:20:00-0400,54.485,54.515,54.485,54.515,73057.0
2025-05-27 14:25:00-0400,54.51,54.525,54.51,54.525,36331.0
2025-05-27 14:30:00-0400,54.525,54.53,54.51,54.525,66984.0
2025-05-27 14:35:00-0400,54.52,54.525,54.48,54.485,28000.0
2025-05-27 14:40:00-0400,54.485,54.49,54.475,54.4847,36980.0
2025-05-27 14:45:00-0400,54.485,54.505,54.485,54.5,46682.0
2025-05-27 14:50:00-0400,54.505,54.515,54.495,54.515,27202.0
2025-05-27 14:55:00-0400,54.52,54.52,54.5,54.52,51911.0
2025-05-27 15:00:00-0400,54.515,54.52,54.51,54.51,21237.0
2025-05-27 15:05:00-0400,54.51,54.52,54.51,54.5101,9870.0
2025-05-27 15:10:00-0400,54.51,54.52,54.5,54.505,117879.0
2025-05-27 15:15:00-0400,54.505,54.51,54.5,54.505,51018.0
2025-05-27 15:20:00-0400,54.5,54.52,54.5,54.505,116601.0
2025-05-27 15:25:00-0400,54.51,54.51,54.49,54.49,160758.0
2025-05-27 15:30:00-0400,54.49,54.5,54.48,54.485,177604.0
2025-05-27 15:35:00-0400,54.485,54.49,54.475,54.4845,53037.0
2025-05-27 15:40:00-0400,54.49,54.5,54.48,54.485,93371.0
2025-05-27 15:45:00-0400,54.48,54.4945,54.48,54.49,31953.0
2025-05-27 15:50:00-0400,54.49,54.4999,54.46,54.49,58909.0
2025-05-27 15:55:00-0400,54.4943,54.495,54.475,54.475,28896.0
2025-05-27 16:00:00-0400,54.48,54.485,54.47,54.4754,13968.0
2025-05-28 09:35:00-0400,54.4754,54.4754,54.4754,54.4754,0.0
2025-05-28 09:40:00-0400,54.4754,54.4754,54.4754,54.4754,0.0
2025-05-28 09:45:00-0400,54.4754,54.4754,54.4754,54.4754,0.0
2025-05-28 09:50:00-0400,54.4754,54.4754,54.4754,54.4754,0.0
2025-05-28 09:55:00-0400,54.4754,54.4754,54.4754,54.4754,0.0
2025-05-28 10:00:00-0400,54.4754,54.4754,54.4754,54.4754,0.0
2025-05-28 10:05:00-0400,54.4754,54.4754,54.4754,54.4754,0.0
2025-05-28 10:10:00-0400,54.4754,54.4754,54.4754,54.4754,0.0
2025-05-28 10:15:00-0400,54.4754,54.4754,54.4754,54.4754,0.0
2025-05-28 10:20:00-0400,54.4754,54.4754,54.4754,54.4754,0.0
2025-05-28 10:25:00-0400,54.4754,54.4754,54.4754,54.4754,0.0
2025-05-28 10:30:00-0400,54.4754,54.4754,54.4754,54.4754,0.0
2025-05-28 10:35:00-0400,54.4754,54.4754,54.4754,54.4754,0.0
2025-05-28 10:40:00-0400,54.4754,54.4754,54.4754,54.4754,0.0
2025-05-28 10:45:00-0400,54.4754,54.4754,54.4754,54.4754,0.0
2025-05-28 10:50:00-0400,54.4754,54.4754,54.4754,54.4754,0.0
2025-05-28 10:55:00-0400,54.4754,54.4754,54.4754,54.4754,0.0
2025-05-28 11:00:00-0400,54.4754,54.4754,54.4754,54.4754,0.0
2025-05-28 11:05:00-0400,54.4754,54.4754,54.4754,54.4754,0.0
2025-05-28 11:10:00-0400,54.4754,54.4754,54.4754,54.4754,0.0
2025-05-28 11:15:00-0400,54.4754,54.4754,54.4754,54.4754,0.0
2025-05-28 11:20:00-0400,54.4754,54.4754,54.4754,54.4754,0.0
2025-05-28 11:25:00-0400,54.4754,54.4754,54.4754,54.4754,0.0
2025-05-28 11:30:00-0400,54.4754,54.4754,54.4754,54.4754,0.0
2025-05-28 11:35:00-0400,54.4754,54.4754,54.4754,54.4754,0.0
2025-05-28 11:40:00-0400,54.4754,54.4754,54.4754,54.4754,0.0
2025-05-28 11:45:00-0400,54.4754,54.4754,54.4754,54.4754,0.0
2025-05-28 11:50:00-0400,54.4754,54.4754,54.4754,54.4754,0.0
2025-05-28 11:55:00-0400,54.4754,54.4754,54.4754,54.4754,0.0
2025-05-28 12:00:00-0400,54.4754,54.4754,54.34,54.35,770.0
2025-05-28 12:05:00-0400,54.35,54.35,54.35,54.35,0.0
2025-05-28 12:10:00-0400,54.35,54.35,54.35,54.35,0.0
2025-05-28 12:15:00-0400,54.35,54.35,54.2001,54.2001,730.0
2025-05-28 12:20:00-0400,54.2001,54.2001,54.2001,54.2001,0.0
2025-05-28 12:25:00-0400,54.2001,54.21,54.2001,54.21,100.0
2025-05-28 12:30:00-0400,54.21,54.21,54.21,54.21,0.0
2025-05-28 12:35:00-0400,54.21,54.21,54.21,54.21,0.0
2025-05-28 12:40:00-0400,54.21,54.25,54.21,54.25,200.0
2025-05-28 12:45:00-0400,54.25,54.25,54.25,54.25,0.0
2025-05-28 12:50:00-0400,54.25,54.25,54.25,54.25,1001.0
2025-05-28 12:55:00-0400,54.25,54.25,54.23,54.23,601.0
2025-05-28 13:00:00-0400,54.23,54.23,54.23,54.23,0.0
2025-05-28 13:05:00-0400,54.23,54.23,54.23,54.23,0.0
2025-05-28 13:10:00-0400,54.23,54.23,54.23,54.23,0.0
2025-05-28 13:15:00-0400,54.23,54.23,54.23,54.23,0.0
2025-05-28 13:20:00-0400,54.23,54.23,54.23,54.23,0.0
2025-05-28 13:25:00-0400,54.28,54.28,54.27,54.27,1838.0
2025-05-28 13:30:00-0400,54.27,54.29,54.24,54.255,37177.0
2025-05-28 13:35:00-0400,54.25,54.25,54.212,54.235,121357.0
2025-05-28 13:40:00-0400,54.235,54.27,54.23,54.24,57319.0
2025-05-28 13:45:00-0400,54.235,54.245,54.21,54.22,92277.0
2025-05-28 13:50:00-0400,54.2188,54.225,54.2,54.22,76235.0
2025-05-28 13:55:00-0400,54.215,54.26,54.2137,54.255,98907.0
2025-05-28 14:00:00-0400,54.26,54.28,54.25,54.265,44264.0
2025-05-28 14:05:00-0400,54.26,54.29,54.25,54.29,41081.0
2025-05-28 14:10:00-0400,54.285,54.29,54.28,54.285,7729.0
2025-05-28 14:15:00-0400,54.285,54.285,54.25,54.255,24537.0
2025-05-28 14:20:00-0400,54.2587,54.2587,54.215,54.215,52980.0
2025-05-28 14:25:00-0400,54.215,54.24,54.215,54.24,57046.0
2025-05-28 14:30:00-0400,54.245,54.245,54.2246,54.225,9183.0
2025-05-28 14:35:00-0400,54.22,54.235,54.212,54.23,33608.0
2025-05-28 14:40:00-0400,54.23,54.24,54.22,54.22,17832.0
2025-05-28 14:45:00-0400,54.22,54.24,54.215,54.24,30566.0
2025-05-28 14:50:00-0400,54.24,54.245,54.22,54.22,71568.0
2025-05-28 14:55:00-0400,54.2197,54.24,54.215,54.235,98303.0
2025-05-28 15:00:00-0400,54.2335,54.2399,54.2246,54.2246,61272.0
2025-05-28 15:05:00-0400,54.225,54.23,54.2207,54.225,13693.0
2025-05-28 15:10:00-0400,54.22,54.23,54.22,54.225,11485.0
2025-05-28 15:15:00-0400,54.225,54.225,54.205,54.225,84327.0
2025-05-28 15:20:00-0400,54.225,54.2299,54.21,54.225,34013.0
2025-05-28 15:25:00-0400,54.2201,54.235,54.22,54.225,34943.0
2025-05-28 15:30:00-0400,54.22,54.22,54.205,54.21,57212.0
2025-05-28 15:35:00-0400,54.205,54.215,54.2,54.215,168053.0
2025-05-28 15:40:00-0400,54.21,54.22,54.2,54.215,79775.0
2025-05-28 15:45:00-0400,54.215,54.2154,54.2,54.205,76459.0
2025-05-28 15:50:00-0400,54.2,54.2,54.175,54.175,57271.0
2025-05-28 15:55:00-0400,54.18,54.195,54.175,54.192,20552.0
2025-05-28 16:00:00-0400,54.19,54.19,54.175,54.175,27189.0
2025-05-29 09:35:00-0400,54.175,54.175,54.175,54.175,0.0
2025-05-29 09:40:00-0400,54.175,54.175,54.175,54.175,0.0
2025-05-29 09:45:00-0400,54.175,54.175,54.175,54.175,0.0
2025-05-29 09:50:00-0400,54.175,54.175,54.175,54.175,0.0
2025-05-29 09:55:00-0400,54.175,54.175,54.175,54.175,0.0
2025-05-29 10:00:00-0400,54.175,54.175,54.175,54.175,0.0
2025-05-29 10:05:00-0400,54.175,54.175,54.175,54.175,0.0
2025-05-29 10:10:00-0400,54.175,54.175,54.175,54.175,0.0
2025-05-29 10:15:00-0400,54.175,54.175,54.175,54.175,0.0
2025-05-29 10:20:00-0400,54.175,54.175,54.175,54.175,0.0
2025-05-29 10:25:00-0400,54.175,54.175,54.175,54.175,0.0
2025-05-29 10:30:00-0400,54.175,54.175,54.175,54.175,0.0
2025-05-29 10:35:00-0400,54.175,54.175,54.175,54.175,0.0
2025-05-29 10:40:00-0400,54.175,54.175,54.175,54.175,0.0
2025-05-29 10:45:00-0400,54.175,54.175,54.175,54.175,0.0
2025-05-29 10:50:00-0400,54.175,54.175,54.175,54.175,0.0
2025-05-29 10:55:00-0400,54.175,54.175,54.175,54.175,0.0
2025-05-29 11:00:00-0400,54.175,54.175,54.175,54.175,0.0
2025-05-29 11:05:00-0400,54.175,54.43,54.175,54.41,800.0
2025-05-29 11:10:00-0400,54.41,54.41,54.41,54.41,0.0
2025-05-29 11:15:00-0400,54.41,54.41,54.41,54.41,0.0
2025-05-29 11:20:00-0400,54.41,54.41,54.41,54.41,0.0
2025-05-29 11:25:00-0400,54.41,54.41,54.41,54.41,0.0
2025-05-29 11:30:00-0400,54.41,54.41,54.41,54.41,0.0
2025-05-29 11:35:00-0400,54.41,54.41,54.41,54.41,0.0
2025-05-29 11:40:00-0400,54.41,54.41,54.41,54.41,0.0
2025-05-29 11:45:00-0400,54.41,54.41,54.41,54.41,0.0
2025-05-29 11:50:00-0400,54.41,54.41,54.41,54.41,0.0
2025-05-29 11:55:00-0400,54.41,54.41,54.41,54.41,0.0
2025-05-29 12:00:00-0400,54.41,54.54,54.285,54.54,212797.0
2025-05-29 12:05:00-0400,54.54,54.54,54.54,54.54,0.0
2025-05-29 12:10:00-0400,54.54,54.54,54.54,54.54,0.0
2025-05-29 12:15:00-0400,54.54,54.54,54.54,54.54,0.0
2025-05-29 12:20:00-0400,54.54,54.54,54.54,54.54,0.0
2025-05-29 12:25:00-0400,54.54,54.54,54.54,54.54,0.0
2025-05-29 12:30:00-0400,54.54,54.54,54.54,54.54,0.0
2025-05-29 12:35:00-0400,54.54,54.54,54.54,54.54,0.0
2025-05-29 12:40:00-0400,54.43,54.43,54.43,54.43,724.0
2025-05-29 12:45:00-0400,54.43,54.43,54.43,54.43,0.0
2025-05-29 12:50:00-0400,54.43,54.43,54.42,54.42,234.0
2025-05-29 12:55:00-0400,54.42,54.42,54.42,54.42,0.0
2025-05-29 13:00:00-0400,54.42,54.42,54.4,54.4,415.0
2025-05-29 13:05:00-0400,54.4,54.4,54.4,54.4,0.0
2025-05-29 13:10:00-0400,54.4,54.4,54.4,54.4,0.0
2025-05-29 13:15:00-0400,54.4,54.4,54.4,54.4,0.0
2025-05-29 13:20:00-0400,54.4,54.4,54.4,54.4,0.0
2025-05-29 13:25:00-0400,54.4,54.4,54.4,54.4,0.0
2025-05-29 13:30:00-0400,54.4,54.51,54.4,54.48,77571.0
2025-05-29 13:35:00-0400,54.48,54.49,54.455,54.475,117082.0
2025-05-29 13:40:00-0400,54.475,54.48,54.43,54.43,100170.0
2025-05-29 13:45:00-0400,54.44,54.46,54.4124,54.415,76254.0
2025-05-29 13:50:00-0400,54.41,54.415,54.395,54.415,81920.0
2025-05-29 13:55:00-0400,54.415,54.48,54.415,54.46,123967.0
2025-05-29 14:00:00-0400,54.46,54.465,54.43,54.45,37366.0
2025-05-29 14:05:00-0400,54.455,54.48,54.455,54.46,43918.0
2025-05-29 14:10:00-0400,54.46,54.46,54.425,54.455,40133.0
2025-05-29 14:15:00-0400,54.45,54.475,54.43,54.47,46548.0
2025-05-29 14:20:00-0400,54.47,54.47,54.43,54.435,41783.0
2025-05-29 14:25:00-0400,54.4399,54.465,54.425,54.465,96360.0
2025-05-29 14:30:00-0400,54.465,54.47,54.45,54.455,72705.0
2025-05-29 14:35:00-0400,54.455,54.47,54.45,54.46,66861.0
2025-05-29 14:40:00-0400,54.46,54.475,54.4535,54.455,114954.0
2025-05-29 14:45:00-0400,54.4539,54.465,54.44,54.465,106796.0
2025-05-29 14:50:00-0400,54.46,54.47,54.4501,54.46,164762.0
2025-05-29 14:55:00-0400,54.465,54.475,54.4601,54.4601,42510.0
2025-05-29 15:00:00-0400,54.47,54.478,54.46,54.47,32930.0
2025-05-29 15:05:00-0400,54.47,54.48,54.46,54.475,115513.0
2025-05-29 15:10:00-0400,54.475,54.48,54.46,54.475,79865.0
2025-05-29 15:15:00-0400,54.48,54.48,54.46,54.48,108146.0
2025-05-29 15:20:00-0400,54.48,54.48,54.465,54.47,94630.0
2025-05-29 15:25:00-0400,54.465,54.49,54.465,54.485,215593.0
2025-05-29 15:30:00-0400,54.485,54.5,54.48,54.495,61441.0
2025-05-29 15:35:00-0400,54.5,54.5,54.47,54.485,102685.0
2025-05-29 15:40:00-0400,54.485,54.49,54.46,54.465,66799.0
2025-05-29 15:45:00-0400,54.465,54.475,54.4646,54.465,81552.0
2025-05-29 15:50:00-0400,54.47,54.48,54.465,54.475,63607.0
2025-05-29 15:55:00-0400,54.475,54.486,54.475,54.475,62627.0
2025-05-29 16:00:00-0400,54.48,54.485,54.425,54.445,213999.0
2025-05-30 09:35:00-0400,54.445,54.445,54.445,54.445,0.0
2025-05-30 09:40:00-0400,54.445,54.445,54.445,54.445,0.0
2025-05-30 09:45:00-0400,54.445,54.445,54.445,54.445,0.0
2025-05-30 09:50:00-0400,54.445,54.445,54.445,54.445,0.0
2025-05-30 09:55:00-0400,54.445,54.445,54.445,54.445,0.0
2025-05-30 10:00:00-0400,54.445,54.445,54.445,54.445,0.0
2025-05-30 10:05:00-0400,54.445,54.445,54.445,54.445,0.0
2025-05-30 10:10:00-0400,54.445,54.445,54.35,54.35,186.0
2025-05-30 10:15:00-0400,54.35,54.35,54.35,54.35,0.0
2025-05-30 10:20:00-0400,54.35,54.35,54.35,54.35,0.0
2025-05-30 10:25:00-0400,54.35,54.35,54.35,54.35,0.0
2025-05-30 10:30:00-0400,54.35,54.35,54.35,54.35,0.0
2025-05-30 10:35:00-0400,54.35,54.35,54.35,54.35,0.0
2025-05-30 10:40:00-0400,54.35,54.35,54.35,54.35,0.0
2025-05-30 10:45:00-0400,54.35,54.35,54.35,54.35,0.0
2025-05-30 10:50:00-0400,54.35,54.35,54.35,54.35,0.0
2025-05-30 10:55:00-0400,54.35,54.35,54.35,54.35,0.0
2025-05-30 11:00:00-0400,54.35,54.5,54.35,54.5,426.0
2025-05-30 11:05:00-0400,54.47,54.47,54.39,54.39,3269.0
2025-05-30 11:10:00-0400,54.39,54.39,54.39,54.39,0.0
2025-05-30 11:15:00-0400,54.31,54.31,54.31,54.31,200.0
2025-05-30 11:20:00-0400,54.31,54.31,54.31,54.31,0.0
2025-05-30 11:25:00-0400,54.31,54.49,54.31,54.49,591.0
2025-05-30 11:30:00-0400,54.49,54.49,54.49,54.49,0.0
2025-05-30 11:35:00-0400,54.49,54.49,54.49,54.49,0.0
2025-05-30 11:40:00-0400,54.49,54.49,54.49,54.49,0.0
2025-05-30 11:45:00-0400,54.49,54.49,54.49,54.49,0.0
2025-05-30 11:50:00-0400,54.49,54.49,54.35,54.35,475.0
2025-05-30 11:55:00-0400,54.35,54.35,54.35,54.35,0.0
2025-05-30 12:00:00-0400,54.35,54.35,54.35,54.35,418.0
2025-05-30 12:05:00-0400,54.35,54.35,54.35,54.35,0.0
2025-05-30 12:10:00-0400,54.35,54.47,54.35,54.47,100.0
2025-05-30 12:15:00-0400,54.27,54.28,54.27,54.28,646.0
2025-05-30 12:20:00-0400,54.28,54.28,54.28,54.28,0.0
2025-05-30 12:25:00-0400,54.28,54.28,54.28,54.28,0.0
2025-05-30 12:30:00-0400,54.28,54.28,54.28,54.28,0.0
2025-05-30 12:35:00-0400,54.28,54.28,54.28,54.28,0.0
2025-05-30 12:40:00-0400,54.28,54.28,54.28,54.28,0.0
2025-05-30 12:45:00-0400,54.28,54.28,54.28,54.28,0.0
2025-05-30 12:50:00-0400,54.28,54.34,54.28,54.34,233.0
2025-05-30 12:55:00-0400,54.34,54.35,54.34,54.35,411.0
2025-05-30 13:00:00-0400,54.35,54.35,54.35,54.35,0.0
2025-05-30 13:05:00-0400,54.35,54.35,54.35,54.35,0.0
2025-05-30 13:10:00-0400,54.35,54.35,54.32,54.32,100.0
2025-05-30 13:15:00-0400,54.32,54.32,54.32,54.32,0.0
2025-05-30 13:20:00-0400,54.32,54.32,54.32,54.32,0.0
2025-05-30 13:25:00-0400,54.32,54.32,54.32,54.32,0.0
2025-05-30 13:30:00-0400,54.32,54.34,54.27,54.27,47124.0
2025-05-30 13:35:00-0400,54.27,54.29,54.24,54.245,70006.0
2025-05-30 13:40:00-0400,54.245,54.275,54.24,54.2599,107090.0
2025-05-30 13:45:00-0400,54.255,54.27,54.245,54.26,536480.0
2025-05-30 13:50:00-0400,54.26,54.265,54.2,54.205,306490.0
2025-05-30 13:55:00-0400,54.205,54.255,54.19,54.23,67677.0
2025-05-30 14:00:00-0400,54.225,54.27,54.2225,54.27,30065.0
2025-05-30 14:05:00-0400,54.275,54.275,54.235,54.245,49518.0
2025-05-30 14:10:00-0400,54.25,54.265,54.14,54.205,2716921.0
2025-05-30 14:15:00-0400,54.205,54.275,54.2,54.25,202367.0
2025-05-30 14:20:00-0400,54.26,54.26,54.24,54.26,70888.0
2025-05-30 14:25:00-0400,54.255,54.26,54.25,54.26,78726.0
2025-05-30 14:30:00-0400,54.255,54.29,54.25,54.29,38719.0
2025-05-30 14:35:00-0400,54.3,54.305,54.27,54.295,189945.0
2025-05-30 14:40:00-0400,54.295,54.3075,54.275,54.28,72526.0
2025-05-30 14:45:00-0400,54.285,54.285,54.255,54.2707,24491.0
2025-05-30 14:50:00-0400,54.275,54.28,54.255,54.255,46347.0
2025-05-30 14:55:00-0400,54.255,54.265,54.24,54.26,66155.0
2025-05-30 15:00:00-0400,54.26,54.275,54.24,54.2599,35090.0
2025-05-30 15:05:00-0400,54.26,54.285,54.25,54.285,44559.0
2025-05-30 15:10:00-0400,54.2899,54.305,54.28,54.3,16328.0
2025-05-30 15:15:00-0400,54.3,54.3198,54.275,54.28,109568.0
2025-05-30 15:20:00-0400,54.28,54.28,54.24,54.2599,35146.0
2025-05-30 15:25:00-0400,54.2545,54.27,54.25,54.27,31379.0
2025-05-30 15:30:00-0400,54.27,54.285,54.255,54.275,50432.0
2025-05-30 15:35:00-0400,54.275,54.28,54.24,54.265,84802.0
2025-05-30 15:40:00-0400,54.265,54.265,54.245,54.25,70136.0
2025-05-30 15:45:00-0400,54.25,54.26,54.235,54.24,34553.0
2025-05-30 15:50:00-0400,54.24,54.255,54.2337,54.235,178493.0
2025-05-30 15:55:00-0400,54.24,54.26,54.235,54.2599,93558.0
2025-05-30 16:00:00-0400,54.26,54.26,54.245,54.245,55405.0
2025-06-02 09:35:00-0400,54.245,54.245,54.245,54.245,0.0
2025-06-02 09:40:00-0400,54.245,54.245,54.245,54.245,0.0
2025-06-02 09:45:00-0400,54.245,54.245,54.245,54.245,0.0
2025-06-02 09:50:00-0400,54.245,54.245,54.245,54.245,0.0
2025-06-02 09:55:00-0400,54.245,54.245,54.245,54.245,0.0
2025-06-02 10:00:00-0400,54.245,54.245,54.245,54.245,0.0
2025-06-02 10:05:00-0400,54.245,54.245,54.245,54.245,0.0
2025-06-02 10:10:00-0400,54.245,54.245,54.245,54.245,0.0
2025-06-02 10:15:00-0400,54.245,54.245,54.245,54.245,0.0
2025-06-02 10:20:00-0400,54.245,54.245,54.245,54.245,0.0
2025-06-02 10:25:00-0400,54.245,54.245,54.245,54.245,0.0
2025-06-02 10:30:00-0400,54.245,54.245,54.245,54.245,0.0
2025-06-02 10:35:00-0400,54.245,54.245,54.245,54.245,0.0
2025-06-02 10:40:00-0400,54.245,54.245,54.245,54.245,0.0
2025-06-02 10:45:00-0400,54.245,54.245,54.245,54.245,0.0
2025-06-02 10:50:00-0400,54.245,54.245,54.245,54.245,0.0
2025-06-02 10:55:00-0400,54.245,54.245,54.245,54.245,0.0
2025-06-02 11:00:00-0400,54.245,54.245,54.245,54.245,0.0
2025-06-02 11:05:00-0400,54.245,54.245,54.245,54.245,0.0
2025-06-02 11:10:00-0400,54.245,54.245,54.245,54.245,0.0
2025-06-02 11:15:00-0400,54.245,54.245,54.245,54.245,0.0
2025-06-02 11:20:00-0400,54.245,54.245,54.245,54.245,0.0
2025-06-02 11:25:00-0400,54.245,54.245,54.245,54.245,0.0
2025-06-02 11:30:00-0400,54.245,54.245,54.245,54.245,0.0
2025-06-02 11:35:00-0400,54.245,54.245,54.245,54.245,0.0
2025-06-02 11:40:00-0400,54.245,54.245,54.245,54.245,0.0
2025-06-02 11:45:00-0400,54.245,54.245,54.245,54.245,0.0
2025-06-02 11:50:00-0400,54.245,54.245,54.245,54.245,0.0
2025-06-02 11:55:00-0400,54.245,54.245,54.245,54.245,0.0
2025-06-02 12:00:00-0400,54.245,54.245,54.245,54.245,0.0
2025-06-02 12:05:00-0400,54.31,54.31,54.31,54.31,100090.0
2025-06-02 12:10:00-0400,54.31,54.31,54.31,54.31,0.0
2025-06-02 12:15:00-0400,54.31,54.31,54.31,54.31,0.0
2025-06-02 12:20:00-0400,54.31,54.35,54.31,54.35,349.0
2025-06-02 12:25:00-0400,54.35,54.35,54.35,54.35,0.0
2025-06-02 12:30:00-0400,54.35,54.35,54.35,54.35,0.0
2025-06-02 12:35:00-0400,54.35,54.35,54.35,54.35,0.0
2025-06-02 12:40:00-0400,54.35,54.35,54.35,54.35,0.0
2025-06-02 12:45:00-0400,54.35,54.35,54.35,54.35,1050.0
2025-06-02 12:50:00-0400,54.35,54.35,54.34,54.34,936.0
2025-06-02 12:55:00-0400,54.34,54.34,54.34,54.34,0.0
2025-06-02 13:00:00-0400,54.34,54.34,54.34,54.34,0.0
2025-06-02 13:05:00-0400,54.34,54.34,54.34,54.34,0.0
2025-06-02 13:10:00-0400,54.34,54.34,54.34,54.34,0.0
2025-06-02 13:15:00-0400,54.34,54.34,54.34,54.34,0.0
2025-06-02 13:20:00-0400,54.34,54.34,54.34,54.34,0.0
2025-06-02 13:25:00-0400,54.34,54.34,54.34,54.34,0.0
2025-06-02 13:30:00-0400,54.34,54.39,54.32,54.35,62639.0
2025-06-02 13:35:00-0400,54.35,54.395,54.345,54.375,33901.0
2025-06-02 13:40:00-0400,54.37,54.41,54.37,54.385,44595.0
2025-06-02 13:45:00-0400,54.385,54.44,54.38,54.4,152858.0
2025-06-02 13:50:00-0400,54.405,54.405,54.34,54.355,338339.0
2025-06-02 13:55:00-0400,54.35,54.36,54.325,54.335,79489.0
2025-06-02 14:00:00-0400,54.34,54.345,54.27,54.275,179420.0
2025-06-02 14:05:00-0400,54.28,54.3,54.265,54.275,44153.0
2025-06-02 14:10:00-0400,54.28,54.3,54.28,54.295,69464.0
2025-06-02 14:15:00-0400,54.29,54.325,54.275,54.325,113014.0
2025-06-02 14:20:00-0400,54.32,54.32,54.3,54.315,27061.0
2025-06-02 14:25:00-0400,54.32,54.36,54.32,54.35,114701.0
2025-06-02 14:30:00-0400,54.35,54.35,54.34,54.345,12948.0
2025-06-02 14:35:00-0400,54.345,54.39,54.345,54.38,97216.0
2025-06-02 14:40:00-0400,54.38,54.39,54.365,54.39,92904.0
2025-06-02 14:45:00-0400,54.3846,54.39,54.37,54.37,46438.0
2025-06-02 14:50:00-0400,54.3701,54.39,54.365,54.38,76388.0
2025-06-02 14:55:00-0400,54.38,54.39,54.37,54.3755,68509.0
2025-06-02 15:00:00-0400,54.37,54.385,54.36,54.365,28487.0
2025-06-02 15:05:00-0400,54.365,54.365,54.3335,54.36,93533.0
2025-06-02 15:10:00-0400,54.355,54.37,54.35,54.355,51071.0
2025-06-02 15:15:00-0400,54.355,54.37,54.35,54.37,202897.0
2025-06-02 15:20:00-0400,54.36,54.37,54.35,54.365,64195.0
2025-06-02 15:25:00-0400,54.365,54.39,54.365,54.39,68468.0
2025-06-02 15:30:00-0400,54.385,54.385,54.35,54.355,45145.0
2025-06-02 15:35:00-0400,54.355,54.36,54.34,54.35,35883.0
2025-06-02 15:40:00-0400,54.3546,54.36,54.335,54.36,49456.0
2025-06-02 15:45:00-0400,54.3534,54.39,54.3534,54.385,17384.0
2025-06-02 15:50:00-0400,54.38,54.41,54.38,54.4,42617.0
2025-06-02 15:55:00-0400,54.41,54.415,54.39,54.39,26260.0
2025-06-02 16:00:00-0400,54.395,54.41,54.385,54.4,16559.0
2025-06-03 09:35:00-0400,54.4,54.4,54.4,54.4,0.0
2025-06-03 09:40:00-0400,54.4,54.4,54.4,54.4,0.0
2025-06-03 09:45:00-0400,54.4,54.4,54.4,54.4,0.0
2025-06-03 09:50:00-0400,54.4,54.4,54.4,54.4,0.0
2025-06-03 09:55:00-0400,54.4,54.4,54.4,54.4,0.0
2025-06-03 10:00:00-0400,54.4,54.4,54.4,54.4,0.0
2025-06-03 10:05:00-0400,54.4,54.4,54.4,54.4,0.0
2025-06-03 10:10:00-0400,54.4,54.4,54.4,54.4,0.0
2025-06-03 10:15:00-0400,54.4,54.4,54.4,54.4,0.0
2025-06-03 10:20:00-0400,54.4,54.4,54.4,54.4,0.0
2025-06-03 10:25:00-0400,54.4,54.4,54.4,54.4,0.0
2025-06-03 10:30:00-0400,54.4,54.4,54.4,54.4,0.0
2025-06-03 10:35:00-0400,54.4,54.4,54.4,54.4,0.0
2025-06-03 10:40:00-0400,54.4,54.4,54.4,54.4,0.0
2025-06-03 10:45:00-0400,54.4,54.4,54.4,54.4,0.0
2025-06-03 10:50:00-0400,54.4,54.4,54.4,54.4,0.0
2025-06-03 10:55:00-0400,54.4,54.4,54.4,54.4,0.0
2025-06-03 11:00:00-0400,54.4,54.4,54.4,54.4,0.0
2025-06-03 11:05:00-0400,54.4,54.4,54.4,54.4,0.0
2025-06-03 11:10:00-0400,54.4,54.4,54.4,54.4,0.0
2025-06-03 11:15:00-0400,54.4,54.4,53.95,53.95,1000.0
2025-06-03 11:20:00-0400,53.95,53.98,53.91,53.91,1437.0
2025-06-03 11:25:00-0400,53.91,53.91,53.91,53.91,0.0
2025-06-03 11:30:00-0400,53.91,53.91,53.91,53.91,0.0
2025-06-03 11:35:00-0400,53.91,53.91,53.91,53.91,0.0
2025-06-03 11:40:00-0400,53.91,53.91,53.91,53.91,0.0
2025-06-03 11:45:00-0400,53.91,53.91,53.91,53.91,0.0
2025-06-03 11:50:00-0400,53.91,53.91,53.91,53.91,0.0
2025-06-03 11:55:00-0400,53.91,53.94,53.86,53.86,3700.0
2025-06-03 12:00:00-0400,53.86,54.4,53.86,54.0,1599.0
2025-06-03 12:05:00-0400,54.0,54.0,54.0,54.0,0.0
2025-06-03 12:10:00-0400,54.0,54.01,53.94,53.94,2360.0
2025-06-03 12:15:00-0400,53.94,53.9412,53.94,53.9412,100.0
2025-06-03 12:20:00-0400,53.9412,53.9412,53.9412,53.9412,0.0
2025-06-03 12:25:00-0400,53.95,53.96,53.91,53.91,2334.0
2025-06-03 12:30:00-0400,53.91,53.91,53.91,53.91,0.0
2025-06-03 12:35:00-0400,53.91,54.0,53.91,53.995,900.0
2025-06-03 12:40:00-0400,53.995,53.995,53.995,53.995,0.0
2025-06-03 12:45:00-0400,53.995,53.995,53.995,53.995,0.0
2025-06-03 12:50:00-0400,53.995,53.995,53.995,53.995,0.0
2025-06-03 12:55:00-0400,53.995,53.995,53.995,53.995,0.0
2025-06-03 13:00:00-0400,53.995,53.995,53.995,53.995,0.0
2025-06-03 13:05:00-0400,53.995,53.995,53.995,53.995,0.0
2025-06-03 13:10:00-0400,53.995,53.995,53.995,53.995,0.0
2025-06-03 13:15:00-0400,53.995,53.995,53.995,53.995,0.0
2025-06-03 13:20:00-0400,53.995,53.995,53.96,53.96,501.0
2025-06-03 13:25:00-0400,53.96,54.0,53.96,54.0,101.0
2025-06-03 13:30:00-0400,54.0,54.0,53.91,53.94,57646.0
2025-06-03 13:35:00-0400,53.935,53.935,53.88,53.89,179432.0
2025-06-03 13:40:00-0400,53.89,53.9554,53.89,53.935,59948.0
2025-06-03 13:45:00-0400,53.94,53.965,53.93,53.935,70240.0
2025-06-03 13:50:00-0400,53.935,53.94,53.915,53.925,151636.0
2025-06-03 13:55:00-0400,53.925,53.96,53.915,53.94,142513.0
2025-06-03 14:00:00-0400,53.95,53.975,53.93,53.93,124279.0
2025-06-03 14:05:00-0400,53.94,53.96,53.935,53.9393,52803.0
2025-06-03 14:10:00-0400,53.935,53.95,53.9118,53.95,33053.0
2025-06-03 14:15:00-0400,53.955,53.97,53.955,53.97,64458.0
2025-06-03 14:20:00-0400,53.965,54.005,53.965,54.0038,54045.0
2025-06-03 14:25:00-0400,54.005,54.005,53.98,53.98,18804.0
2025-06-03 14:30:00-0400,53.985,54.0099,53.98,54.005,25775.0
2025-06-03 14:35:00-0400,54.0,54.0,53.975,53.98,93141.0
2025-06-03 14:40:00-0400,53.985,53.99,53.97,53.97,74564.0
2025-06-03 14:45:00-0400,53.97,53.98,53.965,53.97,97386.0
2025-06-03 14:50:00-0400,53.965,53.97,53.95,53.9601,47931.0
2025-06-03 14:55:00-0400,53.965,53.97,53.955,53.965,47288.0
2025-06-03 15:00:00-0400,53.96,53.9763,53.95,53.965,79395.0
2025-06-03 15:05:00-0400,53.965,53.985,53.96,53.9637,71655.0
2025-06-03 15:10:00-0400,53.965,53.99,53.96,53.985,75428.0
2025-06-03 15:15:00-0400,53.985,53.99,53.97,53.985,98626.0
2025-06-03 15:20:00-0400,53.985,54.0,53.97,53.97,37400.0
2025-06-03 15:25:00-0400,53.975,53.98,53.97,53.975,25653.0
2025-06-03 15:30:00-0400,53.975,53.98,53.97,53.975,17659.0
2025-06-03 15:35:00-0400,53.9701,53.99,53.9701,53.985,28704.0
2025-06-03 15:40:00-0400,53.99,53.9982,53.985,53.995,34088.0
2025-06-03 15:45:00-0400,53.995,54.0,53.98,53.99,53798.0
2025-06-03 15:50:00-0400,53.995,54.0,53.985,53.985,79561.0
2025-06-03 15:55:00-0400,53.98,53.985,53.97,53.975,15670.0
2025-06-03 16:00:00-0400,53.9752,53.99,53.9701,53.985,30075.0
2025-06-04 09:35:00-0400,53.985,53.985,53.985,53.985,0.0
2025-06-04 09:40:00-0400,53.985,53.985,53.985,53.985,0.0
2025-06-04 09:45:00-0400,53.985,53.985,53.985,53.985,0.0
2025-06-04 09:50:00-0400,53.985,53.985,53.985,53.985,0.0
2025-06-04 09:55:00-0400,53.985,53.985,53.985,53.985,0.0
2025-06-04 10:00:00-0400,53.985,53.985,53.985,53.985,0.0
2025-06-04 10:05:00-0400,53.985,53.985,53.985,53.985,0.0
2025-06-04 10:10:00-0400,53.985,53.985,53.985,53.985,0.0
2025-06-04 10:15:00-0400,53.985,53.985,53.985,53.985,0.0
2025-06-04 10:20:00-0400,53.985,53.985,53.985,53.985,0.0
2025-06-04 10:25:00-0400,53.985,53.985,53.985,53.985,0.0
2025-06-04 10:30:00-0400,53.985,53.985,53.985,53.985,0.0
2025-06-04 10:35:00-0400,53.985,53.985,53.985,53.985,0.0
2025-06-04 10:40:00-0400,53.985,53.985,53.985,53.985,0.0
2025-06-04 10:45:00-0400,53.985,53.985,53.985,53.985,0.0
2025-06-04 10:50:00-0400,53.985,53.985,53.985,53.985,0.0
2025-06-04 10:55:00-0400,53.985,53.985,53.985,53.985,0.0
2025-06-04 11:00:00-0400,53.985,53.985,53.985,53.985,0.0
2025-06-04 11:05:00-0400,53.985,54.03,53.97,53.97,216.0
2025-06-04 11:10:00-0400,53.97,53.97,53.97,53.97,0.0
2025-06-04 11:15:00-0400,53.97,53.97,53.97,53.97,0.0
2025-06-04 11:20:00-0400,53.97,53.97,53.97,53.97,0.0
2025-06-04 11:25:00-0400,53.97,53.97,53.97,53.97,0.0
2025-06-04 11:30:00-0400,53.97,53.97,53.97,53.97,0.0
2025-06-04 11:35:00-0400,53.97,53.97,53.97,53.97,0.0
2025-06-04 11:40:00-0400,53.97,53.97,53.97,53.97,0.0
2025-06-04 11:45:00-0400,53.97,53.97,53.97,53.97,0.0
2025-06-04 11:50:00-0400,53.97,53.97,53.97,53.97,0.0
2025-06-04 11:55:00-0400,53.97,53.97,53.97,53.97,0.0
2025-06-04 12:00:00-0400,53.97,54.04,53.97,54.04,148.0
2025-06-04 12:05:00-0400,54.04,54.04,54.04,54.04,0.0
2025-06-04 12:10:00-0400,54.04,54.04,54.04,54.04,0.0
2025-06-04 12:15:00-0400,54.04,54.04,54.02,54.02,641.0
2025-06-04 12:20:00-0400,54.02,54.02,54.02,54.02,0.0
2025-06-04 12:25:00-0400,54.02,54.02,53.99,53.99,1805.0
2025-06-04 12:30:00-0400,53.99,53.99,53.99,53.99,0.0
2025-06-04 12:35:00-0400,53.99,53.99,53.99,53.99,0.0
2025-06-04 12:40:00-0400,53.99,53.99,53.99,53.99,0.0
2025-06-04 12:45:00-0400,53.97,53.97,53.97,53.97,200.0
2025-06-04 12:50:00-0400,53.97,53.97,53.97,53.97,0.0
2025-06-04 12:55:00-0400,53.97,53.97,53.97,53.97,0.0
2025-06-04 13:00:00-0400,53.97,53.97,53.97,53.97,0.0
2025-06-04 13:05:00-0400,53.97,53.97,53.97,53.97,0.0
2025-06-04 13:10:00-0400,53.97,53.97,53.97,53.97,0.0
2025-06-04 13:15:00-0400,53.97,54.05,53.97,54.05,1278.0
2025-06-04 13:20:00-0400,54.05,54.05,54.05,54.05,0.0
2025-06-04 13:25:00-0400,54.05,54.05,54.05,54.05,873.0
2025-06-04 13:30:00-0400,54.05,54.05,53.99,53.99,53753.0
2025-06-04 13:35:00-0400,53.995,54.01,53.98,53.995,81208.0
2025-06-04 13:40:00-0400,53.995,54.03,53.99,54.005,429426.0
2025-06-04 13:45:00-0400,54.0,54.01,53.98,53.98,79863.0
2025-06-04 13:50:00-0400,53.98,53.99,53.9632,53.99,112126.0
2025-06-04 13:55:00-0400,53.985,53.99,53.965,53.975,84639.0
2025-06-04 14:00:00-0400,53.98,53.98,53.915,53.97,144073.0
2025-06-04 14:05:00-0400,53.96,54.01,53.955,53.99,93017.0
2025-06-04 14:10:00-0400,53.99,54.015,53.985,54.01,96883.0
2025-06-04 14:15:00-0400,54.01,54.01,53.995,54.01,70624.0
2025-06-04 14:20:00-0400,54.02,54.025,54.005,54.02,45772.0
2025-06-04 14:25:00-0400,54.02,54.03,54.005,54.03,66734.0
2025-06-04 14:30:00-0400,54.035,54.035,54.015,54.015,63893.0
2025-06-04 14:35:00-0400,54.015,54.02,54.0001,54.015,76489.0
2025-06-04 14:40:00-0400,54.015,54.04,54.015,54.035,79298.0
2025-06-04 14:45:00-0400,54.035,54.035,54.005,54.015,87602.0
2025-06-04 14:50:00-0400,54.015,54.015,53.985,53.985,57322.0
2025-06-04 14:55:00-0400,53.98,53.99,53.96,53.965,74259.0
2025-06-04 15:00:00-0400,53.97,53.98,53.96,53.965,18580.0
2025-06-04 15:05:00-0400,53.965,53.97,53.95,53.97,119195.0
2025-06-04 15:10:00-0400,53.97,53.99,53.965,53.99,134890.0
2025-06-04 15:15:00-0400,53.99,53.995,53.965,53.975,30738.0
2025-06-04 15:20:00-0400,53.975,53.975,53.945,53.955,65592.0
2025-06-04 15:25:00-0400,53.955,53.955,53.93,53.945,19469.0
2025-06-04 15:30:00-0400,53.9465,53.955,53.935,53.955,54461.0
2025-06-04 15:35:00-0400,53.955,53.96,53.94,53.945,81929.0
2025-06-04 15:40:00-0400,53.945,53.96,53.945,53.95,20543.0
2025-06-04 15:45:00-0400,53.95,53.96,53.915,53.935,44461.0
2025-06-04 15:50:00-0400,53.935,53.97,53.935,53.965,36074.0
2025-06-04 15:55:00-0400,53.965,53.98,53.965,53.975,31823.0
2025-06-04 16:00:00-0400,53.97,53.97,53.96,53.96,37309.0
2025-06-05 09:35:00-0400,53.96,53.96,53.96,53.96,0.0
2025-06-05 09:40:00-0400,53.96,53.96,53.96,53.96,0.0
2025-06-05 09:45:00-0400,53.96,54.1,53.96,54.1,270.0
2025-06-05 09:50:00-0400,54.1,54.1,54.1,54.1,0.0
2025-06-05 09:55:00-0400,54.1,54.1,54.1,54.1,0.0
2025-06-05 10:00:00-0400,54.1,54.1,54.1,54.1,0.0
2025-06-05 10:05:00-0400,54.1,54.1,54.1,54.1,0.0
2025-06-05 10:10:00-0400,54.1,54.1,54.1,54.1,0.0
2025-06-05 10:15:00-0400,54.1,54.1,54.1,54.1,0.0
2025-06-05 10:20:00-0400,54.1,54.1,54.1,54.1,0.0
2025-06-05 10:25:00-0400,54.1,54.1,54.1,54.1,0.0
2025-06-05 10:30:00-0400,54.1,54.1,54.1,54.1,0.0
2025-06-05 10:35:00-0400,54.1,54.1,54.1,54.1,0.0
2025-06-05 10:40:00-0400,54.1,54.1,54.1,54.1,0.0
2025-06-05 10:45:00-0400,54.1,54.1,54.1,54.1,0.0
2025-06-05 10:50:00-0400,54.1,54.1,54.1,54.1,0.0
2025-06-05 10:55:00-0400,54.1,54.1,54.1,54.1,0.0
2025-06-05 11:00:00-0400,54.1,54.1,54.1,54.1,0.0
2025-06-05 11:05:00-0400,54.1,54.1,54.1,54.1,0.0
2025-06-05 11:10:00-0400,54.1,54.1,54.1,54.1,0.0
2025-06-05 11:15:00-0400,54.1,54.1,54.1,54.1,0.0
2025-06-05 11:20:00-0400,54.1,54.1,54.1,54.1,0.0
2025-06-05 11:25:00-0400,54.1,54.1,54.1,54.1,0.0
2025-06-05 11:30:00-0400,54.1,54.1,54.1,54.1,0.0
2025-06-05 11:35:00-0400,54.1,54.1,54.1,54.1,0.0
2025-06-05 11:40:00-0400,54.1,54.1,54.1,54.1,0.0
2025-06-05 11:45:00-0400,54.1,54.1,54.1,54.1,0.0
2025-06-05 11:50:00-0400,54.1,54.18,54.1,54.18,307.0
2025-06-05 11:55:00-0400,54.22,54.23,54.22,54.22,1527.0
2025-06-05 12:00:00-0400,54.22,54.22,54.2,54.21,527.0
2025-06-05 12:05:00-0400,54.21,54.21,54.21,54.21,0.0
2025-06-05 12:10:00-0400,54.21,54.21,54.2,54.21,527.0
2025-06-05 12:15:00-0400,54.21,54.21,54.2,54.2,501.0
2025-06-05 12:20:00-0400,54.2,54.2,54.2,54.2,0.0
2025-06-05 12:25:00-0400,54.2,54.2,54.2,54.2,0.0
2025-06-05 12:30:00-0400,54.2,54.2,54.2,54.2,0.0
2025-06-05 12:35:00-0400,54.2,54.2,54.2,54.2,0.0
2025-06-05 12:40:00-0400,54.2,54.2,54.2,54.2,0.0
2025-06-05 12:45:00-0400,54.2,54.2,54.2,54.2,0.0
2025-06-05 12:50:00-0400,54.2,54.2,54.2,54.2,0.0
2025-06-05 12:55:00-0400,54.2,54.2,54.2,54.2,0.0
2025-06-05 13:00:00-0400,54.2,54.2,54.2,54.2,0.0
2025-06-05 13:05:00-0400,54.2,54.2,54.2,54.2,0.0
2025-06-05 13:10:00-0400,54.2,54.2,54.2,54.2,0.0
2025-06-05 13:15:00-0400,54.2,54.2,54.2,54.2,0.0
2025-06-05 13:20:00-0400,54.2,54.2,54.2,54.2,0.0
2025-06-05 13:25:00-0400,54.2,54.2,54.2,54.2,0.0
2025-06-05 13:30:00-0400,54.2,54.31,54.2,54.27,48364.0
2025-06-05 13:35:00-0400,54.27,54.31,54.23,54.305,103090.0
2025-06-05 13:40:00-0400,54.3,54.305,54.265,54.29,153198.0
2025-06-05 13:45:00-0400,54.295,54.32,54.265,54.27,86834.0
2025-06-05 13:50:00-0400,54.27,54.27,54.225,54.25,50988.0
2025-06-05 13:55:00-0400,54.245,54.265,54.23,54.2407,47487.0
2025-06-05 14:00:00-0400,54.24,54.245,54.21,54.225,18279.0
2025-06-05 14:05:00-0400,54.225,54.23,54.2,54.22,49646.0
2025-06-05 14:10:00-0400,54.215,54.215,54.19,54.205,19751.0
2025-06-05 14:15:00-0400,54.205,54.225,54.195,54.225,31397.0
2025-06-05 14:20:00-0400,54.23,54.23,54.205,54.21,17821.0
2025-06-05 14:25:00-0400,54.205,54.245,54.205,54.24,24279.0
2025-06-05 14:30:00-0400,54.24,54.2675,54.24,54.265,36093.0
2025-06-05 14:35:00-0400,54.265,54.265,54.21,54.225,76989.0
2025-06-05 14:40:00-0400,54.225,54.25,54.22,54.24,109336.0
2025-06-05 14:45:00-0400,54.245,54.28,54.245,54.25,92340.0
2025-06-05 14:50:00-0400,54.26,54.295,54.245,54.25,36331.0
2025-06-05 14:55:00-0400,54.26,54.285,54.245,54.285,25822.0
2025-06-05 15:00:00-0400,54.285,54.31,54.285,54.31,8616.0
2025-06-05 15:05:00-0400,54.31,54.33,54.3,54.3,40074.0
2025-06-05 15:10:00-0400,54.295,54.295,54.2717,54.275,69632.0
2025-06-05 15:15:00-0400,54.28,54.3,54.265,54.265,144306.0
2025-06-05 15:20:00-0400,54.27,54.285,54.265,54.275,33296.0
2025-06-05 15:25:00-0400,54.28,54.2853,54.275,54.275,14267.0
2025-06-05 15:30:00-0400,54.2735,54.295,54.265,54.295,14528.0
2025-06-05 15:35:00-0400,54.3,54.3,54.28,54.295,34290.0
2025-06-05 15:40:00-0400,54.29,54.295,54.275,54.275,18606.0
2025-06-05 15:45:00-0400,54.27,54.27,54.25,54.255,8202.0
2025-06-05 15:50:00-0400,54.25,54.25,54.235,54.245,40918.0
2025-06-05 15:55:00-0400,54.25,54.25,54.205,54.215,83911.0
2025-06-05 16:00:00-0400,54.205,54.265,54.195,54.265,73414.0
2025-06-06 09:35:00-0400,54.265,54.265,54.265,54.265,0.0
2025-06-06 09:40:00-0400,54.265,54.265,54.265,54.265,0.0
2025-06-06 09:45:00-0400,54.265,54.79,54.265,54.79,402.0
2025-06-06 09:50:00-0400,54.79,54.79,54.79,54.79,0.0
2025-06-06 09:55:00-0400,54.79,54.79,54.79,54.79,0.0
2025-06-06 10:00:00-0400,54.79,54.84,54.79,54.84,367.0
2025-06-06 10:05:00-0400,54.84,54.84,54.84,54.84,0.0
2025-06-06 10:10:00-0400,54.84,54.89,54.84,54.89,1110.0
2025-06-06 10:15:00-0400,54.89,54.89,54.89,54.89,0.0
2025-06-06 10:20:00-0400,54.89,54.89,54.85,54.85,367.0
2025-06-06 10:25:00-0400,54.85,54.85,54.85,54.85,0.0
2025-06-06 10:30:00-0400,54.85,54.85,54.85,54.85,0.0
2025-06-06 10:35:00-0400,54.82,54.82,54.8,54.8,935.0
2025-06-06 10:40:00-0400,54.8,54.8,54.8,54.8,0.0
2025-06-06 10:45:00-0400,54.8,54.8,54.8,54.8,0.0
2025-06-06 10:50:00-0400,54.8,54.8,54.8,54.8,0.0
2025-06-06 10:55:00-0400,54.8,54.8,54.8,54.8,0.0
2025-06-06 11:00:00-0400,54.8,54.82,54.8,54.82,268.0
2025-06-06 11:05:00-0400,54.82,54.85,54.82,54.85,300.0
2025-06-06 11:10:00-0400,54.85,54.89,54.82,54.89,691.0
2025-06-06 11:15:00-0400,54.89,54.89,54.89,54.89,0.0
2025-06-06 11:20:00-0400,54.89,54.89,54.89,54.89,0.0
2025-06-06 11:25:00-0400,54.89,54.89,54.89,54.89,0.0
2025-06-06 11:30:00-0400,54.89,54.89,54.89,54.89,0.0
2025-06-06 11:35:00-0400,54.89,54.89,54.89,54.89,0.0
2025-06-06 11:40:00-0400,54.89,54.89,54.89,54.89,0.0
2025-06-06 11:45:00-0400,54.89,54.89,54.89,54.89,0.0
2025-06-06 11:50:00-0400,54.89,54.89,54.89,54.89,0.0
2025-06-06 11:55:00-0400,54.89,54.89,54.89,54.89,0.0
2025-06-06 12:00:00-0400,54.89,54.91,54.2,54.68,3249.0
2025-06-06 12:05:00-0400,54.68,54.68,54.68,54.68,0.0
2025-06-06 12:10:00-0400,54.68,54.82,54.68,54.82,240.0
2025-06-06 12:15:00-0400,54.82,54.82,54.82,54.82,0.0
2025-06-06 12:20:00-0400,54.82,54.866,54.82,54.866,100.0
2025-06-06 12:25:00-0400,54.866,54.866,54.83,54.83,100.0
2025-06-06 12:30:00-0400,54.83,54.83,54.83,54.83,0.0
2025-06-06 12:35:00-0400,54.89,54.89,54.82,54.82,2557.0
2025-06-06 12:40:00-0400,54.82,54.82,54.82,54.82,0.0
2025-06-06 12:45:00-0400,54.82,54.85,54.82,54.85,100.0
2025-06-06 12:50:00-0400,54.85,54.85,54.85,54.85,0.0
2025-06-06 12:55:00-0400,54.85,54.85,54.85,54.85,0.0
2025-06-06 13:00:00-0400,54.85,54.85,54.84,54.84,1143.0
2025-06-06 13:05:00-0400,54.84,54.84,54.84,54.84,0.0
2025-06-06 13:10:00-0400,54.84,54.84,54.84,54.84,0.0
2025-06-06 13:15:00-0400,54.84,54.84,54.84,54.84,0.0
2025-06-06 13:20:00-0400,54.84,54.84,54.84,54.84,0.0
2025-06-06 13:25:00-0400,54.84,54.84,54.84,54.84,0.0
2025-06-06 13:30:00-0400,54.84,54.87,54.83,54.845,55928.0
2025-06-06 13:35:00-0400,54.845,54.87,54.8401,54.855,94428.0
2025-06-06 13:40:00-0400,54.855,54.88,54.85,54.865,158628.0
2025-06-06 13:45:00-0400,54.86,54.89,54.86,54.87,101146.0
2025-06-06 13:50:00-0400,54.86,54.87,54.84,54.865,93026.0
2025-06-06 13:55:00-0400,54.865,54.9,54.865,54.895,115203.0
2025-06-06 14:00:00-0400,54.89,54.9,54.868,54.885,77947.0
2025-06-06 14:05:00-0400,54.885,54.89,54.84,54.885,53063.0
2025-06-06 14:10:00-0400,54.88,54.89,54.875,54.885,74378.0
2025-06-06 14:15:00-0400,54.88,54.9,54.87,54.89,37376.0
2025-06-06 14:20:00-0400,54.89,54.895,54.87,54.87,88513.0
2025-06-06 14:25:00-0400,54.8654,54.9,54.86,54.9,155499.0
2025-06-06 14:30:00-0400,54.895,54.91,54.895,54.905,70171.0
2025-06-06 14:35:00-0400,54.905,54.916,54.9001,54.91,44752.0
2025-06-06 14:40:00-0400,54.9154,54.92,54.895,54.9,106626.0
2025-06-06 14:45:00-0400,54.9048,54.92,54.9,54.9099,25823.0
2025-06-06 14:50:00-0400,54.9069,54.91,54.8836,54.885,19326.0
2025-06-06 14:55:00-0400,54.88,54.88,54.865,54.865,12353.0
2025-06-06 15:00:00-0400,54.865,54.8893,54.86,54.8893,58969.0
2025-06-06 15:05:00-0400,54.885,54.895,54.8835,54.89,38380.0
2025-06-06 15:10:00-0400,54.89,54.914,54.89,54.8937,129787.0
2025-06-06 15:15:00-0400,54.89,54.8972,54.89,54.893147,14478.0
2025-06-06 15:20:00-0400,54.89,54.8955,54.83,54.845,88199.0
2025-06-06 15:25:00-0400,54.845,54.85,54.83,54.84,34605.0
2025-06-06 15:30:00-0400,54.84,54.855,54.835,54.8516,12497.0
2025-06-06 15:35:00-0400,54.855,54.87,54.83,54.85,130309.0
2025-06-06 15:40:00-0400,54.85,54.8599,54.8441,54.845,254140.0
2025-06-06 15:45:00-0400,54.85,54.88,54.845,54.86,48221.0
2025-06-06 15:50:00-0400,54.865,54.885,54.86,54.88,8956.0
2025-06-06 15:55:00-0400,54.88,54.88,54.8646,54.8646,15795.0
2025-06-06 16:00:00-0400,54.8655,54.87,54.855,54.865,12953.0
2025-06-09 09:35:00-0400,54.865,54.865,54.865,54.865,0.0
2025-06-09 09:40:00-0400,54.865,54.865,54.865,54.865,0.0
2025-06-09 09:45:00-0400,54.865,54.865,54.865,54.865,0.0
2025-06-09 09:50:00-0400,54.865,54.865,54.865,54.865,0.0
2025-06-09 09:55:00-0400,54.865,54.865,54.865,54.865,0.0
2025-06-09 10:00:00-0400,54.865,54.865,54.865,54.865,0.0
2025-06-09 10:05:00-0400,54.865,54.865,54.865,54.865,0.0
2025-06-09 10:10:00-0400,54.865,54.865,54.865,54.865,0.0
2025-06-09 10:15:00-0400,54.865,54.865,54.865,54.865,0.0
2025-06-09 10:20:00-0400,54.865,54.865,54.865,54.865,0.0
2025-06-09 10:25:00-0400,54.865,54.865,54.865,54.865,0.0
2025-06-09 10:30:00-0400,54.865,54.865,54.865,54.865,0.0
2025-06-09 10:35:00-0400,54.865,54.865,54.865,54.865,0.0
2025-06-09 10:40:00-0400,54.865,54.865,54.865,54.865,0.0
2025-06-09 10:45:00-0400,54.865,54.865,54.865,54.865,0.0
2025-06-09 10:50:00-0400,54.865,54.865,54.865,54.865,0.0
2025-06-09 10:55:00-0400,54.865,54.865,54.865,54.865,0.0
2025-06-09 11:00:00-0400,54.865,54.865,54.865,54.865,0.0
2025-06-09 11:05:00-0400,54.865,55.1,54.865,55.1,297.0
2025-06-09 11:10:00-0400,55.1,55.1,55.1,55.1,0.0
2025-06-09 11:15:00-0400,55.06,55.06,55.06,55.06,174.0
2025-06-09 11:20:00-0400,55.06,55.2,55.06,55.2,1000.0
2025-06-09 11:25:00-0400,55.2,55.2,55.2,55.2,0.0
2025-06-09 11:30:00-0400,55.2,55.2,55.2,55.2,0.0
2025-06-09 11:35:00-0400,55.2,55.2,55.2,55.2,0.0
2025-06-09 11:40:00-0400,55.2,55.2,55.2,55.2,0.0
2025-06-09 11:45:00-0400,55.2,55.2,55.2,55.2,0.0
2025-06-09 11:50:00-0400,55.2,55.2,55.2,55.2,0.0
2025-06-09 11:55:00-0400,55.2,55.2,55.2,55.2,0.0
2025-06-09 12:00:00-0400,55.2,55.24,55.05,55.24,564.0
2025-06-09 12:05:00-0400,55.24,55.24,55.24,55.24,0.0
2025-06-09 12:10:00-0400,55.24,55.24,55.18,55.18,244.0
2025-06-09 12:15:00-0400,55.18,55.18,55.18,55.18,0.0
2025-06-09 12:20:00-0400,55.18,55.18,55.18,55.18,0.0
2025-06-09 12:25:00-0400,55.18,55.18,55.07,55.07,200.0
2025-06-09 12:30:00-0400,55.07,55.07,55.07,55.07,0.0
2025-06-09 12:35:00-0400,55.07,55.07,55.07,55.07,0.0
2025-06-09 12:40:00-0400,55.07,55.07,55.07,55.07,0.0
2025-06-09 12:45:00-0400,55.07,55.07,55.07,55.07,0.0
2025-06-09 12:50:00-0400,55.07,55.07,55.07,55.07,0.0
2025-06-09 12:55:00-0400,55.07,55.07,55.07,55.07,0.0
2025-06-09 13:00:00-0400,55.07,55.07,55.07,55.07,0.0
2025-06-09 13:05:00-0400,55.07,55.07,55.07,55.07,0.0
2025-06-09 13:10:00-0400,55.07,55.07,55.07,55.07,0.0
2025-06-09 13:15:00-0400,55.07,55.07,55.07,55.07,0.0
2025-06-09 13:20:00-0400,55.07,55.07,55.07,55.07,0.0
2025-06-09 13:25:00-0400,55.07,55.07,55.07,55.07,0.0
2025-06-09 13:30:00-0400,55.13,55.14,55.09,55.11,34456.0
2025-06-09 13:35:00-0400,55.105,55.105,55.07,55.085,118156.0
2025-06-09 13:40:00-0400,55.09,55.13,55.09,55.1193,130254.0
2025-06-09 13:45:00-0400,55.12,55.129,55.09,55.092,51122.0
2025-06-09 13:50:00-0400,55.1,55.115,55.09,55.095,72939.0
2025-06-09 13:55:00-0400,55.0953,55.1,55.08,55.09,11347.0
2025-06-09 14:00:00-0400,55.09,55.095,55.08,55.09,27632.0
2025-06-09 14:05:00-0400,55.09,55.095,55.06,55.07,49583.0
2025-06-09 14:10:00-0400,55.0601,55.08,55.06,55.08,103830.0
2025-06-09 14:15:00-0400,55.075,55.0899,55.07,55.08,22252.0
2025-06-09 14:20:00-0400,55.075,55.09,55.0741,55.09,26087.0
2025-06-09 14:25:00-0400,55.085,55.0958,55.085,55.085,28505.0
2025-06-09 14:30:00-0400,55.085,55.09,55.07,55.09,16101.0
2025-06-09 14:35:00-0400,55.085,55.1,55.07,55.07,61005.0
2025-06-09 14:40:00-0400,55.075,55.075,55.0546,55.055,29450.0
2025-06-09 14:45:00-0400,55.05,55.075,55.05,55.06,24105.0
2025-06-09 14:50:00-0400,55.065,55.075,55.0601,55.075,7526.0
2025-06-09 14:55:00-0400,55.08,55.09,55.07,55.085,18880.0
2025-06-09 15:00:00-0400,55.085,55.085,55.07,55.08,36327.0
2025-06-09 15:05:00-0400,55.075,55.09,55.075,55.085,8017.0
2025-06-09 15:10:00-0400,55.085,55.09,55.07,55.075,112185.0
2025-06-09 15:15:00-0400,55.08,55.11,55.08,55.1044,68662.0
2025-06-09 15:20:00-0400,55.105,55.12,55.09,55.11,52112.0
2025-06-09 15:25:00-0400,55.1088,55.125,55.105,55.115,11942.0
2025-06-09 15:30:00-0400,55.1151,55.125,55.115,55.125,7303.0
2025-06-09 15:35:00-0400,55.125,55.13,55.12,55.125,8900.0
2025-06-09 15:40:00-0400,55.125,55.14,55.11,55.11,67049.0
2025-06-09 15:45:00-0400,55.12,55.12,55.115,55.115,24956.0
2025-06-09 15:50:00-0400,55.12,55.13,55.12,55.12,18844.0
2025-06-09 15:55:00-0400,55.115,55.13,55.11,55.13,16998.0
2025-06-09 16:00:00-0400,55.13,55.13,55.11,55.115,14470.0
2025-06-10 09:35:00-0400,55.115,55.115,55.115,55.115,0.0
2025-06-10 09:40:00-0400,55.115,55.115,55.115,55.115,0.0
2025-06-10 09:45:00-0400,55.115,55.115,55.115,55.115,0.0
2025-06-10 09:50:00-0400,55.115,55.115,55.115,55.115,0.0
2025-06-10 09:55:00-0400,55.115,55.115,55.115,55.115,0.0
2025-06-10 10:00:00-0400,55.115,55.115,55.115,55.115,0.0
2025-06-10 10:05:00-0400,55.115,55.115,55.115,55.115,0.0
2025-06-10 10:10:00-0400,55.115,55.115,55.115,55.115,0.0
2025-06-10 10:15:00-0400,55.115,55.115,55.115,55.115,0.0
2025-06-10 10:20:00-0400,55.115,55.115,55.115,55.115,0.0
2025-06-10 10:25:00-0400,55.115,55.115,55.115,55.115,0.0
2025-06-10 10:30:00-0400,55.115,55.115,55.115,55.115,0.0
2025-06-10 10:35:00-0400,55.115,55.115,55.115,55.115,0.0
2025-06-10 10:40:00-0400,55.115,55.115,55.115,55.115,0.0
2025-06-10 10:45:00-0400,55.115,55.115,55.115,55.115,0.0
2025-06-10 10:50:00-0400,55.115,55.115,55.115,55.115,0.0
2025-06-10 10:55:00-0400,55.115,55.14,55.115,55.14,100.0
2025-06-10 11:00:00-0400,55.14,55.16,55.14,55.16,100.0
2025-06-10 11:05:00-0400,55.16,55.16,55.16,55.16,0.0
2025-06-10 11:10:00-0400,55.16,55.16,55.16,55.16,0.0
2025-06-10 11:15:00-0400,55.16,55.16,55.16,55.16,0.0
2025-06-10 11:20:00-0400,55.16,55.16,55.16,55.16,0.0
2025-06-10 11:25:00-0400,55.16,55.16,55.16,55.16,0.0
2025-06-10 11:30:00-0400,55.16,55.16,55.16,55.16,0.0
2025-06-10 11:35:00-0400,55.16,55.16,55.16,55.16,0.0
2025-06-10 11:40:00-0400,55.16,55.16,55.16,55.16,0.0
2025-06-10 11:45:00-0400,55.16,55.16,55.16,55.16,0.0
2025-06-10 11:50:00-0400,55.16,55.16,55.16,55.16,0.0
2025-06-10 11:55:00-0400,55.16,55.16,55.16,55.16,0.0
2025-06-10 12:00:00-0400,55.16,55.35,55.16,55.35,646.0
2025-06-10 12:05:00-0400,55.35,55.35,55.35,55.35,0.0
2025-06-10 12:10:00-0400,55.35,55.35,55.35,55.35,0.0
2025-06-10 12:15:00-0400,55.35,55.35,55.15,55.15,200.0
2025-06-10 12:20:00-0400,55.15,55.15,55.15,55.15,0.0
2025-06-10 12:25:00-0400,55.15,55.15,55.15,55.15,0.0
2025-06-10 12:30:00-0400,55.15,55.15,55.15,55.15,0.0
2025-06-10 12:35:00-0400,55.15,55.15,55.15,55.15,0.0
2025-06-10 12:40:00-0400,55.15,55.15,55.15,55.15,0.0
2025-06-10 12:45:00-0400,55.15,55.15,55.15,55.15,0.0
2025-06-10 12:50:00-0400,55.15,55.15,55.15,55.15,0.0
2025-06-10 12:55:00-0400,55.15,55.15,55.15,55.15,0.0
2025-06-10 13:00:00-0400,55.15,55.15,55.15,55.15,0.0
2025-06-10 13:05:00-0400,55.15,55.15,55.15,55.15,0.0
2025-06-10 13:10:00-0400,55.15,55.15,55.15,55.15,0.0
2025-06-10 13:15:00-0400,55.15,55.15,55.15,55.15,0.0
2025-06-10 13:20:00-0400,55.15,55.15,55.15,55.15,0.0
2025-06-10 13:25:00-0400,55.15,55.15,55.15,55.15,0.0
2025-06-10 13:30:00-0400,55.2,55.28,55.2,55.26,52994.0
2025-06-10 13:35:00-0400,55.26,55.26,55.24,55.255,74926.0
2025-06-10 13:40:00-0400,55.26,55.2679,55.245,55.26,56304.0
2025-06-10 13:45:00-0400,55.255,55.26,55.25,55.2581,24344.0
2025-06-10 13:50:00-0400,55.255,55.275,55.25,55.27,56720.0
2025-06-10 13:55:00-0400,55.265,55.285,55.265,55.265,79251.0
2025-06-10 14:00:00-0400,55.265,55.275,55.26,55.275,25155.0
2025-06-10 14:05:00-0400,55.275,55.285,55.2635,55.284,15191.0
2025-06-10 14:10:00-0400,55.285,55.29,55.27,55.285,76310.0
2025-06-10 14:15:00-0400,55.28,55.29,55.2627,55.2627,58363.0
2025-06-10 14:20:00-0400,55.265,55.265,55.21,55.215,40864.0
2025-06-10 14:25:00-0400,55.215,55.24,55.1846,55.21,226425.0
2025-06-10 14:30:00-0400,55.21,55.225,55.21,55.22,8845.0
2025-06-10 14:35:00-0400,55.2299,55.235,55.19,55.2,55966.0
2025-06-10 14:40:00-0400,55.205,55.225,55.2,55.225,56687.0
2025-06-10 14:45:00-0400,55.225,55.235,55.22,55.23,22779.0
2025-06-10 14:50:00-0400,55.23,55.235,55.22,55.225,26050.0
2025-06-10 14:55:00-0400,55.225,55.225,55.185,55.185,36842.0
2025-06-10 15:00:00-0400,55.18,55.195,55.18,55.18,39539.0
2025-06-10 15:05:00-0400,55.19,55.205,55.19,55.195,31805.0
2025-06-10 15:10:00-0400,55.195,55.21,55.19,55.195,103218.0
2025-06-10 15:15:00-0400,55.2,55.205,55.18,55.185,46957.0
2025-06-10 15:20:00-0400,55.185,55.195,55.185,55.19,21241.0
2025-06-10 15:25:00-0400,55.195,55.195,55.175,55.175,20168.0
2025-06-10 15:30:00-0400,55.175,55.18,55.17,55.18,6803.0
2025-06-10 15:35:00-0400,55.1701,55.175,55.155,55.17,74399.0
2025-06-10 15:40:00-0400,55.17,55.175,55.163,55.175,26339.0
2025-06-10 15:45:00-0400,55.175,55.195,55.17,55.1935,57367.0
2025-06-10 15:50:00-0400,55.2,55.215,55.2,55.2043,45633.0
2025-06-10 15:55:00-0400,55.2,55.2,55.19,55.19,53640.0
2025-06-10 16:00:00-0400,55.19,55.195,55.175,55.18,40623.0
2025-06-11 09:35:00-0400,55.18,55.18,55.18,55.18,0.0
2025-06-11 09:40:00-0400,55.18,55.18,55.18,55.18,0.0
2025-06-11 09:45:00-0400,55.18,55.18,55.18,55.18,0.0
2025-06-11 09:50:00-0400,55.18,55.18,55.18,55.18,0.0
2025-06-11 09:55:00-0400,55.18,55.18,55.18,55.18,0.0
2025-06-11 10:00:00-0400,55.18,55.18,55.18,55.18,0.0
2025-06-11 10:05:00-0400,55.18,55.18,55.18,55.18,0.0
2025-06-11 10:10:00-0400,55.18,55.18,55.18,55.18,0.0
2025-06-11 10:15:00-0400,55.18,55.18,55.18,55.18,0.0
2025-06-11 10:20:00-0400,55.18,55.18,55.18,55.18,0.0
2025-06-11 10:25:00-0400,55.18,55.18,55.18,55.18,0.0
2025-06-11 10:30:00-0400,55.18,55.18,55.18,55.18,0.0
2025-06-11 10:35:00-0400,55.18,55.18,55.18,55.18,0.0
2025-06-11 10:40:00-0400,55.18,55.18,55.18,55.18,0.0
2025-06-11 10:45:00-0400,55.18,55.18,55.18,55.18,0.0
2025-06-11 10:50:00-0400,55.18,55.18,55.18,55.18,0.0
2025-06-11 10:55:00-0400,55.18,55.18,55.18,55.18,0.0
2025-06-11 11:00:00-0400,55.18,55.27,55.18,55.27,1674.0
2025-06-11 11:05:00-0400,55.27,55.27,55.27,55.27,0.0
2025-06-11 11:10:00-0400,55.27,55.27,55.27,55.27,0.0
2025-06-11 11:15:00-0400,55.27,55.27,55.27,55.27,0.0
2025-06-11 11:20:00-0400,55.27,55.27,55.27,55.27,0.0
2025-06-11 11:25:00-0400,55.27,55.27,55.27,55.27,0.0
2025-06-11 11:30:00-0400,55.27,55.27,55.27,55.27,0.0
2025-06-11 11:35:00-0400,55.27,55.27,55.27,55.27,0.0
2025-06-11 11:40:00-0400,55.27,55.27,55.27,55.27,0.0
2025-06-11 11:45:00-0400,55.27,55.27,55.27,55.27,0.0
2025-06-11 11:50:00-0400,55.27,55.27,55.27,55.27,0.0
2025-06-11 11:55:00-0400,55.27,55.27,55.27,55.27,0.0
2025-06-11 12:00:00-0400,55.27,55.2773,55.18,55.18,633.0
2025-06-11 12:05:00-0400,55.18,55.18,55.18,55.18,0.0
2025-06-11 12:10:00-0400,55.18,55.18,55.18,55.18,0.0
2025-06-11 12:15:00-0400,55.18,55.18,55.18,55.18,0.0
2025-06-11 12:20:00-0400,55.18,55.18,55.18,55.18,0.0
2025-06-11 12:25:00-0400,55.18,55.18,55.18,55.18,0.0
2025-06-11 12:30:00-0400,55.18,55.18,55.18,55.18,0.0
2025-06-11 12:35:00-0400,55.28,55.3,55.28,55.3,721.0
2025-06-11 12:40:00-0400,55.3997,55.3999,55.3997,55.3997,500.0
2025-06-11 12:45:00-0400,55.3997,55.3997,55.3997,55.3997,0.0
2025-06-11 12:50:00-0400,55.3997,55.3997,55.3997,55.3997,0.0
2025-06-11 12:55:00-0400,55.3997,55.3997,55.3997,55.3997,0.0
2025-06-11 13:00:00-0400,55.3997,55.4,55.3997,55.4,321.0
2025-06-11 13:05:00-0400,55.4,55.4,55.31,55.31,500.0
2025-06-11 13:10:00-0400,55.31,55.31,55.31,55.31,0.0
2025-06-11 13:15:00-0400,55.31,55.31,55.31,55.31,0.0
2025-06-11 13:20:00-0400,55.31,55.31,55.31,55.31,0.0
2025-06-11 13:25:00-0400,55.31,55.31,55.31,55.31,0.0
2025-06-11 13:30:00-0400,55.31,55.41,55.31,55.365,36771.0
2025-06-11 13:35:00-0400,55.36,55.36,55.3,55.315,85637.0
2025-06-11 13:40:00-0400,55.315,55.34,55.3,55.32,35663.0
2025-06-11 13:45:00-0400,55.315,55.34,55.31,55.315,30653.0
2025-06-11 13:50:00-0400,55.315,55.335,55.295,55.315,46164.0
2025-06-11 13:55:00-0400,55.315,55.35,55.3146,55.345,61532.0
2025-06-11 14:00:00-0400,55.34,55.345,55.3293,55.34,26454.0
2025-06-11 14:05:00-0400,55.35,55.35,55.33,55.335,33748.0
2025-06-11 14:10:00-0400,55.3365,55.37,55.3347,55.365,97002.0
2025-06-11 14:15:00-0400,55.365,55.375,55.36,55.375,37133.0
2025-06-11 14:20:00-0400,55.375,55.395,55.375,55.39,40927.0
2025-06-11 14:25:00-0400,55.38,55.385,55.37,55.3711,6628.0
2025-06-11 14:30:00-0400,55.37,55.375,55.34,55.34,40736.0
2025-06-11 14:35:00-0400,55.34,55.365,55.335,55.36,60217.0
2025-06-11 14:40:00-0400,55.35,55.38,55.35,55.375,21734.0
2025-06-11 14:45:00-0400,55.38,55.3899,55.37,55.385,12171.0
2025-06-11 14:50:00-0400,55.38,55.395,55.375,55.39,51838.0
2025-06-11 14:55:00-0400,55.39,55.4,55.365,55.375,33088.0
2025-06-11 15:00:00-0400,55.38,55.3854,55.38,55.38,8992.0
2025-06-11 15:05:00-0400,55.385,55.3899,55.38,55.38,6493.0
2025-06-11 15:10:00-0400,55.38,55.385,55.34,55.3693,83340.0
2025-06-11 15:15:00-0400,55.36,55.395,55.35,55.395,151164.0
2025-06-11 15:20:00-0400,55.395,55.42,55.395,55.415,19950.0
2025-06-11 15:25:00-0400,55.41,55.415,55.39,55.395,80268.0
2025-06-11 15:30:00-0400,55.395,55.4,55.39,55.395,20087.0
2025-06-11 15:35:00-0400,55.395,55.4099,55.395,55.405,22296.0
2025-06-11 15:40:00-0400,55.405,55.405,55.39,55.395,28038.0
2025-06-11 15:45:00-0400,55.395,55.395,55.385,55.385,9227.0
2025-06-11 15:50:00-0400,55.38,55.4,55.375,55.4,17020.0
2025-06-11 15:55:00-0400,55.405,55.41,55.4,55.4,8359.0
2025-06-11 16:00:00-0400,55.4057,55.4057,55.395,55.405,19004.0
2025-06-12 09:35:00-0400,55.405,55.405,55.405,55.405,0.0
2025-06-12 09:40:00-0400,55.405,55.405,55.405,55.405,0.0
2025-06-12 09:45:00-0400,55.405,55.405,55.405,55.405,0.0
2025-06-12 09:50:00-0400,55.405,55.405,55.405,55.405,0.0
2025-06-12 09:55:00-0400,55.405,55.405,55.405,55.405,0.0
2025-06-12 10:00:00-0400,55.405,55.405,55.405,55.405,0.0
2025-06-12 10:05:00-0400,55.405,55.405,55.405,55.405,0.0
2025-06-12 10:10:00-0400,55.405,55.405,55.405,55.405,0.0
2025-06-12 10:15:00-0400,55.405,55.405,55.405,55.405,0.0
2025-06-12 10:20:00-0400,55.405,55.405,55.405,55.405,0.0
2025-06-12 10:25:00-0400,55.405,55.405,54.69,54.73,894.0
2025-06-12 10:30:00-0400,54.73,54.73,54.73,54.73,0.0
2025-06-12 10:35:00-0400,54.73,54.73,54.73,54.73,0.0
2025-06-12 10:40:00-0400,54.73,54.73,54.73,54.73,0.0
2025-06-12 10:45:00-0400,54.73,54.73,54.73,54.73,0.0
2025-06-12 10:50:00-0400,54.73,54.73,54.73,54.73,0.0
2025-06-12 10:55:00-0400,54.73,54.73,54.73,54.73,0.0
2025-06-12 11:00:00-0400,54.73,54.73,54.73,54.73,0.0
2025-06-12 11:05:00-0400,54.73,54.73,54.73,54.73,0.0
2025-06-12 11:10:00-0400,54.73,54.73,54.73,54.73,0.0
2025-06-12 11:15:00-0400,54.73,54.73,54.73,54.73,0.0
2025-06-12 11:20:00-0400,54.73,54.73,54.73,54.73,0.0
2025-06-12 11:25:00-0400,54.73,54.73,54.73,54.73,0.0
2025-06-12 11:30:00-0400,54.73,54.73,54.73,54.73,0.0
2025-06-12 11:35:00-0400,54.73,54.73,54.73,54.73,0.0
2025-06-12 11:40:00-0400,54.73,54.73,54.73,54.73,0.0
2025-06-12 11:45:00-0400,54.73,54.73,54.73,54.73,0.0
2025-06-12 11:50:00-0400,54.73,54.73,54.73,54.73,0.0
2025-06-12 11:55:00-0400,54.73,54.73,54.73,54.73,0.0
2025-06-12 12:00:00-0400,54.73,54.84,54.4342,54.4342,600.0
2025-06-12 12:05:00-0400,54.4342,54.4342,54.4342,54.4342,0.0
2025-06-12 12:10:00-0400,54.4342,54.4342,54.4342,54.4342,0.0
2025-06-12 12:15:00-0400,54.4342,54.4342,54.4342,54.4342,0.0
2025-06-12 12:20:00-0400,54.4342,54.59,54.4342,54.56,1025.0
2025-06-12 12:25:00-0400,54.56,54.59,54.54,54.54,1000.0
2025-06-12 12:30:00-0400,54.54,54.54,54.54,54.54,0.0
2025-06-12 12:35:00-0400,54.54,54.54,54.54,54.54,0.0
2025-06-12 12:40:00-0400,54.54,54.54,54.54,54.54,0.0
2025-06-12 12:45:00-0400,54.54,54.54,54.54,54.54,0.0
2025-06-12 12:50:00-0400,54.68,54.71,54.66,54.68,5730.0
2025-06-12 12:55:00-0400,54.68,54.68,54.68,54.68,0.0
2025-06-12 13:00:00-0400,54.68,54.69,54.67,54.68,2418.0
2025-06-12 13:05:00-0400,54.68,54.68,54.68,54.68,0.0
2025-06-12 13:10:00-0400,54.68,54.72,54.68,54.72,334.0
2025-06-12 13:15:00-0400,54.72,54.72,54.7,54.7,290.0
2025-06-12 13:20:00-0400,54.7,54.7,54.7,54.7,0.0
2025-06-12 13:25:00-0400,54.7,54.7,54.65,54.65,2358.0
2025-06-12 13:30:00-0400,54.67,54.71,54.67,54.71,53378.0
2025-06-12 13:35:00-0400,54.71,54.75,54.67,54.75,124393.0
2025-06-12 13:40:00-0400,54.745,54.79,54.745,54.785,86452.0
2025-06-12 13:45:00-0400,54.785,54.8,54.775,54.775,81034.0
2025-06-12 13:50:00-0400,54.77,54.78,54.75,54.755,96047.0
2025-06-12 13:55:00-0400,54.75,54.76,54.72,54.73,435416.0
2025-06-12 14:00:00-0400,54.73,54.74,54.72,54.735,71879.0
2025-06-12 14:05:00-0400,54.735,54.76,54.735,54.755,57463.0
2025-06-12 14:10:00-0400,54.755,54.79,54.7546,54.785,40591.0
2025-06-12 14:15:00-0400,54.785,54.79,54.7735,54.785,91471.0
2025-06-12 14:20:00-0400,54.79,54.81,54.785,54.805,55950.0
2025-06-12 14:25:00-0400,54.81,54.8299,54.79,54.79,110488.0
2025-06-12 14:30:00-0400,54.7946,54.809,54.7935,54.805,22403.0
2025-06-12 14:35:00-0400,54.805,54.815,54.8,54.8,23784.0
2025-06-12 14:40:00-0400,54.8,54.81,54.7942,54.8099,28844.0
2025-06-12 14:45:00-0400,54.81,54.81,54.8035,54.805,19140.0
2025-06-12 14:50:00-0400,54.8,54.81,54.79,54.795,126901.0
2025-06-12 14:55:00-0400,54.795,54.8,54.78,54.785,32929.0
2025-06-12 15:00:00-0400,54.785,54.7985,54.78,54.79,32111.0
2025-06-12 15:05:00-0400,54.7935,54.815,54.79,54.8008,54225.0
2025-06-12 15:10:00-0400,54.8029,54.81,54.79,54.795,36594.0
2025-06-12 15:15:00-0400,54.795,54.806,54.785,54.7855,63337.0
2025-06-12 15:20:00-0400,54.79,54.79,54.78,54.78,18522.0
2025-06-12 15:25:00-0400,54.78,54.78,54.76,54.76,43947.0
2025-06-12 15:30:00-0400,54.7655,54.77,54.74,54.7428,24409.0
2025-06-12 15:35:00-0400,54.74,54.77,54.73,54.7699,190964.0
2025-06-12 15:40:00-0400,54.765,54.77,54.73,54.735,136125.0
2025-06-12 15:45:00-0400,54.73,54.74,54.73,54.735,6184.0
2025-06-12 15:50:00-0400,54.73,54.735,54.72,54.735,26638.0
2025-06-12 15:55:00-0400,54.735,54.7462,54.73,54.7446,32194.0
2025-06-12 16:00:00-0400,54.75,54.765,54.745,54.765,42141.0
2025-06-13 09:35:00-0400,54.765,54.765,54.765,54.765,0.0
2025-06-13 09:40:00-0400,54.765,54.765,54.765,54.765,0.0
2025-06-13 09:45:00-0400,54.765,54.765,54.765,54.765,0.0
2025-06-13 09:50:00-0400,54.765,54.765,54.765,54.765,0.0
2025-06-13 09:55:00-0400,54.765,54.765,54.765,54.765,0.0
2025-06-13 10:00:00-0400,54.765,54.765,54.765,54.765,0.0
2025-06-13 10:05:00-0400,54.02,54.02,54.02,54.02,462.0
2025-06-13 10:10:00-0400,54.02,54.02,54.02,54.02,0.0
2025-06-13 10:15:00-0400,54.02,54.02,54.02,54.02,0.0
2025-06-13 10:20:00-0400,54.02,54.02,54.02,54.02,0.0
2025-06-13 10:25:00-0400,54.02,54.02,54.02,54.02,0.0
2025-06-13 10:30:00-0400,54.02,54.02,54.02,54.02,0.0
2025-06-13 10:35:00-0400,54.02,54.02,54.02,54.02,0.0
2025-06-13 10:40:00-0400,54.02,54.02,54.02,54.02,0.0
2025-06-13 10:45:00-0400,54.02,54.02,54.02,54.02,0.0
2025-06-13 10:50:00-0400,54.02,54.02,54.02,54.02,0.0
2025-06-13 10:55:00-0400,54.02,54.02,54.02,54.02,0.0
2025-06-13 11:00:00-0400,54.02,54.02,53.99,53.99,123.0
2025-06-13 11:05:00-0400,53.99,53.99,53.99,53.99,500.0
2025-06-13 11:10:00-0400,53.99,53.99,53.99,53.99,0.0
2025-06-13 11:15:00-0400,53.99,53.99,53.99,53.99,0.0
2025-06-13 11:20:00-0400,53.99,54.09,53.99,54.09,918.0
2025-06-13 11:25:00-0400,54.09,54.09,54.09,54.09,0.0
2025-06-13 11:30:00-0400,54.09,54.09,54.09,54.09,0.0
2025-06-13 11:35:00-0400,54.09,54.09,54.09,54.09,0.0
2025-06-13 11:40:00-0400,54.09,54.09,54.09,54.09,0.0
2025-06-13 11:45:00-0400,54.09,54.09,54.09,54.09,0.0
2025-06-13 11:50:00-0400,54.09,54.1,54.09,54.1,462.0
2025-06-13 11:55:00-0400,54.09,54.1,54.09,54.1,700.0
2025-06-13 12:00:00-0400,54.1,54.33,54.0,54.0045,3154.0
2025-06-13 12:05:00-0400,53.73,54.1,53.73,54.1,1616.0
2025-06-13 12:10:00-0400,54.1,54.1,54.1,54.1,0.0
2025-06-13 12:15:00-0400,54.1,54.1,54.05,54.05,330.0
2025-06-13 12:20:00-0400,54.05,54.05,54.05,54.05,0.0
2025-06-13 12:25:00-0400,54.05,54.05,54.05,54.05,0.0
2025-06-13 12:30:00-0400,54.05,54.05,54.05,54.05,0.0
2025-06-13 12:35:00-0400,54.05,54.05,54.05,54.05,0.0
2025-06-13 12:40:00-0400,54.05,54.05,54.05,54.05,0.0
2025-06-13 12:45:00-0400,54.05,54.05,54.02,54.02,1406.0
2025-06-13 12:50:00-0400,54.02,54.02,54.02,54.02,0.0
2025-06-13 12:55:00-0400,54.02,54.02,54.02,54.02,0.0
2025-06-13 13:00:00-0400,54.02,54.04,54.02,54.04,1250.0
2025-06-13 13:05:00-0400,54.04,54.04,54.04,54.04,0.0
2025-06-13 13:10:00-0400,54.04,54.04,54.02,54.02,1461.0
2025-06-13 13:15:00-0400,54.0,54.0,54.0,54.0,200.0
2025-06-13 13:20:00-0400,54.0,54.02,54.0,54.02,1000.0
2025-06-13 13:25:00-0400,54.02,54.02,54.02,54.02,0.0
2025-06-13 13:30:00-0400,54.02,54.09,54.0,54.015,104021.0
2025-06-13 13:35:00-0400,54.02,54.115,54.015,54.115,162315.0
2025-06-13 13:40:00-0400,54.115,54.15,54.105,54.1102,269589.0
2025-06-13 13:45:00-0400,54.125,54.14,54.105,54.11,141319.0
2025-06-13 13:50:00-0400,54.11,54.11,54.085,54.095,87543.0
2025-06-13 13:55:00-0400,54.1,54.105,54.035,54.055,78064.0
2025-06-13 14:00:00-0400,54.055,54.08,54.03,54.045,203694.0
2025-06-13 14:05:00-0400,54.045,54.07,54.04,54.055,154389.0
2025-06-13 14:10:00-0400,54.05,54.1,54.045,54.05,138940.0
2025-06-13 14:15:00-0400,54.05,54.0693,54.045,54.0645,26206.0
2025-06-13 14:20:00-0400,54.065,54.0765,54.06,54.06,42698.0
2025-06-13 14:25:00-0400,54.06,54.095,54.05,54.085,66202.0
2025-06-13 14:30:00-0400,54.08,54.09,54.06,54.06,55807.0
2025-06-13 14:35:00-0400,54.055,54.08,54.05,54.075,32519.0
2025-06-13 14:40:00-0400,54.0754,54.105,54.07,54.105,35861.0
2025-06-13 14:45:00-0400,54.105,54.11,54.07,54.07,54061.0
2025-06-13 14:50:00-0400,54.075,54.08,54.05,54.075,79191.0
2025-06-13 14:55:00-0400,54.08,54.1169,54.075,54.1,216939.0
2025-06-13 15:00:00-0400,54.105,54.11,54.095,54.1053,99922.0
2025-06-13 15:05:00-0400,54.105,54.11,54.1,54.11,19496.0
2025-06-13 15:10:00-0400,54.115,54.13,54.11,54.115,35117.0
2025-06-13 15:15:00-0400,54.115,54.145,54.115,54.145,40621.0
2025-06-13 15:20:00-0400,54.145,54.16,54.14,54.155,33638.0
2025-06-13 15:25:00-0400,54.15,54.19,54.15,54.175,57387.0
2025-06-13 15:30:00-0400,54.175,54.19,54.17,54.185,42064.0
2025-06-13 15:35:00-0400,54.1845,54.1954,54.17,54.1721,101885.0
2025-06-13 15:40:00-0400,54.175,54.18,54.17,54.175,50008.0
2025-06-13 15:45:00-0400,54.175,54.2052,54.175,54.195,147107.0
2025-06-13 15:50:00-0400,54.195,54.21,54.185,54.1898,31752.0
2025-06-13 15:55:00-0400,54.185,54.19,54.18,54.185,11153.0
2025-06-13 16:00:00-0400,54.185,54.19,54.18,54.185,19629.0
2025-06-16 09:35:00-0400,54.185,54.185,54.185,54.185,0.0
2025-06-16 09:40:00-0400,54.185,54.185,54.185,54.185,0.0
2025-06-16 09:45:00-0400,54.185,54.185,54.185,54.185,0.0
2025-06-16 09:50:00-0400,54.185,54.185,54.185,54.185,0.0
2025-06-16 09:55:00-0400,54.185,54.185,54.185,54.185,0.0
2025-06-16 10:00:00-0400,54.185,54.185,54.185,54.185,0.0
2025-06-16 10:05:00-0400,54.38,54.43,54.38,54.4,10483.0
2025-06-16 10:10:00-0400,54.4,54.41,54.36,54.4,5870.0
2025-06-16 10:15:00-0400,54.4,54.4,54.4,54.4,0.0
2025-06-16 10:20:00-0400,54.4,54.4,54.4,54.4,0.0
2025-06-16 10:25:00-0400,54.4,54.4,54.4,54.4,0.0
2025-06-16 10:30:00-0400,54.4,54.4,54.4,54.4,0.0
2025-06-16 10:35:00-0400,54.4,54.4,54.4,54.4,0.0
2025-06-16 10:40:00-0400,54.4,54.4,54.4,54.4,0.0
2025-06-16 10:45:00-0400,54.4,54.4,54.4,54.4,0.0
2025-06-16 10:50:00-0400,54.4,54.4,54.4,54.4,0.0
2025-06-16 10:55:00-0400,54.4,54.4,54.4,54.4,0.0
2025-06-16 11:00:00-0400,54.4,54.4,54.4,54.4,0.0
2025-06-16 11:05:00-0400,54.4,54.4,54.4,54.4,0.0
2025-06-16 11:10:00-0400,54.4,54.4,54.4,54.4,0.0
2025-06-16 11:15:00-0400,54.4,54.4,54.4,54.4,0.0
2025-06-16 11:20:00-0400,54.4,54.4,54.4,54.4,100.0
2025-06-16 11:25:00-0400,54.4,54.4,54.4,54.4,420.0
2025-06-16 11:30:00-0400,54.4,54.4,54.4,54.4,0.0
2025-06-16 11:35:00-0400,54.4,54.4,54.4,54.4,0.0
2025-06-16 11:40:00-0400,54.4,54.4,54.4,54.4,0.0
2025-06-16 11:45:00-0400,54.4,54.4,54.4,54.4,0.0
2025-06-16 11:50:00-0400,54.4,54.4,54.4,54.4,0.0
2025-06-16 11:55:00-0400,54.4,54.4,54.4,54.4,0.0
2025-06-16 12:00:00-0400,54.4,54.4,54.04,54.08,6138.0
2025-06-16 12:05:00-0400,54.4,54.4,54.4,54.4,1067.0
2025-06-16 12:10:00-0400,54.4,54.4,54.39,54.4,2594.0
2025-06-16 12:15:00-0400,54.4,54.42,54.4,54.42,1850.0
2025-06-16 12:20:00-0400,54.42,54.42,54.39,54.4,750.0
2025-06-16 12:25:00-0400,54.4,54.4,54.4,54.4,0.0
2025-06-16 12:30:00-0400,54.4,54.4,54.4,54.4,0.0
2025-06-16 12:35:00-0400,54.43,54.44,54.43,54.44,2560.0
2025-06-16 12:40:00-0400,54.44,54.45,54.44,54.45,1532.0
2025-06-16 12:45:00-0400,54.45,54.45,54.45,54.45,0.0
2025-06-16 12:50:00-0400,54.45,54.45,54.45,54.45,0.0
2025-06-16 12:55:00-0400,54.45,54.45,54.45,54.45,0.0
2025-06-16 13:00:00-0400,54.45,54.45,54.41,54.41,186.0
2025-06-16 13:05:00-0400,54.41,54.41,54.41,54.41,0.0
2025-06-16 13:10:00-0400,54.41,54.56,54.41,54.41,480.0
2025-06-16 13:15:00-0400,54.41,54.41,54.41,54.41,0.0
2025-06-16 13:20:00-0400,54.41,54.51,54.41,54.51,577.0
2025-06-16 13:25:00-0400,54.51,54.56,54.51,54.56,1069.0
2025-06-16 13:30:00-0400,54.62,54.66,54.51,54.66,78545.0
2025-06-16 13:35:00-0400,54.665,54.675,54.635,54.635,148544.0
2025-06-16 13:40:00-0400,54.635,54.6545,54.63,54.645,199803.0
2025-06-16 13:45:00-0400,54.645,54.6531,54.6318,54.6531,139398.0
2025-06-16 13:50:00-0400,54.655,54.68,54.655,54.67,78325.0
2025-06-16 13:55:00-0400,54.675,54.68,54.63,54.6682,190118.0
2025-06-16 14:00:00-0400,54.67,54.735,54.67,54.735,62061.0
2025-06-16 14:05:00-0400,54.735,54.81,54.735,54.81,128806.0
2025-06-16 14:10:00-0400,54.815,54.84,54.78,54.78,141214.0
2025-06-16 14:15:00-0400,54.785,54.8132,54.775,54.8098,40181.0
2025-06-16 14:20:00-0400,54.805,54.81,54.785,54.795,75198.0
2025-06-16 14:25:00-0400,54.795,54.795,54.76,54.77,30515.0
2025-06-16 14:30:00-0400,54.775,54.8,54.7748,54.79,52810.0
2025-06-16 14:35:00-0400,54.79,54.82,54.785,54.82,71523.0
2025-06-16 14:40:00-0400,54.825,54.84,54.81,54.84,130016.0
2025-06-16 14:45:00-0400,54.84,54.84,54.75,54.7826,153080.0
2025-06-16 14:50:00-0400,54.79,54.79,54.77,54.78,41034.0
2025-06-16 14:55:00-0400,54.78,54.7956,54.78,54.785,28753.0
2025-06-16 15:00:00-0400,54.78,54.78,54.755,54.755,75734.0
2025-06-16 15:05:00-0400,54.76,54.7693,54.74,54.765,44456.0
2025-06-16 15:10:00-0400,54.7646,54.765,54.7548,54.7548,41742.0
2025-06-16 15:15:00-0400,54.7548,54.765,54.75,54.755,37680.0
2025-06-16 15:20:00-0400,54.755,54.76,54.7535,54.76,31358.0
2025-06-16 15:25:00-0400,54.7572,54.78,54.7543,54.77,39003.0
2025-06-16 15:30:00-0400,54.77,54.77,54.73,54.755,40081.0
2025-06-16 15:35:00-0400,54.755,54.759,54.725,54.735,37023.0
2025-06-16 15:40:00-0400,54.7344,54.75,54.7344,54.745,45321.0
2025-06-16 15:45:00-0400,54.745,54.76,54.735,54.75,126875.0
2025-06-16 15:50:00-0400,54.75,54.755,54.75,54.7539,16402.0
2025-06-16 15:55:00-0400,54.75,54.75,54.72,54.7229,31959.0
2025-06-16 16:00:00-0400,54.72,54.7268,54.715,54.725,21029.0
2025-06-17 09:35:00-0400,54.725,54.725,54.725,54.725,0.0
2025-06-17 09:40:00-0400,54.725,54.725,54.725,54.725,0.0
2025-06-17 09:45:00-0400,54.725,54.725,54.725,54.725,0.0
2025-06-17 09:50:00-0400,54.725,54.725,54.725,54.725,0.0
2025-06-17 09:55:00-0400,54.725,54.725,54.725,54.725,0.0
2025-06-17 10:00:00-0400,54.725,54.725,54.725,54.725,0.0
2025-06-17 10:05:00-0400,54.725,54.725,54.725,54.725,0.0
2025-06-17 10:10:00-0400,54.725,54.725,54.725,54.725,0.0
2025-06-17 10:15:00-0400,54.725,54.725,54.725,54.725,0.0
2025-06-17 10:20:00-0400,54.725,54.725,54.725,54.725,0.0
2025-06-17 10:25:00-0400,54.725,54.725,54.725,54.725,0.0
2025-06-17 10:30:00-0400,54.725,54.725,54.25,54.25,220.0
2025-06-17 10:35:00-0400,54.25,54.25,54.25,54.25,0.0
2025-06-17 10:40:00-0400,54.25,54.25,54.25,54.25,0.0
2025-06-17 10:45:00-0400,54.25,54.25,54.25,54.25,0.0
2025-06-17 10:50:00-0400,54.25,54.25,54.25,54.25,0.0
2025-06-17 10:55:00-0400,54.25,54.25,54.25,54.25,0.0
2025-06-17 11:00:00-0400,54.25,54.25,54.25,54.25,0.0
2025-06-17 11:05:00-0400,54.25,54.25,54.25,54.25,0.0
2025-06-17 11:10:00-0400,54.25,54.25,54.25,54.25,0.0
2025-06-17 11:15:00-0400,54.25,54.25,54.25,54.25,0.0
2025-06-17 11:20:00-0400,54.25,54.25,54.25,54.25,0.0
2025-06-17 11:25:00-0400,54.25,54.25,54.25,54.25,0.0
2025-06-17 11:30:00-0400,54.25,54.25,54.25,54.25,0.0
2025-06-17 11:35:00-0400,54.25,54.25,54.25,54.25,0.0
2025-06-17 11:40:00-0400,54.25,54.25,54.25,54.25,0.0
2025-06-17 11:45:00-0400,54.25,54.25,54.25,54.25,0.0
2025-06-17 11:50:00-0400,54.25,54.25,54.25,54.25,0.0
2025-06-17 11:55:00-0400,54.25,54.25,54.13,54.13,2829.0
2025-06-17 12:00:00-0400,54.13,54.6865,54.13,54.6865,380.0
2025-06-17 12:05:00-0400,54.6865,54.6865,54.6865,54.6865,0.0
2025-06-17 12:10:00-0400,54.6865,54.6865,54.6865,54.6865,0.0
2025-06-17 12:15:00-0400,54.6865,54.6865,54.6865,54.6865,0.0
2025-06-17 12:20:00-0400,54.6865,54.6865,54.6865,54.6865,0.0
2025-06-17 12:25:00-0400,54.6865,54.6865,54.11,54.11,100.0
2025-06-17 12:30:00-0400,54.11,54.11,54.11,54.11,0.0
2025-06-17 12:35:00-0400,54.11,54.11,54.11,54.11,0.0
2025-06-17 12:40:00-0400,54.11,54.11,54.11,54.11,0.0
2025-06-17 12:45:00-0400,54.11,54.11,54.11,54.11,0.0
2025-06-17 12:50:00-0400,54.11,54.11,54.11,54.11,0.0
2025-06-17 12:55:00-0400,54.11,54.11,54.11,54.11,0.0
2025-06-17 13:00:00-0400,54.11,54.11,54.11,54.11,0.0
2025-06-17 13:05:00-0400,54.11,54.11,54.11,54.11,0.0
2025-06-17 13:10:00-0400,54.11,54.16,54.11,54.16,321.0
2025-06-17 13:15:00-0400,54.16,54.16,54.16,54.16,0.0
2025-06-17 13:20:00-0400,54.16,54.16,54.16,54.16,0.0
2025-06-17 13:25:00-0400,54.16,54.16,54.16,54.16,0.0
2025-06-17 13:30:00-0400,54.16,54.16,54.03,54.065,103538.0
2025-06-17 13:35:00-0400,54.07,54.11,54.045,54.0588,232934.0
2025-06-17 13:40:00-0400,54.05,54.1,54.03,54.09,80968.0
2025-06-17 13:45:00-0400,54.09,54.1,54.06,54.095,188906.0
2025-06-17 13:50:00-0400,54.095,54.11,54.09,54.095,58183.0
2025-06-17 13:55:00-0400,54.095,54.0965,54.06,54.0965,77898.0
2025-06-17 14:00:00-0400,54.095,54.13,54.095,54.13,39101.0
2025-06-17 14:05:00-0400,54.125,54.125,54.08,54.085,78890.0
2025-06-17 14:10:00-0400,54.085,54.09,54.065,54.085,56727.0
2025-06-17 14:15:00-0400,54.085,54.095,54.06,54.065,84189.0
2025-06-17 14:20:00-0400,54.065,54.075,54.06,54.075,36673.0
2025-06-17 14:25:00-0400,54.075,54.08,54.06,54.075,115871.0
2025-06-17 14:30:00-0400,54.075,54.09,54.065,54.085,25965.0
2025-06-17 14:35:00-0400,54.085,54.085,54.01,54.01,78718.0
2025-06-17 14:40:00-0400,54.0146,54.02,53.99,54.0,31902.0
2025-06-17 14:45:00-0400,53.99,53.995,53.98,53.98,100588.0
2025-06-17 14:50:00-0400,53.985,54.025,53.985,54.025,201436.0
2025-06-17 14:55:00-0400,54.025,54.055,54.015,54.055,51501.0
2025-06-17 15:00:00-0400,54.055,54.055,54.03,54.03,47067.0
2025-06-17 15:05:00-0400,54.04,54.0871,54.04,54.085,34447.0
2025-06-17 15:10:00-0400,54.09,54.11,54.085,54.11,32357.0
2025-06-17 15:15:00-0400,54.105,54.14,54.1036,54.125,50697.0
2025-06-17 15:20:00-0400,54.125,54.13,54.11,54.13,38620.0
2025-06-17 15:25:00-0400,54.125,54.13,54.1,54.105,39601.0
2025-06-17 15:30:00-0400,54.105,54.1056,54.075,54.09,92038.0
2025-06-17 15:35:00-0400,54.095,54.1,54.09,54.095,53727.0
2025-06-17 15:40:00-0400,54.1,54.115,54.0929,54.11,55741.0
2025-06-17 15:45:00-0400,54.11,54.125,54.11,54.11,56599.0
2025-06-17 15:50:00-0400,54.1154,54.12,54.095,54.115,21738.0
2025-06-17 15:55:00-0400,54.12,54.125,54.11,54.11,72647.0
2025-06-17 16:00:00-0400,54.115,54.115,54.11,54.115,2207.0
2025-06-18 09:35:00-0400,54.115,54.115,54.115,54.115,0.0
2025-06-18 09:40:00-0400,54.115,54.115,54.115,54.115,0.0
2025-06-18 09:45:00-0400,54.115,54.115,54.115,54.115,0.0
2025-06-18 09:50:00-0400,54.115,54.115,54.115,54.115,0.0
2025-06-18 09:55:00-0400,54.115,54.115,54.115,54.115,0.0
2025-06-18 10:00:00-0400,54.115,54.115,54.115,54.115,0.0
2025-06-18 10:05:00-0400,54.115,54.115,54.115,54.115,0.0
2025-06-18 10:10:00-0400,54.115,54.115,54.115,54.115,0.0
2025-06-18 10:15:00-0400,54.115,54.115,54.115,54.115,0.0
2025-06-18 10:20:00-0400,54.115,54.115,54.115,54.115,0.0
2025-06-18 10:25:00-0400,54.115,54.115,54.115,54.115,0.0
2025-06-18 10:30:00-0400,54.115,54.115,54.115,54.115,0.0
2025-06-18 10:35:00-0400,54.115,54.115,54.115,54.115,0.0
2025-06-18 10:40:00-0400,54.115,54.115,54.115,54.115,0.0
2025-06-18 10:45:00-0400,54.115,54.115,54.115,54.115,0.0
2025-06-18 10:50:00-0400,54.115,54.115,54.115,54.115,0.0
2025-06-18 10:55:00-0400,54.115,54.115,54.115,54.115,0.0
2025-06-18 11:00:00-0400,54.115,54.115,54.115,54.115,0.0
2025-06-18 11:05:00-0400,54.115,54.115,54.115,54.115,0.0
2025-06-18 11:10:00-0400,54.115,54.115,54.115,54.115,0.0
2025-06-18 11:15:00-0400,54.115,54.115,54.115,54.115,0.0
2025-06-18 11:20:00-0400,54.115,54.115,54.115,54.115,0.0
2025-06-18 11:25:00-0400,54.115,54.115,54.115,54.115,0.0
2025-06-18 11:30:00-0400,54.115,54.115,54.115,54.115,0.0
2025-06-18 11:35:00-0400,54.115,54.115,54.115,54.115,0.0
2025-06-18 11:40:00-0400,54.115,54.115,54.115,54.115,0.0
2025-06-18 11:45:00-0400,54.115,54.115,54.115,54.115,0.0
2025-06-18 11:50:00-0400,54.115,54.115,54.115,54.115,0.0
2025-06-18 11:55:00-0400,54.115,54.115,54.115,54.115,0.0
2025-06-18 12:00:00-0400,54.115,54.115,54.115,54.115,0.0
2025-06-18 12:05:00-0400,54.115,54.115,54.115,54.115,0.0
2025-06-18 12:10:00-0400,54.115,54.115,54.115,54.115,0.0
2025-06-18 12:15:00-0400,54.115,54.115,54.115,54.115,0.0
2025-06-18 12:20:00-0400,54.115,54.115,54.115,54.115,0.0
2025-06-18 12:25:00-0400,54.115,54.115,54.115,54.115,0.0
2025-06-18 12:30:00-0400,54.115,54.115,54.115,54.115,0.0
2025-06-18 12:35:00-0400,54.115,54.115,54.115,54.115,0.0
2025-06-18 12:40:00-0400,54.115,54.115,54.115,54.115,0.0
2025-06-18 12:45:00-0400,54.115,54.115,54.115,54.115,0.0
2025-06-18 12:50:00-0400,54.115,54.115,54.115,54.115,0.0
2025-06-18 12:55:00-0400,54.1549,54.1549,54.1549,54.1549,500.0
2025-06-18 13:00:00-0400,54.1549,54.1549,54.1549,54.1549,0.0
2025-06-18 13:05:00-0400,54.1549,54.1549,53.8193,53.8193,109.0
2025-06-18 13:10:00-0400,53.8193,53.8193,53.8193,53.8193,0.0
2025-06-18 13:15:00-0400,53.8193,53.8193,53.8193,53.8193,0.0
2025-06-18 13:20:00-0400,53.8193,53.83,53.8193,53.83,140.0
2025-06-18 13:25:00-0400,53.83,53.85,53.83,53.85,18975.0
2025-06-18 13:30:00-0400,53.85,53.86,53.83,53.84,23647.0
2025-06-18 13:35:00-0400,53.83,53.835,53.76,53.775,147924.0
2025-06-18 13:40:00-0400,53.77,53.79,53.7525,53.775,57696.0
2025-06-18 13:45:00-0400,53.77,53.775,53.74,53.7612,37385.0
2025-06-18 13:50:00-0400,53.765,53.78,53.75,53.755,59226.0
2025-06-18 13:55:00-0400,53.755,53.755,53.71,53.715,107540.0
2025-06-18 14:00:00-0400,53.715,53.75,53.71,53.735,50513.0
2025-06-18 14:05:00-0400,53.73,53.825,53.725,53.795,144109.0
2025-06-18 14:10:00-0400,53.795,53.8,53.77,53.795,49626.0
2025-06-18 14:15:00-0400,53.795,53.87,53.79,53.87,46568.0
2025-06-18 14:20:00-0400,53.87,53.875,53.85,53.8554,97027.0
2025-06-18 14:25:00-0400,53.86,53.89,53.86,53.884,31322.0
2025-06-18 14:30:00-0400,53.89,53.8952,53.8709,53.89,29384.0
2025-06-18 14:35:00-0400,53.8871,53.8952,53.88,53.89,17324.0
2025-06-18 14:40:00-0400,53.895,53.915,53.89,53.9,19955.0
2025-06-18 14:45:00-0400,53.89,53.9061,53.88,53.905,10809.0
2025-06-18 14:50:00-0400,53.905,53.93,53.885,53.8863,443166.0
2025-06-18 14:55:00-0400,53.89,53.9099,53.8801,53.885,30138.0
2025-06-18 15:00:00-0400,53.89,53.905,53.885,53.895,16667.0
2025-06-18 15:05:00-0400,53.895,53.915,53.895,53.905,27604.0
2025-06-18 15:10:00-0400,53.905,53.905,53.8701,53.875,15188.0
2025-06-18 15:15:00-0400,53.8799,53.8858,53.875,53.875,23772.0
2025-06-18 15:20:00-0400,53.875,53.89,53.875,53.885,16369.0
2025-06-18 15:25:00-0400,53.885,53.885,53.855,53.855,42200.0
2025-06-18 15:30:00-0400,53.855,53.89,53.855,53.8643,49651.0
2025-06-18 15:35:00-0400,53.87,53.875,53.855,53.855,32974.0
2025-06-18 15:40:00-0400,53.86,53.8799,53.86,53.8699,47485.0
2025-06-18 15:45:00-0400,53.87,53.875,53.855,53.86,27525.0
2025-06-18 15:50:00-0400,53.86,53.88,53.85,53.88,20296.0
2025-06-18 15:55:00-0400,53.88,53.89,53.86,53.865,17195.0
2025-06-18 16:00:00-0400,53.865,53.865,53.845,53.845,12672.0
2025-06-20 09:35:00-0400,53.845,53.845,53.845,53.845,0.0
2025-06-20 09:40:00-0400,53.845,53.845,53.845,53.845,0.0
2025-06-20 09:45:00-0400,53.845,53.845,53.845,53.845,0.0
2025-06-20 09:50:00-0400,53.845,53.845,53.845,53.845,0.0
2025-06-20 09:55:00-0400,53.845,53.845,53.845,53.845,0.0
2025-06-20 10:00:00-0400,53.845,53.845,53.845,53.845,0.0
2025-06-20 10:05:00-0400,53.845,53.845,53.845,53.845,0.0
2025-06-20 10:10:00-0400,53.845,53.845,53.845,53.845,0.0
2025-06-20 10:15:00-0400,53.845,53.845,53.845,53.845,0.0
2025-06-20 10:20:00-0400,53.845,53.845,53.845,53.845,0.0
2025-06-20 10:25:00-0400,53.845,53.845,53.845,53.845,0.0
2025-06-20 10:30:00-0400,53.845,53.845,53.845,53.845,0.0
2025-06-20 10:35:00-0400,53.845,53.845,53.845,53.845,0.0
2025-06-20 10:40:00-0400,53.845,53.845,53.845,53.845,0.0
2025-06-20 10:45:00-0400,53.845,53.845,53.845,53.845,0.0
2025-06-20 10:50:00-0400,53.845,53.845,53.845,53.845,0.0
2025-06-20 10:55:00-0400,53.845,53.845,53.845,53.845,0.0
2025-06-20 11:00:00-0400,53.845,53.845,53.845,53.845,0.0
2025-06-20 11:05:00-0400,53.845,53.845,53.845,53.845,0.0
2025-06-20 11:10:00-0400,54.15,54.15,54.15,54.15,100.0
2025-06-20 11:15:00-0400,54.15,54.15,54.15,54.15,0.0
2025-06-20 11:20:00-0400,54.15,54.15,54.15,54.15,0.0
2025-06-20 11:25:00-0400,54.15,54.15,54.15,54.15,0.0
2025-06-20 11:30:00-0400,54.15,54.15,54.05,54.05,200.0
2025-06-20 11:35:00-0400,54.05,54.05,54.05,54.05,0.0
2025-06-20 11:40:00-0400,54.05,54.05,54.05,54.05,0.0
2025-06-20 11:45:00-0400,54.05,54.05,54.05,54.05,0.0
2025-06-20 11:50:00-0400,54.05,54.18,54.05,54.18,1183.0
2025-06-20 11:55:00-0400,54.18,54.18,54.18,54.18,0.0
2025-06-20 12:00:00-0400,54.18,54.18,54.12,54.12,427983.0
2025-06-20 12:05:00-0400,54.12,54.12,54.12,54.12,0.0
2025-06-20 12:10:00-0400,54.12,54.12,54.12,54.12,0.0
2025-06-20 12:15:00-0400,54.12,54.12,54.12,54.12,0.0
2025-06-20 12:20:00-0400,54.12,54.12,54.12,54.12,0.0
2025-06-20 12:25:00-0400,54.12,54.12,54.12,54.12,0.0
2025-06-20 12:30:00-0400,54.12,54.15,54.09,54.14,1005.0
2025-06-20 12:35:00-0400,54.14,54.15,54.14,54.15,905.0
2025-06-20 12:40:00-0400,54.15,54.15,54.15,54.15,0.0
2025-06-20 12:45:00-0400,54.15,54.15,54.15,54.15,0.0
2025-06-20 12:50:00-0400,54.15,54.15,53.79,53.79,377441.0
2025-06-20 12:55:00-0400,53.79,53.79,53.79,53.79,0.0
2025-06-20 13:00:00-0400,53.79,53.79,53.79,53.79,0.0
2025-06-20 13:05:00-0400,53.79,53.79,53.79,53.79,0.0
2025-06-20 13:10:00-0400,53.79,53.79,53.79,53.79,0.0
2025-06-20 13:15:00-0400,53.79,53.79,53.79,53.79,0.0
2025-06-20 13:20:00-0400,53.79,53.79,53.79,53.79,0.0
2025-06-20 13:25:00-0400,54.1,54.17,54.1,54.17,460.0
2025-06-20 13:30:00-0400,54.17,54.17,54.12,54.152,44703.0
2025-06-20 13:35:00-0400,54.155,54.16,54.08,54.09,383918.0
2025-06-20 13:40:00-0400,54.09,54.135,54.07,54.135,345328.0
2025-06-20 13:45:00-0400,54.135,54.145,54.1,54.13,370588.0
2025-06-20 13:50:00-0400,54.13,54.13,54.085,54.095,228837.0
2025-06-20 13:55:00-0400,54.095,54.13,54.0925,54.12,96976.0
2025-06-20 14:00:00-0400,54.12,54.1267,54.1,54.11,33570.0
2025-06-20 14:05:00-0400,54.105,54.12,54.08,54.08,115646.0
2025-06-20 14:10:00-0400,54.08,54.08,54.06,54.075,73930.0
2025-06-20 14:15:00-0400,54.075,54.075,54.06,54.065,72719.0
2025-06-20 14:20:00-0400,54.065,54.07,54.04,54.04,46463.0
2025-06-20 14:25:00-0400,54.045,54.05,53.985,54.005,78617.0
2025-06-20 14:30:00-0400,54.0,54.04,53.995,54.025,51293.0
2025-06-20 14:35:00-0400,54.025,54.035,54.015,54.02,175647.0
2025-06-20 14:40:00-0400,54.02,54.055,54.02,54.02,77415.0
2025-06-20 14:45:00-0400,54.02,54.035,54.0,54.005,195177.0
2025-06-20 14:50:00-0400,54.0,54.02,53.995,54.02,71894.0
2025-06-20 14:55:00-0400,54.025,54.07,54.02,54.06,56344.0
2025-06-20 15:00:00-0400,54.065,54.08,54.025,54.035,163362.0
2025-06-20 15:05:00-0400,54.04,54.07,54.03,54.065,56921.0
2025-06-20 15:10:00-0400,54.07,54.105,54.055,54.105,62281.0
2025-06-20 15:15:00-0400,54.1,54.12,54.1,54.103,37701.0
2025-06-20 15:20:00-0400,54.105,54.11,54.065,54.07,87673.0
2025-06-20 15:25:00-0400,54.07,54.1,54.07,54.1,17918.0
2025-06-20 15:30:00-0400,54.095,54.1,54.07,54.075,41607.0
2025-06-20 15:35:00-0400,54.075,54.09,54.07,54.08,48384.0
2025-06-20 15:40:00-0400,54.085,54.1054,54.08,54.1054,30119.0
2025-06-20 15:45:00-0400,54.105,54.11,54.09,54.095,66796.0
2025-06-20 15:50:00-0400,54.095,54.105,54.075,54.075,38689.0
2025-06-20 15:55:00-0400,54.08,54.085,54.055,54.065,26080.0
2025-06-20 16:00:00-0400,54.065,54.08,54.065,54.08,7773.0
2025-06-23 09:35:00-0400,54.08,54.08,54.08,54.08,0.0
2025-06-23 09:40:00-0400,54.08,54.08,54.08,54.08,0.0
2025-06-23 09:45:00-0400,54.08,54.08,54.08,54.08,0.0
2025-06-23 09:50:00-0400,54.08,54.08,54.08,54.08,0.0
2025-06-23 09:55:00-0400,54.08,54.08,54.08,54.08,0.0
2025-06-23 10:00:00-0400,54.08,54.08,54.08,54.08,0.0
2025-06-23 10:05:00-0400,54.08,54.08,54.08,54.08,0.0
2025-06-23 10:10:00-0400,54.08,54.08,54.08,54.08,0.0
2025-06-23 10:15:00-0400,54.08,54.08,54.08,54.08,0.0
2025-06-23 10:20:00-0400,54.08,54.08,54.08,54.08,0.0
2025-06-23 10:25:00-0400,54.08,54.08,54.08,54.08,0.0
2025-06-23 10:30:00-0400,54.08,54.08,54.08,54.08,0.0
2025-06-23 10:35:00-0400,54.08,54.08,54.08,54.08,0.0
2025-06-23 10:40:00-0400,54.08,54.08,54.08,54.08,0.0
2025-06-23 10:45:00-0400,54.08,54.08,54.08,54.08,0.0
2025-06-23 10:50:00-0400,54.08,54.08,54.08,54.08,0.0
2025-06-23 10:55:00-0400,54.08,54.08,54.08,54.08,0.0
2025-06-23 11:00:00-0400,54.08,54.08,54.08,54.08,0.0
2025-06-23 11:05:00-0400,54.08,54.08,54.08,54.08,0.0
2025-06-23 11:10:00-0400,53.93,53.93,53.9,53.9,752.0
2025-06-23 11:15:00-0400,53.9,53.9,53.9,53.9,0.0
2025-06-23 11:20:00-0400,53.9,53.9,53.9,53.9,0.0
2025-06-23 11:25:00-0400,53.9,53.9,53.9,53.9,0.0
2025-06-23 11:30:00-0400,53.9,53.9,53.9,53.9,0.0
2025-06-23 11:35:00-0400,53.9,53.9,53.9,53.9,0.0
2025-06-23 11:40:00-0400,53.9,53.9,53.9,53.9,0.0
2025-06-23 11:45:00-0400,53.9,53.9,53.85,53.85,225.0
2025-06-23 11:50:00-0400,53.85,53.85,53.85,53.85,0.0
2025-06-23 11:55:00-0400,53.85,53.85,53.85,53.85,0.0
2025-06-23 12:00:00-0400,53.85,53.85,53.44,53.55,1059.0
2025-06-23 12:05:00-0400,53.55,53.55,53.55,53.55,0.0
2025-06-23 12:10:00-0400,53.55,53.55,53.55,53.55,0.0
2025-06-23 12:15:00-0400,53.55,53.55,53.55,53.55,0.0
2025-06-23 12:20:00-0400,53.55,53.55,53.55,53.55,0.0
2025-06-23 12:25:00-0400,53.55,53.55,53.55,53.55,0.0
2025-06-23 12:30:00-0400,53.55,53.55,53.55,53.55,0.0
2025-06-23 12:35:00-0400,53.55,53.55,53.55,53.55,0.0
2025-06-23 12:40:00-0400,53.55,53.55,53.55,53.55,0.0
2025-06-23 12:45:00-0400,53.55,53.55,53.55,53.55,0.0
2025-06-23 12:50:00-0400,53.55,53.55,53.55,53.55,0.0
2025-06-23 12:55:00-0400,53.55,53.55,53.55,53.55,0.0
2025-06-23 13:00:00-0400,53.55,53.55,53.55,53.55,0.0
2025-06-23 13:05:00-0400,53.55,53.55,53.55,53.55,0.0
2025-06-23 13:10:00-0400,53.55,53.55,53.55,53.55,0.0
2025-06-23 13:15:00-0400,53.55,53.55,53.55,53.55,0.0
2025-06-23 13:20:00-0400,54.1495,54.1495,53.81,53.81,363.0
2025-06-23 13:25:00-0400,53.81,53.81,53.81,53.81,0.0
2025-06-23 13:30:00-0400,53.81,53.84,53.7901,53.825,49677.0
2025-06-23 13:35:00-0400,53.825,53.87,53.82,53.865,48981.0
2025-06-23 13:40:00-0400,53.865,53.905,53.865,53.9009,32851.0
2025-06-23 13:45:00-0400,53.905,53.935,53.9001,53.9307,72704.0
2025-06-23 13:50:00-0400,53.9333,53.94,53.905,53.91,93384.0
2025-06-23 13:55:00-0400,53.91,53.945,53.91,53.935,41896.0
2025-06-23 14:00:00-0400,53.935,53.96,53.93,53.955,45145.0
2025-06-23 14:05:00-0400,53.9546,53.975,53.94,53.955,91038.0
2025-06-23 14:10:00-0400,53.9546,53.975,53.95,53.965,42708.0
2025-06-23 14:15:00-0400,53.9633,53.97,53.945,53.955,30950.0
2025-06-23 14:20:00-0400,53.955,53.99,53.95,53.99,50933.0
2025-06-23 14:25:00-0400,53.99,54.015,53.98,54.015,44865.0
2025-06-23 14:30:00-0400,54.015,54.03,53.99,53.99,42347.0
2025-06-23 14:35:00-0400,53.985,54.01,53.98,53.98,47929.0
2025-06-23 14:40:00-0400,53.99,53.99,53.96,53.985,291093.0
2025-06-23 14:45:00-0400,53.98,54.0,53.97,53.99,115759.0
2025-06-23 14:50:00-0400,53.99,53.99,53.965,53.975,41398.0
2025-06-23 14:55:00-0400,53.975,54.0,53.971,53.995,83115.0
2025-06-23 15:00:00-0400,53.99,53.995,53.975,53.98,48427.0
2025-06-23 15:05:00-0400,53.98,54.0,53.9739,53.993,323293.0
2025-06-23 15:10:00-0400,53.995,54.0,53.985,53.995,23938.0
2025-06-23 15:15:00-0400,54.0,54.01,53.99,54.01,17060.0
2025-06-23 15:20:00-0400,54.005,54.01,54.005,54.01,13866.0
2025-06-23 15:25:00-0400,54.01,54.01,53.98,53.985,112484.0
2025-06-23 15:30:00-0400,53.99,54.0,53.98,54.0,33637.0
2025-06-23 15:35:00-0400,53.9943,53.995,53.965,53.965,44070.0
2025-06-23 15:40:00-0400,53.96,53.98,53.96,53.97,53948.0
2025-06-23 15:45:00-0400,53.965,53.965,53.93,53.93,61155.0
2025-06-23 15:50:00-0400,53.9271,53.935,53.921,53.925,20459.0
2025-06-23 15:55:00-0400,53.925,53.945,53.9145,53.945,43570.0
2025-06-23 16:00:00-0400,53.94,53.945,53.925,53.93,20791.0
2025-06-24 09:35:00-0400,53.93,53.93,53.93,53.93,0.0
2025-06-24 09:40:00-0400,53.93,53.93,53.93,53.93,0.0
2025-06-24 09:45:00-0400,53.93,53.93,53.93,53.93,0.0
2025-06-24 09:50:00-0400,53.93,53.93,53.93,53.93,0.0
2025-06-24 09:55:00-0400,53.93,53.93,53.93,53.93,0.0
2025-06-24 10:00:00-0400,53.93,53.93,53.93,53.93,0.0
2025-06-24 10:05:00-0400,53.93,53.93,53.93,53.93,0.0
2025-06-24 10:10:00-0400,53.93,53.93,53.93,53.93,0.0
2025-06-24 10:15:00-0400,53.93,53.93,53.93,53.93,0.0
2025-06-24 10:20:00-0400,53.93,53.93,53.93,53.93,0.0
2025-06-24 10:25:00-0400,53.93,54.51,53.93,54.51,622.0
2025-06-24 10:30:00-0400,54.47,54.49,54.47,54.49,753.0
2025-06-24 10:35:00-0400,54.49,54.49,54.49,54.49,0.0
2025-06-24 10:40:00-0400,54.49,54.49,54.49,54.49,0.0
2025-06-24 10:45:00-0400,54.49,54.49,54.49,54.49,0.0
2025-06-24 10:50:00-0400,54.49,54.49,54.49,54.49,0.0
2025-06-24 10:55:00-0400,54.49,54.49,54.49,54.49,0.0
2025-06-24 11:00:00-0400,54.49,54.49,54.49,54.49,0.0
2025-06-24 11:05:00-0400,54.49,54.49,54.49,54.49,0.0
2025-06-24 11:10:00-0400,54.49,54.49,54.49,54.49,0.0
2025-06-24 11:15:00-0400,54.49,54.49,54.49,54.49,0.0
2025-06-24 11:20:00-0400,54.49,54.49,54.49,54.49,0.0
2025-06-24 11:25:00-0400,54.49,54.49,54.49,54.49,0.0
2025-06-24 11:30:00-0400,54.49,54.49,54.49,54.49,0.0
2025-06-24 11:35:00-0400,54.49,54.49,54.49,54.49,0.0
2025-06-24 11:40:00-0400,54.49,54.49,54.49,54.49,0.0
2025-06-24 11:45:00-0400,54.49,54.49,54.49,54.49,0.0
2025-06-24 11:50:00-0400,54.49,54.49,54.49,54.49,0.0
2025-06-24 11:55:00-0400,54.49,54.5,54.49,54.5,1000.0
2025-06-24 12:00:00-0400,54.5,54.58,54.5,54.58,556.0
2025-06-24 12:05:00-0400,54.58,54.58,54.58,54.58,0.0
2025-06-24 12:10:00-0400,54.56,54.58,54.56,54.57,2203.0
2025-06-24 12:15:00-0400,54.57,54.57,54.57,54.57,0.0
2025-06-24 12:20:00-0400,54.57,54.57,54.49,54.49,250395.0
2025-06-24 12:25:00-0400,54.49,54.49,54.49,54.49,0.0
2025-06-24 12:30:00-0400,54.49,54.49,54.49,54.49,0.0
2025-06-24 12:35:00-0400,54.49,54.49,54.49,54.49,0.0
2025-06-24 12:40:00-0400,54.49,54.49,54.49,54.49,0.0
2025-06-24 12:45:00-0400,54.49,54.49,54.49,54.49,0.0
2025-06-24 12:50:00-0400,54.49,54.49,54.49,54.49,0.0
2025-06-24 12:55:00-0400,54.49,54.49,54.49,54.49,0.0
2025-06-24 13:00:00-0400,54.5994,54.5994,54.5994,54.5994,280.0
2025-06-24 13:05:00-0400,54.5994,54.5994,54.5994,54.5994,0.0
2025-06-24 13:10:00-0400,54.5994,54.5994,54.48,54.48,400.0
2025-06-24 13:15:00-0400,54.48,54.67,54.48,54.57,1191.0
2025-06-24 13:20:00-0400,54.57,54.57,54.57,54.57,0.0
2025-06-24 13:25:00-0400,54.57,54.57,54.57,54.57,0.0
2025-06-24 13:30:00-0400,54.57,54.6,54.49,54.575,80301.0
2025-06-24 13:35:00-0400,54.575,54.585,54.55,54.575,90896.0
2025-06-24 13:40:00-0400,54.575,54.63,54.565,54.6206,310087.0
2025-06-24 13:45:00-0400,54.63,54.63,54.59,54.595,64697.0
2025-06-24 13:50:00-0400,54.6,54.615,54.585,54.5999,51432.0
2025-06-24 13:55:00-0400,54.6,54.6,54.58,54.595,47149.0
2025-06-24 14:00:00-0400,54.59,54.59,54.57,54.585,33708.0
2025-06-24 14:05:00-0400,54.585,54.62,54.585,54.615,114757.0
2025-06-24 14:10:00-0400,54.615,54.65,54.6,54.6497,158901.0
2025-06-24 14:15:00-0400,54.65,54.665,54.64,54.66,35030.0
2025-06-24 14:20:00-0400,54.665,54.69,54.655,54.685,116665.0
2025-06-24 14:25:00-0400,54.685,54.715,54.675,54.715,28781.0
2025-06-24 14:30:00-0400,54.715,54.7399,54.705,54.715,59606.0
2025-06-24 14:35:00-0400,54.715,54.715,54.715,54.715,0.0
2025-06-24 14:40:00-0400,54.715,54.715,54.715,54.715,0.0
2025-06-24 14:45:00-0400,54.715,54.715,54.715,54.715,0.0
2025-06-24 14:50:00-0400,54.715,54.715,54.715,54.715,0.0
2025-06-24 14:55:00-0400,54.715,54.715,54.715,54.715,0.0
2025-06-24 15:00:00-0400,54.715,54.715,54.715,54.715,0.0
2025-06-24 15:05:00-0400,54.715,54.715,54.715,54.715,0.0
2025-06-24 15:10:00-0400,54.715,54.715,54.715,54.715,0.0
2025-06-24 15:15:00-0400,54.715,54.715,54.715,54.715,0.0
2025-06-24 15:20:00-0400,54.715,54.715,54.715,54.715,0.0
2025-06-24 15:25:00-0400,54.715,54.715,54.715,54.715,0.0
2025-06-24 15:30:00-0400,54.715,54.715,54.715,54.715,0.0
2025-06-24 15:35:00-0400,54.715,54.715,54.715,54.715,0.0
2025-06-24 15:40:00-0400,54.715,54.715,54.715,54.715,0.0
2025-06-24 15:45:00-0400,54.715,54.715,54.715,54.715,0.0
2025-06-24 15:50:00-0400,54.715,54.715,54.715,54.715,0.0
2025-06-24 15:55:00-0400,54.715,54.715,54.715,54.715,0.0
2025-06-24 16:00:00-0400,54.715,54.715,54.715,54.715,0.0
