model_name,condition,condition_label_type,loss_variant,loss_metric,n_obs_total,n_assets,pooled_CP_loss,pooled_model_loss,pooled_advantage_CP_minus_model,equal_weight_asset_advantage,assets_positive
CP_REPO_FRESH,all_observations,not_conditioned,high_vol_only,LOG_RV_MSE,73496,10,1.2429973656852933,1.2429973656852933,0.0,0.0,0
CP_REPO_FRESH,all_observations,not_conditioned,high_vol_only,MAE,73496,10,0.0013977588560373617,0.0013977588560373617,0.0,0.0,0
CP_REPO_FRESH,all_observations,not_conditioned,high_vol_only,MSE,73496,10,9.91631467282196e-06,9.91631467282196e-06,0.0,0.0,0
CP_REPO_FRESH,all_observations,not_conditioned,high_vol_only,RMSE,73496,10,0.0031490180489832003,0.0031490180489832003,0.0,0.0,0
CP_REPO_FRESH,all_observations,not_conditioned,high_vol_only,SMAPE,73496,10,74.02057589487282,74.02057589487282,0.0,0.0,0
CP_REPO_FRESH,all_observations,not_conditioned,near_zero_excluded,LOG_RV_MSE,363794,10,84.08930450077095,84.08930450077095,0.0,0.0,0
CP_REPO_FRESH,all_observations,not_conditioned,near_zero_excluded,MAE,363794,10,0.0005874977904224,0.0005874977904224,0.0,0.0,0
CP_REPO_FRESH,all_observations,not_conditioned,near_zero_excluded,MSE,363794,10,2.215330906486703e-06,2.215330906486703e-06,0.0,0.0,0
CP_REPO_FRESH,all_observations,not_conditioned,near_zero_excluded,RMSE,363794,10,0.0014883987726703831,0.0014883987726703831,0.0,0.0,0
CP_REPO_FRESH,all_observations,not_conditioned,near_zero_excluded,SMAPE,363794,10,99.92108203019059,99.92108203019059,0.0,0.0,0
CP_REPO_FRESH,all_observations,not_conditioned,standard,LOG_RV_MSE,367468,10,86.0153296729766,86.0153296729766,0.0,0.0,0
CP_REPO_FRESH,all_observations,not_conditioned,standard,MAE,367468,10,0.0005862627334133548,0.0005862627334133548,0.0,0.0,0
CP_REPO_FRESH,all_observations,not_conditioned,standard,MSE,367468,10,2.195810003812886e-06,2.195810003812886e-06,0.0,0.0,0
CP_REPO_FRESH,all_observations,not_conditioned,standard,RMSE,367468,10,0.0014818265768344438,0.0014818265768344438,0.0,0.0,0
CP_REPO_FRESH,all_observations,not_conditioned,standard,SMAPE,367468,10,100.87996480320403,100.87996480320403,0.0,0.0,0
CP_REPO_FRESH,cluster_entry_loose,ex_post_descriptive,high_vol_only,LOG_RV_MSE,14694,10,1.332130441941895,1.332130441941895,0.0,0.0,0
CP_REPO_FRESH,cluster_entry_loose,ex_post_descriptive,high_vol_only,MAE,14694,10,0.001784491149669092,0.001784491149669092,0.0,0.0,0
CP_REPO_FRESH,cluster_entry_loose,ex_post_descriptive,high_vol_only,MSE,14694,10,1.032153994459627e-05,1.032153994459627e-05,0.0,0.0,0
CP_REPO_FRESH,cluster_entry_loose,ex_post_descriptive,high_vol_only,RMSE,14694,10,0.003212715353808406,0.003212715353808406,0.0,0.0,0
CP_REPO_FRESH,cluster_entry_loose,ex_post_descriptive,high_vol_only,SMAPE,14694,10,84.8115403046506,84.8115403046506,0.0,0.0,0
CP_REPO_FRESH,cluster_entry_loose,ex_post_descriptive,near_zero_excluded,LOG_RV_MSE,72721,10,60.55015231484592,60.55015231484592,0.0,0.0,0
CP_REPO_FRESH,cluster_entry_loose,ex_post_descriptive,near_zero_excluded,MAE,72721,10,0.0007578798738627712,0.0007578798738627712,0.0,0.0,0
CP_REPO_FRESH,cluster_entry_loose,ex_post_descriptive,near_zero_excluded,MSE,72721,10,2.4815741439829076e-06,2.4815741439829076e-06,0.0,0.0,0
CP_REPO_FRESH,cluster_entry_loose,ex_post_descriptive,near_zero_excluded,RMSE,72721,10,0.0015753012867330831,0.0015753012867330831,0.0,0.0,0
CP_REPO_FRESH,cluster_entry_loose,ex_post_descriptive,near_zero_excluded,SMAPE,72721,10,92.54758699479648,92.54758699479648,0.0,0.0,0
CP_REPO_FRESH,cluster_entry_loose,ex_post_descriptive,standard,LOG_RV_MSE,73457,10,62.079879723481234,62.079879723481234,0.0,0.0,0
CP_REPO_FRESH,cluster_entry_loose,ex_post_descriptive,standard,MAE,73457,10,0.0007565085520951432,0.0007565085520951432,0.0,0.0,0
CP_REPO_FRESH,cluster_entry_loose,ex_post_descriptive,standard,MSE,73457,10,2.4613245520281704e-06,2.4613245520281704e-06,0.0,0.0,0
CP_REPO_FRESH,cluster_entry_loose,ex_post_descriptive,standard,RMSE,73457,10,0.0015688609090764452,0.0015688609090764452,0.0,0.0,0
CP_REPO_FRESH,cluster_entry_loose,ex_post_descriptive,standard,SMAPE,73457,10,93.56088921296094,93.56088921296094,0.0,0.0,0
CP_REPO_FRESH,cluster_entry_strict,ex_post_descriptive,high_vol_only,LOG_RV_MSE,14657,10,1.3342554638475268,1.3342554638475268,0.0,0.0,0
CP_REPO_FRESH,cluster_entry_strict,ex_post_descriptive,high_vol_only,MAE,14657,10,0.001787243329286434,0.001787243329286434,0.0,0.0,0
CP_REPO_FRESH,cluster_entry_strict,ex_post_descriptive,high_vol_only,MSE,14657,10,1.034580321321044e-05,1.034580321321044e-05,0.0,0.0,0
CP_REPO_FRESH,cluster_entry_strict,ex_post_descriptive,high_vol_only,RMSE,14657,10,0.003216489268318867,0.003216489268318867,0.0,0.0,0
CP_REPO_FRESH,cluster_entry_strict,ex_post_descriptive,high_vol_only,SMAPE,14657,10,84.88149633879505,84.88149633879505,0.0,0.0,0
CP_REPO_FRESH,cluster_entry_strict,ex_post_descriptive,near_zero_excluded,LOG_RV_MSE,72532,10,60.381173384259625,60.381173384259625,0.0,0.0,0
CP_REPO_FRESH,cluster_entry_strict,ex_post_descriptive,near_zero_excluded,MAE,72532,10,0.0007588564320065486,0.0007588564320065486,0.0,0.0,0
CP_REPO_FRESH,cluster_entry_strict,ex_post_descriptive,near_zero_excluded,MSE,72532,10,2.487464553071507e-06,2.487464553071507e-06,0.0,0.0,0
CP_REPO_FRESH,cluster_entry_strict,ex_post_descriptive,near_zero_excluded,RMSE,72532,10,0.0015771697920869228,0.0015771697920869228,0.0,0.0,0
CP_REPO_FRESH,cluster_entry_strict,ex_post_descriptive,near_zero_excluded,SMAPE,72532,10,92.4997892944739,92.4997892944739,0.0,0.0,0
CP_REPO_FRESH,cluster_entry_strict,ex_post_descriptive,standard,LOG_RV_MSE,73266,10,61.91279479782629,61.91279479782629,0.0,0.0,0
CP_REPO_FRESH,cluster_entry_strict,ex_post_descriptive,standard,MAE,73266,10,0.0007574764163155193,0.0007574764163155193,0.0,0.0,0
CP_REPO_FRESH,cluster_entry_strict,ex_post_descriptive,standard,MSE,73266,10,2.4671601900807016e-06,2.4671601900807016e-06,0.0,0.0,0
CP_REPO_FRESH,cluster_entry_strict,ex_post_descriptive,standard,RMSE,73266,10,0.0015707196408273189,0.0015707196408273189,0.0,0.0,0
CP_REPO_FRESH,cluster_entry_strict,ex_post_descriptive,standard,SMAPE,73266,10,93.51351872765494,93.51351872765494,0.0,0.0,0
CP_REPO_FRESH,cluster_exit_loose,ex_post_descriptive,high_vol_only,LOG_RV_MSE,14693,10,1.1229862115788884,1.1229862115788884,0.0,0.0,0
CP_REPO_FRESH,cluster_exit_loose,ex_post_descriptive,high_vol_only,MAE,14693,10,0.0015010885261131542,0.0015010885261131542,0.0,0.0,0
CP_REPO_FRESH,cluster_exit_loose,ex_post_descriptive,high_vol_only,MSE,14693,10,1.2677943124526244e-05,1.2677943124526244e-05,0.0,0.0,0
CP_REPO_FRESH,cluster_exit_loose,ex_post_descriptive,high_vol_only,RMSE,14693,10,0.0035606099371492863,0.0035606099371492863,0.0,0.0,0
CP_REPO_FRESH,cluster_exit_loose,ex_post_descriptive,high_vol_only,SMAPE,14693,10,73.70908084853484,73.70908084853484,0.0,0.0,0
CP_REPO_FRESH,cluster_exit_loose,ex_post_descriptive,near_zero_excluded,LOG_RV_MSE,72719,10,80.20388218822569,80.20388218822569,0.0,0.0,0
CP_REPO_FRESH,cluster_exit_loose,ex_post_descriptive,near_zero_excluded,MAE,72719,10,0.0006184788455707456,0.0006184788455707456,0.0,0.0,0
CP_REPO_FRESH,cluster_exit_loose,ex_post_descriptive,near_zero_excluded,MSE,72719,10,2.7784093074004996e-06,2.7784093074004996e-06,0.0,0.0,0
CP_REPO_FRESH,cluster_exit_loose,ex_post_descriptive,near_zero_excluded,RMSE,72719,10,0.0016668561147863063,0.0016668561147863063,0.0,0.0,0
CP_REPO_FRESH,cluster_exit_loose,ex_post_descriptive,near_zero_excluded,SMAPE,72719,10,96.79268422556595,96.79268422556595,0.0,0.0,0
CP_REPO_FRESH,cluster_exit_loose,ex_post_descriptive,standard,LOG_RV_MSE,73455,10,82.09800800629024,82.09800800629024,0.0,0.0,0
CP_REPO_FRESH,cluster_exit_loose,ex_post_descriptive,standard,MAE,73455,10,0.0006171643472764074,0.0006171643472764074,0.0,0.0,0
CP_REPO_FRESH,cluster_exit_loose,ex_post_descriptive,standard,MSE,73455,10,2.7534877094946653e-06,2.7534877094946653e-06,0.0,0.0,0
CP_REPO_FRESH,cluster_exit_loose,ex_post_descriptive,standard,RMSE,73455,10,0.0016593636459482487,0.0016593636459482487,0.0,0.0,0
CP_REPO_FRESH,cluster_exit_loose,ex_post_descriptive,standard,SMAPE,73455,10,97.78270324564932,97.78270324564932,0.0,0.0,0
CP_REPO_FRESH,cluster_exit_strict,ex_post_descriptive,high_vol_only,LOG_RV_MSE,14671,10,1.121544847097662,1.121544847097662,0.0,0.0,0
CP_REPO_FRESH,cluster_exit_strict,ex_post_descriptive,high_vol_only,MAE,14671,10,0.0015007236426876971,0.0015007236426876971,0.0,0.0,0
CP_REPO_FRESH,cluster_exit_strict,ex_post_descriptive,high_vol_only,MSE,14671,10,1.2686413406552538e-05,1.2686413406552538e-05,0.0,0.0,0
CP_REPO_FRESH,cluster_exit_strict,ex_post_descriptive,high_vol_only,RMSE,14671,10,0.003561799181109533,0.003561799181109533,0.0,0.0,0
CP_REPO_FRESH,cluster_exit_strict,ex_post_descriptive,high_vol_only,SMAPE,14671,10,73.684845994303,73.684845994303,0.0,0.0,0
CP_REPO_FRESH,cluster_exit_strict,ex_post_descriptive,near_zero_excluded,LOG_RV_MSE,72600,10,80.02173783897848,80.02173783897848,0.0,0.0,0
CP_REPO_FRESH,cluster_exit_strict,ex_post_descriptive,near_zero_excluded,MAE,72600,10,0.0006184535179022776,0.0006184535179022776,0.0,0.0,0
CP_REPO_FRESH,cluster_exit_strict,ex_post_descriptive,near_zero_excluded,MSE,72600,10,2.7805878498197563e-06,2.7805878498197563e-06,0.0,0.0,0
CP_REPO_FRESH,cluster_exit_strict,ex_post_descriptive,near_zero_excluded,RMSE,72600,10,0.0016675094751814027,0.0016675094751814027,0.0,0.0,0
CP_REPO_FRESH,cluster_exit_strict,ex_post_descriptive,near_zero_excluded,SMAPE,72600,10,96.72258691267511,96.72258691267511,0.0,0.0,0
CP_REPO_FRESH,cluster_exit_strict,ex_post_descriptive,standard,LOG_RV_MSE,73334,10,81.90717235117306,81.90717235117306,0.0,0.0,0
CP_REPO_FRESH,cluster_exit_strict,ex_post_descriptive,standard,MAE,73334,10,0.000617143413936819,0.000617143413936819,0.0,0.0,0
CP_REPO_FRESH,cluster_exit_strict,ex_post_descriptive,standard,MSE,73334,10,2.7556748132676994e-06,2.7556748132676994e-06,0.0,0.0,0
CP_REPO_FRESH,cluster_exit_strict,ex_post_descriptive,standard,RMSE,73334,10,0.0016600225339638314,0.0016600225339638314,0.0,0.0,0
CP_REPO_FRESH,cluster_exit_strict,ex_post_descriptive,standard,SMAPE,73334,10,97.71189563488282,97.71189563488282,0.0,0.0,0
CP_REPO_FRESH,entry_with_recent_spike,ex_post_descriptive,high_vol_only,LOG_RV_MSE,8754,10,1.4736378437064515,1.4736378437064515,0.0,0.0,0
CP_REPO_FRESH,entry_with_recent_spike,ex_post_descriptive,high_vol_only,MAE,8754,10,0.0019315043244099452,0.0019315043244099452,0.0,0.0,0
CP_REPO_FRESH,entry_with_recent_spike,ex_post_descriptive,high_vol_only,MSE,8754,10,1.1146392096496613e-05,1.1146392096496613e-05,0.0,0.0,0
CP_REPO_FRESH,entry_with_recent_spike,ex_post_descriptive,high_vol_only,RMSE,8754,10,0.003338621286773421,0.003338621286773421,0.0,0.0,0
CP_REPO_FRESH,entry_with_recent_spike,ex_post_descriptive,high_vol_only,SMAPE,8754,10,87.65347704873638,87.65347704873638,0.0,0.0,0
CP_REPO_FRESH,entry_with_recent_spike,ex_post_descriptive,near_zero_excluded,LOG_RV_MSE,43077,10,58.5073000988938,58.5073000988938,0.0,0.0,0
CP_REPO_FRESH,entry_with_recent_spike,ex_post_descriptive,near_zero_excluded,MAE,43077,10,0.0008298909472286534,0.0008298909472286534,0.0,0.0,0
CP_REPO_FRESH,entry_with_recent_spike,ex_post_descriptive,near_zero_excluded,MSE,43077,10,2.7524238027535856e-06,2.7524238027535856e-06,0.0,0.0,0
CP_REPO_FRESH,entry_with_recent_spike,ex_post_descriptive,near_zero_excluded,RMSE,43077,10,0.0016590430382463215,0.0016590430382463215,0.0,0.0,0
CP_REPO_FRESH,entry_with_recent_spike,ex_post_descriptive,near_zero_excluded,SMAPE,43077,10,93.4313578597661,93.4313578597661,0.0,0.0,0
CP_REPO_FRESH,entry_with_recent_spike,ex_post_descriptive,standard,LOG_RV_MSE,43747,10,61.708962586389255,61.708962586389255,0.0,0.0,0
CP_REPO_FRESH,entry_with_recent_spike,ex_post_descriptive,standard,MAE,43747,10,0.0008304363652918029,0.0008304363652918029,0.0,0.0,0
CP_REPO_FRESH,entry_with_recent_spike,ex_post_descriptive,standard,MSE,43747,10,2.7262690958934324e-06,2.7262690958934324e-06,0.0,0.0,0
CP_REPO_FRESH,entry_with_recent_spike,ex_post_descriptive,standard,RMSE,43747,10,0.0016511417552389112,0.0016511417552389112,0.0,0.0,0
CP_REPO_FRESH,entry_with_recent_spike,ex_post_descriptive,standard,SMAPE,43747,10,94.9939885723259,94.9939885723259,0.0,0.0,0
CP_REPO_FRESH,entry_without_recent_spike,ex_post_descriptive,high_vol_only,LOG_RV_MSE,5946,10,1.1195692099524477,1.1195692099524477,0.0,0.0,0
CP_REPO_FRESH,entry_without_recent_spike,ex_post_descriptive,high_vol_only,MAE,5946,10,0.0015570783495014973,0.0015570783495014973,0.0,0.0,0
CP_REPO_FRESH,entry_without_recent_spike,ex_post_descriptive,high_vol_only,MSE,5946,10,9.074816797282833e-06,9.074816797282833e-06,0.0,0.0,0
CP_REPO_FRESH,entry_without_recent_spike,ex_post_descriptive,high_vol_only,RMSE,5946,10,0.003012443658773195,0.003012443658773195,0.0,0.0,0
CP_REPO_FRESH,entry_without_recent_spike,ex_post_descriptive,high_vol_only,SMAPE,5946,10,80.3430946440876,80.3430946440876,0.0,0.0,0
CP_REPO_FRESH,entry_without_recent_spike,ex_post_descriptive,near_zero_excluded,LOG_RV_MSE,29421,10,60.966920165964275,60.966920165964275,0.0,0.0,0
CP_REPO_FRESH,entry_without_recent_spike,ex_post_descriptive,near_zero_excluded,MAE,29421,10,0.00064865090680092,0.00064865090680092,0.0,0.0,0
CP_REPO_FRESH,entry_without_recent_spike,ex_post_descriptive,near_zero_excluded,MSE,29421,10,2.0879985944370397e-06,2.0879985944370397e-06,0.0,0.0,0
CP_REPO_FRESH,entry_without_recent_spike,ex_post_descriptive,near_zero_excluded,RMSE,29421,10,0.0014449908630981166,0.0014449908630981166,0.0,0.0,0
CP_REPO_FRESH,entry_without_recent_spike,ex_post_descriptive,near_zero_excluded,SMAPE,29421,10,90.44189351704458,90.44189351704458,0.0,0.0,0
CP_REPO_FRESH,entry_without_recent_spike,ex_post_descriptive,standard,LOG_RV_MSE,29710,10,62.62604303537494,62.62604303537494,0.0,0.0,0
CP_REPO_FRESH,entry_without_recent_spike,ex_post_descriptive,standard,MAE,29710,10,0.0006476522732693516,0.0006476522732693516,0.0,0.0,0
CP_REPO_FRESH,entry_without_recent_spike,ex_post_descriptive,standard,MSE,29710,10,2.071202405933468e-06,2.071202405933468e-06,0.0,0.0,0
CP_REPO_FRESH,entry_without_recent_spike,ex_post_descriptive,standard,RMSE,29710,10,0.0014391672612776695,0.0014391672612776695,0.0,0.0,0
CP_REPO_FRESH,entry_without_recent_spike,ex_post_descriptive,standard,SMAPE,29710,10,91.450697436652,91.450697436652,0.0,0.0,0
CP_REPO_FRESH,high_within_block_dispersion,ex_post_descriptive,high_vol_only,LOG_RV_MSE,13800,10,1.347003340120205,1.347003340120205,0.0,0.0,0
CP_REPO_FRESH,high_within_block_dispersion,ex_post_descriptive,high_vol_only,MAE,13800,10,0.0010124910161190377,0.0010124910161190377,0.0,0.0,0
CP_REPO_FRESH,high_within_block_dispersion,ex_post_descriptive,high_vol_only,MSE,13800,10,4.061123263348121e-06,4.061123263348121e-06,0.0,0.0,0
CP_REPO_FRESH,high_within_block_dispersion,ex_post_descriptive,high_vol_only,RMSE,13800,10,0.0020152228818044226,0.0020152228818044226,0.0,0.0,0
CP_REPO_FRESH,high_within_block_dispersion,ex_post_descriptive,high_vol_only,SMAPE,13800,10,67.13010831164493,67.13010831164493,0.0,0.0,0
CP_REPO_FRESH,high_within_block_dispersion,ex_post_descriptive,near_zero_excluded,LOG_RV_MSE,68602,10,133.4472628617705,133.4472628617705,0.0,0.0,0
CP_REPO_FRESH,high_within_block_dispersion,ex_post_descriptive,near_zero_excluded,MAE,68602,10,0.000568649162840853,0.000568649162840853,0.0,0.0,0
CP_REPO_FRESH,high_within_block_dispersion,ex_post_descriptive,near_zero_excluded,MSE,68602,10,1.1270507328910632e-06,1.1270507328910632e-06,0.0,0.0,0
CP_REPO_FRESH,high_within_block_dispersion,ex_post_descriptive,near_zero_excluded,RMSE,68602,10,0.0010616264563824054,0.0010616264563824054,0.0,0.0,0
CP_REPO_FRESH,high_within_block_dispersion,ex_post_descriptive,near_zero_excluded,SMAPE,68602,10,119.19625535916762,119.19625535916762,0.0,0.0,0
CP_REPO_FRESH,high_within_block_dispersion,ex_post_descriptive,standard,LOG_RV_MSE,68970,10,134.1816042629971,134.1816042629971,0.0,0.0,0
CP_REPO_FRESH,high_within_block_dispersion,ex_post_descriptive,standard,MAE,68970,10,0.0005686239437191444,0.0005686239437191444,0.0,0.0,0
CP_REPO_FRESH,high_within_block_dispersion,ex_post_descriptive,standard,MSE,68970,10,1.123133377256323e-06,1.123133377256323e-06,0.0,0.0,0
CP_REPO_FRESH,high_within_block_dispersion,ex_post_descriptive,standard,RMSE,68970,10,0.0010597798720754811,0.0010597798720754811,0.0,0.0,0
CP_REPO_FRESH,high_within_block_dispersion,ex_post_descriptive,standard,SMAPE,68970,10,119.60427234064147,119.60427234064147,0.0,0.0,0
CP_REPO_FRESH,inflection_points,ex_post_descriptive,high_vol_only,LOG_RV_MSE,28984,10,1.1395945186365517,1.1395945186365517,0.0,0.0,0
CP_REPO_FRESH,inflection_points,ex_post_descriptive,high_vol_only,MAE,28984,10,0.0015690861682796692,0.0015690861682796692,0.0,0.0,0
CP_REPO_FRESH,inflection_points,ex_post_descriptive,high_vol_only,MSE,28984,10,1.1258143057283103e-05,1.1258143057283103e-05,0.0,0.0,0
CP_REPO_FRESH,inflection_points,ex_post_descriptive,high_vol_only,RMSE,28984,10,0.0033553156419751486,0.0033553156419751486,0.0,0.0,0
CP_REPO_FRESH,inflection_points,ex_post_descriptive,high_vol_only,SMAPE,28984,10,77.5511484641698,77.5511484641698,0.0,0.0,0
CP_REPO_FRESH,inflection_points,ex_post_descriptive,near_zero_excluded,LOG_RV_MSE,143375,10,58.64300646845435,58.64300646845435,0.0,0.0,0
CP_REPO_FRESH,inflection_points,ex_post_descriptive,near_zero_excluded,MAE,143375,10,0.0006543332064361158,0.0006543332064361158,0.0,0.0,0
CP_REPO_FRESH,inflection_points,ex_post_descriptive,near_zero_excluded,MSE,143375,10,2.5404502226370316e-06,2.5404502226370316e-06,0.0,0.0,0
CP_REPO_FRESH,inflection_points,ex_post_descriptive,near_zero_excluded,RMSE,143375,10,0.0015938789861959506,0.0015938789861959506,0.0,0.0,0
CP_REPO_FRESH,inflection_points,ex_post_descriptive,near_zero_excluded,SMAPE,143375,10,90.02958355319511,90.02958355319511,0.0,0.0,0
CP_REPO_FRESH,inflection_points,ex_post_descriptive,standard,LOG_RV_MSE,144886,10,60.506791384132924,60.506791384132924,0.0,0.0,0
CP_REPO_FRESH,inflection_points,ex_post_descriptive,standard,MAE,144886,10,0.0006529679144583394,0.0006529679144583394,0.0,0.0,0
CP_REPO_FRESH,inflection_points,ex_post_descriptive,standard,MSE,144886,10,2.5174090289669973e-06,2.5174090289669973e-06,0.0,0.0,0
CP_REPO_FRESH,inflection_points,ex_post_descriptive,standard,RMSE,144886,10,0.0015866344975976657,0.0015866344975976657,0.0,0.0,0
CP_REPO_FRESH,inflection_points,ex_post_descriptive,standard,SMAPE,144886,10,91.11849778030444,91.11849778030444,0.0,0.0,0
CP_REPO_FRESH,older_spike_position,ex_post_descriptive,high_vol_only,LOG_RV_MSE,21781,10,1.1395303095276075,1.1395303095276075,0.0,0.0,0
CP_REPO_FRESH,older_spike_position,ex_post_descriptive,high_vol_only,MAE,21781,10,0.0013486758957650074,0.0013486758957650074,0.0,0.0,0
CP_REPO_FRESH,older_spike_position,ex_post_descriptive,high_vol_only,MSE,21781,10,1.069141300105579e-05,1.069141300105579e-05,0.0,0.0,0
CP_REPO_FRESH,older_spike_position,ex_post_descriptive,high_vol_only,RMSE,21781,10,0.0032697726222255565,0.0032697726222255565,0.0,0.0,0
CP_REPO_FRESH,older_spike_position,ex_post_descriptive,high_vol_only,SMAPE,21781,10,69.8626302544199,69.8626302544199,0.0,0.0,0
CP_REPO_FRESH,older_spike_position,ex_post_descriptive,near_zero_excluded,LOG_RV_MSE,107788,10,78.34423187563695,78.34423187563695,0.0,0.0,0
CP_REPO_FRESH,older_spike_position,ex_post_descriptive,near_zero_excluded,MAE,107788,10,0.0005714781969803931,0.0005714781969803931,0.0,0.0,0
CP_REPO_FRESH,older_spike_position,ex_post_descriptive,near_zero_excluded,MSE,107788,10,2.346475802604796e-06,2.346475802604796e-06,0.0,0.0,0
CP_REPO_FRESH,older_spike_position,ex_post_descriptive,near_zero_excluded,RMSE,107788,10,0.0015318210739524365,0.0015318210739524365,0.0,0.0,0
CP_REPO_FRESH,older_spike_position,ex_post_descriptive,near_zero_excluded,SMAPE,107788,10,96.43669126169502,96.43669126169502,0.0,0.0,0
CP_REPO_FRESH,older_spike_position,ex_post_descriptive,standard,LOG_RV_MSE,108871,10,80.56611776174127,80.56611776174127,0.0,0.0,0
CP_REPO_FRESH,older_spike_position,ex_post_descriptive,standard,MAE,108871,10,0.0005701423444680369,0.0005701423444680369,0.0,0.0,0
CP_REPO_FRESH,older_spike_position,ex_post_descriptive,standard,MSE,108871,10,2.3254307190849205e-06,2.3254307190849205e-06,0.0,0.0,0
CP_REPO_FRESH,older_spike_position,ex_post_descriptive,standard,RMSE,108871,10,0.0015249363000089285,0.0015249363000089285,0.0,0.0,0
CP_REPO_FRESH,older_spike_position,ex_post_descriptive,standard,SMAPE,108871,10,97.43444157677632,97.43444157677632,0.0,0.0,0
CP_REPO_FRESH,recent_ramp_high_dispersion,ex_post_descriptive,high_vol_only,LOG_RV_MSE,4860,10,1.422541686129273,1.422541686129273,0.0,0.0,0
CP_REPO_FRESH,recent_ramp_high_dispersion,ex_post_descriptive,high_vol_only,MAE,4860,10,0.0014613955477391944,0.0014613955477391944,0.0,0.0,0
CP_REPO_FRESH,recent_ramp_high_dispersion,ex_post_descriptive,high_vol_only,MSE,4860,10,5.9629586828906324e-06,5.9629586828906324e-06,0.0,0.0,0
CP_REPO_FRESH,recent_ramp_high_dispersion,ex_post_descriptive,high_vol_only,RMSE,4860,10,0.0024419170098286783,0.0024419170098286783,0.0,0.0,0
CP_REPO_FRESH,recent_ramp_high_dispersion,ex_post_descriptive,high_vol_only,SMAPE,4860,10,76.48024025708399,76.48024025708399,0.0,0.0,0
CP_REPO_FRESH,recent_ramp_high_dispersion,ex_post_descriptive,near_zero_excluded,LOG_RV_MSE,24128,10,114.11256475334159,114.11256475334159,0.0,0.0,0
CP_REPO_FRESH,recent_ramp_high_dispersion,ex_post_descriptive,near_zero_excluded,MAE,24128,10,0.0007928593927930361,0.0007928593927930361,0.0,0.0,0
CP_REPO_FRESH,recent_ramp_high_dispersion,ex_post_descriptive,near_zero_excluded,MSE,24128,10,1.8154479400161009e-06,1.8154479400161009e-06,0.0,0.0,0
CP_REPO_FRESH,recent_ramp_high_dispersion,ex_post_descriptive,near_zero_excluded,RMSE,24128,10,0.0013473855944072211,0.0013473855944072211,0.0,0.0,0
CP_REPO_FRESH,recent_ramp_high_dispersion,ex_post_descriptive,near_zero_excluded,SMAPE,24128,10,117.97303253465954,117.97303253465954,0.0,0.0,0
CP_REPO_FRESH,recent_ramp_high_dispersion,ex_post_descriptive,standard,LOG_RV_MSE,24273,10,114.68887161199063,114.68887161199063,0.0,0.0,0
CP_REPO_FRESH,recent_ramp_high_dispersion,ex_post_descriptive,standard,MAE,24273,10,0.0007926212485103804,0.0007926212485103804,0.0,0.0,0
CP_REPO_FRESH,recent_ramp_high_dispersion,ex_post_descriptive,standard,MSE,24273,10,1.8086202642090091e-06,1.8086202642090091e-06,0.0,0.0,0
CP_REPO_FRESH,recent_ramp_high_dispersion,ex_post_descriptive,standard,RMSE,24273,10,0.001344849532181578,0.001344849532181578,0.0,0.0,0
CP_REPO_FRESH,recent_ramp_high_dispersion,ex_post_descriptive,standard,SMAPE,24273,10,118.4281414949415,118.4281414949415,0.0,0.0,0
CP_REPO_FRESH,recent_spike_position,ex_post_descriptive,high_vol_only,LOG_RV_MSE,41263,10,133.60326357120792,133.60326357120792,0.0,0.0,0
CP_REPO_FRESH,recent_spike_position,ex_post_descriptive,high_vol_only,MAE,41263,10,0.0009278329622731831,0.0009278329622731831,0.0,0.0,0
CP_REPO_FRESH,recent_spike_position,ex_post_descriptive,high_vol_only,MSE,41263,10,5.620772726690841e-06,5.620772726690841e-06,0.0,0.0,0
CP_REPO_FRESH,recent_spike_position,ex_post_descriptive,high_vol_only,RMSE,41263,10,0.002370816890164831,0.002370816890164831,0.0,0.0,0
CP_REPO_FRESH,recent_spike_position,ex_post_descriptive,high_vol_only,SMAPE,41263,10,126.75937020163306,126.75937020163306,0.0,0.0,0
CP_REPO_FRESH,recent_spike_position,ex_post_descriptive,near_zero_excluded,LOG_RV_MSE,124205,10,108.09331457411457,108.09331457411457,0.0,0.0,0
CP_REPO_FRESH,recent_spike_position,ex_post_descriptive,near_zero_excluded,MAE,124205,10,0.0006101040586077684,0.0006101040586077684,0.0,0.0,0
CP_REPO_FRESH,recent_spike_position,ex_post_descriptive,near_zero_excluded,MSE,124205,10,2.122274233945656e-06,2.122274233945656e-06,0.0,0.0,0
CP_REPO_FRESH,recent_spike_position,ex_post_descriptive,near_zero_excluded,RMSE,124205,10,0.0014568027436635531,0.0014568027436635531,0.0,0.0,0
CP_REPO_FRESH,recent_spike_position,ex_post_descriptive,near_zero_excluded,SMAPE,124205,10,110.75903396715827,110.75903396715827,0.0,0.0,0
CP_REPO_FRESH,recent_spike_position,ex_post_descriptive,standard,LOG_RV_MSE,125358,10,109.41387331267963,109.41387331267963,0.0,0.0,0
CP_REPO_FRESH,recent_spike_position,ex_post_descriptive,standard,MAE,125358,10,0.0006091827784219505,0.0006091827784219505,0.0,0.0,0
CP_REPO_FRESH,recent_spike_position,ex_post_descriptive,standard,MSE,125358,10,2.1057111020059574e-06,2.1057111020059574e-06,0.0,0.0,0
CP_REPO_FRESH,recent_spike_position,ex_post_descriptive,standard,RMSE,125358,10,0.00145110685409654,0.00145110685409654,0.0,0.0,0
CP_REPO_FRESH,recent_spike_position,ex_post_descriptive,standard,SMAPE,125358,10,111.53126331543436,111.53126331543436,0.0,0.0,0
CP_REPO_FRESH,same_average_back_loaded,ex_post_descriptive,high_vol_only,LOG_RV_MSE,5089,10,148.22928488392745,148.22928488392745,0.0,0.0,0
CP_REPO_FRESH,same_average_back_loaded,ex_post_descriptive,high_vol_only,MAE,5089,10,0.00079502070058517,0.00079502070058517,0.0,0.0,0
CP_REPO_FRESH,same_average_back_loaded,ex_post_descriptive,high_vol_only,MSE,5089,10,5.436331053659615e-06,5.436331053659615e-06,0.0,0.0,0
CP_REPO_FRESH,same_average_back_loaded,ex_post_descriptive,high_vol_only,RMSE,5089,10,0.0023315941013949265,0.0023315941013949265,0.0,0.0,0
CP_REPO_FRESH,same_average_back_loaded,ex_post_descriptive,high_vol_only,SMAPE,5089,10,125.47402771920483,125.47402771920483,0.0,0.0,0
CP_REPO_FRESH,same_average_back_loaded,ex_post_descriptive,near_zero_excluded,LOG_RV_MSE,15487,10,124.26141461023107,124.26141461023107,0.0,0.0,0
CP_REPO_FRESH,same_average_back_loaded,ex_post_descriptive,near_zero_excluded,MAE,15487,10,0.000527741419898501,0.000527741419898501,0.0,0.0,0
CP_REPO_FRESH,same_average_back_loaded,ex_post_descriptive,near_zero_excluded,MSE,15487,10,1.938986808645503e-06,1.938986808645503e-06,0.0,0.0,0
CP_REPO_FRESH,same_average_back_loaded,ex_post_descriptive,near_zero_excluded,RMSE,15487,10,0.0013924750657176965,0.0013924750657176965,0.0,0.0,0
CP_REPO_FRESH,same_average_back_loaded,ex_post_descriptive,near_zero_excluded,SMAPE,15487,10,115.21629356973736,115.21629356973736,0.0,0.0,0
CP_REPO_FRESH,same_average_back_loaded,ex_post_descriptive,standard,LOG_RV_MSE,15559,10,124.77448379663251,124.77448379663251,0.0,0.0,0
CP_REPO_FRESH,same_average_back_loaded,ex_post_descriptive,standard,MAE,15559,10,0.0005277712464133768,0.0005277712464133768,0.0,0.0,0
CP_REPO_FRESH,same_average_back_loaded,ex_post_descriptive,standard,MSE,15559,10,1.931432277016903e-06,1.931432277016903e-06,0.0,0.0,0
CP_REPO_FRESH,same_average_back_loaded,ex_post_descriptive,standard,RMSE,15559,10,0.0013897597911210781,0.0013897597911210781,0.0,0.0,0
CP_REPO_FRESH,same_average_back_loaded,ex_post_descriptive,standard,SMAPE,15559,10,115.5837931550299,115.5837931550299,0.0,0.0,0
CP_REPO_FRESH,same_average_different_path,ex_post_descriptive,high_vol_only,LOG_RV_MSE,1483,10,1.176451606646611,1.176451606646611,0.0,0.0,0
CP_REPO_FRESH,same_average_different_path,ex_post_descriptive,high_vol_only,MAE,1483,10,0.0012308421833447504,0.0012308421833447504,0.0,0.0,0
CP_REPO_FRESH,same_average_different_path,ex_post_descriptive,high_vol_only,MSE,1483,10,5.424646643583948e-06,5.424646643583948e-06,0.0,0.0,0
CP_REPO_FRESH,same_average_different_path,ex_post_descriptive,high_vol_only,RMSE,1483,10,0.0023290870837270015,0.0023290870837270015,0.0,0.0,0
CP_REPO_FRESH,same_average_different_path,ex_post_descriptive,high_vol_only,SMAPE,1483,10,78.26623100008541,78.26623100008541,0.0,0.0,0
CP_REPO_FRESH,same_average_different_path,ex_post_descriptive,near_zero_excluded,LOG_RV_MSE,7368,10,130.5647982605645,130.5647982605645,0.0,0.0,0
CP_REPO_FRESH,same_average_different_path,ex_post_descriptive,near_zero_excluded,MAE,7368,10,0.0005432933685073359,0.0005432933685073359,0.0,0.0,0
CP_REPO_FRESH,same_average_different_path,ex_post_descriptive,near_zero_excluded,MSE,7368,10,1.25033332979528e-06,1.25033332979528e-06,0.0,0.0,0
CP_REPO_FRESH,same_average_different_path,ex_post_descriptive,near_zero_excluded,RMSE,7368,10,0.0011181830484295852,0.0011181830484295852,0.0,0.0,0
CP_REPO_FRESH,same_average_different_path,ex_post_descriptive,near_zero_excluded,SMAPE,7368,10,117.07922485099387,117.07922485099387,0.0,0.0,0
CP_REPO_FRESH,same_average_different_path,ex_post_descriptive,standard,LOG_RV_MSE,7396,10,131.0538149663491,131.0538149663491,0.0,0.0,0
CP_REPO_FRESH,same_average_different_path,ex_post_descriptive,standard,MAE,7396,10,0.000543100371193495,0.000543100371193495,0.0,0.0,0
CP_REPO_FRESH,same_average_different_path,ex_post_descriptive,standard,MSE,7396,10,1.2465643227993336e-06,1.2465643227993336e-06,0.0,0.0,0
CP_REPO_FRESH,same_average_different_path,ex_post_descriptive,standard,RMSE,7396,10,0.0011164964499716663,0.0011164964499716663,0.0,0.0,0
CP_REPO_FRESH,same_average_different_path,ex_post_descriptive,standard,SMAPE,7396,10,117.3731818015564,117.3731818015564,0.0,0.0,0
CP_REPO_FRESH,same_average_recent_front_loaded,ex_post_descriptive,high_vol_only,LOG_RV_MSE,2870,10,1.4580562797951269,1.4580562797951269,0.0,0.0,0
CP_REPO_FRESH,same_average_recent_front_loaded,ex_post_descriptive,high_vol_only,MAE,2870,10,0.0016073033120725894,0.0016073033120725894,0.0,0.0,0
CP_REPO_FRESH,same_average_recent_front_loaded,ex_post_descriptive,high_vol_only,MSE,2870,10,7.781371153816655e-06,7.781371153816655e-06,0.0,0.0,0
CP_REPO_FRESH,same_average_recent_front_loaded,ex_post_descriptive,high_vol_only,RMSE,2870,10,0.0027895109165975056,0.0027895109165975056,0.0,0.0,0
CP_REPO_FRESH,same_average_recent_front_loaded,ex_post_descriptive,high_vol_only,SMAPE,2870,10,94.65986103058924,94.65986103058924,0.0,0.0,0
CP_REPO_FRESH,same_average_recent_front_loaded,ex_post_descriptive,near_zero_excluded,LOG_RV_MSE,14110,10,61.51306201248259,61.51306201248259,0.0,0.0,0
CP_REPO_FRESH,same_average_recent_front_loaded,ex_post_descriptive,near_zero_excluded,MAE,14110,10,0.0006158783010104141,0.0006158783010104141,0.0,0.0,0
CP_REPO_FRESH,same_average_recent_front_loaded,ex_post_descriptive,near_zero_excluded,MSE,14110,10,1.7527220781628603e-06,1.7527220781628603e-06,0.0,0.0,0
CP_REPO_FRESH,same_average_recent_front_loaded,ex_post_descriptive,near_zero_excluded,RMSE,14110,10,0.0013239041045947626,0.0013239041045947626,0.0,0.0,0
CP_REPO_FRESH,same_average_recent_front_loaded,ex_post_descriptive,near_zero_excluded,SMAPE,14110,10,92.08728032701002,92.08728032701002,0.0,0.0,0
CP_REPO_FRESH,same_average_recent_front_loaded,ex_post_descriptive,standard,LOG_RV_MSE,14331,10,65.0327606534289,65.0327606534289,0.0,0.0,0
CP_REPO_FRESH,same_average_recent_front_loaded,ex_post_descriptive,standard,MAE,14331,10,0.0006156989961505772,0.0006156989961505772,0.0,0.0,0
CP_REPO_FRESH,same_average_recent_front_loaded,ex_post_descriptive,standard,MSE,14331,10,1.732179693635762e-06,1.732179693635762e-06,0.0,0.0,0
CP_REPO_FRESH,same_average_recent_front_loaded,ex_post_descriptive,standard,RMSE,14331,10,0.0013161229781581058,0.0013161229781581058,0.0,0.0,0
CP_REPO_FRESH,same_average_recent_front_loaded,ex_post_descriptive,standard,SMAPE,14331,10,93.68336123354462,93.68336123354462,0.0,0.0,0
CP_REPO_FRESH,stable_low_dispersion,ex_post_descriptive,high_vol_only,LOG_RV_MSE,13798,10,1.1365927010064192,1.1365927010064192,0.0,0.0,0
CP_REPO_FRESH,stable_low_dispersion,ex_post_descriptive,high_vol_only,MAE,13798,10,0.0016297046728240819,0.0016297046728240819,0.0,0.0,0
CP_REPO_FRESH,stable_low_dispersion,ex_post_descriptive,high_vol_only,MSE,13798,10,1.7413305625955696e-05,1.7413305625955696e-05,0.0,0.0,0
CP_REPO_FRESH,stable_low_dispersion,ex_post_descriptive,high_vol_only,RMSE,13798,10,0.004172925307977091,0.004172925307977091,0.0,0.0,0
CP_REPO_FRESH,stable_low_dispersion,ex_post_descriptive,high_vol_only,SMAPE,13798,10,72.78501202823047,72.78501202823047,0.0,0.0,0
CP_REPO_FRESH,stable_low_dispersion,ex_post_descriptive,near_zero_excluded,LOG_RV_MSE,67129,10,23.025768102724278,23.025768102724278,0.0,0.0,0
CP_REPO_FRESH,stable_low_dispersion,ex_post_descriptive,near_zero_excluded,MAE,67129,10,0.0006391886576111414,0.0006391886576111414,0.0,0.0,0
CP_REPO_FRESH,stable_low_dispersion,ex_post_descriptive,near_zero_excluded,MSE,67129,10,3.7891257013455223e-06,3.7891257013455223e-06,0.0,0.0,0
CP_REPO_FRESH,stable_low_dispersion,ex_post_descriptive,near_zero_excluded,RMSE,67129,10,0.0019465676719152413,0.0019465676719152413,0.0,0.0,0
CP_REPO_FRESH,stable_low_dispersion,ex_post_descriptive,near_zero_excluded,SMAPE,67129,10,76.72229579638059,76.72229579638059,0.0,0.0,0
CP_REPO_FRESH,stable_low_dispersion,ex_post_descriptive,standard,LOG_RV_MSE,68968,10,30.904589905889917,30.904589905889917,0.0,0.0,0
CP_REPO_FRESH,stable_low_dispersion,ex_post_descriptive,standard,MAE,68968,10,0.0006423459670206478,0.0006423459670206478,0.0,0.0,0
CP_REPO_FRESH,stable_low_dispersion,ex_post_descriptive,standard,MSE,68968,10,3.707039266768412e-06,3.707039266768412e-06,0.0,0.0,0
CP_REPO_FRESH,stable_low_dispersion,ex_post_descriptive,standard,RMSE,68968,10,0.0019253673069750644,0.0019253673069750644,0.0,0.0,0
CP_REPO_FRESH,stable_low_dispersion,ex_post_descriptive,standard,SMAPE,68968,10,79.91610747922876,79.91610747922876,0.0,0.0,0
CP_REPO_GATED_RIDGE_OPS_C,all_observations,not_conditioned,high_vol_only,LOG_RV_MSE,73496,10,1.2429973656852933,1.6141686855850237,-0.3711713198997304,-0.37094424011645827,0
CP_REPO_GATED_RIDGE_OPS_C,all_observations,not_conditioned,high_vol_only,MAE,73496,10,0.0013977588560373617,0.001390380728369843,7.378127667518643e-06,7.377520578560225e-06,9
CP_REPO_GATED_RIDGE_OPS_C,all_observations,not_conditioned,high_vol_only,MSE,73496,10,9.91631467282196e-06,9.864202690818583e-06,5.211198200337749e-08,5.208979732570588e-08,10
CP_REPO_GATED_RIDGE_OPS_C,all_observations,not_conditioned,high_vol_only,RMSE,73496,10,0.0031490180489832003,0.0031407328270355284,8.28522194767185e-06,6.938207380155536e-06,10
CP_REPO_GATED_RIDGE_OPS_C,all_observations,not_conditioned,high_vol_only,SMAPE,73496,10,74.02057589487282,73.78131892673008,0.23925696814274033,0.23929765580753043,8
CP_REPO_GATED_RIDGE_OPS_C,all_observations,not_conditioned,near_zero_excluded,LOG_RV_MSE,363794,10,84.08930450077095,84.14862736883963,-0.05932286806867637,-0.06447647483688575,4
CP_REPO_GATED_RIDGE_OPS_C,all_observations,not_conditioned,near_zero_excluded,MAE,363794,10,0.0005874977904224,0.0005864203752910739,1.0774151313261687e-06,1.0702178544972203e-06,7
CP_REPO_GATED_RIDGE_OPS_C,all_observations,not_conditioned,near_zero_excluded,MSE,363794,10,2.215330906486703e-06,2.2066525492715902e-06,8.678357215112664e-09,8.624050594702788e-09,9
CP_REPO_GATED_RIDGE_OPS_C,all_observations,not_conditioned,near_zero_excluded,RMSE,363794,10,0.0014883987726703831,0.001485480578557522,2.918194112861176e-06,2.3685768301019553e-06,9
CP_REPO_GATED_RIDGE_OPS_C,all_observations,not_conditioned,near_zero_excluded,SMAPE,363794,10,99.92108203019059,100.08183144143723,-0.16074941124664122,-0.15991608117960254,1
CP_REPO_GATED_RIDGE_OPS_C,all_observations,not_conditioned,standard,LOG_RV_MSE,367468,10,86.0153296729766,86.06518199792137,-0.04985232494476577,-0.04984699117525508,4
CP_REPO_GATED_RIDGE_OPS_C,all_observations,not_conditioned,standard,MAE,367468,10,0.0005862627334133548,0.0005851564016615865,1.1063317517683762e-06,1.1065016816425873e-06,7
CP_REPO_GATED_RIDGE_OPS_C,all_observations,not_conditioned,standard,MSE,367468,10,2.195810003812886e-06,2.187194519344249e-06,8.615484468636711e-09,8.612143599217839e-09,9
CP_REPO_GATED_RIDGE_OPS_C,all_observations,not_conditioned,standard,RMSE,367468,10,0.0014818265768344438,0.0014789166708588585,2.909905975585292e-06,2.3703003883206936e-06,9
CP_REPO_GATED_RIDGE_OPS_C,all_observations,not_conditioned,standard,SMAPE,367468,10,100.87996480320403,101.03908147549552,-0.15911667229148918,-0.1590096758138472,1
CP_REPO_GATED_RIDGE_OPS_C,cluster_entry_loose,ex_post_descriptive,high_vol_only,LOG_RV_MSE,14694,10,1.332130441941895,1.6625905689725982,-0.33046012703070327,-0.33018043991614404,6
CP_REPO_GATED_RIDGE_OPS_C,cluster_entry_loose,ex_post_descriptive,high_vol_only,MAE,14694,10,0.001784491149669092,0.0017582643737247968,2.6226775944295216e-05,2.622444811835713e-05,10
CP_REPO_GATED_RIDGE_OPS_C,cluster_entry_loose,ex_post_descriptive,high_vol_only,MSE,14694,10,1.032153994459627e-05,1.017406484685876e-05,1.4747509773751037e-07,1.474490712148311e-07,10
CP_REPO_GATED_RIDGE_OPS_C,cluster_entry_loose,ex_post_descriptive,high_vol_only,RMSE,14694,10,0.003212715353808406,0.0031896809945288823,2.3034359279523568e-05,2.0315090707419336e-05,10
CP_REPO_GATED_RIDGE_OPS_C,cluster_entry_loose,ex_post_descriptive,high_vol_only,SMAPE,14694,10,84.8115403046506,83.3520492825722,1.45949102207841,1.4593977080705571,9
CP_REPO_GATED_RIDGE_OPS_C,cluster_entry_loose,ex_post_descriptive,near_zero_excluded,LOG_RV_MSE,72721,10,60.55015231484592,60.71745709842629,-0.16730478358037004,-0.1699931791929364,2
CP_REPO_GATED_RIDGE_OPS_C,cluster_entry_loose,ex_post_descriptive,near_zero_excluded,MAE,72721,10,0.0007578798738627712,0.000756051977337954,1.8278965248172017e-06,1.8056961635213535e-06,6
CP_REPO_GATED_RIDGE_OPS_C,cluster_entry_loose,ex_post_descriptive,near_zero_excluded,MSE,72721,10,2.4815741439829076e-06,2.45515960487364e-06,2.6414539109267446e-08,2.6246465877239064e-08,9
CP_REPO_GATED_RIDGE_OPS_C,cluster_entry_loose,ex_post_descriptive,near_zero_excluded,RMSE,72721,10,0.0015753012867330831,0.0015668948927332806,8.406393999802484e-06,6.8864798084244496e-06,9
CP_REPO_GATED_RIDGE_OPS_C,cluster_entry_loose,ex_post_descriptive,near_zero_excluded,SMAPE,72721,10,92.54758699479648,92.71568080048202,-0.16809380568554388,-0.1681652575613569,3
CP_REPO_GATED_RIDGE_OPS_C,cluster_entry_loose,ex_post_descriptive,standard,LOG_RV_MSE,73457,10,62.079879723481234,62.24658369153328,-0.16670396805204746,-0.16673286343237398,2
CP_REPO_GATED_RIDGE_OPS_C,cluster_entry_loose,ex_post_descriptive,standard,MAE,73457,10,0.0007565085520951432,0.0007547019015641687,1.806650530974496e-06,1.8072241520332217e-06,6
CP_REPO_GATED_RIDGE_OPS_C,cluster_entry_loose,ex_post_descriptive,standard,MSE,73457,10,2.4613245520281704e-06,2.4352065632130578e-06,2.6117988815112595e-08,2.6114148678390917e-08,9
CP_REPO_GATED_RIDGE_OPS_C,cluster_entry_loose,ex_post_descriptive,standard,RMSE,73457,10,0.0015688609090764452,0.0015605148391518288,8.346069924616449e-06,6.853327947776695e-06,9
CP_REPO_GATED_RIDGE_OPS_C,cluster_entry_loose,ex_post_descriptive,standard,SMAPE,73457,10,93.56088921296094,93.72584054955486,-0.1649513365939157,-0.16485093654355723,3
CP_REPO_GATED_RIDGE_OPS_C,cluster_entry_strict,ex_post_descriptive,high_vol_only,LOG_RV_MSE,14657,10,1.3342554638475268,1.6655878351394093,-0.33133237129188253,-0.3308709361369141,6
CP_REPO_GATED_RIDGE_OPS_C,cluster_entry_strict,ex_post_descriptive,high_vol_only,MAE,14657,10,0.001787243329286434,0.0017609542151999372,2.6289114086496847e-05,2.6298106136231868e-05,10
CP_REPO_GATED_RIDGE_OPS_C,cluster_entry_strict,ex_post_descriptive,high_vol_only,MSE,14657,10,1.034580321321044e-05,1.0197965120362722e-05,1.4783809284771755e-07,1.4785423344527478e-07,10
CP_REPO_GATED_RIDGE_OPS_C,cluster_entry_strict,ex_post_descriptive,high_vol_only,RMSE,14657,10,0.003216489268318867,0.0031934252958794452,2.3063972439421772e-05,2.034751306902807e-05,10
CP_REPO_GATED_RIDGE_OPS_C,cluster_entry_strict,ex_post_descriptive,high_vol_only,SMAPE,14657,10,84.88149633879505,83.42227959671014,1.4592167420849051,1.4604890961975727,9
CP_REPO_GATED_RIDGE_OPS_C,cluster_entry_strict,ex_post_descriptive,near_zero_excluded,LOG_RV_MSE,72532,10,60.381173384259625,60.54972290026597,-0.16854951600634394,-0.17105180875983889,3
CP_REPO_GATED_RIDGE_OPS_C,cluster_entry_strict,ex_post_descriptive,near_zero_excluded,MAE,72532,10,0.0007588564320065486,0.0007570358030970798,1.820628909468807e-06,1.7955695663959002e-06,6
CP_REPO_GATED_RIDGE_OPS_C,cluster_entry_strict,ex_post_descriptive,near_zero_excluded,MSE,72532,10,2.487464553071507e-06,2.4609822828730556e-06,2.648227019845128e-08,2.63162009115962e-08,9
CP_REPO_GATED_RIDGE_OPS_C,cluster_entry_strict,ex_post_descriptive,near_zero_excluded,RMSE,72532,10,0.0015771697920869228,0.0015687518232254125,8.417968861510264e-06,6.89594434029481e-06,9
CP_REPO_GATED_RIDGE_OPS_C,cluster_entry_strict,ex_post_descriptive,near_zero_excluded,SMAPE,72532,10,92.4997892944739,92.66965303877608,-0.16986374430217666,-0.17003810878286033,3
CP_REPO_GATED_RIDGE_OPS_C,cluster_entry_strict,ex_post_descriptive,standard,LOG_RV_MSE,73266,10,61.91279479782629,62.080632938276814,-0.16783814045052736,-0.16768688455148872,3
CP_REPO_GATED_RIDGE_OPS_C,cluster_entry_strict,ex_post_descriptive,standard,MAE,73266,10,0.0007574764163155193,0.0007556747956154086,1.8016207001106182e-06,1.79970612885006e-06,6
CP_REPO_GATED_RIDGE_OPS_C,cluster_entry_strict,ex_post_descriptive,standard,MSE,73266,10,2.4671601900807016e-06,2.4409723470094476e-06,2.618784307125401e-08,2.6187060541468294e-08,9
CP_REPO_GATED_RIDGE_OPS_C,cluster_entry_strict,ex_post_descriptive,standard,RMSE,73266,10,0.0015707196408273189,0.0015623611448731844,8.358495954134508e-06,6.863955789663645e-06,9
CP_REPO_GATED_RIDGE_OPS_C,cluster_entry_strict,ex_post_descriptive,standard,SMAPE,73266,10,93.51351872765494,93.68019639301785,-0.1666776653629114,-0.16659578363082517,3
CP_REPO_GATED_RIDGE_OPS_C,cluster_exit_loose,ex_post_descriptive,high_vol_only,LOG_RV_MSE,14693,10,1.1229862115788884,1.645588062069199,-0.5226018504903105,-0.5220276916934228,0
CP_REPO_GATED_RIDGE_OPS_C,cluster_exit_loose,ex_post_descriptive,high_vol_only,MAE,14693,10,0.0015010885261131542,0.001507761110738427,-6.672584625272773e-06,-6.670991503831349e-06,0
CP_REPO_GATED_RIDGE_OPS_C,cluster_exit_loose,ex_post_descriptive,high_vol_only,MSE,14693,10,1.2677943124526244e-05,1.265807347261158e-05,1.986965191466401e-08,1.984622289366598e-08,6
CP_REPO_GATED_RIDGE_OPS_C,cluster_exit_loose,ex_post_descriptive,high_vol_only,RMSE,14693,10,0.0035606099371492863,0.0035578186396458687,2.7912975034175523e-06,1.8309990123957748e-06,6
CP_REPO_GATED_RIDGE_OPS_C,cluster_exit_loose,ex_post_descriptive,high_vol_only,SMAPE,14693,10,73.70908084853484,74.79849508060325,-1.0894142320684068,-1.0891647749728264,0
CP_REPO_GATED_RIDGE_OPS_C,cluster_exit_loose,ex_post_descriptive,near_zero_excluded,LOG_RV_MSE,72719,10,80.20388218822569,80.26062232017708,-0.056740131951386275,-0.06594397690875957,5
CP_REPO_GATED_RIDGE_OPS_C,cluster_exit_loose,ex_post_descriptive,near_zero_excluded,MAE,72719,10,0.0006184788455707456,0.0006161247940414927,2.3540515292528544e-06,2.3434123131915167e-06,10
CP_REPO_GATED_RIDGE_OPS_C,cluster_exit_loose,ex_post_descriptive,near_zero_excluded,MSE,72719,10,2.7784093074004996e-06,2.772825033676795e-06,5.584273723704543e-09,5.590130575308621e-09,6
CP_REPO_GATED_RIDGE_OPS_C,cluster_exit_loose,ex_post_descriptive,near_zero_excluded,RMSE,72719,10,0.0016668561147863063,0.001665180180544074,1.675934242232214e-06,1.2830336434058372e-06,6
CP_REPO_GATED_RIDGE_OPS_C,cluster_exit_loose,ex_post_descriptive,near_zero_excluded,SMAPE,72719,10,96.79268422556595,97.06685857420744,-0.2741743486414947,-0.27365159416793433,0
CP_REPO_GATED_RIDGE_OPS_C,cluster_exit_loose,ex_post_descriptive,standard,LOG_RV_MSE,73455,10,82.09800800629024,82.13969703386572,-0.04168902757547244,-0.04153108157722958,5
CP_REPO_GATED_RIDGE_OPS_C,cluster_exit_loose,ex_post_descriptive,standard,MAE,73455,10,0.0006171643472764074,0.000614699459410396,2.4648878660113796e-06,2.4646081297657536e-06,10
CP_REPO_GATED_RIDGE_OPS_C,cluster_exit_loose,ex_post_descriptive,standard,MSE,73455,10,2.7534877094946653e-06,2.7478289743836967e-06,5.658735110968651e-09,5.654416192790837e-09,6
CP_REPO_GATED_RIDGE_OPS_C,cluster_exit_loose,ex_post_descriptive,standard,RMSE,73455,10,0.0016593636459482487,0.0016576576770804328,1.7059688678159029e-06,1.31689112628173e-06,6
CP_REPO_GATED_RIDGE_OPS_C,cluster_exit_loose,ex_post_descriptive,standard,SMAPE,73455,10,97.78270324564932,98.05428039544644,-0.27157714979712466,-0.2714099269192857,0
CP_REPO_GATED_RIDGE_OPS_C,cluster_exit_strict,ex_post_descriptive,high_vol_only,LOG_RV_MSE,14671,10,1.121544847097662,1.6448579038992883,-0.5233130568016264,-0.5228197392278962,0
CP_REPO_GATED_RIDGE_OPS_C,cluster_exit_strict,ex_post_descriptive,high_vol_only,MAE,14671,10,0.0015007236426876971,0.001507377410718918,-6.65376803122078e-06,-6.654768862378015e-06,0
CP_REPO_GATED_RIDGE_OPS_C,cluster_exit_strict,ex_post_descriptive,high_vol_only,MSE,14671,10,1.2686413406552538e-05,1.26664656161003e-05,1.9947790452238878e-08,1.9913063260122122e-08,6
CP_REPO_GATED_RIDGE_OPS_C,cluster_exit_strict,ex_post_descriptive,high_vol_only,RMSE,14671,10,0.003561799181109533,0.003558997838732176,2.801342377356693e-06,1.8366424665015845e-06,6
CP_REPO_GATED_RIDGE_OPS_C,cluster_exit_strict,ex_post_descriptive,high_vol_only,SMAPE,14671,10,73.684845994303,74.77178727936696,-1.0869412850639577,-1.0869437132709507,0
CP_REPO_GATED_RIDGE_OPS_C,cluster_exit_strict,ex_post_descriptive,near_zero_excluded,LOG_RV_MSE,72600,10,80.02173783897848,80.08319215128576,-0.06145431230727638,-0.07075435166309163,5
CP_REPO_GATED_RIDGE_OPS_C,cluster_exit_strict,ex_post_descriptive,near_zero_excluded,MAE,72600,10,0.0006184535179022776,0.000616092834946065,2.360682956212604e-06,2.3488133848673737e-06,10
CP_REPO_GATED_RIDGE_OPS_C,cluster_exit_strict,ex_post_descriptive,near_zero_excluded,MSE,72600,10,2.7805878498197563e-06,2.774986103862803e-06,5.601745956953552e-09,5.606037573836137e-09,6
CP_REPO_GATED_RIDGE_OPS_C,cluster_exit_strict,ex_post_descriptive,near_zero_excluded,RMSE,72600,10,0.0016675094751814027,0.0016658289539634023,1.680521218000398e-06,1.2861084164505414e-06,6
CP_REPO_GATED_RIDGE_OPS_C,cluster_exit_strict,ex_post_descriptive,near_zero_excluded,SMAPE,72600,10,96.72258691267511,96.99699406844026,-0.2744071557651466,-0.2738986303522424,0
CP_REPO_GATED_RIDGE_OPS_C,cluster_exit_strict,ex_post_descriptive,standard,LOG_RV_MSE,73334,10,81.90717235117306,81.953299660556,-0.046127309382939075,-0.04612409246783553,5
CP_REPO_GATED_RIDGE_OPS_C,cluster_exit_strict,ex_post_descriptive,standard,MAE,73334,10,0.000617143413936819,0.0006146694651196498,2.4739488171691623e-06,2.472663799237229e-06,10
CP_REPO_GATED_RIDGE_OPS_C,cluster_exit_strict,ex_post_descriptive,standard,MSE,73334,10,2.7556748132676994e-06,2.7499968625210127e-06,5.677950746686711e-09,5.672373004634816e-09,6
CP_REPO_GATED_RIDGE_OPS_C,cluster_exit_strict,ex_post_descriptive,standard,RMSE,73334,10,0.0016600225339638314,0.0016583114491919221,1.7110847719092707e-06,1.3206316962112463e-06,6
CP_REPO_GATED_RIDGE_OPS_C,cluster_exit_strict,ex_post_descriptive,standard,SMAPE,73334,10,97.71189563488282,97.98368668566756,-0.2717910507847421,-0.2716053676298003,0
CP_REPO_GATED_RIDGE_OPS_C,entry_with_recent_spike,ex_post_descriptive,high_vol_only,LOG_RV_MSE,8754,10,1.4736378437064515,1.767923683146528,-0.29428583944007647,-0.28218910956899573,3
CP_REPO_GATED_RIDGE_OPS_C,entry_with_recent_spike,ex_post_descriptive,high_vol_only,MAE,8754,10,0.0019315043244099452,0.0019170177224930936,1.4486601916851617e-05,1.43643017265323e-05,9
CP_REPO_GATED_RIDGE_OPS_C,entry_with_recent_spike,ex_post_descriptive,high_vol_only,MSE,8754,10,1.1146392096496613e-05,1.1039431017540043e-05,1.0696107895657002e-07,1.0556135104711231e-07,8
CP_REPO_GATED_RIDGE_OPS_C,entry_with_recent_spike,ex_post_descriptive,high_vol_only,RMSE,8754,10,0.003338621286773421,0.0033225639222654608,1.605736450796015e-05,1.2784375401275707e-05,8
CP_REPO_GATED_RIDGE_OPS_C,entry_with_recent_spike,ex_post_descriptive,high_vol_only,SMAPE,8754,10,87.65347704873638,87.38504473606537,0.26843231267100975,0.2693484461958164,6
CP_REPO_GATED_RIDGE_OPS_C,entry_with_recent_spike,ex_post_descriptive,near_zero_excluded,LOG_RV_MSE,43077,10,58.5073000988938,58.508912535113055,-0.0016124362192542208,-0.009151887156114924,3
CP_REPO_GATED_RIDGE_OPS_C,entry_with_recent_spike,ex_post_descriptive,near_zero_excluded,MAE,43077,10,0.0008298909472286534,0.0008211919492926306,8.698997936022789e-06,8.576786365351149e-06,9
CP_REPO_GATED_RIDGE_OPS_C,entry_with_recent_spike,ex_post_descriptive,near_zero_excluded,MSE,43077,10,2.7524238027535856e-06,2.7170389480875576e-06,3.538485466602796e-08,3.502763346529423e-08,10
CP_REPO_GATED_RIDGE_OPS_C,entry_with_recent_spike,ex_post_descriptive,near_zero_excluded,RMSE,43077,10,0.0016590430382463215,0.00164834430507936,1.0698733166961561e-05,9.528717002321459e-06,10
CP_REPO_GATED_RIDGE_OPS_C,entry_with_recent_spike,ex_post_descriptive,near_zero_excluded,SMAPE,43077,10,93.4313578597661,93.28812265334645,0.1432352064196465,0.14173269821720993,6
CP_REPO_GATED_RIDGE_OPS_C,entry_with_recent_spike,ex_post_descriptive,standard,LOG_RV_MSE,43747,10,61.708962586389255,61.681849190036736,0.027113396352518748,0.02166971612753841,4
CP_REPO_GATED_RIDGE_OPS_C,entry_with_recent_spike,ex_post_descriptive,standard,MAE,43747,10,0.0008304363652918029,0.0008213630333618581,9.07333192994486e-06,8.971681662547156e-06,9
CP_REPO_GATED_RIDGE_OPS_C,entry_with_recent_spike,ex_post_descriptive,standard,MSE,43747,10,2.7262690958934324e-06,2.6896918994526097e-06,3.65771964408227e-08,3.6112322169916585e-08,10
CP_REPO_GATED_RIDGE_OPS_C,entry_with_recent_spike,ex_post_descriptive,standard,RMSE,43747,10,0.0016511417552389112,0.0016400280178864657,1.1113737352445472e-05,9.842718085979686e-06,10
CP_REPO_GATED_RIDGE_OPS_C,entry_with_recent_spike,ex_post_descriptive,standard,SMAPE,43747,10,94.9939885723259,94.84955194561822,0.1444366267076873,0.14262837249543595,6
CP_REPO_GATED_RIDGE_OPS_C,entry_without_recent_spike,ex_post_descriptive,high_vol_only,LOG_RV_MSE,5946,10,1.1195692099524477,1.579621247629402,-0.46005203767695435,-0.4510237861449693,5
CP_REPO_GATED_RIDGE_OPS_C,entry_without_recent_spike,ex_post_descriptive,high_vol_only,MAE,5946,10,0.0015570783495014973,0.0015117759897629558,4.5302359738541575e-05,4.602530199822876e-05,9
CP_REPO_GATED_RIDGE_OPS_C,entry_without_recent_spike,ex_post_descriptive,high_vol_only,MSE,5946,10,9.074816797282833e-06,8.869481498419514e-06,2.0533529886331917e-07,2.0944331212272276e-07,10
CP_REPO_GATED_RIDGE_OPS_C,entry_without_recent_spike,ex_post_descriptive,high_vol_only,RMSE,5946,10,0.003012443658773195,0.002978167473198831,3.4276185574363786e-05,3.13120740905354e-05,10
CP_REPO_GATED_RIDGE_OPS_C,entry_without_recent_spike,ex_post_descriptive,high_vol_only,SMAPE,5946,10,80.3430946440876,76.85489931739812,3.4881953266894783,3.537916503325455,9
CP_REPO_GATED_RIDGE_OPS_C,entry_without_recent_spike,ex_post_descriptive,near_zero_excluded,LOG_RV_MSE,29421,10,60.966920165964275,61.406971204146004,-0.4400510381817284,-0.44321756089149283,1
CP_REPO_GATED_RIDGE_OPS_C,entry_without_recent_spike,ex_post_descriptive,near_zero_excluded,MAE,29421,10,0.00064865090680092,0.0006573309788076972,-8.680072006777228e-06,-8.836634908610712e-06,1
CP_REPO_GATED_RIDGE_OPS_C,entry_without_recent_spike,ex_post_descriptive,near_zero_excluded,MSE,29421,10,2.0879985944370397e-06,2.0766547662444524e-06,1.1343828192587297e-08,1.1366020226106499e-08,6
CP_REPO_GATED_RIDGE_OPS_C,entry_without_recent_spike,ex_post_descriptive,near_zero_excluded,RMSE,29421,10,0.0014449908630981166,0.0014410602923696331,3.930570728483433e-06,2.1654432680783365e-06,6
CP_REPO_GATED_RIDGE_OPS_C,entry_without_recent_spike,ex_post_descriptive,near_zero_excluded,SMAPE,29421,10,90.44189351704458,91.06741452922233,-0.6255210121777566,-0.6336529024033097,1
CP_REPO_GATED_RIDGE_OPS_C,entry_without_recent_spike,ex_post_descriptive,standard,LOG_RV_MSE,29710,10,62.62604303537494,63.078136711963054,-0.45209367658811317,-0.4507201529211379,1
CP_REPO_GATED_RIDGE_OPS_C,entry_without_recent_spike,ex_post_descriptive,standard,MAE,29710,10,0.0006476522732693516,0.0006565455726259819,-8.893299356630357e-06,-8.998574791414532e-06,1
CP_REPO_GATED_RIDGE_OPS_C,entry_without_recent_spike,ex_post_descriptive,standard,MSE,29710,10,2.071202405933468e-06,2.0604852571049565e-06,1.0717148828511417e-08,1.0979841144890252e-08,6
CP_REPO_GATED_RIDGE_OPS_C,entry_without_recent_spike,ex_post_descriptive,standard,RMSE,29710,10,0.0014391672612776695,0.0014354390468093573,3.7282144683121847e-06,2.0078181462108935e-06,6
CP_REPO_GATED_RIDGE_OPS_C,entry_without_recent_spike,ex_post_descriptive,standard,SMAPE,29710,10,91.450697436652,92.07121239595058,-0.6205149592985748,-0.6252034781656036,1
CP_REPO_GATED_RIDGE_OPS_C,high_within_block_dispersion,ex_post_descriptive,high_vol_only,LOG_RV_MSE,13800,10,1.347003340120205,2.195851824839225,-0.8488484847190201,-0.8034354498876498,1
CP_REPO_GATED_RIDGE_OPS_C,high_within_block_dispersion,ex_post_descriptive,high_vol_only,MAE,13800,10,0.0010124910161190377,0.001022870802936833,-1.037978681779541e-05,-9.869436095444729e-06,1
CP_REPO_GATED_RIDGE_OPS_C,high_within_block_dispersion,ex_post_descriptive,high_vol_only,MSE,13800,10,4.061123263348121e-06,4.077254970745377e-06,-1.6131707397255565e-08,-1.5404017829322013e-08,3
CP_REPO_GATED_RIDGE_OPS_C,high_within_block_dispersion,ex_post_descriptive,high_vol_only,RMSE,13800,10,0.0020152228818044226,0.002019221377349541,-3.9984955451182434e-06,-4.166805851940625e-06,3
CP_REPO_GATED_RIDGE_OPS_C,high_within_block_dispersion,ex_post_descriptive,high_vol_only,SMAPE,13800,10,67.13010831164493,69.23722233779988,-2.107114026154946,-1.9966641508063305,1
CP_REPO_GATED_RIDGE_OPS_C,high_within_block_dispersion,ex_post_descriptive,near_zero_excluded,LOG_RV_MSE,68602,10,133.4472628617705,133.33221952603822,0.1150433357322811,0.1093543102948206,7
CP_REPO_GATED_RIDGE_OPS_C,high_within_block_dispersion,ex_post_descriptive,near_zero_excluded,MAE,68602,10,0.000568649162840853,0.0005573614685359278,1.12876943049252e-05,1.0808556431245712e-05,9
CP_REPO_GATED_RIDGE_OPS_C,high_within_block_dispersion,ex_post_descriptive,near_zero_excluded,MSE,68602,10,1.1270507328910632e-06,1.1116988537836637e-06,1.5351879107399465e-08,1.456290055954475e-08,9
CP_REPO_GATED_RIDGE_OPS_C,high_within_block_dispersion,ex_post_descriptive,near_zero_excluded,RMSE,68602,10,0.0010616264563824054,0.001054371307359824,7.2551490225814495e-06,6.128297321349174e-06,9
CP_REPO_GATED_RIDGE_OPS_C,high_within_block_dispersion,ex_post_descriptive,near_zero_excluded,SMAPE,68602,10,119.19625535916762,119.22610101853468,-0.029845659367055077,-0.031237656845135575,5
CP_REPO_GATED_RIDGE_OPS_C,high_within_block_dispersion,ex_post_descriptive,standard,LOG_RV_MSE,68970,10,134.1816042629971,134.06282614827728,0.11877811471981659,0.12071648329716264,7
CP_REPO_GATED_RIDGE_OPS_C,high_within_block_dispersion,ex_post_descriptive,standard,MAE,68970,10,0.0005686239437191444,0.000557306028497389,1.1317915221755316e-05,1.0859962350953911e-05,9
CP_REPO_GATED_RIDGE_OPS_C,high_within_block_dispersion,ex_post_descriptive,standard,MSE,68970,10,1.123133377256323e-06,1.1077807884291683e-06,1.5352588827154625e-08,1.4616379980304832e-08,9
CP_REPO_GATED_RIDGE_OPS_C,high_within_block_dispersion,ex_post_descriptive,standard,RMSE,68970,10,0.0010597798720754811,0.0010525116571464509,7.268214929030247e-06,6.151839709839495e-06,9
CP_REPO_GATED_RIDGE_OPS_C,high_within_block_dispersion,ex_post_descriptive,standard,SMAPE,68970,10,119.60427234064147,119.63366346833384,-0.02939112769236374,-0.03216154136808598,5
CP_REPO_GATED_RIDGE_OPS_C,inflection_points,ex_post_descriptive,high_vol_only,LOG_RV_MSE,28984,10,1.1395945186365517,1.5317992648104808,-0.3922047461739291,-0.41238439464845733,1
CP_REPO_GATED_RIDGE_OPS_C,inflection_points,ex_post_descriptive,high_vol_only,MAE,28984,10,0.0015690861682796692,0.0015578262471325213,1.1259921147147934e-05,1.088241841919321e-05,8
CP_REPO_GATED_RIDGE_OPS_C,inflection_points,ex_post_descriptive,high_vol_only,MSE,28984,10,1.1258143057283103e-05,1.1181766732492262e-05,7.637632479084068e-08,7.426697678452298e-08,10
CP_REPO_GATED_RIDGE_OPS_C,inflection_points,ex_post_descriptive,high_vol_only,RMSE,28984,10,0.0033553156419751486,0.0033439148811673217,1.1400760807826846e-05,9.238119489765833e-06,10
CP_REPO_GATED_RIDGE_OPS_C,inflection_points,ex_post_descriptive,high_vol_only,SMAPE,28984,10,77.5511484641698,77.0659476473662,0.48520081680359795,0.4445996933018776,8
CP_REPO_GATED_RIDGE_OPS_C,inflection_points,ex_post_descriptive,near_zero_excluded,LOG_RV_MSE,143375,10,58.64300646845435,58.725776381391285,-0.08276991293693214,-0.08606795905905322,5
CP_REPO_GATED_RIDGE_OPS_C,inflection_points,ex_post_descriptive,near_zero_excluded,MAE,143375,10,0.0006543332064361158,0.0006537304886823421,6.027177537736711e-07,5.029701322271452e-07,6
CP_REPO_GATED_RIDGE_OPS_C,inflection_points,ex_post_descriptive,near_zero_excluded,MSE,143375,10,2.5404502226370316e-06,2.5283936810699574e-06,1.2056541567074227e-08,1.1519533494696406e-08,6
CP_REPO_GATED_RIDGE_OPS_C,inflection_points,ex_post_descriptive,near_zero_excluded,RMSE,143375,10,0.0015938789861959506,0.0015900923498558055,3.786636340145054e-06,2.6757546989760696e-06,6
CP_REPO_GATED_RIDGE_OPS_C,inflection_points,ex_post_descriptive,near_zero_excluded,SMAPE,143375,10,90.02958355319511,90.26351163838744,-0.233928085192332,-0.24323926272414553,0
CP_REPO_GATED_RIDGE_OPS_C,inflection_points,ex_post_descriptive,standard,LOG_RV_MSE,144886,10,60.506791384132924,60.581668638654705,-0.0748772545217804,-0.07317262096552923,5
CP_REPO_GATED_RIDGE_OPS_C,inflection_points,ex_post_descriptive,standard,MAE,144886,10,0.0006529679144583394,0.0006523072532329964,6.606612253430176e-07,5.774849562366748e-07,6
CP_REPO_GATED_RIDGE_OPS_C,inflection_points,ex_post_descriptive,standard,MSE,144886,10,2.5174090289669973e-06,2.5054462503577995e-06,1.1962778609197876e-08,1.1569148918307582e-08,6
CP_REPO_GATED_RIDGE_OPS_C,inflection_points,ex_post_descriptive,standard,RMSE,144886,10,0.0015866344975976657,0.0015828601487048056,3.7743488928601403e-06,2.691073149802453e-06,6
CP_REPO_GATED_RIDGE_OPS_C,inflection_points,ex_post_descriptive,standard,SMAPE,144886,10,91.11849778030444,91.34798401862771,-0.22948623832327542,-0.23877091434885073,0
CP_REPO_GATED_RIDGE_OPS_C,older_spike_position,ex_post_descriptive,high_vol_only,LOG_RV_MSE,21781,10,1.1395303095276075,1.4610029699943479,-0.3214726604667404,-0.3110625137586883,0
CP_REPO_GATED_RIDGE_OPS_C,older_spike_position,ex_post_descriptive,high_vol_only,MAE,21781,10,0.0013486758957650074,0.0013549256683692598,-6.249772604252331e-06,-6.194481180305021e-06,0
CP_REPO_GATED_RIDGE_OPS_C,older_spike_position,ex_post_descriptive,high_vol_only,MSE,21781,10,1.069141300105579e-05,1.068156016325875e-05,9.852837797040659e-09,9.233811938029096e-09,5
CP_REPO_GATED_RIDGE_OPS_C,older_spike_position,ex_post_descriptive,high_vol_only,RMSE,21781,10,0.0032697726222255565,0.003268265620058864,1.5070021666925906e-06,2.924158999549815e-07,5
CP_REPO_GATED_RIDGE_OPS_C,older_spike_position,ex_post_descriptive,high_vol_only,SMAPE,21781,10,69.8626302544199,70.99771563532481,-1.1350853809049113,-1.1507329175293037,0
CP_REPO_GATED_RIDGE_OPS_C,older_spike_position,ex_post_descriptive,near_zero_excluded,LOG_RV_MSE,107788,10,78.34423187563695,78.33817366502413,0.006058210612820858,0.012300677496977053,3
CP_REPO_GATED_RIDGE_OPS_C,older_spike_position,ex_post_descriptive,near_zero_excluded,MAE,107788,10,0.0005714781969803931,0.0005693216699048299,2.156527075563219e-06,2.1207403342707e-06,10
CP_REPO_GATED_RIDGE_OPS_C,older_spike_position,ex_post_descriptive,near_zero_excluded,MSE,107788,10,2.346475802604796e-06,2.34271704767058e-06,3.758754934215886e-09,3.547781030441122e-09,6
CP_REPO_GATED_RIDGE_OPS_C,older_spike_position,ex_post_descriptive,near_zero_excluded,RMSE,107788,10,0.0015318210739524365,0.0015305936912422512,1.2273827101852864e-06,7.019060513336836e-07,6
CP_REPO_GATED_RIDGE_OPS_C,older_spike_position,ex_post_descriptive,near_zero_excluded,SMAPE,107788,10,96.43669126169502,96.60497416755864,-0.16828290586362016,-0.16857671976460722,2
CP_REPO_GATED_RIDGE_OPS_C,older_spike_position,ex_post_descriptive,standard,LOG_RV_MSE,108871,10,80.56611776174127,80.54913204321018,0.016985718531088878,0.030692298110413675,3
CP_REPO_GATED_RIDGE_OPS_C,older_spike_position,ex_post_descriptive,standard,MAE,108871,10,0.0005701423444680369,0.0005679064293282618,2.2359151397751114e-06,2.1970465137203638e-06,10
CP_REPO_GATED_RIDGE_OPS_C,older_spike_position,ex_post_descriptive,standard,MSE,108871,10,2.3254307190849205e-06,2.3215943607221386e-06,3.836358362781919e-09,3.65397523672601e-09,6
CP_REPO_GATED_RIDGE_OPS_C,older_spike_position,ex_post_descriptive,standard,RMSE,108871,10,0.0015249363000089285,0.0015236779058325086,1.2583941764198782e-06,7.481034805217077e-07,6
CP_REPO_GATED_RIDGE_OPS_C,older_spike_position,ex_post_descriptive,standard,SMAPE,108871,10,97.43444157677632,97.60083197315127,-0.16639039637495046,-0.1693401958654448,2
CP_REPO_GATED_RIDGE_OPS_C,recent_ramp_high_dispersion,ex_post_descriptive,high_vol_only,LOG_RV_MSE,4860,10,1.422541686129273,1.6302804218523457,-0.20773873572307266,-0.19238177518500113,3
CP_REPO_GATED_RIDGE_OPS_C,recent_ramp_high_dispersion,ex_post_descriptive,high_vol_only,MAE,4860,10,0.0014613955477391944,0.0014586184653573248,2.7770823818695865e-06,3.149272823931807e-06,6
CP_REPO_GATED_RIDGE_OPS_C,recent_ramp_high_dispersion,ex_post_descriptive,high_vol_only,MSE,4860,10,5.9629586828906324e-06,5.956277624123147e-06,6.68105876748552e-09,7.838008279837082e-09,5
CP_REPO_GATED_RIDGE_OPS_C,recent_ramp_high_dispersion,ex_post_descriptive,high_vol_only,RMSE,4860,10,0.0024419170098286783,0.002440548631788178,1.368378040500235e-06,1.3977801831299795e-06,5
CP_REPO_GATED_RIDGE_OPS_C,recent_ramp_high_dispersion,ex_post_descriptive,high_vol_only,SMAPE,4860,10,76.48024025708399,77.02485394018073,-0.5446136830967419,-0.521980201363111,5
CP_REPO_GATED_RIDGE_OPS_C,recent_ramp_high_dispersion,ex_post_descriptive,near_zero_excluded,LOG_RV_MSE,24128,10,114.11256475334159,114.04328487433662,0.06927987900496646,0.09260324167074092,6
CP_REPO_GATED_RIDGE_OPS_C,recent_ramp_high_dispersion,ex_post_descriptive,near_zero_excluded,MAE,24128,10,0.0007928593927930361,0.0007756972442742057,1.716214851883041e-05,1.762748823734693e-05,9
CP_REPO_GATED_RIDGE_OPS_C,recent_ramp_high_dispersion,ex_post_descriptive,near_zero_excluded,MSE,24128,10,1.8154479400161009e-06,1.7757599945071067e-06,3.9687945508994185e-08,4.095418942567403e-08,10
CP_REPO_GATED_RIDGE_OPS_C,recent_ramp_high_dispersion,ex_post_descriptive,near_zero_excluded,RMSE,24128,10,0.0013473855944072211,0.001332576449779564,1.4809144627657032e-05,1.2784960417626726e-05,10
CP_REPO_GATED_RIDGE_OPS_C,recent_ramp_high_dispersion,ex_post_descriptive,near_zero_excluded,SMAPE,24128,10,117.97303253465954,117.6781951969685,0.2948373376910354,0.30702967873357495,6
CP_REPO_GATED_RIDGE_OPS_C,recent_ramp_high_dispersion,ex_post_descriptive,standard,LOG_RV_MSE,24273,10,114.68887161199063,114.62908647330971,0.0597851386809225,0.08894369126474064,6
CP_REPO_GATED_RIDGE_OPS_C,recent_ramp_high_dispersion,ex_post_descriptive,standard,MAE,24273,10,0.0007926212485103804,0.000775515549273669,1.71056992367114e-05,1.7610496842059826e-05,9
CP_REPO_GATED_RIDGE_OPS_C,recent_ramp_high_dispersion,ex_post_descriptive,standard,MSE,24273,10,1.8086202642090091e-06,1.7690713944589209e-06,3.954886975008826e-08,4.094641682689089e-08,10
CP_REPO_GATED_RIDGE_OPS_C,recent_ramp_high_dispersion,ex_post_descriptive,standard,RMSE,24273,10,0.001344849532181578,0.0013300644324463838,1.4785099735194294e-05,1.2791681545925995e-05,10
CP_REPO_GATED_RIDGE_OPS_C,recent_ramp_high_dispersion,ex_post_descriptive,standard,SMAPE,24273,10,118.4281414949415,118.13674258287274,0.29139891206875745,0.3020003276775924,6
CP_REPO_GATED_RIDGE_OPS_C,recent_spike_position,ex_post_descriptive,high_vol_only,LOG_RV_MSE,41263,10,133.60326357120792,133.90997701669647,-0.3067134454885547,-0.4364712698931751,0
CP_REPO_GATED_RIDGE_OPS_C,recent_spike_position,ex_post_descriptive,high_vol_only,MAE,41263,10,0.0009278329622731831,0.0009242949086599115,3.53805361327157e-06,6.5851815778857166e-06,7
CP_REPO_GATED_RIDGE_OPS_C,recent_spike_position,ex_post_descriptive,high_vol_only,MSE,41263,10,5.620772726690841e-06,5.591049920377602e-06,2.9722806313238546e-08,5.501469605703934e-08,7
CP_REPO_GATED_RIDGE_OPS_C,recent_spike_position,ex_post_descriptive,high_vol_only,RMSE,41263,10,0.002370816890164831,0.0023645401075848985,6.276782579932652e-06,6.684896869503477e-06,7
CP_REPO_GATED_RIDGE_OPS_C,recent_spike_position,ex_post_descriptive,high_vol_only,SMAPE,41263,10,126.75937020163306,126.79962124751506,-0.04025104588200179,-0.0444599547238397,4
CP_REPO_GATED_RIDGE_OPS_C,recent_spike_position,ex_post_descriptive,near_zero_excluded,LOG_RV_MSE,124205,10,108.09331457411457,108.07924062787238,0.014073946242191937,-0.0015956602602566373,2
CP_REPO_GATED_RIDGE_OPS_C,recent_spike_position,ex_post_descriptive,near_zero_excluded,MAE,124205,10,0.0006101040586077684,0.0006060746984696918,4.029360138076599e-06,4.313803791248749e-06,10
CP_REPO_GATED_RIDGE_OPS_C,recent_spike_position,ex_post_descriptive,near_zero_excluded,MSE,124205,10,2.122274233945656e-06,2.107669745992538e-06,1.460448795311801e-08,1.6180355512670964e-08,10
CP_REPO_GATED_RIDGE_OPS_C,recent_spike_position,ex_post_descriptive,near_zero_excluded,RMSE,124205,10,0.0014568027436635531,0.0014517815765439847,5.021167119568419e-06,4.638546104728273e-06,10
CP_REPO_GATED_RIDGE_OPS_C,recent_spike_position,ex_post_descriptive,near_zero_excluded,SMAPE,124205,10,110.75903396715827,110.75256467666918,0.006469290489093282,0.017147626775145853,6
CP_REPO_GATED_RIDGE_OPS_C,recent_spike_position,ex_post_descriptive,standard,LOG_RV_MSE,125358,10,109.41387331267963,109.38968283332184,0.02419047935778451,0.012473653607961665,2
CP_REPO_GATED_RIDGE_OPS_C,recent_spike_position,ex_post_descriptive,standard,MAE,125358,10,0.0006091827784219505,0.000605088932597067,4.093845824883484e-06,4.382416618044506e-06,10
CP_REPO_GATED_RIDGE_OPS_C,recent_spike_position,ex_post_descriptive,standard,MSE,125358,10,2.1057111020059574e-06,2.091133703829297e-06,1.4577398176660368e-08,1.619582869732325e-08,10
CP_REPO_GATED_RIDGE_OPS_C,recent_spike_position,ex_post_descriptive,standard,RMSE,125358,10,0.00145110685409654,0.0014460752759899108,5.03157810662915e-06,4.663532480707572e-06,10
CP_REPO_GATED_RIDGE_OPS_C,recent_spike_position,ex_post_descriptive,standard,SMAPE,125358,10,111.53126331543436,111.52347691732722,0.0077863981071431,0.01645377329924429,6
CP_REPO_GATED_RIDGE_OPS_C,same_average_back_loaded,ex_post_descriptive,high_vol_only,LOG_RV_MSE,5089,10,148.22928488392745,147.76409239320563,0.4651924907218188,-0.22954357129583708,4
CP_REPO_GATED_RIDGE_OPS_C,same_average_back_loaded,ex_post_descriptive,high_vol_only,MAE,5089,10,0.00079502070058517,0.0007944049069622304,6.157936229395349e-07,-9.687408341074987e-07,4
CP_REPO_GATED_RIDGE_OPS_C,same_average_back_loaded,ex_post_descriptive,high_vol_only,MSE,5089,10,5.436331053659615e-06,5.425122477964294e-06,1.1208575695321165e-08,2.1309631947032332e-08,8
CP_REPO_GATED_RIDGE_OPS_C,same_average_back_loaded,ex_post_descriptive,high_vol_only,RMSE,5089,10,0.0023315941013949265,0.0023291892318925687,2.4048695023578225e-06,2.6706932496429125e-06,8
CP_REPO_GATED_RIDGE_OPS_C,same_average_back_loaded,ex_post_descriptive,high_vol_only,SMAPE,5089,10,125.47402771920483,125.77930437739704,-0.30527665819221284,-0.5177811758302646,2
CP_REPO_GATED_RIDGE_OPS_C,same_average_back_loaded,ex_post_descriptive,near_zero_excluded,LOG_RV_MSE,15487,10,124.26141461023107,124.04559862910365,0.2158159811274203,0.11301760422411025,8
CP_REPO_GATED_RIDGE_OPS_C,same_average_back_loaded,ex_post_descriptive,near_zero_excluded,MAE,15487,10,0.000527741419898501,0.0005252442574974933,2.4971624010077485e-06,2.4161193213791973e-06,9
CP_REPO_GATED_RIDGE_OPS_C,same_average_back_loaded,ex_post_descriptive,near_zero_excluded,MSE,15487,10,1.938986808645503e-06,1.9337045745324717e-06,5.282234113031368e-09,5.773882826532335e-09,9
CP_REPO_GATED_RIDGE_OPS_C,same_average_back_loaded,ex_post_descriptive,near_zero_excluded,RMSE,15487,10,0.0013924750657176965,0.0013905770652978824,1.8980004198141005e-06,1.608830559599511e-06,9
CP_REPO_GATED_RIDGE_OPS_C,same_average_back_loaded,ex_post_descriptive,near_zero_excluded,SMAPE,15487,10,115.21629356973736,115.23633706338946,-0.020043493652096345,-0.02762918992563641,6
CP_REPO_GATED_RIDGE_OPS_C,same_average_back_loaded,ex_post_descriptive,standard,LOG_RV_MSE,15559,10,124.77448379663251,124.55586194186905,0.2186218547634553,0.11713689327971917,8
CP_REPO_GATED_RIDGE_OPS_C,same_average_back_loaded,ex_post_descriptive,standard,MAE,15559,10,0.0005277712464133768,0.0005252608213865421,2.5104250268347464e-06,2.44005429932069e-06,9
CP_REPO_GATED_RIDGE_OPS_C,same_average_back_loaded,ex_post_descriptive,standard,MSE,15559,10,1.931432277016903e-06,1.926176528919576e-06,5.255748097326802e-09,5.758876020905522e-09,9
CP_REPO_GATED_RIDGE_OPS_C,same_average_back_loaded,ex_post_descriptive,standard,RMSE,15559,10,0.0013897597911210781,0.0013878676193785832,1.8921717424948744e-06,1.6054696342107125e-06,9
CP_REPO_GATED_RIDGE_OPS_C,same_average_back_loaded,ex_post_descriptive,standard,SMAPE,15559,10,115.5837931550299,115.60355636986397,-0.01976321483407162,-0.027870650910047347,6
CP_REPO_GATED_RIDGE_OPS_C,same_average_different_path,ex_post_descriptive,high_vol_only,LOG_RV_MSE,1483,10,1.176451606646611,1.500584446462578,-0.32413283981596686,-0.3360747678485264,3
CP_REPO_GATED_RIDGE_OPS_C,same_average_different_path,ex_post_descriptive,high_vol_only,MAE,1483,10,0.0012308421833447504,0.0012240224164465504,6.819766898200031e-06,5.75981134028267e-06,6
CP_REPO_GATED_RIDGE_OPS_C,same_average_different_path,ex_post_descriptive,high_vol_only,MSE,1483,10,5.424646643583948e-06,5.3915526532201475e-06,3.309399036380082e-08,3.208999287114569e-08,8
CP_REPO_GATED_RIDGE_OPS_C,same_average_different_path,ex_post_descriptive,high_vol_only,RMSE,1483,10,0.0023290870837270015,0.0023219717167140834,7.115367012918133e-06,5.776164161829477e-06,8
CP_REPO_GATED_RIDGE_OPS_C,same_average_different_path,ex_post_descriptive,high_vol_only,SMAPE,1483,10,78.26623100008541,78.22107112357861,0.04515987650680131,-0.16518050737088785,5
CP_REPO_GATED_RIDGE_OPS_C,same_average_different_path,ex_post_descriptive,near_zero_excluded,LOG_RV_MSE,7368,10,130.5647982605645,130.23575961634347,0.3290386442210149,0.19061922667956896,7
CP_REPO_GATED_RIDGE_OPS_C,same_average_different_path,ex_post_descriptive,near_zero_excluded,MAE,7368,10,0.0005432933685073359,0.0005386911881469148,4.6021803604210775e-06,3.907637230578514e-06,9
CP_REPO_GATED_RIDGE_OPS_C,same_average_different_path,ex_post_descriptive,near_zero_excluded,MSE,7368,10,1.25033332979528e-06,1.2423424324119211e-06,7.990897383358938e-09,7.104198987215488e-09,7
CP_REPO_GATED_RIDGE_OPS_C,same_average_different_path,ex_post_descriptive,near_zero_excluded,RMSE,7368,10,0.0011181830484295852,0.0011146041595166965,3.5788889128887842e-06,2.5600998323071317e-06,7
CP_REPO_GATED_RIDGE_OPS_C,same_average_different_path,ex_post_descriptive,near_zero_excluded,SMAPE,7368,10,117.07922485099387,116.94729557396158,0.13192927703228463,0.11011578949413234,6
CP_REPO_GATED_RIDGE_OPS_C,same_average_different_path,ex_post_descriptive,standard,LOG_RV_MSE,7396,10,131.0538149663491,130.71932800263312,0.33448696371598885,0.20353705348214213,7
CP_REPO_GATED_RIDGE_OPS_C,same_average_different_path,ex_post_descriptive,standard,MAE,7396,10,0.000543100371193495,0.0005384416004106767,4.658770782818371e-06,4.0028511911070395e-06,9
CP_REPO_GATED_RIDGE_OPS_C,same_average_different_path,ex_post_descriptive,standard,MSE,7396,10,1.2465643227993336e-06,1.238541961316527e-06,8.022361482806533e-09,7.157286338529084e-09,7
CP_REPO_GATED_RIDGE_OPS_C,same_average_different_path,ex_post_descriptive,standard,RMSE,7396,10,0.0011164964499716663,0.001112898001308533,3.5984486631333943e-06,2.5946613681221074e-06,7
CP_REPO_GATED_RIDGE_OPS_C,same_average_different_path,ex_post_descriptive,standard,SMAPE,7396,10,117.3731818015564,117.24142459785465,0.1317572037017527,0.10975833663184745,6
CP_REPO_GATED_RIDGE_OPS_C,same_average_recent_front_loaded,ex_post_descriptive,high_vol_only,LOG_RV_MSE,2870,10,1.4580562797951269,1.7558519135870823,-0.2977956337919554,-0.29194553665574813,5
CP_REPO_GATED_RIDGE_OPS_C,same_average_recent_front_loaded,ex_post_descriptive,high_vol_only,MAE,2870,10,0.0016073033120725894,0.0015934130991348016,1.3890212937787754e-05,1.3884732535692532e-05,9
CP_REPO_GATED_RIDGE_OPS_C,same_average_recent_front_loaded,ex_post_descriptive,high_vol_only,MSE,2870,10,7.781371153816655e-06,7.700750368339928e-06,8.062078547672712e-08,8.069503807688778e-08,10
CP_REPO_GATED_RIDGE_OPS_C,same_average_recent_front_loaded,ex_post_descriptive,high_vol_only,RMSE,2870,10,0.0027895109165975056,0.0027750225887981394,1.4488327799366211e-05,1.2334940485808046e-05,10
CP_REPO_GATED_RIDGE_OPS_C,same_average_recent_front_loaded,ex_post_descriptive,high_vol_only,SMAPE,2870,10,94.65986103058924,93.64825363375908,1.0116073968301578,1.0048539802896428,8
CP_REPO_GATED_RIDGE_OPS_C,same_average_recent_front_loaded,ex_post_descriptive,near_zero_excluded,LOG_RV_MSE,14110,10,61.51306201248259,61.610931377506255,-0.09786936502366217,-0.11015839964477807,2
CP_REPO_GATED_RIDGE_OPS_C,same_average_recent_front_loaded,ex_post_descriptive,near_zero_excluded,MAE,14110,10,0.0006158783010104141,0.0006169842825157008,-1.1059815052867107e-06,-1.3079493314749038e-06,3
CP_REPO_GATED_RIDGE_OPS_C,same_average_recent_front_loaded,ex_post_descriptive,near_zero_excluded,MSE,14110,10,1.7527220781628603e-06,1.7421423463318083e-06,1.0579731831051986e-08,1.0404699940922883e-08,9
CP_REPO_GATED_RIDGE_OPS_C,same_average_recent_front_loaded,ex_post_descriptive,near_zero_excluded,RMSE,14110,10,0.0013239041045947626,0.001319902400305344,4.001704289418673e-06,3.0006732953102734e-06,9
CP_REPO_GATED_RIDGE_OPS_C,same_average_recent_front_loaded,ex_post_descriptive,near_zero_excluded,SMAPE,14110,10,92.08728032701002,92.35347173974496,-0.2661914127349405,-0.2797978132579814,2
CP_REPO_GATED_RIDGE_OPS_C,same_average_recent_front_loaded,ex_post_descriptive,standard,LOG_RV_MSE,14331,10,65.0327606534289,65.11202352929384,-0.0792628758649414,-0.0896916159843066,4
CP_REPO_GATED_RIDGE_OPS_C,same_average_recent_front_loaded,ex_post_descriptive,standard,MAE,14331,10,0.0006156989961505772,0.0006166290746365404,-9.300784859631777e-07,-1.092457612725405e-06,3
CP_REPO_GATED_RIDGE_OPS_C,same_average_recent_front_loaded,ex_post_descriptive,standard,MSE,14331,10,1.732179693635762e-06,1.7215975184792845e-06,1.058217515647746e-08,1.0451542207529768e-08,9
CP_REPO_GATED_RIDGE_OPS_C,same_average_recent_front_loaded,ex_post_descriptive,standard,RMSE,14331,10,0.0013161229781581058,0.0013120966117170201,4.0263664410856645e-06,3.028659637146488e-06,9
CP_REPO_GATED_RIDGE_OPS_C,same_average_recent_front_loaded,ex_post_descriptive,standard,SMAPE,14331,10,93.68336123354462,93.94811107575624,-0.26474984221162856,-0.27560528979032595,2
CP_REPO_GATED_RIDGE_OPS_C,stable_low_dispersion,ex_post_descriptive,high_vol_only,LOG_RV_MSE,13798,10,1.1365927010064192,1.3156555123874716,-0.1790628113810524,-0.18986114731029274,5
CP_REPO_GATED_RIDGE_OPS_C,stable_low_dispersion,ex_post_descriptive,high_vol_only,MAE,13798,10,0.0016297046728240819,0.001611915539637624,1.7789133186457782e-05,1.6919943224403363e-05,9
CP_REPO_GATED_RIDGE_OPS_C,stable_low_dispersion,ex_post_descriptive,high_vol_only,MSE,13798,10,1.7413305625955696e-05,1.7286454553098165e-05,1.268510728575319e-07,1.2048240038672528e-07,9
CP_REPO_GATED_RIDGE_OPS_C,stable_low_dispersion,ex_post_descriptive,high_vol_only,RMSE,13798,10,0.004172925307977091,0.004157698227757537,1.5227080219553692e-05,1.183878774128995e-05,9
CP_REPO_GATED_RIDGE_OPS_C,stable_low_dispersion,ex_post_descriptive,high_vol_only,SMAPE,13798,10,72.78501202823047,71.65705188831872,1.1279601399117496,1.032550878267994,9
CP_REPO_GATED_RIDGE_OPS_C,stable_low_dispersion,ex_post_descriptive,near_zero_excluded,LOG_RV_MSE,67129,10,23.025768102724278,23.253965115734555,-0.22819701301027706,-0.21803422948284173,1
CP_REPO_GATED_RIDGE_OPS_C,stable_low_dispersion,ex_post_descriptive,near_zero_excluded,MAE,67129,10,0.0006391886576111414,0.0006416395736489577,-2.4509160378163256e-06,-2.392168411131747e-06,2
CP_REPO_GATED_RIDGE_OPS_C,stable_low_dispersion,ex_post_descriptive,near_zero_excluded,MSE,67129,10,3.7891257013455223e-06,3.772930244074448e-06,1.6195457271074138e-08,1.5186770742801435e-08,9
CP_REPO_GATED_RIDGE_OPS_C,stable_low_dispersion,ex_post_descriptive,near_zero_excluded,RMSE,67129,10,0.0019465676719152413,0.0019424032135667527,4.164458348488581e-06,3.044467797729992e-06,9
CP_REPO_GATED_RIDGE_OPS_C,stable_low_dispersion,ex_post_descriptive,near_zero_excluded,SMAPE,67129,10,76.72229579638059,76.9259851340978,-0.20368933771720776,-0.20840063051418553,2
CP_REPO_GATED_RIDGE_OPS_C,stable_low_dispersion,ex_post_descriptive,standard,LOG_RV_MSE,68968,10,30.904589905889917,31.132571624847667,-0.22798171895775,-0.21555547512615317,1
CP_REPO_GATED_RIDGE_OPS_C,stable_low_dispersion,ex_post_descriptive,standard,MAE,68968,10,0.0006423459670206478,0.0006448993626804324,-2.55339565978464e-06,-2.4929205452316785e-06,2
CP_REPO_GATED_RIDGE_OPS_C,stable_low_dispersion,ex_post_descriptive,standard,MSE,68968,10,3.707039266768412e-06,3.6918039879677734e-06,1.5235278800638564e-08,1.4414300778608698e-08,9
CP_REPO_GATED_RIDGE_OPS_C,stable_low_dispersion,ex_post_descriptive,standard,RMSE,68968,10,0.0019253673069750644,0.0019214067731658942,3.960533809170162e-06,2.9100148691152762e-06,9
CP_REPO_GATED_RIDGE_OPS_C,stable_low_dispersion,ex_post_descriptive,standard,SMAPE,68968,10,79.91610747922876,80.11822979109861,-0.20212231186985719,-0.20844517733456486,2
CP_REPO_HAAR_SHAPE,all_observations,not_conditioned,high_vol_only,LOG_RV_MSE,73496,10,1.2429973656852933,1.87015102297533,-0.6271536572900367,-0.6269727979745366,0
CP_REPO_HAAR_SHAPE,all_observations,not_conditioned,high_vol_only,MAE,73496,10,0.0013977588560373617,0.001385464959335822,1.2293896701539653e-05,1.2292625549243985e-05,10
CP_REPO_HAAR_SHAPE,all_observations,not_conditioned,high_vol_only,MSE,73496,10,9.91631467282196e-06,9.830278145637776e-06,8.60365271841845e-08,8.600718271872364e-08,10
CP_REPO_HAAR_SHAPE,all_observations,not_conditioned,high_vol_only,RMSE,73496,10,0.0031490180489832003,0.0031353274383448017,1.3690610638398583e-05,1.1594628602585341e-05,10
CP_REPO_HAAR_SHAPE,all_observations,not_conditioned,high_vol_only,SMAPE,73496,10,74.02057589487282,73.34654507982427,0.6740308150485532,0.673997283366839,9
CP_REPO_HAAR_SHAPE,all_observations,not_conditioned,near_zero_excluded,LOG_RV_MSE,363794,10,84.08930450077095,84.40181672891654,-0.312512228145593,-0.32432179227384816,4
CP_REPO_HAAR_SHAPE,all_observations,not_conditioned,near_zero_excluded,MAE,363794,10,0.0005874977904224,0.0005858947662897363,1.603024132663727e-06,1.6019723468913477e-06,9
CP_REPO_HAAR_SHAPE,all_observations,not_conditioned,near_zero_excluded,MSE,363794,10,2.215330906486703e-06,2.1992991932172066e-06,1.603171326949633e-08,1.5968351040797786e-08,9
CP_REPO_HAAR_SHAPE,all_observations,not_conditioned,near_zero_excluded,RMSE,363794,10,0.0014883987726703831,0.0014830034366842197,5.395335986163423e-06,4.507328941352544e-06,9
CP_REPO_HAAR_SHAPE,all_observations,not_conditioned,near_zero_excluded,SMAPE,363794,10,99.92108203019059,100.18969133209838,-0.2686093019077873,-0.2674006636458074,0
CP_REPO_HAAR_SHAPE,all_observations,not_conditioned,standard,LOG_RV_MSE,367468,10,86.0153296729766,86.29669000347404,-0.28136033049743503,-0.28138908219968906,4
CP_REPO_HAAR_SHAPE,all_observations,not_conditioned,standard,MAE,367468,10,0.0005862627334133548,0.0005845897509718512,1.672982441503672e-06,1.673067813159058e-06,9
CP_REPO_HAAR_SHAPE,all_observations,not_conditioned,standard,MSE,367468,10,2.195810003812886e-06,2.179907747013769e-06,1.590225679911699e-08,1.5897517678388217e-08,9
CP_REPO_HAAR_SHAPE,all_observations,not_conditioned,standard,RMSE,367468,10,0.0014818265768344438,0.0014764510648896457,5.37551194479814e-06,4.496746345349133e-06,9
CP_REPO_HAAR_SHAPE,all_observations,not_conditioned,standard,SMAPE,367468,10,100.87996480320403,101.14442369668552,-0.2644588934814891,-0.26431913328284506,0
CP_REPO_HAAR_SHAPE,cluster_entry_loose,ex_post_descriptive,high_vol_only,LOG_RV_MSE,14694,10,1.332130441941895,1.5153904563213259,-0.18326001437943096,-0.18310648165980498,5
CP_REPO_HAAR_SHAPE,cluster_entry_loose,ex_post_descriptive,high_vol_only,MAE,14694,10,0.001784491149669092,0.0017636290081099756,2.086214155911639e-05,2.0860317391844987e-05,10
CP_REPO_HAAR_SHAPE,cluster_entry_loose,ex_post_descriptive,high_vol_only,MSE,14694,10,1.032153994459627e-05,1.017061050269238e-05,1.509294419038901e-07,1.5091115894961497e-07,10
CP_REPO_HAAR_SHAPE,cluster_entry_loose,ex_post_descriptive,high_vol_only,RMSE,14694,10,0.003212715353808406,0.003189139461154432,2.3575892653973814e-05,2.093381740485361e-05,10
CP_REPO_HAAR_SHAPE,cluster_entry_loose,ex_post_descriptive,high_vol_only,SMAPE,14694,10,84.8115403046506,83.68699806092582,1.1245422437247896,1.1244935105430884,10
CP_REPO_HAAR_SHAPE,cluster_entry_loose,ex_post_descriptive,near_zero_excluded,LOG_RV_MSE,72721,10,60.55015231484592,60.79881640901237,-0.2486640941664504,-0.25433989206679397,2
CP_REPO_HAAR_SHAPE,cluster_entry_loose,ex_post_descriptive,near_zero_excluded,MAE,72721,10,0.0007578798738627712,0.0007496027278450695,8.27714601770173e-06,8.305996670386525e-06,8
CP_REPO_HAAR_SHAPE,cluster_entry_loose,ex_post_descriptive,near_zero_excluded,MSE,72721,10,2.4815741439829076e-06,2.433440363337721e-06,4.813378064518642e-08,4.8123035510534016e-08,9
CP_REPO_HAAR_SHAPE,cluster_entry_loose,ex_post_descriptive,near_zero_excluded,RMSE,72721,10,0.0015753012867330831,0.0015599488335640117,1.535245316907144e-05,1.3358838057381412e-05,9
CP_REPO_HAAR_SHAPE,cluster_entry_loose,ex_post_descriptive,near_zero_excluded,SMAPE,72721,10,92.54758699479648,92.33055035575234,0.21703663904413872,0.21843565243928112,8
CP_REPO_HAAR_SHAPE,cluster_entry_loose,ex_post_descriptive,standard,LOG_RV_MSE,73457,10,62.079879723481234,62.31622511380266,-0.236345390321425,-0.23641747626934978,2
CP_REPO_HAAR_SHAPE,cluster_entry_loose,ex_post_descriptive,standard,MAE,73457,10,0.0007565085520951432,0.0007481536864621051,8.354865633038036e-06,8.354343110912864e-06,8
CP_REPO_HAAR_SHAPE,cluster_entry_loose,ex_post_descriptive,standard,MSE,73457,10,2.4613245520281704e-06,2.4134557347536505e-06,4.7868817274519846e-08,4.786428750159242e-08,9
CP_REPO_HAAR_SHAPE,cluster_entry_loose,ex_post_descriptive,standard,RMSE,73457,10,0.0015688609090764452,0.0015535300881391548,1.53308209372904e-05,1.3326966208388857e-05,9
CP_REPO_HAAR_SHAPE,cluster_entry_loose,ex_post_descriptive,standard,SMAPE,73457,10,93.56088921296094,93.34436643257881,0.21652278038213524,0.21654434800499728,8
CP_REPO_HAAR_SHAPE,cluster_entry_strict,ex_post_descriptive,high_vol_only,LOG_RV_MSE,14657,10,1.3342554638475268,1.5179269870551364,-0.1836715232076096,-0.1833625378713068,5
CP_REPO_HAAR_SHAPE,cluster_entry_strict,ex_post_descriptive,high_vol_only,MAE,14657,10,0.001787243329286434,0.0017662250761386904,2.1018253147743688e-05,2.102039631335169e-05,10
CP_REPO_HAAR_SHAPE,cluster_entry_strict,ex_post_descriptive,high_vol_only,MSE,14657,10,1.034580321321044e-05,1.019433668442756e-05,1.5146652878287938e-07,1.5146271035566267e-07,10
CP_REPO_HAAR_SHAPE,cluster_entry_strict,ex_post_descriptive,high_vol_only,RMSE,14657,10,0.003216489268318867,0.00319285713498546,2.363213333340681e-05,2.098322599226989e-05,10
CP_REPO_HAAR_SHAPE,cluster_entry_strict,ex_post_descriptive,high_vol_only,SMAPE,14657,10,84.88149633879505,83.74882198180265,1.1326743569923963,1.133057904158082,10
CP_REPO_HAAR_SHAPE,cluster_entry_strict,ex_post_descriptive,near_zero_excluded,LOG_RV_MSE,72532,10,60.381173384259625,60.62636355242474,-0.24519016816511652,-0.2506420905501617,3
CP_REPO_HAAR_SHAPE,cluster_entry_strict,ex_post_descriptive,near_zero_excluded,MAE,72532,10,0.0007588564320065486,0.0007505990992334645,8.257332773084166e-06,8.28302453846095e-06,8
CP_REPO_HAAR_SHAPE,cluster_entry_strict,ex_post_descriptive,near_zero_excluded,MSE,72532,10,2.487464553071507e-06,2.4392307880693328e-06,4.8233765002174123e-08,4.8219200645958146e-08,9
CP_REPO_HAAR_SHAPE,cluster_entry_strict,ex_post_descriptive,near_zero_excluded,RMSE,72532,10,0.0015771697920869228,0.001561803697034084,1.536609505283881e-05,1.3369067175077806e-05,9
CP_REPO_HAAR_SHAPE,cluster_entry_strict,ex_post_descriptive,near_zero_excluded,SMAPE,72532,10,92.4997892944739,92.28874330497587,0.21104598949803233,0.21206459517688928,8
CP_REPO_HAAR_SHAPE,cluster_entry_strict,ex_post_descriptive,standard,LOG_RV_MSE,73266,10,61.91279479782629,62.145657943050225,-0.2328631452239378,-0.23268327395070276,3
CP_REPO_HAAR_SHAPE,cluster_entry_strict,ex_post_descriptive,standard,MAE,73266,10,0.0007574764163155193,0.0007491417744735297,8.334641841989529e-06,8.33152895871456e-06,8
CP_REPO_HAAR_SHAPE,cluster_entry_strict,ex_post_descriptive,standard,MSE,73266,10,2.4671601900807016e-06,2.419193541047539e-06,4.7966649033162444e-08,4.795962042251882e-08,9
CP_REPO_HAAR_SHAPE,cluster_entry_strict,ex_post_descriptive,standard,RMSE,73266,10,0.0015707196408273189,0.0015553756912873298,1.5343949539989082e-05,1.3336862298923216e-05,9
CP_REPO_HAAR_SHAPE,cluster_entry_strict,ex_post_descriptive,standard,SMAPE,73266,10,93.51351872765494,93.30295105931877,0.2105676683361679,0.21045983707970634,8
CP_REPO_HAAR_SHAPE,cluster_exit_loose,ex_post_descriptive,high_vol_only,LOG_RV_MSE,14693,10,1.1229862115788884,2.4729382262414674,-1.349952014662579,-1.3492885862288848,0
CP_REPO_HAAR_SHAPE,cluster_exit_loose,ex_post_descriptive,high_vol_only,MAE,14693,10,0.0015010885261131542,0.0014981723269912655,2.9161991218886255e-06,2.91820064575444e-06,5
CP_REPO_HAAR_SHAPE,cluster_exit_loose,ex_post_descriptive,high_vol_only,MSE,14693,10,1.2677943124526244e-05,1.2600520148464864e-05,7.742297606138004e-08,7.737572929543763e-08,10
CP_REPO_HAAR_SHAPE,cluster_exit_loose,ex_post_descriptive,high_vol_only,RMSE,14693,10,0.0035606099371492863,0.0035497211367183285,1.0888800430957756e-05,8.619024445947284e-06,10
CP_REPO_HAAR_SHAPE,cluster_exit_loose,ex_post_descriptive,high_vol_only,SMAPE,14693,10,73.70908084853484,74.08133112353806,-0.37225027500322483,-0.37196552648657927,3
CP_REPO_HAAR_SHAPE,cluster_exit_loose,ex_post_descriptive,near_zero_excluded,LOG_RV_MSE,72719,10,80.20388218822569,80.90977328174112,-0.705891093515433,-0.7381167407426908,5
CP_REPO_HAAR_SHAPE,cluster_exit_loose,ex_post_descriptive,near_zero_excluded,MAE,72719,10,0.0006184788455707456,0.0006191504659037129,-6.716203329673338e-07,-7.113370394262351e-07,4
CP_REPO_HAAR_SHAPE,cluster_exit_loose,ex_post_descriptive,near_zero_excluded,MSE,72719,10,2.7784093074004996e-06,2.7717954015096636e-06,6.613905890835994e-09,6.470004548782628e-09,6
CP_REPO_HAAR_SHAPE,cluster_exit_loose,ex_post_descriptive,near_zero_excluded,RMSE,72719,10,0.0016668561147863063,0.001664870986445996,1.985128340310305e-06,1.1877380838609273e-06,6
CP_REPO_HAAR_SHAPE,cluster_exit_loose,ex_post_descriptive,near_zero_excluded,SMAPE,72719,10,96.79268422556595,97.65517385415606,-0.8624896285901116,-0.8650971596056195,0
CP_REPO_HAAR_SHAPE,cluster_exit_loose,ex_post_descriptive,standard,LOG_RV_MSE,73455,10,82.09800800629024,82.73222232455602,-0.6342143182657765,-0.634132308523653,5
CP_REPO_HAAR_SHAPE,cluster_exit_loose,ex_post_descriptive,standard,MAE,73455,10,0.0006171643472764074,0.0006176349532224763,-4.7060594606884807e-07,-4.704145026754075e-07,4
CP_REPO_HAAR_SHAPE,cluster_exit_loose,ex_post_descriptive,standard,MSE,73455,10,2.7534877094946653e-06,2.746909291504766e-06,6.578417989899478e-09,6.5702520301755e-09,6
CP_REPO_HAAR_SHAPE,cluster_exit_loose,ex_post_descriptive,standard,RMSE,73455,10,0.0016593636459482487,0.0016573802495217463,1.983396426502408e-06,1.2127527325194973e-06,6
CP_REPO_HAAR_SHAPE,cluster_exit_loose,ex_post_descriptive,standard,SMAPE,73455,10,97.78270324564932,98.63144870355173,-0.8487454579024103,-0.8484034944486794,0
CP_REPO_HAAR_SHAPE,cluster_exit_strict,ex_post_descriptive,high_vol_only,LOG_RV_MSE,14671,10,1.121544847097662,2.473418002161164,-1.351873155063502,-1.35097960198881,0
CP_REPO_HAAR_SHAPE,cluster_exit_strict,ex_post_descriptive,high_vol_only,MAE,14671,10,0.0015007236426876971,0.0014977443778932088,2.9792647944883784e-06,2.976270545134563e-06,5
CP_REPO_HAAR_SHAPE,cluster_exit_strict,ex_post_descriptive,high_vol_only,MSE,14671,10,1.2686413406552538e-05,1.2608810372955084e-05,7.760303359745405e-08,7.754589046140595e-08,10
CP_REPO_HAAR_SHAPE,cluster_exit_strict,ex_post_descriptive,high_vol_only,RMSE,14671,10,0.003561799181109533,0.003550888673692134,1.0910507417398723e-05,8.634158073381311e-06,10
CP_REPO_HAAR_SHAPE,cluster_exit_strict,ex_post_descriptive,high_vol_only,SMAPE,14671,10,73.684845994303,74.05015919210074,-0.3653131977977324,-0.36544323110975796,3
CP_REPO_HAAR_SHAPE,cluster_exit_strict,ex_post_descriptive,near_zero_excluded,LOG_RV_MSE,72600,10,80.02173783897848,80.73359920621364,-0.7118613672351586,-0.743752414338806,5
CP_REPO_HAAR_SHAPE,cluster_exit_strict,ex_post_descriptive,near_zero_excluded,MAE,72600,10,0.0006184535179022776,0.0006191261986451251,-6.726807428474642e-07,-7.127848471245737e-07,4
CP_REPO_HAAR_SHAPE,cluster_exit_strict,ex_post_descriptive,near_zero_excluded,MSE,72600,10,2.7805878498197563e-06,2.7739571465766166e-06,6.630703243139705e-09,6.489474423912338e-09,6
CP_REPO_HAAR_SHAPE,cluster_exit_strict,ex_post_descriptive,near_zero_excluded,RMSE,72600,10,0.0016675094751814027,0.001665520082910025,1.9893922713776907e-06,1.1913479239999525e-06,6
CP_REPO_HAAR_SHAPE,cluster_exit_strict,ex_post_descriptive,near_zero_excluded,SMAPE,72600,10,96.72258691267511,97.58664868232452,-0.8640617696494104,-0.8667699481947408,0
CP_REPO_HAAR_SHAPE,cluster_exit_strict,ex_post_descriptive,standard,LOG_RV_MSE,73334,10,81.90717235117306,82.54689456076267,-0.6397222095896069,-0.6394002034473798,5
CP_REPO_HAAR_SHAPE,cluster_exit_strict,ex_post_descriptive,standard,MAE,73334,10,0.000617143413936819,0.0006176102932829924,-4.6687934617342403e-07,-4.666506544906727e-07,4
CP_REPO_HAAR_SHAPE,cluster_exit_strict,ex_post_descriptive,standard,MSE,73334,10,2.7556748132676994e-06,2.7490763791256057e-06,6.598434142093698e-09,6.59326660775241e-09,6
CP_REPO_HAAR_SHAPE,cluster_exit_strict,ex_post_descriptive,standard,RMSE,73334,10,0.0016600225339638314,0.0016580338896191493,1.9886443446820706e-06,1.2175612416051965e-06,6
CP_REPO_HAAR_SHAPE,cluster_exit_strict,ex_post_descriptive,standard,SMAPE,73334,10,97.71189563488282,98.56209751862927,-0.8502018837464504,-0.8498961450051056,0
CP_REPO_HAAR_SHAPE,entry_with_recent_spike,ex_post_descriptive,high_vol_only,LOG_RV_MSE,8754,10,1.4736378437064515,1.657187792605261,-0.1835499488988095,-0.1701227478744003,3
CP_REPO_HAAR_SHAPE,entry_with_recent_spike,ex_post_descriptive,high_vol_only,MAE,8754,10,0.0019315043244099452,0.0019156791217461978,1.5825202663747456e-05,1.5660167057971473e-05,8
CP_REPO_HAAR_SHAPE,entry_with_recent_spike,ex_post_descriptive,high_vol_only,MSE,8754,10,1.1146392096496613e-05,1.1006529132002172e-05,1.3986296449444112e-07,1.3781814001086116e-07,8
CP_REPO_HAAR_SHAPE,entry_with_recent_spike,ex_post_descriptive,high_vol_only,RMSE,8754,10,0.003338621286773421,0.003317608948022984,2.101233875043693e-05,1.7386560028363015e-05,8
CP_REPO_HAAR_SHAPE,entry_with_recent_spike,ex_post_descriptive,high_vol_only,SMAPE,8754,10,87.65347704873638,87.18554165905769,0.4679353896786864,0.4756427603400638,6
CP_REPO_HAAR_SHAPE,entry_with_recent_spike,ex_post_descriptive,near_zero_excluded,LOG_RV_MSE,43077,10,58.5073000988938,58.59316696897422,-0.08586687008041594,-0.10187241800994318,4
CP_REPO_HAAR_SHAPE,entry_with_recent_spike,ex_post_descriptive,near_zero_excluded,MAE,43077,10,0.0008298909472286534,0.0008143053834589611,1.5585563769692314e-05,1.542636986614093e-05,9
CP_REPO_HAAR_SHAPE,entry_with_recent_spike,ex_post_descriptive,near_zero_excluded,MSE,43077,10,2.7524238027535856e-06,2.6879213037684245e-06,6.450249898516108e-08,6.40611756756161e-08,10
CP_REPO_HAAR_SHAPE,entry_with_recent_spike,ex_post_descriptive,near_zero_excluded,RMSE,43077,10,0.0016590430382463215,0.0016394881224847055,1.955491576161603e-05,1.7590173221427534e-05,10
CP_REPO_HAAR_SHAPE,entry_with_recent_spike,ex_post_descriptive,near_zero_excluded,SMAPE,43077,10,93.4313578597661,92.89660503697033,0.5347528227957667,0.5360796031240881,9
CP_REPO_HAAR_SHAPE,entry_with_recent_spike,ex_post_descriptive,standard,LOG_RV_MSE,43747,10,61.708962586389255,61.76179247462448,-0.052829888235223166,-0.06380100656019536,4
CP_REPO_HAAR_SHAPE,entry_with_recent_spike,ex_post_descriptive,standard,MAE,43747,10,0.0008304363652918029,0.0008144164467429317,1.6019918548871226e-05,1.5762667146328537e-05,9
CP_REPO_HAAR_SHAPE,entry_with_recent_spike,ex_post_descriptive,standard,MSE,43747,10,2.7262690958934324e-06,2.660925787371418e-06,6.534330852201456e-08,6.435949593200225e-08,10
CP_REPO_HAAR_SHAPE,entry_with_recent_spike,ex_post_descriptive,standard,RMSE,43747,10,0.0016511417552389112,0.0016312344366679543,1.9907318570956938e-05,1.7795899985165587e-05,10
CP_REPO_HAAR_SHAPE,entry_with_recent_spike,ex_post_descriptive,standard,SMAPE,43747,10,94.9939885723259,94.46370981450458,0.5302787578213213,0.5263754979329335,9
CP_REPO_HAAR_SHAPE,entry_without_recent_spike,ex_post_descriptive,high_vol_only,LOG_RV_MSE,5946,10,1.1195692099524477,1.379094574619508,-0.25952536466706033,-0.2609091998126959,7
CP_REPO_HAAR_SHAPE,entry_without_recent_spike,ex_post_descriptive,high_vol_only,MAE,5946,10,0.0015570783495014973,0.0015279312552413957,2.914709426010166e-05,2.9603086055129925e-05,10
CP_REPO_HAAR_SHAPE,entry_without_recent_spike,ex_post_descriptive,high_vol_only,MSE,5946,10,9.074816797282833e-06,8.90721318784358e-06,1.6760360943925324e-07,1.709490862574318e-07,10
CP_REPO_HAAR_SHAPE,entry_without_recent_spike,ex_post_descriptive,high_vol_only,RMSE,5946,10,0.003012443658773195,0.0029844954662126026,2.7948192560592333e-05,2.5579570467688083e-05,10
CP_REPO_HAAR_SHAPE,entry_without_recent_spike,ex_post_descriptive,high_vol_only,SMAPE,5946,10,80.3430946440876,78.12031760775822,2.2227770363293757,2.251751919508706,9
CP_REPO_HAAR_SHAPE,entry_without_recent_spike,ex_post_descriptive,near_zero_excluded,LOG_RV_MSE,29421,10,60.966920165964275,61.485993449597686,-0.5190732836334107,-0.5309892336265392,0
CP_REPO_HAAR_SHAPE,entry_without_recent_spike,ex_post_descriptive,near_zero_excluded,MAE,29421,10,0.00064865090680092,0.0006515097304154555,-2.8588236145355187e-06,-2.8973928104920643e-06,3
CP_REPO_HAAR_SHAPE,entry_without_recent_spike,ex_post_descriptive,near_zero_excluded,MSE,29421,10,2.0879985944370397e-06,2.0653514826744776e-06,2.2647111762562067e-08,2.3040971769351256e-08,8
CP_REPO_HAAR_SHAPE,entry_without_recent_spike,ex_post_descriptive,near_zero_excluded,RMSE,29421,10,0.0014449908630981166,0.0014371330775799704,7.857785518146192e-06,6.085270827139343e-06,8
CP_REPO_HAAR_SHAPE,entry_without_recent_spike,ex_post_descriptive,near_zero_excluded,SMAPE,29421,10,90.44189351704458,90.68941579388287,-0.2475222768382963,-0.2553675881626816,3
CP_REPO_HAAR_SHAPE,entry_without_recent_spike,ex_post_descriptive,standard,LOG_RV_MSE,29710,10,62.62604303537494,63.13260898004729,-0.5065659446723458,-0.5105637746702735,0
CP_REPO_HAAR_SHAPE,entry_without_recent_spike,ex_post_descriptive,standard,MAE,29710,10,0.0006476522732693516,0.0006505839465090484,-2.9316732396968094e-06,-2.939133325791465e-06,3
CP_REPO_HAAR_SHAPE,entry_without_recent_spike,ex_post_descriptive,standard,MSE,29710,10,2.071202405933468e-06,2.0490642035564285e-06,2.2138202377039406e-08,2.2613647789143807e-08,8
CP_REPO_HAAR_SHAPE,entry_without_recent_spike,ex_post_descriptive,standard,RMSE,29710,10,0.0014391672612776695,0.0014314552747314282,7.711986546241273e-06,5.950734620371005e-06,8
CP_REPO_HAAR_SHAPE,entry_without_recent_spike,ex_post_descriptive,standard,SMAPE,29710,10,91.450697436652,91.696170036446,-0.24547259979399882,-0.24848042820588886,3
CP_REPO_HAAR_SHAPE,high_within_block_dispersion,ex_post_descriptive,high_vol_only,LOG_RV_MSE,13800,10,1.347003340120205,3.9503150407498677,-2.6033117006296624,-2.424979996002571,1
CP_REPO_HAAR_SHAPE,high_within_block_dispersion,ex_post_descriptive,high_vol_only,MAE,13800,10,0.0010124910161190377,0.0010287388067156272,-1.6247790596589547e-05,-1.5242166964272378e-05,1
CP_REPO_HAAR_SHAPE,high_within_block_dispersion,ex_post_descriptive,high_vol_only,MSE,13800,10,4.061123263348121e-06,4.074967137939265e-06,-1.3843874591143759e-08,-1.2805282541301343e-08,4
CP_REPO_HAAR_SHAPE,high_within_block_dispersion,ex_post_descriptive,high_vol_only,RMSE,13800,10,0.0020152228818044226,0.002018654784241046,-3.431902436623613e-06,-3.2962132896960677e-06,4
CP_REPO_HAAR_SHAPE,high_within_block_dispersion,ex_post_descriptive,high_vol_only,SMAPE,13800,10,67.13010831164493,70.57861845423442,-3.448510142589484,-3.1892034455717173,1
CP_REPO_HAAR_SHAPE,high_within_block_dispersion,ex_post_descriptive,near_zero_excluded,LOG_RV_MSE,68602,10,133.4472628617705,133.90693222902073,-0.45966936725022833,-0.4457891750788102,5
CP_REPO_HAAR_SHAPE,high_within_block_dispersion,ex_post_descriptive,near_zero_excluded,MAE,68602,10,0.000568649162840853,0.0005524169485696934,1.6232214271159548e-05,1.5413829717781958e-05,9
CP_REPO_HAAR_SHAPE,high_within_block_dispersion,ex_post_descriptive,near_zero_excluded,MSE,68602,10,1.1270507328910632e-06,1.09751851253891e-06,2.9532220352153187e-08,2.8016095897873686e-08,9
CP_REPO_HAAR_SHAPE,high_within_block_dispersion,ex_post_descriptive,near_zero_excluded,RMSE,68602,10,0.0010616264563824054,0.0010476251775033425,1.4001278879062886e-05,1.2057531070579717e-05,9
CP_REPO_HAAR_SHAPE,high_within_block_dispersion,ex_post_descriptive,near_zero_excluded,SMAPE,68602,10,119.19625535916762,119.52983757199183,-0.3335822128242114,-0.3055542898435917,3
CP_REPO_HAAR_SHAPE,high_within_block_dispersion,ex_post_descriptive,standard,LOG_RV_MSE,68970,10,134.1816042629971,134.59719768972664,-0.4155934267295436,-0.38446776558738327,5
CP_REPO_HAAR_SHAPE,high_within_block_dispersion,ex_post_descriptive,standard,MAE,68970,10,0.0005686239437191444,0.0005522757565766142,1.634818714253022e-05,1.551653891476382e-05,9
CP_REPO_HAAR_SHAPE,high_within_block_dispersion,ex_post_descriptive,standard,MSE,68970,10,1.123133377256323e-06,1.0935256146527744e-06,2.9607762603548555e-08,2.806293713819275e-08,9
CP_REPO_HAAR_SHAPE,high_within_block_dispersion,ex_post_descriptive,standard,RMSE,68970,10,0.0010597798720754811,0.0010457177509504054,1.4062121125075697e-05,1.2101108152613033e-05,9
CP_REPO_HAAR_SHAPE,high_within_block_dispersion,ex_post_descriptive,standard,SMAPE,68970,10,119.60427234064147,119.93241059443723,-0.3281382537957569,-0.30126371294410603,3
CP_REPO_HAAR_SHAPE,inflection_points,ex_post_descriptive,high_vol_only,LOG_RV_MSE,28984,10,1.1395945186365517,1.7940623245728828,-0.6544678059363311,-0.6584868800578367,2
CP_REPO_HAAR_SHAPE,inflection_points,ex_post_descriptive,high_vol_only,MAE,28984,10,0.0015690861682796692,0.001552450351463332,1.6635816816337095e-05,1.621013155802851e-05,10
CP_REPO_HAAR_SHAPE,inflection_points,ex_post_descriptive,high_vol_only,MSE,28984,10,1.1258143057283103e-05,1.1134855062910539e-05,1.2328799437256365e-07,1.1981275274557668e-07,10
CP_REPO_HAAR_SHAPE,inflection_points,ex_post_descriptive,high_vol_only,RMSE,28984,10,0.0033553156419751486,0.0033368930253921147,1.8422616583033905e-05,1.5552442638848124e-05,10
CP_REPO_HAAR_SHAPE,inflection_points,ex_post_descriptive,high_vol_only,SMAPE,28984,10,77.5511484641698,76.5584783793888,0.9926700847809968,0.9715091022363922,10
CP_REPO_HAAR_SHAPE,inflection_points,ex_post_descriptive,near_zero_excluded,LOG_RV_MSE,143375,10,58.64300646845435,59.05707595239442,-0.41406948394006804,-0.4142722344251865,4
CP_REPO_HAAR_SHAPE,inflection_points,ex_post_descriptive,near_zero_excluded,MAE,143375,10,0.0006543332064361158,0.0006534612710443237,8.719353917920709e-07,7.751882329693236e-07,6
CP_REPO_HAAR_SHAPE,inflection_points,ex_post_descriptive,near_zero_excluded,MSE,143375,10,2.5404502226370316e-06,2.5187669196400946e-06,2.1683302996936954e-08,2.084574491575404e-08,9
CP_REPO_HAAR_SHAPE,inflection_points,ex_post_descriptive,near_zero_excluded,RMSE,143375,10,0.0015938789861959506,0.0015870623553093605,6.816630886590132e-06,5.354775796940852e-06,9
CP_REPO_HAAR_SHAPE,inflection_points,ex_post_descriptive,near_zero_excluded,SMAPE,143375,10,90.02958355319511,90.32652994160497,-0.2969463884098644,-0.2957924626450904,0
CP_REPO_HAAR_SHAPE,inflection_points,ex_post_descriptive,standard,LOG_RV_MSE,144886,10,60.506791384132924,60.88791213156372,-0.38112074743079916,-0.3686584125011132,4
CP_REPO_HAAR_SHAPE,inflection_points,ex_post_descriptive,standard,MAE,144886,10,0.0006529679144583394,0.000651945974239112,1.021940219227374e-06,9.343661713483116e-07,7
CP_REPO_HAAR_SHAPE,inflection_points,ex_post_descriptive,standard,MSE,144886,10,2.5174090289669973e-06,2.4958461873093426e-06,2.1562841657654722e-08,2.0888736878280404e-08,9
CP_REPO_HAAR_SHAPE,inflection_points,ex_post_descriptive,standard,RMSE,144886,10,0.0015866344975976657,0.001579824733098372,6.809764499293713e-06,5.379349381181122e-06,9
CP_REPO_HAAR_SHAPE,inflection_points,ex_post_descriptive,standard,SMAPE,144886,10,91.11849778030444,91.40606725714395,-0.28756947683950784,-0.28526508686911145,0
CP_REPO_HAAR_SHAPE,older_spike_position,ex_post_descriptive,high_vol_only,LOG_RV_MSE,21781,10,1.1395303095276075,2.093280233804031,-0.9537499242764234,-0.9351209283754349,0
CP_REPO_HAAR_SHAPE,older_spike_position,ex_post_descriptive,high_vol_only,MAE,21781,10,0.0013486758957650074,0.0013449207232808208,3.75517248418669e-06,3.535835645749084e-06,7
CP_REPO_HAAR_SHAPE,older_spike_position,ex_post_descriptive,high_vol_only,MSE,21781,10,1.069141300105579e-05,1.0630082344900484e-05,6.133065615530686e-08,5.8861481928224256e-08,8
CP_REPO_HAAR_SHAPE,older_spike_position,ex_post_descriptive,high_vol_only,RMSE,21781,10,0.0032697726222255565,0.0032603807055159193,9.391916709637106e-06,7.268826458755988e-06,8
CP_REPO_HAAR_SHAPE,older_spike_position,ex_post_descriptive,high_vol_only,SMAPE,21781,10,69.8626302544199,70.08713357857872,-0.22450332415881746,-0.25075605411989343,3
CP_REPO_HAAR_SHAPE,older_spike_position,ex_post_descriptive,near_zero_excluded,LOG_RV_MSE,107788,10,78.34423187563695,78.80339854699545,-0.45916667135850275,-0.4545239103245519,5
CP_REPO_HAAR_SHAPE,older_spike_position,ex_post_descriptive,near_zero_excluded,MAE,107788,10,0.0005714781969803931,0.0005710818697111002,3.9632726929288414e-07,4.153397076096544e-07,6
CP_REPO_HAAR_SHAPE,older_spike_position,ex_post_descriptive,near_zero_excluded,MSE,107788,10,2.346475802604796e-06,2.3386340136291303e-06,7.841788975665618e-09,7.453014032884079e-09,9
CP_REPO_HAAR_SHAPE,older_spike_position,ex_post_descriptive,near_zero_excluded,RMSE,107788,10,0.0015318210739524365,0.0015292593022862835,2.5617716661529514e-06,1.8730230103867118e-06,9
CP_REPO_HAAR_SHAPE,older_spike_position,ex_post_descriptive,near_zero_excluded,SMAPE,107788,10,96.43669126169502,96.99441514754506,-0.557723885850038,-0.544726637601255,0
CP_REPO_HAAR_SHAPE,older_spike_position,ex_post_descriptive,standard,LOG_RV_MSE,108871,10,80.56611776174127,80.9691911629491,-0.4030734012078341,-0.37725130765449444,5
CP_REPO_HAAR_SHAPE,older_spike_position,ex_post_descriptive,standard,MAE,108871,10,0.0005701423444680369,0.0005696293373706167,5.130070974202535e-07,5.454353216206641e-07,6
CP_REPO_HAAR_SHAPE,older_spike_position,ex_post_descriptive,standard,MSE,108871,10,2.3254307190849205e-06,2.3176492396120034e-06,7.781479472917128e-09,7.455723051276533e-09,9
CP_REPO_HAAR_SHAPE,older_spike_position,ex_post_descriptive,standard,RMSE,108871,10,0.0015249363000089285,0.0015223827506944511,2.553549314477342e-06,1.8792235643920669e-06,9
CP_REPO_HAAR_SHAPE,older_spike_position,ex_post_descriptive,standard,SMAPE,108871,10,97.43444157677632,97.98396367342873,-0.5495220966524101,-0.5377351139087466,0
CP_REPO_HAAR_SHAPE,recent_ramp_high_dispersion,ex_post_descriptive,high_vol_only,LOG_RV_MSE,4860,10,1.422541686129273,1.422419433792932,0.000122252336341111,0.012660684045717763,2
CP_REPO_HAAR_SHAPE,recent_ramp_high_dispersion,ex_post_descriptive,high_vol_only,MAE,4860,10,0.0014613955477391944,0.001453940753127104,7.454794612090374e-06,7.658033413415278e-06,6
CP_REPO_HAAR_SHAPE,recent_ramp_high_dispersion,ex_post_descriptive,high_vol_only,MSE,4860,10,5.9629586828906324e-06,5.90055231678868e-06,6.240636610195231e-08,6.049164027654763e-08,6
CP_REPO_HAAR_SHAPE,recent_ramp_high_dispersion,ex_post_descriptive,high_vol_only,RMSE,4860,10,0.0024419170098286783,0.002429105250249293,1.2811759579385226e-05,1.2046426630472201e-05,6
CP_REPO_HAAR_SHAPE,recent_ramp_high_dispersion,ex_post_descriptive,high_vol_only,SMAPE,4860,10,76.48024025708399,76.95256151426312,-0.4723212571791322,-0.40105707500051435,3
CP_REPO_HAAR_SHAPE,recent_ramp_high_dispersion,ex_post_descriptive,near_zero_excluded,LOG_RV_MSE,24128,10,114.11256475334159,114.20688089768213,-0.0943161443405387,-0.08576158168905197,4
CP_REPO_HAAR_SHAPE,recent_ramp_high_dispersion,ex_post_descriptive,near_zero_excluded,MAE,24128,10,0.0007928593927930361,0.0007638875884740664,2.897180431896964e-05,2.84628575596815e-05,9
CP_REPO_HAAR_SHAPE,recent_ramp_high_dispersion,ex_post_descriptive,near_zero_excluded,MSE,24128,10,1.8154479400161009e-06,1.7256131549805447e-06,8.983478503555616e-08,8.878794973137802e-08,10
CP_REPO_HAAR_SHAPE,recent_ramp_high_dispersion,ex_post_descriptive,near_zero_excluded,RMSE,24128,10,0.0013473855944072211,0.0013136259570290718,3.375963737814935e-05,2.9625126329008708e-05,10
CP_REPO_HAAR_SHAPE,recent_ramp_high_dispersion,ex_post_descriptive,near_zero_excluded,SMAPE,24128,10,117.97303253465954,117.0224424770267,0.9505900576328372,0.9292920029670398,8
CP_REPO_HAAR_SHAPE,recent_ramp_high_dispersion,ex_post_descriptive,standard,LOG_RV_MSE,24273,10,114.68887161199063,114.7619207266694,-0.07304911467876707,-0.06512559233560733,4
CP_REPO_HAAR_SHAPE,recent_ramp_high_dispersion,ex_post_descriptive,standard,MAE,24273,10,0.0007926212485103804,0.0007635342130037125,2.9087035506667933e-05,2.848207404631427e-05,9
CP_REPO_HAAR_SHAPE,recent_ramp_high_dispersion,ex_post_descriptive,standard,MSE,24273,10,1.8086202642090091e-06,1.7187800633033445e-06,8.984020090566467e-08,8.866248244477338e-08,10
CP_REPO_HAAR_SHAPE,recent_ramp_high_dispersion,ex_post_descriptive,standard,RMSE,24273,10,0.001344849532181578,0.0013110225258565716,3.3827006325006436e-05,2.9637357637256867e-05,10
CP_REPO_HAAR_SHAPE,recent_ramp_high_dispersion,ex_post_descriptive,standard,SMAPE,24273,10,118.4281414949415,117.47909322350566,0.9490482714358421,0.9223431218768837,8
CP_REPO_HAAR_SHAPE,recent_spike_position,ex_post_descriptive,high_vol_only,LOG_RV_MSE,41263,10,133.60326357120792,133.86690914889095,-0.263645577683036,-0.4410265148695953,1
CP_REPO_HAAR_SHAPE,recent_spike_position,ex_post_descriptive,high_vol_only,MAE,41263,10,0.0009278329622731831,0.0009214034968517027,6.429465421480397e-06,1.2070400278448717e-05,7
CP_REPO_HAAR_SHAPE,recent_spike_position,ex_post_descriptive,high_vol_only,MSE,41263,10,5.620772726690841e-06,5.568546208668555e-06,5.222651802228624e-08,9.667763843665324e-08,8
CP_REPO_HAAR_SHAPE,recent_spike_position,ex_post_descriptive,high_vol_only,RMSE,41263,10,0.002370816890164831,0.0023597767285632246,1.1040161601606584e-05,1.3005490729555097e-05,8
CP_REPO_HAAR_SHAPE,recent_spike_position,ex_post_descriptive,high_vol_only,SMAPE,41263,10,126.75937020163306,126.50972579598533,0.24964440564772872,0.39069909742868986,7
CP_REPO_HAAR_SHAPE,recent_spike_position,ex_post_descriptive,near_zero_excluded,LOG_RV_MSE,124205,10,108.09331457411457,108.13345880571217,-0.04014423159759417,-0.08092528868185214,4
CP_REPO_HAAR_SHAPE,recent_spike_position,ex_post_descriptive,near_zero_excluded,MAE,124205,10,0.0006101040586077684,0.0006034792538442142,6.624804763554187e-06,7.200122918569568e-06,9
CP_REPO_HAAR_SHAPE,recent_spike_position,ex_post_descriptive,near_zero_excluded,MSE,124205,10,2.122274233945656e-06,2.0940931150220518e-06,2.8181118923604207e-08,3.140928663372336e-08,10
CP_REPO_HAAR_SHAPE,recent_spike_position,ex_post_descriptive,near_zero_excluded,RMSE,124205,10,0.0014568027436635531,0.0014470981704853517,9.704573178201436e-06,9.359908675964883e-06,10
CP_REPO_HAAR_SHAPE,recent_spike_position,ex_post_descriptive,near_zero_excluded,SMAPE,124205,10,110.75903396715827,110.64881535744387,0.11021860971440844,0.12311269926239135,8
CP_REPO_HAAR_SHAPE,recent_spike_position,ex_post_descriptive,standard,LOG_RV_MSE,125358,10,109.41387331267963,109.44067504456437,-0.02680173188474555,-0.059823553278932275,4
CP_REPO_HAAR_SHAPE,recent_spike_position,ex_post_descriptive,standard,MAE,125358,10,0.0006091827784219505,0.0006024585445441816,6.724233877768875e-06,7.277997650348243e-06,9
CP_REPO_HAAR_SHAPE,recent_spike_position,ex_post_descriptive,standard,MSE,125358,10,2.1057111020059574e-06,2.0775847081752874e-06,2.812639383067009e-08,3.134039081426151e-08,10
CP_REPO_HAAR_SHAPE,recent_spike_position,ex_post_descriptive,standard,RMSE,125358,10,0.00145110685409654,0.0014413829151808646,9.723938915675353e-06,9.37774508490911e-06,10
CP_REPO_HAAR_SHAPE,recent_spike_position,ex_post_descriptive,standard,SMAPE,125358,10,111.53126331543436,111.420018945683,0.1112443697513612,0.12036775293397853,8
CP_REPO_HAAR_SHAPE,same_average_back_loaded,ex_post_descriptive,high_vol_only,LOG_RV_MSE,5089,10,148.22928488392745,147.5032340591936,0.7260508247338464,-0.33621092852809,6
CP_REPO_HAAR_SHAPE,same_average_back_loaded,ex_post_descriptive,high_vol_only,MAE,5089,10,0.00079502070058517,0.000788414077381655,6.606623203514982e-06,7.5040123516279115e-06,7
CP_REPO_HAAR_SHAPE,same_average_back_loaded,ex_post_descriptive,high_vol_only,MSE,5089,10,5.436331053659615e-06,5.3934371584426105e-06,4.2893895217004365e-08,7.522360582039036e-08,9
CP_REPO_HAAR_SHAPE,same_average_back_loaded,ex_post_descriptive,high_vol_only,RMSE,5089,10,0.0023315941013949265,0.0023223774797484177,9.216621646508834e-06,1.0931031091299251e-05,9
CP_REPO_HAAR_SHAPE,same_average_back_loaded,ex_post_descriptive,high_vol_only,SMAPE,5089,10,125.47402771920483,125.38244120635676,0.09158651284806751,0.10637325910767643,7
CP_REPO_HAAR_SHAPE,same_average_back_loaded,ex_post_descriptive,near_zero_excluded,LOG_RV_MSE,15487,10,124.26141461023107,123.8942143514378,0.3672002587932752,0.19940228788587827,7
CP_REPO_HAAR_SHAPE,same_average_back_loaded,ex_post_descriptive,near_zero_excluded,MAE,15487,10,0.000527741419898501,0.00052567127945289,2.0701404456110453e-06,1.7227810122793396e-06,8
CP_REPO_HAAR_SHAPE,same_average_back_loaded,ex_post_descriptive,near_zero_excluded,MSE,15487,10,1.938986808645503e-06,1.9281717195308144e-06,1.0815089114688645e-08,1.1464223609046636e-08,9
CP_REPO_HAAR_SHAPE,same_average_back_loaded,ex_post_descriptive,near_zero_excluded,RMSE,15487,10,0.0013924750657176965,0.0013885862304987811,3.888835218915365e-06,3.623156184473221e-06,9
CP_REPO_HAAR_SHAPE,same_average_back_loaded,ex_post_descriptive,near_zero_excluded,SMAPE,15487,10,115.21629356973736,115.29187143466656,-0.07557786492920116,-0.10053050513737674,4
CP_REPO_HAAR_SHAPE,same_average_back_loaded,ex_post_descriptive,standard,LOG_RV_MSE,15559,10,124.77448379663251,124.40134738974328,0.37313640688923044,0.20906859056230953,7
CP_REPO_HAAR_SHAPE,same_average_back_loaded,ex_post_descriptive,standard,MAE,15559,10,0.0005277712464133768,0.0005256676472466782,2.1035991666986135e-06,1.7660249471374591e-06,8
CP_REPO_HAAR_SHAPE,same_average_back_loaded,ex_post_descriptive,standard,MSE,15559,10,1.931432277016903e-06,1.920672712970664e-06,1.0759564046238925e-08,1.1420962907036812e-08,9
CP_REPO_HAAR_SHAPE,same_average_back_loaded,ex_post_descriptive,standard,RMSE,15559,10,0.0013897597911210781,0.0013858833691803448,3.876421940733317e-06,3.6135275467128294e-06,9
CP_REPO_HAAR_SHAPE,same_average_back_loaded,ex_post_descriptive,standard,SMAPE,15559,10,115.5837931550299,115.65867035540398,-0.07487720037408963,-0.10240697226612525,4
CP_REPO_HAAR_SHAPE,same_average_different_path,ex_post_descriptive,high_vol_only,LOG_RV_MSE,1483,10,1.176451606646611,1.5399705936758785,-0.36351898702926744,-0.3539902674278771,2
CP_REPO_HAAR_SHAPE,same_average_different_path,ex_post_descriptive,high_vol_only,MAE,1483,10,0.0012308421833447504,0.0012313573822701075,-5.151989253570667e-07,-2.701070523457197e-06,4
CP_REPO_HAAR_SHAPE,same_average_different_path,ex_post_descriptive,high_vol_only,MSE,1483,10,5.424646643583948e-06,5.42960560228987e-06,-4.9589587059218555e-09,-1.0449372239760245e-08,4
CP_REPO_HAAR_SHAPE,same_average_different_path,ex_post_descriptive,high_vol_only,RMSE,1483,10,0.0023290870837270015,0.002330151411880754,-1.0643281537522746e-06,-3.3303244500667586e-06,4
CP_REPO_HAAR_SHAPE,same_average_different_path,ex_post_descriptive,high_vol_only,SMAPE,1483,10,78.26623100008541,78.69160117935607,-0.4253701792706579,-0.6269523593747216,4
CP_REPO_HAAR_SHAPE,same_average_different_path,ex_post_descriptive,near_zero_excluded,LOG_RV_MSE,7368,10,130.5647982605645,129.82057559673814,0.7442226638263492,0.5713277847512461,10
CP_REPO_HAAR_SHAPE,same_average_different_path,ex_post_descriptive,near_zero_excluded,MAE,7368,10,0.0005432933685073359,0.0005353721073551502,7.92126115218574e-06,7.478607132536147e-06,10
CP_REPO_HAAR_SHAPE,same_average_different_path,ex_post_descriptive,near_zero_excluded,MSE,7368,10,1.25033332979528e-06,1.2453408229789969e-06,4.992506816283195e-09,3.936856046550279e-09,7
CP_REPO_HAAR_SHAPE,same_average_different_path,ex_post_descriptive,near_zero_excluded,RMSE,7368,10,0.0011181830484295852,0.0011159483961989448,2.23465223064042e-06,1.3132670621864202e-06,7
CP_REPO_HAAR_SHAPE,same_average_different_path,ex_post_descriptive,near_zero_excluded,SMAPE,7368,10,117.07922485099387,116.63969171991313,0.43953313108073644,0.45385419116960435,9
CP_REPO_HAAR_SHAPE,same_average_different_path,ex_post_descriptive,standard,LOG_RV_MSE,7396,10,131.0538149663491,130.30081514428244,0.7529998220666698,0.5868913349980784,10
CP_REPO_HAAR_SHAPE,same_average_different_path,ex_post_descriptive,standard,MAE,7396,10,0.000543100371193495,0.0005351107775324829,7.98959366101208e-06,7.6081145514173035e-06,10
CP_REPO_HAAR_SHAPE,same_average_different_path,ex_post_descriptive,standard,MSE,7396,10,1.2465643227993336e-06,1.2415342026976397e-06,5.030120101693874e-09,4.045645623352462e-09,7
CP_REPO_HAAR_SHAPE,same_average_different_path,ex_post_descriptive,standard,RMSE,7396,10,0.0011164964499716663,0.001114241536964782,2.254913006884216e-06,1.3653094237193921e-06,7
CP_REPO_HAAR_SHAPE,same_average_different_path,ex_post_descriptive,standard,SMAPE,7396,10,117.3731818015564,116.93470461099385,0.4384771905625513,0.4525339004266115,9
CP_REPO_HAAR_SHAPE,same_average_recent_front_loaded,ex_post_descriptive,high_vol_only,LOG_RV_MSE,2870,10,1.4580562797951269,1.9227197755969094,-0.46466349580178257,-0.438386985271168,6
CP_REPO_HAAR_SHAPE,same_average_recent_front_loaded,ex_post_descriptive,high_vol_only,MAE,2870,10,0.0016073033120725894,0.0015988224006703363,8.480911402253093e-06,8.570607559822274e-06,8
CP_REPO_HAAR_SHAPE,same_average_recent_front_loaded,ex_post_descriptive,high_vol_only,MSE,2870,10,7.781371153816655e-06,7.723271090127435e-06,5.81000636892208e-08,5.851304437808928e-08,9
CP_REPO_HAAR_SHAPE,same_average_recent_front_loaded,ex_post_descriptive,high_vol_only,RMSE,2870,10,0.0027895109165975056,0.0027790773810974453,1.0433535500060324e-05,7.923572079534049e-06,9
CP_REPO_HAAR_SHAPE,same_average_recent_front_loaded,ex_post_descriptive,high_vol_only,SMAPE,2870,10,94.65986103058924,94.12350625148461,0.5363547791046273,0.5520973918655102,8
CP_REPO_HAAR_SHAPE,same_average_recent_front_loaded,ex_post_descriptive,near_zero_excluded,LOG_RV_MSE,14110,10,61.51306201248259,61.72038313418504,-0.20732112170244932,-0.22752620843922192,3
CP_REPO_HAAR_SHAPE,same_average_recent_front_loaded,ex_post_descriptive,near_zero_excluded,MAE,14110,10,0.0006158783010104141,0.0006154283140279919,4.4998698242224543e-07,3.282844845972464e-07,6
CP_REPO_HAAR_SHAPE,same_average_recent_front_loaded,ex_post_descriptive,near_zero_excluded,MSE,14110,10,1.7527220781628603e-06,1.7422536167931633e-06,1.0468461369697049e-08,1.0457155930054784e-08,9
CP_REPO_HAAR_SHAPE,same_average_recent_front_loaded,ex_post_descriptive,near_zero_excluded,RMSE,14110,10,0.0013239041045947626,0.0013199445506509593,3.959553943803365e-06,3.010246927731818e-06,9
CP_REPO_HAAR_SHAPE,same_average_recent_front_loaded,ex_post_descriptive,near_zero_excluded,SMAPE,14110,10,92.08728032701002,92.22528308344272,-0.138002756432698,-0.14180212469504597,3
CP_REPO_HAAR_SHAPE,same_average_recent_front_loaded,ex_post_descriptive,standard,LOG_RV_MSE,14331,10,65.0327606534289,65.21709288747745,-0.18433223404855426,-0.2006031173670065,3
CP_REPO_HAAR_SHAPE,same_average_recent_front_loaded,ex_post_descriptive,standard,MAE,14331,10,0.0006156989961505772,0.0006149773528894189,7.216432611582835e-07,5.96245572780793e-07,6
CP_REPO_HAAR_SHAPE,same_average_recent_front_loaded,ex_post_descriptive,standard,MSE,14331,10,1.732179693635762e-06,1.7215255412162917e-06,1.0654152419470283e-08,1.0613245735530074e-08,9
CP_REPO_HAAR_SHAPE,same_average_recent_front_loaded,ex_post_descriptive,standard,RMSE,14331,10,0.0013161229781581058,0.0013120691830906981,4.0537950674077e-06,3.100540095566279e-06,9
CP_REPO_HAAR_SHAPE,same_average_recent_front_loaded,ex_post_descriptive,standard,SMAPE,14331,10,93.68336123354462,93.81798489625855,-0.13462366271393478,-0.13863605832397213,3
CP_REPO_HAAR_SHAPE,stable_low_dispersion,ex_post_descriptive,high_vol_only,LOG_RV_MSE,13798,10,1.1365927010064192,1.517771713237736,-0.3811790122313168,-0.37955523485267084,4
CP_REPO_HAAR_SHAPE,stable_low_dispersion,ex_post_descriptive,high_vol_only,MAE,13798,10,0.0016297046728240819,0.0015977253883326596,3.1979284491422295e-05,3.0314997595768405e-05,9
CP_REPO_HAAR_SHAPE,stable_low_dispersion,ex_post_descriptive,high_vol_only,MSE,13798,10,1.7413305625955696e-05,1.7192347757770474e-05,2.2095786818522253e-07,2.0928935992996165e-07,9
CP_REPO_HAAR_SHAPE,stable_low_dispersion,ex_post_descriptive,high_vol_only,RMSE,13798,10,0.004172925307977091,0.004146365608309339,2.655969966775234e-05,2.153055398573936e-05,9
CP_REPO_HAAR_SHAPE,stable_low_dispersion,ex_post_descriptive,high_vol_only,SMAPE,13798,10,72.78501202823047,70.53489830797491,2.2501137202555554,2.083394175908011,9
CP_REPO_HAAR_SHAPE,stable_low_dispersion,ex_post_descriptive,near_zero_excluded,LOG_RV_MSE,67129,10,23.025768102724278,23.434542527090283,-0.40877442436600475,-0.3871300750630361,1
CP_REPO_HAAR_SHAPE,stable_low_dispersion,ex_post_descriptive,near_zero_excluded,MAE,67129,10,0.0006391886576111414,0.0006453026685264568,-6.114010915315407e-06,-5.867681809647177e-06,1
CP_REPO_HAAR_SHAPE,stable_low_dispersion,ex_post_descriptive,near_zero_excluded,MSE,67129,10,3.7891257013455223e-06,3.7639231952729378e-06,2.5202506072584555e-08,2.3824573717266563e-08,9
CP_REPO_HAAR_SHAPE,stable_low_dispersion,ex_post_descriptive,near_zero_excluded,RMSE,67129,10,0.0019465676719152413,0.001940083295962557,6.484375952684309e-06,5.1766448888664265e-06,9
CP_REPO_HAAR_SHAPE,stable_low_dispersion,ex_post_descriptive,near_zero_excluded,SMAPE,67129,10,76.72229579638059,77.13777428128853,-0.41547848490793626,-0.41122355704098223,0
CP_REPO_HAAR_SHAPE,stable_low_dispersion,ex_post_descriptive,standard,LOG_RV_MSE,68968,10,30.904589905889917,31.296413351122254,-0.3918234452323368,-0.36574839622207717,1
CP_REPO_HAAR_SHAPE,stable_low_dispersion,ex_post_descriptive,standard,MAE,68968,10,0.0006423459670206478,0.0006486480503810246,-6.302083360376783e-06,-6.021638595814146e-06,1
CP_REPO_HAAR_SHAPE,stable_low_dispersion,ex_post_descriptive,standard,MSE,68968,10,3.707039266768412e-06,3.6834816155477134e-06,2.3557651220698547e-08,2.2286783014515537e-08,9
CP_REPO_HAAR_SHAPE,stable_low_dispersion,ex_post_descriptive,standard,RMSE,68968,10,0.0019253673069750644,0.0019192398535742513,6.127453400813073e-06,4.898066301760361e-06,9
CP_REPO_HAAR_SHAPE,stable_low_dispersion,ex_post_descriptive,standard,SMAPE,68968,10,79.91610747922876,80.32444022658404,-0.40833274735528846,-0.4041419483486365,0
CP_REPO_LRPM,all_observations,not_conditioned,high_vol_only,LOG_RV_MSE,73496,10,1.2429973656852933,1.8579911025125622,-0.6149937368272689,-0.6148522384171146,1
CP_REPO_LRPM,all_observations,not_conditioned,high_vol_only,MAE,73496,10,0.0013977588560373617,0.0013859820383550906,1.1776817682271085e-05,1.1775713396440561e-05,10
CP_REPO_LRPM,all_observations,not_conditioned,high_vol_only,MSE,73496,10,9.91631467282196e-06,9.833405039477876e-06,8.290963334408361e-08,8.288191768461096e-08,10
CP_REPO_LRPM,all_observations,not_conditioned,high_vol_only,RMSE,73496,10,0.0031490180489832003,0.003135826053766037,1.3191995217163091e-05,1.1211552151316607e-05,10
CP_REPO_LRPM,all_observations,not_conditioned,high_vol_only,SMAPE,73496,10,74.02057589487282,73.38191504628031,0.638660848592508,0.638636032225557,9
CP_REPO_LRPM,all_observations,not_conditioned,near_zero_excluded,LOG_RV_MSE,363794,10,84.08930450077095,84.37904978724858,-0.28974528647762554,-0.30045208113585753,3
CP_REPO_LRPM,all_observations,not_conditioned,near_zero_excluded,MAE,363794,10,0.0005874977904224,0.0005858386624613431,1.6591279610568901e-06,1.657695451645993e-06,9
CP_REPO_LRPM,all_observations,not_conditioned,near_zero_excluded,MSE,363794,10,2.215330906486703e-06,2.1996564639558843e-06,1.5674442530818555e-08,1.5611190897224627e-08,9
CP_REPO_LRPM,all_observations,not_conditioned,near_zero_excluded,RMSE,363794,10,0.0014883987726703831,0.0014831238869210772,5.274885749305923e-06,4.420245244953316e-06,9
CP_REPO_LRPM,all_observations,not_conditioned,near_zero_excluded,SMAPE,363794,10,99.92108203019059,100.13484638278602,-0.21376435259543314,-0.21318231327796014,1
CP_REPO_LRPM,all_observations,not_conditioned,standard,LOG_RV_MSE,367468,10,86.0153296729766,86.28165972598,-0.26633005300340074,-0.26636929499017176,3
CP_REPO_LRPM,all_observations,not_conditioned,standard,MAE,367468,10,0.0005862627334133548,0.000584543566697969,1.719166715385815e-06,1.719173775996337e-06,9
CP_REPO_LRPM,all_observations,not_conditioned,standard,MSE,367468,10,2.195810003812886e-06,2.1802709498904604e-06,1.5539053922425442e-08,1.55344669966243e-08,9
CP_REPO_LRPM,all_observations,not_conditioned,standard,RMSE,367468,10,0.0014818265768344438,0.0014765740583832768,5.252518451167058e-06,4.406454481125429e-06,9
CP_REPO_LRPM,all_observations,not_conditioned,standard,SMAPE,367468,10,100.87996480320403,101.09031709261012,-0.21035228940608874,-0.21025364218679102,1
CP_REPO_LRPM,cluster_entry_loose,ex_post_descriptive,high_vol_only,LOG_RV_MSE,14694,10,1.332130441941895,1.7023192811138002,-0.37018883917190526,-0.3700881384558482,4
CP_REPO_LRPM,cluster_entry_loose,ex_post_descriptive,high_vol_only,MAE,14694,10,0.001784491149669092,0.0017666219095986398,1.7869240070452234e-05,1.7868035085227406e-05,10
CP_REPO_LRPM,cluster_entry_loose,ex_post_descriptive,high_vol_only,MSE,14694,10,1.032153994459627e-05,1.0183562224898135e-05,1.379777196981351e-07,1.379626365225406e-07,10
CP_REPO_LRPM,cluster_entry_loose,ex_post_descriptive,high_vol_only,RMSE,14694,10,0.003212715353808406,0.003191169413380953,2.154594042745291e-05,1.882859204121606e-05,10
CP_REPO_LRPM,cluster_entry_loose,ex_post_descriptive,high_vol_only,SMAPE,14694,10,84.8115403046506,83.96194766796951,0.8495926366810949,0.849575815602438,9
CP_REPO_LRPM,cluster_entry_loose,ex_post_descriptive,near_zero_excluded,LOG_RV_MSE,72721,10,60.55015231484592,60.84136176439062,-0.2912094495447022,-0.29815633280933973,2
CP_REPO_LRPM,cluster_entry_loose,ex_post_descriptive,near_zero_excluded,MAE,72721,10,0.0007578798738627712,0.0007494329029574578,8.446970905313456e-06,8.47021311363395e-06,9
CP_REPO_LRPM,cluster_entry_loose,ex_post_descriptive,near_zero_excluded,MSE,72721,10,2.4815741439829076e-06,2.43470757541647e-06,4.686656856643781e-08,4.683874913079307e-08,10
CP_REPO_LRPM,cluster_entry_loose,ex_post_descriptive,near_zero_excluded,RMSE,72721,10,0.0015753012867330831,0.001560354951739017,1.494633499406618e-05,1.2952645109660531e-05,10
CP_REPO_LRPM,cluster_entry_loose,ex_post_descriptive,near_zero_excluded,SMAPE,72721,10,92.54758699479648,92.3782610062016,0.16932598859487769,0.17008276622191687,7
CP_REPO_LRPM,cluster_entry_loose,ex_post_descriptive,standard,LOG_RV_MSE,73457,10,62.079879723481234,62.36167582958425,-0.2817961061030161,-0.2819041911798754,2
CP_REPO_LRPM,cluster_entry_loose,ex_post_descriptive,standard,MAE,73457,10,0.0007565085520951432,0.0007479894950512196,8.51905704392353e-06,8.518503855356094e-06,9
CP_REPO_LRPM,cluster_entry_loose,ex_post_descriptive,standard,MSE,73457,10,2.4613245520281704e-06,2.414721898876154e-06,4.660265315201647e-08,4.6598901475405054e-08,10
CP_REPO_LRPM,cluster_entry_loose,ex_post_descriptive,standard,RMSE,73457,10,0.0015688609090764452,0.0015539375466459887,1.4923362430456543e-05,1.2923642586883013e-05,10
CP_REPO_LRPM,cluster_entry_loose,ex_post_descriptive,standard,SMAPE,73457,10,93.56088921296094,93.39220497901755,0.16868423394339516,0.1686945913677235,7
CP_REPO_LRPM,cluster_entry_strict,ex_post_descriptive,high_vol_only,LOG_RV_MSE,14657,10,1.3342554638475268,1.7053178012674695,-0.37106233741994266,-0.3705050061865185,4
CP_REPO_LRPM,cluster_entry_strict,ex_post_descriptive,high_vol_only,MAE,14657,10,0.001787243329286434,0.001769214907647642,1.8028421638792034e-05,1.803005991922504e-05,10
CP_REPO_LRPM,cluster_entry_strict,ex_post_descriptive,high_vol_only,MSE,14657,10,1.034580321321044e-05,1.0207309729199002e-05,1.384934840114376e-07,1.3849082327099926e-07,10
CP_REPO_LRPM,cluster_entry_strict,ex_post_descriptive,high_vol_only,RMSE,14657,10,0.003216489268318867,0.0031948880620765105,2.1601206242356525e-05,1.8876003070018595e-05,10
CP_REPO_LRPM,cluster_entry_strict,ex_post_descriptive,high_vol_only,SMAPE,14657,10,84.88149633879505,84.02337405463723,0.8581222841578153,0.8584146901344027,9
CP_REPO_LRPM,cluster_entry_strict,ex_post_descriptive,near_zero_excluded,LOG_RV_MSE,72532,10,60.381173384259625,60.67453480895695,-0.2933614246973235,-0.29995200347142614,2
CP_REPO_LRPM,cluster_entry_strict,ex_post_descriptive,near_zero_excluded,MAE,72532,10,0.0007588564320065486,0.0007504271751225563,8.429256883992278e-06,8.450033266770593e-06,9
CP_REPO_LRPM,cluster_entry_strict,ex_post_descriptive,near_zero_excluded,MSE,72532,10,2.487464553071507e-06,2.4405032331847975e-06,4.696131988670936e-08,4.692882272755778e-08,10
CP_REPO_LRPM,cluster_entry_strict,ex_post_descriptive,near_zero_excluded,RMSE,72532,10,0.0015771697920869228,0.001562211007893875,1.4958784193047766e-05,1.2961728194232176e-05,10
CP_REPO_LRPM,cluster_entry_strict,ex_post_descriptive,near_zero_excluded,SMAPE,72532,10,92.4997892944739,92.33600095700547,0.16378833746843213,0.16431113874838843,7
CP_REPO_LRPM,cluster_entry_strict,ex_post_descriptive,standard,LOG_RV_MSE,73266,10,61.91279479782629,62.196712527600994,-0.2839177297747071,-0.2836932000672432,2
CP_REPO_LRPM,cluster_entry_strict,ex_post_descriptive,standard,MAE,73266,10,0.0007574764163155193,0.0007489755617449158,8.500854570603453e-06,8.497948961281015e-06,9
CP_REPO_LRPM,cluster_entry_strict,ex_post_descriptive,standard,MSE,73266,10,2.4671601900807016e-06,2.4204648074075222e-06,4.669538267317932e-08,4.668803594964504e-08,10
CP_REPO_LRPM,cluster_entry_strict,ex_post_descriptive,standard,RMSE,73266,10,0.0015707196408273189,0.0015557843061965635,1.4935334630755389e-05,1.2932360284243285e-05,10
CP_REPO_LRPM,cluster_entry_strict,ex_post_descriptive,standard,SMAPE,73266,10,93.51351872765494,93.3503375259033,0.16318120175164097,0.16312537655799417,7
CP_REPO_LRPM,cluster_exit_loose,ex_post_descriptive,high_vol_only,LOG_RV_MSE,14693,10,1.1229862115788884,2.4210867002188774,-1.298100488639989,-1.297560333472975,1
CP_REPO_LRPM,cluster_exit_loose,ex_post_descriptive,high_vol_only,MAE,14693,10,0.0015010885261131542,0.001494310185269178,6.778340843976126e-06,6.779826945883154e-06,9
CP_REPO_LRPM,cluster_exit_loose,ex_post_descriptive,high_vol_only,MSE,14693,10,1.2677943124526244e-05,1.2591548951657863e-05,8.639417286838089e-08,8.634796625551584e-08,10
CP_REPO_LRPM,cluster_exit_loose,ex_post_descriptive,high_vol_only,RMSE,14693,10,0.0035606099371492863,0.0035484572636087734,1.2152673540512943e-05,1.024846853128951e-05,10
CP_REPO_LRPM,cluster_exit_loose,ex_post_descriptive,high_vol_only,SMAPE,14693,10,73.70908084853484,73.55636803936034,0.1527128091745027,0.15296287468651854,8
CP_REPO_LRPM,cluster_exit_loose,ex_post_descriptive,near_zero_excluded,LOG_RV_MSE,72719,10,80.20388218822569,80.81774860138015,-0.6138664131544544,-0.6390142992799169,4
CP_REPO_LRPM,cluster_exit_loose,ex_post_descriptive,near_zero_excluded,MAE,72719,10,0.0006184788455707456,0.0006203022469390475,-1.8234013683019563e-06,-1.8539460162488496e-06,2
CP_REPO_LRPM,cluster_exit_loose,ex_post_descriptive,near_zero_excluded,MSE,72719,10,2.7784093074004996e-06,2.771812461859132e-06,6.596845541367512e-09,6.4657514352794524e-09,6
CP_REPO_LRPM,cluster_exit_loose,ex_post_descriptive,near_zero_excluded,RMSE,72719,10,0.0016668561147863063,0.0016648761100631878,1.980004723118548e-06,1.2630682819156704e-06,6
CP_REPO_LRPM,cluster_exit_loose,ex_post_descriptive,near_zero_excluded,SMAPE,72719,10,96.79268422556595,97.47673884864534,-0.6840546230793905,-0.6873985590698126,0
CP_REPO_LRPM,cluster_exit_loose,ex_post_descriptive,standard,LOG_RV_MSE,73455,10,82.09800800629024,82.66659491728159,-0.5685869109913426,-0.5685233312235054,4
CP_REPO_LRPM,cluster_exit_loose,ex_post_descriptive,standard,MAE,73455,10,0.0006171643472764074,0.0006188389651386155,-1.674617862208131e-06,-1.6742605146834102e-06,2
CP_REPO_LRPM,cluster_exit_loose,ex_post_descriptive,standard,MSE,73455,10,2.7534877094946653e-06,2.7469870905275043e-06,6.500618967161043e-09,6.492722137005551e-09,6
CP_REPO_LRPM,cluster_exit_loose,ex_post_descriptive,standard,RMSE,73455,10,0.0016593636459482487,0.0016574037198363904,1.9599261118583705e-06,1.2639936235382242e-06,6
CP_REPO_LRPM,cluster_exit_loose,ex_post_descriptive,standard,SMAPE,73455,10,97.78270324564932,98.45574418206132,-0.6730409364120078,-0.6727871165381145,0
CP_REPO_LRPM,cluster_exit_strict,ex_post_descriptive,high_vol_only,LOG_RV_MSE,14671,10,1.121544847097662,2.421527603919258,-1.299982756821596,-1.2991038817962435,1
CP_REPO_LRPM,cluster_exit_strict,ex_post_descriptive,high_vol_only,MAE,14671,10,0.0015007236426876971,0.0014938823102663356,6.84133242136154e-06,6.8399566445305615e-06,9
CP_REPO_LRPM,cluster_exit_strict,ex_post_descriptive,high_vol_only,MSE,14671,10,1.2686413406552538e-05,1.2599850440046041e-05,8.656296650649676e-08,8.651179276857271e-08,10
CP_REPO_LRPM,cluster_exit_strict,ex_post_descriptive,high_vol_only,RMSE,14671,10,0.003561799181109533,0.00354962680292535,1.2172378184182719e-05,1.026430249121814e-05,10
CP_REPO_LRPM,cluster_exit_strict,ex_post_descriptive,high_vol_only,SMAPE,14671,10,73.684845994303,73.52549302084884,0.15935297345416188,0.1594283019015336,8
CP_REPO_LRPM,cluster_exit_strict,ex_post_descriptive,near_zero_excluded,LOG_RV_MSE,72600,10,80.02173783897848,80.63751031331367,-0.6157724743351878,-0.6406810443827997,4
CP_REPO_LRPM,cluster_exit_strict,ex_post_descriptive,near_zero_excluded,MAE,72600,10,0.0006184535179022776,0.000620276797959907,-1.823280057629403e-06,-1.8538841390584448e-06,2
CP_REPO_LRPM,cluster_exit_strict,ex_post_descriptive,near_zero_excluded,MSE,72600,10,2.7805878498197563e-06,2.7739741217478404e-06,6.6137280719159575e-09,6.486409240045151e-09,6
CP_REPO_LRPM,cluster_exit_strict,ex_post_descriptive,near_zero_excluded,RMSE,72600,10,0.0016675094751814027,0.00166552517895943,1.9842962219727457e-06,1.2671987446873524e-06,6
CP_REPO_LRPM,cluster_exit_strict,ex_post_descriptive,near_zero_excluded,SMAPE,72600,10,96.72258691267511,97.40740275688886,-0.6848158442137446,-0.6881525971674662,0
CP_REPO_LRPM,cluster_exit_strict,ex_post_descriptive,standard,LOG_RV_MSE,73334,10,81.90717235117306,82.4773036915814,-0.5701313404083379,-0.5698630549236527,4
CP_REPO_LRPM,cluster_exit_strict,ex_post_descriptive,standard,MAE,73334,10,0.000617143413936819,0.0006188138002740394,-1.6703863372204098e-06,-1.6697325330166324e-06,2
CP_REPO_LRPM,cluster_exit_strict,ex_post_descriptive,standard,MSE,73334,10,2.7556748132676994e-06,2.749154558670621e-06,6.520254597078451e-09,6.516415363538238e-09,6
CP_REPO_LRPM,cluster_exit_strict,ex_post_descriptive,standard,RMSE,73334,10,0.0016600225339638314,0.0016580574654307435,1.9650685330878815e-06,1.2691674860220445e-06,6
CP_REPO_LRPM,cluster_exit_strict,ex_post_descriptive,standard,SMAPE,73334,10,97.71189563488282,98.38561750262856,-0.6737218677457406,-0.6734288488065701,0
CP_REPO_LRPM,entry_with_recent_spike,ex_post_descriptive,high_vol_only,LOG_RV_MSE,8754,10,1.4736378437064515,1.7537058456597043,-0.2800680019532529,-0.269772468851967,3
CP_REPO_LRPM,entry_with_recent_spike,ex_post_descriptive,high_vol_only,MAE,8754,10,0.0019315043244099452,0.0019176654527962387,1.3838871613706515e-05,1.3684795772956942e-05,8
CP_REPO_LRPM,entry_with_recent_spike,ex_post_descriptive,high_vol_only,MSE,8754,10,1.1146392096496613e-05,1.1016357877631209e-05,1.300342188654041e-07,1.281529389186813e-07,8
CP_REPO_LRPM,entry_with_recent_spike,ex_post_descriptive,high_vol_only,RMSE,8754,10,0.003338621286773421,0.003319089917075343,1.9531369698077856e-05,1.6089730877108087e-05,8
CP_REPO_LRPM,entry_with_recent_spike,ex_post_descriptive,high_vol_only,SMAPE,8754,10,87.65347704873638,87.32338771559324,0.3300893331431354,0.3368740904250984,6
CP_REPO_LRPM,entry_with_recent_spike,ex_post_descriptive,near_zero_excluded,LOG_RV_MSE,43077,10,58.5073000988938,58.60135891021972,-0.09405881132592242,-0.10926508615748651,4
CP_REPO_LRPM,entry_with_recent_spike,ex_post_descriptive,near_zero_excluded,MAE,43077,10,0.0008298909472286534,0.0008142072724045661,1.5683674824087295e-05,1.552050023828895e-05,9
CP_REPO_LRPM,entry_with_recent_spike,ex_post_descriptive,near_zero_excluded,MSE,43077,10,2.7524238027535856e-06,2.6881192732489913e-06,6.430452950459423e-08,6.384714703385908e-08,10
CP_REPO_LRPM,entry_with_recent_spike,ex_post_descriptive,near_zero_excluded,RMSE,43077,10,0.0016590430382463215,0.001639548496766409,1.949454147991245e-05,1.7541980458099634e-05,10
CP_REPO_LRPM,entry_with_recent_spike,ex_post_descriptive,near_zero_excluded,SMAPE,43077,10,93.4313578597661,92.90107841804026,0.5302794417258383,0.5316586142600187,9
CP_REPO_LRPM,entry_with_recent_spike,ex_post_descriptive,standard,LOG_RV_MSE,43747,10,61.708962586389255,61.77149221261181,-0.06252962622255609,-0.07470983546073082,4
CP_REPO_LRPM,entry_with_recent_spike,ex_post_descriptive,standard,MAE,43747,10,0.0008304363652918029,0.0008143399753613138,1.6096389930489105e-05,1.5841851744254966e-05,9
CP_REPO_LRPM,entry_with_recent_spike,ex_post_descriptive,standard,MSE,43747,10,2.7262690958934324e-06,2.661121060299266e-06,6.514803559416639e-08,6.418190529740085e-08,10
CP_REPO_LRPM,entry_with_recent_spike,ex_post_descriptive,standard,RMSE,43747,10,0.0016511417552389112,0.0016312942899119295,1.9847465326981728e-05,1.7754949872401417e-05,10
CP_REPO_LRPM,entry_with_recent_spike,ex_post_descriptive,standard,SMAPE,43747,10,94.9939885723259,94.46815308106613,0.5258354912597696,0.5220660239416943,9
CP_REPO_LRPM,entry_without_recent_spike,ex_post_descriptive,high_vol_only,LOG_RV_MSE,5946,10,1.1195692099524477,1.7006341532268932,-0.5810649432744455,-0.5934276590330109,5
CP_REPO_LRPM,entry_without_recent_spike,ex_post_descriptive,high_vol_only,MAE,5946,10,0.0015570783495014973,0.0015320566129165133,2.502173658498405e-05,2.5429910765725803e-05,10
CP_REPO_LRPM,entry_without_recent_spike,ex_post_descriptive,high_vol_only,MSE,5946,10,9.074816797282833e-06,8.922311180084711e-06,1.5250561719812203e-07,1.5551211546516484e-07,10
CP_REPO_LRPM,entry_without_recent_spike,ex_post_descriptive,high_vol_only,RMSE,5946,10,0.003012443658773195,0.002987023799718494,2.541985905470112e-05,2.264351282865698e-05,10
CP_REPO_LRPM,entry_without_recent_spike,ex_post_descriptive,high_vol_only,SMAPE,5946,10,80.3430946440876,78.60454713782002,1.7385475062675795,1.767674285686158,9
CP_REPO_LRPM,entry_without_recent_spike,ex_post_descriptive,near_zero_excluded,LOG_RV_MSE,29421,10,60.966920165964275,61.57597518731034,-0.6090550213460659,-0.6346487975990198,1
CP_REPO_LRPM,entry_without_recent_spike,ex_post_descriptive,near_zero_excluded,MAE,29421,10,0.00064865090680092,0.0006512027617124402,-2.5518549115202075e-06,-2.627691445895286e-06,2
CP_REPO_LRPM,entry_without_recent_spike,ex_post_descriptive,near_zero_excluded,MSE,29421,10,2.0879985944370397e-06,2.0681970647451606e-06,1.980152969187911e-08,2.0078400184275586e-08,7
CP_REPO_LRPM,entry_without_recent_spike,ex_post_descriptive,near_zero_excluded,RMSE,29421,10,0.0014449908630981166,0.0014381227571890936,6.868105909023023e-06,5.075354198166832e-06,7
CP_REPO_LRPM,entry_without_recent_spike,ex_post_descriptive,near_zero_excluded,SMAPE,29421,10,90.44189351704458,90.80064280629189,-0.35874928924731364,-0.36887138053666035,2
CP_REPO_LRPM,entry_without_recent_spike,ex_post_descriptive,standard,LOG_RV_MSE,29710,10,62.62604303537494,63.230701837382746,-0.6046588020078048,-0.6171985069501373,1
CP_REPO_LRPM,entry_without_recent_spike,ex_post_descriptive,standard,MAE,29710,10,0.0006476522732693516,0.0006502905902337952,-2.638316964443635e-06,-2.677134911896676e-06,2
CP_REPO_LRPM,entry_without_recent_spike,ex_post_descriptive,standard,MSE,29710,10,2.071202405933468e-06,2.0519072198193754e-06,1.9295186114092454e-08,1.967372431288237e-08,7
CP_REPO_LRPM,entry_without_recent_spike,ex_post_descriptive,standard,RMSE,29710,10,0.0014391672612776695,0.0014324479815404731,6.71927973719638e-06,4.941006072183208e-06,7
CP_REPO_LRPM,entry_without_recent_spike,ex_post_descriptive,standard,SMAPE,29710,10,91.450697436652,91.80790670839083,-0.35720927173882444,-0.36111271036423886,2
CP_REPO_LRPM,high_within_block_dispersion,ex_post_descriptive,high_vol_only,LOG_RV_MSE,13800,10,1.347003340120205,3.501965653398029,-2.1549623132778235,-1.9994842299865603,1
CP_REPO_LRPM,high_within_block_dispersion,ex_post_descriptive,high_vol_only,MAE,13800,10,0.0010124910161190377,0.0010276379171850396,-1.514690106600193e-05,-1.4164108887089422e-05,1
CP_REPO_LRPM,high_within_block_dispersion,ex_post_descriptive,high_vol_only,MSE,13800,10,4.061123263348121e-06,4.073383669154852e-06,-1.2260405806730397e-08,-1.1098271746400462e-08,4
CP_REPO_LRPM,high_within_block_dispersion,ex_post_descriptive,high_vol_only,RMSE,13800,10,0.0020152228818044226,0.002018262537222264,-3.039655417841347e-06,-2.612173501232752e-06,4
CP_REPO_LRPM,high_within_block_dispersion,ex_post_descriptive,high_vol_only,SMAPE,13800,10,67.13010831164493,70.34024882354845,-3.210140511903518,-2.954449342938422,1
CP_REPO_LRPM,high_within_block_dispersion,ex_post_descriptive,near_zero_excluded,LOG_RV_MSE,68602,10,133.4472628617705,133.882405896838,-0.4351430350675116,-0.42738912390313094,5
CP_REPO_LRPM,high_within_block_dispersion,ex_post_descriptive,near_zero_excluded,MAE,68602,10,0.000568649162840853,0.0005529590351561566,1.569012768469632e-05,1.4906481529375624e-05,9
CP_REPO_LRPM,high_within_block_dispersion,ex_post_descriptive,near_zero_excluded,MSE,68602,10,1.1270507328910632e-06,1.0976485640225547e-06,2.940216886850853e-08,2.794165765873269e-08,10
CP_REPO_LRPM,high_within_block_dispersion,ex_post_descriptive,near_zero_excluded,RMSE,68602,10,0.0010616264563824054,0.0010476872453278004,1.3939211054604921e-05,1.2073362539265165e-05,10
CP_REPO_LRPM,high_within_block_dispersion,ex_post_descriptive,near_zero_excluded,SMAPE,68602,10,119.19625535916762,119.4032145748403,-0.20695921567268272,-0.18437391807903225,3
CP_REPO_LRPM,high_within_block_dispersion,ex_post_descriptive,standard,LOG_RV_MSE,68970,10,134.1816042629971,134.57888697299876,-0.3972827100016616,-0.3720732343578236,5
CP_REPO_LRPM,high_within_block_dispersion,ex_post_descriptive,standard,MAE,68970,10,0.0005686239437191444,0.0005528262108279991,1.5797732891145244e-05,1.5003845727596152e-05,9
CP_REPO_LRPM,high_within_block_dispersion,ex_post_descriptive,standard,MSE,68970,10,1.123133377256323e-06,1.0936692860960527e-06,2.9464091160270245e-08,2.798145642906817e-08,10
CP_REPO_LRPM,high_within_block_dispersion,ex_post_descriptive,standard,RMSE,68970,10,0.0010597798720754811,0.0010457864438287831,1.399342824669799e-05,1.2113306549884781e-05,10
CP_REPO_LRPM,high_within_block_dispersion,ex_post_descriptive,standard,SMAPE,68970,10,119.60427234064147,119.80780296509153,-0.2035306244500532,-0.18058715728313074,3
CP_REPO_LRPM,inflection_points,ex_post_descriptive,high_vol_only,LOG_RV_MSE,28984,10,1.1395945186365517,1.8450833063416092,-0.7054887877050575,-0.7062862394088189,1
CP_REPO_LRPM,inflection_points,ex_post_descriptive,high_vol_only,MAE,28984,10,0.0015690861682796692,0.0015539685085986807,1.5117659680988476e-05,1.4744771637068828e-05,10
CP_REPO_LRPM,inflection_points,ex_post_descriptive,high_vol_only,MSE,28984,10,1.1258143057283103e-05,1.1143226434414636e-05,1.1491662286846616e-07,1.1165548423149733e-07,10
CP_REPO_LRPM,inflection_points,ex_post_descriptive,high_vol_only,RMSE,28984,10,0.0033553156419751486,0.0033381471558957126,1.7168486079435948e-05,1.443007955716244e-05,10
CP_REPO_LRPM,inflection_points,ex_post_descriptive,high_vol_only,SMAPE,28984,10,77.5511484641698,76.70016986571454,0.8509785984552565,0.8358030972580522,10
CP_REPO_LRPM,inflection_points,ex_post_descriptive,near_zero_excluded,LOG_RV_MSE,143375,10,58.64300646845435,59.02461522045934,-0.38160875200498623,-0.3759557646168621,3
CP_REPO_LRPM,inflection_points,ex_post_descriptive,near_zero_excluded,MAE,143375,10,0.0006543332064361158,0.0006532663186550692,1.0668877810465728e-06,9.846052424282675e-07,6
CP_REPO_LRPM,inflection_points,ex_post_descriptive,near_zero_excluded,MSE,143375,10,2.5404502226370316e-06,2.520080089131878e-06,2.0370133505153743e-08,1.959270752698884e-08,9
CP_REPO_LRPM,inflection_points,ex_post_descriptive,near_zero_excluded,RMSE,143375,10,0.0015938789861959506,0.001587476012143767,6.402974052183499e-06,5.058304186526753e-06,9
CP_REPO_LRPM,inflection_points,ex_post_descriptive,near_zero_excluded,SMAPE,143375,10,90.02958355319511,90.29549147139828,-0.26590791820316895,-0.2660666667219559,0
CP_REPO_LRPM,inflection_points,ex_post_descriptive,standard,LOG_RV_MSE,144886,10,60.506791384132924,60.86477940721088,-0.35798802307795796,-0.34096837583921413,3
CP_REPO_LRPM,inflection_points,ex_post_descriptive,standard,MAE,144886,10,0.0006529679144583394,0.0006517765398719314,1.1913745864080031e-06,1.1190629390334452e-06,8
CP_REPO_LRPM,inflection_points,ex_post_descriptive,standard,MSE,144886,10,2.5174090289669973e-06,2.4971696341217895e-06,2.0239394845207803e-08,1.9608975659239624e-08,9
CP_REPO_LRPM,inflection_points,ex_post_descriptive,standard,RMSE,144886,10,0.0015866344975976657,0.001580243536332862,6.390961264803648e-06,5.073534617580503e-06,9
CP_REPO_LRPM,inflection_points,ex_post_descriptive,standard,SMAPE,144886,10,91.11849778030444,91.37591657601472,-0.25741879571027937,-0.25613113802298104,0
CP_REPO_LRPM,older_spike_position,ex_post_descriptive,high_vol_only,LOG_RV_MSE,21781,10,1.1395303095276075,1.786279912897211,-0.6467496033696036,-0.6296322379698096,1
CP_REPO_LRPM,older_spike_position,ex_post_descriptive,high_vol_only,MAE,21781,10,0.0013486758957650074,0.0013377179715874255,1.0957924177581926e-05,1.0578565633284772e-05,10
CP_REPO_LRPM,older_spike_position,ex_post_descriptive,high_vol_only,MSE,21781,10,1.069141300105579e-05,1.0611293382306808e-05,8.011961874898221e-08,7.713390263582099e-08,9
CP_REPO_LRPM,older_spike_position,ex_post_descriptive,high_vol_only,RMSE,21781,10,0.0032697726222255565,0.003257498024912189,1.2274597313367656e-05,1.0367339910386495e-05,9
CP_REPO_LRPM,older_spike_position,ex_post_descriptive,high_vol_only,SMAPE,21781,10,69.8626302544199,69.16640331541805,0.6962269390018463,0.6733475324925067,9
CP_REPO_LRPM,older_spike_position,ex_post_descriptive,near_zero_excluded,LOG_RV_MSE,107788,10,78.34423187563695,78.68567112578734,-0.3414392501503869,-0.3416553643692293,4
CP_REPO_LRPM,older_spike_position,ex_post_descriptive,near_zero_excluded,MAE,107788,10,0.0005714781969803931,0.0005728794529750053,-1.4012559946121684e-06,-1.3499932616221108e-06,3
CP_REPO_LRPM,older_spike_position,ex_post_descriptive,near_zero_excluded,MSE,107788,10,2.346475802604796e-06,2.3380722346630557e-06,8.403567941740248e-09,8.022514917500789e-09,9
CP_REPO_LRPM,older_spike_position,ex_post_descriptive,near_zero_excluded,RMSE,107788,10,0.0015318210739524365,0.0015290756144360734,2.7454595163630725e-06,2.095143638111501e-06,9
CP_REPO_LRPM,older_spike_position,ex_post_descriptive,near_zero_excluded,SMAPE,107788,10,96.43669126169502,96.83075140696636,-0.3940601452713395,-0.3849318233973065,0
CP_REPO_LRPM,older_spike_position,ex_post_descriptive,standard,LOG_RV_MSE,108871,10,80.56611776174127,80.87229820692032,-0.3061804451790522,-0.2919404778299185,4
CP_REPO_LRPM,older_spike_position,ex_post_descriptive,standard,MAE,108871,10,0.0005701423444680369,0.0005714698252096631,-1.327480741626164e-06,-1.2748575009824511e-06,3
CP_REPO_LRPM,older_spike_position,ex_post_descriptive,standard,MSE,108871,10,2.3254307190849205e-06,2.317152582398845e-06,8.278136686075386e-09,7.943332125803273e-09,9
CP_REPO_LRPM,older_spike_position,ex_post_descriptive,standard,RMSE,108871,10,0.0015249363000089285,0.001522219623575667,2.716676433261447e-06,2.071343588196735e-06,9
CP_REPO_LRPM,older_spike_position,ex_post_descriptive,standard,SMAPE,108871,10,97.43444157677632,97.82321270549049,-0.3887711287141684,-0.3802159655889241,0
CP_REPO_LRPM,recent_ramp_high_dispersion,ex_post_descriptive,high_vol_only,LOG_RV_MSE,4860,10,1.422541686129273,1.806078821209029,-0.38353713507975606,-0.36026680269927913,2
CP_REPO_LRPM,recent_ramp_high_dispersion,ex_post_descriptive,high_vol_only,MAE,4860,10,0.0014613955477391944,0.0014561457300147596,5.249817724434745e-06,5.3425914422601395e-06,6
CP_REPO_LRPM,recent_ramp_high_dispersion,ex_post_descriptive,high_vol_only,MSE,4860,10,5.9629586828906324e-06,5.907079546340977e-06,5.587913654965523e-08,5.367480739216647e-08,5
CP_REPO_LRPM,recent_ramp_high_dispersion,ex_post_descriptive,high_vol_only,RMSE,4860,10,0.0024419170098286783,0.0024304484249498028,1.1468584878875521e-05,1.0626890964825761e-05,5
CP_REPO_LRPM,recent_ramp_high_dispersion,ex_post_descriptive,high_vol_only,SMAPE,4860,10,76.48024025708399,77.35764945586169,-0.8774091987776984,-0.8259699390493225,2
CP_REPO_LRPM,recent_ramp_high_dispersion,ex_post_descriptive,near_zero_excluded,LOG_RV_MSE,24128,10,114.11256475334159,114.34462879539805,-0.23206404205646436,-0.2076454472486388,3
CP_REPO_LRPM,recent_ramp_high_dispersion,ex_post_descriptive,near_zero_excluded,MAE,24128,10,0.0007928593927930361,0.0007646181490088699,2.824124378416617e-05,2.7896745087535444e-05,9
CP_REPO_LRPM,recent_ramp_high_dispersion,ex_post_descriptive,near_zero_excluded,MSE,24128,10,1.8154479400161009e-06,1.72831521355379e-06,8.71327264623109e-08,8.626277594912097e-08,10
CP_REPO_LRPM,recent_ramp_high_dispersion,ex_post_descriptive,near_zero_excluded,RMSE,24128,10,0.0013473855944072211,0.0013146540280825941,3.273156632462699e-05,2.8830263270424982e-05,10
CP_REPO_LRPM,recent_ramp_high_dispersion,ex_post_descriptive,near_zero_excluded,SMAPE,24128,10,117.97303253465954,117.20868310254808,0.7643494321114588,0.7505303401280585,8
CP_REPO_LRPM,recent_ramp_high_dispersion,ex_post_descriptive,standard,LOG_RV_MSE,24273,10,114.68887161199063,114.91037678776495,-0.22150517577431117,-0.19448570077432112,3
CP_REPO_LRPM,recent_ramp_high_dispersion,ex_post_descriptive,standard,MAE,24273,10,0.0007926212485103804,0.0007642641676955093,2.8357080814871084e-05,2.7920860339581813e-05,9
CP_REPO_LRPM,recent_ramp_high_dispersion,ex_post_descriptive,standard,MSE,24273,10,1.8086202642090091e-06,1.7214765357377037e-06,8.714372847130543e-08,8.613535776452768e-08,10
CP_REPO_LRPM,recent_ramp_high_dispersion,ex_post_descriptive,standard,RMSE,24273,10,0.001344849532181578,0.0013120505080741762,3.279902410740186e-05,2.884076941352922e-05,10
CP_REPO_LRPM,recent_ramp_high_dispersion,ex_post_descriptive,standard,SMAPE,24273,10,118.4281414949415,117.66662103937364,0.7615204555678616,0.7431946931436257,8
CP_REPO_LRPM,recent_spike_position,ex_post_descriptive,high_vol_only,LOG_RV_MSE,41263,10,133.60326357120792,133.8771224898886,-0.27385891868067347,-0.4482148163195605,1
CP_REPO_LRPM,recent_spike_position,ex_post_descriptive,high_vol_only,MAE,41263,10,0.0009278329622731831,0.0009221826380191268,5.650324254056279e-06,1.068963195965365e-05,7
CP_REPO_LRPM,recent_spike_position,ex_post_descriptive,high_vol_only,MSE,41263,10,5.620772726690841e-06,5.571262166039549e-06,4.9510560651291565e-08,9.143956831751726e-08,8
CP_REPO_LRPM,recent_spike_position,ex_post_descriptive,high_vol_only,RMSE,41263,10,0.002370816890164831,0.0023603521275520627,1.0464762612768467e-05,1.2207458816509737e-05,8
CP_REPO_LRPM,recent_spike_position,ex_post_descriptive,high_vol_only,SMAPE,41263,10,126.75937020163306,126.57635658368545,0.1830136179476085,0.2702255893667626,7
CP_REPO_LRPM,recent_spike_position,ex_post_descriptive,near_zero_excluded,LOG_RV_MSE,124205,10,108.09331457411457,108.11916654958422,-0.025851975469649346,-0.060861644380068934,4
CP_REPO_LRPM,recent_spike_position,ex_post_descriptive,near_zero_excluded,MAE,124205,10,0.0006101040586077684,0.0006030896132501278,7.014445357640588e-06,7.63250586988191e-06,9
CP_REPO_LRPM,recent_spike_position,ex_post_descriptive,near_zero_excluded,MSE,124205,10,2.122274233945656e-06,2.0939400381252835e-06,2.833419582037244e-08,3.1539977284693715e-08,10
CP_REPO_LRPM,recent_spike_position,ex_post_descriptive,near_zero_excluded,RMSE,124205,10,0.0014568027436635531,0.0014470452785332198,9.757465130333333e-06,9.383898877791984e-06,10
CP_REPO_LRPM,recent_spike_position,ex_post_descriptive,near_zero_excluded,SMAPE,124205,10,110.75903396715827,110.60258645307212,0.1564475140861532,0.1739125122229197,9
CP_REPO_LRPM,recent_spike_position,ex_post_descriptive,standard,LOG_RV_MSE,125358,10,109.41387331267963,109.42665376885756,-0.012780456177935662,-0.0406117510594747,4
CP_REPO_LRPM,recent_spike_position,ex_post_descriptive,standard,MAE,125358,10,0.0006091827784219505,0.0006020690281682539,7.113750253696623e-06,7.714724031066407e-06,9
CP_REPO_LRPM,recent_spike_position,ex_post_descriptive,standard,MSE,125358,10,2.1057111020059574e-06,2.0774290251137383e-06,2.828207689221919e-08,3.148287883354322e-08,10
CP_REPO_LRPM,recent_spike_position,ex_post_descriptive,standard,RMSE,125358,10,0.00145110685409654,0.001441328909414412,9.777944682127972e-06,9.406286831510093e-06,10
CP_REPO_LRPM,recent_spike_position,ex_post_descriptive,standard,SMAPE,125358,10,111.53126331543436,111.37441998217363,0.1568433332607242,0.17092087180438398,9
CP_REPO_LRPM,same_average_back_loaded,ex_post_descriptive,high_vol_only,LOG_RV_MSE,5089,10,148.22928488392745,147.86084833361397,0.36843655031347566,-0.6681652126110891,4
CP_REPO_LRPM,same_average_back_loaded,ex_post_descriptive,high_vol_only,MAE,5089,10,0.00079502070058517,0.0007883475538023314,6.673146782838605e-06,8.189571530323794e-06,9
CP_REPO_LRPM,same_average_back_loaded,ex_post_descriptive,high_vol_only,MSE,5089,10,5.436331053659615e-06,5.393568886410758e-06,4.276216724885692e-08,7.518525265267614e-08,9
CP_REPO_LRPM,same_average_back_loaded,ex_post_descriptive,high_vol_only,RMSE,5089,10,0.0023315941013949265,0.002322405840160319,9.188261234607548e-06,1.0892664473382484e-05,9
CP_REPO_LRPM,same_average_back_loaded,ex_post_descriptive,high_vol_only,SMAPE,5089,10,125.47402771920483,125.32003262323384,0.15399509597098415,0.2149533122784156,7
CP_REPO_LRPM,same_average_back_loaded,ex_post_descriptive,near_zero_excluded,LOG_RV_MSE,15487,10,124.26141461023107,124.01322184473567,0.24819276549540348,0.11089766417980051,8
CP_REPO_LRPM,same_average_back_loaded,ex_post_descriptive,near_zero_excluded,MAE,15487,10,0.000527741419898501,0.0005272539021732171,4.875177252839464e-07,1.0570883542103415e-07,5
CP_REPO_LRPM,same_average_back_loaded,ex_post_descriptive,near_zero_excluded,MSE,15487,10,1.938986808645503e-06,1.929583414364599e-06,9.403394280904178e-09,9.976908115329195e-09,9
CP_REPO_LRPM,same_average_back_loaded,ex_post_descriptive,near_zero_excluded,RMSE,15487,10,0.0013924750657176965,0.001389094458402523,3.3806073151735044e-06,3.0929127346692885e-06,9
CP_REPO_LRPM,same_average_back_loaded,ex_post_descriptive,near_zero_excluded,SMAPE,15487,10,115.21629356973736,115.32463219015452,-0.10833862041715747,-0.13255738891244703,4
CP_REPO_LRPM,same_average_back_loaded,ex_post_descriptive,standard,LOG_RV_MSE,15559,10,124.77448379663251,124.52126217176132,0.2532216248711876,0.11757609979747255,8
CP_REPO_LRPM,same_average_back_loaded,ex_post_descriptive,standard,MAE,15559,10,0.0005277712464133768,0.0005272566345791063,5.14611834270492e-07,1.4134658826546334e-07,5
CP_REPO_LRPM,same_average_back_loaded,ex_post_descriptive,standard,MSE,15559,10,1.931432277016903e-06,1.922086251587677e-06,9.346025429225947e-09,9.934270849624343e-09,9
CP_REPO_LRPM,same_average_back_loaded,ex_post_descriptive,standard,RMSE,15559,10,0.0013897597911210781,0.001386393252864308,3.3665382567701907e-06,3.0820204500562893e-06,9
CP_REPO_LRPM,same_average_back_loaded,ex_post_descriptive,standard,SMAPE,15559,10,115.5837931550299,115.69134666211963,-0.1075535070897331,-0.13448850858746225,4
CP_REPO_LRPM,same_average_different_path,ex_post_descriptive,high_vol_only,LOG_RV_MSE,1483,10,1.176451606646611,1.8404686059246578,-0.6640169992780467,-0.6569143464923761,2
CP_REPO_LRPM,same_average_different_path,ex_post_descriptive,high_vol_only,MAE,1483,10,0.0012308421833447504,0.0012314784048677008,-6.362215229504132e-07,-2.7191973726723578e-06,5
CP_REPO_LRPM,same_average_different_path,ex_post_descriptive,high_vol_only,MSE,1483,10,5.424646643583948e-06,5.428034696558154e-06,-3.3880529742057397e-09,-9.691595657344706e-09,4
CP_REPO_LRPM,same_average_different_path,ex_post_descriptive,high_vol_only,RMSE,1483,10,0.0023290870837270015,0.0023298143051664337,-7.272214394321748e-07,-3.1820039065864045e-06,4
CP_REPO_LRPM,same_average_different_path,ex_post_descriptive,high_vol_only,SMAPE,1483,10,78.26623100008541,78.71419467337833,-0.447963673292918,-0.6099912189677461,3
CP_REPO_LRPM,same_average_different_path,ex_post_descriptive,near_zero_excluded,LOG_RV_MSE,7368,10,130.5647982605645,130.140009025837,0.4247892347274842,0.31041248795822457,9
CP_REPO_LRPM,same_average_different_path,ex_post_descriptive,near_zero_excluded,MAE,7368,10,0.0005432933685073359,0.000536644517193093,6.64885131424289e-06,6.147153433837987e-06,9
CP_REPO_LRPM,same_average_different_path,ex_post_descriptive,near_zero_excluded,MSE,7368,10,1.25033332979528e-06,1.246079619516365e-06,4.253710278915151e-09,3.024760402332841e-09,7
CP_REPO_LRPM,same_average_different_path,ex_post_descriptive,near_zero_excluded,RMSE,7368,10,0.0011181830484295852,0.0011162793644587206,1.9036839708646853e-06,8.557288965623042e-07,7
CP_REPO_LRPM,same_average_different_path,ex_post_descriptive,near_zero_excluded,SMAPE,7368,10,117.07922485099387,116.73130843494329,0.3479164160505803,0.35695291871102197,7
CP_REPO_LRPM,same_average_different_path,ex_post_descriptive,standard,LOG_RV_MSE,7396,10,131.0538149663491,130.622219985339,0.4315949810101074,0.3217086008221619,9
CP_REPO_LRPM,same_average_different_path,ex_post_descriptive,standard,MAE,7396,10,0.000543100371193495,0.0005364131033144598,6.687267879035264e-06,6.237379096992065e-06,10
CP_REPO_LRPM,same_average_different_path,ex_post_descriptive,standard,MSE,7396,10,1.2465643227993336e-06,1.2423027456250047e-06,4.261577174328873e-09,3.094752313354325e-09,7
CP_REPO_LRPM,same_average_different_path,ex_post_descriptive,standard,RMSE,7396,10,0.0011164964499716663,0.0011145863562887375,1.9100936829287516e-06,8.859597811118754e-07,7
CP_REPO_LRPM,same_average_different_path,ex_post_descriptive,standard,SMAPE,7396,10,117.3731818015564,117.02610860038502,0.3470732011713835,0.3565723917572484,7
CP_REPO_LRPM,same_average_recent_front_loaded,ex_post_descriptive,high_vol_only,LOG_RV_MSE,2870,10,1.4580562797951269,2.4108180823091776,-0.9527618025140507,-0.9141862954557661,4
CP_REPO_LRPM,same_average_recent_front_loaded,ex_post_descriptive,high_vol_only,MAE,2870,10,0.0016073033120725894,0.001601281561591773,6.021750480816315e-06,6.10172329444257e-06,8
CP_REPO_LRPM,same_average_recent_front_loaded,ex_post_descriptive,high_vol_only,MSE,2870,10,7.781371153816655e-06,7.732819453650166e-06,4.85517001664898e-08,4.881887715945618e-08,9
CP_REPO_LRPM,same_average_recent_front_loaded,ex_post_descriptive,high_vol_only,RMSE,2870,10,0.0027895109165975056,0.002780794752161721,8.716164435784626e-06,6.093737082867783e-06,9
CP_REPO_LRPM,same_average_recent_front_loaded,ex_post_descriptive,high_vol_only,SMAPE,2870,10,94.65986103058924,94.41892743402904,0.24093359656019686,0.2593447257551418,7
CP_REPO_LRPM,same_average_recent_front_loaded,ex_post_descriptive,near_zero_excluded,LOG_RV_MSE,14110,10,61.51306201248259,61.75746813955219,-0.2444061270695954,-0.2532629495512776,2
CP_REPO_LRPM,same_average_recent_front_loaded,ex_post_descriptive,near_zero_excluded,MAE,14110,10,0.0006158783010104141,0.0006148793069395814,9.989940708326952e-07,8.871440061118381e-07,6
CP_REPO_LRPM,same_average_recent_front_loaded,ex_post_descriptive,near_zero_excluded,MSE,14110,10,1.7527220781628603e-06,1.7428809052166608e-06,9.841172946199492e-09,9.799854395511508e-09,8
CP_REPO_LRPM,same_average_recent_front_loaded,ex_post_descriptive,near_zero_excluded,RMSE,14110,10,0.0013239041045947626,0.001320182148499464,3.721956095298568e-06,2.7975690023896327e-06,8
CP_REPO_LRPM,same_average_recent_front_loaded,ex_post_descriptive,near_zero_excluded,SMAPE,14110,10,92.08728032701002,92.17949477882068,-0.09221445181066201,-0.09308543465081272,5
CP_REPO_LRPM,same_average_recent_front_loaded,ex_post_descriptive,standard,LOG_RV_MSE,14331,10,65.0327606534289,65.25325518863248,-0.22049453520358497,-0.22613887252410728,2
CP_REPO_LRPM,same_average_recent_front_loaded,ex_post_descriptive,standard,MAE,14331,10,0.0006156989961505772,0.0006144260141162119,1.2729820343652552e-06,1.1517897635399284e-06,6
CP_REPO_LRPM,same_average_recent_front_loaded,ex_post_descriptive,standard,MSE,14331,10,1.732179693635762e-06,1.7221104201703594e-06,1.0069273465402617e-08,1.0014234166759715e-08,8
CP_REPO_LRPM,same_average_recent_front_loaded,ex_post_descriptive,standard,RMSE,14331,10,0.0013161229781581058,0.0013122920483529417,3.830929805164092e-06,2.9098754560290687e-06,8
CP_REPO_LRPM,same_average_recent_front_loaded,ex_post_descriptive,standard,SMAPE,14331,10,93.68336123354462,93.77267106057305,-0.08930982702842982,-0.09145012439334436,5
CP_REPO_LRPM,stable_low_dispersion,ex_post_descriptive,high_vol_only,LOG_RV_MSE,13798,10,1.1365927010064192,1.6087874021177346,-0.47219470111131545,-0.4650311294730793,4
CP_REPO_LRPM,stable_low_dispersion,ex_post_descriptive,high_vol_only,MAE,13798,10,0.0016297046728240819,0.001598392657733846,3.131201509023584e-05,2.9701202189354817e-05,9
CP_REPO_LRPM,stable_low_dispersion,ex_post_descriptive,high_vol_only,MSE,13798,10,1.7413305625955696e-05,1.719467336677466e-05,2.1863225918103565e-07,2.0709619756662398e-07,9
CP_REPO_LRPM,stable_low_dispersion,ex_post_descriptive,high_vol_only,RMSE,13798,10,0.004172925307977091,0.004146646038278968,2.627926969812292e-05,2.1274519960789506e-05,9
CP_REPO_LRPM,stable_low_dispersion,ex_post_descriptive,high_vol_only,SMAPE,13798,10,72.78501202823047,70.58921530082308,2.1957967274073837,2.0387480985108404,9
CP_REPO_LRPM,stable_low_dispersion,ex_post_descriptive,near_zero_excluded,LOG_RV_MSE,67129,10,23.025768102724278,23.435236805686134,-0.4094687029618562,-0.38930815841414945,1
CP_REPO_LRPM,stable_low_dispersion,ex_post_descriptive,near_zero_excluded,MAE,67129,10,0.0006391886576111414,0.0006450397526495654,-5.851095038424039e-06,-5.623149139313781e-06,1
CP_REPO_LRPM,stable_low_dispersion,ex_post_descriptive,near_zero_excluded,MSE,67129,10,3.7891257013455223e-06,3.763772461937652e-06,2.5353239407870182e-08,2.3981443359377915e-08,9
CP_REPO_LRPM,stable_low_dispersion,ex_post_descriptive,near_zero_excluded,RMSE,67129,10,0.0019465676719152413,0.0019400444484438113,6.523223471429978e-06,5.211475442630983e-06,9
CP_REPO_LRPM,stable_low_dispersion,ex_post_descriptive,near_zero_excluded,SMAPE,67129,10,76.72229579638059,77.11094484451135,-0.38864904813075896,-0.38601154086253187,0
CP_REPO_LRPM,stable_low_dispersion,ex_post_descriptive,standard,LOG_RV_MSE,68968,10,30.904589905889917,31.29987329686468,-0.39528339097476106,-0.3701661579361161,1
CP_REPO_LRPM,stable_low_dispersion,ex_post_descriptive,standard,MAE,68968,10,0.0006423459670206478,0.0006483561326502465,-6.0101656295986645e-06,-5.751250758064016e-06,1
CP_REPO_LRPM,stable_low_dispersion,ex_post_descriptive,standard,MSE,68968,10,3.707039266768412e-06,3.6832710169073424e-06,2.3768249861069562e-08,2.2475958446139544e-08,9
CP_REPO_LRPM,stable_low_dispersion,ex_post_descriptive,standard,RMSE,68968,10,0.0019253673069750644,0.0019191849876724605,6.182319302603864e-06,4.941805479195249e-06,9
CP_REPO_LRPM,stable_low_dispersion,ex_post_descriptive,standard,SMAPE,68968,10,79.91610747922876,80.2956144784535,-0.37950699922474485,-0.37699447814159015,0
CP_REPO_OPS_C,all_observations,not_conditioned,high_vol_only,LOG_RV_MSE,73496,10,1.2429973656852933,1.8947398826862645,-0.6517425170009712,-0.6515936631365871,0
CP_REPO_OPS_C,all_observations,not_conditioned,high_vol_only,MAE,73496,10,0.0013977588560373617,0.0013852900254538085,1.2468830583553178e-05,1.2467683674994802e-05,10
CP_REPO_OPS_C,all_observations,not_conditioned,high_vol_only,MSE,73496,10,9.91631467282196e-06,9.828196656153894e-06,8.811801666806608e-08,8.808966126471318e-08,10
CP_REPO_OPS_C,all_observations,not_conditioned,high_vol_only,RMSE,73496,10,0.0031490180489832003,0.003134995479447123,1.4022569536077407e-05,1.1815927828343606e-05,10
CP_REPO_OPS_C,all_observations,not_conditioned,high_vol_only,SMAPE,73496,10,74.02057589487282,73.36362510411865,0.6569507907541663,0.6569180566751356,10
CP_REPO_OPS_C,all_observations,not_conditioned,near_zero_excluded,LOG_RV_MSE,363794,10,84.08930450077095,84.41288061854921,-0.32357611777825923,-0.33522165395630554,4
CP_REPO_OPS_C,all_observations,not_conditioned,near_zero_excluded,MAE,363794,10,0.0005874977904224,0.0005859374395130945,1.560350909305579e-06,1.5603903171263899e-06,8
CP_REPO_OPS_C,all_observations,not_conditioned,near_zero_excluded,MSE,363794,10,2.215330906486703e-06,2.1988836583684196e-06,1.644724811828332e-08,1.6382282437163502e-08,9
CP_REPO_OPS_C,all_observations,not_conditioned,near_zero_excluded,RMSE,363794,10,0.0014883987726703831,0.0014828633309811189,5.535441689264245e-06,4.609423188245659e-06,9
CP_REPO_OPS_C,all_observations,not_conditioned,near_zero_excluded,SMAPE,363794,10,99.92108203019059,100.19514853777916,-0.27406650758857154,-0.2727524765848727,1
CP_REPO_OPS_C,all_observations,not_conditioned,standard,LOG_RV_MSE,367468,10,86.0153296729766,86.30736252856529,-0.29203285558868686,-0.2920564922394277,4
CP_REPO_OPS_C,all_observations,not_conditioned,standard,MAE,367468,10,0.0005862627334133548,0.0005846328027350841,1.6299306782707312e-06,1.6300027900611416e-06,8
CP_REPO_OPS_C,all_observations,not_conditioned,standard,MSE,367468,10,2.195810003812886e-06,2.1794961176051854e-06,1.6313886207700452e-08,1.630923448058412e-08,9
CP_REPO_OPS_C,all_observations,not_conditioned,standard,RMSE,367468,10,0.0014818265768344438,0.001476311660051896,5.514916782547747e-06,4.598441980838488e-06,9
CP_REPO_OPS_C,all_observations,not_conditioned,standard,SMAPE,367468,10,100.87996480320403,101.14970193945295,-0.2697371362489207,-0.2695970889932795,1
CP_REPO_OPS_C,cluster_entry_loose,ex_post_descriptive,high_vol_only,LOG_RV_MSE,14694,10,1.332130441941895,1.6005446724503212,-0.2684142305084263,-0.26826631434852394,4
CP_REPO_OPS_C,cluster_entry_loose,ex_post_descriptive,high_vol_only,MAE,14694,10,0.001784491149669092,0.00176427777154932,2.0213378119772083e-05,2.0211723475542367e-05,10
CP_REPO_OPS_C,cluster_entry_loose,ex_post_descriptive,high_vol_only,MSE,14694,10,1.032153994459627e-05,1.0168744140406067e-05,1.52795804190203e-07,1.527785745240381e-07,10
CP_REPO_OPS_C,cluster_entry_loose,ex_post_descriptive,high_vol_only,RMSE,14694,10,0.003212715353808406,0.0031888468355200233,2.3868518288382504e-05,2.0902487804704407e-05,10
CP_REPO_OPS_C,cluster_entry_loose,ex_post_descriptive,high_vol_only,SMAPE,14694,10,84.8115403046506,83.77640522964964,1.0351350750009658,1.035088817777701,9
CP_REPO_OPS_C,cluster_entry_loose,ex_post_descriptive,near_zero_excluded,LOG_RV_MSE,72721,10,60.55015231484592,60.777203762153924,-0.22705144730800697,-0.23197089889831615,2
CP_REPO_OPS_C,cluster_entry_loose,ex_post_descriptive,near_zero_excluded,MAE,72721,10,0.0007578798738627712,0.0007481996978023663,9.680176060404945e-06,9.707817545660499e-06,9
CP_REPO_OPS_C,cluster_entry_loose,ex_post_descriptive,near_zero_excluded,MSE,72721,10,2.4815741439829076e-06,2.429387205779363e-06,5.218693820354451e-08,5.216354423253291e-08,9
CP_REPO_OPS_C,cluster_entry_loose,ex_post_descriptive,near_zero_excluded,RMSE,72721,10,0.0015753012867330831,0.0015586491605808419,1.6652126152241244e-05,1.4361450130798441e-05,9
CP_REPO_OPS_C,cluster_entry_loose,ex_post_descriptive,near_zero_excluded,SMAPE,72721,10,92.54758699479648,92.28757077534291,0.26001621945356135,0.26200404572544045,8
CP_REPO_OPS_C,cluster_entry_loose,ex_post_descriptive,standard,LOG_RV_MSE,73457,10,62.079879723481234,62.29281277145856,-0.21293304797732304,-0.21300014730020872,2
CP_REPO_OPS_C,cluster_entry_loose,ex_post_descriptive,standard,MAE,73457,10,0.0007565085520951432,0.0007467307387547898,9.777813340353385e-06,9.77746489412547e-06,9
CP_REPO_OPS_C,cluster_entry_loose,ex_post_descriptive,standard,MSE,73457,10,2.4613245520281704e-06,2.4093973435128843e-06,5.1927208515286034e-08,5.192328534038997e-08,9
CP_REPO_OPS_C,cluster_entry_loose,ex_post_descriptive,standard,RMSE,73457,10,0.0015688609090764452,0.001552223354905113,1.6637554171332206e-05,1.4340557446270483e-05,9
CP_REPO_OPS_C,cluster_entry_loose,ex_post_descriptive,standard,SMAPE,73457,10,93.56088921296094,93.30150286458142,0.2593863483795218,0.25941538354022387,8
CP_REPO_OPS_C,cluster_entry_strict,ex_post_descriptive,high_vol_only,LOG_RV_MSE,14657,10,1.3342554638475268,1.603298357460351,-0.2690428936128242,-0.2685651414333323,4
CP_REPO_OPS_C,cluster_entry_strict,ex_post_descriptive,high_vol_only,MAE,14657,10,0.001787243329286434,0.001766874393600839,2.036893568559497e-05,2.0369738288486486e-05,10
CP_REPO_OPS_C,cluster_entry_strict,ex_post_descriptive,high_vol_only,MSE,14657,10,1.034580321321044e-05,1.0192461139817912e-05,1.5334207339252727e-07,1.53330858976776e-07,10
CP_REPO_OPS_C,cluster_entry_strict,ex_post_descriptive,high_vol_only,RMSE,14657,10,0.003216489268318867,0.003192563412027694,2.3925856291173112e-05,2.095167455161064e-05,10
CP_REPO_OPS_C,cluster_entry_strict,ex_post_descriptive,high_vol_only,SMAPE,14657,10,84.88149633879505,83.8385197927522,1.0429765460428513,1.0432508571132886,9
CP_REPO_OPS_C,cluster_entry_strict,ex_post_descriptive,near_zero_excluded,LOG_RV_MSE,72532,10,60.381173384259625,60.610370596731364,-0.22919721247173896,-0.23382952783891425,2
CP_REPO_OPS_C,cluster_entry_strict,ex_post_descriptive,near_zero_excluded,MAE,72532,10,0.0007588564320065486,0.000749190609287948,9.665822718600667e-06,9.69029549234442e-06,9
CP_REPO_OPS_C,cluster_entry_strict,ex_post_descriptive,near_zero_excluded,MSE,72532,10,2.487464553071507e-06,2.4351636911429352e-06,5.2300861928571686e-08,5.2271481536754055e-08,9
CP_REPO_OPS_C,cluster_entry_strict,ex_post_descriptive,near_zero_excluded,RMSE,72532,10,0.0015771697920869228,0.0015605011025766483,1.6668689510274462e-05,1.437295974772621e-05,9
CP_REPO_OPS_C,cluster_entry_strict,ex_post_descriptive,near_zero_excluded,SMAPE,72532,10,92.4997892944739,92.24632363066115,0.25346566381274727,0.2551130507237474,8
CP_REPO_OPS_C,cluster_entry_strict,ex_post_descriptive,standard,LOG_RV_MSE,73266,10,61.91279479782629,62.127760651380555,-0.21496585355426845,-0.2147768572074508,2
CP_REPO_OPS_C,cluster_entry_strict,ex_post_descriptive,standard,MAE,73266,10,0.0007574764163155193,0.0007477129262064273,9.763490109091963e-06,9.76045115622233e-06,9
CP_REPO_OPS_C,cluster_entry_strict,ex_post_descriptive,standard,MSE,73266,10,2.4671601900807016e-06,2.4151209207298998e-06,5.2039269350801795e-08,5.203074002646158e-08,9
CP_REPO_OPS_C,cluster_entry_strict,ex_post_descriptive,standard,RMSE,73266,10,0.0015707196408273189,0.0015540659319121244,1.6653708915194496e-05,1.435188755002548e-05,9
CP_REPO_OPS_C,cluster_entry_strict,ex_post_descriptive,standard,SMAPE,73266,10,93.51351872765494,93.26064183191957,0.2528768957353691,0.25279631970812916,8
CP_REPO_OPS_C,cluster_exit_loose,ex_post_descriptive,high_vol_only,LOG_RV_MSE,14693,10,1.1229862115788884,2.49709999562088,-1.3741137840419915,-1.373519362460772,0
CP_REPO_OPS_C,cluster_exit_loose,ex_post_descriptive,high_vol_only,MAE,14693,10,0.0015010885261131542,0.0014964411234553968,4.647402657757382e-06,4.649694048454916e-06,9
CP_REPO_OPS_C,cluster_exit_loose,ex_post_descriptive,high_vol_only,MSE,14693,10,1.2677943124526244e-05,1.2593918439763193e-05,8.402468476305104e-08,8.397924039053575e-08,10
CP_REPO_OPS_C,cluster_exit_loose,ex_post_descriptive,high_vol_only,RMSE,14693,10,0.0035606099371492863,0.0035487911237156796,1.1818813433606742e-05,9.439014748678436e-06,10
CP_REPO_OPS_C,cluster_exit_loose,ex_post_descriptive,high_vol_only,SMAPE,14693,10,73.70908084853484,73.98321540654035,-0.2741345580055139,-0.2738357596077776,2
CP_REPO_OPS_C,cluster_exit_loose,ex_post_descriptive,near_zero_excluded,LOG_RV_MSE,72719,10,80.20388218822569,80.88051696486326,-0.6766347766375702,-0.7074051801548865,5
CP_REPO_OPS_C,cluster_exit_loose,ex_post_descriptive,near_zero_excluded,MAE,72719,10,0.0006184788455707456,0.0006196818742470902,-1.2030286763445785e-06,-1.2400330877707803e-06,3
CP_REPO_OPS_C,cluster_exit_loose,ex_post_descriptive,near_zero_excluded,MSE,72719,10,2.7784093074004996e-06,2.771920824931098e-06,6.48848246940173e-09,6.3408324250602786e-09,5
CP_REPO_OPS_C,cluster_exit_loose,ex_post_descriptive,near_zero_excluded,RMSE,72719,10,0.0016668561147863063,0.0016649086536297112,1.9474611565950886e-06,1.105518897757127e-06,5
CP_REPO_OPS_C,cluster_exit_loose,ex_post_descriptive,near_zero_excluded,SMAPE,72719,10,96.79268422556595,97.65417408649151,-0.861489860925559,-0.8640242762301454,0
CP_REPO_OPS_C,cluster_exit_loose,ex_post_descriptive,standard,LOG_RV_MSE,73455,10,82.09800800629024,82.70338344420577,-0.6053754379155265,-0.6052812999789847,5
CP_REPO_OPS_C,cluster_exit_loose,ex_post_descriptive,standard,MAE,73455,10,0.0006171643472764074,0.0006181690520124287,-1.0047047360212547e-06,-1.004477736465015e-06,3
CP_REPO_OPS_C,cluster_exit_loose,ex_post_descriptive,standard,MSE,73455,10,2.7534877094946653e-06,2.7470509635901465e-06,6.436745904518792e-09,6.428692117463837e-09,5
CP_REPO_OPS_C,cluster_exit_loose,ex_post_descriptive,standard,RMSE,73455,10,0.0016593636459482487,0.0016574229887358707,1.9406572123780233e-06,1.1253278242030242e-06,5
CP_REPO_OPS_C,cluster_exit_loose,ex_post_descriptive,standard,SMAPE,73455,10,97.78270324564932,98.62931069662565,-0.8466074509763359,-0.8462675204613574,0
CP_REPO_OPS_C,cluster_exit_strict,ex_post_descriptive,high_vol_only,LOG_RV_MSE,14671,10,1.121544847097662,2.497578427314117,-1.376033580216455,-1.375107264717799,0
CP_REPO_OPS_C,cluster_exit_strict,ex_post_descriptive,high_vol_only,MAE,14671,10,0.0015007236426876971,0.0014959964234196384,4.727219268058731e-06,4.724320978027554e-06,9
CP_REPO_OPS_C,cluster_exit_strict,ex_post_descriptive,high_vol_only,MSE,14671,10,1.2686413406552538e-05,1.2602186760424716e-05,8.422664612782264e-08,8.416711638406407e-08,10
CP_REPO_OPS_C,cluster_exit_strict,ex_post_descriptive,high_vol_only,RMSE,14671,10,0.003561799181109533,0.003549955881475813,1.1843299633719842e-05,9.45679275681494e-06,10
CP_REPO_OPS_C,cluster_exit_strict,ex_post_descriptive,high_vol_only,SMAPE,14671,10,73.684845994303,73.94926691427906,-0.264420919976061,-0.2644361745388906,3
CP_REPO_OPS_C,cluster_exit_strict,ex_post_descriptive,near_zero_excluded,LOG_RV_MSE,72600,10,80.02173783897848,80.7040236291804,-0.6822857902019166,-0.7129071417208099,5
CP_REPO_OPS_C,cluster_exit_strict,ex_post_descriptive,near_zero_excluded,MAE,72600,10,0.0006184535179022776,0.0006196548734527284,-1.2013555504507799e-06,-1.2390564478279692e-06,3
CP_REPO_OPS_C,cluster_exit_strict,ex_post_descriptive,near_zero_excluded,MSE,72600,10,2.7805878498197563e-06,2.774078103785155e-06,6.509746034601139e-09,6.364303930046704e-09,5
CP_REPO_OPS_C,cluster_exit_strict,ex_post_descriptive,near_zero_excluded,RMSE,72600,10,0.0016675094751814027,0.0016655563946576996,1.9530805237030074e-06,1.1099638386246083e-06,5
CP_REPO_OPS_C,cluster_exit_strict,ex_post_descriptive,near_zero_excluded,SMAPE,72600,10,96.72258691267511,97.58619928697964,-0.8636123743045232,-0.86625222394172,0
CP_REPO_OPS_C,cluster_exit_strict,ex_post_descriptive,standard,LOG_RV_MSE,73334,10,81.90717235117306,82.51774228188364,-0.6105699307105823,-0.6104157572445162,5
CP_REPO_OPS_C,cluster_exit_strict,ex_post_descriptive,standard,MAE,73334,10,0.000617143413936819,0.0006181418396533704,-9.984257165514135e-07,-9.984361224422598e-07,3
CP_REPO_OPS_C,cluster_exit_strict,ex_post_descriptive,standard,MSE,73334,10,2.7556748132676994e-06,2.749213735192601e-06,6.461078075098271e-09,6.455582767479258e-09,5
CP_REPO_OPS_C,cluster_exit_strict,ex_post_descriptive,standard,RMSE,73334,10,0.0016600225339638314,0.001658075310470728,1.9472234931033373e-06,1.130934406200733e-06,5
CP_REPO_OPS_C,cluster_exit_strict,ex_post_descriptive,standard,SMAPE,73334,10,97.71189563488282,98.56051197827848,-0.8486163433956619,-0.8482970743434123,0
CP_REPO_OPS_C,entry_with_recent_spike,ex_post_descriptive,high_vol_only,LOG_RV_MSE,8754,10,1.4736378437064515,1.7006427879620793,-0.2270049442556279,-0.21707467818589993,3
CP_REPO_OPS_C,entry_with_recent_spike,ex_post_descriptive,high_vol_only,MAE,8754,10,0.0019315043244099452,0.0019154714574259658,1.6032866983979426e-05,1.586042942855613e-05,8
CP_REPO_OPS_C,entry_with_recent_spike,ex_post_descriptive,high_vol_only,MSE,8754,10,1.1146392096496613e-05,1.1001674097676938e-05,1.4471799881967456e-07,1.4258363436908656e-07,8
CP_REPO_OPS_C,entry_with_recent_spike,ex_post_descriptive,high_vol_only,RMSE,8754,10,0.003338621286773421,0.003316877160474433,2.174412629898795e-05,1.7682626203585734e-05,8
CP_REPO_OPS_C,entry_with_recent_spike,ex_post_descriptive,high_vol_only,SMAPE,8754,10,87.65347704873638,87.21542444380498,0.43805260493139997,0.447313719549949,6
CP_REPO_OPS_C,entry_with_recent_spike,ex_post_descriptive,near_zero_excluded,LOG_RV_MSE,43077,10,58.5073000988938,58.59651009118387,-0.08920999229007265,-0.10529141654669202,4
CP_REPO_OPS_C,entry_with_recent_spike,ex_post_descriptive,near_zero_excluded,MAE,43077,10,0.0008298909472286534,0.0008130327893428119,1.6858157885841466e-05,1.6693000169521953e-05,9
CP_REPO_OPS_C,entry_with_recent_spike,ex_post_descriptive,near_zero_excluded,MSE,43077,10,2.7524238027535856e-06,2.6842434085881843e-06,6.818039416540125e-08,6.76528503158712e-08,10
CP_REPO_OPS_C,entry_with_recent_spike,ex_post_descriptive,near_zero_excluded,RMSE,43077,10,0.0016590430382463215,0.001638366078929915,2.067695931640655e-05,1.844277640502607e-05,10
CP_REPO_OPS_C,entry_with_recent_spike,ex_post_descriptive,near_zero_excluded,SMAPE,43077,10,93.4313578597661,92.84131762230442,0.5900402374616789,0.5921582384554085,9
CP_REPO_OPS_C,entry_with_recent_spike,ex_post_descriptive,standard,LOG_RV_MSE,43747,10,61.708962586389255,61.761746611436905,-0.05278402504765012,-0.06390262540423067,4
CP_REPO_OPS_C,entry_with_recent_spike,ex_post_descriptive,standard,MAE,43747,10,0.0008304363652918029,0.0008130933147810095,1.7343050510793424e-05,1.707641817896349e-05,9
CP_REPO_OPS_C,entry_with_recent_spike,ex_post_descriptive,standard,MSE,43747,10,2.7262690958934324e-06,2.6571162814700076e-06,6.915281442342483e-08,6.812425025141982e-08,10
CP_REPO_OPS_C,entry_with_recent_spike,ex_post_descriptive,standard,RMSE,43747,10,0.0016511417552389112,0.0016300663426590978,2.107541257981337e-05,1.8694978328910584e-05,10
CP_REPO_OPS_C,entry_with_recent_spike,ex_post_descriptive,standard,SMAPE,43747,10,94.9939885723259,94.408854579016,0.5851339933099098,0.5812124857513424,9
CP_REPO_OPS_C,entry_without_recent_spike,ex_post_descriptive,high_vol_only,LOG_RV_MSE,5946,10,1.1195692099524477,1.4547724864233909,-0.33520327647094317,-0.33613105687402084,7
CP_REPO_OPS_C,entry_without_recent_spike,ex_post_descriptive,high_vol_only,MAE,5946,10,0.0015570783495014973,0.001530004384834329,2.7073964667168266e-05,2.749779818834355e-05,10
CP_REPO_OPS_C,entry_without_recent_spike,ex_post_descriptive,high_vol_only,MSE,5946,10,9.074816797282833e-06,8.909431015558872e-06,1.6538578172396173e-07,1.6866531303355792e-07,10
CP_REPO_OPS_C,entry_without_recent_spike,ex_post_descriptive,high_vol_only,RMSE,5946,10,0.003012443658773195,0.002984867001318295,2.757665745490006e-05,2.5049630709766068e-05,10
CP_REPO_OPS_C,entry_without_recent_spike,ex_post_descriptive,high_vol_only,SMAPE,5946,10,80.3430946440876,78.3095996743996,2.033494969687993,2.0579790770663906,10
CP_REPO_OPS_C,entry_without_recent_spike,ex_post_descriptive,near_zero_excluded,LOG_RV_MSE,29421,10,60.966920165964275,61.42889566497115,-0.4619754990068756,-0.47073709387000784,1
CP_REPO_OPS_C,entry_without_recent_spike,ex_post_descriptive,near_zero_excluded,MAE,29421,10,0.00064865090680092,0.0006499512854238256,-1.3003786229055748e-06,-1.3160702197010977e-06,3
CP_REPO_OPS_C,entry_without_recent_spike,ex_post_descriptive,near_zero_excluded,MSE,29421,10,2.0879985944370397e-06,2.0609146799959634e-06,2.7083914441076325e-08,2.7523300234166937e-08,8
CP_REPO_OPS_C,entry_without_recent_spike,ex_post_descriptive,near_zero_excluded,RMSE,29421,10,0.0014449908630981166,0.0014355886179529158,9.402245145200732e-06,7.348119650213572e-06,8
CP_REPO_OPS_C,entry_without_recent_spike,ex_post_descriptive,near_zero_excluded,SMAPE,29421,10,90.44189351704458,90.66419003913585,-0.22229652209126982,-0.22835265505764682,2
CP_REPO_OPS_C,entry_without_recent_spike,ex_post_descriptive,standard,LOG_RV_MSE,29710,10,62.62604303537494,63.074790263968346,-0.44874722859340466,-0.45150593982275194,1
CP_REPO_OPS_C,entry_without_recent_spike,ex_post_descriptive,standard,MAE,29710,10,0.0006476522732693516,0.0006490140233923183,-1.361750122966742e-06,-1.3430672687450838e-06,3
CP_REPO_OPS_C,entry_without_recent_spike,ex_post_descriptive,standard,MSE,29710,10,2.071202405933468e-06,2.044639336821188e-06,2.6563069112279786e-08,2.7109885649040193e-08,8
CP_REPO_OPS_C,entry_without_recent_spike,ex_post_descriptive,standard,RMSE,29710,10,0.0014391672612776695,0.0014299088561237699,9.258405153899632e-06,7.221406291727737e-06,8
CP_REPO_OPS_C,entry_without_recent_spike,ex_post_descriptive,standard,SMAPE,29710,10,91.450697436652,91.67096380529604,-0.22026636864403315,-0.22223534230059555,2
CP_REPO_OPS_C,high_within_block_dispersion,ex_post_descriptive,high_vol_only,LOG_RV_MSE,13800,10,1.347003340120205,3.9559888424323164,-2.6089855023121116,-2.441954781065184,1
CP_REPO_OPS_C,high_within_block_dispersion,ex_post_descriptive,high_vol_only,MAE,13800,10,0.0010124910161190377,0.0010281836141785052,-1.5692598059467494e-05,-1.4708389422545052e-05,1
CP_REPO_OPS_C,high_within_block_dispersion,ex_post_descriptive,high_vol_only,MSE,13800,10,4.061123263348121e-06,4.072028556422262e-06,-1.090529307414059e-08,-1.0065831895338147e-08,4
CP_REPO_OPS_C,high_within_block_dispersion,ex_post_descriptive,high_vol_only,RMSE,13800,10,0.0020152228818044226,0.0020179267965965125,-2.7039147920899023e-06,-2.805653246127347e-06,4
CP_REPO_OPS_C,high_within_block_dispersion,ex_post_descriptive,high_vol_only,SMAPE,13800,10,67.13010831164493,70.5562119561657,-3.426103644520765,-3.167136395231362,1
CP_REPO_OPS_C,high_within_block_dispersion,ex_post_descriptive,near_zero_excluded,LOG_RV_MSE,68602,10,133.4472628617705,133.79616599280396,-0.3489031310334667,-0.339812225929931,6
CP_REPO_OPS_C,high_within_block_dispersion,ex_post_descriptive,near_zero_excluded,MAE,68602,10,0.000568649162840853,0.0005513215003581576,1.7327662482695362e-05,1.6467551412896734e-05,9
CP_REPO_OPS_C,high_within_block_dispersion,ex_post_descriptive,near_zero_excluded,MSE,68602,10,1.1270507328910632e-06,1.0944616087795855e-06,3.258912411147764e-08,3.089331616365564e-08,9
CP_REPO_OPS_C,high_within_block_dispersion,ex_post_descriptive,near_zero_excluded,RMSE,68602,10,0.0010616264563824054,0.0010461651919174073,1.5461264464998112e-05,1.3220588317597359e-05,9
CP_REPO_OPS_C,high_within_block_dispersion,ex_post_descriptive,near_zero_excluded,SMAPE,68602,10,119.19625535916762,119.47366780091569,-0.2774124417480692,-0.2508643619492247,4
CP_REPO_OPS_C,high_within_block_dispersion,ex_post_descriptive,standard,LOG_RV_MSE,68970,10,134.1816042629971,134.48245751255777,-0.3008532495606744,-0.2753122327743208,6
CP_REPO_OPS_C,high_within_block_dispersion,ex_post_descriptive,standard,MAE,68970,10,0.0005686239437191444,0.0005511825419522703,1.7441401766874094e-05,1.656696739457484e-05,9
CP_REPO_OPS_C,high_within_block_dispersion,ex_post_descriptive,standard,MSE,68970,10,1.123133377256323e-06,1.0904722343176507e-06,3.266114293867216e-08,3.094007030424149e-08,9
CP_REPO_OPS_C,high_within_block_dispersion,ex_post_descriptive,standard,RMSE,68970,10,0.0010597798720754811,0.0010442567856220283,1.552308645345283e-05,1.3265997209671197e-05,9
CP_REPO_OPS_C,high_within_block_dispersion,ex_post_descriptive,standard,SMAPE,68970,10,119.60427234064147,119.87638395097478,-0.27211161033331166,-0.24736884216717242,4
CP_REPO_OPS_C,inflection_points,ex_post_descriptive,high_vol_only,LOG_RV_MSE,28984,10,1.1395945186365517,1.8235548287947478,-0.6839603101581961,-0.682386964503989,1
CP_REPO_OPS_C,inflection_points,ex_post_descriptive,high_vol_only,MAE,28984,10,0.0015690861682796692,0.0015522981901106509,1.678797816901832e-05,1.6341203001561556e-05,10
CP_REPO_OPS_C,inflection_points,ex_post_descriptive,high_vol_only,MSE,28984,10,1.1258143057283103e-05,1.1131695707717422e-05,1.2644734956568067e-07,1.2283187362632315e-07,10
CP_REPO_OPS_C,inflection_points,ex_post_descriptive,high_vol_only,RMSE,28984,10,0.0033553156419751486,0.0033364195940734764,1.889604790167223e-05,1.5848060218112474e-05,10
CP_REPO_OPS_C,inflection_points,ex_post_descriptive,high_vol_only,SMAPE,28984,10,77.5511484641698,76.58791884732652,0.9632296168432788,0.9426692250206159,10
CP_REPO_OPS_C,inflection_points,ex_post_descriptive,near_zero_excluded,LOG_RV_MSE,143375,10,58.64300646845435,59.06381496929351,-0.4208085008391578,-0.4197439748783398,4
CP_REPO_OPS_C,inflection_points,ex_post_descriptive,near_zero_excluded,MAE,143375,10,0.0006543332064361158,0.0006532314608480739,1.1017455880419236e-06,1.0072452716963033e-06,5
CP_REPO_OPS_C,inflection_points,ex_post_descriptive,near_zero_excluded,MSE,143375,10,2.5404502226370316e-06,2.5176454185798077e-06,2.2804804057223933e-08,2.1921777873971776e-08,9
CP_REPO_OPS_C,inflection_points,ex_post_descriptive,near_zero_excluded,RMSE,143375,10,0.0015938789861959506,0.001586708989884348,7.169996311602676e-06,5.637326993945379e-06,9
CP_REPO_OPS_C,inflection_points,ex_post_descriptive,near_zero_excluded,SMAPE,143375,10,90.02958355319511,90.32867645386469,-0.29909290066957794,-0.2967454912919578,0
CP_REPO_OPS_C,inflection_points,ex_post_descriptive,standard,LOG_RV_MSE,144886,10,60.506791384132924,60.8940866259877,-0.3872952418547726,-0.3741056963521615,4
CP_REPO_OPS_C,inflection_points,ex_post_descriptive,standard,MAE,144886,10,0.0006529679144583394,0.0006517073799931717,1.2605344651677591e-06,1.174191726248806e-06,7
CP_REPO_OPS_C,inflection_points,ex_post_descriptive,standard,MSE,144886,10,2.5174090289669973e-06,2.494720329701385e-06,2.268869926561216e-08,2.1979072619879547e-08,9
CP_REPO_OPS_C,inflection_points,ex_post_descriptive,standard,RMSE,144886,10,0.0015866344975976657,0.0015794683693260163,7.166128271649452e-06,5.667443508898225e-06,9
CP_REPO_OPS_C,inflection_points,ex_post_descriptive,standard,SMAPE,144886,10,91.11849778030444,91.40842868468727,-0.2899309043828282,-0.2867376326227088,0
CP_REPO_OPS_C,older_spike_position,ex_post_descriptive,high_vol_only,LOG_RV_MSE,21781,10,1.1395303095276075,2.152550032887065,-1.0130197233594573,-0.9950730485404808,0
CP_REPO_OPS_C,older_spike_position,ex_post_descriptive,high_vol_only,MAE,21781,10,0.0013486758957650074,0.0013444632481959989,4.2126475690085815e-06,3.955325416167077e-06,8
CP_REPO_OPS_C,older_spike_position,ex_post_descriptive,high_vol_only,MSE,21781,10,1.069141300105579e-05,1.0627692429984547e-05,6.37205710712432e-08,6.11215145019474e-08,8
CP_REPO_OPS_C,older_spike_position,ex_post_descriptive,high_vol_only,RMSE,21781,10,0.0032697726222255565,0.003260014176347174,9.758445878382295e-06,7.529465420171857e-06,8
CP_REPO_OPS_C,older_spike_position,ex_post_descriptive,high_vol_only,SMAPE,21781,10,69.8626302544199,70.07659736675251,-0.213967112332611,-0.24894490109537132,5
CP_REPO_OPS_C,older_spike_position,ex_post_descriptive,near_zero_excluded,LOG_RV_MSE,107788,10,78.34423187563695,78.75435867745854,-0.41012680182159045,-0.41106069521442856,5
CP_REPO_OPS_C,older_spike_position,ex_post_descriptive,near_zero_excluded,MAE,107788,10,0.0005714781969803931,0.0005714700455201876,8.15146020550616e-09,4.095973337057621e-08,5
CP_REPO_OPS_C,older_spike_position,ex_post_descriptive,near_zero_excluded,MSE,107788,10,2.346475802604796e-06,2.33887478375042e-06,7.601018854376116e-09,7.206342792069696e-09,8
CP_REPO_OPS_C,older_spike_position,ex_post_descriptive,near_zero_excluded,RMSE,107788,10,0.0015318210739524365,0.0015293380214165932,2.483052535843253e-06,1.7696637152914077e-06,8
CP_REPO_OPS_C,older_spike_position,ex_post_descriptive,near_zero_excluded,SMAPE,107788,10,96.43669126169502,97.00108944513592,-0.5643981834409004,-0.5511006771715415,0
CP_REPO_OPS_C,older_spike_position,ex_post_descriptive,standard,LOG_RV_MSE,108871,10,80.56611776174127,80.92089987031817,-0.35478210857689874,-0.33412925612817296,5
CP_REPO_OPS_C,older_spike_position,ex_post_descriptive,standard,MAE,108871,10,0.0005701423444680369,0.0005700250005880613,1.1734387997560086e-07,1.6188779819561777e-07,5
CP_REPO_OPS_C,older_spike_position,ex_post_descriptive,standard,MSE,108871,10,2.3254307190849205e-06,2.3179024190097094e-06,7.528300075211115e-09,7.198354953940585e-09,8
CP_REPO_OPS_C,older_spike_position,ex_post_descriptive,standard,RMSE,108871,10,0.0015249363000089285,0.001522465900770756,2.4703992381725458e-06,1.7708906923593152e-06,8
CP_REPO_OPS_C,older_spike_position,ex_post_descriptive,standard,SMAPE,108871,10,97.43444157677632,97.98992279914323,-0.5554812223669074,-0.5435965589658395,0
CP_REPO_OPS_C,recent_ramp_high_dispersion,ex_post_descriptive,high_vol_only,LOG_RV_MSE,4860,10,1.422541686129273,1.4272419110790426,-0.004700224949769627,0.005884631392069295,2
CP_REPO_OPS_C,recent_ramp_high_dispersion,ex_post_descriptive,high_vol_only,MAE,4860,10,0.0014613955477391944,0.0014552929602587546,6.102587480439747e-06,6.303732237481158e-06,6
CP_REPO_OPS_C,recent_ramp_high_dispersion,ex_post_descriptive,high_vol_only,MSE,4860,10,5.9629586828906324e-06,5.900400593493402e-06,6.255808939723045e-08,6.100287432487276e-08,7
CP_REPO_OPS_C,recent_ramp_high_dispersion,ex_post_descriptive,high_vol_only,RMSE,4860,10,0.0024419170098286783,0.0024290740197641983,1.284299006447994e-05,1.1871207348100771e-05,7
CP_REPO_OPS_C,recent_ramp_high_dispersion,ex_post_descriptive,high_vol_only,SMAPE,4860,10,76.48024025708399,77.15184970639537,-0.6716094493113758,-0.6040555305135001,3
CP_REPO_OPS_C,recent_ramp_high_dispersion,ex_post_descriptive,near_zero_excluded,LOG_RV_MSE,24128,10,114.11256475334159,114.10224503807522,0.01031971526636255,0.02063968101685081,5
CP_REPO_OPS_C,recent_ramp_high_dispersion,ex_post_descriptive,near_zero_excluded,MAE,24128,10,0.0007928593927930361,0.0007598333326816018,3.3026060111434295e-05,3.259551439221336e-05,9
CP_REPO_OPS_C,recent_ramp_high_dispersion,ex_post_descriptive,near_zero_excluded,MSE,24128,10,1.8154479400161009e-06,1.7165947795194563e-06,9.885316049664458e-08,9.811409285261316e-08,10
CP_REPO_OPS_C,recent_ramp_high_dispersion,ex_post_descriptive,near_zero_excluded,RMSE,24128,10,0.0013473855944072211,0.0013101888335348673,3.719676087235381e-05,3.256146247488555e-05,10
CP_REPO_OPS_C,recent_ramp_high_dispersion,ex_post_descriptive,near_zero_excluded,SMAPE,24128,10,117.97303253465954,116.87442080756726,1.0986117270922762,1.0737463244421661,8
CP_REPO_OPS_C,recent_ramp_high_dispersion,ex_post_descriptive,standard,LOG_RV_MSE,24273,10,114.68887161199063,114.65669078342495,0.032180828565685715,0.041637974197640835,5
CP_REPO_OPS_C,recent_ramp_high_dispersion,ex_post_descriptive,standard,MAE,24273,10,0.0007926212485103804,0.0007594726643928027,3.3148584117577754e-05,3.261990914179936e-05,9
CP_REPO_OPS_C,recent_ramp_high_dispersion,ex_post_descriptive,standard,MSE,24273,10,1.8086202642090091e-06,1.7097648092064974e-06,9.885545500251177e-08,9.79992021656568e-08,10
CP_REPO_OPS_C,recent_ramp_high_dispersion,ex_post_descriptive,standard,RMSE,24273,10,0.001344849532181578,0.0013075797525223833,3.7269779659194775e-05,3.258241623725777e-05,10
CP_REPO_OPS_C,recent_ramp_high_dispersion,ex_post_descriptive,standard,SMAPE,24273,10,118.4281414949415,117.33186212077521,1.0962793741662864,1.065609829496752,8
CP_REPO_OPS_C,recent_spike_position,ex_post_descriptive,high_vol_only,LOG_RV_MSE,41263,10,133.60326357120792,133.9189627524326,-0.3156991812246872,-0.46889238638904046,1
CP_REPO_OPS_C,recent_spike_position,ex_post_descriptive,high_vol_only,MAE,41263,10,0.0009278329622731831,0.0009214189902372991,6.413972035884002e-06,1.2136830609651202e-05,7
CP_REPO_OPS_C,recent_spike_position,ex_post_descriptive,high_vol_only,MSE,41263,10,5.620772726690841e-06,5.5670078599056265e-06,5.3764866785214414e-08,9.960039327285116e-08,8
CP_REPO_OPS_C,recent_spike_position,ex_post_descriptive,high_vol_only,RMSE,41263,10,0.002370816890164831,0.002359450753863201,1.1366136301630206e-05,1.3253387394221406e-05,8
CP_REPO_OPS_C,recent_spike_position,ex_post_descriptive,high_vol_only,SMAPE,41263,10,126.75937020163306,126.53068404411407,0.22868615751899313,0.33613614550679644,7
CP_REPO_OPS_C,recent_spike_position,ex_post_descriptive,near_zero_excluded,LOG_RV_MSE,124205,10,108.09331457411457,108.1880629786223,-0.09474840450772604,-0.13211685045899146,3
CP_REPO_OPS_C,recent_spike_position,ex_post_descriptive,near_zero_excluded,MAE,124205,10,0.0006101040586077684,0.0006032061023400635,6.897956267704845e-06,7.522393287274869e-06,9
CP_REPO_OPS_C,recent_spike_position,ex_post_descriptive,near_zero_excluded,MSE,124205,10,2.122274233945656e-06,2.0929611688224028e-06,2.9313065123253184e-08,3.269371104217792e-08,10
CP_REPO_OPS_C,recent_spike_position,ex_post_descriptive,near_zero_excluded,RMSE,124205,10,0.0014568027436635531,0.0014467070086311197,1.0095735032433469e-05,9.696966476581837e-06,10
CP_REPO_OPS_C,recent_spike_position,ex_post_descriptive,near_zero_excluded,SMAPE,124205,10,110.75903396715827,110.63796304291817,0.12107092424010091,0.13380410544105673,7
CP_REPO_OPS_C,recent_spike_position,ex_post_descriptive,standard,LOG_RV_MSE,125358,10,109.41387331267963,109.4936041548889,-0.07973084220927262,-0.1094307341096977,3
CP_REPO_OPS_C,recent_spike_position,ex_post_descriptive,standard,MAE,125358,10,0.0006091827784219505,0.0006021776841834606,7.005094238489874e-06,7.60624551312105e-06,9
CP_REPO_OPS_C,recent_spike_position,ex_post_descriptive,standard,MSE,125358,10,2.1057111020059574e-06,2.076447469044175e-06,2.926363296178228e-08,3.2629088374283294e-08,10
CP_REPO_OPS_C,recent_spike_position,ex_post_descriptive,standard,RMSE,125358,10,0.00145110685409654,0.0014409883653396286,1.0118488756911395e-05,9.719181894064572e-06,10
CP_REPO_OPS_C,recent_spike_position,ex_post_descriptive,standard,SMAPE,125358,10,111.53126331543436,111.40934451728168,0.12191879815267725,0.13031144984955886,7
CP_REPO_OPS_C,same_average_back_loaded,ex_post_descriptive,high_vol_only,LOG_RV_MSE,5089,10,148.22928488392745,147.69483010364544,0.5344547802820045,-0.37291115392259777,6
CP_REPO_OPS_C,same_average_back_loaded,ex_post_descriptive,high_vol_only,MAE,5089,10,0.00079502070058517,0.0007881994075594054,6.8212930257645224e-06,8.250221971954984e-06,7
CP_REPO_OPS_C,same_average_back_loaded,ex_post_descriptive,high_vol_only,MSE,5089,10,5.436331053659615e-06,5.394669097560611e-06,4.1661956099004194e-08,7.366836652639623e-08,9
CP_REPO_OPS_C,same_average_back_loaded,ex_post_descriptive,high_vol_only,RMSE,5089,10,0.0023315941013949265,0.0023226426969210332,8.951404473893278e-06,1.0712696438641196e-05,9
CP_REPO_OPS_C,same_average_back_loaded,ex_post_descriptive,high_vol_only,SMAPE,5089,10,125.47402771920483,125.31781100952298,0.15621670968184276,0.2289985334326282,7
CP_REPO_OPS_C,same_average_back_loaded,ex_post_descriptive,near_zero_excluded,LOG_RV_MSE,15487,10,124.26141461023107,124.0724477339451,0.1889668762859742,0.03280651297561617,8
CP_REPO_OPS_C,same_average_back_loaded,ex_post_descriptive,near_zero_excluded,MAE,15487,10,0.000527741419898501,0.0005263568631929717,1.3845567055293306e-06,1.0205457519361942e-06,6
CP_REPO_OPS_C,same_average_back_loaded,ex_post_descriptive,near_zero_excluded,MSE,15487,10,1.938986808645503e-06,1.929239174068021e-06,9.747634577481955e-09,1.0408305316527085e-08,9
CP_REPO_OPS_C,same_average_back_loaded,ex_post_descriptive,near_zero_excluded,RMSE,15487,10,0.0013924750657176965,0.0013889705447085697,3.5045210091267775e-06,3.2379922109573345e-06,9
CP_REPO_OPS_C,same_average_back_loaded,ex_post_descriptive,near_zero_excluded,SMAPE,15487,10,115.21629356973736,115.33253599988403,-0.11624243014667002,-0.1441940997257774,4
CP_REPO_OPS_C,same_average_back_loaded,ex_post_descriptive,standard,LOG_RV_MSE,15559,10,124.77448379663251,124.5791727017406,0.19531109489190612,0.04342424575237871,8
CP_REPO_OPS_C,same_average_back_loaded,ex_post_descriptive,standard,MAE,15559,10,0.0005277712464133768,0.0005263561640986315,1.4150823147453511e-06,1.0632691572790763e-06,6
CP_REPO_OPS_C,same_average_back_loaded,ex_post_descriptive,standard,MSE,15559,10,1.931432277016903e-06,1.9217427318546663e-06,9.689545162236634e-09,1.0363279219828467e-08,9
CP_REPO_OPS_C,same_average_back_loaded,ex_post_descriptive,standard,RMSE,15559,10,0.0013897597911210781,0.001386269357612245,3.490433508833088e-06,3.2267622995525335e-06,9
CP_REPO_OPS_C,same_average_back_loaded,ex_post_descriptive,standard,SMAPE,15559,10,115.5837931550299,115.69922358292384,-0.11543042789394065,-0.1452271564172051,4
CP_REPO_OPS_C,same_average_different_path,ex_post_descriptive,high_vol_only,LOG_RV_MSE,1483,10,1.176451606646611,1.8475585210192462,-0.6711069143726351,-0.6659323497801973,2
CP_REPO_OPS_C,same_average_different_path,ex_post_descriptive,high_vol_only,MAE,1483,10,0.0012308421833447504,0.0012318349755803303,-9.927922355798795e-07,-3.111644532718808e-06,5
CP_REPO_OPS_C,same_average_different_path,ex_post_descriptive,high_vol_only,MSE,1483,10,5.424646643583948e-06,5.427633440040103e-06,-2.986796456154956e-09,-8.691828660947357e-09,4
CP_REPO_OPS_C,same_average_different_path,ex_post_descriptive,high_vol_only,RMSE,1483,10,0.0023290870837270015,0.002329728190162986,-6.411064359846015e-07,-2.9875920810097286e-06,4
CP_REPO_OPS_C,same_average_different_path,ex_post_descriptive,high_vol_only,SMAPE,1483,10,78.26623100008541,78.75090630006606,-0.4846752999806512,-0.6685511991095012,4
CP_REPO_OPS_C,same_average_different_path,ex_post_descriptive,near_zero_excluded,LOG_RV_MSE,7368,10,130.5647982605645,129.9871728973223,0.5776253632421913,0.39740937272988774,9
CP_REPO_OPS_C,same_average_different_path,ex_post_descriptive,near_zero_excluded,MAE,7368,10,0.0005432933685073359,0.0005356926469894766,7.600721517859316e-06,7.0815576887479715e-06,9
CP_REPO_OPS_C,same_average_different_path,ex_post_descriptive,near_zero_excluded,MSE,7368,10,1.25033332979528e-06,1.2453986069556954e-06,4.934722839584677e-09,3.762720835097243e-09,7
CP_REPO_OPS_C,same_average_different_path,ex_post_descriptive,near_zero_excluded,RMSE,7368,10,0.0011181830484295852,0.0011159742859742313,2.2087624553539156e-06,1.2011565046367094e-06,7
CP_REPO_OPS_C,same_average_different_path,ex_post_descriptive,near_zero_excluded,SMAPE,7368,10,117.07922485099387,116.66425482059672,0.41497003039714286,0.42400789213363765,9
CP_REPO_OPS_C,same_average_different_path,ex_post_descriptive,standard,LOG_RV_MSE,7396,10,131.0538149663491,130.46728949125338,0.5865254750957263,0.4123584730345202,9
CP_REPO_OPS_C,same_average_different_path,ex_post_descriptive,standard,MAE,7396,10,0.000543100371193495,0.0005354297126014918,7.670658592003185e-06,7.218606617714486e-06,10
CP_REPO_OPS_C,same_average_different_path,ex_post_descriptive,standard,MSE,7396,10,1.2465643227993336e-06,1.24158930810092e-06,4.975014698413553e-09,3.876991996824727e-09,7
CP_REPO_OPS_C,same_average_different_path,ex_post_descriptive,standard,RMSE,7396,10,0.0011164964499716663,0.001114266264454291,2.230185517375317e-06,1.2557084353345716e-06,7
CP_REPO_OPS_C,same_average_different_path,ex_post_descriptive,standard,SMAPE,7396,10,117.3731818015564,116.95910833696088,0.41407346459551775,0.42409458381290366,9
CP_REPO_OPS_C,same_average_recent_front_loaded,ex_post_descriptive,high_vol_only,LOG_RV_MSE,2870,10,1.4580562797951269,2.080208152420183,-0.6221518726250561,-0.5961800663391911,5
CP_REPO_OPS_C,same_average_recent_front_loaded,ex_post_descriptive,high_vol_only,MAE,2870,10,0.0016073033120725894,0.0015990753514763204,8.227960596268952e-06,8.302953789905384e-06,8
CP_REPO_OPS_C,same_average_recent_front_loaded,ex_post_descriptive,high_vol_only,MSE,2870,10,7.781371153816655e-06,7.723471741319416e-06,5.789941249723957e-08,5.8147669416061144e-08,9
CP_REPO_OPS_C,same_average_recent_front_loaded,ex_post_descriptive,high_vol_only,RMSE,2870,10,0.0027895109165975056,0.0027791134811877356,1.0397435409769968e-05,8.170796686283338e-06,9
CP_REPO_OPS_C,same_average_recent_front_loaded,ex_post_descriptive,high_vol_only,SMAPE,2870,10,94.65986103058924,94.16385340827297,0.49600762231627016,0.5126345056227948,8
CP_REPO_OPS_C,same_average_recent_front_loaded,ex_post_descriptive,near_zero_excluded,LOG_RV_MSE,14110,10,61.51306201248259,61.76811270374053,-0.2550506912579351,-0.27288792539506546,3
CP_REPO_OPS_C,same_average_recent_front_loaded,ex_post_descriptive,near_zero_excluded,MAE,14110,10,0.0006158783010104141,0.0006150153672909965,8.629337194176676e-07,7.548580733915997e-07,6
CP_REPO_OPS_C,same_average_recent_front_loaded,ex_post_descriptive,near_zero_excluded,MSE,14110,10,1.7527220781628603e-06,1.7422474873324238e-06,1.047459083043649e-08,1.0471376402956013e-08,9
CP_REPO_OPS_C,same_average_recent_front_loaded,ex_post_descriptive,near_zero_excluded,RMSE,14110,10,0.0013239041045947626,0.001319942228785951,3.9618758088115665e-06,3.2197843782742167e-06,9
CP_REPO_OPS_C,same_average_recent_front_loaded,ex_post_descriptive,near_zero_excluded,SMAPE,14110,10,92.08728032701002,92.17692758114276,-0.08964725413274266,-0.0914849964659922,3
CP_REPO_OPS_C,same_average_recent_front_loaded,ex_post_descriptive,standard,LOG_RV_MSE,14331,10,65.0327606534289,65.25833359446622,-0.22557294103732772,-0.24191675786662953,3
CP_REPO_OPS_C,same_average_recent_front_loaded,ex_post_descriptive,standard,MAE,14331,10,0.0006156989961505772,0.0006145318862786762,1.167109871901017e-06,1.0540115169225303e-06,6
CP_REPO_OPS_C,same_average_recent_front_loaded,ex_post_descriptive,standard,MSE,14331,10,1.732179693635762e-06,1.7214860870347465e-06,1.069360660101546e-08,1.0657531104655584e-08,9
CP_REPO_OPS_C,same_average_recent_front_loaded,ex_post_descriptive,standard,RMSE,14331,10,0.0013161229781581058,0.0013120541479050118,4.0688302530940065e-06,3.322914052840794e-06,9
CP_REPO_OPS_C,same_average_recent_front_loaded,ex_post_descriptive,standard,SMAPE,14331,10,93.68336123354462,93.77024613927031,-0.08688490572569663,-0.08959607034801138,3
CP_REPO_OPS_C,stable_low_dispersion,ex_post_descriptive,high_vol_only,LOG_RV_MSE,13798,10,1.1365927010064192,1.517262994334254,-0.38067029332783475,-0.37787686775840446,4
CP_REPO_OPS_C,stable_low_dispersion,ex_post_descriptive,high_vol_only,MAE,13798,10,0.0016297046728240819,0.0015960760012902974,3.362867153378448e-05,3.1885409681267166e-05,9
CP_REPO_OPS_C,stable_low_dispersion,ex_post_descriptive,high_vol_only,MSE,13798,10,1.7413305625955696e-05,1.718434936954287e-05,2.2895625641282478e-07,2.1677719150873356e-07,9
CP_REPO_OPS_C,stable_low_dispersion,ex_post_descriptive,high_vol_only,RMSE,13798,10,0.004172925307977091,0.004145400990199003,2.7524317778087823e-05,2.226568173363316e-05,9
CP_REPO_OPS_C,stable_low_dispersion,ex_post_descriptive,high_vol_only,SMAPE,13798,10,72.78501202823047,70.45723373909338,2.327778289137086,2.1676658326460534,9
CP_REPO_OPS_C,stable_low_dispersion,ex_post_descriptive,near_zero_excluded,LOG_RV_MSE,67129,10,23.025768102724278,23.437884507846334,-0.41211640512205605,-0.39043241523960737,2
CP_REPO_OPS_C,stable_low_dispersion,ex_post_descriptive,near_zero_excluded,MAE,67129,10,0.0006391886576111414,0.0006454689317241509,-6.280274113009527e-06,-6.026468814159696e-06,1
CP_REPO_OPS_C,stable_low_dispersion,ex_post_descriptive,near_zero_excluded,MSE,67129,10,3.7891257013455223e-06,3.7629786307330054e-06,2.6147070612516965e-08,2.4730704813911742e-08,9
CP_REPO_OPS_C,stable_low_dispersion,ex_post_descriptive,near_zero_excluded,RMSE,67129,10,0.0019465676719152413,0.0019398398466711126,6.727825244128667e-06,5.357112322988488e-06,9
CP_REPO_OPS_C,stable_low_dispersion,ex_post_descriptive,near_zero_excluded,SMAPE,67129,10,76.72229579638059,77.14129601751789,-0.4190002211372956,-0.4124631104447232,0
CP_REPO_OPS_C,stable_low_dispersion,ex_post_descriptive,standard,LOG_RV_MSE,68968,10,30.904589905889917,31.29698749242068,-0.3923975865307625,-0.36700262055287175,2
CP_REPO_OPS_C,stable_low_dispersion,ex_post_descriptive,standard,MAE,68968,10,0.0006423459670206478,0.0006488362004883337,-6.4902334676858854e-06,-6.195746204814808e-06,1
CP_REPO_OPS_C,stable_low_dispersion,ex_post_descriptive,standard,MSE,68968,10,3.707039266768412e-06,3.682651320579507e-06,2.438794618890511e-08,2.3061438112717875e-08,9
CP_REPO_OPS_C,stable_low_dispersion,ex_post_descriptive,standard,RMSE,68968,10,0.0019253673069750644,0.0019190235330968474,6.343773878216951e-06,5.054515488787627e-06,9
CP_REPO_OPS_C,stable_low_dispersion,ex_post_descriptive,standard,SMAPE,68968,10,79.91610747922876,80.32689183831877,-0.410784359090016,-0.4039394052858881,0
CP_REPO_OPS_HG,all_observations,not_conditioned,high_vol_only,LOG_RV_MSE,73496,10,1.2429973656852933,1.869676826868312,-0.6266794611830186,-0.6264178205207453,0
CP_REPO_OPS_HG,all_observations,not_conditioned,high_vol_only,MAE,73496,10,0.0013977588560373617,0.0013805542220992936,1.7204633938068103e-05,1.7204584588396652e-05,10
CP_REPO_OPS_HG,all_observations,not_conditioned,high_vol_only,MSE,73496,10,9.91631467282196e-06,9.82959466562093e-06,8.672000720103035e-08,8.667952883643422e-08,10
CP_REPO_OPS_HG,all_observations,not_conditioned,high_vol_only,RMSE,73496,10,0.0031490180489832003,0.00313521843985725,1.3799609125950303e-05,1.2164166370258684e-05,10
CP_REPO_OPS_HG,all_observations,not_conditioned,high_vol_only,SMAPE,73496,10,74.02057589487282,72.97797310006388,1.0426027948089427,1.042788771268934,9
CP_REPO_OPS_HG,all_observations,not_conditioned,near_zero_excluded,LOG_RV_MSE,363794,10,84.08930450077095,84.0810476108277,0.008256889943254464,-0.0056710783542086585,6
CP_REPO_OPS_HG,all_observations,not_conditioned,near_zero_excluded,MAE,363794,10,0.0005874977904224,0.0005828910853489142,4.606705073485805e-06,4.588873664872556e-06,10
CP_REPO_OPS_HG,all_observations,not_conditioned,near_zero_excluded,MSE,363794,10,2.215330906486703e-06,2.196963265137996e-06,1.8367641348706885e-08,1.832235343668277e-08,9
CP_REPO_OPS_HG,all_observations,not_conditioned,near_zero_excluded,RMSE,363794,10,0.0014883987726703831,0.0014822156608058075,6.183111864575645e-06,5.457681081215762e-06,9
CP_REPO_OPS_HG,all_observations,not_conditioned,near_zero_excluded,SMAPE,363794,10,99.92108203019059,100.0699170210863,-0.14883499089570762,-0.1485409711049826,4
CP_REPO_OPS_HG,all_observations,not_conditioned,standard,LOG_RV_MSE,367468,10,86.0153296729766,85.98216677551027,0.03316289746634027,0.033140508748650356,6
CP_REPO_OPS_HG,all_observations,not_conditioned,standard,MAE,367468,10,0.0005862627334133548,0.0005815484774301373,4.714255983217543e-06,4.7148565834573725e-06,10
CP_REPO_OPS_HG,all_observations,not_conditioned,standard,MSE,367468,10,2.195810003812886e-06,2.1775158778413775e-06,1.8294125971508325e-08,1.8287826093896486e-08,9
CP_REPO_OPS_HG,all_observations,not_conditioned,standard,RMSE,367468,10,0.0014818265768344438,0.0014756408363288736,6.1857405055701885e-06,5.468843907492659e-06,9
CP_REPO_OPS_HG,all_observations,not_conditioned,standard,SMAPE,367468,10,100.87996480320403,101.02476146812965,-0.1447966649256216,-0.14455596665029588,4
CP_REPO_OPS_HG,cluster_entry_loose,ex_post_descriptive,high_vol_only,LOG_RV_MSE,14694,10,1.332130441941895,2.14967429083372,-0.817543848891825,-0.8172719610100797,1
CP_REPO_OPS_HG,cluster_entry_loose,ex_post_descriptive,high_vol_only,MAE,14694,10,0.001784491149669092,0.001767986177022302,1.6504972646790017e-05,1.650672805770133e-05,8
CP_REPO_OPS_HG,cluster_entry_loose,ex_post_descriptive,high_vol_only,MSE,14694,10,1.032153994459627e-05,1.0217546638645403e-05,1.0399330595086727e-07,1.0396393579464353e-07,7
CP_REPO_OPS_HG,cluster_entry_loose,ex_post_descriptive,high_vol_only,RMSE,14694,10,0.003212715353808406,0.0031964897369842126,1.6225616824193205e-05,1.3602701160685864e-05,7
CP_REPO_OPS_HG,cluster_entry_loose,ex_post_descriptive,high_vol_only,SMAPE,14694,10,84.8115403046506,84.51177037026602,0.2997699343845852,0.30016044400674674,6
CP_REPO_OPS_HG,cluster_entry_loose,ex_post_descriptive,near_zero_excluded,LOG_RV_MSE,72721,10,60.55015231484592,60.5750004945151,-0.024848179669184844,-0.034737102993703826,5
CP_REPO_OPS_HG,cluster_entry_loose,ex_post_descriptive,near_zero_excluded,MAE,72721,10,0.0007578798738627712,0.0007410716907417569,1.680818312101433e-05,1.683947725537298e-05,9
CP_REPO_OPS_HG,cluster_entry_loose,ex_post_descriptive,near_zero_excluded,MSE,72721,10,2.4815741439829076e-06,2.432803110240014e-06,4.877103374289376e-08,4.859649688171175e-08,9
CP_REPO_OPS_HG,cluster_entry_loose,ex_post_descriptive,near_zero_excluded,RMSE,72721,10,0.0015753012867330831,0.0015597445657029917,1.555672103009144e-05,1.3978742713862063e-05,9
CP_REPO_OPS_HG,cluster_entry_loose,ex_post_descriptive,near_zero_excluded,SMAPE,72721,10,92.54758699479648,92.36195832020631,0.18562867459016275,0.19382879475853798,6
CP_REPO_OPS_HG,cluster_entry_loose,ex_post_descriptive,standard,LOG_RV_MSE,73457,10,62.079879723481234,62.070266799674414,0.009612923806820106,0.009453598065305612,5
CP_REPO_OPS_HG,cluster_entry_loose,ex_post_descriptive,standard,MAE,73457,10,0.0007565085520951432,0.0007392261940483853,1.7282358046757907e-05,1.727987760745551e-05,9
CP_REPO_OPS_HG,cluster_entry_loose,ex_post_descriptive,standard,MSE,73457,10,2.4613245520281704e-06,2.4122790474308883e-06,4.904550459728208e-08,4.903622884407678e-08,9
CP_REPO_OPS_HG,cluster_entry_loose,ex_post_descriptive,standard,RMSE,73457,10,0.0015688609090764452,0.001553151327923615,1.570958115283032e-05,1.4194825158530124e-05,9
CP_REPO_OPS_HG,cluster_entry_loose,ex_post_descriptive,standard,SMAPE,73457,10,93.56088921296094,93.36882802284214,0.19206119011880673,0.19222756284504355,6
CP_REPO_OPS_HG,cluster_entry_strict,ex_post_descriptive,high_vol_only,LOG_RV_MSE,14657,10,1.3342554638475268,2.1535691814133893,-0.8193137175658625,-0.8183690126747445,1
CP_REPO_OPS_HG,cluster_entry_strict,ex_post_descriptive,high_vol_only,MAE,14657,10,0.001787243329286434,0.001770538665585854,1.6704663700580153e-05,1.6705161659121328e-05,8
CP_REPO_OPS_HG,cluster_entry_strict,ex_post_descriptive,high_vol_only,MSE,14657,10,1.034580321321044e-05,1.0241306235263724e-05,1.0449697794671513e-07,1.0449409029393755e-07,7
CP_REPO_OPS_HG,cluster_entry_strict,ex_post_descriptive,high_vol_only,RMSE,14657,10,0.003216489268318867,0.0032002040927515425,1.6285175567324565e-05,1.3666946903307179e-05,7
CP_REPO_OPS_HG,cluster_entry_strict,ex_post_descriptive,high_vol_only,SMAPE,14657,10,84.88149633879505,84.56788143551499,0.3136149032800546,0.31357844177610306,6
CP_REPO_OPS_HG,cluster_entry_strict,ex_post_descriptive,near_zero_excluded,LOG_RV_MSE,72532,10,60.381173384259625,60.402898274042805,-0.021724889783179435,-0.030908544008502202,5
CP_REPO_OPS_HG,cluster_entry_strict,ex_post_descriptive,near_zero_excluded,MAE,72532,10,0.0007588564320065486,0.0007420474080617439,1.6809023944804697e-05,1.6844689028002863e-05,9
CP_REPO_OPS_HG,cluster_entry_strict,ex_post_descriptive,near_zero_excluded,MSE,72532,10,2.487464553071507e-06,2.4385854021818872e-06,4.8879150889619685e-08,4.871127072137559e-08,9
CP_REPO_OPS_HG,cluster_entry_strict,ex_post_descriptive,near_zero_excluded,RMSE,72532,10,0.0015771697920869228,0.0015615970678065092,1.5572724280413577e-05,1.399720619501884e-05,9
CP_REPO_OPS_HG,cluster_entry_strict,ex_post_descriptive,near_zero_excluded,SMAPE,72532,10,92.4997892944739,92.31341382395918,0.1863754705147187,0.19442652717380327,6
CP_REPO_OPS_HG,cluster_entry_strict,ex_post_descriptive,standard,LOG_RV_MSE,73266,10,61.91279479782629,61.90008323401342,0.012711563812864313,0.01295265393876548,5
CP_REPO_OPS_HG,cluster_entry_strict,ex_post_descriptive,standard,MAE,73266,10,0.0007574764163155193,0.0007401915755289039,1.7284840786615358e-05,1.7285901028824463e-05,9
CP_REPO_OPS_HG,cluster_entry_strict,ex_post_descriptive,standard,MSE,73266,10,2.4671601900807016e-06,2.418004934293731e-06,4.915525578697057e-08,4.91525222543237e-08,9
CP_REPO_OPS_HG,cluster_entry_strict,ex_post_descriptive,standard,RMSE,73266,10,0.0015707196408273189,0.0015549935479910297,1.5726092836289198e-05,1.4213707537072211e-05,9
CP_REPO_OPS_HG,cluster_entry_strict,ex_post_descriptive,standard,SMAPE,73266,10,93.51351872765494,93.32068298302458,0.1928357446303579,0.19290771248041239,6
CP_REPO_OPS_HG,cluster_exit_loose,ex_post_descriptive,high_vol_only,LOG_RV_MSE,14693,10,1.1229862115788884,1.888058816049173,-0.7650726044702845,-0.76456261581918,3
CP_REPO_OPS_HG,cluster_exit_loose,ex_post_descriptive,high_vol_only,MAE,14693,10,0.0015010885261131542,0.001476417439140714,2.467108697244008e-05,2.4670402916713586e-05,9
CP_REPO_OPS_HG,cluster_exit_loose,ex_post_descriptive,high_vol_only,MSE,14693,10,1.2677943124526244e-05,1.252948035374829e-05,1.484627707779538e-07,1.4839683865821863e-07,9
CP_REPO_OPS_HG,cluster_exit_loose,ex_post_descriptive,high_vol_only,RMSE,14693,10,0.0035606099371492863,0.003539700602275324,2.0909334873962272e-05,1.8960858902030243e-05,9
CP_REPO_OPS_HG,cluster_exit_loose,ex_post_descriptive,high_vol_only,SMAPE,14693,10,73.70908084853484,71.83962430290904,1.8694565456257948,1.8695542589808412,9
CP_REPO_OPS_HG,cluster_exit_loose,ex_post_descriptive,near_zero_excluded,LOG_RV_MSE,72719,10,80.20388218822569,80.5380744067896,-0.33419221856391346,-0.3525463588255197,5
CP_REPO_OPS_HG,cluster_exit_loose,ex_post_descriptive,near_zero_excluded,MAE,72719,10,0.0006184788455707456,0.0006207838591081148,-2.3050135373692228e-06,-2.3486588465944105e-06,4
CP_REPO_OPS_HG,cluster_exit_loose,ex_post_descriptive,near_zero_excluded,MSE,72719,10,2.7784093074004996e-06,2.762961096914726e-06,1.5448210485773463e-08,1.5503222273649192e-08,9
CP_REPO_OPS_HG,cluster_exit_loose,ex_post_descriptive,near_zero_excluded,RMSE,72719,10,0.0016668561147863063,0.0016622157191275523,4.6403956587540065e-06,4.036622296703027e-06,9
CP_REPO_OPS_HG,cluster_exit_loose,ex_post_descriptive,near_zero_excluded,SMAPE,72719,10,96.79268422556595,97.32768942658458,-0.5350052010186346,-0.5398164658058292,1
CP_REPO_OPS_HG,cluster_exit_loose,ex_post_descriptive,standard,LOG_RV_MSE,73455,10,82.09800800629024,82.41640947027845,-0.31840146398820934,-0.31833611138454376,5
CP_REPO_OPS_HG,cluster_exit_loose,ex_post_descriptive,standard,MAE,73455,10,0.0006171643472764074,0.0006194319198564836,-2.26757258007615e-06,-2.265545157646099e-06,4
CP_REPO_OPS_HG,cluster_exit_loose,ex_post_descriptive,standard,MSE,73455,10,2.7534877094946653e-06,2.7382539187063713e-06,1.5233790788294013e-08,1.5225630099400992e-08,9
CP_REPO_OPS_HG,cluster_exit_loose,ex_post_descriptive,standard,RMSE,73455,10,0.0016593636459482487,0.0016547670285289016,4.596617419347143e-06,3.9722074681659145e-06,9
CP_REPO_OPS_HG,cluster_exit_loose,ex_post_descriptive,standard,SMAPE,73455,10,97.78270324564932,98.3127291786084,-0.5300259329590773,-0.5296561459704734,1
CP_REPO_OPS_HG,cluster_exit_strict,ex_post_descriptive,high_vol_only,LOG_RV_MSE,14671,10,1.121544847097662,1.8877051286812712,-0.7661602815836093,-0.7655167070295638,3
CP_REPO_OPS_HG,cluster_exit_strict,ex_post_descriptive,high_vol_only,MAE,14671,10,0.0015007236426876971,0.001475998936399136,2.4724706288561113e-05,2.472606407501511e-05,9
CP_REPO_OPS_HG,cluster_exit_strict,ex_post_descriptive,high_vol_only,MSE,14671,10,1.2686413406552538e-05,1.2537691060871674e-05,1.4872234568086373e-07,1.4863717046884676e-07,9
CP_REPO_OPS_HG,cluster_exit_strict,ex_post_descriptive,high_vol_only,RMSE,14671,10,0.003561799181109533,0.0035408602148166873,2.093896629284551e-05,1.8986799655616542e-05,9
CP_REPO_OPS_HG,cluster_exit_strict,ex_post_descriptive,high_vol_only,SMAPE,14671,10,73.684845994303,71.80992818998597,1.874917804317036,1.87564905237209,9
CP_REPO_OPS_HG,cluster_exit_strict,ex_post_descriptive,near_zero_excluded,LOG_RV_MSE,72600,10,80.02173783897848,80.35219476378047,-0.33045692480199307,-0.3488639673406623,5
CP_REPO_OPS_HG,cluster_exit_strict,ex_post_descriptive,near_zero_excluded,MAE,72600,10,0.0006184535179022776,0.0006207645740738708,-2.3110561715931595e-06,-2.356684495291602e-06,4
CP_REPO_OPS_HG,cluster_exit_strict,ex_post_descriptive,near_zero_excluded,MSE,72600,10,2.7805878498197563e-06,2.7651012902474025e-06,1.5486559572353874e-08,1.5539635860937974e-08,9
CP_REPO_OPS_HG,cluster_exit_strict,ex_post_descriptive,near_zero_excluded,RMSE,72600,10,0.0016675094751814027,0.0016628593717592003,4.650103422202366e-06,4.043143765766169e-06,9
CP_REPO_OPS_HG,cluster_exit_strict,ex_post_descriptive,near_zero_excluded,SMAPE,72600,10,96.72258691267511,97.25808968705215,-0.5355027743770364,-0.5404322616891506,1
CP_REPO_OPS_HG,cluster_exit_strict,ex_post_descriptive,standard,LOG_RV_MSE,73334,10,81.90717235117306,82.22184749837523,-0.31467514720216627,-0.3146365725342298,5
CP_REPO_OPS_HG,cluster_exit_strict,ex_post_descriptive,standard,MAE,73334,10,0.000617143413936819,0.0006194152632537881,-2.271849316969163e-06,-2.2714885840827164e-06,4
CP_REPO_OPS_HG,cluster_exit_strict,ex_post_descriptive,standard,MSE,73334,10,2.7556748132676994e-06,2.7404016692159566e-06,1.527314405174278e-08,1.5263656843233733e-08,9
CP_REPO_OPS_HG,cluster_exit_strict,ex_post_descriptive,standard,RMSE,73334,10,0.0016600225339638314,0.0016554158599022652,4.60667406156621e-06,3.979281964991356e-06,9
CP_REPO_OPS_HG,cluster_exit_strict,ex_post_descriptive,standard,SMAPE,73334,10,97.71189563488282,98.24233637071434,-0.5304407358315189,-0.5301424558753723,1
CP_REPO_OPS_HG,entry_with_recent_spike,ex_post_descriptive,high_vol_only,LOG_RV_MSE,8754,10,1.4736378437064515,2.345755562594476,-0.8721177188880245,-0.8755325906561537,0
CP_REPO_OPS_HG,entry_with_recent_spike,ex_post_descriptive,high_vol_only,MAE,8754,10,0.0019315043244099452,0.0019378654458914284,-6.36112148148316e-06,-6.146711642544269e-06,4
CP_REPO_OPS_HG,entry_with_recent_spike,ex_post_descriptive,high_vol_only,MSE,8754,10,1.1146392096496613e-05,1.1122826478829767e-05,2.356561766684551e-08,2.3418075361403533e-08,5
CP_REPO_OPS_HG,entry_with_recent_spike,ex_post_descriptive,high_vol_only,RMSE,8754,10,0.003338621286773421,0.003335090175516963,3.5311112564577994e-06,-3.056800439063751e-07,5
CP_REPO_OPS_HG,entry_with_recent_spike,ex_post_descriptive,high_vol_only,SMAPE,8754,10,87.65347704873638,89.42327474988241,-1.7697977011460324,-1.7330226894694931,3
CP_REPO_OPS_HG,entry_with_recent_spike,ex_post_descriptive,near_zero_excluded,LOG_RV_MSE,43077,10,58.5073000988938,58.16899688672585,0.33830321216795056,0.3148709723381059,6
CP_REPO_OPS_HG,entry_with_recent_spike,ex_post_descriptive,near_zero_excluded,MAE,43077,10,0.0008298909472286534,0.0008024663396304934,2.7424607598160004e-05,2.7114505299558995e-05,9
CP_REPO_OPS_HG,entry_with_recent_spike,ex_post_descriptive,near_zero_excluded,MSE,43077,10,2.7524238027535856e-06,2.6879352732789767e-06,6.448852947460884e-08,6.384021679523337e-08,10
CP_REPO_OPS_HG,entry_with_recent_spike,ex_post_descriptive,near_zero_excluded,RMSE,43077,10,0.0016590430382463215,0.0016394923828060245,1.9550655440296995e-05,1.8430262465607602e-05,10
CP_REPO_OPS_HG,entry_with_recent_spike,ex_post_descriptive,near_zero_excluded,SMAPE,43077,10,93.4313578597661,92.84909301546355,0.5822648443025429,0.5849074765773764,9
CP_REPO_OPS_HG,entry_with_recent_spike,ex_post_descriptive,standard,LOG_RV_MSE,43747,10,61.708962586389255,61.2839476218357,0.42501496455355436,0.41428085845423473,6
CP_REPO_OPS_HG,entry_with_recent_spike,ex_post_descriptive,standard,MAE,43747,10,0.0008304363652918029,0.0008018416736662156,2.8594691625587372e-05,2.826563002695167e-05,9
CP_REPO_OPS_HG,entry_with_recent_spike,ex_post_descriptive,standard,MSE,43747,10,2.7262690958934324e-06,2.6591425818069715e-06,6.712651408646089e-08,6.628410553261455e-08,10
CP_REPO_OPS_HG,entry_with_recent_spike,ex_post_descriptive,standard,RMSE,43747,10,0.0016511417552389112,0.0016306877634320346,2.0453991806876565e-05,1.922271472950067e-05,10
CP_REPO_OPS_HG,entry_with_recent_spike,ex_post_descriptive,standard,SMAPE,43747,10,94.9939885723259,94.40833702147617,0.5856515508497324,0.5803206283351529,9
CP_REPO_OPS_HG,entry_without_recent_spike,ex_post_descriptive,high_vol_only,LOG_RV_MSE,5946,10,1.1195692099524477,2.1544564410613174,-1.0348872311088697,-1.0387262989579944,2
CP_REPO_OPS_HG,entry_without_recent_spike,ex_post_descriptive,high_vol_only,MAE,5946,10,0.0015570783495014973,0.0015035592734861665,5.3519076015330885e-05,5.4146821733901965e-05,10
CP_REPO_OPS_HG,entry_without_recent_spike,ex_post_descriptive,high_vol_only,MSE,5946,10,9.074816797282833e-06,8.84958066780516e-06,2.2523612947767413e-07,2.2939332608500456e-07,10
CP_REPO_OPS_HG,entry_without_recent_spike,ex_post_descriptive,high_vol_only,RMSE,5946,10,0.003012443658773195,0.0029748244768061797,3.761918196701526e-05,3.503531440298387e-05,10
CP_REPO_OPS_HG,entry_without_recent_spike,ex_post_descriptive,high_vol_only,SMAPE,5946,10,80.3430946440876,76.58444472369166,3.758649920395939,3.7688550082805152,10
CP_REPO_OPS_HG,entry_without_recent_spike,ex_post_descriptive,near_zero_excluded,LOG_RV_MSE,29421,10,60.966920165964275,61.57491904509877,-0.6079988791344917,-0.6244597724532222,2
CP_REPO_OPS_HG,entry_without_recent_spike,ex_post_descriptive,near_zero_excluded,MAE,29421,10,0.00064865090680092,0.0006482817115887041,3.6919521221592203e-07,4.5158691981345765e-07,4
CP_REPO_OPS_HG,entry_without_recent_spike,ex_post_descriptive,near_zero_excluded,MSE,29421,10,2.0879985944370397e-06,2.0653979973674526e-06,2.260059706958709e-08,2.2866962344894806e-08,7
CP_REPO_OPS_HG,entry_without_recent_spike,ex_post_descriptive,near_zero_excluded,RMSE,29421,10,0.0014449908630981166,0.0014371492606432544,7.841602454862224e-06,5.978527337863616e-06,7
CP_REPO_OPS_HG,entry_without_recent_spike,ex_post_descriptive,near_zero_excluded,SMAPE,29421,10,90.44189351704458,90.83770350805062,-0.39580999100604686,-0.39850709769726506,3
CP_REPO_OPS_HG,entry_without_recent_spike,ex_post_descriptive,standard,LOG_RV_MSE,29710,10,62.62604303537494,63.228095984222044,-0.6020529488471027,-0.6071645890933398,2
CP_REPO_OPS_HG,entry_without_recent_spike,ex_post_descriptive,standard,MAE,29710,10,0.0006476522732693516,0.0006470269551779299,6.253180914216668e-07,7.243863284570794e-07,4
CP_REPO_OPS_HG,entry_without_recent_spike,ex_post_descriptive,standard,MSE,29710,10,2.071202405933468e-06,2.0487805944402957e-06,2.2421811493172244e-08,2.293130780948862e-08,7
CP_REPO_OPS_HG,entry_without_recent_spike,ex_post_descriptive,standard,RMSE,29710,10,0.0014391672612776695,0.0014313562080908776,7.811053186791922e-06,6.004063478687847e-06,7
CP_REPO_OPS_HG,entry_without_recent_spike,ex_post_descriptive,standard,SMAPE,29710,10,91.450697436652,91.83818513616274,-0.3874876995107286,-0.3937408242372939,3
CP_REPO_OPS_HG,high_within_block_dispersion,ex_post_descriptive,high_vol_only,LOG_RV_MSE,13800,10,1.347003340120205,3.079052513217377,-1.7320491730971719,-1.6735766451305096,0
CP_REPO_OPS_HG,high_within_block_dispersion,ex_post_descriptive,high_vol_only,MAE,13800,10,0.0010124910161190377,0.0010351394045145972,-2.2648388395559533e-05,-2.1328163755393797e-05,1
CP_REPO_OPS_HG,high_within_block_dispersion,ex_post_descriptive,high_vol_only,MSE,13800,10,4.061123263348121e-06,4.1046341385683985e-06,-4.351087522027711e-08,-4.1377021722062736e-08,2
CP_REPO_OPS_HG,high_within_block_dispersion,ex_post_descriptive,high_vol_only,RMSE,13800,10,0.0020152228818044226,0.002025989668919464,-1.0766787115041275e-05,-1.0628821848770076e-05,2
CP_REPO_OPS_HG,high_within_block_dispersion,ex_post_descriptive,high_vol_only,SMAPE,13800,10,67.13010831164493,71.72439523986107,-4.594286928216135,-4.29532944311931,1
CP_REPO_OPS_HG,high_within_block_dispersion,ex_post_descriptive,near_zero_excluded,LOG_RV_MSE,68602,10,133.4472628617705,132.89359341454286,0.5536694472276338,0.5387857765329491,6
CP_REPO_OPS_HG,high_within_block_dispersion,ex_post_descriptive,near_zero_excluded,MAE,68602,10,0.000568649162840853,0.000535574923048477,3.307423979237597e-05,3.150910453504937e-05,9
CP_REPO_OPS_HG,high_within_block_dispersion,ex_post_descriptive,near_zero_excluded,MSE,68602,10,1.1270507328910632e-06,1.0782959276495498e-06,4.875480524151336e-08,4.622266575985979e-08,9
CP_REPO_OPS_HG,high_within_block_dispersion,ex_post_descriptive,near_zero_excluded,RMSE,68602,10,0.0010616264563824054,0.0010384102886862928,2.3216167696112587e-05,2.087687481433021e-05,9
CP_REPO_OPS_HG,high_within_block_dispersion,ex_post_descriptive,near_zero_excluded,SMAPE,68602,10,119.19625535916762,118.63721969137877,0.559035667788848,0.5307579346707868,8
CP_REPO_OPS_HG,high_within_block_dispersion,ex_post_descriptive,standard,LOG_RV_MSE,68970,10,134.1816042629971,133.60740868447516,0.5741955785219375,0.5730704416566885,6
CP_REPO_OPS_HG,high_within_block_dispersion,ex_post_descriptive,standard,MAE,68970,10,0.0005686239437191444,0.0005354281534180874,3.319579030105699e-05,3.16203298587468e-05,9
CP_REPO_OPS_HG,high_within_block_dispersion,ex_post_descriptive,standard,MSE,68970,10,1.123133377256323e-06,1.0742892420849894e-06,4.884413517133356e-08,4.6254234790497283e-08,9
CP_REPO_OPS_HG,high_within_block_dispersion,ex_post_descriptive,standard,RMSE,68970,10,0.0010597798720754811,0.0010364792530895104,2.330061898597074e-05,2.093404622875337e-05,9
CP_REPO_OPS_HG,high_within_block_dispersion,ex_post_descriptive,standard,SMAPE,68970,10,119.60427234064147,119.04389024339993,0.5603820972415434,0.5265195476792528,8
CP_REPO_OPS_HG,inflection_points,ex_post_descriptive,high_vol_only,LOG_RV_MSE,28984,10,1.1395945186365517,1.7862358499224378,-0.6466413312858861,-0.6527063589704144,1
CP_REPO_OPS_HG,inflection_points,ex_post_descriptive,high_vol_only,MAE,28984,10,0.0015690861682796692,0.0015371674239977786,3.1918744281890597e-05,3.1080483345627635e-05,10
CP_REPO_OPS_HG,inflection_points,ex_post_descriptive,high_vol_only,MSE,28984,10,1.1258143057283103e-05,1.1105160806798054e-05,1.5298225048504817e-07,1.4872454674325762e-07,10
CP_REPO_OPS_HG,inflection_points,ex_post_descriptive,high_vol_only,RMSE,28984,10,0.0033553156419751486,0.003332440668158708,2.2874973816440665e-05,2.0193113203752492e-05,10
CP_REPO_OPS_HG,inflection_points,ex_post_descriptive,high_vol_only,SMAPE,28984,10,77.5511484641698,75.38888919470651,2.1622592694632914,2.1191228645635447,10
CP_REPO_OPS_HG,inflection_points,ex_post_descriptive,near_zero_excluded,LOG_RV_MSE,143375,10,58.64300646845435,58.79175487179571,-0.14874840334135797,-0.15683730275974317,5
CP_REPO_OPS_HG,inflection_points,ex_post_descriptive,near_zero_excluded,MAE,143375,10,0.0006543332064361158,0.0006502411305168872,4.092075919228614e-06,3.836400704719319e-06,9
CP_REPO_OPS_HG,inflection_points,ex_post_descriptive,near_zero_excluded,MSE,143375,10,2.5404502226370316e-06,2.5124534689111964e-06,2.7996753725835198e-08,2.6972760973246722e-08,9
CP_REPO_OPS_HG,inflection_points,ex_post_descriptive,near_zero_excluded,RMSE,143375,10,0.0015938789861959506,0.0015850720705731952,8.806915622755441e-06,7.353595150364346e-06,9
CP_REPO_OPS_HG,inflection_points,ex_post_descriptive,near_zero_excluded,SMAPE,143375,10,90.02958355319511,90.21418398109873,-0.18460042790361797,-0.1916609484464658,4
CP_REPO_OPS_HG,inflection_points,ex_post_descriptive,standard,LOG_RV_MSE,144886,10,60.506791384132924,60.63864054115277,-0.13184915701984323,-0.12743603343476123,5
CP_REPO_OPS_HG,inflection_points,ex_post_descriptive,standard,MAE,144886,10,0.0006529679144583394,0.0006487346434401452,4.233271018194186e-06,3.995693541506944e-06,9
CP_REPO_OPS_HG,inflection_points,ex_post_descriptive,standard,MSE,144886,10,2.5174090289669973e-06,2.489588909596523e-06,2.7820119370474214e-08,2.6908735397184533e-08,9
CP_REPO_OPS_HG,inflection_points,ex_post_descriptive,standard,RMSE,144886,10,0.0015866344975976657,0.0015778431194502587,8.791378147407014e-06,7.357003244936135e-06,9
CP_REPO_OPS_HG,inflection_points,ex_post_descriptive,standard,SMAPE,144886,10,91.11849778030444,91.29733906169548,-0.17884128139104405,-0.1854716776836341,4
CP_REPO_OPS_HG,older_spike_position,ex_post_descriptive,high_vol_only,LOG_RV_MSE,21781,10,1.1395303095276075,1.6096471036066242,-0.47011679407901674,-0.4641263315626073,2
CP_REPO_OPS_HG,older_spike_position,ex_post_descriptive,high_vol_only,MAE,21781,10,0.0013486758957650074,0.001331722613204121,1.695328256088647e-05,1.6356446599024388e-05,9
CP_REPO_OPS_HG,older_spike_position,ex_post_descriptive,high_vol_only,MSE,21781,10,1.069141300105579e-05,1.0603514568538873e-05,8.789843251691781e-08,8.469485554464663e-08,9
CP_REPO_OPS_HG,older_spike_position,ex_post_descriptive,high_vol_only,RMSE,21781,10,0.0032697726222255565,0.0032563038200602345,1.3468802165322001e-05,1.0963142704253025e-05,9
CP_REPO_OPS_HG,older_spike_position,ex_post_descriptive,high_vol_only,SMAPE,21781,10,69.8626302544199,68.54987145200874,1.3127588024111532,1.2518997852366105,9
CP_REPO_OPS_HG,older_spike_position,ex_post_descriptive,near_zero_excluded,LOG_RV_MSE,107788,10,78.34423187563695,78.3473074672395,-0.003075591602552663,-0.0009985609179937738,6
CP_REPO_OPS_HG,older_spike_position,ex_post_descriptive,near_zero_excluded,MAE,107788,10,0.0005714781969803931,0.0005705606759473138,9.175210330793302e-07,8.94303354250593e-07,7
CP_REPO_OPS_HG,older_spike_position,ex_post_descriptive,near_zero_excluded,MSE,107788,10,2.346475802604796e-06,2.334667572369403e-06,1.1808230235393033e-08,1.1334759904701855e-08,9
CP_REPO_OPS_HG,older_spike_position,ex_post_descriptive,near_zero_excluded,RMSE,107788,10,0.0015318210739524365,0.0015279619014783722,3.8591724740642645e-06,3.0415034716141853e-06,9
CP_REPO_OPS_HG,older_spike_position,ex_post_descriptive,near_zero_excluded,SMAPE,107788,10,96.43669126169502,96.72054897771787,-0.28385771602285104,-0.28831277715622716,4
CP_REPO_OPS_HG,older_spike_position,ex_post_descriptive,standard,LOG_RV_MSE,108871,10,80.56611776174127,80.54392283122296,0.02219493051831023,0.03923656703336657,6
CP_REPO_OPS_HG,older_spike_position,ex_post_descriptive,standard,MAE,108871,10,0.0005701423444680369,0.0005691675252219349,9.748192461019956e-07,9.802546428899197e-07,7
CP_REPO_OPS_HG,older_spike_position,ex_post_descriptive,standard,MSE,108871,10,2.3254307190849205e-06,2.3137100272001548e-06,1.1720691884765744e-08,1.1273792620698996e-08,9
CP_REPO_OPS_HG,older_spike_position,ex_post_descriptive,standard,RMSE,108871,10,0.0015249363000089285,0.0015210884350359628,3.847864972965614e-06,3.034259319175531e-06,9
CP_REPO_OPS_HG,older_spike_position,ex_post_descriptive,standard,SMAPE,108871,10,97.43444157677632,97.71528064597511,-0.280839069198791,-0.28349207765879497,4
CP_REPO_OPS_HG,recent_ramp_high_dispersion,ex_post_descriptive,high_vol_only,LOG_RV_MSE,4860,10,1.422541686129273,3.1026473422112404,-1.6801056560819674,-1.7019473462365604,0
CP_REPO_OPS_HG,recent_ramp_high_dispersion,ex_post_descriptive,high_vol_only,MAE,4860,10,0.0014613955477391944,0.0014900008222205623,-2.860527448136788e-05,-2.739863855219099e-05,2
CP_REPO_OPS_HG,recent_ramp_high_dispersion,ex_post_descriptive,high_vol_only,MSE,4860,10,5.9629586828906324e-06,6.046360566319715e-06,-8.34018834290824e-08,-8.272839459007351e-08,3
CP_REPO_OPS_HG,recent_ramp_high_dispersion,ex_post_descriptive,high_vol_only,RMSE,4860,10,0.0024419170098286783,0.0024589348438540854,-1.7017834025407144e-05,-1.538376825531054e-05,3
CP_REPO_OPS_HG,recent_ramp_high_dispersion,ex_post_descriptive,high_vol_only,SMAPE,4860,10,76.48024025708399,81.7270239959045,-5.246783738820511,-5.070218202676526,1
CP_REPO_OPS_HG,recent_ramp_high_dispersion,ex_post_descriptive,near_zero_excluded,LOG_RV_MSE,24128,10,114.11256475334159,113.37933736391946,0.733227389422126,0.8360071211280907,6
CP_REPO_OPS_HG,recent_ramp_high_dispersion,ex_post_descriptive,near_zero_excluded,MAE,24128,10,0.0007928593927930361,0.0007269797596756746,6.587963311736151e-05,6.535970200936459e-05,9
CP_REPO_OPS_HG,recent_ramp_high_dispersion,ex_post_descriptive,near_zero_excluded,MSE,24128,10,1.8154479400161009e-06,1.6932397331985864e-06,1.2220820681751447e-07,1.2195975647926768e-07,9
CP_REPO_OPS_HG,recent_ramp_high_dispersion,ex_post_descriptive,near_zero_excluded,RMSE,24128,10,0.0013473855944072211,0.0013012454546312876,4.614013977593352e-05,4.3238641523392624e-05,9
CP_REPO_OPS_HG,recent_ramp_high_dispersion,ex_post_descriptive,near_zero_excluded,SMAPE,24128,10,117.97303253465954,116.09406958697939,1.8789629476801508,1.7887099118949479,9
CP_REPO_OPS_HG,recent_ramp_high_dispersion,ex_post_descriptive,standard,LOG_RV_MSE,24273,10,114.68887161199063,113.93873881345517,0.7501327985354607,0.8607480654401869,6
CP_REPO_OPS_HG,recent_ramp_high_dispersion,ex_post_descriptive,standard,MAE,24273,10,0.0007926212485103804,0.0007263036494679467,6.63175990424337e-05,6.565817948132779e-05,9
CP_REPO_OPS_HG,recent_ramp_high_dispersion,ex_post_descriptive,standard,MSE,24273,10,1.8086202642090091e-06,1.685902516866092e-06,1.2271774734291706e-07,1.2227323813881905e-07,9
CP_REPO_OPS_HG,recent_ramp_high_dispersion,ex_post_descriptive,standard,RMSE,24273,10,0.001344849532181578,0.0012984230885447518,4.6426443636826296e-05,4.346995973893126e-05,9
CP_REPO_OPS_HG,recent_ramp_high_dispersion,ex_post_descriptive,standard,SMAPE,24273,10,118.4281414949415,116.5495722821553,1.8785692127862035,1.7743294551707223,9
CP_REPO_OPS_HG,recent_spike_position,ex_post_descriptive,high_vol_only,LOG_RV_MSE,41263,10,133.60326357120792,133.7179866485321,-0.11472307732418585,-0.5548688667094381,1
CP_REPO_OPS_HG,recent_spike_position,ex_post_descriptive,high_vol_only,MAE,41263,10,0.0009278329622731831,0.0009272463315340517,5.866307391313996e-07,2.913200901612977e-07,4
CP_REPO_OPS_HG,recent_spike_position,ex_post_descriptive,high_vol_only,MSE,41263,10,5.620772726690841e-06,5.603652721762743e-06,1.7120004928097757e-08,3.2563609050370764e-08,5
CP_REPO_OPS_HG,recent_spike_position,ex_post_descriptive,high_vol_only,RMSE,41263,10,0.002370816890164831,0.002367203565763355,3.6133244014761347e-06,2.9031263299981753e-06,5
CP_REPO_OPS_HG,recent_spike_position,ex_post_descriptive,high_vol_only,SMAPE,41263,10,126.75937020163306,127.34376841057971,-0.5843982089466522,-1.077790302225368,3
CP_REPO_OPS_HG,recent_spike_position,ex_post_descriptive,near_zero_excluded,LOG_RV_MSE,124205,10,108.09331457411457,107.65106925187486,0.4422453222397138,0.3680577054816005,7
CP_REPO_OPS_HG,recent_spike_position,ex_post_descriptive,near_zero_excluded,MAE,124205,10,0.0006101040586077684,0.0005962290118390583,1.3875046768710105e-05,1.4809225017980865e-05,10
CP_REPO_OPS_HG,recent_spike_position,ex_post_descriptive,near_zero_excluded,MSE,124205,10,2.122274233945656e-06,2.0940869768976124e-06,2.8187257048043542e-08,3.116356934177598e-08,10
CP_REPO_OPS_HG,recent_spike_position,ex_post_descriptive,near_zero_excluded,RMSE,124205,10,0.0014568027436635531,0.0014470960496448092,9.7066940187439e-06,9.523475511119887e-06,10
CP_REPO_OPS_HG,recent_spike_position,ex_post_descriptive,near_zero_excluded,SMAPE,124205,10,110.75903396715827,110.53503092371618,0.22400304344209587,0.26044199924572664,7
CP_REPO_OPS_HG,recent_spike_position,ex_post_descriptive,standard,LOG_RV_MSE,125358,10,109.41387331267963,108.9429410463518,0.4709322663278215,0.4118743900102915,7
CP_REPO_OPS_HG,recent_spike_position,ex_post_descriptive,standard,MAE,125358,10,0.0006091827784219505,0.000595062233646141,1.4120544775809486e-05,1.5068416729614094e-05,10
CP_REPO_OPS_HG,recent_spike_position,ex_post_descriptive,standard,MSE,125358,10,2.1057111020059574e-06,2.077386418446498e-06,2.832468355945941e-08,3.13512163480284e-08,10
CP_REPO_OPS_HG,recent_spike_position,ex_post_descriptive,standard,RMSE,125358,10,0.00145110685409654,0.0014413141289970407,9.792725099499328e-06,9.654592927057776e-06,10
CP_REPO_OPS_HG,recent_spike_position,ex_post_descriptive,standard,SMAPE,125358,10,111.53126331543436,111.30160275532634,0.22966056010801594,0.2607060040864539,7
CP_REPO_OPS_HG,same_average_back_loaded,ex_post_descriptive,high_vol_only,LOG_RV_MSE,5089,10,148.22928488392745,147.789157003659,0.44012788026844873,-0.06444632924996209,8
CP_REPO_OPS_HG,same_average_back_loaded,ex_post_descriptive,high_vol_only,MAE,5089,10,0.00079502070058517,0.0007894730982678017,5.547602317368242e-06,7.519889846846289e-06,9
CP_REPO_OPS_HG,same_average_back_loaded,ex_post_descriptive,high_vol_only,MSE,5089,10,5.436331053659615e-06,5.414252905185327e-06,2.2078148474287736e-08,4.368661706215328e-08,9
CP_REPO_OPS_HG,same_average_back_loaded,ex_post_descriptive,high_vol_only,RMSE,5089,10,0.0023315941013949265,0.002326854723695772,4.7393776991546364e-06,5.952419922864213e-06,9
CP_REPO_OPS_HG,same_average_back_loaded,ex_post_descriptive,high_vol_only,SMAPE,5089,10,125.47402771920483,125.08648562392952,0.3875420952753075,0.738377340500174,6
CP_REPO_OPS_HG,same_average_back_loaded,ex_post_descriptive,near_zero_excluded,LOG_RV_MSE,15487,10,124.26141461023107,123.87895150406102,0.3824631061700501,0.33421023897838326,8
CP_REPO_OPS_HG,same_average_back_loaded,ex_post_descriptive,near_zero_excluded,MAE,15487,10,0.000527741419898501,0.0005265938833429001,1.1475365556009014e-06,6.875070966809677e-07,6
CP_REPO_OPS_HG,same_average_back_loaded,ex_post_descriptive,near_zero_excluded,MSE,15487,10,1.938986808645503e-06,1.9321594265791506e-06,6.827382066352427e-09,7.74675680933271e-09,8
CP_REPO_OPS_HG,same_average_back_loaded,ex_post_descriptive,near_zero_excluded,RMSE,15487,10,0.0013924750657176965,0.001390021376302951,2.4536894147454778e-06,2.07530322503539e-06,8
CP_REPO_OPS_HG,same_average_back_loaded,ex_post_descriptive,near_zero_excluded,SMAPE,15487,10,115.21629356973736,115.3234820327481,-0.10718846301074336,-0.1388606372924059,3
CP_REPO_OPS_HG,same_average_back_loaded,ex_post_descriptive,standard,LOG_RV_MSE,15559,10,124.77448379663251,124.39020966166021,0.38427413497230134,0.3396473034221422,8
CP_REPO_OPS_HG,same_average_back_loaded,ex_post_descriptive,standard,MAE,15559,10,0.0005277712464133768,0.0005266242453927319,1.1470010206448937e-06,7.141713809158542e-07,6
CP_REPO_OPS_HG,same_average_back_loaded,ex_post_descriptive,standard,MSE,15559,10,1.931432277016903e-06,1.924672408108808e-06,6.759868908094904e-09,7.684385602753755e-09,8
CP_REPO_OPS_HG,same_average_back_loaded,ex_post_descriptive,standard,RMSE,15559,10,0.0013897597911210781,0.0013873256316052145,2.434159515863569e-06,2.0567714617172223e-06,8
CP_REPO_OPS_HG,same_average_back_loaded,ex_post_descriptive,standard,SMAPE,15559,10,115.5837931550299,115.69040791137324,-0.1066147563433475,-0.13670699814869777,3
CP_REPO_OPS_HG,same_average_different_path,ex_post_descriptive,high_vol_only,LOG_RV_MSE,1483,10,1.176451606646611,1.9659652936435028,-0.7895136869968917,-0.7987354469135692,0
CP_REPO_OPS_HG,same_average_different_path,ex_post_descriptive,high_vol_only,MAE,1483,10,0.0012308421833447504,0.0012536200102189455,-2.2777826874195066e-05,-2.8332277905340483e-05,1
CP_REPO_OPS_HG,same_average_different_path,ex_post_descriptive,high_vol_only,MSE,1483,10,5.424646643583948e-06,5.4839975512018e-06,-5.935090761785179e-08,-7.570759552463104e-08,0
CP_REPO_OPS_HG,same_average_different_path,ex_post_descriptive,high_vol_only,RMSE,1483,10,0.0023290870837270015,0.0023417936611071864,-1.2706577380184811e-05,-1.9867065254023167e-05,0
CP_REPO_OPS_HG,same_average_different_path,ex_post_descriptive,high_vol_only,SMAPE,1483,10,78.26623100008541,82.27140265215162,-4.00517165206621,-4.566476558625917,1
CP_REPO_OPS_HG,same_average_different_path,ex_post_descriptive,near_zero_excluded,LOG_RV_MSE,7368,10,130.5647982605645,129.6655005679639,0.8992976926005838,0.6613415043029728,7
CP_REPO_OPS_HG,same_average_different_path,ex_post_descriptive,near_zero_excluded,MAE,7368,10,0.0005432933685073359,0.0005344786918722391,8.814676635096803e-06,6.933180144171047e-06,8
CP_REPO_OPS_HG,same_average_different_path,ex_post_descriptive,near_zero_excluded,MSE,7368,10,1.25033332979528e-06,1.2512872973656029e-06,-9.539675703228038e-10,-4.787035201593311e-09,4
CP_REPO_OPS_HG,same_average_different_path,ex_post_descriptive,near_zero_excluded,RMSE,7368,10,0.0011181830484295852,0.0011186095374908988,-4.2648906131356745e-07,-3.4742072775836995e-06,4
CP_REPO_OPS_HG,same_average_different_path,ex_post_descriptive,near_zero_excluded,SMAPE,7368,10,117.07922485099387,117.21589985655586,-0.1366750055619974,-0.2160312321660129,5
CP_REPO_OPS_HG,same_average_different_path,ex_post_descriptive,standard,LOG_RV_MSE,7396,10,131.0538149663491,130.14839926414135,0.9054157022077618,0.6779971343376168,7
CP_REPO_OPS_HG,same_average_different_path,ex_post_descriptive,standard,MAE,7396,10,0.000543100371193495,0.0005342195383406047,8.880832852890342e-06,7.054916333499889e-06,8
CP_REPO_OPS_HG,same_average_different_path,ex_post_descriptive,standard,MSE,7396,10,1.2465643227993336e-06,1.2474479404493503e-06,-8.836176500167202e-10,-4.637346223418327e-09,4
CP_REPO_OPS_HG,same_average_different_path,ex_post_descriptive,standard,RMSE,7396,10,0.0011164964499716663,0.0011168920898857464,-3.956399140800978e-07,-3.4056578328330025e-06,4
CP_REPO_OPS_HG,same_average_different_path,ex_post_descriptive,standard,SMAPE,7396,10,117.3731818015564,117.50831644121125,-0.13513463965485073,-0.21761062167496165,5
CP_REPO_OPS_HG,same_average_recent_front_loaded,ex_post_descriptive,high_vol_only,LOG_RV_MSE,2870,10,1.4580562797951269,2.0377162996062457,-0.5796600198111188,-0.564334956525727,1
CP_REPO_OPS_HG,same_average_recent_front_loaded,ex_post_descriptive,high_vol_only,MAE,2870,10,0.0016073033120725894,0.0016154126329037712,-8.109320831181785e-06,-8.05887186725719e-06,3
CP_REPO_OPS_HG,same_average_recent_front_loaded,ex_post_descriptive,high_vol_only,MSE,2870,10,7.781371153816655e-06,7.785589931875395e-06,-4.2187780587392285e-09,-4.069184000226542e-09,5
CP_REPO_OPS_HG,same_average_recent_front_loaded,ex_post_descriptive,high_vol_only,RMSE,2870,10,0.0027895109165975056,0.0027902670001050786,-7.560835075730125e-07,-4.254465778225384e-06,5
CP_REPO_OPS_HG,same_average_recent_front_loaded,ex_post_descriptive,high_vol_only,SMAPE,2870,10,94.65986103058924,96.30946685919866,-1.649605828609424,-1.6237752807690824,3
CP_REPO_OPS_HG,same_average_recent_front_loaded,ex_post_descriptive,near_zero_excluded,LOG_RV_MSE,14110,10,61.51306201248259,61.310428476337826,0.20263353614476642,0.1685337662205632,5
CP_REPO_OPS_HG,same_average_recent_front_loaded,ex_post_descriptive,near_zero_excluded,MAE,14110,10,0.0006158783010104141,0.0006106624560988694,5.215844911544737e-06,4.929888641952871e-06,8
CP_REPO_OPS_HG,same_average_recent_front_loaded,ex_post_descriptive,near_zero_excluded,MSE,14110,10,1.7527220781628603e-06,1.7467561896610437e-06,5.965888501816576e-09,5.7183376025408e-09,6
CP_REPO_OPS_HG,same_average_recent_front_loaded,ex_post_descriptive,near_zero_excluded,RMSE,14110,10,0.0013239041045947626,0.0013216490417887207,2.2550628060418864e-06,9.846031930938783e-07,6
CP_REPO_OPS_HG,same_average_recent_front_loaded,ex_post_descriptive,near_zero_excluded,SMAPE,14110,10,92.08728032701002,92.508503359317,-0.4212230323069832,-0.42967533646232425,3
CP_REPO_OPS_HG,same_average_recent_front_loaded,ex_post_descriptive,standard,LOG_RV_MSE,14331,10,65.0327606534289,64.77351200083675,0.2592486525921487,0.23841945659957223,5
CP_REPO_OPS_HG,same_average_recent_front_loaded,ex_post_descriptive,standard,MAE,14331,10,0.0006156989961505772,0.0006097956960937739,5.903300056803325e-06,5.661186052962283e-06,8
CP_REPO_OPS_HG,same_average_recent_front_loaded,ex_post_descriptive,standard,MSE,14331,10,1.732179693635762e-06,1.7254577147410928e-06,6.721978894669205e-09,6.545451271291732e-09,6
CP_REPO_OPS_HG,same_average_recent_front_loaded,ex_post_descriptive,standard,RMSE,14331,10,0.0013161229781581058,0.0013135667911229687,2.5561870351370735e-06,1.382172718650211e-06,6
CP_REPO_OPS_HG,same_average_recent_front_loaded,ex_post_descriptive,standard,SMAPE,14331,10,93.68336123354462,94.09578733900584,-0.41242610546122194,-0.4208034085971747,3
CP_REPO_OPS_HG,stable_low_dispersion,ex_post_descriptive,high_vol_only,LOG_RV_MSE,13798,10,1.1365927010064192,1.387303086977712,-0.2507103859712929,-0.25430721825494274,6
CP_REPO_OPS_HG,stable_low_dispersion,ex_post_descriptive,high_vol_only,MAE,13798,10,0.0016297046728240819,0.0015819261124447668,4.7778560379315056e-05,4.571255492363324e-05,9
CP_REPO_OPS_HG,stable_low_dispersion,ex_post_descriptive,high_vol_only,MSE,13798,10,1.7413305625955696e-05,1.7164214589476495e-05,2.4909103647920123e-07,2.3662684958506424e-07,9
CP_REPO_OPS_HG,stable_low_dispersion,ex_post_descriptive,high_vol_only,RMSE,13798,10,0.004172925307977091,0.004142971709953677,2.9953598023413873e-05,2.5658954353901065e-05,9
CP_REPO_OPS_HG,stable_low_dispersion,ex_post_descriptive,high_vol_only,SMAPE,13798,10,72.78501202823047,69.07982255482939,3.7051894734010773,3.5359652057331643,9
CP_REPO_OPS_HG,stable_low_dispersion,ex_post_descriptive,near_zero_excluded,LOG_RV_MSE,67129,10,23.025768102724278,23.440933669569063,-0.41516556684478445,-0.390746104335945,1
CP_REPO_OPS_HG,stable_low_dispersion,ex_post_descriptive,near_zero_excluded,MAE,67129,10,0.0006391886576111414,0.0006460068477039487,-6.818190092807287e-06,-6.473975540131926e-06,1
CP_REPO_OPS_HG,stable_low_dispersion,ex_post_descriptive,near_zero_excluded,MSE,67129,10,3.7891257013455223e-06,3.7639732233435903e-06,2.5152478001932055e-08,2.3680023079609376e-08,8
CP_REPO_OPS_HG,stable_low_dispersion,ex_post_descriptive,near_zero_excluded,RMSE,67129,10,0.0019465676719152413,0.0019400961891987702,6.471482716471043e-06,5.336694603151642e-06,8
CP_REPO_OPS_HG,stable_low_dispersion,ex_post_descriptive,near_zero_excluded,SMAPE,67129,10,76.72229579638059,77.21786899928328,-0.49557320290269047,-0.4802191175653803,0
CP_REPO_OPS_HG,stable_low_dispersion,ex_post_descriptive,standard,LOG_RV_MSE,68968,10,30.904589905889917,31.313343045409596,-0.4087531395196784,-0.3779286292138229,1
CP_REPO_OPS_HG,stable_low_dispersion,ex_post_descriptive,standard,MAE,68968,10,0.0006423459670206478,0.0006490943158454928,-6.748348824844983e-06,-6.41034784423795e-06,1
CP_REPO_OPS_HG,stable_low_dispersion,ex_post_descriptive,standard,MSE,68968,10,3.707039266768412e-06,3.683008451491272e-06,2.403081527714005e-08,2.2807444281631817e-08,8
CP_REPO_OPS_HG,stable_low_dispersion,ex_post_descriptive,standard,RMSE,68968,10,0.0019253673069750644,0.001919116581005769,6.2507259692954915e-06,5.16586600388537e-06,8
CP_REPO_OPS_HG,stable_low_dispersion,ex_post_descriptive,standard,SMAPE,68968,10,79.91610747922876,80.39693536493142,-0.48082788570266644,-0.46601342528754086,0
CP_REPO_OPS_K,all_observations,not_conditioned,high_vol_only,LOG_RV_MSE,73496,10,1.2429973656852933,1.4101167016245246,-0.16711933593923134,-0.16703609433640404,0
CP_REPO_OPS_K,all_observations,not_conditioned,high_vol_only,MAE,73496,10,0.0013977588560373617,0.0013965206050448166,1.238250992545084e-06,1.2379746866888725e-06,8
CP_REPO_OPS_K,all_observations,not_conditioned,high_vol_only,MSE,73496,10,9.91631467282196e-06,9.910702222028906e-06,5.61245079305371e-09,5.605699406486625e-09,6
CP_REPO_OPS_K,all_observations,not_conditioned,high_vol_only,RMSE,73496,10,0.0031490180489832003,0.0031481267798532044,8.912691299958926e-07,7.023156351022722e-07,6
CP_REPO_OPS_K,all_observations,not_conditioned,high_vol_only,SMAPE,73496,10,74.02057589487282,74.02133260487945,-0.000756710006626804,-0.0007482110214112936,6
CP_REPO_OPS_K,all_observations,not_conditioned,near_zero_excluded,LOG_RV_MSE,363794,10,84.08930450077095,84.16902253705649,-0.07971803628554142,-0.08147184028134516,2
CP_REPO_OPS_K,all_observations,not_conditioned,near_zero_excluded,MAE,363794,10,0.0005874977904224,0.0005875480353936105,-5.02449712104459e-08,-5.376625062684037e-08,5
CP_REPO_OPS_K,all_observations,not_conditioned,near_zero_excluded,MSE,363794,10,2.215330906486703e-06,2.214867104400211e-06,4.6380208649182445e-10,4.44943983076112e-10,5
CP_REPO_OPS_K,all_observations,not_conditioned,near_zero_excluded,RMSE,363794,10,0.0014883987726703831,0.001488242958794098,1.5581387628510641e-07,5.1675388564335816e-08,5
CP_REPO_OPS_K,all_observations,not_conditioned,near_zero_excluded,SMAPE,363794,10,99.92108203019059,100.00722676217201,-0.08614473198142036,-0.08625006504811523,0
CP_REPO_OPS_K,all_observations,not_conditioned,standard,LOG_RV_MSE,367468,10,86.0153296729766,86.09457380479117,-0.07924413181456202,-0.07923156816920898,2
CP_REPO_OPS_K,all_observations,not_conditioned,standard,MAE,367468,10,0.0005862627334133548,0.0005863161377845894,-5.34043712345977e-08,-5.323752425412506e-08,5
CP_REPO_OPS_K,all_observations,not_conditioned,standard,MSE,367468,10,2.195810003812886e-06,2.19536793386992e-06,4.4206994296584455e-10,4.4115084709579837e-10,5
CP_REPO_OPS_K,all_observations,not_conditioned,standard,RMSE,367468,10,0.0014818265768344438,0.0014816774054664935,1.4917136795028138e-07,4.7808777463222586e-08,5
CP_REPO_OPS_K,all_observations,not_conditioned,standard,SMAPE,367468,10,100.87996480320403,100.96524527094991,-0.08528046774587494,-0.085227267222416,0
CP_REPO_OPS_K,cluster_entry_loose,ex_post_descriptive,high_vol_only,LOG_RV_MSE,14694,10,1.332130441941895,1.3818400681499652,-0.04970962620807029,-0.049656456226083744,6
CP_REPO_OPS_K,cluster_entry_loose,ex_post_descriptive,high_vol_only,MAE,14694,10,0.001784491149669092,0.001777290095803078,7.201053866013945e-06,7.200854560938095e-06,7
CP_REPO_OPS_K,cluster_entry_loose,ex_post_descriptive,high_vol_only,MSE,14694,10,1.032153994459627e-05,1.0281998452214116e-05,3.954149238215369e-08,3.9537752661959617e-08,8
CP_REPO_OPS_K,cluster_entry_loose,ex_post_descriptive,high_vol_only,RMSE,14694,10,0.003212715353808406,0.0032065555432916042,6.159810516801617e-06,4.781294535222027e-06,8
CP_REPO_OPS_K,cluster_entry_loose,ex_post_descriptive,high_vol_only,SMAPE,14694,10,84.8115403046506,84.42249802512731,0.38904227952329506,0.3890048938971063,7
CP_REPO_OPS_K,cluster_entry_loose,ex_post_descriptive,near_zero_excluded,LOG_RV_MSE,72721,10,60.55015231484592,60.73096386773768,-0.1808115528917611,-0.18036789136913564,1
CP_REPO_OPS_K,cluster_entry_loose,ex_post_descriptive,near_zero_excluded,MAE,72721,10,0.0007578798738627712,0.0007605262060439105,-2.6463321811392862e-06,-2.644799368371753e-06,1
CP_REPO_OPS_K,cluster_entry_loose,ex_post_descriptive,near_zero_excluded,MSE,72721,10,2.4815741439829076e-06,2.4800083361148316e-06,1.5658078680760683e-09,1.4935084531051602e-09,7
CP_REPO_OPS_K,cluster_entry_loose,ex_post_descriptive,near_zero_excluded,RMSE,72721,10,0.0015753012867330831,0.0015748042215192439,4.970652138392307e-07,1.0108195544320962e-07,7
CP_REPO_OPS_K,cluster_entry_loose,ex_post_descriptive,near_zero_excluded,SMAPE,72721,10,92.54758699479648,92.74682926517605,-0.1992422703795711,-0.19992387365647205,1
CP_REPO_OPS_K,cluster_entry_loose,ex_post_descriptive,standard,LOG_RV_MSE,73457,10,62.079879723481234,62.262075997371724,-0.1821962738904901,-0.1821527818954083,1
CP_REPO_OPS_K,cluster_entry_loose,ex_post_descriptive,standard,MAE,73457,10,0.0007565085520951432,0.0007592159106744104,-2.7073585792672036e-06,-2.7064221684892488e-06,1
CP_REPO_OPS_K,cluster_entry_loose,ex_post_descriptive,standard,MSE,73457,10,2.4613245520281704e-06,2.459904569597081e-06,1.4199824310893284e-09,1.4201656476960738e-09,7
CP_REPO_OPS_K,cluster_entry_loose,ex_post_descriptive,standard,RMSE,73457,10,0.0015688609090764452,0.001568408291739457,4.526173369883476e-07,6.816730409056571e-08,7
CP_REPO_OPS_K,cluster_entry_loose,ex_post_descriptive,standard,SMAPE,73457,10,93.56088921296094,93.75852250837977,-0.19763329541882513,-0.19756410693343868,1
CP_REPO_OPS_K,cluster_entry_strict,ex_post_descriptive,high_vol_only,LOG_RV_MSE,14657,10,1.3342554638475268,1.3841731673933333,-0.04991770354580649,-0.04986275094432654,6
CP_REPO_OPS_K,cluster_entry_strict,ex_post_descriptive,high_vol_only,MAE,14657,10,0.001787243329286434,0.001780028929884035,7.214399402399136e-06,7.2215177931904925e-06,7
CP_REPO_OPS_K,cluster_entry_strict,ex_post_descriptive,high_vol_only,MSE,14657,10,1.034580321321044e-05,1.0306164356456128e-05,3.963885675431157e-08,3.966683593311993e-08,8
CP_REPO_OPS_K,cluster_entry_strict,ex_post_descriptive,high_vol_only,RMSE,14657,10,0.003216489268318867,0.0032103215347463448,6.167733572522236e-06,4.786063708825503e-06,8
CP_REPO_OPS_K,cluster_entry_strict,ex_post_descriptive,high_vol_only,SMAPE,14657,10,84.88149633879505,84.49617292045076,0.3853234183442851,0.38618491233820434,7
CP_REPO_OPS_K,cluster_entry_strict,ex_post_descriptive,near_zero_excluded,LOG_RV_MSE,72532,10,60.381173384259625,60.55092016599716,-0.16974678173753688,-0.16911577490904803,1
CP_REPO_OPS_K,cluster_entry_strict,ex_post_descriptive,near_zero_excluded,MAE,72532,10,0.0007588564320065486,0.0007614952835860228,-2.6388515794741572e-06,-2.638862371227954e-06,1
CP_REPO_OPS_K,cluster_entry_strict,ex_post_descriptive,near_zero_excluded,MSE,72532,10,2.487464553071507e-06,2.485877551157852e-06,1.587001913654924e-09,1.5176608298562634e-09,7
CP_REPO_OPS_K,cluster_entry_strict,ex_post_descriptive,near_zero_excluded,RMSE,72532,10,0.0015771697920869228,0.001576666594799881,5.031972870417432e-07,1.0740996531082448e-07,7
CP_REPO_OPS_K,cluster_entry_strict,ex_post_descriptive,near_zero_excluded,SMAPE,72532,10,92.4997892944739,92.69744961459315,-0.1976603201192546,-0.19836641517900233,1
CP_REPO_OPS_K,cluster_entry_strict,ex_post_descriptive,standard,LOG_RV_MSE,73266,10,61.91279479782629,62.08405005544182,-0.17125525761553462,-0.17119575458271524,1
CP_REPO_OPS_K,cluster_entry_strict,ex_post_descriptive,standard,MAE,73266,10,0.0007574764163155193,0.0007601763355056437,-2.6999191901244017e-06,-2.7003040398767394e-06,1
CP_REPO_OPS_K,cluster_entry_strict,ex_post_descriptive,standard,MSE,73266,10,2.4671601900807016e-06,2.465719073508334e-06,1.441116572367443e-09,1.4446667541203555e-09,7
CP_REPO_OPS_K,cluster_entry_strict,ex_post_descriptive,standard,RMSE,73266,10,0.0015707196408273189,0.0015702608297694794,4.5881105783943457e-07,7.462616134830836e-08,7
CP_REPO_OPS_K,cluster_entry_strict,ex_post_descriptive,standard,SMAPE,73266,10,93.51351872765494,93.70958081985222,-0.19606209219728044,-0.19600496128978478,1
CP_REPO_OPS_K,cluster_exit_loose,ex_post_descriptive,high_vol_only,LOG_RV_MSE,14693,10,1.1229862115788884,1.3126469274798878,-0.1896607159009993,-0.18951391915517543,2
CP_REPO_OPS_K,cluster_exit_loose,ex_post_descriptive,high_vol_only,MAE,14693,10,0.0015010885261131542,0.0015027748243964171,-1.6862982832629818e-06,-1.6861589572876915e-06,3
CP_REPO_OPS_K,cluster_exit_loose,ex_post_descriptive,high_vol_only,MSE,14693,10,1.2677943124526244e-05,1.2687164303088286e-05,-9.221178562042158e-09,-9.2297044716345e-09,3
CP_REPO_OPS_K,cluster_exit_loose,ex_post_descriptive,high_vol_only,RMSE,14693,10,0.0035606099371492863,0.0035619045892735937,-1.2946521243074535e-06,-1.0533813276498842e-06,3
CP_REPO_OPS_K,cluster_exit_loose,ex_post_descriptive,high_vol_only,SMAPE,14693,10,73.70908084853484,73.8839477156751,-0.1748668671402669,-0.1747827658469717,3
CP_REPO_OPS_K,cluster_exit_loose,ex_post_descriptive,near_zero_excluded,LOG_RV_MSE,72719,10,80.20388218822569,80.22997606870193,-0.02609388047623895,-0.028425831393458202,5
CP_REPO_OPS_K,cluster_exit_loose,ex_post_descriptive,near_zero_excluded,MAE,72719,10,0.0006184788455707456,0.000617922577267961,5.562683027845843e-07,5.467845666858067e-07,7
CP_REPO_OPS_K,cluster_exit_loose,ex_post_descriptive,near_zero_excluded,MSE,72719,10,2.7784093074004996e-06,2.7789555850155296e-06,-5.462776150300764e-10,-5.428587705530005e-10,4
CP_REPO_OPS_K,cluster_exit_loose,ex_post_descriptive,near_zero_excluded,RMSE,72719,10,0.0016668561147863063,0.0016670199713907238,-1.6385660441746268e-07,-2.0484060222551965e-07,4
CP_REPO_OPS_K,cluster_exit_loose,ex_post_descriptive,near_zero_excluded,SMAPE,72719,10,96.79268422556595,96.85282731111222,-0.060143085546272346,-0.06053630834459796,1
CP_REPO_OPS_K,cluster_exit_loose,ex_post_descriptive,standard,LOG_RV_MSE,73455,10,82.09800800629024,82.12208188595919,-0.02407387966894703,-0.024087258203867812,5
CP_REPO_OPS_K,cluster_exit_loose,ex_post_descriptive,standard,MAE,73455,10,0.0006171643472764074,0.0006166059222714078,5.584250049996218e-07,5.582178869391942e-07,7
CP_REPO_OPS_K,cluster_exit_loose,ex_post_descriptive,standard,MSE,73455,10,2.7534877094946653e-06,2.754033004032113e-06,-5.452945374475041e-10,-5.46966895056758e-10,4
CP_REPO_OPS_K,cluster_exit_loose,ex_post_descriptive,standard,RMSE,73455,10,0.0016593636459482487,0.0016595279461437558,-1.6430019550710447e-07,-2.0614902359629145e-07,4
CP_REPO_OPS_K,cluster_exit_loose,ex_post_descriptive,standard,SMAPE,73455,10,97.78270324564932,97.84163811758475,-0.058934871935434785,-0.05890319733251914,1
CP_REPO_OPS_K,cluster_exit_strict,ex_post_descriptive,high_vol_only,LOG_RV_MSE,14671,10,1.121544847097662,1.3114867649226585,-0.1899419178249966,-0.1897106281886345,2
CP_REPO_OPS_K,cluster_exit_strict,ex_post_descriptive,high_vol_only,MAE,14671,10,0.0015007236426876971,0.0015024177516722486,-1.6941089845514193e-06,-1.6953577641618782e-06,3
CP_REPO_OPS_K,cluster_exit_strict,ex_post_descriptive,high_vol_only,MSE,14671,10,1.2686413406552538e-05,1.2695643635678711e-05,-9.230229126173307e-09,-9.228111502877906e-09,3
CP_REPO_OPS_K,cluster_exit_strict,ex_post_descriptive,high_vol_only,RMSE,14671,10,0.003561799181109533,0.003563094671164199,-1.2954900546662332e-06,-1.0530978923267558e-06,3
CP_REPO_OPS_K,cluster_exit_strict,ex_post_descriptive,high_vol_only,SMAPE,14671,10,73.684845994303,73.86061864245906,-0.1757726481560553,-0.1760036320343204,3
CP_REPO_OPS_K,cluster_exit_strict,ex_post_descriptive,near_zero_excluded,LOG_RV_MSE,72600,10,80.02173783897848,80.04964025419393,-0.02790241521545056,-0.03012041433683319,5
CP_REPO_OPS_K,cluster_exit_strict,ex_post_descriptive,near_zero_excluded,MAE,72600,10,0.0006184535179022776,0.0006179058504173962,5.476674848814336e-07,5.384773734539724e-07,7
CP_REPO_OPS_K,cluster_exit_strict,ex_post_descriptive,near_zero_excluded,MSE,72600,10,2.7805878498197563e-06,2.781138906778106e-06,-5.510569583495481e-10,-5.456384967817922e-10,4
CP_REPO_OPS_K,cluster_exit_strict,ex_post_descriptive,near_zero_excluded,RMSE,72600,10,0.0016675094751814027,0.001667674700527086,-1.65225345683407e-07,-2.056316234230651e-07,4
CP_REPO_OPS_K,cluster_exit_strict,ex_post_descriptive,near_zero_excluded,SMAPE,72600,10,96.72258691267511,96.7829393481512,-0.060352435476090704,-0.06076397041223913,1
CP_REPO_OPS_K,cluster_exit_strict,ex_post_descriptive,standard,LOG_RV_MSE,73334,10,81.90717235117306,81.9329063525963,-0.025734001423245445,-0.025653167400115074,5
CP_REPO_OPS_K,cluster_exit_strict,ex_post_descriptive,standard,MAE,73334,10,0.000617143413936819,0.0006165920690167353,5.513449200837076e-07,5.514883974077966e-07,7
CP_REPO_OPS_K,cluster_exit_strict,ex_post_descriptive,standard,MSE,73334,10,2.7556748132676994e-06,2.7562238702094466e-06,-5.490569417472236e-10,-5.486497265099769e-10,4
CP_REPO_OPS_K,cluster_exit_strict,ex_post_descriptive,standard,RMSE,73334,10,0.0016600225339638314,0.0016601879020789925,-1.6536811516107072e-07,-2.0656963904603136e-07,4
CP_REPO_OPS_K,cluster_exit_strict,ex_post_descriptive,standard,SMAPE,73334,10,97.71189563488282,97.7710200058852,-0.059124371002383214,-0.059091785084510205,1
CP_REPO_OPS_K,entry_with_recent_spike,ex_post_descriptive,high_vol_only,LOG_RV_MSE,8754,10,1.4736378437064515,1.5309018779995798,-0.05726403429312832,-0.05521043188015164,4
CP_REPO_OPS_K,entry_with_recent_spike,ex_post_descriptive,high_vol_only,MAE,8754,10,0.0019315043244099452,0.001930283401121887,1.2209232880581143e-06,1.2156065169272793e-06,4
CP_REPO_OPS_K,entry_with_recent_spike,ex_post_descriptive,high_vol_only,MSE,8754,10,1.1146392096496613e-05,1.1118547023185944e-05,2.784507331066913e-08,2.755099240345678e-08,5
CP_REPO_OPS_K,entry_with_recent_spike,ex_post_descriptive,high_vol_only,RMSE,8754,10,0.003338621286773421,0.003334448533593815,4.172753179606126e-06,1.7336163110324682e-06,5
CP_REPO_OPS_K,entry_with_recent_spike,ex_post_descriptive,high_vol_only,SMAPE,8754,10,87.65347704873638,87.8903528719777,-0.23687582324131995,-0.2355086421416715,4
CP_REPO_OPS_K,entry_with_recent_spike,ex_post_descriptive,near_zero_excluded,LOG_RV_MSE,43077,10,58.5073000988938,58.58973325169532,-0.08243315280152075,-0.08831058332253525,3
CP_REPO_OPS_K,entry_with_recent_spike,ex_post_descriptive,near_zero_excluded,MAE,43077,10,0.0008298909472286534,0.000826492826575521,3.398120653132393e-06,3.3638061518354598e-06,8
CP_REPO_OPS_K,entry_with_recent_spike,ex_post_descriptive,near_zero_excluded,MSE,43077,10,2.7524238027535856e-06,2.7411534806175403e-06,1.1270322136045268e-08,1.112927095265195e-08,9
CP_REPO_OPS_K,entry_with_recent_spike,ex_post_descriptive,near_zero_excluded,RMSE,43077,10,0.0016590430382463215,0.0016556429206255618,3.4001176207596774e-06,3.0629395677083986e-06,9
CP_REPO_OPS_K,entry_with_recent_spike,ex_post_descriptive,near_zero_excluded,SMAPE,43077,10,93.4313578597661,93.3688440063435,0.06251385342260107,0.06272056286162239,6
CP_REPO_OPS_K,entry_with_recent_spike,ex_post_descriptive,standard,LOG_RV_MSE,43747,10,61.708962586389255,61.78480110294074,-0.07583851655148521,-0.08190076047488333,3
CP_REPO_OPS_K,entry_with_recent_spike,ex_post_descriptive,standard,MAE,43747,10,0.0008304363652918029,0.0008269715480216021,3.464817270200848e-06,3.4226620020377047e-06,8
CP_REPO_OPS_K,entry_with_recent_spike,ex_post_descriptive,standard,MSE,43747,10,2.7262690958934324e-06,2.7151212625037473e-06,1.1147833389685096e-08,1.1006357409680762e-08,10
CP_REPO_OPS_K,entry_with_recent_spike,ex_post_descriptive,standard,RMSE,43747,10,0.0016511417552389112,0.0016477625018502355,3.379253388675679e-06,3.0827743415842e-06,10
CP_REPO_OPS_K,entry_with_recent_spike,ex_post_descriptive,standard,SMAPE,43747,10,94.9939885723259,94.93131345857373,0.06267511375217794,0.06178897518552447,6
CP_REPO_OPS_K,entry_without_recent_spike,ex_post_descriptive,high_vol_only,LOG_RV_MSE,5946,10,1.1195692099524477,1.3066488517027266,-0.1870796417502789,-0.18328457391933967,7
CP_REPO_OPS_K,entry_without_recent_spike,ex_post_descriptive,high_vol_only,MAE,5946,10,0.0015570783495014973,0.0015406621206064018,1.6416228895095586e-05,1.6695057391939693e-05,9
CP_REPO_OPS_K,entry_without_recent_spike,ex_post_descriptive,high_vol_only,MSE,5946,10,9.074816797282833e-06,9.01937926126227e-06,5.543753602056271e-08,5.652223294736046e-08,8
CP_REPO_OPS_K,entry_without_recent_spike,ex_post_descriptive,high_vol_only,RMSE,5946,10,0.003012443658773195,0.0030032281400623347,9.215518710860206e-06,8.91435808995821e-06,8
CP_REPO_OPS_K,entry_without_recent_spike,ex_post_descriptive,high_vol_only,SMAPE,5946,10,80.3430946440876,78.87429694063485,1.4687977034527506,1.5044260950627417,9
CP_REPO_OPS_K,entry_without_recent_spike,ex_post_descriptive,near_zero_excluded,LOG_RV_MSE,29421,10,60.966920165964275,61.29382153358093,-0.32690136761665656,-0.3304247717032328,0
CP_REPO_OPS_K,entry_without_recent_spike,ex_post_descriptive,near_zero_excluded,MAE,29421,10,0.00064865090680092,0.0006601587858722756,-1.150787907135554e-05,-1.1741349563117898e-05,0
CP_REPO_OPS_K,entry_without_recent_spike,ex_post_descriptive,near_zero_excluded,MSE,29421,10,2.0879985944370397e-06,2.100381855357251e-06,-1.2383260920211435e-08,-1.2772343426842048e-08,0
CP_REPO_OPS_K,entry_without_recent_spike,ex_post_descriptive,near_zero_excluded,RMSE,29421,10,0.0014449908630981166,0.0014492694212454949,-4.27855814737828e-06,-4.578467431123597e-06,0
CP_REPO_OPS_K,entry_without_recent_spike,ex_post_descriptive,near_zero_excluded,SMAPE,29421,10,90.44189351704458,91.02653863672492,-0.5846451196803457,-0.5948530284785776,1
CP_REPO_OPS_K,entry_without_recent_spike,ex_post_descriptive,standard,LOG_RV_MSE,29710,10,62.62604303537494,62.96484761657982,-0.3388045812048759,-0.3426003665837962,0
CP_REPO_OPS_K,entry_without_recent_spike,ex_post_descriptive,standard,MAE,29710,10,0.0006476522732693516,0.000659447958233226,-1.1795684963874457e-05,-1.1996104127257484e-05,0
CP_REPO_OPS_K,entry_without_recent_spike,ex_post_descriptive,standard,MSE,29710,10,2.071202405933468e-06,2.0841063647977575e-06,-1.290395886428963e-08,-1.3173509325036314e-08,0
CP_REPO_OPS_K,entry_without_recent_spike,ex_post_descriptive,standard,RMSE,29710,10,0.0014391672612776695,0.0014436434340922824,-4.476172814612883e-06,-4.755452728217701e-06,0
CP_REPO_OPS_K,entry_without_recent_spike,ex_post_descriptive,standard,SMAPE,29710,10,91.450697436652,92.03162632197336,-0.5809288853213559,-0.5862353489179256,1
CP_REPO_OPS_K,high_within_block_dispersion,ex_post_descriptive,high_vol_only,LOG_RV_MSE,13800,10,1.347003340120205,1.4941939175612295,-0.14719057744102448,-0.13201390075554023,4
CP_REPO_OPS_K,high_within_block_dispersion,ex_post_descriptive,high_vol_only,MAE,13800,10,0.0010124910161190377,0.0010130799862358361,-5.889701167984592e-07,-4.933446813273272e-07,4
CP_REPO_OPS_K,high_within_block_dispersion,ex_post_descriptive,high_vol_only,MSE,13800,10,4.061123263348121e-06,4.055640825448079e-06,5.4824379000427236e-09,5.3599117530773796e-09,6
CP_REPO_OPS_K,high_within_block_dispersion,ex_post_descriptive,high_vol_only,RMSE,13800,10,0.0020152228818044226,0.0020138621664473663,1.3607153570563066e-06,9.657795881828261e-07,6
CP_REPO_OPS_K,high_within_block_dispersion,ex_post_descriptive,high_vol_only,SMAPE,13800,10,67.13010831164493,67.32587879797768,-0.19577048633274785,-0.15389317097366445,3
CP_REPO_OPS_K,high_within_block_dispersion,ex_post_descriptive,near_zero_excluded,LOG_RV_MSE,68602,10,133.4472628617705,133.53862399871892,-0.09136113694842152,-0.10909899721692043,4
CP_REPO_OPS_K,high_within_block_dispersion,ex_post_descriptive,near_zero_excluded,MAE,68602,10,0.000568649162840853,0.0005699711857019785,-1.3220228611255345e-06,-1.271796436964445e-06,1
CP_REPO_OPS_K,high_within_block_dispersion,ex_post_descriptive,near_zero_excluded,MSE,68602,10,1.1270507328910632e-06,1.128898150514322e-06,-1.8474176232587876e-09,-1.7189653138283287e-09,5
CP_REPO_OPS_K,high_within_block_dispersion,ex_post_descriptive,near_zero_excluded,RMSE,68602,10,0.0010616264563824054,0.0010624961884704914,-8.697320880860296e-07,-7.819465509934691e-07,5
CP_REPO_OPS_K,high_within_block_dispersion,ex_post_descriptive,near_zero_excluded,SMAPE,68602,10,119.19625535916762,119.38155091358533,-0.1852955544177064,-0.1694035272282278,1
CP_REPO_OPS_K,high_within_block_dispersion,ex_post_descriptive,standard,LOG_RV_MSE,68970,10,134.1816042629971,134.2722327343864,-0.09062847138929442,-0.10649647242660105,4
CP_REPO_OPS_K,high_within_block_dispersion,ex_post_descriptive,standard,MAE,68970,10,0.0005686239437191444,0.0005699442640372396,-1.3203203180952574e-06,-1.2663684351585597e-06,1
CP_REPO_OPS_K,high_within_block_dispersion,ex_post_descriptive,standard,MSE,68970,10,1.123133377256323e-06,1.1249946560813983e-06,-1.8612788250753868e-09,-1.6971943620331758e-09,5
CP_REPO_OPS_K,high_within_block_dispersion,ex_post_descriptive,standard,RMSE,68970,10,0.0010597798720754811,0.001060657652629442,-8.777805539609152e-07,-7.803841747006318e-07,5
CP_REPO_OPS_K,high_within_block_dispersion,ex_post_descriptive,standard,SMAPE,68970,10,119.60427234064147,119.78806555735532,-0.18379321671385185,-0.16766078717586624,1
CP_REPO_OPS_K,inflection_points,ex_post_descriptive,high_vol_only,LOG_RV_MSE,28984,10,1.1395945186365517,1.323035992416305,-0.1834414737797534,-0.20058996501612084,2
CP_REPO_OPS_K,inflection_points,ex_post_descriptive,high_vol_only,MAE,28984,10,0.0015690861682796692,0.0015660770670991612,3.0091011805079802e-06,2.880001174278827e-06,8
CP_REPO_OPS_K,inflection_points,ex_post_descriptive,high_vol_only,MSE,28984,10,1.1258143057283103e-05,1.1244224408741885e-05,1.39186485412175e-08,1.349539597104053e-08,8
CP_REPO_OPS_K,inflection_points,ex_post_descriptive,high_vol_only,RMSE,28984,10,0.0033553156419751486,0.0033532408814074014,2.0747605677471498e-06,1.671975891014252e-06,8
CP_REPO_OPS_K,inflection_points,ex_post_descriptive,high_vol_only,SMAPE,28984,10,77.5511484641698,77.36262512052748,0.18852334364231638,0.16823429577363527,8
CP_REPO_OPS_K,inflection_points,ex_post_descriptive,near_zero_excluded,LOG_RV_MSE,143375,10,58.64300646845435,58.77673912463332,-0.1337326561789709,-0.13547687040066989,1
CP_REPO_OPS_K,inflection_points,ex_post_descriptive,near_zero_excluded,MAE,143375,10,0.0006543332064361158,0.0006557834608115454,-1.4502543754296368e-06,-1.4632417752685571e-06,0
CP_REPO_OPS_K,inflection_points,ex_post_descriptive,near_zero_excluded,MSE,143375,10,2.5404502226370316e-06,2.5408140716053666e-06,-3.6384896833502057e-10,-4.316248711119599e-10,4
CP_REPO_OPS_K,inflection_points,ex_post_descriptive,near_zero_excluded,RMSE,143375,10,0.0015938789861959506,0.001593993121567771,-1.1413537182036748e-07,-4.0070047975189264e-07,4
CP_REPO_OPS_K,inflection_points,ex_post_descriptive,near_zero_excluded,SMAPE,143375,10,90.02958355319511,90.17808440052349,-0.14850084732837843,-0.15168440460275293,0
CP_REPO_OPS_K,inflection_points,ex_post_descriptive,standard,LOG_RV_MSE,144886,10,60.506791384132924,60.640205021069136,-0.13341363693621133,-0.13435542080283672,1
CP_REPO_OPS_K,inflection_points,ex_post_descriptive,standard,MAE,144886,10,0.0006529679144583394,0.0006544468315485346,-1.4789170901951957e-06,-1.484010828637413e-06,0
CP_REPO_OPS_K,inflection_points,ex_post_descriptive,standard,MSE,144886,10,2.5174090289669973e-06,2.5178374880548144e-06,-4.284590878170206e-10,-4.597765504186059e-10,4
CP_REPO_OPS_K,inflection_points,ex_post_descriptive,standard,RMSE,144886,10,0.0015866344975976657,0.001586769513210666,-1.350156130003246e-07,-4.1692503375971623e-07,4
CP_REPO_OPS_K,inflection_points,ex_post_descriptive,standard,SMAPE,144886,10,91.11849778030444,91.26532906860686,-0.14683128830242254,-0.1494749205241618,0
CP_REPO_OPS_K,older_spike_position,ex_post_descriptive,high_vol_only,LOG_RV_MSE,21781,10,1.1395303095276075,1.311478199130307,-0.17194788960269958,-0.16505327344569726,2
CP_REPO_OPS_K,older_spike_position,ex_post_descriptive,high_vol_only,MAE,21781,10,0.0013486758957650074,0.0013486784744168858,-2.5786518783980916e-09,-5.173620727677184e-09,5
CP_REPO_OPS_K,older_spike_position,ex_post_descriptive,high_vol_only,MSE,21781,10,1.069141300105579e-05,1.0694234408254239e-05,-2.8214071984484276e-09,-2.623229503581965e-09,6
CP_REPO_OPS_K,older_spike_position,ex_post_descriptive,high_vol_only,RMSE,21781,10,0.0032697726222255565,0.0032702040315940903,-4.314093685338187e-07,-3.8218852479670426e-07,6
CP_REPO_OPS_K,older_spike_position,ex_post_descriptive,high_vol_only,SMAPE,21781,10,69.8626302544199,69.93268146029139,-0.0700512058714935,-0.07176223305423264,4
CP_REPO_OPS_K,older_spike_position,ex_post_descriptive,near_zero_excluded,LOG_RV_MSE,107788,10,78.34423187563695,78.402047878542,-0.05781600290505651,-0.05571360186699907,4
CP_REPO_OPS_K,older_spike_position,ex_post_descriptive,near_zero_excluded,MAE,107788,10,0.0005714781969803931,0.0005711289836725037,3.4921330788943803e-07,3.1245940994746046e-07,6
CP_REPO_OPS_K,older_spike_position,ex_post_descriptive,near_zero_excluded,MSE,107788,10,2.346475802604796e-06,2.346719226167262e-06,-2.434235624659653e-10,-2.4591010613696594e-10,5
CP_REPO_OPS_K,older_spike_position,ex_post_descriptive,near_zero_excluded,RMSE,107788,10,0.0015318210739524365,0.0015319005275040746,-7.945355163813811e-08,-1.65697204143481e-07,5
CP_REPO_OPS_K,older_spike_position,ex_post_descriptive,near_zero_excluded,SMAPE,107788,10,96.43669126169502,96.50076663870789,-0.0640753770128697,-0.06422531083485268,2
CP_REPO_OPS_K,older_spike_position,ex_post_descriptive,standard,LOG_RV_MSE,108871,10,80.56611776174127,80.62250217506573,-0.056384413324465754,-0.0522389036555122,4
CP_REPO_OPS_K,older_spike_position,ex_post_descriptive,standard,MAE,108871,10,0.0005701423444680369,0.0005697795439805454,3.62800487491567e-07,3.3116717772451963e-07,7
CP_REPO_OPS_K,older_spike_position,ex_post_descriptive,standard,MSE,108871,10,2.3254307190849205e-06,2.3256660968409647e-06,-2.3537775604415804e-10,-2.432964425910355e-10,5
CP_REPO_OPS_K,older_spike_position,ex_post_descriptive,standard,RMSE,108871,10,0.0015249363000089285,0.0015250134743145598,-7.717430563136327e-08,-1.6425832076911747e-07,5
CP_REPO_OPS_K,older_spike_position,ex_post_descriptive,standard,SMAPE,108871,10,97.43444157677632,97.49818028285263,-0.0637387060763075,-0.06390725925910204,2
CP_REPO_OPS_K,recent_ramp_high_dispersion,ex_post_descriptive,high_vol_only,LOG_RV_MSE,4860,10,1.422541686129273,1.3869378003319994,0.03560388579727358,0.03864439812977879,8
CP_REPO_OPS_K,recent_ramp_high_dispersion,ex_post_descriptive,high_vol_only,MAE,4860,10,0.0014613955477391944,0.0014548122581257972,6.583289613397176e-06,7.148003458745395e-06,8
CP_REPO_OPS_K,recent_ramp_high_dispersion,ex_post_descriptive,high_vol_only,MSE,4860,10,5.9629586828906324e-06,5.930421360458102e-06,3.253732243253036e-08,3.512229439660254e-08,7
CP_REPO_OPS_K,recent_ramp_high_dispersion,ex_post_descriptive,high_vol_only,RMSE,4860,10,0.0024419170098286783,0.0024352456468410126,6.671362987665727e-06,5.63261101998874e-06,7
CP_REPO_OPS_K,recent_ramp_high_dispersion,ex_post_descriptive,high_vol_only,SMAPE,4860,10,76.48024025708399,75.97441998495617,0.5058202721278207,0.5451925841902039,8
CP_REPO_OPS_K,recent_ramp_high_dispersion,ex_post_descriptive,near_zero_excluded,LOG_RV_MSE,24128,10,114.11256475334159,114.45539191029984,-0.3428271569582506,-0.3476549098296995,1
CP_REPO_OPS_K,recent_ramp_high_dispersion,ex_post_descriptive,near_zero_excluded,MAE,24128,10,0.0007928593927930361,0.0007986545414519264,-5.795148658890273e-06,-5.66645810140903e-06,1
CP_REPO_OPS_K,recent_ramp_high_dispersion,ex_post_descriptive,near_zero_excluded,MSE,24128,10,1.8154479400161009e-06,1.8196537019881328e-06,-4.2057619720318605e-09,-3.784162274126276e-09,4
CP_REPO_OPS_K,recent_ramp_high_dispersion,ex_post_descriptive,near_zero_excluded,RMSE,24128,10,0.0013473855944072211,0.0013489454036350516,-1.5598092278305137e-06,-1.3535635009745048e-06,4
CP_REPO_OPS_K,recent_ramp_high_dispersion,ex_post_descriptive,near_zero_excluded,SMAPE,24128,10,117.97303253465954,118.26559186378195,-0.2925593291224118,-0.2730737582765215,1
CP_REPO_OPS_K,recent_ramp_high_dispersion,ex_post_descriptive,standard,LOG_RV_MSE,24273,10,114.68887161199063,115.03135187028326,-0.34248025829262474,-0.3476164396872067,1
CP_REPO_OPS_K,recent_ramp_high_dispersion,ex_post_descriptive,standard,MAE,24273,10,0.0007926212485103804,0.0007984823065657104,-5.861058055329983e-06,-5.727001722340504e-06,1
CP_REPO_OPS_K,recent_ramp_high_dispersion,ex_post_descriptive,standard,MSE,24273,10,1.8086202642090091e-06,1.8129455255667054e-06,-4.325261357696244e-09,-3.8728361975695995e-09,4
CP_REPO_OPS_K,recent_ramp_high_dispersion,ex_post_descriptive,standard,RMSE,24273,10,0.001344849532181578,0.0013464566556583635,-1.6071234767854777e-06,-1.3953848766245038e-06,4
CP_REPO_OPS_K,recent_ramp_high_dispersion,ex_post_descriptive,standard,SMAPE,24273,10,118.4281414949415,118.71922554232731,-0.29108404738580873,-0.2716159235468368,1
CP_REPO_OPS_K,recent_spike_position,ex_post_descriptive,high_vol_only,LOG_RV_MSE,41263,10,133.60326357120792,133.73036997606113,-0.12710640485320823,-0.12475156049810784,1
CP_REPO_OPS_K,recent_spike_position,ex_post_descriptive,high_vol_only,MAE,41263,10,0.0009278329622731831,0.0009282921001698778,-4.5913789669467693e-07,-6.398254658751811e-07,4
CP_REPO_OPS_K,recent_spike_position,ex_post_descriptive,high_vol_only,MSE,41263,10,5.620772726690841e-06,5.6166472520210585e-06,4.125474669782374e-09,8.147958306682204e-09,5
CP_REPO_OPS_K,recent_spike_position,ex_post_descriptive,high_vol_only,RMSE,41263,10,0.002370816890164831,0.002369946677041713,8.702131231181492e-07,3.12412021246961e-07,5
CP_REPO_OPS_K,recent_spike_position,ex_post_descriptive,high_vol_only,SMAPE,41263,10,126.75937020163306,126.94670587679023,-0.18733567515717198,-0.3143626525806013,4
CP_REPO_OPS_K,recent_spike_position,ex_post_descriptive,near_zero_excluded,LOG_RV_MSE,124205,10,108.09331457411457,108.13678604034371,-0.04347146622913556,-0.04867047135612823,3
CP_REPO_OPS_K,recent_spike_position,ex_post_descriptive,near_zero_excluded,MAE,124205,10,0.0006101040586077684,0.0006081466116913643,1.95744691640408e-06,2.0953232502261056e-06,10
CP_REPO_OPS_K,recent_spike_position,ex_post_descriptive,near_zero_excluded,MSE,124205,10,2.122274233945656e-06,2.1181965447178207e-06,4.077689227835295e-09,4.497769720073493e-09,9
CP_REPO_OPS_K,recent_spike_position,ex_post_descriptive,near_zero_excluded,RMSE,124205,10,0.0014568027436635531,0.0014554025370040484,1.4002066595047557e-06,1.3303831707725143e-06,9
CP_REPO_OPS_K,recent_spike_position,ex_post_descriptive,near_zero_excluded,SMAPE,124205,10,110.75903396715827,110.74129020652893,0.017743760629343797,0.024198693641113777,8
CP_REPO_OPS_K,recent_spike_position,ex_post_descriptive,standard,LOG_RV_MSE,125358,10,109.41387331267963,109.45407409942703,-0.04020078674740546,-0.043404526862812,3
CP_REPO_OPS_K,recent_spike_position,ex_post_descriptive,standard,MAE,125358,10,0.0006091827784219505,0.0006071835569137368,1.999221508213714e-06,2.129079965051237e-06,10
CP_REPO_OPS_K,recent_spike_position,ex_post_descriptive,standard,MSE,125358,10,2.1057111020059574e-06,2.1015820149647245e-06,4.129087041232976e-09,4.567755119365231e-09,9
CP_REPO_OPS_K,recent_spike_position,ex_post_descriptive,standard,RMSE,125358,10,0.00145110685409654,0.001449683418876247,1.423435220292927e-06,1.3666930403301346e-06,9
CP_REPO_OPS_K,recent_spike_position,ex_post_descriptive,standard,SMAPE,125358,10,111.53126331543436,111.51267430237283,0.018589013061529158,0.023932175183138327,8
CP_REPO_OPS_K,same_average_back_loaded,ex_post_descriptive,high_vol_only,LOG_RV_MSE,5089,10,148.22928488392745,147.96765149700897,0.2616333869184757,0.048012234981185106,3
CP_REPO_OPS_K,same_average_back_loaded,ex_post_descriptive,high_vol_only,MAE,5089,10,0.00079502070058517,0.0007954962693001818,-4.755687150118223e-07,-1.6348749407478144e-06,3
CP_REPO_OPS_K,same_average_back_loaded,ex_post_descriptive,high_vol_only,MSE,5089,10,5.436331053659615e-06,5.439188001655547e-06,-2.856947995932237e-09,-4.37790607957106e-09,4
CP_REPO_OPS_K,same_average_back_loaded,ex_post_descriptive,high_vol_only,RMSE,5089,10,0.0023315941013949265,0.0023322066807329807,-6.125793380541873e-07,-7.153905144016953e-07,4
CP_REPO_OPS_K,same_average_back_loaded,ex_post_descriptive,high_vol_only,SMAPE,5089,10,125.47402771920483,125.6153737225859,-0.14134600338107361,-0.2560720319243323,3
CP_REPO_OPS_K,same_average_back_loaded,ex_post_descriptive,near_zero_excluded,LOG_RV_MSE,15487,10,124.26141461023107,124.07562524210563,0.185789368125441,0.17323841471138013,9
CP_REPO_OPS_K,same_average_back_loaded,ex_post_descriptive,near_zero_excluded,MAE,15487,10,0.000527741419898501,0.0005266239692153761,1.1174506831249575e-06,1.1021106316031719e-06,8
CP_REPO_OPS_K,same_average_back_loaded,ex_post_descriptive,near_zero_excluded,MSE,15487,10,1.938986808645503e-06,1.9384061087543316e-06,5.806998911714275e-10,6.702376766632226e-10,7
CP_REPO_OPS_K,same_average_back_loaded,ex_post_descriptive,near_zero_excluded,RMSE,15487,10,0.0013924750657176965,0.0013922665365347009,2.0852918299562283e-07,1.6936191507926327e-07,7
CP_REPO_OPS_K,same_average_back_loaded,ex_post_descriptive,near_zero_excluded,SMAPE,15487,10,115.21629356973736,115.18336976747648,0.032923802260881985,0.03327153736267263,6
CP_REPO_OPS_K,same_average_back_loaded,ex_post_descriptive,standard,LOG_RV_MSE,15559,10,124.77448379663251,124.58880098137453,0.18568281525797659,0.17402428490942282,9
CP_REPO_OPS_K,same_average_back_loaded,ex_post_descriptive,standard,MAE,15559,10,0.0005277712464133768,0.0005266645458965941,1.1067005167826691e-06,1.0922824503671894e-06,8
CP_REPO_OPS_K,same_average_back_loaded,ex_post_descriptive,standard,MSE,15559,10,1.931432277016903e-06,1.930868646887306e-06,5.636301295969265e-10,6.544165631926308e-10,6
CP_REPO_OPS_K,same_average_back_loaded,ex_post_descriptive,standard,RMSE,15559,10,0.0013897597911210781,0.0013895569966314106,2.0279448966755917e-07,1.6379113425532056e-07,6
CP_REPO_OPS_K,same_average_back_loaded,ex_post_descriptive,standard,SMAPE,15559,10,115.5837931550299,115.55126605401796,0.032527101011936566,0.032162834898697666,6
CP_REPO_OPS_K,same_average_different_path,ex_post_descriptive,high_vol_only,LOG_RV_MSE,1483,10,1.176451606646611,1.1869437549550192,-0.010492148308408167,-0.009437369483717196,3
CP_REPO_OPS_K,same_average_different_path,ex_post_descriptive,high_vol_only,MAE,1483,10,0.0012308421833447504,0.0012296935556858034,1.14862765894703e-06,1.2810628157315694e-06,7
CP_REPO_OPS_K,same_average_different_path,ex_post_descriptive,high_vol_only,MSE,1483,10,5.424646643583948e-06,5.422481549280743e-06,2.165094303205148e-09,2.2736782811066053e-09,5
CP_REPO_OPS_K,same_average_different_path,ex_post_descriptive,high_vol_only,RMSE,1483,10,0.0023290870837270015,0.0023286222427179428,4.648410090587682e-07,1.553782943076315e-07,5
CP_REPO_OPS_K,same_average_different_path,ex_post_descriptive,high_vol_only,SMAPE,1483,10,78.26623100008541,78.35001044767657,-0.08377944759115508,-0.052021630425561224,6
CP_REPO_OPS_K,same_average_different_path,ex_post_descriptive,near_zero_excluded,LOG_RV_MSE,7368,10,130.5647982605645,130.5430879415411,0.021710319023384272,0.0230960014962021,8
CP_REPO_OPS_K,same_average_different_path,ex_post_descriptive,near_zero_excluded,MAE,7368,10,0.0005432933685073359,0.0005433321758846358,-3.880737729994657e-08,1.0667855834191775e-07,5
CP_REPO_OPS_K,same_average_different_path,ex_post_descriptive,near_zero_excluded,MSE,7368,10,1.25033332979528e-06,1.2506085834298087e-06,-2.7525363452861874e-10,-1.3491664827345993e-10,3
CP_REPO_OPS_K,same_average_different_path,ex_post_descriptive,near_zero_excluded,RMSE,7368,10,0.0011181830484295852,0.0011183061224145242,-1.230739849389286e-07,-1.4400576127469975e-07,3
CP_REPO_OPS_K,same_average_different_path,ex_post_descriptive,near_zero_excluded,SMAPE,7368,10,117.07922485099387,117.12112571618799,-0.041900865194122616,-0.02064518306891472,6
CP_REPO_OPS_K,same_average_different_path,ex_post_descriptive,standard,LOG_RV_MSE,7396,10,131.0538149663491,131.03120903473192,0.02260593161719271,0.02440930781518933,8
CP_REPO_OPS_K,same_average_different_path,ex_post_descriptive,standard,MAE,7396,10,0.000543100371193495,0.0005431259333093364,-2.5562115841355412e-08,1.2180359527205786e-07,5
CP_REPO_OPS_K,same_average_different_path,ex_post_descriptive,standard,MSE,7396,10,1.2465643227993336e-06,1.2468277032182942e-06,-2.6338041896066305e-10,-1.1176034767334226e-10,3
CP_REPO_OPS_K,same_average_different_path,ex_post_descriptive,standard,RMSE,7396,10,0.0011164964499716663,0.0011166143932523412,-1.179432806749231e-07,-1.3321692808870444e-07,3
CP_REPO_OPS_K,same_average_different_path,ex_post_descriptive,standard,SMAPE,7396,10,117.3731818015564,117.41480837226332,-0.041626570706924326,-0.021150147726481806,6
CP_REPO_OPS_K,same_average_recent_front_loaded,ex_post_descriptive,high_vol_only,LOG_RV_MSE,2870,10,1.4580562797951269,1.613518365615218,-0.15546208582009124,-0.14875182588637997,5
CP_REPO_OPS_K,same_average_recent_front_loaded,ex_post_descriptive,high_vol_only,MAE,2870,10,0.0016073033120725894,0.0016045716356102144,2.731676462375005e-06,2.814762967728499e-06,7
CP_REPO_OPS_K,same_average_recent_front_loaded,ex_post_descriptive,high_vol_only,MSE,2870,10,7.781371153816655e-06,7.757826650902589e-06,2.3544502914066854e-08,2.384903857727078e-08,7
CP_REPO_OPS_K,same_average_recent_front_loaded,ex_post_descriptive,high_vol_only,RMSE,2870,10,0.0027895109165975056,0.0027852875346905544,4.2233819069511895e-06,2.6727270904272473e-06,7
CP_REPO_OPS_K,same_average_recent_front_loaded,ex_post_descriptive,high_vol_only,SMAPE,2870,10,94.65986103058924,94.59646561692071,0.06339541366853041,0.07348316574679359,7
CP_REPO_OPS_K,same_average_recent_front_loaded,ex_post_descriptive,near_zero_excluded,LOG_RV_MSE,14110,10,61.51306201248259,61.61879166390966,-0.10572965142706892,-0.11058509041084859,1
CP_REPO_OPS_K,same_average_recent_front_loaded,ex_post_descriptive,near_zero_excluded,MAE,14110,10,0.0006158783010104141,0.0006171769668555581,-1.298665845143941e-06,-1.3345160793656305e-06,1
CP_REPO_OPS_K,same_average_recent_front_loaded,ex_post_descriptive,near_zero_excluded,MSE,14110,10,1.7527220781628603e-06,1.7502262309521422e-06,2.495847210718132e-09,2.50175751949726e-09,5
CP_REPO_OPS_K,same_average_recent_front_loaded,ex_post_descriptive,near_zero_excluded,RMSE,14110,10,0.0013239041045947626,0.0013229611600315944,9.429445631682198e-07,3.052544305642141e-07,5
CP_REPO_OPS_K,same_average_recent_front_loaded,ex_post_descriptive,near_zero_excluded,SMAPE,14110,10,92.08728032701002,92.26031987983062,-0.17303955282059746,-0.17540327511988069,1
CP_REPO_OPS_K,same_average_recent_front_loaded,ex_post_descriptive,standard,LOG_RV_MSE,14331,10,65.0327606534289,65.13839879153117,-0.10563813810227884,-0.11201249880072126,1
CP_REPO_OPS_K,same_average_recent_front_loaded,ex_post_descriptive,standard,MAE,14331,10,0.0006156989961505772,0.0006170085191869382,-1.3095230363609775e-06,-1.3439119070595117e-06,1
CP_REPO_OPS_K,same_average_recent_front_loaded,ex_post_descriptive,standard,MSE,14331,10,1.732179693635762e-06,1.7297556798522884e-06,2.4240137834736495e-09,2.4392409213223337e-09,5
CP_REPO_OPS_K,same_average_recent_front_loaded,ex_post_descriptive,standard,RMSE,14331,10,0.0013161229781581058,0.001315201763932929,9.212142251767419e-07,2.953978018241355e-07,5
CP_REPO_OPS_K,same_average_recent_front_loaded,ex_post_descriptive,standard,SMAPE,14331,10,93.68336123354462,93.85460865027807,-0.17124741673345056,-0.17319325748415082,1
CP_REPO_OPS_K,stable_low_dispersion,ex_post_descriptive,high_vol_only,LOG_RV_MSE,13798,10,1.1365927010064192,1.2964099433345055,-0.15981724232808636,-0.17179548313247534,3
CP_REPO_OPS_K,stable_low_dispersion,ex_post_descriptive,high_vol_only,MAE,13798,10,0.0016297046728240819,0.001628592144207936,1.1125286161458095e-06,1.0193314838998976e-06,7
CP_REPO_OPS_K,stable_low_dispersion,ex_post_descriptive,high_vol_only,MSE,13798,10,1.7413305625955696e-05,1.7401589015605863e-05,1.1716610349833223e-08,1.1078604453255209e-08,7
CP_REPO_OPS_K,stable_low_dispersion,ex_post_descriptive,high_vol_only,RMSE,13798,10,0.004172925307977091,0.0041715211872416355,1.404120735455476e-06,7.93452640824937e-07,7
CP_REPO_OPS_K,stable_low_dispersion,ex_post_descriptive,high_vol_only,SMAPE,13798,10,72.78501202823047,72.752730190624,0.03228183760646175,0.001568325053491293,6
CP_REPO_OPS_K,stable_low_dispersion,ex_post_descriptive,near_zero_excluded,LOG_RV_MSE,67129,10,23.025768102724278,23.189405270153152,-0.1636371674288739,-0.15803086424134014,0
CP_REPO_OPS_K,stable_low_dispersion,ex_post_descriptive,near_zero_excluded,MAE,67129,10,0.0006391886576111414,0.0006390195122087418,1.691454023995979e-07,1.4184125351777229e-07,4
CP_REPO_OPS_K,stable_low_dispersion,ex_post_descriptive,near_zero_excluded,MSE,67129,10,3.7891257013455223e-06,3.786495160792573e-06,2.6305405529494784e-09,2.409568557928639e-09,7
CP_REPO_OPS_K,stable_low_dispersion,ex_post_descriptive,near_zero_excluded,RMSE,67129,10,0.0019465676719152413,0.0019458918677029752,6.758042122661199e-07,3.6184696892928756e-07,7
CP_REPO_OPS_K,stable_low_dispersion,ex_post_descriptive,near_zero_excluded,SMAPE,67129,10,76.72229579638059,76.79536605726281,-0.07307026088221846,-0.07747884332919028,2
CP_REPO_OPS_K,stable_low_dispersion,ex_post_descriptive,standard,LOG_RV_MSE,68968,10,30.904589905889917,31.06810361806872,-0.16351371217880128,-0.15606700630325906,0
CP_REPO_OPS_K,stable_low_dispersion,ex_post_descriptive,standard,MAE,68968,10,0.0006423459670206478,0.0006420947592878995,2.512077327482612e-07,2.0504080197960325e-07,4
CP_REPO_OPS_K,stable_low_dispersion,ex_post_descriptive,standard,MSE,68968,10,3.707039266768412e-06,3.7042932264944606e-06,2.746040273951343e-09,2.5624083776459567e-09,9
CP_REPO_OPS_K,stable_low_dispersion,ex_post_descriptive,standard,RMSE,68968,10,0.0019253673069750644,0.0019246540537183456,7.132532567188238e-07,3.8983079436194524e-07,9
CP_REPO_OPS_K,stable_low_dispersion,ex_post_descriptive,standard,SMAPE,68968,10,79.91610747922876,79.98921153689177,-0.07310405766301642,-0.07813670004067745,2
CP_REPO_OPS_R,all_observations,not_conditioned,high_vol_only,LOG_RV_MSE,73496,10,1.2429973656852933,1.4548726319919243,-0.211875266306631,-0.21174787654136962,3
CP_REPO_OPS_R,all_observations,not_conditioned,high_vol_only,MAE,73496,10,0.0013977588560373617,0.00139673166631149,1.0271897258717477e-06,1.0275514583071865e-06,8
CP_REPO_OPS_R,all_observations,not_conditioned,high_vol_only,MSE,73496,10,9.91631467282196e-06,9.91158525719644e-06,4.729415625519232e-09,4.727457088918261e-09,9
CP_REPO_OPS_R,all_observations,not_conditioned,high_vol_only,RMSE,73496,10,0.0031490180489832003,0.0031482670244432,7.510245400004639e-07,7.230238347965493e-07,9
CP_REPO_OPS_R,all_observations,not_conditioned,high_vol_only,SMAPE,73496,10,74.02057589487282,73.98334046692212,0.037235427950705,0.03728320374879672,7
CP_REPO_OPS_R,all_observations,not_conditioned,near_zero_excluded,LOG_RV_MSE,363794,10,84.08930450077095,84.23661894180549,-0.1473144410345384,-0.15040834913403955,3
CP_REPO_OPS_R,all_observations,not_conditioned,near_zero_excluded,MAE,363794,10,0.0005874977904224,0.0005881394565456908,-6.416661232907595e-07,-6.429470846933101e-07,1
CP_REPO_OPS_R,all_observations,not_conditioned,near_zero_excluded,MSE,363794,10,2.215330906486703e-06,2.215059293725038e-06,2.7161276166490317e-10,2.7294375213419443e-10,8
CP_REPO_OPS_R,all_observations,not_conditioned,near_zero_excluded,RMSE,363794,10,0.0014883987726703831,0.0014883075265969188,9.124607346436275e-08,8.232365473321256e-08,8
CP_REPO_OPS_R,all_observations,not_conditioned,near_zero_excluded,SMAPE,363794,10,99.92108203019059,100.0571491921936,-0.13606716200301605,-0.13700079147862,1
CP_REPO_OPS_R,all_observations,not_conditioned,standard,LOG_RV_MSE,367468,10,86.0153296729766,86.15956432473291,-0.14423465175630668,-0.14420523280771674,3
CP_REPO_OPS_R,all_observations,not_conditioned,standard,MAE,367468,10,0.0005862627334133548,0.0005868949224133798,-6.321890000249167e-07,-6.31920366730106e-07,1
CP_REPO_OPS_R,all_observations,not_conditioned,standard,MSE,367468,10,2.195810003812886e-06,2.195540097551844e-06,2.699062610417023e-10,2.6971703718666234e-10,8
CP_REPO_OPS_R,all_observations,not_conditioned,standard,RMSE,367468,10,0.0014818265768344438,0.0014817355018868395,9.107494760435264e-08,8.159330819495267e-08,8
CP_REPO_OPS_R,all_observations,not_conditioned,standard,SMAPE,367468,10,100.87996480320403,101.01529726479954,-0.13533246159551027,-0.13527527859707078,1
CP_REPO_OPS_R,cluster_entry_loose,ex_post_descriptive,high_vol_only,LOG_RV_MSE,14694,10,1.332130441941895,1.5536637743467758,-0.22153333240488093,-0.22135676584739827,3
CP_REPO_OPS_R,cluster_entry_loose,ex_post_descriptive,high_vol_only,MAE,14694,10,0.001784491149669092,0.0017817897976165169,2.701352052575162e-06,2.70236489038092e-06,7
CP_REPO_OPS_R,cluster_entry_loose,ex_post_descriptive,high_vol_only,MSE,14694,10,1.032153994459627e-05,1.0307551622779335e-05,1.3988321816934987e-08,1.3992904094479179e-08,7
CP_REPO_OPS_R,cluster_entry_loose,ex_post_descriptive,high_vol_only,RMSE,14694,10,0.003212715353808406,0.003210537590930736,2.1777628776697977e-06,1.7818184106994797e-06,7
CP_REPO_OPS_R,cluster_entry_loose,ex_post_descriptive,high_vol_only,SMAPE,14694,10,84.8115403046506,84.64334628777631,0.16819401687429547,0.16827699713341956,6
CP_REPO_OPS_R,cluster_entry_loose,ex_post_descriptive,near_zero_excluded,LOG_RV_MSE,72721,10,60.55015231484592,60.7078189662342,-0.15766665138828273,-0.15753459205434414,1
CP_REPO_OPS_R,cluster_entry_loose,ex_post_descriptive,near_zero_excluded,MAE,72721,10,0.0007578798738627712,0.0007580050116089939,-1.251377462226479e-07,-1.1725332284418921e-07,6
CP_REPO_OPS_R,cluster_entry_loose,ex_post_descriptive,near_zero_excluded,MSE,72721,10,2.4815741439829076e-06,2.4764057914244656e-06,5.168352558441983e-09,5.174546547608724e-09,9
CP_REPO_OPS_R,cluster_entry_loose,ex_post_descriptive,near_zero_excluded,RMSE,72721,10,0.0015753012867330831,0.001573659998673305,1.641288059778213e-06,1.5297680523979345e-06,9
CP_REPO_OPS_R,cluster_entry_loose,ex_post_descriptive,near_zero_excluded,SMAPE,72721,10,92.54758699479648,92.57610542266454,-0.028518427868064578,-0.02967843397622403,1
CP_REPO_OPS_R,cluster_entry_loose,ex_post_descriptive,standard,LOG_RV_MSE,73457,10,62.079879723481234,62.23773225427339,-0.15785253079215522,-0.1578488275401778,1
CP_REPO_OPS_R,cluster_entry_loose,ex_post_descriptive,standard,MAE,73457,10,0.0007565085520951432,0.000756640557129194,-1.320050340507771e-07,-1.322126224363859e-07,6
CP_REPO_OPS_R,cluster_entry_loose,ex_post_descriptive,standard,MSE,73457,10,2.4613245520281704e-06,2.456176372870378e-06,5.148179157792208e-09,5.148149495080359e-09,9
CP_REPO_OPS_R,cluster_entry_loose,ex_post_descriptive,standard,RMSE,73457,10,0.0015688609090764452,0.0015672193123077505,1.6415967686947159e-06,1.527023036095932e-06,9
CP_REPO_OPS_R,cluster_entry_loose,ex_post_descriptive,standard,SMAPE,73457,10,93.56088921296094,93.58984609649221,-0.02895688353126502,-0.028949475956889615,1
CP_REPO_OPS_R,cluster_entry_strict,ex_post_descriptive,high_vol_only,LOG_RV_MSE,14657,10,1.3342554638475268,1.556334233689187,-0.2220787698416602,-0.2219943982209842,3
CP_REPO_OPS_R,cluster_entry_strict,ex_post_descriptive,high_vol_only,MAE,14657,10,0.001787243329286434,0.0017845018328425894,2.7414964438446984e-06,2.741128526625948e-06,7
CP_REPO_OPS_R,cluster_entry_strict,ex_post_descriptive,high_vol_only,MSE,14657,10,1.034580321321044e-05,1.0331751750685425e-05,1.4051462525013791e-08,1.4056811727461575e-08,7
CP_REPO_OPS_R,cluster_entry_strict,ex_post_descriptive,high_vol_only,RMSE,14657,10,0.003216489268318867,0.003214304240529422,2.1850277894448246e-06,1.7878830901743494e-06,7
CP_REPO_OPS_R,cluster_entry_strict,ex_post_descriptive,high_vol_only,SMAPE,14657,10,84.88149633879505,84.71073431063787,0.17076202815717068,0.17059672793950825,6
CP_REPO_OPS_R,cluster_entry_strict,ex_post_descriptive,near_zero_excluded,LOG_RV_MSE,72532,10,60.381173384259625,60.53963118668004,-0.15845780242041485,-0.15821292221449765,1
CP_REPO_OPS_R,cluster_entry_strict,ex_post_descriptive,near_zero_excluded,MAE,72532,10,0.0007588564320065486,0.0007589946901939769,-1.3825818742825569e-07,-1.301275338992376e-07,6
CP_REPO_OPS_R,cluster_entry_strict,ex_post_descriptive,near_zero_excluded,MSE,72532,10,2.487464553071507e-06,2.482291491044e-06,5.173062027506842e-09,5.179115079628033e-09,9
CP_REPO_OPS_R,cluster_entry_strict,ex_post_descriptive,near_zero_excluded,RMSE,72532,10,0.0015771697920869228,0.001575528955952254,1.6408361346686821e-06,1.5295994622910531e-06,9
CP_REPO_OPS_R,cluster_entry_strict,ex_post_descriptive,near_zero_excluded,SMAPE,72532,10,92.4997892944739,92.53136642361261,-0.0315771291387108,-0.03289787896435144,1
CP_REPO_OPS_R,cluster_entry_strict,ex_post_descriptive,standard,LOG_RV_MSE,73266,10,61.91279479782629,62.07145757582227,-0.1586627779959855,-0.15854295477993025,1
CP_REPO_OPS_R,cluster_entry_strict,ex_post_descriptive,standard,MAE,73266,10,0.0007574764163155193,0.0007576218050877635,-1.4538877224422146e-07,-1.4525061164669724e-07,6
CP_REPO_OPS_R,cluster_entry_strict,ex_post_descriptive,standard,MSE,73266,10,2.4671601900807016e-06,2.4620076891549568e-06,5.152500925744787e-09,5.15250878033729e-09,9
CP_REPO_OPS_R,cluster_entry_strict,ex_post_descriptive,standard,RMSE,73266,10,0.0015707196408273189,0.001569078611528102,1.641029299216841e-06,1.5267490097040224e-06,9
CP_REPO_OPS_R,cluster_entry_strict,ex_post_descriptive,standard,SMAPE,73266,10,93.51351872765494,93.5455092653172,-0.031990537662252905,-0.03205018184451376,1
CP_REPO_OPS_R,cluster_exit_loose,ex_post_descriptive,high_vol_only,LOG_RV_MSE,14693,10,1.1229862115788884,1.4035535294360548,-0.2805673178571664,-0.2802512440463981,2
CP_REPO_OPS_R,cluster_exit_loose,ex_post_descriptive,high_vol_only,MAE,14693,10,0.0015010885261131542,0.0014997796198181642,1.308906294990005e-06,1.308832657239778e-06,8
CP_REPO_OPS_R,cluster_exit_loose,ex_post_descriptive,high_vol_only,MSE,14693,10,1.2677943124526244e-05,1.2668916211446532e-05,9.02691307971167e-09,9.021280155735526e-09,10
CP_REPO_OPS_R,cluster_exit_loose,ex_post_descriptive,high_vol_only,RMSE,14693,10,0.0035606099371492863,0.0035593421037386293,1.267833410657001e-06,1.2781585531683264e-06,10
CP_REPO_OPS_R,cluster_exit_loose,ex_post_descriptive,high_vol_only,SMAPE,14693,10,73.70908084853484,73.68890805539917,0.02017279313567144,0.020181002656083535,6
CP_REPO_OPS_R,cluster_exit_loose,ex_post_descriptive,near_zero_excluded,LOG_RV_MSE,72719,10,80.20388218822569,80.42246261570162,-0.21858042747592776,-0.2255037496914262,4
CP_REPO_OPS_R,cluster_exit_loose,ex_post_descriptive,near_zero_excluded,MAE,72719,10,0.0006184788455707456,0.0006205735770648795,-2.0947314941339393e-06,-2.105224521543856e-06,1
CP_REPO_OPS_R,cluster_exit_loose,ex_post_descriptive,near_zero_excluded,MSE,72719,10,2.7784093074004996e-06,2.780393741777902e-06,-1.98443437740253e-09,-1.9810427873806286e-09,1
CP_REPO_OPS_R,cluster_exit_loose,ex_post_descriptive,near_zero_excluded,RMSE,72719,10,0.0016668561147863063,0.0016674512711854286,-5.951563991223215e-07,-5.816850940331937e-07,1
CP_REPO_OPS_R,cluster_exit_loose,ex_post_descriptive,near_zero_excluded,SMAPE,72719,10,96.79268422556595,97.06902302943527,-0.2763388038693222,-0.27839334677040883,0
CP_REPO_OPS_R,cluster_exit_loose,ex_post_descriptive,standard,LOG_RV_MSE,73455,10,82.09800800629024,82.30680757322042,-0.20879956693018187,-0.20869076326674474,4
CP_REPO_OPS_R,cluster_exit_loose,ex_post_descriptive,standard,MAE,73455,10,0.0006171643472764074,0.000619263378068426,-2.099030792018547e-06,-2.0982963962676103e-06,1
CP_REPO_OPS_R,cluster_exit_loose,ex_post_descriptive,standard,MSE,73455,10,2.7534877094946653e-06,2.755493897512162e-06,-2.006188017496887e-09,-2.0064002447827983e-09,1
CP_REPO_OPS_R,cluster_exit_loose,ex_post_descriptive,standard,RMSE,73455,10,0.0016593636459482487,0.0016599680411116843,-6.043951634355799e-07,-5.931973918585787e-07,1
CP_REPO_OPS_R,cluster_exit_loose,ex_post_descriptive,standard,SMAPE,73455,10,97.78270324564932,98.0582303660421,-0.2755271203927805,-0.2754154059541051,0
CP_REPO_OPS_R,cluster_exit_strict,ex_post_descriptive,high_vol_only,LOG_RV_MSE,14671,10,1.121544847097662,1.4025589634019984,-0.2810141163043365,-0.28077743642385666,2
CP_REPO_OPS_R,cluster_exit_strict,ex_post_descriptive,high_vol_only,MAE,14671,10,0.0015007236426876971,0.0014994270525261549,1.2965901615422711e-06,1.2974517878133947e-06,8
CP_REPO_OPS_R,cluster_exit_strict,ex_post_descriptive,high_vol_only,MSE,14671,10,1.2686413406552538e-05,1.2677394022859315e-05,9.019383693222718e-09,9.013818650817215e-09,10
CP_REPO_OPS_R,cluster_exit_strict,ex_post_descriptive,high_vol_only,RMSE,14671,10,0.003561799181109533,0.0035605328285046485,1.2663526048842938e-06,1.2768138828528232e-06,10
CP_REPO_OPS_R,cluster_exit_strict,ex_post_descriptive,high_vol_only,SMAPE,14671,10,73.684845994303,73.66643559156283,0.018410402740173026,0.018595076527374486,6
CP_REPO_OPS_R,cluster_exit_strict,ex_post_descriptive,near_zero_excluded,LOG_RV_MSE,72600,10,80.02173783897848,80.24012286187653,-0.2183850228980475,-0.22530944087144417,4
CP_REPO_OPS_R,cluster_exit_strict,ex_post_descriptive,near_zero_excluded,MAE,72600,10,0.0006184535179022776,0.0006205471040339038,-2.093586131626194e-06,-2.1047413027397415e-06,1
CP_REPO_OPS_R,cluster_exit_strict,ex_post_descriptive,near_zero_excluded,MSE,72600,10,2.7805878498197563e-06,2.7825720906029088e-06,-1.984240783152419e-09,-1.9804754950528267e-09,1
CP_REPO_OPS_R,cluster_exit_strict,ex_post_descriptive,near_zero_excluded,RMSE,72600,10,0.0016675094751814027,0.0016681043404424402,-5.94865261037544e-07,-5.817310505226757e-07,1
CP_REPO_OPS_R,cluster_exit_strict,ex_post_descriptive,near_zero_excluded,SMAPE,72600,10,96.72258691267511,96.99897250167339,-0.2763855889982807,-0.27853648859715746,0
CP_REPO_OPS_R,cluster_exit_strict,ex_post_descriptive,standard,LOG_RV_MSE,73334,10,81.90717235117306,82.11600525425666,-0.20883290308360358,-0.2087321069304174,4
CP_REPO_OPS_R,cluster_exit_strict,ex_post_descriptive,standard,MAE,73334,10,0.000617143413936819,0.0006192441112483068,-2.1006973114878454e-06,-2.10057470973334e-06,1
CP_REPO_OPS_R,cluster_exit_strict,ex_post_descriptive,standard,MSE,73334,10,2.7556748132676994e-06,2.7576827482900177e-06,-2.0079350223182888e-09,-2.007781247826517e-09,1
CP_REPO_OPS_R,cluster_exit_strict,ex_post_descriptive,standard,RMSE,73334,10,0.0016600225339638314,0.0016606272153285992,-6.046813647677448e-07,-5.939199160766382e-07,1
CP_REPO_OPS_R,cluster_exit_strict,ex_post_descriptive,standard,SMAPE,73334,10,97.71189563488282,97.98752500237237,-0.27562936748954314,-0.27559105084151125,0
CP_REPO_OPS_R,entry_with_recent_spike,ex_post_descriptive,high_vol_only,LOG_RV_MSE,8754,10,1.4736378437064515,1.6493726478582693,-0.17573480415181786,-0.16934763714718026,3
CP_REPO_OPS_R,entry_with_recent_spike,ex_post_descriptive,high_vol_only,MAE,8754,10,0.0019315043244099452,0.0019320139456019876,-5.096211920423491e-07,-4.487598288324007e-07,5
CP_REPO_OPS_R,entry_with_recent_spike,ex_post_descriptive,high_vol_only,MSE,8754,10,1.1146392096496613e-05,1.1146427975156858e-05,-3.587866024515763e-11,1.6748974915122721e-10,6
CP_REPO_OPS_R,entry_with_recent_spike,ex_post_descriptive,high_vol_only,RMSE,8754,10,0.003338621286773421,0.0033386266600440454,-5.373270624449422e-09,-3.114376185028682e-07,6
CP_REPO_OPS_R,entry_with_recent_spike,ex_post_descriptive,high_vol_only,SMAPE,8754,10,87.65347704873638,87.74888717288567,-0.0954101241492964,-0.08123154764952858,5
CP_REPO_OPS_R,entry_with_recent_spike,ex_post_descriptive,near_zero_excluded,LOG_RV_MSE,43077,10,58.5073000988938,58.67180616328422,-0.16450606439041593,-0.1695844919428747,2
CP_REPO_OPS_R,entry_with_recent_spike,ex_post_descriptive,near_zero_excluded,MAE,43077,10,0.0008298909472286534,0.0008266449939503111,3.2459532783422505e-06,3.209728745620031e-06,9
CP_REPO_OPS_R,entry_with_recent_spike,ex_post_descriptive,near_zero_excluded,MSE,43077,10,2.7524238027535856e-06,2.7421657422212126e-06,1.0258060532372957e-08,1.018042737685227e-08,10
CP_REPO_OPS_R,entry_with_recent_spike,ex_post_descriptive,near_zero_excluded,RMSE,43077,10,0.0016590430382463215,0.0016559485928679105,3.0944453784109444e-06,2.9521655832115953e-06,10
CP_REPO_OPS_R,entry_with_recent_spike,ex_post_descriptive,near_zero_excluded,SMAPE,43077,10,93.4313578597661,93.31572218825832,0.11563567150777487,0.12008344255690559,8
CP_REPO_OPS_R,entry_with_recent_spike,ex_post_descriptive,standard,LOG_RV_MSE,43747,10,61.708962586389255,61.86535038778673,-0.15638780139747155,-0.16282141779178652,2
CP_REPO_OPS_R,entry_with_recent_spike,ex_post_descriptive,standard,MAE,43747,10,0.0008304363652918029,0.0008270652038479784,3.3711614438245146e-06,3.3174744543881104e-06,9
CP_REPO_OPS_R,entry_with_recent_spike,ex_post_descriptive,standard,MSE,43747,10,2.7262690958934324e-06,2.7157385936664203e-06,1.053050222701208e-08,1.0408957128656941e-08,10
CP_REPO_OPS_R,entry_with_recent_spike,ex_post_descriptive,standard,RMSE,43747,10,0.0016511417552389112,0.0016479498152754592,3.191939963451953e-06,3.040648864375032e-06,10
CP_REPO_OPS_R,entry_with_recent_spike,ex_post_descriptive,standard,SMAPE,43747,10,94.9939885723259,94.87850000371749,0.11548856860841283,0.11981966381294029,8
CP_REPO_OPS_R,entry_without_recent_spike,ex_post_descriptive,high_vol_only,LOG_RV_MSE,5946,10,1.1195692099524477,1.331686030999913,-0.21211682104746532,-0.21685760003638982,5
CP_REPO_OPS_R,entry_without_recent_spike,ex_post_descriptive,high_vol_only,MAE,5946,10,0.0015570783495014973,0.0015486714618879061,8.406887613591216e-06,8.5303012749004e-06,9
CP_REPO_OPS_R,entry_without_recent_spike,ex_post_descriptive,high_vol_only,MSE,5946,10,9.074816797282833e-06,9.037830364215547e-06,3.698643306728665e-08,3.7611261299566965e-08,9
CP_REPO_OPS_R,entry_without_recent_spike,ex_post_descriptive,high_vol_only,RMSE,5946,10,0.003012443658773195,0.0030062984489593754,6.145209813819465e-06,5.1773359265940094e-06,9
CP_REPO_OPS_R,entry_without_recent_spike,ex_post_descriptive,high_vol_only,SMAPE,5946,10,80.3430946440876,79.70331742441944,0.6397772196681615,0.6535462110038281,9
CP_REPO_OPS_R,entry_without_recent_spike,ex_post_descriptive,near_zero_excluded,LOG_RV_MSE,29421,10,60.966920165964275,61.11998349141137,-0.15306332544709278,-0.15713821814350837,2
CP_REPO_OPS_R,entry_without_recent_spike,ex_post_descriptive,near_zero_excluded,MAE,29421,10,0.00064865090680092,0.0006538164669811914,-5.165560180271428e-06,-5.2712964627092104e-06,1
CP_REPO_OPS_R,entry_without_recent_spike,ex_post_descriptive,near_zero_excluded,MSE,29421,10,2.0879985944370397e-06,2.0905853865443644e-06,-2.586792107324721e-09,-2.652153577378838e-09,2
CP_REPO_OPS_R,entry_without_recent_spike,ex_post_descriptive,near_zero_excluded,RMSE,29421,10,0.0014449908630981166,0.0014458856754751962,-8.948123770796505e-07,-9.434637396640844e-07,2
CP_REPO_OPS_R,entry_without_recent_spike,ex_post_descriptive,near_zero_excluded,SMAPE,29421,10,90.44189351704458,90.68261706463613,-0.240723547591557,-0.24978415306840845,1
CP_REPO_OPS_R,entry_without_recent_spike,ex_post_descriptive,standard,LOG_RV_MSE,29710,10,62.62604303537494,62.786052332132385,-0.16000929675744402,-0.16328325962841878,2
CP_REPO_OPS_R,entry_without_recent_spike,ex_post_descriptive,standard,MAE,29710,10,0.0006476522732693516,0.0006529425759778421,-5.290302708490569e-06,-5.38644109565603e-06,1
CP_REPO_OPS_R,entry_without_recent_spike,ex_post_descriptive,standard,MSE,29710,10,2.071202405933468e-06,2.073979520862149e-06,-2.777114928680983e-09,-2.8332054020380595e-09,2
CP_REPO_OPS_R,entry_without_recent_spike,ex_post_descriptive,standard,RMSE,29710,10,0.0014391672612776695,0.0014401317720480126,-9.64510770343121e-07,-1.0144950385107488e-06,2
CP_REPO_OPS_R,entry_without_recent_spike,ex_post_descriptive,standard,SMAPE,29710,10,91.450697436652,91.69234550815885,-0.24164807150684453,-0.2468755584734609,1
CP_REPO_OPS_R,high_within_block_dispersion,ex_post_descriptive,high_vol_only,LOG_RV_MSE,13800,10,1.347003340120205,2.0548874935879735,-0.7078841534677685,-0.6634908039883147,1
CP_REPO_OPS_R,high_within_block_dispersion,ex_post_descriptive,high_vol_only,MAE,13800,10,0.0010124910161190377,0.0010126834734619171,-1.9245734287948353e-07,-9.371232527527386e-08,5
CP_REPO_OPS_R,high_within_block_dispersion,ex_post_descriptive,high_vol_only,MSE,13800,10,4.061123263348121e-06,4.05887382760561e-06,2.2494357425112245e-09,2.374817822882441e-09,6
CP_REPO_OPS_R,high_within_block_dispersion,ex_post_descriptive,high_vol_only,RMSE,13800,10,0.0020152228818044226,0.002014664693591867,5.58188212555679e-07,4.360296068228438e-07,6
CP_REPO_OPS_R,high_within_block_dispersion,ex_post_descriptive,high_vol_only,SMAPE,13800,10,67.13010831164493,67.35660332750689,-0.22649501586195697,-0.1648551020663284,4
CP_REPO_OPS_R,high_within_block_dispersion,ex_post_descriptive,near_zero_excluded,LOG_RV_MSE,68602,10,133.4472628617705,133.71582406638137,-0.26856120461087585,-0.28225780684766083,2
CP_REPO_OPS_R,high_within_block_dispersion,ex_post_descriptive,near_zero_excluded,MAE,68602,10,0.000568649162840853,0.0005692046223518871,-5.55459511034106e-07,-5.660184933400079e-07,1
CP_REPO_OPS_R,high_within_block_dispersion,ex_post_descriptive,near_zero_excluded,MSE,68602,10,1.1270507328910632e-06,1.124766808137525e-06,2.2839247535381765e-09,2.210689761635845e-09,10
CP_REPO_OPS_R,high_within_block_dispersion,ex_post_descriptive,near_zero_excluded,RMSE,68602,10,0.0010616264563824054,0.0010605502383845497,1.0762179978556895e-06,1.0290164836496488e-06,10
CP_REPO_OPS_R,high_within_block_dispersion,ex_post_descriptive,near_zero_excluded,SMAPE,68602,10,119.19625535916762,119.44224842329277,-0.24599306412514466,-0.22482580768763824,2
CP_REPO_OPS_R,high_within_block_dispersion,ex_post_descriptive,standard,LOG_RV_MSE,68970,10,134.1816042629971,134.44712964593782,-0.2655253829407229,-0.2757183317162193,2
CP_REPO_OPS_R,high_within_block_dispersion,ex_post_descriptive,standard,MAE,68970,10,0.0005686239437191444,0.0005691688577567753,-5.44914037630957e-07,-5.533166364696273e-07,1
CP_REPO_OPS_R,high_within_block_dispersion,ex_post_descriptive,standard,MSE,68970,10,1.123133377256323e-06,1.120842706877224e-06,2.2906703790989107e-09,2.1997487835878003e-09,10
CP_REPO_OPS_R,high_within_block_dispersion,ex_post_descriptive,standard,RMSE,68970,10,0.0010597798720754811,0.001058698591137829,1.0812809376520467e-06,1.0292163376048003e-06,10
CP_REPO_OPS_R,high_within_block_dispersion,ex_post_descriptive,standard,SMAPE,68970,10,119.60427234064147,119.84831487932641,-0.24404253868493697,-0.22120528638565418,2
CP_REPO_OPS_R,inflection_points,ex_post_descriptive,high_vol_only,LOG_RV_MSE,28984,10,1.1395945186365517,1.391692339858927,-0.25209782122237523,-0.24498424943189737,2
CP_REPO_OPS_R,inflection_points,ex_post_descriptive,high_vol_only,MAE,28984,10,0.0015690861682796692,0.001566986638612662,2.0995296670072838e-06,2.0336828966605187e-06,7
CP_REPO_OPS_R,inflection_points,ex_post_descriptive,high_vol_only,MSE,28984,10,1.1258143057283103e-05,1.1246509758980072e-05,1.1633298303030594e-08,1.1319313854014563e-08,9
CP_REPO_OPS_R,inflection_points,ex_post_descriptive,high_vol_only,RMSE,28984,10,0.0033553156419751486,0.00335358163147702,1.7340104981286054e-06,1.5124522432074746e-06,9
CP_REPO_OPS_R,inflection_points,ex_post_descriptive,high_vol_only,SMAPE,28984,10,77.5511484641698,77.44029607312545,0.11085239104434663,0.10131621944617848,7
CP_REPO_OPS_R,inflection_points,ex_post_descriptive,near_zero_excluded,LOG_RV_MSE,143375,10,58.64300646845435,58.77185495314934,-0.12884848469498422,-0.12425825584987374,3
CP_REPO_OPS_R,inflection_points,ex_post_descriptive,near_zero_excluded,MAE,143375,10,0.0006543332064361158,0.0006556311845901405,-1.2979781540247218e-06,-1.2649234202234123e-06,1
CP_REPO_OPS_R,inflection_points,ex_post_descriptive,near_zero_excluded,MSE,143375,10,2.5404502226370316e-06,2.539667141787011e-06,7.830808500205253e-10,7.517181738060936e-10,6
CP_REPO_OPS_R,inflection_points,ex_post_descriptive,near_zero_excluded,RMSE,143375,10,0.0015938789861959506,0.0015936333147204883,2.456714754623182e-07,1.6395483457067343e-07,6
CP_REPO_OPS_R,inflection_points,ex_post_descriptive,near_zero_excluded,SMAPE,143375,10,90.02958355319511,90.18005530321297,-0.15047175001785718,-0.14739752241963372,0
CP_REPO_OPS_R,inflection_points,ex_post_descriptive,standard,LOG_RV_MSE,144886,10,60.506791384132924,60.62814668263045,-0.12135529849752658,-0.11410066444261417,3
CP_REPO_OPS_R,inflection_points,ex_post_descriptive,standard,MAE,144886,10,0.0006529679144583394,0.0006542793085521617,-1.311394093822288e-06,-1.2744917639226865e-06,1
CP_REPO_OPS_R,inflection_points,ex_post_descriptive,standard,MSE,144886,10,2.5174090289669973e-06,2.5166564633878053e-06,7.525655791920672e-10,7.256651599362473e-10,6
CP_REPO_OPS_R,inflection_points,ex_post_descriptive,standard,RMSE,144886,10,0.0015866344975976657,0.0015863973220438205,2.3717555384526919e-07,1.5553161625008913e-07,6
CP_REPO_OPS_R,inflection_points,ex_post_descriptive,standard,SMAPE,144886,10,91.11849778030444,91.26793628615681,-0.14943850585237328,-0.14529034797341608,0
CP_REPO_OPS_R,older_spike_position,ex_post_descriptive,high_vol_only,LOG_RV_MSE,21781,10,1.1395303095276075,1.2584597636157624,-0.11892945408815492,-0.11741981325798898,4
CP_REPO_OPS_R,older_spike_position,ex_post_descriptive,high_vol_only,MAE,21781,10,0.0013486758957650074,0.001344104787561748,4.571108203259375e-06,4.422611587668761e-06,9
CP_REPO_OPS_R,older_spike_position,ex_post_descriptive,high_vol_only,MSE,21781,10,1.069141300105579e-05,1.0674662096051924e-05,1.6750905003866376e-08,1.6283952395557352e-08,10
CP_REPO_OPS_R,older_spike_position,ex_post_descriptive,high_vol_only,RMSE,21781,10,0.0032697726222255565,0.0032672101395612623,2.562482664294173e-06,2.4887687851641986e-06,10
CP_REPO_OPS_R,older_spike_position,ex_post_descriptive,high_vol_only,SMAPE,21781,10,69.8626302544199,69.4446505841759,0.4179796702439944,0.3974250930097362,9
CP_REPO_OPS_R,older_spike_position,ex_post_descriptive,near_zero_excluded,LOG_RV_MSE,107788,10,78.34423187563695,78.50242101472097,-0.15818913908401555,-0.15432635552482143,2
CP_REPO_OPS_R,older_spike_position,ex_post_descriptive,near_zero_excluded,MAE,107788,10,0.0005714781969803931,0.0005737721497910003,-2.2939528106072143e-06,-2.2322413458732985e-06,1
CP_REPO_OPS_R,older_spike_position,ex_post_descriptive,near_zero_excluded,MSE,107788,10,2.346475802604796e-06,2.3470842296602247e-06,-6.084270554287922e-10,-5.848500073626382e-10,3
CP_REPO_OPS_R,older_spike_position,ex_post_descriptive,near_zero_excluded,RMSE,107788,10,0.0015318210739524365,0.0015320196570737024,-1.9858312126598207e-07,-1.9553763270153847e-07,3
CP_REPO_OPS_R,older_spike_position,ex_post_descriptive,near_zero_excluded,SMAPE,107788,10,96.43669126169502,96.62231626377259,-0.18562500207757182,-0.1854906178649415,0
CP_REPO_OPS_R,older_spike_position,ex_post_descriptive,standard,LOG_RV_MSE,108871,10,80.56611776174127,80.72482010157101,-0.1587023398297447,-0.1513606837555212,2
CP_REPO_OPS_R,older_spike_position,ex_post_descriptive,standard,MAE,108871,10,0.0005701423444680369,0.0005724496322601616,-2.3072877921246618e-06,-2.240233079068573e-06,1
CP_REPO_OPS_R,older_spike_position,ex_post_descriptive,standard,MSE,108871,10,2.3254307190849205e-06,2.3260848250354042e-06,-6.541059504837388e-10,-6.328930274619239e-10,3
CP_REPO_OPS_R,older_spike_position,ex_post_descriptive,standard,RMSE,108871,10,0.0015249363000089285,0.0015251507548552058,-2.1445484627729584e-07,-2.152965254787777e-07,3
CP_REPO_OPS_R,older_spike_position,ex_post_descriptive,standard,SMAPE,108871,10,97.43444157677632,97.61826890485752,-0.1838273280811933,-0.18174972217489227,0
CP_REPO_OPS_R,recent_ramp_high_dispersion,ex_post_descriptive,high_vol_only,LOG_RV_MSE,4860,10,1.422541686129273,1.6785451872721129,-0.2560035011428399,-0.27971146379770073,6
CP_REPO_OPS_R,recent_ramp_high_dispersion,ex_post_descriptive,high_vol_only,MAE,4860,10,0.0014613955477391944,0.001456781125539883,4.614422199311326e-06,4.862658586941946e-06,8
CP_REPO_OPS_R,recent_ramp_high_dispersion,ex_post_descriptive,high_vol_only,MSE,4860,10,5.9629586828906324e-06,5.944402576135697e-06,1.8556106754935834e-08,1.9076735717345626e-08,8
CP_REPO_OPS_R,recent_ramp_high_dispersion,ex_post_descriptive,high_vol_only,RMSE,4860,10,0.0024419170098286783,0.0024381145535301856,3.8024562984927124e-06,3.877338623482882e-06,8
CP_REPO_OPS_R,recent_ramp_high_dispersion,ex_post_descriptive,high_vol_only,SMAPE,4860,10,76.48024025708399,76.14362875016167,0.3366115069223241,0.3678957887868606,6
CP_REPO_OPS_R,recent_ramp_high_dispersion,ex_post_descriptive,near_zero_excluded,LOG_RV_MSE,24128,10,114.11256475334159,114.31174299008485,-0.19917823674326485,-0.2188322811517268,4
CP_REPO_OPS_R,recent_ramp_high_dispersion,ex_post_descriptive,near_zero_excluded,MAE,24128,10,0.0007928593927930361,0.0007914933393773546,1.3660534156815325e-06,1.1895447695147441e-06,6
CP_REPO_OPS_R,recent_ramp_high_dispersion,ex_post_descriptive,near_zero_excluded,MSE,24128,10,1.8154479400161009e-06,1.8022129241494587e-06,1.3235015866642184e-08,1.2857294659189083e-08,10
CP_REPO_OPS_R,recent_ramp_high_dispersion,ex_post_descriptive,near_zero_excluded,RMSE,24128,10,0.0013473855944072211,0.0013424652413189173,4.920353088303875e-06,4.886194978195369e-06,10
CP_REPO_OPS_R,recent_ramp_high_dispersion,ex_post_descriptive,near_zero_excluded,SMAPE,24128,10,117.97303253465954,117.9196546396861,0.05337789497343692,0.05787652834130341,5
CP_REPO_OPS_R,recent_ramp_high_dispersion,ex_post_descriptive,standard,LOG_RV_MSE,24273,10,114.68887161199063,114.8878552168592,-0.19898360486855893,-0.219697826974736,3
CP_REPO_OPS_R,recent_ramp_high_dispersion,ex_post_descriptive,standard,MAE,24273,10,0.0007926212485103804,0.0007912617054212173,1.3595430891630896e-06,1.169524927669964e-06,6
CP_REPO_OPS_R,recent_ramp_high_dispersion,ex_post_descriptive,standard,MSE,24273,10,1.8086202642090091e-06,1.7953825412715694e-06,1.3237722937439712e-08,1.2801229459528104e-08,10
CP_REPO_OPS_R,recent_ramp_high_dispersion,ex_post_descriptive,standard,RMSE,24273,10,0.001344849532181578,0.0013399188562265886,4.93067595498946e-06,4.8757980705033645e-06,10
CP_REPO_OPS_R,recent_ramp_high_dispersion,ex_post_descriptive,standard,SMAPE,24273,10,118.4281414949415,118.37675226676143,0.051389228180070745,0.05710591439883075,5
CP_REPO_OPS_R,recent_spike_position,ex_post_descriptive,high_vol_only,LOG_RV_MSE,41263,10,133.60326357120792,133.8801346343559,-0.27687106314797916,-0.32879459303701836,0
CP_REPO_OPS_R,recent_spike_position,ex_post_descriptive,high_vol_only,MAE,41263,10,0.0009278329622731831,0.000928735308893671,-9.023466204879536e-07,-1.2681054244808714e-06,1
CP_REPO_OPS_R,recent_spike_position,ex_post_descriptive,high_vol_only,MSE,41263,10,5.620772726690841e-06,5.622303811962202e-06,-1.5310852713613045e-09,-2.70056521758653e-09,3
CP_REPO_OPS_R,recent_spike_position,ex_post_descriptive,high_vol_only,RMSE,41263,10,0.002370816890164831,0.0023711397706508578,-3.2288048602661934e-07,-6.404470795231253e-07,3
CP_REPO_OPS_R,recent_spike_position,ex_post_descriptive,high_vol_only,SMAPE,41263,10,126.75937020163306,126.81383220743368,-0.054462005800616,-0.2093434646643985,2
CP_REPO_OPS_R,recent_spike_position,ex_post_descriptive,near_zero_excluded,LOG_RV_MSE,124205,10,108.09331457411457,108.19701895848664,-0.1037043843720653,-0.10731201049025604,2
CP_REPO_OPS_R,recent_spike_position,ex_post_descriptive,near_zero_excluded,MAE,124205,10,0.0006101040586077684,0.0006087536783148496,1.3503802929187977e-06,1.4688425216247554e-06,9
CP_REPO_OPS_R,recent_spike_position,ex_post_descriptive,near_zero_excluded,MSE,124205,10,2.122274233945656e-06,2.1189468555147224e-06,3.3273784309335527e-09,3.6716092573718428e-09,10
CP_REPO_OPS_R,recent_spike_position,ex_post_descriptive,near_zero_excluded,RMSE,124205,10,0.0014568027436635531,0.00145566028162986,1.1424620336931892e-06,1.134007801473875e-06,10
CP_REPO_OPS_R,recent_spike_position,ex_post_descriptive,near_zero_excluded,SMAPE,124205,10,110.75903396715827,110.7641128879354,-0.00507892077712313,-0.014059649047183598,5
CP_REPO_OPS_R,recent_spike_position,ex_post_descriptive,standard,LOG_RV_MSE,125358,10,109.41387331267963,109.51575256223249,-0.10187924955286576,-0.10476688938225624,2
CP_REPO_OPS_R,recent_spike_position,ex_post_descriptive,standard,MAE,125358,10,0.0006091827784219505,0.0006077912014496306,1.3915769723198568e-06,1.5037801457824312e-06,9
CP_REPO_OPS_R,recent_spike_position,ex_post_descriptive,standard,MSE,125358,10,2.1057111020059574e-06,2.102333038116682e-06,3.37806388927531e-09,3.7159815979815593e-09,10
CP_REPO_OPS_R,recent_spike_position,ex_post_descriptive,standard,RMSE,125358,10,0.00145110685409654,0.0014499424257937562,1.1644283027837602e-06,1.1617769558064632e-06,10
CP_REPO_OPS_R,recent_spike_position,ex_post_descriptive,standard,SMAPE,125358,10,111.53126331543436,111.53580520187819,-0.0045418864438318,-0.01392123521110733,5
CP_REPO_OPS_R,same_average_back_loaded,ex_post_descriptive,high_vol_only,LOG_RV_MSE,5089,10,148.22928488392745,147.97631814601993,0.25296673790751356,-0.10725380242028079,6
CP_REPO_OPS_R,same_average_back_loaded,ex_post_descriptive,high_vol_only,MAE,5089,10,0.00079502070058517,0.0007944504584754942,5.702421096758165e-07,-5.966144550385973e-07,4
CP_REPO_OPS_R,same_average_back_loaded,ex_post_descriptive,high_vol_only,MSE,5089,10,5.436331053659615e-06,5.435581429222307e-06,7.496244373081447e-10,1.7490540615132061e-09,6
CP_REPO_OPS_R,same_average_back_loaded,ex_post_descriptive,high_vol_only,RMSE,5089,10,0.0023315941013949265,0.0023314333422215414,1.6075917338509785e-07,1.68643100292474e-07,6
CP_REPO_OPS_R,same_average_back_loaded,ex_post_descriptive,high_vol_only,SMAPE,5089,10,125.47402771920483,125.54740005574885,-0.07337233654402553,-0.16337345361397482,3
CP_REPO_OPS_R,same_average_back_loaded,ex_post_descriptive,near_zero_excluded,LOG_RV_MSE,15487,10,124.26141461023107,124.20123864024804,0.060175969983035316,0.005126020351496318,5
CP_REPO_OPS_R,same_average_back_loaded,ex_post_descriptive,near_zero_excluded,MAE,15487,10,0.000527741419898501,0.0005282532882235383,-5.118683250372215e-07,-7.484683068898033e-07,2
CP_REPO_OPS_R,same_average_back_loaded,ex_post_descriptive,near_zero_excluded,MSE,15487,10,1.938986808645503e-06,1.939495654774772e-06,-5.088461292690253e-10,-4.825453201054778e-10,3
CP_REPO_OPS_R,same_average_back_loaded,ex_post_descriptive,near_zero_excluded,RMSE,15487,10,0.0013924750657176965,0.001392657766565344,-1.8270084764754162e-07,-2.1484599835014773e-07,3
CP_REPO_OPS_R,same_average_back_loaded,ex_post_descriptive,near_zero_excluded,SMAPE,15487,10,115.21629356973736,115.2815157342869,-0.06522216454953877,-0.07755274895357331,3
CP_REPO_OPS_R,same_average_back_loaded,ex_post_descriptive,standard,LOG_RV_MSE,15559,10,124.77448379663251,124.71652688726999,0.05795690936251674,0.0030409857453003396,5
CP_REPO_OPS_R,same_average_back_loaded,ex_post_descriptive,standard,MAE,15559,10,0.0005277712464133768,0.0005282965152193915,-5.252688060146914e-07,-7.576781596868251e-07,2
CP_REPO_OPS_R,same_average_back_loaded,ex_post_descriptive,standard,MSE,15559,10,1.931432277016903e-06,1.9319497075833678e-06,-5.174305664648792e-10,-4.853404458241364e-10,3
CP_REPO_OPS_R,same_average_back_loaded,ex_post_descriptive,standard,RMSE,15559,10,0.0013897597911210781,0.0013899459369282562,-1.8614580717807305e-07,-2.1722222808465532e-07,3
CP_REPO_OPS_R,same_average_back_loaded,ex_post_descriptive,standard,SMAPE,15559,10,115.5837931550299,115.64855123972306,-0.06475808469316746,-0.07699630940401078,3
CP_REPO_OPS_R,same_average_different_path,ex_post_descriptive,high_vol_only,LOG_RV_MSE,1483,10,1.176451606646611,1.501136161489259,-0.324684554842648,-0.3101873162576645,5
CP_REPO_OPS_R,same_average_different_path,ex_post_descriptive,high_vol_only,MAE,1483,10,0.0012308421833447504,0.001230532447102765,3.097362419853325e-07,-1.7721932485389524e-07,5
CP_REPO_OPS_R,same_average_different_path,ex_post_descriptive,high_vol_only,MSE,1483,10,5.424646643583948e-06,5.430380606358063e-06,-5.73396277411438e-09,-6.520835815097945e-09,4
CP_REPO_OPS_R,same_average_different_path,ex_post_descriptive,high_vol_only,RMSE,1483,10,0.0023290870837270015,0.0023303177050260897,-1.2306212990881998e-06,-1.46241720784244e-06,4
CP_REPO_OPS_R,same_average_different_path,ex_post_descriptive,high_vol_only,SMAPE,1483,10,78.26623100008541,78.10970798254533,0.15652301754008136,0.1319244283856591,3
CP_REPO_OPS_R,same_average_different_path,ex_post_descriptive,near_zero_excluded,LOG_RV_MSE,7368,10,130.5647982605645,130.61759750311916,-0.052799242554669945,-0.05866317000488117,5
CP_REPO_OPS_R,same_average_different_path,ex_post_descriptive,near_zero_excluded,MAE,7368,10,0.0005432933685073359,0.0005438442560497167,-5.508875423808303e-07,-7.564092873711404e-07,4
CP_REPO_OPS_R,same_average_different_path,ex_post_descriptive,near_zero_excluded,MSE,7368,10,1.25033332979528e-06,1.2522195312854273e-06,-1.8862014901472177e-09,-2.0368542064399114e-09,1
CP_REPO_OPS_R,same_average_different_path,ex_post_descriptive,near_zero_excluded,RMSE,7368,10,0.0011181830484295852,0.0011190261530837548,-8.431046541695995e-07,-9.029913227413474e-07,1
CP_REPO_OPS_R,same_average_different_path,ex_post_descriptive,near_zero_excluded,SMAPE,7368,10,117.07922485099387,117.09372211967707,-0.01449726868320056,-0.04055240880383053,4
CP_REPO_OPS_R,same_average_different_path,ex_post_descriptive,standard,LOG_RV_MSE,7396,10,131.0538149663491,131.10987499541707,-0.05606002906796448,-0.06331268367439655,5
CP_REPO_OPS_R,same_average_different_path,ex_post_descriptive,standard,MAE,7396,10,0.000543100371193495,0.0005436850443085667,-5.8467311507169e-07,-7.961588534666735e-07,4
CP_REPO_OPS_R,same_average_different_path,ex_post_descriptive,standard,MSE,7396,10,1.2465643227993336e-06,1.248476880747841e-06,-1.912557948507342e-09,-2.0635553262500746e-09,1
CP_REPO_OPS_R,same_average_different_path,ex_post_descriptive,standard,RMSE,7396,10,0.0011164964499716663,0.0011173526214887765,-8.561715171102272e-07,-9.209100331646081e-07,1
CP_REPO_OPS_R,same_average_different_path,ex_post_descriptive,standard,SMAPE,7396,10,117.3731818015564,117.38756258121558,-0.014380779659177279,-0.03955436302006632,4
CP_REPO_OPS_R,same_average_recent_front_loaded,ex_post_descriptive,high_vol_only,LOG_RV_MSE,2870,10,1.4580562797951269,1.7937424025306627,-0.3356861227355359,-0.3218554364833608,4
CP_REPO_OPS_R,same_average_recent_front_loaded,ex_post_descriptive,high_vol_only,MAE,2870,10,0.0016073033120725894,0.0016082455428185064,-9.422307459170352e-07,-9.482491538337487e-07,4
CP_REPO_OPS_R,same_average_recent_front_loaded,ex_post_descriptive,high_vol_only,MSE,2870,10,7.781371153816655e-06,7.785410607078069e-06,-4.039453261413164e-09,-4.012216751437589e-09,4
CP_REPO_OPS_R,same_average_recent_front_loaded,ex_post_descriptive,high_vol_only,RMSE,2870,10,0.0027895109165975056,0.0027902348659347783,-7.239493372726384e-07,-1.0867500476997535e-06,4
CP_REPO_OPS_R,same_average_recent_front_loaded,ex_post_descriptive,high_vol_only,SMAPE,2870,10,94.65986103058924,94.7226182567841,-0.06275722619486146,-0.05886620603594537,5
CP_REPO_OPS_R,same_average_recent_front_loaded,ex_post_descriptive,near_zero_excluded,LOG_RV_MSE,14110,10,61.51306201248259,61.7030290669223,-0.1899670544397054,-0.1941018698850713,3
CP_REPO_OPS_R,same_average_recent_front_loaded,ex_post_descriptive,near_zero_excluded,MAE,14110,10,0.0006158783010104141,0.0006165928237307629,-7.145227203487429e-07,-7.353484711314362e-07,2
CP_REPO_OPS_R,same_average_recent_front_loaded,ex_post_descriptive,near_zero_excluded,MSE,14110,10,1.7527220781628603e-06,1.7538051190616378e-06,-1.083040898777525e-09,-1.085441543819984e-09,3
CP_REPO_OPS_R,same_average_recent_front_loaded,ex_post_descriptive,near_zero_excluded,RMSE,14110,10,0.0013239041045947626,0.0013243130744131607,-4.089698183980337e-07,-4.6473897388476244e-07,3
CP_REPO_OPS_R,same_average_recent_front_loaded,ex_post_descriptive,near_zero_excluded,SMAPE,14110,10,92.08728032701002,92.16461924961821,-0.07733892260819175,-0.07933408833737446,1
CP_REPO_OPS_R,same_average_recent_front_loaded,ex_post_descriptive,standard,LOG_RV_MSE,14331,10,65.0327606534289,65.22070971801075,-0.18794906458185778,-0.19203281259095686,3
CP_REPO_OPS_R,same_average_recent_front_loaded,ex_post_descriptive,standard,MAE,14331,10,0.0006156989961505772,0.0006163698599364187,-6.708637858414976e-07,-7.04095441837456e-07,4
CP_REPO_OPS_R,same_average_recent_front_loaded,ex_post_descriptive,standard,MSE,14331,10,1.732179693635762e-06,1.7331868335891647e-06,-1.007139953402741e-09,-1.0268504817742731e-09,2
CP_REPO_OPS_R,same_average_recent_front_loaded,ex_post_descriptive,standard,RMSE,14331,10,0.0013161229781581058,0.001316505538761294,-3.8256060318816315e-07,-4.380437372290195e-07,2
CP_REPO_OPS_R,same_average_recent_front_loaded,ex_post_descriptive,standard,SMAPE,14331,10,93.68336123354462,93.75789827694051,-0.07453704339589251,-0.07699065668116703,1
CP_REPO_OPS_R,stable_low_dispersion,ex_post_descriptive,high_vol_only,LOG_RV_MSE,13798,10,1.1365927010064192,1.2783060518987568,-0.1417133508923376,-0.13319269167608985,3
CP_REPO_OPS_R,stable_low_dispersion,ex_post_descriptive,high_vol_only,MAE,13798,10,0.0016297046728240819,0.0016274778846248543,2.226788199227595e-06,2.0904901897954622e-06,8
CP_REPO_OPS_R,stable_low_dispersion,ex_post_descriptive,high_vol_only,MSE,13798,10,1.7413305625955696e-05,1.7400029770417027e-05,1.327585553866946e-08,1.2733130306736575e-08,7
CP_REPO_OPS_R,stable_low_dispersion,ex_post_descriptive,high_vol_only,RMSE,13798,10,0.004172925307977091,0.004171334291376924,1.5910166001669931e-06,1.3468105706446458e-06,7
CP_REPO_OPS_R,stable_low_dispersion,ex_post_descriptive,high_vol_only,SMAPE,13798,10,72.78501202823047,72.67248312060563,0.11252890762483503,0.07814907672796138,7
CP_REPO_OPS_R,stable_low_dispersion,ex_post_descriptive,near_zero_excluded,LOG_RV_MSE,67129,10,23.025768102724278,23.176136551516777,-0.15036844879249855,-0.1400460954602818,2
CP_REPO_OPS_R,stable_low_dispersion,ex_post_descriptive,near_zero_excluded,MAE,67129,10,0.0006391886576111414,0.0006403306698200257,-1.1420122088842775e-06,-1.0793120145012065e-06,1
CP_REPO_OPS_R,stable_low_dispersion,ex_post_descriptive,near_zero_excluded,MSE,67129,10,3.7891257013455223e-06,3.788499195075576e-06,6.265062699462811e-10,5.764641695188905e-10,5
CP_REPO_OPS_R,stable_low_dispersion,ex_post_descriptive,near_zero_excluded,RMSE,67129,10,0.0019465676719152413,0.0019464067393727283,1.6093254251296242e-07,1.254909647483896e-07,5
CP_REPO_OPS_R,stable_low_dispersion,ex_post_descriptive,near_zero_excluded,SMAPE,67129,10,76.72229579638059,76.87621866506848,-0.15392286868788574,-0.15014331525299554,1
CP_REPO_OPS_R,stable_low_dispersion,ex_post_descriptive,standard,LOG_RV_MSE,68968,10,30.904589905889917,31.056193848492715,-0.1516039426027973,-0.1380797176897685,2
CP_REPO_OPS_R,stable_low_dispersion,ex_post_descriptive,standard,MAE,68968,10,0.0006423459670206478,0.0006434555722190992,-1.1096051984513635e-06,-1.047114772736825e-06,1
CP_REPO_OPS_R,stable_low_dispersion,ex_post_descriptive,standard,MSE,68968,10,3.707039266768412e-06,3.706417236220675e-06,6.220305477369459e-10,6.130386044476985e-10,5
CP_REPO_OPS_R,stable_low_dispersion,ex_post_descriptive,standard,RMSE,68968,10,0.0019253673069750644,0.0019252057646445679,1.6154233049652487e-07,1.2833688091938587e-07,5
CP_REPO_OPS_R,stable_low_dispersion,ex_post_descriptive,standard,SMAPE,68968,10,79.91610747922876,80.068876628867,-0.15276914963824595,-0.1481048015797853,1
CP_REPO_RECENT_SLOPE,all_observations,not_conditioned,high_vol_only,LOG_RV_MSE,73496,10,1.2429973656852933,1.6573592914805177,-0.41436192579522446,-0.4141426526167004,3
CP_REPO_RECENT_SLOPE,all_observations,not_conditioned,high_vol_only,MAE,73496,10,0.0013977588560373617,0.001392975837750408,4.783018286953723e-06,4.783992975925601e-06,10
CP_REPO_RECENT_SLOPE,all_observations,not_conditioned,high_vol_only,MSE,73496,10,9.91631467282196e-06,9.891231338797388e-06,2.50833340245723e-08,2.5069012739669673e-08,10
CP_REPO_RECENT_SLOPE,all_observations,not_conditioned,high_vol_only,RMSE,73496,10,0.0031490180489832003,0.0031450328040892334,3.985244893966837e-06,4.130778795654547e-06,10
CP_REPO_RECENT_SLOPE,all_observations,not_conditioned,high_vol_only,SMAPE,73496,10,74.02057589487282,73.74520960924153,0.27536628563129284,0.2755593770161184,8
CP_REPO_RECENT_SLOPE,all_observations,not_conditioned,near_zero_excluded,LOG_RV_MSE,363794,10,84.08930450077095,83.8123320568872,0.27697244388375,0.26231826861708496,4
CP_REPO_RECENT_SLOPE,all_observations,not_conditioned,near_zero_excluded,MAE,363794,10,0.0005874977904224,0.0005871720675866699,3.25722835730095e-07,3.1585868070738384e-07,7
CP_REPO_RECENT_SLOPE,all_observations,not_conditioned,near_zero_excluded,MSE,363794,10,2.215330906486703e-06,2.21038000062371e-06,4.950905862992797e-09,4.955993684372868e-09,10
CP_REPO_RECENT_SLOPE,all_observations,not_conditioned,near_zero_excluded,RMSE,363794,10,0.0014883987726703831,0.0014867346772789389,1.664095391444272e-06,1.6481364190286592e-06,10
CP_REPO_RECENT_SLOPE,all_observations,not_conditioned,near_zero_excluded,SMAPE,363794,10,99.92108203019059,100.1369070993593,-0.2158250691687158,-0.21911137744780831,4
CP_REPO_RECENT_SLOPE,all_observations,not_conditioned,standard,LOG_RV_MSE,367468,10,86.0153296729766,85.72793857342263,0.2873910995539717,0.28753046754255196,4
CP_REPO_RECENT_SLOPE,all_observations,not_conditioned,standard,MAE,367468,10,0.0005862627334133548,0.0005858807410580785,3.819923552763303e-07,3.831269868362694e-07,7
CP_REPO_RECENT_SLOPE,all_observations,not_conditioned,standard,MSE,367468,10,2.195810003812886e-06,2.1908645626865363e-06,4.945441126349503e-09,4.943777880308833e-09,10
CP_REPO_RECENT_SLOPE,all_observations,not_conditioned,standard,RMSE,367468,10,0.0014818265768344438,0.001480156938532714,1.6696383017297638e-06,1.6523714169271414e-06,10
CP_REPO_RECENT_SLOPE,all_observations,not_conditioned,standard,SMAPE,367468,10,100.87996480320403,101.09279406649905,-0.2128292632950206,-0.21264413682889086,4
CP_REPO_RECENT_SLOPE,cluster_entry_loose,ex_post_descriptive,high_vol_only,LOG_RV_MSE,14694,10,1.332130441941895,1.5256546779525424,-0.1935242360106475,-0.19319561902389984,3
CP_REPO_RECENT_SLOPE,cluster_entry_loose,ex_post_descriptive,high_vol_only,MAE,14694,10,0.001784491149669092,0.0017904099389903201,-5.918789321228109e-06,-5.909882006221794e-06,6
CP_REPO_RECENT_SLOPE,cluster_entry_loose,ex_post_descriptive,high_vol_only,MSE,14694,10,1.032153994459627e-05,1.0332188133700313e-05,-1.0648189104043334e-08,-1.061578446427357e-08,6
CP_REPO_RECENT_SLOPE,cluster_entry_loose,ex_post_descriptive,high_vol_only,RMSE,14694,10,0.003212715353808406,0.0032143721212237256,-1.6567674153197126e-06,-1.091147503660809e-06,6
CP_REPO_RECENT_SLOPE,cluster_entry_loose,ex_post_descriptive,high_vol_only,SMAPE,14694,10,84.8115403046506,85.10925614844567,-0.29771584379506066,-0.2968100102587357,5
CP_REPO_RECENT_SLOPE,cluster_entry_loose,ex_post_descriptive,near_zero_excluded,LOG_RV_MSE,72721,10,60.55015231484592,60.96137316055183,-0.41122084570591255,-0.4120294126859843,2
CP_REPO_RECENT_SLOPE,cluster_entry_loose,ex_post_descriptive,near_zero_excluded,MAE,72721,10,0.0007578798738627712,0.0007527215632042694,5.15831065850186e-06,5.215480911730197e-06,8
CP_REPO_RECENT_SLOPE,cluster_entry_loose,ex_post_descriptive,near_zero_excluded,MSE,72721,10,2.4815741439829076e-06,2.4657043080269745e-06,1.5869835955933094e-08,1.5897073024070946e-08,10
CP_REPO_RECENT_SLOPE,cluster_entry_loose,ex_post_descriptive,near_zero_excluded,RMSE,72721,10,0.0015753012867330831,0.0015702561281609362,5.045158572146912e-06,4.874059496652551e-06,10
CP_REPO_RECENT_SLOPE,cluster_entry_loose,ex_post_descriptive,near_zero_excluded,SMAPE,72721,10,92.54758699479648,92.29645621410198,0.25113078069449557,0.2519658590064964,7
CP_REPO_RECENT_SLOPE,cluster_entry_loose,ex_post_descriptive,standard,LOG_RV_MSE,73457,10,62.079879723481234,62.46267067619518,-0.3827909527139468,-0.3829433846937416,2
CP_REPO_RECENT_SLOPE,cluster_entry_loose,ex_post_descriptive,standard,MAE,73457,10,0.0007565085520951432,0.0007510467288879572,5.461823207186019e-06,5.458214037030134e-06,8
CP_REPO_RECENT_SLOPE,cluster_entry_loose,ex_post_descriptive,standard,MSE,73457,10,2.4613245520281704e-06,2.445102582552043e-06,1.6221969476127296e-08,1.6220755910615626e-08,10
CP_REPO_RECENT_SLOPE,cluster_entry_loose,ex_post_descriptive,standard,RMSE,73457,10,0.0015688609090764452,0.0015636823790501839,5.178530026261376e-06,5.0239654440543305e-06,10
CP_REPO_RECENT_SLOPE,cluster_entry_loose,ex_post_descriptive,standard,SMAPE,73457,10,93.56088921296094,93.3082287205277,0.2526604924332503,0.25266703043652683,7
CP_REPO_RECENT_SLOPE,cluster_entry_strict,ex_post_descriptive,high_vol_only,LOG_RV_MSE,14657,10,1.3342554638475268,1.5281642243837927,-0.19390876053626593,-0.19417537582141906,3
CP_REPO_RECENT_SLOPE,cluster_entry_strict,ex_post_descriptive,high_vol_only,MAE,14657,10,0.001787243329286434,0.0017930983561204687,-5.8550268340347e-06,-5.863657779343835e-06,6
CP_REPO_RECENT_SLOPE,cluster_entry_strict,ex_post_descriptive,high_vol_only,MSE,14657,10,1.034580321321044e-05,1.0356396317805742e-05,-1.0593104595303147e-08,-1.061085881416336e-08,6
CP_REPO_RECENT_SLOPE,cluster_entry_strict,ex_post_descriptive,high_vol_only,RMSE,14657,10,0.003216489268318867,0.003218135534405868,-1.64626608700107e-06,-1.084831188377872e-06,6
CP_REPO_RECENT_SLOPE,cluster_entry_strict,ex_post_descriptive,high_vol_only,SMAPE,14657,10,84.88149633879505,85.17344817355404,-0.29195183475899,-0.2938563477268403,5
CP_REPO_RECENT_SLOPE,cluster_entry_strict,ex_post_descriptive,near_zero_excluded,LOG_RV_MSE,72532,10,60.381173384259625,60.779261154546504,-0.39808777028687814,-0.3976135150928431,2
CP_REPO_RECENT_SLOPE,cluster_entry_strict,ex_post_descriptive,near_zero_excluded,MAE,72532,10,0.0007588564320065486,0.0007537080951936915,5.148336812857077e-06,5.212136617542979e-06,8
CP_REPO_RECENT_SLOPE,cluster_entry_strict,ex_post_descriptive,near_zero_excluded,MSE,72532,10,2.487464553071507e-06,2.4715662620832544e-06,1.589829098825247e-08,1.5923620048326613e-08,10
CP_REPO_RECENT_SLOPE,cluster_entry_strict,ex_post_descriptive,near_zero_excluded,RMSE,72532,10,0.0015771697920869228,0.0015721215799305265,5.048212156396302e-06,4.876197497383563e-06,10
CP_REPO_RECENT_SLOPE,cluster_entry_strict,ex_post_descriptive,near_zero_excluded,SMAPE,72532,10,92.4997892944739,92.24703424604016,0.2527550484337411,0.2533521936509658,7
CP_REPO_RECENT_SLOPE,cluster_entry_strict,ex_post_descriptive,standard,LOG_RV_MSE,73266,10,61.91279479782629,62.282571465063256,-0.36977666723696956,-0.369078295445931,2
CP_REPO_RECENT_SLOPE,cluster_entry_strict,ex_post_descriptive,standard,MAE,73266,10,0.0007574764163155193,0.0007520242703408658,5.4521459746534546e-06,5.4547533611346956e-06,8
CP_REPO_RECENT_SLOPE,cluster_entry_strict,ex_post_descriptive,standard,MSE,73266,10,2.4671601900807016e-06,2.4509094892659435e-06,1.6250700814758082e-08,1.624706768464772e-08,10
CP_REPO_RECENT_SLOPE,cluster_entry_strict,ex_post_descriptive,standard,RMSE,73266,10,0.0015707196408273189,0.0015655380829816769,5.181557845642011e-06,5.025941852331625e-06,10
CP_REPO_RECENT_SLOPE,cluster_entry_strict,ex_post_descriptive,standard,SMAPE,73266,10,93.51351872765494,93.25924566499219,0.2542730626627474,0.2540258446187309,7
CP_REPO_RECENT_SLOPE,cluster_exit_loose,ex_post_descriptive,high_vol_only,LOG_RV_MSE,14693,10,1.1229862115788884,1.7206607574359158,-0.5976745458570274,-0.5971989570465854,2
CP_REPO_RECENT_SLOPE,cluster_exit_loose,ex_post_descriptive,high_vol_only,MAE,14693,10,0.0015010885261131542,0.0014750448242070633,2.6043701906090875e-05,2.6039832681268994e-05,9
CP_REPO_RECENT_SLOPE,cluster_exit_loose,ex_post_descriptive,high_vol_only,MSE,14693,10,1.2677943124526244e-05,1.2574765297728501e-05,1.031778267977432e-07,1.0313792097430536e-07,9
CP_REPO_RECENT_SLOPE,cluster_exit_loose,ex_post_descriptive,high_vol_only,RMSE,14693,10,0.0035606099371492863,0.0035460915523613462,1.4518384787940049e-05,1.377052227578249e-05,9
CP_REPO_RECENT_SLOPE,cluster_exit_loose,ex_post_descriptive,high_vol_only,SMAPE,14693,10,73.70908084853484,71.43089929169308,2.2781815568417585,2.2779097855667105,9
CP_REPO_RECENT_SLOPE,cluster_exit_loose,ex_post_descriptive,near_zero_excluded,LOG_RV_MSE,72719,10,80.20388218822569,80.42842482017299,-0.22454263194730117,-0.23037756381185673,1
CP_REPO_RECENT_SLOPE,cluster_exit_loose,ex_post_descriptive,near_zero_excluded,MAE,72719,10,0.0006184788455707456,0.0006278039823897661,-9.325136819020546e-06,-9.385955374162938e-06,1
CP_REPO_RECENT_SLOPE,cluster_exit_loose,ex_post_descriptive,near_zero_excluded,MSE,72719,10,2.7784093074004996e-06,2.7769065279630905e-06,1.5027794374090077e-09,1.5381196582460003e-09,5
CP_REPO_RECENT_SLOPE,cluster_exit_loose,ex_post_descriptive,near_zero_excluded,RMSE,72719,10,0.0016668561147863063,0.0016664052712239872,4.508435623191021e-07,4.002869173617865e-07,5
CP_REPO_RECENT_SLOPE,cluster_exit_loose,ex_post_descriptive,near_zero_excluded,SMAPE,72719,10,96.79268422556595,97.50650361671264,-0.7138193911466857,-0.7233036122562921,1
CP_REPO_RECENT_SLOPE,cluster_exit_loose,ex_post_descriptive,standard,LOG_RV_MSE,73455,10,82.09800800629024,82.33847051007986,-0.2404625037896153,-0.24024734900130457,1
CP_REPO_RECENT_SLOPE,cluster_exit_loose,ex_post_descriptive,standard,MAE,73455,10,0.0006171643472764074,0.0006267250449932158,-9.560697716808411e-06,-9.558568136930844e-06,1
CP_REPO_RECENT_SLOPE,cluster_exit_loose,ex_post_descriptive,standard,MSE,73455,10,2.7534877094946653e-06,2.7523768926220374e-06,1.1108168726278842e-09,1.1073057124710173e-09,5
CP_REPO_RECENT_SLOPE,cluster_exit_loose,ex_post_descriptive,standard,RMSE,73455,10,0.0016593636459482487,0.0016590289004782398,3.3474547000891114e-07,2.553561758727725e-07,5
CP_REPO_RECENT_SLOPE,cluster_exit_loose,ex_post_descriptive,standard,SMAPE,73455,10,97.78270324564932,98.4937536508175,-0.7110504051681801,-0.710876978371509,1
CP_REPO_RECENT_SLOPE,cluster_exit_strict,ex_post_descriptive,high_vol_only,LOG_RV_MSE,14671,10,1.121544847097662,1.720114772741065,-0.5985699256434032,-0.5979960661797183,2
CP_REPO_RECENT_SLOPE,cluster_exit_strict,ex_post_descriptive,high_vol_only,MAE,14671,10,0.0015007236426876971,0.0014746732338559692,2.605040883172792e-05,2.6053192349410843e-05,9
CP_REPO_RECENT_SLOPE,cluster_exit_strict,ex_post_descriptive,high_vol_only,MSE,14671,10,1.2686413406552538e-05,1.2583100651511236e-05,1.0331275504130231e-07,1.0328061133426787e-07,9
CP_REPO_RECENT_SLOPE,cluster_exit_strict,ex_post_descriptive,high_vol_only,RMSE,14671,10,0.003561799181109533,0.0035472666451101804,1.4532535999352367e-05,1.3792526992221447e-05,9
CP_REPO_RECENT_SLOPE,cluster_exit_strict,ex_post_descriptive,high_vol_only,SMAPE,14671,10,73.684845994303,71.40693772232824,2.2779082719747663,2.27890064992757,9
CP_REPO_RECENT_SLOPE,cluster_exit_strict,ex_post_descriptive,near_zero_excluded,LOG_RV_MSE,72600,10,80.02173783897848,80.24619304817026,-0.22445520919177397,-0.23083086699324334,1
CP_REPO_RECENT_SLOPE,cluster_exit_strict,ex_post_descriptive,near_zero_excluded,MAE,72600,10,0.0006184535179022776,0.0006277931075180621,-9.3395896157845e-06,-9.404003278986446e-06,1
CP_REPO_RECENT_SLOPE,cluster_exit_strict,ex_post_descriptive,near_zero_excluded,MSE,72600,10,2.7805878498197563e-06,2.779075099306362e-06,1.5127505133944926e-09,1.549189845636779e-09,5
CP_REPO_RECENT_SLOPE,cluster_exit_strict,ex_post_descriptive,near_zero_excluded,RMSE,72600,10,0.0016675094751814027,0.0016670558176936853,4.5365748771735055e-07,4.0356792460862414e-07,5
CP_REPO_RECENT_SLOPE,cluster_exit_strict,ex_post_descriptive,near_zero_excluded,SMAPE,72600,10,96.72258691267511,97.43627448325782,-0.7136875705827066,-0.7234321863408155,1
CP_REPO_RECENT_SLOPE,cluster_exit_strict,ex_post_descriptive,standard,LOG_RV_MSE,73334,10,81.90717235117306,82.14768528465844,-0.24051293348537683,-0.24083216571891305,1
CP_REPO_RECENT_SLOPE,cluster_exit_strict,ex_post_descriptive,standard,MAE,73334,10,0.000617143413936819,0.0006267187210492841,-9.575307112465181e-06,-9.576704002915715e-06,1
CP_REPO_RECENT_SLOPE,cluster_exit_strict,ex_post_descriptive,standard,MSE,73334,10,2.7556748132676994e-06,2.754554155016972e-06,1.120658250727315e-09,1.1185298852023744e-09,5
CP_REPO_RECENT_SLOPE,cluster_exit_strict,ex_post_descriptive,standard,RMSE,73334,10,0.0016600225339638314,0.0016596849565556026,3.3757740822886254e-07,2.5877089605805305e-07,5
CP_REPO_RECENT_SLOPE,cluster_exit_strict,ex_post_descriptive,standard,SMAPE,73334,10,97.71189563488282,98.42278586482341,-0.7108902299405884,-0.7109873808218069,1
CP_REPO_RECENT_SLOPE,entry_with_recent_spike,ex_post_descriptive,high_vol_only,LOG_RV_MSE,8754,10,1.4736378437064515,1.56576964358377,-0.09213179987731857,-0.07211921620051134,2
CP_REPO_RECENT_SLOPE,entry_with_recent_spike,ex_post_descriptive,high_vol_only,MAE,8754,10,0.0019315043244099452,0.0019441808566653587,-1.2676532255413448e-05,-1.2174680523785887e-05,4
CP_REPO_RECENT_SLOPE,entry_with_recent_spike,ex_post_descriptive,high_vol_only,MSE,8754,10,1.1146392096496613e-05,1.1183298269031084e-05,-3.69061725344714e-08,-3.5570088604009734e-08,3
CP_REPO_RECENT_SLOPE,entry_with_recent_spike,ex_post_descriptive,high_vol_only,RMSE,8754,10,0.003338621286773421,0.0033441438768436805,-5.522590070259573e-06,-5.973492392120526e-06,3
CP_REPO_RECENT_SLOPE,entry_with_recent_spike,ex_post_descriptive,high_vol_only,SMAPE,8754,10,87.65347704873638,88.58344253499261,-0.9299654862562363,-0.840759840994113,3
CP_REPO_RECENT_SLOPE,entry_with_recent_spike,ex_post_descriptive,near_zero_excluded,LOG_RV_MSE,43077,10,58.5073000988938,58.81489561680579,-0.3075955179119916,-0.3287292963014976,3
CP_REPO_RECENT_SLOPE,entry_with_recent_spike,ex_post_descriptive,near_zero_excluded,MAE,43077,10,0.0008298909472286534,0.0008203537418205182,9.537205408135163e-06,9.366509114345621e-06,9
CP_REPO_RECENT_SLOPE,entry_with_recent_spike,ex_post_descriptive,near_zero_excluded,MSE,43077,10,2.7524238027535856e-06,2.7305560416035845e-06,2.1867761150001066e-08,2.177476729518955e-08,10
CP_REPO_RECENT_SLOPE,entry_with_recent_spike,ex_post_descriptive,near_zero_excluded,RMSE,43077,10,0.0016590430382463215,0.0016524394214625796,6.6036167837419096e-06,6.843782414722136e-06,10
CP_REPO_RECENT_SLOPE,entry_with_recent_spike,ex_post_descriptive,near_zero_excluded,SMAPE,43077,10,93.4313578597661,93.03990711635566,0.39145074341043085,0.4031756864760808,8
CP_REPO_RECENT_SLOPE,entry_with_recent_spike,ex_post_descriptive,standard,LOG_RV_MSE,43747,10,61.708962586389255,61.97404227834555,-0.265079691956295,-0.2893393446793727,4
CP_REPO_RECENT_SLOPE,entry_with_recent_spike,ex_post_descriptive,standard,MAE,43747,10,0.0008304363652918029,0.0008205025905934648,9.933774698338087e-06,9.708996873670855e-06,9
CP_REPO_RECENT_SLOPE,entry_with_recent_spike,ex_post_descriptive,standard,MSE,43747,10,2.7262690958934324e-06,2.703678206236179e-06,2.2590889657253404e-08,2.233888237472198e-08,10
CP_REPO_RECENT_SLOPE,entry_with_recent_spike,ex_post_descriptive,standard,RMSE,43747,10,0.0016511417552389112,0.001644286534104132,6.855221134779163e-06,7.100110599564564e-06,10
CP_REPO_RECENT_SLOPE,entry_with_recent_spike,ex_post_descriptive,standard,SMAPE,43747,10,94.9939885723259,94.60297104578166,0.39101752654424615,0.4022648770191196,8
CP_REPO_RECENT_SLOPE,entry_without_recent_spike,ex_post_descriptive,high_vol_only,LOG_RV_MSE,5946,10,1.1195692099524477,1.4644534371325082,-0.3448842271800605,-0.3552346112380499,4
CP_REPO_RECENT_SLOPE,entry_without_recent_spike,ex_post_descriptive,high_vol_only,MAE,5946,10,0.0015570783495014973,0.0015519453597019736,5.132989799523733e-06,4.7794355313941555e-06,7
CP_REPO_RECENT_SLOPE,entry_without_recent_spike,ex_post_descriptive,high_vol_only,MSE,5946,10,9.074816797282833e-06,9.046435680379741e-06,2.8381116903092253e-08,2.8136134868833045e-08,8
CP_REPO_RECENT_SLOPE,entry_without_recent_spike,ex_post_descriptive,high_vol_only,RMSE,5946,10,0.003012443658773195,0.0030077293229909736,4.714335782221319e-06,6.103187639976517e-06,8
CP_REPO_RECENT_SLOPE,entry_without_recent_spike,ex_post_descriptive,high_vol_only,SMAPE,5946,10,80.3430946440876,79.56294659921363,0.7801480448739682,0.6957418099269234,6
CP_REPO_RECENT_SLOPE,entry_without_recent_spike,ex_post_descriptive,near_zero_excluded,LOG_RV_MSE,29421,10,60.966920165964275,61.53837402073793,-0.5714538547736581,-0.5587922017745326,2
CP_REPO_RECENT_SLOPE,entry_without_recent_spike,ex_post_descriptive,near_zero_excluded,MAE,29421,10,0.00064865090680092,0.000649977784672459,-1.3268778715389788e-06,-1.1134747231356615e-06,5
CP_REPO_RECENT_SLOPE,entry_without_recent_spike,ex_post_descriptive,near_zero_excluded,MSE,29421,10,2.0879985944370397e-06,2.0812995894667033e-06,6.699004970336447e-09,6.8471258195424915e-09,5
CP_REPO_RECENT_SLOPE,entry_without_recent_spike,ex_post_descriptive,near_zero_excluded,RMSE,29421,10,0.0014449908630981166,0.00144267099141374,2.3198716843765652e-06,1.798654487238804e-06,5
CP_REPO_RECENT_SLOPE,entry_without_recent_spike,ex_post_descriptive,near_zero_excluded,SMAPE,29421,10,90.44189351704458,90.3955311343235,0.04636238272107107,0.03712020161155749,6
CP_REPO_RECENT_SLOPE,entry_without_recent_spike,ex_post_descriptive,standard,LOG_RV_MSE,29710,10,62.62604303537494,63.18215995659669,-0.5561169212217507,-0.5393416959786457,2
CP_REPO_RECENT_SLOPE,entry_without_recent_spike,ex_post_descriptive,standard,MAE,29710,10,0.0006476522732693516,0.0006487752518758119,-1.1229786064602919e-06,-9.403935691352339e-07,5
CP_REPO_RECENT_SLOPE,entry_without_recent_spike,ex_post_descriptive,standard,MSE,29710,10,2.071202405933468e-06,2.064358462413709e-06,6.843943519758829e-09,7.046725263854006e-09,6
CP_REPO_RECENT_SLOPE,entry_without_recent_spike,ex_post_descriptive,standard,RMSE,29710,10,0.0014391672612776695,0.0014367875495053918,2.379711772277672e-06,1.8736443294283055e-06,6
CP_REPO_RECENT_SLOPE,entry_without_recent_spike,ex_post_descriptive,standard,SMAPE,29710,10,91.450697436652,91.40176313645212,0.04893430019988898,0.04152225174662334,6
CP_REPO_RECENT_SLOPE,high_within_block_dispersion,ex_post_descriptive,high_vol_only,LOG_RV_MSE,13800,10,1.347003340120205,1.5450667739488841,-0.19806343382867908,-0.1242550377759403,4
CP_REPO_RECENT_SLOPE,high_within_block_dispersion,ex_post_descriptive,high_vol_only,MAE,13800,10,0.0010124910161190377,0.0010054163495582817,7.074666560755952e-06,7.547607945763317e-06,6
CP_REPO_RECENT_SLOPE,high_within_block_dispersion,ex_post_descriptive,high_vol_only,MSE,13800,10,4.061123263348121e-06,4.036954165631903e-06,2.41690977162186e-08,2.4303538204224562e-08,7
CP_REPO_RECENT_SLOPE,high_within_block_dispersion,ex_post_descriptive,high_vol_only,RMSE,13800,10,0.0020152228818044226,0.0020092173017451104,6.005580059312114e-06,5.7269170925233155e-06,7
CP_REPO_RECENT_SLOPE,high_within_block_dispersion,ex_post_descriptive,high_vol_only,SMAPE,13800,10,67.13010831164493,66.55457744745408,0.5755308641908528,0.8784865420304314,6
CP_REPO_RECENT_SLOPE,high_within_block_dispersion,ex_post_descriptive,near_zero_excluded,LOG_RV_MSE,68602,10,133.4472628617705,133.7113179745099,-0.2640551127394133,-0.3363657314289624,4
CP_REPO_RECENT_SLOPE,high_within_block_dispersion,ex_post_descriptive,near_zero_excluded,MAE,68602,10,0.000568649162840853,0.0005670588133719712,1.5903494688817741e-06,1.0564241148768667e-06,4
CP_REPO_RECENT_SLOPE,high_within_block_dispersion,ex_post_descriptive,near_zero_excluded,MSE,68602,10,1.1270507328910632e-06,1.1137694884892487e-06,1.328124440181452e-08,1.2609384089494234e-08,9
CP_REPO_RECENT_SLOPE,high_within_block_dispersion,ex_post_descriptive,near_zero_excluded,RMSE,68602,10,0.0010616264563824054,0.0010553527791640333,6.273677218372091e-06,5.809714768076227e-06,9
CP_REPO_RECENT_SLOPE,high_within_block_dispersion,ex_post_descriptive,near_zero_excluded,SMAPE,68602,10,119.19625535916762,119.34597340454377,-0.1497180453761473,-0.0944325141600956,1
CP_REPO_RECENT_SLOPE,high_within_block_dispersion,ex_post_descriptive,standard,LOG_RV_MSE,68970,10,134.1816042629971,134.44150478568656,-0.2599005226894633,-0.32945866052838024,4
CP_REPO_RECENT_SLOPE,high_within_block_dispersion,ex_post_descriptive,standard,MAE,68970,10,0.0005686239437191444,0.0005670459261176684,1.5780176014759586e-06,1.0433178168746535e-06,4
CP_REPO_RECENT_SLOPE,high_within_block_dispersion,ex_post_descriptive,standard,MSE,68970,10,1.123133377256323e-06,1.1098706874699201e-06,1.3262689786402767e-08,1.2543646229240755e-08,9
CP_REPO_RECENT_SLOPE,high_within_block_dispersion,ex_post_descriptive,standard,RMSE,68970,10,0.0010597798720754811,0.0010535040044868933,6.275867588587808e-06,5.802318429904828e-06,9
CP_REPO_RECENT_SLOPE,high_within_block_dispersion,ex_post_descriptive,standard,SMAPE,68970,10,119.60427234064147,119.75328291561655,-0.14901057497507963,-0.09073550564179556,1
CP_REPO_RECENT_SLOPE,inflection_points,ex_post_descriptive,high_vol_only,LOG_RV_MSE,28984,10,1.1395945186365517,1.6274240901402843,-0.48782957150373263,-0.47169097585230163,3
CP_REPO_RECENT_SLOPE,inflection_points,ex_post_descriptive,high_vol_only,MAE,28984,10,0.0015690861682796692,0.0015598683858408407,9.217782438828521e-06,9.168280477663509e-06,10
CP_REPO_RECENT_SLOPE,inflection_points,ex_post_descriptive,high_vol_only,MSE,28984,10,1.1258143057283103e-05,1.1210303383739439e-05,4.783967354366388e-08,4.6934248420212914e-08,10
CP_REPO_RECENT_SLOPE,inflection_points,ex_post_descriptive,high_vol_only,RMSE,28984,10,0.0033553156419751486,0.003348179114644173,7.1365273309757955e-06,7.546728300349712e-06,10
CP_REPO_RECENT_SLOPE,inflection_points,ex_post_descriptive,high_vol_only,SMAPE,28984,10,77.5511484641698,76.8374829574704,0.7136655066993995,0.7394407433350125,9
CP_REPO_RECENT_SLOPE,inflection_points,ex_post_descriptive,near_zero_excluded,LOG_RV_MSE,143375,10,58.64300646845435,59.01226933084627,-0.3692628623919205,-0.3592624531526969,1
CP_REPO_RECENT_SLOPE,inflection_points,ex_post_descriptive,near_zero_excluded,MAE,143375,10,0.0006543332064361158,0.0006562978805484552,-1.9646741123394325e-06,-1.9541457590654936e-06,1
CP_REPO_RECENT_SLOPE,inflection_points,ex_post_descriptive,near_zero_excluded,MSE,143375,10,2.5404502226370316e-06,2.533458255433803e-06,6.991967203228483e-09,6.795412211844032e-09,10
CP_REPO_RECENT_SLOPE,inflection_points,ex_post_descriptive,near_zero_excluded,RMSE,143375,10,0.0015938789861959506,0.0015916840941071829,2.1948920887677244e-06,2.0148651337437487e-06,10
CP_REPO_RECENT_SLOPE,inflection_points,ex_post_descriptive,near_zero_excluded,SMAPE,143375,10,90.02958355319511,90.30380774979533,-0.27422419660021546,-0.2663508792172962,1
CP_REPO_RECENT_SLOPE,inflection_points,ex_post_descriptive,standard,LOG_RV_MSE,144886,10,60.506791384132924,60.865748295248956,-0.35895691111603156,-0.3425767314508931,1
CP_REPO_RECENT_SLOPE,inflection_points,ex_post_descriptive,standard,MAE,144886,10,0.0006529679144583394,0.00065491048061659,-1.9425661582506007e-06,-1.9300447966514747e-06,1
CP_REPO_RECENT_SLOPE,inflection_points,ex_post_descriptive,standard,MSE,144886,10,2.5174090289669973e-06,2.510479097661519e-06,6.9299313054783406e-09,6.7318340532199994e-09,10
CP_REPO_RECENT_SLOPE,inflection_points,ex_post_descriptive,standard,RMSE,144886,10,0.0015866344975976657,0.0015844491464422324,2.1853511554333245e-06,2.0013694142893217e-06,10
CP_REPO_RECENT_SLOPE,inflection_points,ex_post_descriptive,standard,SMAPE,144886,10,91.11849778030444,91.38876898443901,-0.2702712041345734,-0.25878014889800627,1
CP_REPO_RECENT_SLOPE,older_spike_position,ex_post_descriptive,high_vol_only,LOG_RV_MSE,21781,10,1.1395303095276075,1.6839845962613325,-0.544454286733725,-0.5329286930275516,0
CP_REPO_RECENT_SLOPE,older_spike_position,ex_post_descriptive,high_vol_only,MAE,21781,10,0.0013486758957650074,0.0013452383831557633,3.4375126092441293e-06,3.149637503871021e-06,7
CP_REPO_RECENT_SLOPE,older_spike_position,ex_post_descriptive,high_vol_only,MSE,21781,10,1.069141300105579e-05,1.0671247892652601e-05,2.0165108403189685e-08,1.9563261502390043e-08,5
CP_REPO_RECENT_SLOPE,older_spike_position,ex_post_descriptive,high_vol_only,RMSE,21781,10,0.0032697726222255565,0.0032666876025498064,3.085019675750072e-06,2.1200669489025714e-06,5
CP_REPO_RECENT_SLOPE,older_spike_position,ex_post_descriptive,high_vol_only,SMAPE,21781,10,69.8626302544199,69.93321937802213,-0.07058912360223246,-0.17491176001939693,6
CP_REPO_RECENT_SLOPE,older_spike_position,ex_post_descriptive,near_zero_excluded,LOG_RV_MSE,107788,10,78.34423187563695,78.28250519184866,0.06172668378829371,0.1499765533023525,4
CP_REPO_RECENT_SLOPE,older_spike_position,ex_post_descriptive,near_zero_excluded,MAE,107788,10,0.0005714781969803931,0.000570910102567375,5.680944130180381e-07,7.505366467605735e-07,7
CP_REPO_RECENT_SLOPE,older_spike_position,ex_post_descriptive,near_zero_excluded,MSE,107788,10,2.346475802604796e-06,2.344285499820618e-06,2.1903027841779463e-09,2.1674557238272165e-09,8
CP_REPO_RECENT_SLOPE,older_spike_position,ex_post_descriptive,near_zero_excluded,RMSE,107788,10,0.0015318210739524365,0.0015311059727597623,7.151011926741224e-07,7.563283108039868e-07,8
CP_REPO_RECENT_SLOPE,older_spike_position,ex_post_descriptive,near_zero_excluded,SMAPE,107788,10,96.43669126169502,96.8001616892497,-0.36347042755468806,-0.3733766191683756,3
CP_REPO_RECENT_SLOPE,older_spike_position,ex_post_descriptive,standard,LOG_RV_MSE,108871,10,80.56611776174127,80.48904854235668,0.07706921938458322,0.18154985681519148,4
CP_REPO_RECENT_SLOPE,older_spike_position,ex_post_descriptive,standard,MAE,108871,10,0.0005701423444680369,0.0005695720814178642,5.702630501727658e-07,7.951818240216298e-07,7
CP_REPO_RECENT_SLOPE,older_spike_position,ex_post_descriptive,standard,MSE,108871,10,2.3254307190849205e-06,2.323298634058782e-06,2.132085026138351e-09,2.0998042507583652e-09,8
CP_REPO_RECENT_SLOPE,older_spike_position,ex_post_descriptive,standard,RMSE,108871,10,0.0015249363000089285,0.0015242370662265046,6.992337824238137e-07,7.343844710992384e-07,8
CP_REPO_RECENT_SLOPE,older_spike_position,ex_post_descriptive,standard,SMAPE,108871,10,97.43444157677632,97.7941985474721,-0.35975697069578416,-0.3650077059593343,3
CP_REPO_RECENT_SLOPE,recent_ramp_high_dispersion,ex_post_descriptive,high_vol_only,LOG_RV_MSE,4860,10,1.422541686129273,1.4713366226784907,-0.04879493654921774,-0.05230014289276286,4
CP_REPO_RECENT_SLOPE,recent_ramp_high_dispersion,ex_post_descriptive,high_vol_only,MAE,4860,10,0.0014613955477391944,0.0014654244562035718,-4.028908464377397e-06,-2.170108978459507e-06,5
CP_REPO_RECENT_SLOPE,recent_ramp_high_dispersion,ex_post_descriptive,high_vol_only,MSE,4860,10,5.9629586828906324e-06,5.9562839861677415e-06,6.6746967228909325e-09,1.059011484753956e-08,6
CP_REPO_RECENT_SLOPE,recent_ramp_high_dispersion,ex_post_descriptive,high_vol_only,RMSE,4860,10,0.0024419170098286783,0.0024405499351924233,1.3670746362550237e-06,2.18761676271796e-06,6
CP_REPO_RECENT_SLOPE,recent_ramp_high_dispersion,ex_post_descriptive,high_vol_only,SMAPE,4860,10,76.48024025708399,77.0208729404598,-0.5406326833758044,-0.26207358357898014,4
CP_REPO_RECENT_SLOPE,recent_ramp_high_dispersion,ex_post_descriptive,near_zero_excluded,LOG_RV_MSE,24128,10,114.11256475334159,114.78525745595645,-0.6726927026148672,-0.7468123473635456,5
CP_REPO_RECENT_SLOPE,recent_ramp_high_dispersion,ex_post_descriptive,near_zero_excluded,MAE,24128,10,0.0007928593927930361,0.0007762573073687992,1.6602085424236913e-05,1.5066992329698425e-05,7
CP_REPO_RECENT_SLOPE,recent_ramp_high_dispersion,ex_post_descriptive,near_zero_excluded,MSE,24128,10,1.8154479400161009e-06,1.7649416074744135e-06,5.050633254168739e-08,4.864331647471102e-08,10
CP_REPO_RECENT_SLOPE,recent_ramp_high_dispersion,ex_post_descriptive,near_zero_excluded,RMSE,24128,10,0.0013473855944072211,0.0013285110490599667,1.8874545347254438e-05,1.7651044465836575e-05,10
CP_REPO_RECENT_SLOPE,recent_ramp_high_dispersion,ex_post_descriptive,near_zero_excluded,SMAPE,24128,10,117.97303253465954,117.00735936360682,0.965673171052714,0.9265344165470182,7
CP_REPO_RECENT_SLOPE,recent_ramp_high_dispersion,ex_post_descriptive,standard,LOG_RV_MSE,24273,10,114.68887161199063,115.33435653437138,-0.6454849223807457,-0.7243711110401504,5
CP_REPO_RECENT_SLOPE,recent_ramp_high_dispersion,ex_post_descriptive,standard,MAE,24273,10,0.0007926212485103804,0.0007757871996578468,1.683404885253364e-05,1.5180224257686255e-05,7
CP_REPO_RECENT_SLOPE,recent_ramp_high_dispersion,ex_post_descriptive,standard,MSE,24273,10,1.8086202642090091e-06,1.7578304150200633e-06,5.078984918894587e-08,4.8772302903419803e-08,10
CP_REPO_RECENT_SLOPE,recent_ramp_high_dispersion,ex_post_descriptive,standard,RMSE,24273,10,0.001344849532181578,0.0013258319708847207,1.901756129685738e-05,1.775024945500928e-05,10
CP_REPO_RECENT_SLOPE,recent_ramp_high_dispersion,ex_post_descriptive,standard,SMAPE,24273,10,118.4281414949415,117.46385926694164,0.9642822279998597,0.9234245904698029,7
CP_REPO_RECENT_SLOPE,recent_spike_position,ex_post_descriptive,high_vol_only,LOG_RV_MSE,41263,10,133.60326357120792,130.23463520771165,3.3686283634962706,0.2601597741667184,1
CP_REPO_RECENT_SLOPE,recent_spike_position,ex_post_descriptive,high_vol_only,MAE,41263,10,0.0009278329622731831,0.0009336552199404321,-5.822257667249028e-06,-8.39633908220763e-06,2
CP_REPO_RECENT_SLOPE,recent_spike_position,ex_post_descriptive,high_vol_only,MSE,41263,10,5.620772726690841e-06,5.6280370775198214e-06,-7.264350828980535e-09,-1.4053612396970316e-08,4
CP_REPO_RECENT_SLOPE,recent_spike_position,ex_post_descriptive,high_vol_only,RMSE,41263,10,0.002370816890164831,0.002372348430884431,-1.531540719599666e-06,-2.8602046941387703e-06,4
CP_REPO_RECENT_SLOPE,recent_spike_position,ex_post_descriptive,high_vol_only,SMAPE,41263,10,126.75937020163306,127.19793820607471,-0.4385680044416489,-1.1952806439382884,2
CP_REPO_RECENT_SLOPE,recent_spike_position,ex_post_descriptive,near_zero_excluded,LOG_RV_MSE,124205,10,108.09331457411457,106.90624442637305,1.1870701477415224,0.686338538782195,6
CP_REPO_RECENT_SLOPE,recent_spike_position,ex_post_descriptive,near_zero_excluded,MAE,124205,10,0.0006101040586077684,0.0006047345514632443,5.369507144524044e-06,5.948038383737968e-06,9
CP_REPO_RECENT_SLOPE,recent_spike_position,ex_post_descriptive,near_zero_excluded,MSE,124205,10,2.122274233945656e-06,2.113086511220183e-06,9.187722725473118e-09,1.0014062613540286e-08,10
CP_REPO_RECENT_SLOPE,recent_spike_position,ex_post_descriptive,near_zero_excluded,RMSE,124205,10,0.0014568027436635531,0.00145364593736583,3.1568062977230683e-06,3.3690780450925413e-06,10
CP_REPO_RECENT_SLOPE,recent_spike_position,ex_post_descriptive,near_zero_excluded,SMAPE,124205,10,110.75903396715827,110.63213897722618,0.12689498993209725,0.10298290185566686,7
CP_REPO_RECENT_SLOPE,recent_spike_position,ex_post_descriptive,standard,LOG_RV_MSE,125358,10,109.41387331267963,108.21565958251279,1.1982137301668416,0.7187251526755052,6
CP_REPO_RECENT_SLOPE,recent_spike_position,ex_post_descriptive,standard,MAE,125358,10,0.0006091827784219505,0.0006036288920138116,5.553886408138885e-06,6.1199409847769715e-06,9
CP_REPO_RECENT_SLOPE,recent_spike_position,ex_post_descriptive,standard,MSE,125358,10,2.1057111020059574e-06,2.0963292008166564e-06,9.38190118930102e-09,1.0203003944572192e-08,10
CP_REPO_RECENT_SLOPE,recent_spike_position,ex_post_descriptive,standard,RMSE,125358,10,0.00145110685409654,0.0014478705746083303,3.2362794882096965e-06,3.47731644355537e-06,10
CP_REPO_RECENT_SLOPE,recent_spike_position,ex_post_descriptive,standard,SMAPE,125358,10,111.53126331543436,111.40132025744819,0.1299430579861678,0.10475781744165431,7
CP_REPO_RECENT_SLOPE,same_average_back_loaded,ex_post_descriptive,high_vol_only,LOG_RV_MSE,5089,10,148.22928488392745,144.32857021904832,3.900714664879132,0.39541613755029664,5
CP_REPO_RECENT_SLOPE,same_average_back_loaded,ex_post_descriptive,high_vol_only,MAE,5089,10,0.00079502070058517,0.0007790246789642968,1.599602162087317e-05,1.3151612646384033e-05,10
CP_REPO_RECENT_SLOPE,same_average_back_loaded,ex_post_descriptive,high_vol_only,MSE,5089,10,5.436331053659615e-06,5.419218110708322e-06,1.711294295129249e-08,3.127352249659384e-08,8
CP_REPO_RECENT_SLOPE,same_average_back_loaded,ex_post_descriptive,high_vol_only,RMSE,5089,10,0.0023315941013949265,0.002327921414203736,3.6726871911903734e-06,5.062951593643681e-06,8
CP_REPO_RECENT_SLOPE,same_average_back_loaded,ex_post_descriptive,high_vol_only,SMAPE,5089,10,125.47402771920483,124.81747711492316,0.6565506042816622,1.4184406209154,9
CP_REPO_RECENT_SLOPE,same_average_back_loaded,ex_post_descriptive,near_zero_excluded,LOG_RV_MSE,15487,10,124.26141461023107,123.13969805587422,1.1217165543568512,0.59733054241917,1
CP_REPO_RECENT_SLOPE,same_average_back_loaded,ex_post_descriptive,near_zero_excluded,MAE,15487,10,0.000527741419898501,0.0005314640824786047,-3.722662580103687e-06,-5.6301848293035425e-06,1
CP_REPO_RECENT_SLOPE,same_average_back_loaded,ex_post_descriptive,near_zero_excluded,MSE,15487,10,1.938986808645503e-06,1.941975329604072e-06,-2.9885209585690616e-09,-2.9412123760127945e-09,3
CP_REPO_RECENT_SLOPE,same_average_back_loaded,ex_post_descriptive,near_zero_excluded,RMSE,15487,10,0.0013924750657176965,0.0013935477493089616,-1.0726835912651562e-06,-8.721917594498973e-07,3
CP_REPO_RECENT_SLOPE,same_average_back_loaded,ex_post_descriptive,near_zero_excluded,SMAPE,15487,10,115.21629356973736,115.81430456418548,-0.5980109944481171,-0.6465129089716086,1
CP_REPO_RECENT_SLOPE,same_average_back_loaded,ex_post_descriptive,standard,LOG_RV_MSE,15559,10,124.77448379663251,123.66366723387324,1.1108165627592683,0.5930055986381552,1
CP_REPO_RECENT_SLOPE,same_average_back_loaded,ex_post_descriptive,standard,MAE,15559,10,0.0005277712464133768,0.0005315919465523917,-3.82070013901488e-06,-5.694008182053129e-06,1
CP_REPO_RECENT_SLOPE,same_average_back_loaded,ex_post_descriptive,standard,MSE,15559,10,1.931432277016903e-06,1.934546301124607e-06,-3.114024107704122e-09,-3.0949123679812992e-09,2
CP_REPO_RECENT_SLOPE,same_average_back_loaded,ex_post_descriptive,standard,RMSE,15559,10,0.0013897597911210781,0.0013908796860708718,-1.1198949497936896e-06,-9.262421720219354e-07,2
CP_REPO_RECENT_SLOPE,same_average_back_loaded,ex_post_descriptive,standard,SMAPE,15559,10,115.5837931550299,116.17996953537059,-0.5961763803406939,-0.6401555322086822,1
CP_REPO_RECENT_SLOPE,same_average_different_path,ex_post_descriptive,high_vol_only,LOG_RV_MSE,1483,10,1.176451606646611,1.4677199509408574,-0.2912683442942463,-0.311610820259396,4
CP_REPO_RECENT_SLOPE,same_average_different_path,ex_post_descriptive,high_vol_only,MAE,1483,10,0.0012308421833447504,0.001230877435613503,-3.525226875255444e-08,-5.845142497006733e-06,7
CP_REPO_RECENT_SLOPE,same_average_different_path,ex_post_descriptive,high_vol_only,MSE,1483,10,5.424646643583948e-06,5.436273449567023e-06,-1.1626805983074654e-08,-2.9026026864138294e-08,5
CP_REPO_RECENT_SLOPE,same_average_different_path,ex_post_descriptive,high_vol_only,RMSE,1483,10,0.0023290870837270015,0.0023315817484203774,-2.4946646933758816e-06,-9.08831888585739e-06,5
CP_REPO_RECENT_SLOPE,same_average_different_path,ex_post_descriptive,high_vol_only,SMAPE,1483,10,78.26623100008541,77.69733558454026,0.5688954155451569,-0.004089486320602731,6
CP_REPO_RECENT_SLOPE,same_average_different_path,ex_post_descriptive,near_zero_excluded,LOG_RV_MSE,7368,10,130.5647982605645,131.01923784883138,-0.4544395882668937,-0.381441236299894,1
CP_REPO_RECENT_SLOPE,same_average_different_path,ex_post_descriptive,near_zero_excluded,MAE,7368,10,0.0005432933685073359,0.0005509875037234127,-7.694135216076764e-06,-7.49727247020935e-06,1
CP_REPO_RECENT_SLOPE,same_average_different_path,ex_post_descriptive,near_zero_excluded,MSE,7368,10,1.25033332979528e-06,1.26010093702229e-06,-9.767607227009928e-09,-1.213528959165024e-08,1
CP_REPO_RECENT_SLOPE,same_average_different_path,ex_post_descriptive,near_zero_excluded,RMSE,7368,10,0.0011181830484295852,0.0011225421760549979,-4.359127625412629e-06,-6.051974861903887e-06,1
CP_REPO_RECENT_SLOPE,same_average_different_path,ex_post_descriptive,near_zero_excluded,SMAPE,7368,10,117.07922485099387,117.38101921762335,-0.3017943666294798,-0.40032198409941344,2
CP_REPO_RECENT_SLOPE,same_average_different_path,ex_post_descriptive,standard,LOG_RV_MSE,7396,10,131.0538149663491,131.51168159418214,-0.45786662783302745,-0.3881327578861006,1
CP_REPO_RECENT_SLOPE,same_average_different_path,ex_post_descriptive,standard,MAE,7396,10,0.000543100371193495,0.0005508417354167256,-7.741364223230588e-06,-7.539696770711402e-06,1
CP_REPO_RECENT_SLOPE,same_average_different_path,ex_post_descriptive,standard,MSE,7396,10,1.2465643227993336e-06,1.2563717039034605e-06,-9.807381104126907e-09,-1.2150871356925006e-08,1
CP_REPO_RECENT_SLOPE,same_average_different_path,ex_post_descriptive,standard,RMSE,7396,10,0.0011164964499716663,0.001120879879337416,-4.383429365749716e-06,-6.077130852807851e-06,1
CP_REPO_RECENT_SLOPE,same_average_different_path,ex_post_descriptive,standard,SMAPE,7396,10,117.3731818015564,117.67436616137776,-0.30118435982136305,-0.39283452437287,2
CP_REPO_RECENT_SLOPE,same_average_recent_front_loaded,ex_post_descriptive,high_vol_only,LOG_RV_MSE,2870,10,1.4580562797951269,1.9367503847485683,-0.47869410495344145,-0.46246088986523937,2
CP_REPO_RECENT_SLOPE,same_average_recent_front_loaded,ex_post_descriptive,high_vol_only,MAE,2870,10,0.0016073033120725894,0.0016150254574822818,-7.72214540969247e-06,-7.727032579892435e-06,5
CP_REPO_RECENT_SLOPE,same_average_recent_front_loaded,ex_post_descriptive,high_vol_only,MSE,2870,10,7.781371153816655e-06,7.806416110603396e-06,-2.5044956786740926e-08,-2.5512108094292262e-08,4
CP_REPO_RECENT_SLOPE,same_average_recent_front_loaded,ex_post_descriptive,high_vol_only,RMSE,2870,10,0.0027895109165975056,0.0027939964406926854,-4.485524095179834e-06,-5.851367431109486e-06,4
CP_REPO_RECENT_SLOPE,same_average_recent_front_loaded,ex_post_descriptive,high_vol_only,SMAPE,2870,10,94.65986103058924,95.27683176210465,-0.6169707315154085,-0.5748358516116298,5
CP_REPO_RECENT_SLOPE,same_average_recent_front_loaded,ex_post_descriptive,near_zero_excluded,LOG_RV_MSE,14110,10,61.51306201248259,62.013774999220374,-0.5007129867377813,-0.5065834498126026,3
CP_REPO_RECENT_SLOPE,same_average_recent_front_loaded,ex_post_descriptive,near_zero_excluded,MAE,14110,10,0.0006158783010104141,0.0006162566905805886,-3.7838957017450204e-07,-3.1940120802986046e-07,5
CP_REPO_RECENT_SLOPE,same_average_recent_front_loaded,ex_post_descriptive,near_zero_excluded,MSE,14110,10,1.7527220781628603e-06,1.7557264503225478e-06,-3.004372159687513e-09,-3.007065823502812e-09,3
CP_REPO_RECENT_SLOPE,same_average_recent_front_loaded,ex_post_descriptive,near_zero_excluded,RMSE,14110,10,0.0013239041045947626,0.0013250382825875438,-1.1341779927811785e-06,-1.536015643114816e-06,3
CP_REPO_RECENT_SLOPE,same_average_recent_front_loaded,ex_post_descriptive,near_zero_excluded,SMAPE,14110,10,92.08728032701002,92.04263661051142,0.044643716498597996,0.04986114274062601,4
CP_REPO_RECENT_SLOPE,same_average_recent_front_loaded,ex_post_descriptive,standard,LOG_RV_MSE,14331,10,65.0327606534289,65.5092800546659,-0.4765194012369989,-0.4853801731339235,3
CP_REPO_RECENT_SLOPE,same_average_recent_front_loaded,ex_post_descriptive,standard,MAE,14331,10,0.0006156989961505772,0.0006157802635368399,-8.126738626273652e-08,-7.62481524626288e-08,5
CP_REPO_RECENT_SLOPE,same_average_recent_front_loaded,ex_post_descriptive,standard,MSE,14331,10,1.732179693635762e-06,1.7348197438648347e-06,-2.6400502290726476e-09,-2.6768382596170325e-09,3
CP_REPO_RECENT_SLOPE,same_average_recent_front_loaded,ex_post_descriptive,standard,RMSE,14331,10,0.0013161229781581058,0.0013171255611614384,-1.0025830033326237e-06,-1.3410956317397066e-06,3
CP_REPO_RECENT_SLOPE,same_average_recent_front_loaded,ex_post_descriptive,standard,SMAPE,14331,10,93.68336123354462,93.6339673885913,0.04939384495331467,0.054675946058659976,4
CP_REPO_RECENT_SLOPE,stable_low_dispersion,ex_post_descriptive,high_vol_only,LOG_RV_MSE,13798,10,1.1365927010064192,1.7302383143329338,-0.5936456133265147,-0.560988406529064,3
CP_REPO_RECENT_SLOPE,stable_low_dispersion,ex_post_descriptive,high_vol_only,MAE,13798,10,0.0016297046728240819,0.0016225586861917842,7.145986632297631e-06,6.572956565453287e-06,9
CP_REPO_RECENT_SLOPE,stable_low_dispersion,ex_post_descriptive,high_vol_only,MSE,13798,10,1.7413305625955696e-05,1.737539563113815e-05,3.79099948175466e-08,3.6102282224236784e-08,6
CP_REPO_RECENT_SLOPE,stable_low_dispersion,ex_post_descriptive,high_vol_only,RMSE,13798,10,0.004172925307977091,0.004168380456620791,4.544851356300117e-06,3.8773478418938065e-06,6
CP_REPO_RECENT_SLOPE,stable_low_dispersion,ex_post_descriptive,high_vol_only,SMAPE,13798,10,72.78501202823047,72.5097827631163,0.275229265114163,0.12327373058039015,9
CP_REPO_RECENT_SLOPE,stable_low_dispersion,ex_post_descriptive,near_zero_excluded,LOG_RV_MSE,67129,10,23.025768102724278,23.442657914900597,-0.4168898121763185,-0.3567216312466944,4
CP_REPO_RECENT_SLOPE,stable_low_dispersion,ex_post_descriptive,near_zero_excluded,MAE,67129,10,0.0006391886576111414,0.0006404495640650044,-1.2609064538630314e-06,-9.63473343590314e-07,6
CP_REPO_RECENT_SLOPE,stable_low_dispersion,ex_post_descriptive,near_zero_excluded,MSE,67129,10,3.7891257013455223e-06,3.7858656616938003e-06,3.260039651721999e-09,3.099742573784832e-09,7
CP_REPO_RECENT_SLOPE,stable_low_dispersion,ex_post_descriptive,near_zero_excluded,RMSE,67129,10,0.0019465676719152413,0.0019457301101884095,8.375617268317759e-07,1.0205528082067958e-06,7
CP_REPO_RECENT_SLOPE,stable_low_dispersion,ex_post_descriptive,near_zero_excluded,SMAPE,67129,10,76.72229579638059,77.03819946878907,-0.3159036724084814,-0.3157697743726942,5
CP_REPO_RECENT_SLOPE,stable_low_dispersion,ex_post_descriptive,standard,LOG_RV_MSE,68968,10,30.904589905889917,31.29965847847451,-0.3950685725845915,-0.325281898927423,5
CP_REPO_RECENT_SLOPE,stable_low_dispersion,ex_post_descriptive,standard,MAE,68968,10,0.0006423459670206478,0.0006432030687480271,-8.571017273792825e-07,-6.269606905928091e-07,6
CP_REPO_RECENT_SLOPE,stable_low_dispersion,ex_post_descriptive,standard,MSE,68968,10,3.707039266768412e-06,3.7032270452014208e-06,3.812221566991191e-09,3.705657933124571e-09,8
CP_REPO_RECENT_SLOPE,stable_low_dispersion,ex_post_descriptive,standard,RMSE,68968,10,0.0019253673069750644,0.001924377053802456,9.90253172608287e-07,1.1277188090355188e-06,8
CP_REPO_RECENT_SLOPE,stable_low_dispersion,ex_post_descriptive,standard,SMAPE,68968,10,79.91610747922876,80.22106283124597,-0.3049553520172168,-0.30634274872462297,5
CP_REPO_RIDGE_OPS_C,all_observations,not_conditioned,high_vol_only,LOG_RV_MSE,73496,10,1.2429973656852933,1.8947330436922822,-0.651735678006989,-0.6515868219653818,0
CP_REPO_RIDGE_OPS_C,all_observations,not_conditioned,high_vol_only,MAE,73496,10,0.0013977588560373617,0.0013852925967874868,1.2466259249874862e-05,1.2465111648930342e-05,10
CP_REPO_RIDGE_OPS_C,all_observations,not_conditioned,high_vol_only,MSE,73496,10,9.91631467282196e-06,9.828216784242565e-06,8.809788857939512e-08,8.806952810288995e-08,10
CP_REPO_RIDGE_OPS_C,all_observations,not_conditioned,high_vol_only,RMSE,73496,10,0.0031490180489832003,0.0031349986896715863,1.401935931161398e-05,1.1813865572439692e-05,10
CP_REPO_RIDGE_OPS_C,all_observations,not_conditioned,high_vol_only,SMAPE,73496,10,74.02057589487282,73.36352667845738,0.6570492164154444,0.6570164880951281,10
CP_REPO_RIDGE_OPS_C,all_observations,not_conditioned,near_zero_excluded,LOG_RV_MSE,363794,10,84.08930450077095,84.41290428085232,-0.32359978008136636,-0.3352448340319296,4
CP_REPO_RIDGE_OPS_C,all_observations,not_conditioned,near_zero_excluded,MAE,363794,10,0.0005874977904224,0.0005859349731766633,1.5628172457367783e-06,1.5628380285434226e-06,8
CP_REPO_RIDGE_OPS_C,all_observations,not_conditioned,near_zero_excluded,MSE,363794,10,2.215330906486703e-06,2.19888072447355e-06,1.6450182013152824e-08,1.6385203117165673e-08,9
CP_REPO_RIDGE_OPS_C,all_observations,not_conditioned,near_zero_excluded,RMSE,363794,10,0.0014883987726703831,0.0014828623417140075,5.536430956375616e-06,4.610437389786475e-06,9
CP_REPO_RIDGE_OPS_C,all_observations,not_conditioned,near_zero_excluded,SMAPE,363794,10,99.92108203019059,100.19482167784814,-0.27373964765754977,-0.27242785528473945,1
CP_REPO_RIDGE_OPS_C,all_observations,not_conditioned,standard,LOG_RV_MSE,367468,10,86.0153296729766,86.30738817721846,-0.29205850424185087,-0.2920821542133023,4
CP_REPO_RIDGE_OPS_C,all_observations,not_conditioned,standard,MAE,367468,10,0.0005862627334133548,0.0005846303604628979,1.6323729504569761e-06,1.6324455561784816e-06,8
CP_REPO_RIDGE_OPS_C,all_observations,not_conditioned,standard,MSE,367468,10,2.195810003812886e-06,2.1794932084050202e-06,1.631679540786563e-08,1.6312144151993098e-08,9
CP_REPO_RIDGE_OPS_C,all_observations,not_conditioned,standard,RMSE,367468,10,0.0014818265768344438,0.0014763106747582029,5.515902076240952e-06,4.5994546364575595e-06,9
CP_REPO_RIDGE_OPS_C,all_observations,not_conditioned,standard,SMAPE,367468,10,100.87996480320403,101.14937874755827,-0.26941394435424115,-0.26927384339006866,1
CP_REPO_RIDGE_OPS_C,cluster_entry_loose,ex_post_descriptive,high_vol_only,LOG_RV_MSE,14694,10,1.332130441941895,1.6005605212902936,-0.2684300793483987,-0.268282169412881,4
CP_REPO_RIDGE_OPS_C,cluster_entry_loose,ex_post_descriptive,high_vol_only,MAE,14694,10,0.001784491149669092,0.0017642879661711889,2.0203183497903175e-05,2.020152593462406e-05,10
CP_REPO_RIDGE_OPS_C,cluster_entry_loose,ex_post_descriptive,high_vol_only,MSE,14694,10,1.032153994459627e-05,1.016881010296766e-05,1.527298416286098e-07,1.5271259361213303e-07,10
CP_REPO_RIDGE_OPS_C,cluster_entry_loose,ex_post_descriptive,high_vol_only,RMSE,14694,10,0.003212715353808406,0.003188857178201567,2.385817560683883e-05,2.089528833884903e-05,10
CP_REPO_RIDGE_OPS_C,cluster_entry_loose,ex_post_descriptive,high_vol_only,SMAPE,14694,10,84.8115403046506,83.77685865240602,1.0346816522445863,1.034635248865439,9
CP_REPO_RIDGE_OPS_C,cluster_entry_loose,ex_post_descriptive,near_zero_excluded,LOG_RV_MSE,72721,10,60.55015231484592,60.77721516468578,-0.2270628498398608,-0.23198222248903927,2
CP_REPO_RIDGE_OPS_C,cluster_entry_loose,ex_post_descriptive,near_zero_excluded,MAE,72721,10,0.0007578798738627712,0.000748197027465095,9.682846397676237e-06,9.710463638390633e-06,9
CP_REPO_RIDGE_OPS_C,cluster_entry_loose,ex_post_descriptive,near_zero_excluded,MSE,72721,10,2.4815741439829076e-06,2.4293912150386404e-06,5.218292894426726e-08,5.215957689477715e-08,9
CP_REPO_RIDGE_OPS_C,cluster_entry_loose,ex_post_descriptive,near_zero_excluded,RMSE,72721,10,0.0015753012867330831,0.0015586504467130018,1.665084002008127e-05,1.4360768377425696e-05,9
CP_REPO_RIDGE_OPS_C,cluster_entry_loose,ex_post_descriptive,near_zero_excluded,SMAPE,72721,10,92.54758699479648,92.28725102329314,0.26033597150333776,0.2623213254601353,8
CP_REPO_RIDGE_OPS_C,cluster_entry_loose,ex_post_descriptive,standard,LOG_RV_MSE,73457,10,62.079879723481234,62.292825772047784,-0.21294604856655042,-0.2130131595163279,2
CP_REPO_RIDGE_OPS_C,cluster_entry_loose,ex_post_descriptive,standard,MAE,73457,10,0.0007565085520951432,0.0007467280904434121,9.780461651731089e-06,9.780113758017583e-06,9
CP_REPO_RIDGE_OPS_C,cluster_entry_loose,ex_post_descriptive,standard,MSE,73457,10,2.4613245520281704e-06,2.4094012947852317e-06,5.1923257242938645e-08,5.191933316123617e-08,9
CP_REPO_RIDGE_OPS_C,cluster_entry_loose,ex_post_descriptive,standard,RMSE,73457,10,0.0015688609090764452,0.0015522246276828723,1.6636281393572934e-05,1.433988183803652e-05,9
CP_REPO_RIDGE_OPS_C,cluster_entry_loose,ex_post_descriptive,standard,SMAPE,73457,10,93.56088921296094,93.30118669046702,0.25970252249392445,0.2597316230004282,8
CP_REPO_RIDGE_OPS_C,cluster_entry_strict,ex_post_descriptive,high_vol_only,LOG_RV_MSE,14657,10,1.3342554638475268,1.603314242837789,-0.2690587789902621,-0.2685810764263145,4
CP_REPO_RIDGE_OPS_C,cluster_entry_strict,ex_post_descriptive,high_vol_only,MAE,14657,10,0.001787243329286434,0.0017668846332509558,2.035869603547822e-05,2.0359500996924796e-05,10
CP_REPO_RIDGE_OPS_C,cluster_entry_strict,ex_post_descriptive,high_vol_only,MSE,14657,10,1.034580321321044e-05,1.0192527315429281e-05,1.5327589778115835e-07,1.5326470553295208e-07,10
CP_REPO_RIDGE_OPS_C,cluster_entry_strict,ex_post_descriptive,high_vol_only,RMSE,14657,10,0.003216489268318867,0.0031925737760354544,2.3915492283412606e-05,2.094446279974488e-05,10
CP_REPO_RIDGE_OPS_C,cluster_entry_strict,ex_post_descriptive,high_vol_only,SMAPE,14657,10,84.88149633879505,83.8389748846923,1.04252145410274,1.0427956615094758,9
CP_REPO_RIDGE_OPS_C,cluster_entry_strict,ex_post_descriptive,near_zero_excluded,LOG_RV_MSE,72532,10,60.381173384259625,60.61037811081765,-0.2292047265580237,-0.2338369560218271,2
CP_REPO_RIDGE_OPS_C,cluster_entry_strict,ex_post_descriptive,near_zero_excluded,MAE,72532,10,0.0007588564320065486,0.0007491878848938045,9.66854711274411e-06,9.692993705651191e-06,9
CP_REPO_RIDGE_OPS_C,cluster_entry_strict,ex_post_descriptive,near_zero_excluded,MSE,72532,10,2.487464553071507e-06,2.435167715975158e-06,5.229683709634891e-08,5.2267501111882675e-08,9
CP_REPO_RIDGE_OPS_C,cluster_entry_strict,ex_post_descriptive,near_zero_excluded,RMSE,72532,10,0.0015771697920869228,0.0015605023921721997,1.6667399914723022e-05,1.4372276947833531e-05,9
CP_REPO_RIDGE_OPS_C,cluster_entry_strict,ex_post_descriptive,near_zero_excluded,SMAPE,72532,10,92.4997892944739,92.2459971211581,0.2537921733158015,0.2554365522793944,8
CP_REPO_RIDGE_OPS_C,cluster_entry_strict,ex_post_descriptive,standard,LOG_RV_MSE,73266,10,61.91279479782629,62.12776981072195,-0.214975012895664,-0.21478597929607926,2
CP_REPO_RIDGE_OPS_C,cluster_entry_strict,ex_post_descriptive,standard,MAE,73266,10,0.0007574764163155193,0.0007477102243934216,9.766191922097709e-06,9.763151918019491e-06,9
CP_REPO_RIDGE_OPS_C,cluster_entry_strict,ex_post_descriptive,standard,MSE,73266,10,2.4671601900807016e-06,2.4151248873952613e-06,5.2035302685440276e-08,5.2026774698073046e-08,9
CP_REPO_RIDGE_OPS_C,cluster_entry_strict,ex_post_descriptive,standard,RMSE,73266,10,0.0015707196408273189,0.0015540672081333102,1.665243269400869e-05,1.4351210875551376e-05,9
CP_REPO_RIDGE_OPS_C,cluster_entry_strict,ex_post_descriptive,standard,SMAPE,73266,10,93.51351872765494,93.26031896835572,0.2531997592992212,0.25311872365201965,8
CP_REPO_RIDGE_OPS_C,cluster_exit_loose,ex_post_descriptive,high_vol_only,LOG_RV_MSE,14693,10,1.1229862115788884,2.4970746136198287,-1.3740884020409403,-1.3734939746017645,0
CP_REPO_RIDGE_OPS_C,cluster_exit_loose,ex_post_descriptive,high_vol_only,MAE,14693,10,0.0015010885261131542,0.0014964447375419296,4.643788571224517e-06,4.646078762180877e-06,9
CP_REPO_RIDGE_OPS_C,cluster_exit_loose,ex_post_descriptive,high_vol_only,MSE,14693,10,1.2677943124526244e-05,1.259395178590769e-05,8.399133861855437e-08,8.394588603514566e-08,10
CP_REPO_RIDGE_OPS_C,cluster_exit_loose,ex_post_descriptive,high_vol_only,RMSE,14693,10,0.0035606099371492863,0.003548795821952524,1.1814115196762467e-05,9.435380382626437e-06,10
CP_REPO_RIDGE_OPS_C,cluster_exit_loose,ex_post_descriptive,high_vol_only,SMAPE,14693,10,73.70908084853484,73.98304937572514,-0.2739685271903056,-0.2736697571412975,2
CP_REPO_RIDGE_OPS_C,cluster_exit_loose,ex_post_descriptive,near_zero_excluded,LOG_RV_MSE,72719,10,80.20388218822569,80.88065688291259,-0.6767746946868982,-0.7075426872235273,5
CP_REPO_RIDGE_OPS_C,cluster_exit_loose,ex_post_descriptive,near_zero_excluded,MAE,72719,10,0.0006184788455707456,0.0006196791369135028,-1.2002913427572402e-06,-1.2373156170773671e-06,3
CP_REPO_RIDGE_OPS_C,cluster_exit_loose,ex_post_descriptive,near_zero_excluded,MSE,72719,10,2.7784093074004996e-06,2.7719194375738536e-06,6.489869826645978e-09,6.34224496397132e-09,5
CP_REPO_RIDGE_OPS_C,cluster_exit_loose,ex_post_descriptive,near_zero_excluded,RMSE,72719,10,0.0016668561147863063,0.0016649082369830036,1.947877803302675e-06,1.106366122818821e-06,5
CP_REPO_RIDGE_OPS_C,cluster_exit_loose,ex_post_descriptive,near_zero_excluded,SMAPE,72719,10,96.79268422556595,97.65383295550811,-0.8611487299421583,-0.8636854736781772,0
CP_REPO_RIDGE_OPS_C,cluster_exit_loose,ex_post_descriptive,standard,LOG_RV_MSE,73455,10,82.09800800629024,82.70352470634892,-0.6055167000586721,-0.6054225507580213,5
CP_REPO_RIDGE_OPS_C,cluster_exit_loose,ex_post_descriptive,standard,MAE,73455,10,0.0006171643472764074,0.0006181663427645231,-1.0019954881157e-06,-1.0017679345893852e-06,3
CP_REPO_RIDGE_OPS_C,cluster_exit_loose,ex_post_descriptive,standard,MSE,73455,10,2.7534877094946653e-06,2.7470495841862193e-06,6.4381253084459605e-09,6.430071585645242e-09,5
CP_REPO_RIDGE_OPS_C,cluster_exit_loose,ex_post_descriptive,standard,RMSE,73455,10,0.0016593636459482487,0.0016574225726067023,1.941073341546473e-06,1.1261693314512557e-06,5
CP_REPO_RIDGE_OPS_C,cluster_exit_loose,ex_post_descriptive,standard,SMAPE,73455,10,97.78270324564932,98.62897513279238,-0.846271887143061,-0.8459319180813936,0
CP_REPO_RIDGE_OPS_C,cluster_exit_strict,ex_post_descriptive,high_vol_only,LOG_RV_MSE,14671,10,1.121544847097662,2.4975530730959745,-1.3760082259983126,-1.3750819388870918,0
CP_REPO_RIDGE_OPS_C,cluster_exit_strict,ex_post_descriptive,high_vol_only,MAE,14671,10,0.0015007236426876971,0.0014960000369102285,4.723605777468649e-06,4.720709015742342e-06,9
CP_REPO_RIDGE_OPS_C,cluster_exit_strict,ex_post_descriptive,high_vol_only,MSE,14671,10,1.2686413406552538e-05,1.2602220206827766e-05,8.419319972477261e-08,8.413369288328013e-08,10
CP_REPO_RIDGE_OPS_C,cluster_exit_strict,ex_post_descriptive,high_vol_only,RMSE,14671,10,0.003561799181109533,0.0035499605922922253,1.1838588817307538e-05,9.453149503765466e-06,10
CP_REPO_RIDGE_OPS_C,cluster_exit_strict,ex_post_descriptive,high_vol_only,SMAPE,14671,10,73.684845994303,73.94910109072096,-0.26425509641795486,-0.2642706484114896,3
CP_REPO_RIDGE_OPS_C,cluster_exit_strict,ex_post_descriptive,near_zero_excluded,LOG_RV_MSE,72600,10,80.02173783897848,80.70416361674529,-0.6824257777668095,-0.7130446480806149,5
CP_REPO_RIDGE_OPS_C,cluster_exit_strict,ex_post_descriptive,near_zero_excluded,MAE,72600,10,0.0006184535179022776,0.0006196521307651334,-1.1986128628557313e-06,-1.2363359733917287e-06,3
CP_REPO_RIDGE_OPS_C,cluster_exit_strict,ex_post_descriptive,near_zero_excluded,MSE,72600,10,2.7805878498197563e-06,2.774076725401031e-06,6.511124418725203e-09,6.365708465182151e-09,5
CP_REPO_RIDGE_OPS_C,cluster_exit_strict,ex_post_descriptive,near_zero_excluded,RMSE,72600,10,0.0016675094751814027,0.001665555980866759,1.9534943146437556e-06,1.1108101702362314e-06,5
CP_REPO_RIDGE_OPS_C,cluster_exit_strict,ex_post_descriptive,near_zero_excluded,SMAPE,72600,10,96.72258691267511,97.58585650204402,-0.8632695893689117,-0.8659121534466578,0
CP_REPO_RIDGE_OPS_C,cluster_exit_strict,ex_post_descriptive,standard,LOG_RV_MSE,73334,10,81.90717235117306,82.51788362302182,-0.6107112718487571,-0.6105570146932168,5
CP_REPO_RIDGE_OPS_C,cluster_exit_strict,ex_post_descriptive,standard,MAE,73334,10,0.000617143413936819,0.0006181391252333312,-9.957112965121957e-07,-9.957234798597448e-07,3
CP_REPO_RIDGE_OPS_C,cluster_exit_strict,ex_post_descriptive,standard,MSE,73334,10,2.7556748132676994e-06,2.7492123647572104e-06,6.462448510488975e-09,6.456954136439702e-09,5
CP_REPO_RIDGE_OPS_C,cluster_exit_strict,ex_post_descriptive,standard,RMSE,73334,10,0.0016600225339638314,0.0016580748972097764,1.9476367540550554e-06,1.1317749888811637e-06,5
CP_REPO_RIDGE_OPS_C,cluster_exit_strict,ex_post_descriptive,standard,SMAPE,73334,10,97.71189563488282,98.56017478639237,-0.8482791515095442,-0.8479602149871994,0
CP_REPO_RIDGE_OPS_C,entry_with_recent_spike,ex_post_descriptive,high_vol_only,LOG_RV_MSE,8754,10,1.4736378437064515,1.700676178073093,-0.22703833436664156,-0.21710751628592834,3
CP_REPO_RIDGE_OPS_C,entry_with_recent_spike,ex_post_descriptive,high_vol_only,MAE,8754,10,0.0019315043244099452,0.0019154843837651831,1.6019940644762098e-05,1.584762360906973e-05,8
CP_REPO_RIDGE_OPS_C,entry_with_recent_spike,ex_post_descriptive,high_vol_only,MSE,8754,10,1.1146392096496613e-05,1.100177105214057e-05,1.4462104435604348e-07,1.4248756105051225e-07,8
CP_REPO_RIDGE_OPS_C,entry_with_recent_spike,ex_post_descriptive,high_vol_only,RMSE,8754,10,0.003338621286773421,0.0033168917757654633,2.1729511007957582e-05,1.7672955775366142e-05,8
CP_REPO_RIDGE_OPS_C,entry_with_recent_spike,ex_post_descriptive,high_vol_only,SMAPE,8754,10,87.65347704873638,87.21594671798299,0.43753033075338976,0.4467958531783509,6
CP_REPO_RIDGE_OPS_C,entry_with_recent_spike,ex_post_descriptive,near_zero_excluded,LOG_RV_MSE,43077,10,58.5073000988938,58.59656304754909,-0.08926294865528916,-0.1053466994829005,4
CP_REPO_RIDGE_OPS_C,entry_with_recent_spike,ex_post_descriptive,near_zero_excluded,MAE,43077,10,0.0008298909472286534,0.0008130341073788503,1.685683984980308e-05,1.669170615688301e-05,9
CP_REPO_RIDGE_OPS_C,entry_with_recent_spike,ex_post_descriptive,near_zero_excluded,MSE,43077,10,2.7524238027535856e-06,2.6842544544012946e-06,6.816934835229098e-08,6.764207173430289e-08,10
CP_REPO_RIDGE_OPS_C,entry_with_recent_spike,ex_post_descriptive,near_zero_excluded,RMSE,43077,10,0.0016590430382463215,0.0016383694499108846,2.0673588335436924e-05,1.8440801604133813e-05,10
CP_REPO_RIDGE_OPS_C,entry_with_recent_spike,ex_post_descriptive,near_zero_excluded,SMAPE,43077,10,93.4313578597661,92.84145207716607,0.5899057826000274,0.5920279069138829,9
CP_REPO_RIDGE_OPS_C,entry_with_recent_spike,ex_post_descriptive,standard,LOG_RV_MSE,43747,10,61.708962586389255,61.7618023014763,-0.0528397150870461,-0.06396128281676675,4
CP_REPO_RIDGE_OPS_C,entry_with_recent_spike,ex_post_descriptive,standard,MAE,43747,10,0.0008304363652918029,0.0008130946163590261,1.7341748932776834e-05,1.707511763597064e-05,9
CP_REPO_RIDGE_OPS_C,entry_with_recent_spike,ex_post_descriptive,standard,MSE,43747,10,2.7262690958934324e-06,2.6571271457999757e-06,6.914195009345677e-08,6.811348940268053e-08,10
CP_REPO_RIDGE_OPS_C,entry_with_recent_spike,ex_post_descriptive,standard,RMSE,43747,10,0.0016511417552389112,0.0016300696751366107,2.107208010230046e-05,1.869301055229274e-05,10
CP_REPO_RIDGE_OPS_C,entry_with_recent_spike,ex_post_descriptive,standard,SMAPE,43747,10,94.9939885723259,94.40898749447504,0.5850010778508619,0.5810818295376464,9
CP_REPO_RIDGE_OPS_C,entry_without_recent_spike,ex_post_descriptive,high_vol_only,LOG_RV_MSE,5946,10,1.1195692099524477,1.4547638081926073,-0.3351945982401596,-0.33612191783252826,7
CP_REPO_RIDGE_OPS_C,entry_without_recent_spike,ex_post_descriptive,high_vol_only,MAE,5946,10,0.0015570783495014973,0.0015300092586949233,2.7069090806574074e-05,2.749294274354563e-05,10
CP_REPO_RIDGE_OPS_C,entry_without_recent_spike,ex_post_descriptive,high_vol_only,MSE,5946,10,9.074816797282833e-06,8.909455390588525e-06,1.6536140669430794e-07,1.686407445912576e-07,10
CP_REPO_RIDGE_OPS_C,entry_without_recent_spike,ex_post_descriptive,high_vol_only,RMSE,5946,10,0.003012443658773195,0.0029848710844169674,2.7572574356227522e-05,2.5046195423190692e-05,10
CP_REPO_RIDGE_OPS_C,entry_without_recent_spike,ex_post_descriptive,high_vol_only,SMAPE,5946,10,80.3430946440876,78.30980441087542,2.0332902332121847,2.0577800865471714,10
CP_REPO_RIDGE_OPS_C,entry_without_recent_spike,ex_post_descriptive,near_zero_excluded,LOG_RV_MSE,29421,10,60.966920165964275,61.428845790402285,-0.46192562443800966,-0.47069278996517633,1
CP_REPO_RIDGE_OPS_C,entry_without_recent_spike,ex_post_descriptive,near_zero_excluded,MAE,29421,10,0.00064865090680092,0.0006499427483623363,-1.2918415614163094e-06,-1.3074757785060929e-06,3
CP_REPO_RIDGE_OPS_C,entry_without_recent_spike,ex_post_descriptive,near_zero_excluded,MSE,29421,10,2.0879985944370397e-06,2.0609084068676817e-06,2.7090187569357974e-08,2.7529603177319288e-08,8
CP_REPO_RIDGE_OPS_C,entry_without_recent_spike,ex_post_descriptive,near_zero_excluded,RMSE,29421,10,0.0014449908630981166,0.0014355864330884717,9.404430009644828e-06,7.349651209134907e-06,8
CP_REPO_RIDGE_OPS_C,entry_without_recent_spike,ex_post_descriptive,near_zero_excluded,SMAPE,29421,10,90.44189351704458,90.66320284690012,-0.22130932985554352,-0.22735534990949874,2
CP_REPO_RIDGE_OPS_C,entry_without_recent_spike,ex_post_descriptive,standard,LOG_RV_MSE,29710,10,62.62604303537494,63.07474040574314,-0.4486973703682011,-0.4514612260881073,1
CP_REPO_RIDGE_OPS_C,entry_without_recent_spike,ex_post_descriptive,standard,MAE,29710,10,0.0006476522732693516,0.000649005558998432,-1.3532857290804228e-06,-1.334467792301624e-06,3
CP_REPO_RIDGE_OPS_C,entry_without_recent_spike,ex_post_descriptive,standard,MSE,29710,10,2.071202405933468e-06,2.044633108843058e-06,2.6569297090409964e-08,2.7116187019749674e-08,8
CP_REPO_RIDGE_OPS_C,entry_without_recent_spike,ex_post_descriptive,standard,RMSE,29710,10,0.0014391672612776695,0.0014299066783685773,9.260582909092173e-06,7.2229399417033345e-06,8
CP_REPO_RIDGE_OPS_C,entry_without_recent_spike,ex_post_descriptive,standard,SMAPE,29710,10,91.450697436652,91.66998636152259,-0.2192889248705825,-0.2212400545918925,2
CP_REPO_RIDGE_OPS_C,high_within_block_dispersion,ex_post_descriptive,high_vol_only,LOG_RV_MSE,13800,10,1.347003340120205,3.955535567905665,-2.60853222778546,-2.4414393500950866,1
CP_REPO_RIDGE_OPS_C,high_within_block_dispersion,ex_post_descriptive,high_vol_only,MAE,13800,10,0.0010124910161190377,0.001028185326822151,-1.569431070311332e-05,-1.4709588362327489e-05,1
CP_REPO_RIDGE_OPS_C,high_within_block_dispersion,ex_post_descriptive,high_vol_only,MSE,13800,10,4.061123263348121e-06,4.0720520860470455e-06,-1.0928822698924069e-08,-1.0087352003625115e-08,4
CP_REPO_RIDGE_OPS_C,high_within_block_dispersion,ex_post_descriptive,high_vol_only,RMSE,13800,10,0.0020152228818044226,0.002017932626736345,-2.7097449319226155e-06,-2.80966013938217e-06,4
CP_REPO_RIDGE_OPS_C,high_within_block_dispersion,ex_post_descriptive,high_vol_only,SMAPE,13800,10,67.13010831164493,70.55548898441545,-3.4253806727705154,-3.1663184285400754,1
CP_REPO_RIDGE_OPS_C,high_within_block_dispersion,ex_post_descriptive,near_zero_excluded,LOG_RV_MSE,68602,10,133.4472628617705,133.79644820305194,-0.34918534128144074,-0.3400969329027072,6
CP_REPO_RIDGE_OPS_C,high_within_block_dispersion,ex_post_descriptive,near_zero_excluded,MAE,68602,10,0.000568649162840853,0.0005513203449702954,1.732881787055757e-05,1.64686615712765e-05,9
CP_REPO_RIDGE_OPS_C,high_within_block_dispersion,ex_post_descriptive,near_zero_excluded,MSE,68602,10,1.1270507328910632e-06,1.0944594379560071e-06,3.259129493505607e-08,3.08955465775694e-08,9
CP_REPO_RIDGE_OPS_C,high_within_block_dispersion,ex_post_descriptive,near_zero_excluded,RMSE,68602,10,0.0010616264563824054,0.0010461641544021697,1.546230198023568e-05,1.3221795431535396e-05,9
CP_REPO_RIDGE_OPS_C,high_within_block_dispersion,ex_post_descriptive,near_zero_excluded,SMAPE,68602,10,119.19625535916762,119.47309864820438,-0.27684328903676203,-0.25030377227059686,4
CP_REPO_RIDGE_OPS_C,high_within_block_dispersion,ex_post_descriptive,standard,LOG_RV_MSE,68970,10,134.1816042629971,134.48274119183574,-0.30113692883864474,-0.2755997726654405,6
CP_REPO_RIDGE_OPS_C,high_within_block_dispersion,ex_post_descriptive,standard,MAE,68970,10,0.0005686239437191444,0.0005511813966339626,1.7442547085181736e-05,1.656806957722357e-05,9
CP_REPO_RIDGE_OPS_C,high_within_block_dispersion,ex_post_descriptive,standard,MSE,68970,10,1.123133377256323e-06,1.0904700828462129e-06,3.266329441011002e-08,3.094229002506945e-08,9
CP_REPO_RIDGE_OPS_C,high_within_block_dispersion,ex_post_descriptive,standard,RMSE,68970,10,0.0010597798720754811,0.0010442557554766997,1.552411659878146e-05,1.3267200822830401e-05,9
CP_REPO_RIDGE_OPS_C,high_within_block_dispersion,ex_post_descriptive,standard,SMAPE,68970,10,119.60427234064147,119.87581839381642,-0.2715460531749443,-0.24681021316632723,4
CP_REPO_RIDGE_OPS_C,inflection_points,ex_post_descriptive,high_vol_only,LOG_RV_MSE,28984,10,1.1395945186365517,1.823556640753923,-0.6839621221173713,-0.682388041662753,1
CP_REPO_RIDGE_OPS_C,inflection_points,ex_post_descriptive,high_vol_only,MAE,28984,10,0.0015690861682796692,0.0015523035770708639,1.6782591208805344e-05,1.6336172115528868e-05,10
CP_REPO_RIDGE_OPS_C,inflection_points,ex_post_descriptive,high_vol_only,MSE,28984,10,1.1258143057283103e-05,1.1131724327418347e-05,1.2641872986475524e-07,1.2280455003764336e-07,10
CP_REPO_RIDGE_OPS_C,inflection_points,ex_post_descriptive,high_vol_only,RMSE,28984,10,0.0033553156419751486,0.0033364238830547815,1.8891758920367135e-05,1.5845251763951102e-05,10
CP_REPO_RIDGE_OPS_C,inflection_points,ex_post_descriptive,high_vol_only,SMAPE,28984,10,77.5511484641698,76.58806403090286,0.9630844332669426,0.9425718634481853,10
CP_REPO_RIDGE_OPS_C,inflection_points,ex_post_descriptive,near_zero_excluded,LOG_RV_MSE,143375,10,58.64300646845435,59.06386657027985,-0.4208601018254967,-0.41979834228051505,4
CP_REPO_RIDGE_OPS_C,inflection_points,ex_post_descriptive,near_zero_excluded,MAE,143375,10,0.0006543332064361158,0.0006532279754540637,1.1052309820521128e-06,1.0105351995612425e-06,5
CP_REPO_RIDGE_OPS_C,inflection_points,ex_post_descriptive,near_zero_excluded,MSE,143375,10,2.5404502226370316e-06,2.5176410305125365e-06,2.2809192124495114e-08,2.1925960392241282e-08,9
CP_REPO_RIDGE_OPS_C,inflection_points,ex_post_descriptive,near_zero_excluded,RMSE,143375,10,0.0015938789861959506,0.0015867076071263214,7.171379069629245e-06,5.6384790599242085e-06,9
CP_REPO_RIDGE_OPS_C,inflection_points,ex_post_descriptive,near_zero_excluded,SMAPE,143375,10,90.02958355319511,90.32810274309297,-0.29851918989785986,-0.29618003629470024,0
CP_REPO_RIDGE_OPS_C,inflection_points,ex_post_descriptive,standard,LOG_RV_MSE,144886,10,60.506791384132924,60.894138305030296,-0.38734692089737166,-0.37416071222862823,4
CP_REPO_RIDGE_OPS_C,inflection_points,ex_post_descriptive,standard,MAE,144886,10,0.0006529679144583394,0.0006517039401569316,1.2639743014078268e-06,1.1774684495722431e-06,7
CP_REPO_RIDGE_OPS_C,inflection_points,ex_post_descriptive,standard,MSE,144886,10,2.5174090289669973e-06,2.494715999094814e-06,2.269302987218329e-08,2.198322174912322e-08,9
CP_REPO_RIDGE_OPS_C,inflection_points,ex_post_descriptive,standard,RMSE,144886,10,0.0015866344975976657,0.0015794669984190279,7.167499178637859e-06,5.66858676778489e-06,9
CP_REPO_RIDGE_OPS_C,inflection_points,ex_post_descriptive,standard,SMAPE,144886,10,91.11849778030444,91.40786129100005,-0.2893635106956083,-0.2861732876166812,0
CP_REPO_RIDGE_OPS_C,older_spike_position,ex_post_descriptive,high_vol_only,LOG_RV_MSE,21781,10,1.1395303095276075,2.152520072504997,-1.0129897629773896,-0.9950414718137367,0
CP_REPO_RIDGE_OPS_C,older_spike_position,ex_post_descriptive,high_vol_only,MAE,21781,10,0.0013486758957650074,0.0013444634701426518,4.212425622355685e-06,3.955351577032007e-06,8
CP_REPO_RIDGE_OPS_C,older_spike_position,ex_post_descriptive,high_vol_only,MSE,21781,10,1.069141300105579e-05,1.062769339240447e-05,6.37196086513208e-08,6.11209070411424e-08,8
CP_REPO_RIDGE_OPS_C,older_spike_position,ex_post_descriptive,high_vol_only,RMSE,21781,10,0.0032697726222255565,0.003260014323956947,9.758298268609366e-06,7.530174562545932e-06,8
CP_REPO_RIDGE_OPS_C,older_spike_position,ex_post_descriptive,high_vol_only,SMAPE,21781,10,69.8626302544199,70.07612849274284,-0.21349823832294135,-0.24840912488114456,5
CP_REPO_RIDGE_OPS_C,older_spike_position,ex_post_descriptive,near_zero_excluded,LOG_RV_MSE,107788,10,78.34423187563695,78.75445874531341,-0.41022686967646393,-0.4111513640099428,5
CP_REPO_RIDGE_OPS_C,older_spike_position,ex_post_descriptive,near_zero_excluded,MAE,107788,10,0.0005714781969803931,0.0005714680336615021,1.016331889101222e-08,4.297182070723789e-08,5
CP_REPO_RIDGE_OPS_C,older_spike_position,ex_post_descriptive,near_zero_excluded,MSE,107788,10,2.346475802604796e-06,2.3388693382976594e-06,7.606464307136566e-09,7.211616390609993e-09,8
CP_REPO_RIDGE_OPS_C,older_spike_position,ex_post_descriptive,near_zero_excluded,RMSE,107788,10,0.0015318210739524365,0.0015293362410855437,2.48483286689272e-06,1.7715263989559503e-06,8
CP_REPO_RIDGE_OPS_C,older_spike_position,ex_post_descriptive,near_zero_excluded,SMAPE,107788,10,96.43669126169502,97.00055415426807,-0.5638628925730558,-0.5505612539691583,0
CP_REPO_RIDGE_OPS_C,older_spike_position,ex_post_descriptive,standard,LOG_RV_MSE,108871,10,80.56611776174127,80.92100162737744,-0.35488386563616814,-0.3342233969841512,5
CP_REPO_RIDGE_OPS_C,older_spike_position,ex_post_descriptive,standard,MAE,108871,10,0.0005701423444680369,0.0005700230110860351,1.1933338200183132e-07,1.638914149002603e-07,5
CP_REPO_RIDGE_OPS_C,older_spike_position,ex_post_descriptive,standard,MSE,108871,10,2.3254307190849205e-06,2.317897019486278e-06,7.533699598642534e-09,7.203612631063248e-09,8
CP_REPO_RIDGE_OPS_C,older_spike_position,ex_post_descriptive,standard,RMSE,108871,10,0.0015249363000089285,0.0015224641274875013,2.4721725214271566e-06,1.772750795012043e-06,8
CP_REPO_RIDGE_OPS_C,older_spike_position,ex_post_descriptive,standard,SMAPE,108871,10,97.43444157677632,97.98939420583544,-0.554952629059116,-0.5430597654354997,0
CP_REPO_RIDGE_OPS_C,recent_ramp_high_dispersion,ex_post_descriptive,high_vol_only,LOG_RV_MSE,4860,10,1.422541686129273,1.426594650528862,-0.004052964399589021,0.0065774348039079,2
CP_REPO_RIDGE_OPS_C,recent_ramp_high_dispersion,ex_post_descriptive,high_vol_only,MAE,4860,10,0.0014613955477391944,0.0014553054274040618,6.090120335132529e-06,6.290694896450675e-06,6
CP_REPO_RIDGE_OPS_C,recent_ramp_high_dispersion,ex_post_descriptive,high_vol_only,MSE,4860,10,5.9629586828906324e-06,5.900474565692474e-06,6.248411719815882e-08,6.09250379620114e-08,7
CP_REPO_RIDGE_OPS_C,recent_ramp_high_dispersion,ex_post_descriptive,high_vol_only,RMSE,4860,10,0.0024419170098286783,0.0024290892461357764,1.2827763692901863e-05,1.1860103693866964e-05,7
CP_REPO_RIDGE_OPS_C,recent_ramp_high_dispersion,ex_post_descriptive,high_vol_only,SMAPE,4860,10,76.48024025708399,77.15193452000658,-0.6716942629225855,-0.6041238550946233,3
CP_REPO_RIDGE_OPS_C,recent_ramp_high_dispersion,ex_post_descriptive,near_zero_excluded,LOG_RV_MSE,24128,10,114.11256475334159,114.10226823982916,0.010296513512429328,0.02061275588070286,5
CP_REPO_RIDGE_OPS_C,recent_ramp_high_dispersion,ex_post_descriptive,near_zero_excluded,MAE,24128,10,0.0007928593927930361,0.0007598334331298488,3.3025959663187244e-05,3.259543079667435e-05,9
CP_REPO_RIDGE_OPS_C,recent_ramp_high_dispersion,ex_post_descriptive,near_zero_excluded,MSE,24128,10,1.8154479400161009e-06,1.7165990264345572e-06,9.88489135815437e-08,9.810985715354682e-08,10
CP_REPO_RIDGE_OPS_C,recent_ramp_high_dispersion,ex_post_descriptive,near_zero_excluded,RMSE,24128,10,0.0013473855944072211,0.001310190454260203,3.719514014701819e-05,3.256095520144062e-05,10
CP_REPO_RIDGE_OPS_C,recent_ramp_high_dispersion,ex_post_descriptive,near_zero_excluded,SMAPE,24128,10,117.97303253465954,116.87422907931737,1.0988034553421642,1.0739449736324516,8
CP_REPO_RIDGE_OPS_C,recent_ramp_high_dispersion,ex_post_descriptive,standard,LOG_RV_MSE,24273,10,114.68887161199063,114.65671451844516,0.03215709354547869,0.04161056475539855,5
CP_REPO_RIDGE_OPS_C,recent_ramp_high_dispersion,ex_post_descriptive,standard,MAE,24273,10,0.0007926212485103804,0.0007594727764327734,3.314847207760703e-05,3.261981811578857e-05,9
CP_REPO_RIDGE_OPS_C,recent_ramp_high_dispersion,ex_post_descriptive,standard,MSE,24273,10,1.8086202642090091e-06,1.7097690482642833e-06,9.885121594472589e-08,9.799496009703615e-08,10
CP_REPO_RIDGE_OPS_C,recent_ramp_high_dispersion,ex_post_descriptive,standard,RMSE,24273,10,0.001344849532181578,0.0013075813734771092,3.726815870446886e-05,3.25819050491109e-05,10
CP_REPO_RIDGE_OPS_C,recent_ramp_high_dispersion,ex_post_descriptive,standard,SMAPE,24273,10,118.4281414949415,117.33167171870826,1.096469776233235,1.065807667090759,8
CP_REPO_RIDGE_OPS_C,recent_spike_position,ex_post_descriptive,high_vol_only,LOG_RV_MSE,41263,10,133.60326357120792,133.91872495026584,-0.31546137905792193,-0.46888654728011964,1
CP_REPO_RIDGE_OPS_C,recent_spike_position,ex_post_descriptive,high_vol_only,MAE,41263,10,0.0009278329622731831,0.0009214233895907351,6.409572682447985e-06,1.2128700937837488e-05,7
CP_REPO_RIDGE_OPS_C,recent_spike_position,ex_post_descriptive,high_vol_only,MSE,41263,10,5.620772726690841e-06,5.567034840991794e-06,5.373788569904709e-08,9.954889048132396e-08,8
CP_REPO_RIDGE_OPS_C,recent_spike_position,ex_post_descriptive,high_vol_only,RMSE,41263,10,0.002370816890164831,0.0023594564715187674,1.1360418646063752e-05,1.3248249191634139e-05,8
CP_REPO_RIDGE_OPS_C,recent_spike_position,ex_post_descriptive,high_vol_only,SMAPE,41263,10,126.75937020163306,126.5308781666631,0.2284920349699604,0.33572304096208117,7
CP_REPO_RIDGE_OPS_C,recent_spike_position,ex_post_descriptive,near_zero_excluded,LOG_RV_MSE,124205,10,108.09331457411457,108.1880218169272,-0.09470724281263188,-0.13212339638118456,3
CP_REPO_RIDGE_OPS_C,recent_spike_position,ex_post_descriptive,near_zero_excluded,MAE,124205,10,0.0006101040586077684,0.0006032054182747604,6.898640333007945e-06,7.5230697755278084e-06,9
CP_REPO_RIDGE_OPS_C,recent_spike_position,ex_post_descriptive,near_zero_excluded,MSE,124205,10,2.122274233945656e-06,2.0929638176384003e-06,2.931041630725566e-08,3.269039587209038e-08,10
CP_REPO_RIDGE_OPS_C,recent_spike_position,ex_post_descriptive,near_zero_excluded,RMSE,124205,10,0.0014568027436635531,0.0014467079240947014,1.0094819568851792e-05,9.696473472661434e-06,10
CP_REPO_RIDGE_OPS_C,recent_spike_position,ex_post_descriptive,near_zero_excluded,SMAPE,124205,10,110.75903396715827,110.63790669975411,0.12112726740416235,0.1338569019329256,7
CP_REPO_RIDGE_OPS_C,recent_spike_position,ex_post_descriptive,standard,LOG_RV_MSE,125358,10,109.41387331267963,109.49356493741473,-0.07969162473510494,-0.10943895585534325,3
CP_REPO_RIDGE_OPS_C,recent_spike_position,ex_post_descriptive,standard,MAE,125358,10,0.0006091827784219505,0.000602177015253405,7.005763168545535e-06,7.606913512150592e-06,9
CP_REPO_RIDGE_OPS_C,recent_spike_position,ex_post_descriptive,standard,MSE,125358,10,2.1057111020059574e-06,2.0764501046752854e-06,2.9260997330672083e-08,3.262576143269873e-08,10
CP_REPO_RIDGE_OPS_C,recent_spike_position,ex_post_descriptive,standard,RMSE,125358,10,0.00145110685409654,0.0014409892798613337,1.0117574235206286e-05,9.71868384100177e-06,10
CP_REPO_RIDGE_OPS_C,recent_spike_position,ex_post_descriptive,standard,SMAPE,125358,10,111.53126331543436,111.40928869796136,0.12197461747300054,0.13036473227400763,7
CP_REPO_RIDGE_OPS_C,same_average_back_loaded,ex_post_descriptive,high_vol_only,LOG_RV_MSE,5089,10,148.22928488392745,147.6946564245401,0.5346284593873349,-0.3728440364405369,6
CP_REPO_RIDGE_OPS_C,same_average_back_loaded,ex_post_descriptive,high_vol_only,MAE,5089,10,0.00079502070058517,0.000788197862913526,6.822837671643933e-06,8.251109678136821e-06,7
CP_REPO_RIDGE_OPS_C,same_average_back_loaded,ex_post_descriptive,high_vol_only,MSE,5089,10,5.436331053659615e-06,5.3946713716473625e-06,4.165968201225236e-08,7.366385599223924e-08,9
CP_REPO_RIDGE_OPS_C,same_average_back_loaded,ex_post_descriptive,high_vol_only,RMSE,5089,10,0.0023315941013949265,0.002322643186468245,8.950914926681482e-06,1.0712424453167463e-05,9
CP_REPO_RIDGE_OPS_C,same_average_back_loaded,ex_post_descriptive,high_vol_only,SMAPE,5089,10,125.47402771920483,125.3172819071963,0.15674581200852344,0.22985626930784306,7
CP_REPO_RIDGE_OPS_C,same_average_back_loaded,ex_post_descriptive,near_zero_excluded,LOG_RV_MSE,15487,10,124.26141461023107,124.07261314491954,0.18880146531152775,0.03262069119790667,8
CP_REPO_RIDGE_OPS_C,same_average_back_loaded,ex_post_descriptive,near_zero_excluded,MAE,15487,10,0.000527741419898501,0.0005263558183561265,1.3856015423745205e-06,1.0213994285145582e-06,6
CP_REPO_RIDGE_OPS_C,same_average_back_loaded,ex_post_descriptive,near_zero_excluded,MSE,15487,10,1.938986808645503e-06,1.929237558459951e-06,9.74925018555212e-09,1.040997647127444e-08,9
CP_REPO_RIDGE_OPS_C,same_average_back_loaded,ex_post_descriptive,near_zero_excluded,RMSE,15487,10,0.0013924750657176965,0.0013889699631237354,3.5051025939611055e-06,3.238868472604404e-06,9
CP_REPO_RIDGE_OPS_C,same_average_back_loaded,ex_post_descriptive,near_zero_excluded,SMAPE,15487,10,115.21629356973736,115.33237245488078,-0.11607888514342335,-0.14403519386167857,4
CP_REPO_RIDGE_OPS_C,same_average_back_loaded,ex_post_descriptive,standard,LOG_RV_MSE,15559,10,124.77448379663251,124.57933828479162,0.19514551184089157,0.0432374032392147,8
CP_REPO_RIDGE_OPS_C,same_average_back_loaded,ex_post_descriptive,standard,MAE,15559,10,0.0005277712464133768,0.0005263551308884067,1.4161155249700847e-06,1.064117703421477e-06,6
CP_REPO_RIDGE_OPS_C,same_average_back_loaded,ex_post_descriptive,standard,MSE,15559,10,1.931432277016903e-06,1.9217411262309364e-06,9.691150785966496e-09,1.0364940199741198e-08,9
CP_REPO_RIDGE_OPS_C,same_average_back_loaded,ex_post_descriptive,standard,RMSE,15559,10,0.0013897597911210781,0.0013862687784953307,3.4910126257474503e-06,3.2276360911175864e-06,9
CP_REPO_RIDGE_OPS_C,same_average_back_loaded,ex_post_descriptive,standard,SMAPE,15559,10,115.5837931550299,115.69906080887742,-0.1152676538475248,-0.14506787998520282,4
CP_REPO_RIDGE_OPS_C,same_average_different_path,ex_post_descriptive,high_vol_only,LOG_RV_MSE,1483,10,1.176451606646611,1.8475195908368416,-0.6710679841902305,-0.665887967804222,2
CP_REPO_RIDGE_OPS_C,same_average_different_path,ex_post_descriptive,high_vol_only,MAE,1483,10,0.0012308421833447504,0.0012318423031152422,-1.0001197704918342e-06,-3.118777102385816e-06,5
CP_REPO_RIDGE_OPS_C,same_average_different_path,ex_post_descriptive,high_vol_only,MSE,1483,10,5.424646643583948e-06,5.4276694697409826e-06,-3.0228261570342083e-09,-8.726532480154388e-09,4
CP_REPO_RIDGE_OPS_C,same_average_different_path,ex_post_descriptive,high_vol_only,RMSE,1483,10,0.0023290870837270015,0.00232973592274768,-6.488390206782491e-07,-2.993770248458055e-06,4
CP_REPO_RIDGE_OPS_C,same_average_different_path,ex_post_descriptive,high_vol_only,SMAPE,1483,10,78.26623100008541,78.75090564227706,-0.48467464219164924,-0.6685589812596995,4
CP_REPO_RIDGE_OPS_C,same_average_different_path,ex_post_descriptive,near_zero_excluded,LOG_RV_MSE,7368,10,130.5647982605645,129.98752529267034,0.577272967894146,0.3970972323193661,9
CP_REPO_RIDGE_OPS_C,same_average_different_path,ex_post_descriptive,near_zero_excluded,MAE,7368,10,0.0005432933685073359,0.0005357009886149427,7.5923798923932095e-06,7.073881353080635e-06,9
CP_REPO_RIDGE_OPS_C,same_average_different_path,ex_post_descriptive,near_zero_excluded,MSE,7368,10,1.25033332979528e-06,1.2454098542464874e-06,4.923475548792726e-09,3.7521025659177044e-09,7
CP_REPO_RIDGE_OPS_C,same_average_different_path,ex_post_descriptive,near_zero_excluded,RMSE,7368,10,0.0011181830484295852,0.0011159793251877418,2.2037232418434683e-06,1.1972696694259533e-06,7
CP_REPO_RIDGE_OPS_C,same_average_different_path,ex_post_descriptive,near_zero_excluded,SMAPE,7368,10,117.07922485099387,116.66479800523737,0.4144268457564948,0.4235578536768543,9
CP_REPO_RIDGE_OPS_C,same_average_different_path,ex_post_descriptive,standard,LOG_RV_MSE,7396,10,131.0538149663491,130.46764191915437,0.586173047194734,0.4120443797993737,9
CP_REPO_RIDGE_OPS_C,same_average_different_path,ex_post_descriptive,standard,MAE,7396,10,0.000543100371193495,0.0005354380316238906,7.662339569604391e-06,7.210918475269079e-06,10
CP_REPO_RIDGE_OPS_C,same_average_different_path,ex_post_descriptive,standard,MSE,7396,10,1.2465643227993336e-06,1.2416005153915575e-06,4.963807407776119e-09,3.866360126310926e-09,7
CP_REPO_RIDGE_OPS_C,same_average_different_path,ex_post_descriptive,standard,RMSE,7396,10,0.0011164964499716663,0.001114271293443189,2.225156528477259e-06,1.2518163207689758e-06,7
CP_REPO_RIDGE_OPS_C,same_average_different_path,ex_post_descriptive,standard,SMAPE,7396,10,117.3731818015564,116.95964952063727,0.41353228091912797,0.42364412105331584,9
CP_REPO_RIDGE_OPS_C,same_average_recent_front_loaded,ex_post_descriptive,high_vol_only,LOG_RV_MSE,2870,10,1.4580562797951269,2.080218099894739,-0.6221618200996122,-0.596189234938773,5
CP_REPO_RIDGE_OPS_C,same_average_recent_front_loaded,ex_post_descriptive,high_vol_only,MAE,2870,10,0.0016073033120725894,0.0015990827669112402,8.220545161349195e-06,8.29573467479982e-06,8
CP_REPO_RIDGE_OPS_C,same_average_recent_front_loaded,ex_post_descriptive,high_vol_only,MSE,2870,10,7.781371153816655e-06,7.723529622870303e-06,5.784153094635199e-08,5.8091814004143005e-08,9
CP_REPO_RIDGE_OPS_C,same_average_recent_front_loaded,ex_post_descriptive,high_vol_only,RMSE,2870,10,0.0027895109165975056,0.0027791238948399375,1.0387021757568126e-05,8.163956935342876e-06,9
CP_REPO_RIDGE_OPS_C,same_average_recent_front_loaded,ex_post_descriptive,high_vol_only,SMAPE,2870,10,94.65986103058924,94.1639760340963,0.49588499649294704,0.5125090204122017,8
CP_REPO_RIDGE_OPS_C,same_average_recent_front_loaded,ex_post_descriptive,near_zero_excluded,LOG_RV_MSE,14110,10,61.51306201248259,61.76818694342709,-0.25512493094449695,-0.2729659997592201,3
CP_REPO_RIDGE_OPS_C,same_average_recent_front_loaded,ex_post_descriptive,near_zero_excluded,MAE,14110,10,0.0006158783010104141,0.0006150117493438484,8.665516665657021e-07,7.58202303207753e-07,6
CP_REPO_RIDGE_OPS_C,same_average_recent_front_loaded,ex_post_descriptive,near_zero_excluded,MSE,14110,10,1.7527220781628603e-06,1.7422444017032468e-06,1.0477676459613483e-08,1.0474250669248499e-08,9
CP_REPO_RIDGE_OPS_C,same_average_recent_front_loaded,ex_post_descriptive,near_zero_excluded,RMSE,14110,10,0.0013239041045947626,0.0013199410599353469,3.963044659415762e-06,3.2210625549546047e-06,9
CP_REPO_RIDGE_OPS_C,same_average_recent_front_loaded,ex_post_descriptive,near_zero_excluded,SMAPE,14110,10,92.08728032701002,92.17688114229219,-0.0896008152821679,-0.09144484187751942,3
CP_REPO_RIDGE_OPS_C,same_average_recent_front_loaded,ex_post_descriptive,standard,LOG_RV_MSE,14331,10,65.0327606534289,65.2584189532615,-0.22565829983260244,-0.24200679647362602,3
CP_REPO_RIDGE_OPS_C,same_average_recent_front_loaded,ex_post_descriptive,standard,MAE,14331,10,0.0006156989961505772,0.0006145283599021818,1.170636248395431e-06,1.0573160770905563e-06,6
CP_REPO_RIDGE_OPS_C,same_average_recent_front_loaded,ex_post_descriptive,standard,MSE,14331,10,1.732179693635762e-06,1.7214830650509652e-06,1.0696628584796848e-08,1.0660367178293666e-08,9
CP_REPO_RIDGE_OPS_C,same_average_recent_front_loaded,ex_post_descriptive,standard,RMSE,14331,10,0.0013161229781581058,0.001312052996281387,4.069981876718811e-06,3.3241762465738376e-06,9
CP_REPO_RIDGE_OPS_C,same_average_recent_front_loaded,ex_post_descriptive,standard,SMAPE,14331,10,93.68336123354462,93.77020049333319,-0.08683925978857587,-0.08955589875814951,3
CP_REPO_RIDGE_OPS_C,stable_low_dispersion,ex_post_descriptive,high_vol_only,LOG_RV_MSE,13798,10,1.1365927010064192,1.517267912033947,-0.38067521102752777,-0.3778805867369749,4
CP_REPO_RIDGE_OPS_C,stable_low_dispersion,ex_post_descriptive,high_vol_only,MAE,13798,10,0.0016297046728240819,0.0015960820870119412,3.362258581214063e-05,3.187966486149346e-05,9
CP_REPO_RIDGE_OPS_C,stable_low_dispersion,ex_post_descriptive,high_vol_only,MSE,13798,10,1.7413305625955696e-05,1.7184410460595122e-05,2.2889516536057407e-07,2.1672005327758977e-07,9
CP_REPO_RIDGE_OPS_C,stable_low_dispersion,ex_post_descriptive,high_vol_only,RMSE,13798,10,0.004172925307977091,0.004145408358725967,2.7516949251123884e-05,2.2261015647760918e-05,9
CP_REPO_RIDGE_OPS_C,stable_low_dispersion,ex_post_descriptive,high_vol_only,SMAPE,13798,10,72.78501202823047,70.45746667470584,2.327545353524627,2.16744908700802,9
CP_REPO_RIDGE_OPS_C,stable_low_dispersion,ex_post_descriptive,near_zero_excluded,LOG_RV_MSE,67129,10,23.025768102724278,23.437881007779378,-0.4121129050550998,-0.3904313362112159,2
CP_REPO_RIDGE_OPS_C,stable_low_dispersion,ex_post_descriptive,near_zero_excluded,MAE,67129,10,0.0006391886576111414,0.0006454676923155153,-6.279034704373908e-06,-6.025309044999035e-06,1
CP_REPO_RIDGE_OPS_C,stable_low_dispersion,ex_post_descriptive,near_zero_excluded,MSE,67129,10,3.7891257013455223e-06,3.7629849469334295e-06,2.6140754412092835e-08,2.4724653364872048e-08,9
CP_REPO_RIDGE_OPS_C,stable_low_dispersion,ex_post_descriptive,near_zero_excluded,RMSE,67129,10,0.0019465676719152413,0.001939841474691535,6.726197223706201e-06,5.356148457440039e-06,9
CP_REPO_RIDGE_OPS_C,stable_low_dispersion,ex_post_descriptive,near_zero_excluded,SMAPE,67129,10,76.72229579638059,77.14132657774238,-0.4190307813617835,-0.41250221888225125,0
CP_REPO_RIDGE_OPS_C,stable_low_dispersion,ex_post_descriptive,standard,LOG_RV_MSE,68968,10,30.904589905889917,31.29697623622568,-0.3923863303357642,-0.3669941511503881,2
CP_REPO_RIDGE_OPS_C,stable_low_dispersion,ex_post_descriptive,standard,MAE,68968,10,0.0006423459670206478,0.0006488348750803286,-6.488908059680749e-06,-6.1945291560676526e-06,1
CP_REPO_RIDGE_OPS_C,stable_low_dispersion,ex_post_descriptive,standard,MSE,68968,10,3.707039266768412e-06,3.6826567283778073e-06,2.4382538390604696e-08,2.30564045856046e-08,9
CP_REPO_RIDGE_OPS_C,stable_low_dispersion,ex_post_descriptive,standard,RMSE,68968,10,0.0019253673069750644,0.0019190249420937204,6.342364881343999e-06,5.053734426000323e-06,9
CP_REPO_RIDGE_OPS_C,stable_low_dispersion,ex_post_descriptive,standard,SMAPE,68968,10,79.91610747922876,80.32692119000687,-0.4108137107781147,-0.4039764695906129,0
CP_REPO_RIDGE_OPS_R,all_observations,not_conditioned,high_vol_only,LOG_RV_MSE,73496,10,1.2429973656852933,1.4488421689189575,-0.20584480323366416,-0.2057161003464044,3
CP_REPO_RIDGE_OPS_R,all_observations,not_conditioned,high_vol_only,MAE,73496,10,0.0013977588560373617,0.0013967359877419961,1.022868295365558e-06,1.0232290887920189e-06,8
CP_REPO_RIDGE_OPS_R,all_observations,not_conditioned,high_vol_only,MSE,73496,10,9.91631467282196e-06,9.911605669414635e-06,4.70900340732531e-09,4.707040435682146e-09,9
CP_REPO_RIDGE_OPS_R,all_observations,not_conditioned,high_vol_only,RMSE,73496,10,0.0031490180489832003,0.003148270266259655,7.477827235454274e-07,7.205936216943309e-07,9
CP_REPO_RIDGE_OPS_R,all_observations,not_conditioned,high_vol_only,SMAPE,73496,10,74.02057589487282,73.98355520632353,0.037020688549290526,0.03706841779347485,7
CP_REPO_RIDGE_OPS_R,all_observations,not_conditioned,near_zero_excluded,LOG_RV_MSE,363794,10,84.08930450077095,84.2352666443672,-0.14596214359625037,-0.1490692694908784,3
CP_REPO_RIDGE_OPS_R,all_observations,not_conditioned,near_zero_excluded,MAE,363794,10,0.0005874977904224,0.0005881367749019226,-6.389844795226052e-07,-6.402893817570492e-07,1
CP_REPO_RIDGE_OPS_R,all_observations,not_conditioned,near_zero_excluded,MSE,363794,10,2.215330906486703e-06,2.215058690881741e-06,2.72215604961866e-10,2.735392817469059e-10,8
CP_REPO_RIDGE_OPS_R,all_observations,not_conditioned,near_zero_excluded,RMSE,363794,10,0.0014883987726703831,0.0014883073240704492,9.144859993391596e-08,8.258536955561748e-08,8
CP_REPO_RIDGE_OPS_R,all_observations,not_conditioned,near_zero_excluded,SMAPE,363794,10,99.92108203019059,100.05703496037498,-0.1359529301843878,-0.13688754089732386,1
CP_REPO_RIDGE_OPS_R,all_observations,not_conditioned,standard,LOG_RV_MSE,367468,10,86.0153296729766,86.15822486251685,-0.1428951895402406,-0.14286548652386966,3
CP_REPO_RIDGE_OPS_R,all_observations,not_conditioned,standard,MAE,367468,10,0.0005862627334133548,0.0005868922601713002,-6.295267579453515e-07,-6.292575603954556e-07,1
CP_REPO_RIDGE_OPS_R,all_observations,not_conditioned,standard,MSE,367468,10,2.195810003812886e-06,2.1955394947486063e-06,2.7050906427951245e-10,2.70319968637081e-10,8
CP_REPO_RIDGE_OPS_R,all_observations,not_conditioned,standard,RMSE,367468,10,0.0014818265768344438,0.0014817352984756104,9.127835883340242e-08,8.185758337156489e-08,8
CP_REPO_RIDGE_OPS_R,all_observations,not_conditioned,standard,SMAPE,367468,10,100.87996480320403,101.01518401534254,-0.13521921213850874,-0.13516200509044723,1
CP_REPO_RIDGE_OPS_R,cluster_entry_loose,ex_post_descriptive,high_vol_only,LOG_RV_MSE,14694,10,1.332130441941895,1.5536473465283513,-0.22151690458645645,-0.22134033350356924,3
CP_REPO_RIDGE_OPS_R,cluster_entry_loose,ex_post_descriptive,high_vol_only,MAE,14694,10,0.001784491149669092,0.0017817914812952918,2.699668373800203e-06,2.7006807643741047e-06,7
CP_REPO_RIDGE_OPS_R,cluster_entry_loose,ex_post_descriptive,high_vol_only,MSE,14694,10,1.032153994459627e-05,1.0307573445210331e-05,1.3966499385938616e-08,1.397107579162443e-08,7
CP_REPO_RIDGE_OPS_R,cluster_entry_loose,ex_post_descriptive,high_vol_only,RMSE,14694,10,0.003212715353808406,0.003210540989492321,2.1743643160848647e-06,1.7807735419944235e-06,7
CP_REPO_RIDGE_OPS_R,cluster_entry_loose,ex_post_descriptive,high_vol_only,SMAPE,14694,10,84.8115403046506,84.64293013411681,0.16861017053379612,0.16869326547594596,6
CP_REPO_RIDGE_OPS_R,cluster_entry_loose,ex_post_descriptive,near_zero_excluded,LOG_RV_MSE,72721,10,60.55015231484592,60.70774470992731,-0.15759239508139444,-0.15746103495073943,1
CP_REPO_RIDGE_OPS_R,cluster_entry_loose,ex_post_descriptive,near_zero_excluded,MAE,72721,10,0.0007578798738627712,0.0007580033630889994,-1.2348922622819856e-07,-1.1562113187391326e-07,6
CP_REPO_RIDGE_OPS_R,cluster_entry_loose,ex_post_descriptive,near_zero_excluded,MSE,72721,10,2.4815741439829076e-06,2.4764143364358074e-06,5.1598075471002375e-09,5.166074473428717e-09,9
CP_REPO_RIDGE_OPS_R,cluster_entry_loose,ex_post_descriptive,near_zero_excluded,RMSE,72721,10,0.0015753012867330831,0.0015736627136828931,1.6385730501899693e-06,1.5280596670860509e-06,9
CP_REPO_RIDGE_OPS_R,cluster_entry_loose,ex_post_descriptive,near_zero_excluded,SMAPE,72721,10,92.54758699479648,92.57591002439393,-0.028323029597459026,-0.02948464980390355,1
CP_REPO_RIDGE_OPS_R,cluster_entry_loose,ex_post_descriptive,standard,LOG_RV_MSE,73457,10,62.079879723481234,62.23765823984724,-0.15777851636600815,-0.15777479642868145,1
CP_REPO_RIDGE_OPS_R,cluster_entry_loose,ex_post_descriptive,standard,MAE,73457,10,0.0007565085520951432,0.0007566389206284627,-1.3036853331951665e-07,-1.3057574588502017e-07,6
CP_REPO_RIDGE_OPS_R,cluster_entry_loose,ex_post_descriptive,standard,MSE,73457,10,2.4613245520281704e-06,2.45618483360228e-06,5.139718425890324e-09,5.139686808895854e-09,9
CP_REPO_RIDGE_OPS_R,cluster_entry_loose,ex_post_descriptive,standard,RMSE,73457,10,0.0015688609090764452,0.0015672220115868333,1.638897489611912e-06,1.5253166393946485e-06,9
CP_REPO_RIDGE_OPS_R,cluster_entry_loose,ex_post_descriptive,standard,SMAPE,73457,10,93.56088921296094,93.58965249733431,-0.028763284373368947,-0.02875583180806558,1
CP_REPO_RIDGE_OPS_R,cluster_entry_strict,ex_post_descriptive,high_vol_only,LOG_RV_MSE,14657,10,1.3342554638475268,1.5563174420052033,-0.22206197815767648,-0.22197748247783106,3
CP_REPO_RIDGE_OPS_R,cluster_entry_strict,ex_post_descriptive,high_vol_only,MAE,14657,10,0.001787243329286434,0.0017845035606313725,2.739768655061559e-06,2.739420766811201e-06,7
CP_REPO_RIDGE_OPS_R,cluster_entry_strict,ex_post_descriptive,high_vol_only,MSE,14657,10,1.034580321321044e-05,1.0331773665248666e-05,1.4029547961772796e-08,1.4034979285339813e-08,7
CP_REPO_RIDGE_OPS_R,cluster_entry_strict,ex_post_descriptive,high_vol_only,RMSE,14657,10,0.003216489268318867,0.003214307649440026,2.1816188788409407e-06,1.7868526436827819e-06,7
CP_REPO_RIDGE_OPS_R,cluster_entry_strict,ex_post_descriptive,high_vol_only,SMAPE,14657,10,84.88149633879505,84.71030972101178,0.17118661778326327,0.17102320488701112,6
CP_REPO_RIDGE_OPS_R,cluster_entry_strict,ex_post_descriptive,near_zero_excluded,LOG_RV_MSE,72532,10,60.381173384259625,60.53955754339097,-0.1583841591313444,-0.15813997438267208,1
CP_REPO_RIDGE_OPS_R,cluster_entry_strict,ex_post_descriptive,near_zero_excluded,MAE,72532,10,0.0007588564320065486,0.0007589930366684028,-1.366046618541967e-07,-1.2849174035708587e-07,6
CP_REPO_RIDGE_OPS_R,cluster_entry_strict,ex_post_descriptive,near_zero_excluded,MSE,72532,10,2.487464553071507e-06,2.4823000744680895e-06,5.16447860341745e-09,5.170615329672464e-09,9
CP_REPO_RIDGE_OPS_R,cluster_entry_strict,ex_post_descriptive,near_zero_excluded,RMSE,72532,10,0.0015771697920869228,0.0015755316799316,1.638112155322776e-06,1.5278874739900168e-06,9
CP_REPO_RIDGE_OPS_R,cluster_entry_strict,ex_post_descriptive,near_zero_excluded,SMAPE,72532,10,92.4997892944739,92.53116831665298,-0.03137902217908106,-0.032701239328314105,1
CP_REPO_RIDGE_OPS_R,cluster_entry_strict,ex_post_descriptive,standard,LOG_RV_MSE,73266,10,61.91279479782629,62.07138416645313,-0.15858936862684203,-0.15846953204284392,1
CP_REPO_RIDGE_OPS_R,cluster_entry_strict,ex_post_descriptive,standard,MAE,73266,10,0.0007574764163155193,0.0007576201635730793,-1.4374725756005798e-07,-1.436100704429609e-07,6
CP_REPO_RIDGE_OPS_R,cluster_entry_strict,ex_post_descriptive,standard,MSE,73266,10,2.4671601900807016e-06,2.4620161878580273e-06,5.144002222674285e-09,5.144018480690092e-09,9
CP_REPO_RIDGE_OPS_R,cluster_entry_strict,ex_post_descriptive,standard,RMSE,73266,10,0.0015707196408273189,0.0015690813197084552,1.6383211188636913e-06,1.5250390316685513e-06,9
CP_REPO_RIDGE_OPS_R,cluster_entry_strict,ex_post_descriptive,standard,SMAPE,73266,10,93.51351872765494,93.54531298306092,-0.03179425540598402,-0.03185367237827279,1
CP_REPO_RIDGE_OPS_R,cluster_exit_loose,ex_post_descriptive,high_vol_only,LOG_RV_MSE,14693,10,1.1229862115788884,1.3733329571185922,-0.2503467455397037,-0.2500245000310275,3
CP_REPO_RIDGE_OPS_R,cluster_exit_loose,ex_post_descriptive,high_vol_only,MAE,14693,10,0.0015010885261131542,0.0014997926686887574,1.2958574243967895e-06,1.29578112523238e-06,8
CP_REPO_RIDGE_OPS_R,cluster_exit_loose,ex_post_descriptive,high_vol_only,MSE,14693,10,1.2677943124526244e-05,1.2668989105184131e-05,8.9540193421128e-09,8.948371549706313e-09,10
CP_REPO_RIDGE_OPS_R,cluster_exit_loose,ex_post_descriptive,high_vol_only,RMSE,14693,10,0.0035606099371492863,0.003559352343500729,1.2575936485571294e-06,1.2686097527941269e-06,10
CP_REPO_RIDGE_OPS_R,cluster_exit_loose,ex_post_descriptive,high_vol_only,SMAPE,14693,10,73.70908084853484,73.68985314170267,0.01922770683216868,0.0192357237124412,6
CP_REPO_RIDGE_OPS_R,cluster_exit_loose,ex_post_descriptive,near_zero_excluded,LOG_RV_MSE,72719,10,80.20388218822569,80.41624068011251,-0.21235849188681755,-0.21934282680560066,4
CP_REPO_RIDGE_OPS_R,cluster_exit_loose,ex_post_descriptive,near_zero_excluded,MAE,72719,10,0.0006184788455707456,0.0006205641417031454,-2.0852961323998293e-06,-2.095872298996359e-06,1
CP_REPO_RIDGE_OPS_R,cluster_exit_loose,ex_post_descriptive,near_zero_excluded,MSE,72719,10,2.7784093074004996e-06,2.7803853637694664e-06,-1.9760563689668192e-09,-1.972743250543513e-09,1
CP_REPO_RIDGE_OPS_R,cluster_exit_loose,ex_post_descriptive,near_zero_excluded,RMSE,72719,10,0.0016668561147863063,0.001667448758963665,-5.926441773585877e-07,-5.793579197237023e-07,1
CP_REPO_RIDGE_OPS_R,cluster_exit_loose,ex_post_descriptive,near_zero_excluded,SMAPE,72719,10,96.79268422556595,97.06882431806854,-0.27614009250258675,-0.27819568839571646,0
CP_REPO_RIDGE_OPS_R,cluster_exit_loose,ex_post_descriptive,standard,LOG_RV_MSE,73455,10,82.09800800629024,82.30064541629713,-0.2026374100068864,-0.20252734869151326,4
CP_REPO_RIDGE_OPS_R,cluster_exit_loose,ex_post_descriptive,standard,MAE,73455,10,0.0006171643472764074,0.0006192540116756322,-2.089664399224805e-06,-2.08892809261123e-06,1
CP_REPO_RIDGE_OPS_R,cluster_exit_loose,ex_post_descriptive,standard,MSE,73455,10,2.7534877094946653e-06,2.7554855780366288e-06,-1.997868541963483e-09,-1.998079069560019e-09,1
CP_REPO_RIDGE_OPS_R,cluster_exit_loose,ex_post_descriptive,standard,RMSE,73455,10,0.0016593636459482487,0.0016599655351954236,-6.018892471748409e-07,-5.908619304826549e-07,1
CP_REPO_RIDGE_OPS_R,cluster_exit_loose,ex_post_descriptive,standard,SMAPE,73455,10,97.78270324564932,98.05803315439105,-0.2753299087417389,-0.2752181540500544,0
CP_REPO_RIDGE_OPS_R,cluster_exit_strict,ex_post_descriptive,high_vol_only,LOG_RV_MSE,14671,10,1.121544847097662,1.372292903773466,-0.250748056675804,-0.2505299509102296,3
CP_REPO_RIDGE_OPS_R,cluster_exit_strict,ex_post_descriptive,high_vol_only,MAE,14671,10,0.0015007236426876971,0.0014994401107776914,1.2835319100057679e-06,1.284394940614307e-06,8
CP_REPO_RIDGE_OPS_R,cluster_exit_strict,ex_post_descriptive,high_vol_only,MSE,14671,10,1.2686413406552538e-05,1.267746689430327e-05,8.94651224926844e-09,8.94096883748209e-09,10
CP_REPO_RIDGE_OPS_R,cluster_exit_strict,ex_post_descriptive,high_vol_only,RMSE,14671,10,0.003561799181109533,0.003560543061711692,1.2561193978408332e-06,1.2672786292647992e-06,10
CP_REPO_RIDGE_OPS_R,cluster_exit_strict,ex_post_descriptive,high_vol_only,SMAPE,14671,10,73.684845994303,73.66738045482268,0.017465539480326697,0.01765010818413657,6
CP_REPO_RIDGE_OPS_R,cluster_exit_strict,ex_post_descriptive,near_zero_excluded,LOG_RV_MSE,72600,10,80.02173783897848,80.23389260549128,-0.2121547665127963,-0.21914590251868757,4
CP_REPO_RIDGE_OPS_R,cluster_exit_strict,ex_post_descriptive,near_zero_excluded,MAE,72600,10,0.0006184535179022776,0.0006205376566532893,-2.0841387510116185e-06,-2.0953813122179385e-06,1
CP_REPO_RIDGE_OPS_R,cluster_exit_strict,ex_post_descriptive,near_zero_excluded,MSE,72600,10,2.7805878498197563e-06,2.782563675730121e-06,-1.9758259103647713e-09,-1.972145025089591e-09,1
CP_REPO_RIDGE_OPS_R,cluster_exit_strict,ex_post_descriptive,near_zero_excluded,RMSE,72600,10,0.0016675094751814027,0.0016681018181544317,-5.923429730290974e-07,-5.793926779683138e-07,1
CP_REPO_RIDGE_OPS_R,cluster_exit_strict,ex_post_descriptive,near_zero_excluded,SMAPE,72600,10,96.72258691267511,96.99877210000061,-0.27618518732549546,-0.27833733448075576,0
CP_REPO_RIDGE_OPS_R,cluster_exit_strict,ex_post_descriptive,standard,LOG_RV_MSE,73334,10,81.90717235117306,82.10983479088195,-0.2026624397088881,-0.20256607511894664,4
CP_REPO_RIDGE_OPS_R,cluster_exit_strict,ex_post_descriptive,standard,MAE,73334,10,0.000617143413936819,0.0006192347328681121,-2.0913189312931225e-06,-2.0911986382111436e-06,1
CP_REPO_RIDGE_OPS_R,cluster_exit_strict,ex_post_descriptive,standard,MSE,73334,10,2.7556748132676994e-06,2.7576743922273845e-06,-1.999578959685043e-09,-1.999429125225823e-09,1
CP_REPO_RIDGE_OPS_R,cluster_exit_strict,ex_post_descriptive,standard,RMSE,73334,10,0.0016600225339638314,0.0016606246993909808,-6.021654271493471e-07,-5.915732595969945e-07,1
CP_REPO_RIDGE_OPS_R,cluster_exit_strict,ex_post_descriptive,standard,SMAPE,73334,10,97.71189563488282,97.98732611664494,-0.2754304817621147,-0.27539230312733737,0
CP_REPO_RIDGE_OPS_R,entry_with_recent_spike,ex_post_descriptive,high_vol_only,LOG_RV_MSE,8754,10,1.4736378437064515,1.6493886900133405,-0.17575084630688909,-0.16936587560939304,3
CP_REPO_RIDGE_OPS_R,entry_with_recent_spike,ex_post_descriptive,high_vol_only,MAE,8754,10,0.0019315043244099452,0.0019320135805264314,-5.092561164861918e-07,-4.483447644555976e-07,5
CP_REPO_RIDGE_OPS_R,entry_with_recent_spike,ex_post_descriptive,high_vol_only,MSE,8754,10,1.1146392096496613e-05,1.1146425414411392e-05,-3.3317914779115027e-11,1.7014071748951948e-10,6
CP_REPO_RIDGE_OPS_R,entry_with_recent_spike,ex_post_descriptive,high_vol_only,RMSE,8754,10,0.003338621286773421,0.0033386262765412052,-4.9897677842879185e-09,-3.1061459629222033e-07,6
CP_REPO_RIDGE_OPS_R,entry_with_recent_spike,ex_post_descriptive,high_vol_only,SMAPE,8754,10,87.65347704873638,87.74856409501005,-0.09508704627367592,-0.08090363063596442,5
CP_REPO_RIDGE_OPS_R,entry_with_recent_spike,ex_post_descriptive,near_zero_excluded,LOG_RV_MSE,43077,10,58.5073000988938,58.67164945064782,-0.16434935175401932,-0.16942600478641337,2
CP_REPO_RIDGE_OPS_R,entry_with_recent_spike,ex_post_descriptive,near_zero_excluded,MAE,43077,10,0.0008298909472286534,0.0008266459969362629,3.244950292390471e-06,3.2087704733859358e-06,9
CP_REPO_RIDGE_OPS_R,entry_with_recent_spike,ex_post_descriptive,near_zero_excluded,MSE,43077,10,2.7524238027535856e-06,2.7421791850146392e-06,1.0244617738946339e-08,1.0167282652721137e-08,10
CP_REPO_RIDGE_OPS_R,entry_with_recent_spike,ex_post_descriptive,near_zero_excluded,RMSE,43077,10,0.0016590430382463215,0.0016559526518033778,3.090386442943698e-06,2.9495090478212202e-06,10
CP_REPO_RIDGE_OPS_R,entry_with_recent_spike,ex_post_descriptive,near_zero_excluded,SMAPE,43077,10,93.4313578597661,93.31566172770995,0.1156961320561436,0.12014228232481088,8
CP_REPO_RIDGE_OPS_R,entry_with_recent_spike,ex_post_descriptive,standard,LOG_RV_MSE,43747,10,61.708962586389255,61.865196780908626,-0.15623419451937082,-0.16266364199850258,2
CP_REPO_RIDGE_OPS_R,entry_with_recent_spike,ex_post_descriptive,standard,MAE,43747,10,0.0008304363652918029,0.0008270662240832117,3.3701412085911965e-06,3.316493499663038e-06,9
CP_REPO_RIDGE_OPS_R,entry_with_recent_spike,ex_post_descriptive,standard,MSE,43747,10,2.7262690958934324e-06,2.7157519204422253e-06,1.0517175451207132e-08,1.0395771381292075e-08,10
CP_REPO_RIDGE_OPS_R,entry_with_recent_spike,ex_post_descriptive,standard,RMSE,43747,10,0.0016511417552389112,0.001647953858711531,3.1878965273800935e-06,3.037975701323365e-06,10
CP_REPO_RIDGE_OPS_R,entry_with_recent_spike,ex_post_descriptive,standard,SMAPE,43747,10,94.9939885723259,94.87844054861813,0.11554802370777395,0.11987863258194978,8
CP_REPO_RIDGE_OPS_R,entry_without_recent_spike,ex_post_descriptive,high_vol_only,LOG_RV_MSE,5946,10,1.1195692099524477,1.3316663194564877,-0.21209710950404004,-0.2168391004199275,5
CP_REPO_RIDGE_OPS_R,entry_without_recent_spike,ex_post_descriptive,high_vol_only,MAE,5946,10,0.0015570783495014973,0.001548681947770919,8.396401730578415e-06,8.519215222415428e-06,9
CP_REPO_RIDGE_OPS_R,entry_without_recent_spike,ex_post_descriptive,high_vol_only,MSE,5946,10,9.074816797282833e-06,9.037901979506764e-06,3.691481777606967e-08,3.753767400160269e-08,9
CP_REPO_RIDGE_OPS_R,entry_without_recent_spike,ex_post_descriptive,high_vol_only,RMSE,5946,10,0.003012443658773195,0.00300631035981097,6.133298962224948e-06,5.170740608103014e-06,9
CP_REPO_RIDGE_OPS_R,entry_without_recent_spike,ex_post_descriptive,high_vol_only,SMAPE,5946,10,80.3430946440876,79.70304479909574,0.6400498449918643,0.6537653015510386,9
CP_REPO_RIDGE_OPS_R,entry_without_recent_spike,ex_post_descriptive,near_zero_excluded,LOG_RV_MSE,29421,10,60.966920165964275,61.12002834995448,-0.15310818399020576,-0.15717429731863425,2
CP_REPO_RIDGE_OPS_R,entry_without_recent_spike,ex_post_descriptive,near_zero_excluded,MAE,29421,10,0.00064865090680092,0.0006538109024887558,-5.159995687835806e-06,-5.265638153080789e-06,1
CP_REPO_RIDGE_OPS_R,entry_without_recent_spike,ex_post_descriptive,near_zero_excluded,MSE,29421,10,2.0879985944370397e-06,2.0905867520079e-06,-2.5881575708603e-09,-2.6535581235331303e-09,2
CP_REPO_RIDGE_OPS_R,entry_without_recent_spike,ex_post_descriptive,near_zero_excluded,RMSE,29421,10,0.0014449908630981166,0.001445886147664435,-8.952845663183148e-07,-9.435688287720513e-07,2
CP_REPO_RIDGE_OPS_R,entry_without_recent_spike,ex_post_descriptive,near_zero_excluded,SMAPE,29421,10,90.44189351704458,90.68222259909739,-0.2403290820528099,-0.2493974444947881,1
CP_REPO_RIDGE_OPS_R,entry_without_recent_spike,ex_post_descriptive,standard,LOG_RV_MSE,29710,10,62.62604303537494,62.78609551497976,-0.16005247960482194,-0.16331810061568036,2
CP_REPO_RIDGE_OPS_R,entry_without_recent_spike,ex_post_descriptive,standard,MAE,29710,10,0.0006476522732693516,0.0006529370275205896,-5.2847542512380035e-06,-5.380755453300077e-06,1
CP_REPO_RIDGE_OPS_R,entry_without_recent_spike,ex_post_descriptive,standard,MSE,29710,10,2.071202405933468e-06,2.073980816504095e-06,-2.77841057062707e-09,-2.8345551452052185e-09,2
CP_REPO_RIDGE_OPS_R,entry_without_recent_spike,ex_post_descriptive,standard,RMSE,29710,10,0.0014391672612776695,0.0014401322218824545,-9.64960604784952e-07,-1.0145808897470685e-06,2
CP_REPO_RIDGE_OPS_R,entry_without_recent_spike,ex_post_descriptive,standard,SMAPE,29710,10,91.450697436652,91.69195438627693,-0.24125694962492616,-0.24648940051954327,1
CP_REPO_RIDGE_OPS_R,high_within_block_dispersion,ex_post_descriptive,high_vol_only,LOG_RV_MSE,13800,10,1.347003340120205,2.0226671545599952,-0.6756638144397902,-0.6332229666974546,1
CP_REPO_RIDGE_OPS_R,high_within_block_dispersion,ex_post_descriptive,high_vol_only,MAE,13800,10,0.0010124910161190377,0.0010126885273815842,-1.9751126254657914e-07,-9.850526529539419e-08,5
CP_REPO_RIDGE_OPS_R,high_within_block_dispersion,ex_post_descriptive,high_vol_only,MSE,13800,10,4.061123263348121e-06,4.05886962363005e-06,2.2536397180713627e-09,2.3787397424585016e-09,6
CP_REPO_RIDGE_OPS_R,high_within_block_dispersion,ex_post_descriptive,high_vol_only,RMSE,13800,10,0.0020152228818044226,0.0020146636502478645,5.592315565580187e-07,4.365656042391083e-07,6
CP_REPO_RIDGE_OPS_R,high_within_block_dispersion,ex_post_descriptive,high_vol_only,SMAPE,13800,10,67.13010831164493,67.35736698768359,-0.2272586760386588,-0.16558678549261216,4
CP_REPO_RIDGE_OPS_R,high_within_block_dispersion,ex_post_descriptive,near_zero_excluded,LOG_RV_MSE,68602,10,133.4472628617705,133.70884179980652,-0.26157893803602406,-0.27571951821251645,2
CP_REPO_RIDGE_OPS_R,high_within_block_dispersion,ex_post_descriptive,near_zero_excluded,MAE,68602,10,0.000568649162840853,0.0005691938869391226,-5.447240982696258e-07,-5.558928267359968e-07,1
CP_REPO_RIDGE_OPS_R,high_within_block_dispersion,ex_post_descriptive,near_zero_excluded,MSE,68602,10,1.1270507328910632e-06,1.1247580553373514e-06,2.292677553711763e-09,2.2189027583804256e-09,10
CP_REPO_RIDGE_OPS_R,high_within_block_dispersion,ex_post_descriptive,near_zero_excluded,RMSE,68602,10,0.0010616264563824054,0.0010605461118392502,1.0803445431551654e-06,1.0323383532139766e-06,10
CP_REPO_RIDGE_OPS_R,high_within_block_dispersion,ex_post_descriptive,near_zero_excluded,SMAPE,68602,10,119.19625535916762,119.44176661853201,-0.24551125936439178,-0.2243725713764803,2
CP_REPO_RIDGE_OPS_R,high_within_block_dispersion,ex_post_descriptive,standard,LOG_RV_MSE,68970,10,134.1816042629971,134.44018158110612,-0.25857731810901896,-0.2691772647496039,2
CP_REPO_RIDGE_OPS_R,high_within_block_dispersion,ex_post_descriptive,standard,MAE,68970,10,0.0005686239437191444,0.0005691581569565187,-5.342132373743237e-07,-5.431779040659696e-07,1
CP_REPO_RIDGE_OPS_R,high_within_block_dispersion,ex_post_descriptive,standard,MSE,68970,10,1.123133377256323e-06,1.1208339849152758e-06,2.2993923410471014e-09,2.207979862775306e-09,10
CP_REPO_RIDGE_OPS_R,high_within_block_dispersion,ex_post_descriptive,standard,RMSE,68970,10,0.0010597798720754811,0.0010586944719395092,1.085400135971944e-06,1.0325444781554626e-06,10
CP_REPO_RIDGE_OPS_R,high_within_block_dispersion,ex_post_descriptive,standard,SMAPE,68970,10,119.60427234064147,119.84783541419493,-0.24356307355346019,-0.2207529349213857,2
CP_REPO_RIDGE_OPS_R,inflection_points,ex_post_descriptive,high_vol_only,LOG_RV_MSE,28984,10,1.1395945186365517,1.376386507248254,-0.23679198861170225,-0.23034331351485532,2
CP_REPO_RIDGE_OPS_R,inflection_points,ex_post_descriptive,high_vol_only,MAE,28984,10,0.0015690861682796692,0.0015669963578870633,2.089810392605926e-06,2.024371290032653e-06,7
CP_REPO_RIDGE_OPS_R,inflection_points,ex_post_descriptive,high_vol_only,MSE,28984,10,1.1258143057283103e-05,1.1246555246876799e-05,1.1587810406303556e-08,1.127576696441212e-08,9
CP_REPO_RIDGE_OPS_R,inflection_points,ex_post_descriptive,high_vol_only,RMSE,28984,10,0.0033553156419751486,0.00335358841345756,1.727228517588511e-06,1.5077784257628732e-06,9
CP_REPO_RIDGE_OPS_R,inflection_points,ex_post_descriptive,high_vol_only,SMAPE,28984,10,77.5511484641698,77.44073299185685,0.11041547231295112,0.10089792486577095,7
CP_REPO_RIDGE_OPS_R,inflection_points,ex_post_descriptive,near_zero_excluded,LOG_RV_MSE,143375,10,58.64300646845435,58.76881003964302,-0.12580357118866914,-0.12137618751609669,3
CP_REPO_RIDGE_OPS_R,inflection_points,ex_post_descriptive,near_zero_excluded,MAE,143375,10,0.0006543332064361158,0.0006556276319385166,-1.2944255024007747e-06,-1.261562732368337e-06,1
CP_REPO_RIDGE_OPS_R,inflection_points,ex_post_descriptive,near_zero_excluded,MSE,143375,10,2.5404502226370316e-06,2.539669290228454e-06,7.809324085777013e-10,7.496843189830689e-10,6
CP_REPO_RIDGE_OPS_R,inflection_points,ex_post_descriptive,near_zero_excluded,RMSE,143375,10,0.0015938789861959506,0.0015936339887905422,2.4499740540842065e-07,1.6369372799104324e-07,6
CP_REPO_RIDGE_OPS_R,inflection_points,ex_post_descriptive,near_zero_excluded,SMAPE,143375,10,90.02958355319511,90.17980672218486,-0.15022316898975419,-0.14716266845318984,0
CP_REPO_RIDGE_OPS_R,inflection_points,ex_post_descriptive,standard,LOG_RV_MSE,144886,10,60.506791384132924,60.62513298271707,-0.11834159858414495,-0.11121810341129823,3
CP_REPO_RIDGE_OPS_R,inflection_points,ex_post_descriptive,standard,MAE,144886,10,0.0006529679144583394,0.0006542757817904835,-1.3078673321441272e-06,-1.271124010840242e-06,1
CP_REPO_RIDGE_OPS_R,inflection_points,ex_post_descriptive,standard,MSE,144886,10,2.5174090289669973e-06,2.5166585782351942e-06,7.504507318031092e-10,7.236426136726057e-10,6
CP_REPO_RIDGE_OPS_R,inflection_points,ex_post_descriptive,standard,RMSE,144886,10,0.0015866344975976657,0.001586397988600337,2.3650899732868998e-07,1.5527434040039793e-07,6
CP_REPO_RIDGE_OPS_R,inflection_points,ex_post_descriptive,standard,SMAPE,144886,10,91.11849778030444,91.26769002599796,-0.14919224569352707,-0.14505564135146046,0
CP_REPO_RIDGE_OPS_R,older_spike_position,ex_post_descriptive,high_vol_only,LOG_RV_MSE,21781,10,1.1395303095276075,1.238077351451725,-0.09854704192411745,-0.09794822954904235,4
CP_REPO_RIDGE_OPS_R,older_spike_position,ex_post_descriptive,high_vol_only,MAE,21781,10,0.0013486758957650074,0.0013441122874257507,4.563608339256753e-06,4.415480511253341e-06,9
CP_REPO_RIDGE_OPS_R,older_spike_position,ex_post_descriptive,high_vol_only,MSE,21781,10,1.069141300105579e-05,1.0674698011173943e-05,1.6714989881847948e-08,1.6249765695062932e-08,10
CP_REPO_RIDGE_OPS_R,older_spike_position,ex_post_descriptive,high_vol_only,RMSE,21781,10,0.0032697726222255565,0.0032672156358547776,2.556986370778804e-06,2.4844343942722062e-06,10
CP_REPO_RIDGE_OPS_R,older_spike_position,ex_post_descriptive,high_vol_only,SMAPE,21781,10,69.8626302544199,69.44522568142126,0.41740457299863465,0.39688013017665114,9
CP_REPO_RIDGE_OPS_R,older_spike_position,ex_post_descriptive,near_zero_excluded,LOG_RV_MSE,107788,10,78.34423187563695,78.49822790034875,-0.15399602471180174,-0.15036312293495524,2
CP_REPO_RIDGE_OPS_R,older_spike_position,ex_post_descriptive,near_zero_excluded,MAE,107788,10,0.0005714781969803931,0.0005737667190351763,-2.2885220547832217e-06,-2.2271171154354446e-06,1
CP_REPO_RIDGE_OPS_R,older_spike_position,ex_post_descriptive,near_zero_excluded,MSE,107788,10,2.346475802604796e-06,2.3470810373263725e-06,-6.052347215765412e-10,-5.818292376612427e-10,3
CP_REPO_RIDGE_OPS_R,older_spike_position,ex_post_descriptive,near_zero_excluded,RMSE,107788,10,0.0015318210739524365,0.0015320186152023,-1.9754124986346225e-07,-1.946577247080442e-07,3
CP_REPO_RIDGE_OPS_R,older_spike_position,ex_post_descriptive,near_zero_excluded,SMAPE,107788,10,96.43669126169502,96.62208145850403,-0.18539019680900992,-0.1852691044851454,0
CP_REPO_RIDGE_OPS_R,older_spike_position,ex_post_descriptive,standard,LOG_RV_MSE,108871,10,80.56611776174127,80.72066787138307,-0.1545501096418036,-0.1473966320108989,2
CP_REPO_RIDGE_OPS_R,older_spike_position,ex_post_descriptive,standard,MAE,108871,10,0.0005701423444680369,0.0005724442449895871,-2.3019005215501416e-06,-2.2351029190704423e-06,1
CP_REPO_RIDGE_OPS_R,older_spike_position,ex_post_descriptive,standard,MSE,108871,10,2.3254307190849205e-06,2.326081654601755e-06,-6.509355168343576e-10,-6.298624700708675e-10,3
CP_REPO_RIDGE_OPS_R,older_spike_position,ex_post_descriptive,standard,RMSE,108871,10,0.0015249363000089285,0.0015251497154711582,-2.134154622297161e-07,-2.1441299114033427e-07,3
CP_REPO_RIDGE_OPS_R,older_spike_position,ex_post_descriptive,standard,SMAPE,108871,10,97.43444157677632,97.61803623824476,-0.18359466146843317,-0.18152820157604593,0
CP_REPO_RIDGE_OPS_R,recent_ramp_high_dispersion,ex_post_descriptive,high_vol_only,LOG_RV_MSE,4860,10,1.422541686129273,1.678548782458936,-0.256007096329663,-0.2797133755860898,6
CP_REPO_RIDGE_OPS_R,recent_ramp_high_dispersion,ex_post_descriptive,high_vol_only,MAE,4860,10,0.0014613955477391944,0.0014567902843454974,4.605263393697018e-06,4.853603704999292e-06,8
CP_REPO_RIDGE_OPS_R,recent_ramp_high_dispersion,ex_post_descriptive,high_vol_only,MSE,4860,10,5.9629586828906324e-06,5.9444455613395685e-06,1.851312155106393e-08,1.903351615351216e-08,8
CP_REPO_RIDGE_OPS_R,recent_ramp_high_dispersion,ex_post_descriptive,high_vol_only,RMSE,4860,10,0.0024419170098286783,0.0024381233687694247,3.7936410592536232e-06,3.871539567109608e-06,8
CP_REPO_RIDGE_OPS_R,recent_ramp_high_dispersion,ex_post_descriptive,high_vol_only,SMAPE,4860,10,76.48024025708399,76.14368815984511,0.33655209723887936,0.367918606418354,6
CP_REPO_RIDGE_OPS_R,recent_ramp_high_dispersion,ex_post_descriptive,near_zero_excluded,LOG_RV_MSE,24128,10,114.11256475334159,114.31146659289386,-0.1989018395522777,-0.2185316619550933,4
CP_REPO_RIDGE_OPS_R,recent_ramp_high_dispersion,ex_post_descriptive,near_zero_excluded,MAE,24128,10,0.0007928593927930361,0.0007914923321629616,1.3670606300744768e-06,1.190507779542867e-06,6
CP_REPO_RIDGE_OPS_R,recent_ramp_high_dispersion,ex_post_descriptive,near_zero_excluded,MSE,24128,10,1.8154479400161009e-06,1.8022397325530846e-06,1.3208207463016325e-08,1.2828803224007371e-08,10
CP_REPO_RIDGE_OPS_R,recent_ramp_high_dispersion,ex_post_descriptive,near_zero_excluded,RMSE,24128,10,0.0013473855944072211,0.0013424752260481699,4.910368359051275e-06,4.878284875768386e-06,10
CP_REPO_RIDGE_OPS_R,recent_ramp_high_dispersion,ex_post_descriptive,near_zero_excluded,SMAPE,24128,10,117.97303253465954,117.91955768309866,0.05347485156087828,0.05798185880722713,5
CP_REPO_RIDGE_OPS_R,recent_ramp_high_dispersion,ex_post_descriptive,standard,LOG_RV_MSE,24273,10,114.68887161199063,114.88757902142378,-0.19870740943314047,-0.2193960051415779,3
CP_REPO_RIDGE_OPS_R,recent_ramp_high_dispersion,ex_post_descriptive,standard,MAE,24273,10,0.0007926212485103804,0.0007912606947404373,1.3605537699431505e-06,1.1704992815171785e-06,6
CP_REPO_RIDGE_OPS_R,recent_ramp_high_dispersion,ex_post_descriptive,standard,MSE,24273,10,1.8086202642090091e-06,1.7954091946108722e-06,1.3211069598136932e-08,1.277276703257521e-08,10
CP_REPO_RIDGE_OPS_R,recent_ramp_high_dispersion,ex_post_descriptive,standard,RMSE,24273,10,0.001344849532181578,0.0013399288020678084,4.920730113769627e-06,4.8678968743511865e-06,10
CP_REPO_RIDGE_OPS_R,recent_ramp_high_dispersion,ex_post_descriptive,standard,SMAPE,24273,10,118.4281414949415,118.37665576297907,0.05148573196242978,0.05721088966862027,5
CP_REPO_RIDGE_OPS_R,recent_spike_position,ex_post_descriptive,high_vol_only,LOG_RV_MSE,41263,10,133.60326357120792,133.88005696613072,-0.2767933949228052,-0.3287559833731245,0
CP_REPO_RIDGE_OPS_R,recent_spike_position,ex_post_descriptive,high_vol_only,MAE,41263,10,0.0009278329622731831,0.0009287339294448011,-9.009671716180435e-07,-1.265569206839091e-06,1
CP_REPO_RIDGE_OPS_R,recent_spike_position,ex_post_descriptive,high_vol_only,MSE,41263,10,5.620772726690841e-06,5.622296743714791e-06,-1.5240170239499523e-09,-2.6873943190844235e-09,3
CP_REPO_RIDGE_OPS_R,recent_spike_position,ex_post_descriptive,high_vol_only,RMSE,41263,10,0.002370816890164831,0.002371138280175745,-3.2139001091393074e-07,-6.386594565531727e-07,3
CP_REPO_RIDGE_OPS_R,recent_spike_position,ex_post_descriptive,high_vol_only,SMAPE,41263,10,126.75937020163306,126.81367792846703,-0.05430772683396867,-0.20905266550683166,2
CP_REPO_RIDGE_OPS_R,recent_spike_position,ex_post_descriptive,near_zero_excluded,LOG_RV_MSE,124205,10,108.09331457411457,108.19679192570007,-0.10347735158549654,-0.1070723780674115,2
CP_REPO_RIDGE_OPS_R,recent_spike_position,ex_post_descriptive,near_zero_excluded,MAE,124205,10,0.0006101040586077684,0.0006087546192147031,1.3494393930652167e-06,1.4677530475358296e-06,9
CP_REPO_RIDGE_OPS_R,recent_spike_position,ex_post_descriptive,near_zero_excluded,MSE,124205,10,2.122274233945656e-06,2.1189515879948984e-06,3.32264595075755e-09,3.6662683626189015e-09,10
CP_REPO_RIDGE_OPS_R,recent_spike_position,ex_post_descriptive,near_zero_excluded,RMSE,124205,10,0.0014568027436635531,0.0014556619071731248,1.1408364904283083e-06,1.1329264786309442e-06,10
CP_REPO_RIDGE_OPS_R,recent_spike_position,ex_post_descriptive,near_zero_excluded,SMAPE,124205,10,110.75903396715827,110.76412015630991,-0.005086189151640497,-0.014066366072880499,5
CP_REPO_RIDGE_OPS_R,recent_spike_position,ex_post_descriptive,standard,LOG_RV_MSE,125358,10,109.41387331267963,109.51552755142467,-0.10165423874504143,-0.10452717686286608,2
CP_REPO_RIDGE_OPS_R,recent_spike_position,ex_post_descriptive,standard,MAE,125358,10,0.0006091827784219505,0.0006077921388079513,1.3906396139992281e-06,1.502689115054942e-06,9
CP_REPO_RIDGE_OPS_R,recent_spike_position,ex_post_descriptive,standard,MSE,125358,10,2.1057111020059574e-06,2.1023377392814974e-06,3.3733627244600563e-09,3.7106364407986853e-09,10
CP_REPO_RIDGE_OPS_R,recent_spike_position,ex_post_descriptive,standard,RMSE,125358,10,0.00145110685409654,0.0014499440469485359,1.1628071480041142e-06,1.1606923919925534e-06,10
CP_REPO_RIDGE_OPS_R,recent_spike_position,ex_post_descriptive,standard,SMAPE,125358,10,111.53126331543436,111.53581235049747,-0.004549035063106999,-0.013927592672069977,5
CP_REPO_RIDGE_OPS_R,same_average_back_loaded,ex_post_descriptive,high_vol_only,LOG_RV_MSE,5089,10,148.22928488392745,147.97636209857203,0.25292278535542323,-0.10726811808324858,6
CP_REPO_RIDGE_OPS_R,same_average_back_loaded,ex_post_descriptive,high_vol_only,MAE,5089,10,0.00079502070058517,0.0007944523862279495,5.683143572204289e-07,-5.996676442537728e-07,4
CP_REPO_RIDGE_OPS_R,same_average_back_loaded,ex_post_descriptive,high_vol_only,MSE,5089,10,5.436331053659615e-06,5.435587097581818e-06,7.439560777970603e-10,1.7397427798884067e-09,6
CP_REPO_RIDGE_OPS_R,same_average_back_loaded,ex_post_descriptive,high_vol_only,RMSE,5089,10,0.0023315941013949265,0.0023314345578595635,1.595435353629951e-07,1.672081653642215e-07,6
CP_REPO_RIDGE_OPS_R,same_average_back_loaded,ex_post_descriptive,high_vol_only,SMAPE,5089,10,125.47402771920483,125.54758163112999,-0.07355391192515981,-0.1636921223928205,3
CP_REPO_RIDGE_OPS_R,same_average_back_loaded,ex_post_descriptive,near_zero_excluded,LOG_RV_MSE,15487,10,124.26141461023107,124.20097945104365,0.060435159187420595,0.005411011713285463,5
CP_REPO_RIDGE_OPS_R,same_average_back_loaded,ex_post_descriptive,near_zero_excluded,MAE,15487,10,0.000527741419898501,0.0005282488181169664,-5.07398218465324e-07,-7.437192855079105e-07,2
CP_REPO_RIDGE_OPS_R,same_average_back_loaded,ex_post_descriptive,near_zero_excluded,MSE,15487,10,1.938986808645503e-06,1.9394921827877856e-06,-5.053741422825269e-10,-4.789026933248718e-10,3
CP_REPO_RIDGE_OPS_R,same_average_back_loaded,ex_post_descriptive,near_zero_excluded,RMSE,15487,10,0.0013924750657176965,0.001392656520032052,-1.8145431435558947e-07,-2.1363281606611557e-07,3
CP_REPO_RIDGE_OPS_R,same_average_back_loaded,ex_post_descriptive,near_zero_excluded,SMAPE,15487,10,115.21629356973736,115.28133188357717,-0.06503831383980696,-0.07735493581951261,3
CP_REPO_RIDGE_OPS_R,same_average_back_loaded,ex_post_descriptive,standard,LOG_RV_MSE,15559,10,124.77448379663251,124.71626812691431,0.05821566971819436,0.0033267804956429005,5
CP_REPO_RIDGE_OPS_R,same_average_back_loaded,ex_post_descriptive,standard,MAE,15559,10,0.0005277712464133768,0.0005282920544308118,-5.208080174350267e-07,-7.529228682221992e-07,2
CP_REPO_RIDGE_OPS_R,same_average_back_loaded,ex_post_descriptive,standard,MSE,15559,10,1.931432277016903e-06,1.931946239934984e-06,-5.139629180810865e-10,-4.816857306317971e-10,3
CP_REPO_RIDGE_OPS_R,same_average_back_loaded,ex_post_descriptive,standard,RMSE,15559,10,0.0013897597911210781,0.0013899446895236458,-1.848984025676955e-07,-2.1600466882909487e-07,3
CP_REPO_RIDGE_OPS_R,same_average_back_loaded,ex_post_descriptive,standard,SMAPE,15559,10,115.5837931550299,115.64836817660039,-0.06457502157049078,-0.07679923547226508,3
CP_REPO_RIDGE_OPS_R,same_average_different_path,ex_post_descriptive,high_vol_only,LOG_RV_MSE,1483,10,1.176451606646611,1.50112031068039,-0.324668704033779,-0.3101751552838977,5
CP_REPO_RIDGE_OPS_R,same_average_different_path,ex_post_descriptive,high_vol_only,MAE,1483,10,0.0012308421833447504,0.0012305240446788847,3.181386658657019e-07,-1.6912592819610896e-07,5
CP_REPO_RIDGE_OPS_R,same_average_different_path,ex_post_descriptive,high_vol_only,MSE,1483,10,5.424646643583948e-06,5.43030999425493e-06,-5.6633506709814256e-09,-6.4542440413991144e-09,4
CP_REPO_RIDGE_OPS_R,same_average_different_path,ex_post_descriptive,high_vol_only,RMSE,1483,10,0.0023290870837270015,0.002330302554230873,-1.215470503871264e-06,-1.4499394339902703e-06,4
CP_REPO_RIDGE_OPS_R,same_average_different_path,ex_post_descriptive,high_vol_only,SMAPE,1483,10,78.26623100008541,78.10952072438087,0.15671027570454044,0.13211148088559027,3
CP_REPO_RIDGE_OPS_R,same_average_different_path,ex_post_descriptive,near_zero_excluded,LOG_RV_MSE,7368,10,130.5647982605645,130.6173401905703,-0.052541930005816084,-0.058421919151542136,5
CP_REPO_RIDGE_OPS_R,same_average_different_path,ex_post_descriptive,near_zero_excluded,MAE,7368,10,0.0005432933685073359,0.0005438363029341426,-5.429344268067333e-07,-7.488965820169575e-07,4
CP_REPO_RIDGE_OPS_R,same_average_different_path,ex_post_descriptive,near_zero_excluded,MSE,7368,10,1.25033332979528e-06,1.2521968068505806e-06,-1.8634770553005624e-09,-2.0155169596489853e-09,1
CP_REPO_RIDGE_OPS_R,same_average_different_path,ex_post_descriptive,near_zero_excluded,RMSE,7368,10,0.0011181830484295852,0.001119015999372029,-8.329509424438025e-07,-8.94948323080689e-07,1
CP_REPO_RIDGE_OPS_R,same_average_different_path,ex_post_descriptive,near_zero_excluded,SMAPE,7368,10,117.07922485099387,117.09353114368012,-0.014306292686256938,-0.040372563026524234,4
CP_REPO_RIDGE_OPS_R,same_average_different_path,ex_post_descriptive,standard,LOG_RV_MSE,7396,10,131.0538149663491,131.10961742739195,-0.0558024610428447,-0.06306981920008585,5
CP_REPO_RIDGE_OPS_R,same_average_different_path,ex_post_descriptive,standard,MAE,7396,10,0.000543100371193495,0.0005436771089560634,-5.767377625683382e-07,-7.88638250102521e-07,4
CP_REPO_RIDGE_OPS_R,same_average_different_path,ex_post_descriptive,standard,MSE,7396,10,1.2465643227993336e-06,1.2484542317086715e-06,-1.8899089093378945e-09,-2.042209960200057e-09,1
CP_REPO_RIDGE_OPS_R,same_average_different_path,ex_post_descriptive,standard,RMSE,7396,10,0.0011164964499716663,0.0011173424863078784,-8.460363362121272e-07,-9.12861481422e-07,1
CP_REPO_RIDGE_OPS_R,same_average_different_path,ex_post_descriptive,standard,SMAPE,7396,10,117.3731818015564,117.38737235581442,-0.014190554258021848,-0.039375804860019056,4
CP_REPO_RIDGE_OPS_R,same_average_recent_front_loaded,ex_post_descriptive,high_vol_only,LOG_RV_MSE,2870,10,1.4580562797951269,1.7936196598973686,-0.33556338010224174,-0.32173153734744175,4
CP_REPO_RIDGE_OPS_R,same_average_recent_front_loaded,ex_post_descriptive,high_vol_only,MAE,2870,10,0.0016073033120725894,0.0016082310720114397,-9.27759938850305e-07,-9.338615910194385e-07,4
CP_REPO_RIDGE_OPS_R,same_average_recent_front_loaded,ex_post_descriptive,high_vol_only,MSE,2870,10,7.781371153816655e-06,7.785329536123379e-06,-3.958382306723651e-09,-3.932516371604226e-09,4
CP_REPO_RIDGE_OPS_R,same_average_recent_front_loaded,ex_post_descriptive,high_vol_only,RMSE,2870,10,0.0027895109165975056,0.0027902203382749865,-7.094216774809065e-07,-1.0763010955551359e-06,4
CP_REPO_RIDGE_OPS_R,same_average_recent_front_loaded,ex_post_descriptive,high_vol_only,SMAPE,2870,10,94.65986103058924,94.72149459924633,-0.06163356865708636,-0.0577197434057382,5
CP_REPO_RIDGE_OPS_R,same_average_recent_front_loaded,ex_post_descriptive,near_zero_excluded,LOG_RV_MSE,14110,10,61.51306201248259,61.703041616195534,-0.18997960371294198,-0.1941203832088964,3
CP_REPO_RIDGE_OPS_R,same_average_recent_front_loaded,ex_post_descriptive,near_zero_excluded,MAE,14110,10,0.0006158783010104141,0.0006165904446225329,-7.121436121187682e-07,-7.331501062897568e-07,2
CP_REPO_RIDGE_OPS_R,same_average_recent_front_loaded,ex_post_descriptive,near_zero_excluded,MSE,14110,10,1.7527220781628603e-06,1.7537885783625827e-06,-1.066500199722433e-09,-1.0696362140798232e-09,3
CP_REPO_RIDGE_OPS_R,same_average_recent_front_loaded,ex_post_descriptive,near_zero_excluded,RMSE,14110,10,0.0013239041045947626,0.0013243068293875792,-4.0272479281651744e-07,-4.6044892007857413e-07,3
CP_REPO_RIDGE_OPS_R,same_average_recent_front_loaded,ex_post_descriptive,near_zero_excluded,SMAPE,14110,10,92.08728032701002,92.16437090953248,-0.07709058252245882,-0.07908746125767863,1
CP_REPO_RIDGE_OPS_R,same_average_recent_front_loaded,ex_post_descriptive,standard,LOG_RV_MSE,14331,10,65.0327606534289,65.22072261094023,-0.18796195751133382,-0.19205184282886414,3
CP_REPO_RIDGE_OPS_R,same_average_recent_front_loaded,ex_post_descriptive,standard,MAE,14331,10,0.0006156989961505772,0.000616367524196308,-6.6852804573084e-07,-7.018948182107936e-07,4
CP_REPO_RIDGE_OPS_R,same_average_recent_front_loaded,ex_post_descriptive,standard,MSE,14331,10,1.732179693635762e-06,1.733170558587787e-06,-9.90864952024979e-10,-1.0110366011361049e-09,2
CP_REPO_RIDGE_OPS_R,same_average_recent_front_loaded,ex_post_descriptive,standard,RMSE,14331,10,0.0013161229781581058,0.0013164993576100929,-3.7637945198704115e-07,-4.33754808072792e-07,2
CP_REPO_RIDGE_OPS_R,same_average_recent_front_loaded,ex_post_descriptive,standard,SMAPE,14331,10,93.68336123354462,93.7576534669107,-0.07429223336608004,-0.07674316324599602,1
CP_REPO_RIDGE_OPS_R,stable_low_dispersion,ex_post_descriptive,high_vol_only,LOG_RV_MSE,13798,10,1.1365927010064192,1.2783539960137034,-0.14176129500728418,-0.13323802469501192,3
CP_REPO_RIDGE_OPS_R,stable_low_dispersion,ex_post_descriptive,high_vol_only,MAE,13798,10,0.0016297046728240819,0.001627481205236218,2.2234675878638095e-06,2.0873712636028073e-06,8
CP_REPO_RIDGE_OPS_R,stable_low_dispersion,ex_post_descriptive,high_vol_only,MSE,13798,10,1.7413305625955696e-05,1.7400039007921448e-05,1.3266618034248268e-08,1.272446943983809e-08,7
CP_REPO_RIDGE_OPS_R,stable_low_dispersion,ex_post_descriptive,high_vol_only,RMSE,13798,10,0.004172925307977091,0.004171335398636922,1.5899093401688935e-06,1.3460445180057067e-06,7
CP_REPO_RIDGE_OPS_R,stable_low_dispersion,ex_post_descriptive,high_vol_only,SMAPE,13798,10,72.78501202823047,72.67258889519454,0.11242313303593221,0.07805098340347812,7
CP_REPO_RIDGE_OPS_R,stable_low_dispersion,ex_post_descriptive,near_zero_excluded,LOG_RV_MSE,67129,10,23.025768102724278,23.176125527869615,-0.15035742514533723,-0.14003620819898582,2
CP_REPO_RIDGE_OPS_R,stable_low_dispersion,ex_post_descriptive,near_zero_excluded,MAE,67129,10,0.0006391886576111414,0.0006403303239065646,-1.141666295423208e-06,-1.0789966953416543e-06,1
CP_REPO_RIDGE_OPS_R,stable_low_dispersion,ex_post_descriptive,near_zero_excluded,MSE,67129,10,3.7891257013455223e-06,3.7884979180721847e-06,6.277832733376688e-10,5.776774702008122e-10,5
CP_REPO_RIDGE_OPS_R,stable_low_dispersion,ex_post_descriptive,near_zero_excluded,RMSE,67129,10,0.0019465676719152413,0.0019464064113314528,1.6126058378852955e-07,1.259141983595138e-07,5
CP_REPO_RIDGE_OPS_R,stable_low_dispersion,ex_post_descriptive,near_zero_excluded,SMAPE,67129,10,76.72229579638059,76.87623362783371,-0.15393783145312057,-0.1501605991405583,1
CP_REPO_RIDGE_OPS_R,stable_low_dispersion,ex_post_descriptive,standard,LOG_RV_MSE,68968,10,30.904589905889917,31.05618849468837,-0.15159858879845345,-0.1380743149698759,2
CP_REPO_RIDGE_OPS_R,stable_low_dispersion,ex_post_descriptive,standard,MAE,68968,10,0.0006423459670206478,0.0006434553363747196,-1.1093693540717474e-06,-1.0468766702162583e-06,1
CP_REPO_RIDGE_OPS_R,stable_low_dispersion,ex_post_descriptive,standard,MSE,68968,10,3.707039266768412e-06,3.7064160705464958e-06,6.231962219161881e-10,6.141515302106852e-10,5
CP_REPO_RIDGE_OPS_R,stable_low_dispersion,ex_post_descriptive,standard,RMSE,68968,10,0.0019253673069750644,0.00192520546190439,1.618450706742866e-07,1.2874024076776175e-07,5
CP_REPO_RIDGE_OPS_R,stable_low_dispersion,ex_post_descriptive,standard,SMAPE,68968,10,79.91610747922876,80.06889110984451,-0.15278363061575817,-0.14811697968196286,1
HAR_RV,all_observations,not_conditioned,high_vol_only,LOG_RV_MSE,73496,10,1.2429973656852933,1.1538809826881895,0.08911638299710378,0.0891303910030145,9
HAR_RV,all_observations,not_conditioned,high_vol_only,MAE,73496,10,0.0013977588560373617,0.001446893467721837,-4.9134611684475363e-05,-4.913772967297741e-05,0
HAR_RV,all_observations,not_conditioned,high_vol_only,MSE,73496,10,9.91631467282196e-06,1.0165547281908861e-05,-2.4923260908690145e-07,-2.4923060313428816e-07,0
HAR_RV,all_observations,not_conditioned,high_vol_only,RMSE,73496,10,0.0031490180489832003,0.003188345539917037,-3.932749093383658e-05,-3.5551125440631975e-05,0
HAR_RV,all_observations,not_conditioned,high_vol_only,SMAPE,73496,10,74.02057589487282,78.3404388474482,-4.319862952575377,-4.320275704808667,0
HAR_RV,all_observations,not_conditioned,near_zero_excluded,LOG_RV_MSE,363794,10,84.08930450077095,85.1409782779153,-1.0516737771443445,-1.0389345937609584,2
HAR_RV,all_observations,not_conditioned,near_zero_excluded,MAE,363794,10,0.0005874977904224,0.0006048166976936796,-1.7318907271279588e-05,-1.733440752416484e-05,0
HAR_RV,all_observations,not_conditioned,near_zero_excluded,MSE,363794,10,2.215330906486703e-06,2.261422652118217e-06,-4.609174563151419e-08,-4.6087866500972686e-08,0
HAR_RV,all_observations,not_conditioned,near_zero_excluded,RMSE,363794,10,0.0014883987726703831,0.0015038027304531058,-1.5403957782722695e-05,-1.4170184718690064e-05,0
HAR_RV,all_observations,not_conditioned,near_zero_excluded,SMAPE,363794,10,99.92108203019059,101.21895932892548,-1.297877298734889,-1.3163148890331215,1
HAR_RV,all_observations,not_conditioned,standard,LOG_RV_MSE,367468,10,86.0153296729766,87.09802146837458,-1.0826917953979773,-1.0827074915537904,1
HAR_RV,all_observations,not_conditioned,standard,MAE,367468,10,0.0005862627334133548,0.0006037872445978333,-1.7524511184478417e-05,-1.7524929103807894e-05,0
HAR_RV,all_observations,not_conditioned,standard,MSE,367468,10,2.195810003812886e-06,2.2416654940038354e-06,-4.585549019094956e-08,-4.5854994113221274e-08,0
HAR_RV,all_observations,not_conditioned,standard,RMSE,367468,10,0.0014818265768344438,0.0014972192538181691,-1.5392676983725295e-05,-1.4152490506407216e-05,0
HAR_RV,all_observations,not_conditioned,standard,SMAPE,367468,10,100.87996480320403,102.17009400936833,-1.2901292061642948,-1.2902974222090648,1
HAR_RV,cluster_entry_loose,ex_post_descriptive,high_vol_only,LOG_RV_MSE,14694,10,1.332130441941895,1.3514816975357498,-0.019351255593854866,-0.019331821714272068,2
HAR_RV,cluster_entry_loose,ex_post_descriptive,high_vol_only,MAE,14694,10,0.001784491149669092,0.0018701965232657185,-8.570537359662645e-05,-8.57095319955959e-05,0
HAR_RV,cluster_entry_loose,ex_post_descriptive,high_vol_only,MSE,14694,10,1.032153994459627e-05,1.0826545389127846e-05,-5.050054445315759e-07,-5.050589558800956e-07,0
HAR_RV,cluster_entry_loose,ex_post_descriptive,high_vol_only,RMSE,14694,10,0.003212715353808406,0.003290371618697172,-7.765626488876604e-05,-6.981532515621429e-05,0
HAR_RV,cluster_entry_loose,ex_post_descriptive,high_vol_only,SMAPE,14694,10,84.8115403046506,91.30987962776818,-6.498339323117577,-6.498674932903491,0
HAR_RV,cluster_entry_loose,ex_post_descriptive,near_zero_excluded,LOG_RV_MSE,72721,10,60.55015231484592,60.38241544454342,0.16773687030249818,0.16702214018820477,9
HAR_RV,cluster_entry_loose,ex_post_descriptive,near_zero_excluded,MAE,72721,10,0.0007578798738627712,0.0007407280631194363,1.715181074333496e-05,1.7152054201263003e-05,9
HAR_RV,cluster_entry_loose,ex_post_descriptive,near_zero_excluded,MSE,72721,10,2.4815741439829076e-06,2.5286077317323875e-06,-4.703358774947985e-08,-4.713014314517758e-08,2
HAR_RV,cluster_entry_loose,ex_post_descriptive,near_zero_excluded,RMSE,72721,10,0.0015753012867330831,0.001590159656051048,-1.4858369317964854e-05,-1.2624353578358964e-05,2
HAR_RV,cluster_entry_loose,ex_post_descriptive,near_zero_excluded,SMAPE,72721,10,92.54758699479648,91.94278593726534,0.6048010575311338,0.6091378654139448,9
HAR_RV,cluster_entry_loose,ex_post_descriptive,standard,LOG_RV_MSE,73457,10,62.079879723481234,61.901295068323854,0.17858465515737976,0.1785071467458911,9
HAR_RV,cluster_entry_loose,ex_post_descriptive,standard,MAE,73457,10,0.0007565085520951432,0.000739038083602356,1.7470468492787215e-05,1.7465768374250012e-05,9
HAR_RV,cluster_entry_loose,ex_post_descriptive,standard,MSE,73457,10,2.4613245520281704e-06,2.5071466797490432e-06,-4.582212772087285e-08,-4.584112343396966e-08,2
HAR_RV,cluster_entry_loose,ex_post_descriptive,standard,RMSE,73457,10,0.0015688609090764452,0.0015833971958258114,-1.4536286749366112e-05,-1.2221395018711447e-05,2
HAR_RV,cluster_entry_loose,ex_post_descriptive,standard,SMAPE,73457,10,93.56088921296094,92.95960192839895,0.601287284561991,0.6010956756566174,9
HAR_RV,cluster_entry_strict,ex_post_descriptive,high_vol_only,LOG_RV_MSE,14657,10,1.3342554638475268,1.3538012400992345,-0.019545776251707725,-0.019697472875541577,2
HAR_RV,cluster_entry_strict,ex_post_descriptive,high_vol_only,MAE,14657,10,0.001787243329286434,0.001873128812899502,-8.588548361306795e-05,-8.590334857570321e-05,0
HAR_RV,cluster_entry_strict,ex_post_descriptive,high_vol_only,MSE,14657,10,1.034580321321044e-05,1.0852086168601458e-05,-5.06282955391019e-07,-5.062426974464597e-07,0
HAR_RV,cluster_entry_strict,ex_post_descriptive,high_vol_only,RMSE,14657,10,0.003216489268318867,0.003294250471442853,-7.776120312398592e-05,-6.990589617462419e-05,0
HAR_RV,cluster_entry_strict,ex_post_descriptive,high_vol_only,SMAPE,14657,10,84.88149633879505,91.39830605958325,-6.516809720788203,-6.517906622323629,0
HAR_RV,cluster_entry_strict,ex_post_descriptive,near_zero_excluded,LOG_RV_MSE,72532,10,60.381173384259625,60.20595730465326,0.17521607960636487,0.1747700498455828,9
HAR_RV,cluster_entry_strict,ex_post_descriptive,near_zero_excluded,MAE,72532,10,0.0007588564320065486,0.0007414969774937495,1.7359454512799136e-05,1.7370794520230238e-05,9
HAR_RV,cluster_entry_strict,ex_post_descriptive,near_zero_excluded,MSE,72532,10,2.487464553071507e-06,2.5344477600532113e-06,-4.698320698170441e-08,-4.704338600641331e-08,2
HAR_RV,cluster_entry_strict,ex_post_descriptive,near_zero_excluded,RMSE,72532,10,0.0015771697920869228,0.001591994899506029,-1.4825107419106157e-05,-1.2584710232787079e-05,2
HAR_RV,cluster_entry_strict,ex_post_descriptive,near_zero_excluded,SMAPE,72532,10,92.4997892944739,91.88964463323727,0.6101446612366317,0.6150400308955184,9
HAR_RV,cluster_entry_strict,ex_post_descriptive,standard,LOG_RV_MSE,73266,10,61.91279479782629,61.72667055793494,0.18612423989134896,0.1863749516072244,9
HAR_RV,cluster_entry_strict,ex_post_descriptive,standard,MAE,73266,10,0.0007574764163155193,0.0007398002112098689,1.7676205105650344e-05,1.7683346637524572e-05,9
HAR_RV,cluster_entry_strict,ex_post_descriptive,standard,MSE,73266,10,2.4671601900807016e-06,2.5129329507076706e-06,-4.577276062696905e-08,-4.575681080886839e-08,2
HAR_RV,cluster_entry_strict,ex_post_descriptive,standard,RMSE,73266,10,0.0015707196408273189,0.0015852233125675608,-1.4503671740241902e-05,-1.2182599907729507e-05,2
HAR_RV,cluster_entry_strict,ex_post_descriptive,standard,SMAPE,73266,10,93.51351872765494,92.90699327120379,0.606525456451152,0.606883519144256,9
HAR_RV,cluster_exit_loose,ex_post_descriptive,high_vol_only,LOG_RV_MSE,14693,10,1.1229862115788884,1.224561801961695,-0.10157559038280661,-0.10158649240582765,2
HAR_RV,cluster_exit_loose,ex_post_descriptive,high_vol_only,MAE,14693,10,0.0015010885261131542,0.0015883439805883493,-8.725545447519517e-05,-8.72622739965303e-05,0
HAR_RV,cluster_exit_loose,ex_post_descriptive,high_vol_only,MSE,14693,10,1.2677943124526244e-05,1.3136469919340144e-05,-4.585267948138999e-07,-4.5850862876792816e-07,0
HAR_RV,cluster_exit_loose,ex_post_descriptive,high_vol_only,RMSE,14693,10,0.0035606099371492863,0.003624426840114192,-6.38169029649055e-05,-6.044852345328764e-05,0
HAR_RV,cluster_exit_loose,ex_post_descriptive,high_vol_only,SMAPE,14693,10,73.70908084853484,81.77146760668083,-8.06238675814599,-8.063404878097824,0
HAR_RV,cluster_exit_loose,ex_post_descriptive,near_zero_excluded,LOG_RV_MSE,72719,10,80.20388218822569,80.49601050792866,-0.29212831970296804,-0.2874082851773599,5
HAR_RV,cluster_exit_loose,ex_post_descriptive,near_zero_excluded,MAE,72719,10,0.0006184788455707456,0.0006347389894119323,-1.626014384118672e-05,-1.6270042045642506e-05,1
HAR_RV,cluster_exit_loose,ex_post_descriptive,near_zero_excluded,MSE,72719,10,2.7784093074004996e-06,2.8557866934849193e-06,-7.737738608441977e-08,-7.742269327977162e-08,0
HAR_RV,cluster_exit_loose,ex_post_descriptive,near_zero_excluded,RMSE,72719,10,0.0016668561147863063,0.0016899073032225524,-2.305118843624605e-05,-2.1519919686727255e-05,0
HAR_RV,cluster_exit_loose,ex_post_descriptive,near_zero_excluded,SMAPE,72719,10,96.79268422556595,98.13192816825426,-1.339243942688313,-1.350949193130471,0
HAR_RV,cluster_exit_loose,ex_post_descriptive,standard,LOG_RV_MSE,73455,10,82.09800800629024,82.42606249141518,-0.3280544851249374,-0.32777405749596616,3
HAR_RV,cluster_exit_loose,ex_post_descriptive,standard,MAE,73455,10,0.0006171643472764074,0.0006335651434417895,-1.6400796165382068e-05,-1.6397308818769682e-05,1
HAR_RV,cluster_exit_loose,ex_post_descriptive,standard,MSE,73455,10,2.7534877094946653e-06,2.8302635066220383e-06,-7.677579712737303e-08,-7.676545794490313e-08,0
HAR_RV,cluster_exit_loose,ex_post_descriptive,standard,RMSE,73455,10,0.0016593636459482487,0.0016823387015170394,-2.297505556879062e-05,-2.141414797340475e-05,0
HAR_RV,cluster_exit_loose,ex_post_descriptive,standard,SMAPE,73455,10,97.78270324564932,99.11339154271911,-1.3306882970697984,-1.330741375886086,0
HAR_RV,cluster_exit_strict,ex_post_descriptive,high_vol_only,LOG_RV_MSE,14671,10,1.121544847097662,1.223459204768175,-0.10191435767051304,-0.10193685823744687,2
HAR_RV,cluster_exit_strict,ex_post_descriptive,high_vol_only,MAE,14671,10,0.0015007236426876971,0.0015881446739235351,-8.742103123583799e-05,-8.740498180839441e-05,0
HAR_RV,cluster_exit_strict,ex_post_descriptive,high_vol_only,MSE,14671,10,1.2686413406552538e-05,1.3145835759195195e-05,-4.594223526426566e-07,-4.592334980154505e-07,0
HAR_RV,cluster_exit_strict,ex_post_descriptive,high_vol_only,RMSE,14671,10,0.003561799181109533,0.0036257186541698455,-6.391947306031267e-05,-6.054104638205769e-05,0
HAR_RV,cluster_exit_strict,ex_post_descriptive,high_vol_only,SMAPE,14671,10,73.684845994303,81.76158989678203,-8.076743902479024,-8.07531644814381,0
HAR_RV,cluster_exit_strict,ex_post_descriptive,near_zero_excluded,LOG_RV_MSE,72600,10,80.02173783897848,80.30835738309759,-0.2866195441191053,-0.28255588932985143,5
HAR_RV,cluster_exit_strict,ex_post_descriptive,near_zero_excluded,MAE,72600,10,0.0006184535179022776,0.0006346433016877694,-1.6189783785491808e-05,-1.6204685009790505e-05,1
HAR_RV,cluster_exit_strict,ex_post_descriptive,near_zero_excluded,MSE,72600,10,2.7805878498197563e-06,2.8580298571488285e-06,-7.74420073290722e-08,-7.746975171028497e-08,0
HAR_RV,cluster_exit_strict,ex_post_descriptive,near_zero_excluded,RMSE,72600,10,0.0016675094751814027,0.001690570867236517,-2.3061392055114286e-05,-2.1529041166683245e-05,0
HAR_RV,cluster_exit_strict,ex_post_descriptive,near_zero_excluded,SMAPE,72600,10,96.72258691267511,98.0615785786717,-1.3389916659965877,-1.3508137499439825,0
HAR_RV,cluster_exit_strict,ex_post_descriptive,standard,LOG_RV_MSE,73334,10,81.90717235117306,82.2295292290032,-0.32235687783014555,-0.32265800980318937,3
HAR_RV,cluster_exit_strict,ex_post_descriptive,standard,MAE,73334,10,0.000617143413936819,0.0006334702199722435,-1.6326806035424487e-05,-1.6328008115874414e-05,1
HAR_RV,cluster_exit_strict,ex_post_descriptive,standard,MSE,73334,10,2.7556748132676994e-06,2.8325109412496572e-06,-7.68361279819578e-08,-7.68086388418117e-08,0
HAR_RV,cluster_exit_strict,ex_post_descriptive,standard,RMSE,73334,10,0.0016600225339638314,0.001683006518481036,-2.2983984517204598e-05,-2.142188452717249e-05,0
HAR_RV,cluster_exit_strict,ex_post_descriptive,standard,SMAPE,73334,10,97.71189563488282,99.04229870182498,-1.3304030669421536,-1.330654594992231,0
HAR_RV,entry_with_recent_spike,ex_post_descriptive,high_vol_only,LOG_RV_MSE,8754,10,1.4736378437064515,1.3767992853820759,0.0968385583243756,0.10901518388257847,2
HAR_RV,entry_with_recent_spike,ex_post_descriptive,high_vol_only,MAE,8754,10,0.0019315043244099452,0.0020068854234640125,-7.538109905406726e-05,-7.461558346038418e-05,0
HAR_RV,entry_with_recent_spike,ex_post_descriptive,high_vol_only,MSE,8754,10,1.1146392096496613e-05,1.1627917591749405e-05,-4.815254952527921e-07,-4.7553012512824037e-07,0
HAR_RV,entry_with_recent_spike,ex_post_descriptive,high_vol_only,RMSE,8754,10,0.003338621286773421,0.003409973253817309,-7.135196704388799e-05,-6.375977325413604e-05,0
HAR_RV,entry_with_recent_spike,ex_post_descriptive,high_vol_only,SMAPE,8754,10,87.65347704873638,92.89578173620524,-5.2423046874688595,-5.214269348964426,0
HAR_RV,entry_with_recent_spike,ex_post_descriptive,near_zero_excluded,LOG_RV_MSE,43077,10,58.5073000988938,58.21984640627633,0.28745369261746845,0.2724621209586514,9
HAR_RV,entry_with_recent_spike,ex_post_descriptive,near_zero_excluded,MAE,43077,10,0.0008298909472286534,0.0008007944607963925,2.909648643226084e-05,2.867234395842307e-05,9
HAR_RV,entry_with_recent_spike,ex_post_descriptive,near_zero_excluded,MSE,43077,10,2.7524238027535856e-06,2.790331479949905e-06,-3.790767719631925e-08,-3.811601980035503e-08,2
HAR_RV,entry_with_recent_spike,ex_post_descriptive,near_zero_excluded,RMSE,43077,10,0.0016590430382463215,0.0016704285318294538,-1.1385493583132306e-05,-8.005343664785118e-06,2
HAR_RV,entry_with_recent_spike,ex_post_descriptive,near_zero_excluded,SMAPE,43077,10,93.4313578597661,92.05754548231009,1.3738123774560052,1.367874185576899,9
HAR_RV,entry_with_recent_spike,ex_post_descriptive,standard,LOG_RV_MSE,43747,10,61.708962586389255,61.38552385070704,0.3234387356822168,0.3100026898863318,9
HAR_RV,entry_with_recent_spike,ex_post_descriptive,standard,MAE,43747,10,0.0008304363652918029,0.0008005230127026913,2.991335258911167e-05,2.94745599264268e-05,9
HAR_RV,entry_with_recent_spike,ex_post_descriptive,standard,MSE,43747,10,2.7262690958934324e-06,2.7604883857892134e-06,-3.421928989578098e-08,-3.401663176531394e-08,2
HAR_RV,entry_with_recent_spike,ex_post_descriptive,standard,RMSE,43747,10,0.0016511417552389112,0.0016614717529314827,-1.0329997692571464e-05,-7.008211918564048e-06,2
HAR_RV,entry_with_recent_spike,ex_post_descriptive,standard,SMAPE,43747,10,94.9939885723259,93.63512857367937,1.3588599986465368,1.3452598568580967,9
HAR_RV,entry_without_recent_spike,ex_post_descriptive,high_vol_only,LOG_RV_MSE,5946,10,1.1195692099524477,1.3107673694511133,-0.1911981594986656,-0.19051029028577574,0
HAR_RV,entry_without_recent_spike,ex_post_descriptive,high_vol_only,MAE,5946,10,0.0015570783495014973,0.0016598470728635191,-0.0001027687233620218,-0.00010387208198030851,0
HAR_RV,entry_without_recent_spike,ex_post_descriptive,high_vol_only,MSE,5946,10,9.074816797282833e-06,9.618969987400124e-06,-5.441531901172908e-07,-5.537277180670687e-07,0
HAR_RV,entry_without_recent_spike,ex_post_descriptive,high_vol_only,RMSE,5946,10,0.003012443658773195,0.003101446434713991,-8.900277594079591e-05,-8.077151221320077e-05,0
HAR_RV,entry_without_recent_spike,ex_post_descriptive,high_vol_only,SMAPE,5946,10,80.3430946440876,88.8226774101432,-8.4795827660556,-8.448582758422443,0
HAR_RV,entry_without_recent_spike,ex_post_descriptive,near_zero_excluded,LOG_RV_MSE,29421,10,60.966920165964275,60.99987012397982,-0.03294995801554279,-0.04583807749139894,6
HAR_RV,entry_without_recent_spike,ex_post_descriptive,near_zero_excluded,MAE,29421,10,0.00064865090680092,0.0006497536570052405,-1.102750204320436e-06,-1.205598721389225e-06,3
HAR_RV,entry_without_recent_spike,ex_post_descriptive,near_zero_excluded,MSE,29421,10,2.0879985944370397e-06,2.152092168215791e-06,-6.409357377875132e-08,-6.553886186329756e-08,0
HAR_RV,entry_without_recent_spike,ex_post_descriptive,near_zero_excluded,RMSE,29421,10,0.0014449908630981166,0.0014670010798277522,-2.2010216729635582e-05,-2.023738374562932e-05,0
HAR_RV,entry_without_recent_spike,ex_post_descriptive,near_zero_excluded,SMAPE,29421,10,90.44189351704458,90.95947257807443,-0.5175790610298492,-0.5215488499004494,0
HAR_RV,entry_without_recent_spike,ex_post_descriptive,standard,LOG_RV_MSE,29710,10,62.62604303537494,62.66075126008022,-0.03470822470527679,-0.04846151209840466,6
HAR_RV,entry_without_recent_spike,ex_post_descriptive,standard,MAE,29710,10,0.0006476522732693516,0.0006485035432673724,-8.512699980208578e-07,-9.097880641816697e-07,4
HAR_RV,entry_without_recent_spike,ex_post_descriptive,standard,MSE,29710,10,2.071202405933468e-06,2.134109331578751e-06,-6.290692564528313e-08,-6.405150071982207e-08,0
HAR_RV,entry_without_recent_spike,ex_post_descriptive,standard,RMSE,29710,10,0.0014391672612776695,0.0014608591073675624,-2.1691846089892924e-05,-1.984718357973023e-05,0
HAR_RV,entry_without_recent_spike,ex_post_descriptive,standard,SMAPE,29710,10,91.450697436652,91.96491111213903,-0.5142136754870279,-0.5140765643609597,0
HAR_RV,high_within_block_dispersion,ex_post_descriptive,high_vol_only,LOG_RV_MSE,13800,10,1.347003340120205,0.7874933971783894,0.5595099429418157,0.5920196223334822,10
HAR_RV,high_within_block_dispersion,ex_post_descriptive,high_vol_only,MAE,13800,10,0.0010124910161190377,0.0009650392078156393,4.745180830339839e-05,4.5059729534692005e-05,9
HAR_RV,high_within_block_dispersion,ex_post_descriptive,high_vol_only,MSE,13800,10,4.061123263348121e-06,3.994481636111678e-06,6.664162723644315e-08,6.405136329078956e-08,8
HAR_RV,high_within_block_dispersion,ex_post_descriptive,high_vol_only,RMSE,13800,10,0.0020152228818044226,0.0019986199328816067,1.6602948922815868e-05,1.7583875965588267e-05,8
HAR_RV,high_within_block_dispersion,ex_post_descriptive,high_vol_only,SMAPE,13800,10,67.13010831164493,60.38790062887107,6.742207682773859,6.48794742702636,10
HAR_RV,high_within_block_dispersion,ex_post_descriptive,near_zero_excluded,LOG_RV_MSE,68602,10,133.4472628617705,135.1969365105613,-1.7496736487908038,-1.7974213316588865,1
HAR_RV,high_within_block_dispersion,ex_post_descriptive,near_zero_excluded,MAE,68602,10,0.000568649162840853,0.0005947759838229319,-2.612682098207899e-05,-2.5184503252687368e-05,1
HAR_RV,high_within_block_dispersion,ex_post_descriptive,near_zero_excluded,MSE,68602,10,1.1270507328910632e-06,1.1426734513944527e-06,-1.56227185033895e-08,-1.4912906855340387e-08,4
HAR_RV,high_within_block_dispersion,ex_post_descriptive,near_zero_excluded,RMSE,68602,10,0.0010616264563824054,0.0010689590503824048,-7.332593999999446e-06,-5.674502743860865e-06,4
HAR_RV,high_within_block_dispersion,ex_post_descriptive,near_zero_excluded,SMAPE,68602,10,119.19625535916762,120.23076481880425,-1.0345094596366238,-0.9419309624380461,3
HAR_RV,high_within_block_dispersion,ex_post_descriptive,standard,LOG_RV_MSE,68970,10,134.1816042629971,135.94162854688858,-1.7600242838914824,-1.8175824111800825,1
HAR_RV,high_within_block_dispersion,ex_post_descriptive,standard,MAE,68970,10,0.0005686239437191444,0.0005947832577575229,-2.6159314038378518e-05,-2.5355057318871705e-05,1
HAR_RV,high_within_block_dispersion,ex_post_descriptive,standard,MSE,68970,10,1.123133377256323e-06,1.1387555549710893e-06,-1.562217771476641e-08,-1.5041755060661725e-08,4
HAR_RV,high_within_block_dispersion,ex_post_descriptive,standard,RMSE,68970,10,0.0010597798720754811,0.0010671249012983856,-7.345029222904443e-06,-5.714997487639515e-06,4
HAR_RV,high_within_block_dispersion,ex_post_descriptive,standard,SMAPE,68970,10,119.60427234064147,120.63546405551635,-1.031191714874879,-0.9367447848205017,3
HAR_RV,inflection_points,ex_post_descriptive,high_vol_only,LOG_RV_MSE,28984,10,1.1395945186365517,1.2202233246986043,-0.08062880606205258,-0.08715823505857513,2
HAR_RV,inflection_points,ex_post_descriptive,high_vol_only,MAE,28984,10,0.0015690861682796692,0.001643034263405548,-7.394809512587886e-05,-7.269235946054281e-05,0
HAR_RV,inflection_points,ex_post_descriptive,high_vol_only,MSE,28984,10,1.1258143057283103e-05,1.1643663842952073e-05,-3.855207856689708e-07,-3.7412865449802437e-07,0
HAR_RV,inflection_points,ex_post_descriptive,high_vol_only,RMSE,28984,10,0.0033553156419751486,0.0034122813252942777,-5.696568331912911e-05,-5.327600425691224e-05,0
HAR_RV,inflection_points,ex_post_descriptive,high_vol_only,SMAPE,28984,10,77.5511484641698,84.06924320544157,-6.518094741271767,-6.7043458475763655,0
HAR_RV,inflection_points,ex_post_descriptive,near_zero_excluded,LOG_RV_MSE,143375,10,58.64300646845435,58.66753996847688,-0.024533500022528187,0.016146930957569583,6
HAR_RV,inflection_points,ex_post_descriptive,near_zero_excluded,MAE,143375,10,0.0006543332064361158,0.0006566420593468971,-2.3088529107813003e-06,-2.0439893101236086e-06,2
HAR_RV,inflection_points,ex_post_descriptive,near_zero_excluded,MSE,143375,10,2.5404502226370316e-06,2.5890355757264545e-06,-4.858535308942293e-08,-4.701282567075284e-08,0
HAR_RV,inflection_points,ex_post_descriptive,near_zero_excluded,RMSE,143375,10,0.0015938789861959506,0.001609048034002234,-1.5169047806283444e-05,-1.3866373640457222e-05,0
HAR_RV,inflection_points,ex_post_descriptive,near_zero_excluded,SMAPE,143375,10,90.02958355319511,90.57218120392399,-0.5425976507288794,-0.547259486155383,1
HAR_RV,inflection_points,ex_post_descriptive,standard,LOG_RV_MSE,144886,10,60.506791384132924,60.543453275519646,-0.03666189138672138,0.0018721662662887439,6
HAR_RV,inflection_points,ex_post_descriptive,standard,MAE,144886,10,0.0006529679144583394,0.0006552906325372189,-2.3227180788794755e-06,-2.0378024221520093e-06,2
HAR_RV,inflection_points,ex_post_descriptive,standard,MSE,144886,10,2.5174090289669973e-06,2.5653907246523503e-06,-4.7981695685352984e-08,-4.644891644890064e-08,0
HAR_RV,inflection_points,ex_post_descriptive,standard,RMSE,144886,10,0.0015866344975976657,0.0016016837155482199,-1.504921795055414e-05,-1.373367843457079e-05,0
HAR_RV,inflection_points,ex_post_descriptive,standard,SMAPE,144886,10,91.11849778030444,91.65853408136387,-0.5400363010594305,-0.5399766918461921,1
HAR_RV,older_spike_position,ex_post_descriptive,high_vol_only,LOG_RV_MSE,21781,10,1.1395303095276075,1.0862514841658844,0.053278825361723126,0.044350496982127174,6
HAR_RV,older_spike_position,ex_post_descriptive,high_vol_only,MAE,21781,10,0.0013486758957650074,0.0014070916635433844,-5.841576777837693e-05,-5.741283422951596e-05,0
HAR_RV,older_spike_position,ex_post_descriptive,high_vol_only,MSE,21781,10,1.069141300105579e-05,1.0975716772876012e-05,-2.8430377182022117e-07,-2.74978719019219e-07,0
HAR_RV,older_spike_position,ex_post_descriptive,high_vol_only,RMSE,21781,10,0.0032697726222255565,0.0033129619335084443,-4.318931128288782e-05,-4.137663129617254e-05,0
HAR_RV,older_spike_position,ex_post_descriptive,high_vol_only,SMAPE,21781,10,69.8626302544199,75.37261736197013,-5.509987107550231,-5.730782765693661,0
HAR_RV,older_spike_position,ex_post_descriptive,near_zero_excluded,LOG_RV_MSE,107788,10,78.34423187563695,78.83636846144533,-0.4921365858083817,-0.4572873607158675,3
HAR_RV,older_spike_position,ex_post_descriptive,near_zero_excluded,MAE,107788,10,0.0005714781969803931,0.0005942227648187549,-2.2744567838361832e-05,-2.199569178492897e-05,1
HAR_RV,older_spike_position,ex_post_descriptive,near_zero_excluded,MSE,107788,10,2.346475802604796e-06,2.4064951262340014e-06,-6.001932362920546e-08,-5.800633476225737e-08,0
HAR_RV,older_spike_position,ex_post_descriptive,near_zero_excluded,RMSE,107788,10,0.0015318210739524365,0.001551288215076103,-1.946714112366658e-05,-1.7890716463194812e-05,0
HAR_RV,older_spike_position,ex_post_descriptive,near_zero_excluded,SMAPE,107788,10,96.43669126169502,98.22387223587965,-1.7871809741846363,-1.7838799421386682,1
HAR_RV,older_spike_position,ex_post_descriptive,standard,LOG_RV_MSE,108871,10,80.56611776174127,81.10873113448055,-0.5426133727392823,-0.5153143824251625,1
HAR_RV,older_spike_position,ex_post_descriptive,standard,MAE,108871,10,0.0005701423444680369,0.0005931944034947191,-2.3052059026682165e-05,-2.2254953907060245e-05,1
HAR_RV,older_spike_position,ex_post_descriptive,standard,MSE,108871,10,2.3254307190849205e-06,2.3852402778405764e-06,-5.980955875565587e-08,-5.7775655739907744e-08,0
HAR_RV,older_spike_position,ex_post_descriptive,standard,RMSE,108871,10,0.0015249363000089285,0.0015444223120120273,-1.94860120030988e-05,-1.7901713531256893e-05,0
HAR_RV,older_spike_position,ex_post_descriptive,standard,SMAPE,108871,10,97.43444157677632,99.20825817605784,-1.773816599281517,-1.7487182828402894,1
HAR_RV,recent_ramp_high_dispersion,ex_post_descriptive,high_vol_only,LOG_RV_MSE,4860,10,1.422541686129273,1.0985219861534463,0.3240196999758267,0.3524410201628269,8
HAR_RV,recent_ramp_high_dispersion,ex_post_descriptive,high_vol_only,MAE,4860,10,0.0014613955477391944,0.0014638238848250964,-2.4283370859020086e-06,-2.4097711133835356e-06,5
HAR_RV,recent_ramp_high_dispersion,ex_post_descriptive,high_vol_only,MSE,4860,10,5.9629586828906324e-06,5.9700950704462745e-06,-7.136387555642039e-09,-7.745328252939458e-09,6
HAR_RV,recent_ramp_high_dispersion,ex_post_descriptive,high_vol_only,RMSE,4860,10,0.0024419170098286783,0.0024433777993683814,-1.4607895397031508e-06,1.979822032639202e-06,6
HAR_RV,recent_ramp_high_dispersion,ex_post_descriptive,high_vol_only,SMAPE,4860,10,76.48024025708399,76.99866552075177,-0.5184252636677797,-0.4429295658993354,3
HAR_RV,recent_ramp_high_dispersion,ex_post_descriptive,near_zero_excluded,LOG_RV_MSE,24128,10,114.11256475334159,113.93906127305674,0.1735034802848503,0.14009493562236938,7
HAR_RV,recent_ramp_high_dispersion,ex_post_descriptive,near_zero_excluded,MAE,24128,10,0.0007928593927930361,0.0007404474325280417,5.24119602649944e-05,5.097204490824392e-05,8
HAR_RV,recent_ramp_high_dispersion,ex_post_descriptive,near_zero_excluded,MSE,24128,10,1.8154479400161009e-06,1.7502089618312063e-06,6.523897818489455e-08,6.130606788395037e-08,8
HAR_RV,recent_ramp_high_dispersion,ex_post_descriptive,near_zero_excluded,RMSE,24128,10,0.0013473855944072211,0.0013229546333231562,2.443096108406496e-05,2.4292670451252686e-05,8
HAR_RV,recent_ramp_high_dispersion,ex_post_descriptive,near_zero_excluded,SMAPE,24128,10,117.97303253465954,115.1074838999423,2.8655486347172427,2.7867003939161905,10
HAR_RV,recent_ramp_high_dispersion,ex_post_descriptive,standard,LOG_RV_MSE,24273,10,114.68887161199063,114.51001367589856,0.17885793609207212,0.14432984169790988,7
HAR_RV,recent_ramp_high_dispersion,ex_post_descriptive,standard,MAE,24273,10,0.0007926212485103804,0.0007402055176219471,5.241573088843332e-05,5.089869615408143e-05,8
HAR_RV,recent_ramp_high_dispersion,ex_post_descriptive,standard,MSE,24273,10,1.8086202642090091e-06,1.7432647041870505e-06,6.535556002195868e-08,6.129811770043235e-08,8
HAR_RV,recent_ramp_high_dispersion,ex_post_descriptive,standard,RMSE,24273,10,0.001344849532181578,0.0013203274988377127,2.452203334386534e-05,2.4339627956266662e-05,8
HAR_RV,recent_ramp_high_dispersion,ex_post_descriptive,standard,SMAPE,24273,10,118.4281414949415,115.57984610016844,2.8482953947730607,2.765377841473088,10
HAR_RV,recent_spike_position,ex_post_descriptive,high_vol_only,LOG_RV_MSE,41263,10,133.60326357120792,138.82113313921906,-5.217869568011139,-1.051440869360122,2
HAR_RV,recent_spike_position,ex_post_descriptive,high_vol_only,MAE,41263,10,0.0009278329622731831,0.0009645710366329054,-3.673807435972229e-05,-4.376762255555881e-05,0
HAR_RV,recent_spike_position,ex_post_descriptive,high_vol_only,MSE,41263,10,5.620772726690841e-06,5.757724231976595e-06,-1.3695150528575448e-07,-2.4908053622311387e-07,1
HAR_RV,recent_spike_position,ex_post_descriptive,high_vol_only,RMSE,41263,10,0.002370816890164831,0.0023995258348216628,-2.870894465683161e-05,-3.4837957426912564e-05,1
HAR_RV,recent_spike_position,ex_post_descriptive,high_vol_only,SMAPE,41263,10,126.75937020163306,128.17433825214906,-1.414968050515995,-2.9296548628350294,1
HAR_RV,recent_spike_position,ex_post_descriptive,near_zero_excluded,LOG_RV_MSE,124205,10,108.09331457411457,110.31341094243481,-2.2200963683202417,-1.537338775889717,2
HAR_RV,recent_spike_position,ex_post_descriptive,near_zero_excluded,MAE,124205,10,0.0006101040586077684,0.000619683827525044,-9.579768917275674e-06,-7.92258493924068e-06,1
HAR_RV,recent_spike_position,ex_post_descriptive,near_zero_excluded,MSE,124205,10,2.122274233945656e-06,2.154216239774864e-06,-3.1942005829207854e-08,-3.553775311258085e-08,2
HAR_RV,recent_spike_position,ex_post_descriptive,near_zero_excluded,RMSE,124205,10,0.0014568027436635531,0.0014677248515218592,-1.0922107858306069e-05,-9.943113060460003e-06,2
HAR_RV,recent_spike_position,ex_post_descriptive,near_zero_excluded,SMAPE,124205,10,110.75903396715827,111.22608663403506,-0.46705266687678204,-0.5766014398608803,4
HAR_RV,recent_spike_position,ex_post_descriptive,standard,LOG_RV_MSE,125358,10,109.41387331267963,111.63561983650533,-2.2217465238257006,-1.5623660760594236,1
HAR_RV,recent_spike_position,ex_post_descriptive,standard,MAE,125358,10,0.0006091827784219505,0.0006188285133111248,-9.645734889174328e-06,-8.044166316286221e-06,1
HAR_RV,recent_spike_position,ex_post_descriptive,standard,MSE,125358,10,2.1057111020059574e-06,2.1373744498107596e-06,-3.1663347804802186e-08,-3.5268024471701104e-08,2
HAR_RV,recent_spike_position,ex_post_descriptive,standard,RMSE,125358,10,0.00145110685409654,0.0014619762138320719,-1.0869359735531884e-05,-9.866462433122478e-06,2
HAR_RV,recent_spike_position,ex_post_descriptive,standard,SMAPE,125358,10,111.53126331543436,111.99805864962076,-0.4667953341864006,-0.5638963447942033,4
HAR_RV,same_average_back_loaded,ex_post_descriptive,high_vol_only,LOG_RV_MSE,5089,10,148.22928488392745,148.84116672352408,-0.6118818395966343,-0.12035647484968508,4
HAR_RV,same_average_back_loaded,ex_post_descriptive,high_vol_only,MAE,5089,10,0.00079502070058517,0.0007963198063981787,-1.2991058130087073e-06,4.915602587503174e-07,6
HAR_RV,same_average_back_loaded,ex_post_descriptive,high_vol_only,MSE,5089,10,5.436331053659615e-06,5.470204906922029e-06,-3.38738532624139e-08,-6.095263697509319e-08,3
HAR_RV,same_average_back_loaded,ex_post_descriptive,high_vol_only,RMSE,5089,10,0.0023315941013949265,0.002338846918231723,-7.252816836796679e-06,-8.413121209082465e-06,3
HAR_RV,same_average_back_loaded,ex_post_descriptive,high_vol_only,SMAPE,5089,10,125.47402771920483,125.01051474231839,0.46351297688643456,0.7929996111537208,6
HAR_RV,same_average_back_loaded,ex_post_descriptive,near_zero_excluded,LOG_RV_MSE,15487,10,124.26141461023107,124.87654208363655,-0.6151274734054795,-0.5769183704636773,0
HAR_RV,same_average_back_loaded,ex_post_descriptive,near_zero_excluded,MAE,15487,10,0.000527741419898501,0.0005393240643365849,-1.1582644438083841e-05,-1.212804925472995e-05,0
HAR_RV,same_average_back_loaded,ex_post_descriptive,near_zero_excluded,MSE,15487,10,1.938986808645503e-06,1.9605226968928484e-06,-2.1535888247345352e-08,-2.3223314571728363e-08,1
HAR_RV,same_average_back_loaded,ex_post_descriptive,near_zero_excluded,RMSE,15487,10,0.0013924750657176965,0.001400186665017507,-7.711599299810605e-06,-7.144945663264702e-06,1
HAR_RV,same_average_back_loaded,ex_post_descriptive,near_zero_excluded,SMAPE,15487,10,115.21629356973736,115.90647539847924,-0.6901818287418848,-0.7414468769141749,1
HAR_RV,same_average_back_loaded,ex_post_descriptive,standard,LOG_RV_MSE,15559,10,124.77448379663251,125.39576490962163,-0.6212811129891236,-0.5864959506937503,0
HAR_RV,same_average_back_loaded,ex_post_descriptive,standard,MAE,15559,10,0.0005277712464133768,0.0005394221828288317,-1.1650936415454928e-05,-1.2200424503089332e-05,0
HAR_RV,same_average_back_loaded,ex_post_descriptive,standard,MSE,15559,10,1.931432277016903e-06,1.952980686895603e-06,-2.1548409878699992e-08,-2.3286560466158882e-08,1
HAR_RV,same_average_back_loaded,ex_post_descriptive,standard,RMSE,15559,10,0.0013897597911210781,0.001397490853957765,-7.73106283668678e-06,-7.176183423889183e-06,1
HAR_RV,same_average_back_loaded,ex_post_descriptive,standard,SMAPE,15559,10,115.5837931550299,116.27143838025826,-0.6876452252283656,-0.7349579313955914,1
HAR_RV,same_average_different_path,ex_post_descriptive,high_vol_only,LOG_RV_MSE,1483,10,1.176451606646611,1.093675689997257,0.08277591664935402,0.07771056534787332,10
HAR_RV,same_average_different_path,ex_post_descriptive,high_vol_only,MAE,1483,10,0.0012308421833447504,0.0012086128711551296,2.2229312189620855e-05,2.180863428553057e-05,10
HAR_RV,same_average_different_path,ex_post_descriptive,high_vol_only,MSE,1483,10,5.424646643583948e-06,5.353812151435466e-06,7.083449214848275e-08,7.407634376527027e-08,10
HAR_RV,same_average_different_path,ex_post_descriptive,high_vol_only,RMSE,1483,10,0.0023290870837270015,0.00231383062289258,1.5256460834421354e-05,1.7502737368257124e-05,10
HAR_RV,same_average_different_path,ex_post_descriptive,high_vol_only,SMAPE,1483,10,78.26623100008541,75.40564957917994,2.8605814209054756,2.691036332919416,10
HAR_RV,same_average_different_path,ex_post_descriptive,near_zero_excluded,LOG_RV_MSE,7368,10,130.5647982605645,131.59144765173295,-1.026649391168462,-0.9218875312952794,0
HAR_RV,same_average_different_path,ex_post_descriptive,near_zero_excluded,MAE,7368,10,0.0005432933685073359,0.000559701779505361,-1.6408410998025092e-05,-1.6183871715362018e-05,0
HAR_RV,same_average_different_path,ex_post_descriptive,near_zero_excluded,MSE,7368,10,1.25033332979528e-06,1.2550828883825673e-06,-4.7495585872872475e-09,-3.616455436321673e-09,5
HAR_RV,same_average_different_path,ex_post_descriptive,near_zero_excluded,RMSE,7368,10,0.0011181830484295852,0.0011203048194052222,-2.1217709756369586e-06,-1.0821016450895927e-06,5
HAR_RV,same_average_different_path,ex_post_descriptive,near_zero_excluded,SMAPE,7368,10,117.07922485099387,117.84061460787528,-0.7613897568814139,-0.879346102648006,2
HAR_RV,same_average_different_path,ex_post_descriptive,standard,LOG_RV_MSE,7396,10,131.0538149663491,132.08922654701664,-1.0354115806675281,-0.9387175054451393,0
HAR_RV,same_average_different_path,ex_post_descriptive,standard,MAE,7396,10,0.000543100371193495,0.000559609239978049,-1.6508868784553994e-05,-1.6365977676109518e-05,0
HAR_RV,same_average_different_path,ex_post_descriptive,standard,MSE,7396,10,1.2465643227993336e-06,1.2514457979088174e-06,-4.881475109483857e-09,-3.8810726083147584e-09,5
HAR_RV,same_average_different_path,ex_post_descriptive,standard,RMSE,7396,10,0.0011164964499716663,0.0011186803823741692,-2.1839324025028656e-06,-1.2131208691948566e-06,5
HAR_RV,same_average_different_path,ex_post_descriptive,standard,SMAPE,7396,10,117.3731818015564,118.13259874322219,-0.7594169416657905,-0.8724107231360477,2
HAR_RV,same_average_recent_front_loaded,ex_post_descriptive,high_vol_only,LOG_RV_MSE,2870,10,1.4580562797951269,1.3733001258808963,0.08475615391423053,0.08433356076053589,10
HAR_RV,same_average_recent_front_loaded,ex_post_descriptive,high_vol_only,MAE,2870,10,0.0016073033120725894,0.001581494259480884,2.5809052591705415e-05,2.5456411354032558e-05,10
HAR_RV,same_average_recent_front_loaded,ex_post_descriptive,high_vol_only,MSE,2870,10,7.781371153816655e-06,7.682204301891396e-06,9.91668519252598e-08,9.842168455397696e-08,10
HAR_RV,same_average_recent_front_loaded,ex_post_descriptive,high_vol_only,RMSE,2870,10,0.0027895109165975056,0.002771678968042907,1.783194855459842e-05,1.657114842981525e-05,10
HAR_RV,same_average_recent_front_loaded,ex_post_descriptive,high_vol_only,SMAPE,2870,10,94.65986103058924,92.24663898074402,2.413222049845217,2.3656187464317187,10
HAR_RV,same_average_recent_front_loaded,ex_post_descriptive,near_zero_excluded,LOG_RV_MSE,14110,10,61.51306201248259,61.875407262431466,-0.3623452499488735,-0.3565731893315156,3
HAR_RV,same_average_recent_front_loaded,ex_post_descriptive,near_zero_excluded,MAE,14110,10,0.0006158783010104141,0.0006150164913962427,8.618096141713898e-07,9.40301964658322e-07,6
HAR_RV,same_average_recent_front_loaded,ex_post_descriptive,near_zero_excluded,MSE,14110,10,1.7527220781628603e-06,1.7358422047282749e-06,1.687987343458544e-08,1.6864579780616975e-08,8
HAR_RV,same_average_recent_front_loaded,ex_post_descriptive,near_zero_excluded,RMSE,14110,10,0.0013239041045947626,0.0013175136449875102,6.390459607252428e-06,4.996056815245514e-06,8
HAR_RV,same_average_recent_front_loaded,ex_post_descriptive,near_zero_excluded,SMAPE,14110,10,92.08728032701002,91.76379167565833,0.32348865135169547,0.3239743319204436,9
HAR_RV,same_average_recent_front_loaded,ex_post_descriptive,standard,LOG_RV_MSE,14331,10,65.0327606534289,65.40355141629789,-0.3707907628689924,-0.3701393035831204,2
HAR_RV,same_average_recent_front_loaded,ex_post_descriptive,standard,MAE,14331,10,0.0006156989961505772,0.0006150321949096499,6.668012409273083e-07,7.431265170979728e-07,5
HAR_RV,same_average_recent_front_loaded,ex_post_descriptive,standard,MSE,14331,10,1.732179693635762e-06,1.7157395450751197e-06,1.6440148560642334e-08,1.6400125874021596e-08,7
HAR_RV,same_average_recent_front_loaded,ex_post_descriptive,standard,RMSE,14331,10,0.0013161229781581058,0.0013098624145593,6.260563598805766e-06,4.803535691226611e-06,7
HAR_RV,same_average_recent_front_loaded,ex_post_descriptive,standard,SMAPE,14331,10,93.68336123354462,93.36608009282189,0.3172811407227272,0.3201246388751883,9
HAR_RV,stable_low_dispersion,ex_post_descriptive,high_vol_only,LOG_RV_MSE,13798,10,1.1365927010064192,1.1968037757915484,-0.060211074785129215,-0.07040603307479565,4
HAR_RV,stable_low_dispersion,ex_post_descriptive,high_vol_only,MAE,13798,10,0.0016297046728240819,0.0017393771707389875,-0.0001096724979149056,-0.00010611358202104789,0
HAR_RV,stable_low_dispersion,ex_post_descriptive,high_vol_only,MSE,13798,10,1.7413305625955696e-05,1.7964868672926057e-05,-5.515630469703609e-07,-5.240451451311312e-07,0
HAR_RV,stable_low_dispersion,ex_post_descriptive,high_vol_only,RMSE,13798,10,0.004172925307977091,0.00423849839836304,-6.557309038594892e-05,-6.14614154706699e-05,0
HAR_RV,stable_low_dispersion,ex_post_descriptive,high_vol_only,SMAPE,13798,10,72.78501202823047,82.2041411566044,-9.419129128373925,-9.630038426208472,0
HAR_RV,stable_low_dispersion,ex_post_descriptive,near_zero_excluded,LOG_RV_MSE,67129,10,23.025768102724278,22.84602793115416,0.179740171570117,0.2260392849219067,6
HAR_RV,stable_low_dispersion,ex_post_descriptive,near_zero_excluded,MAE,67129,10,0.0006391886576111414,0.0006443522941568231,-5.163636545681702e-06,-4.643600247584138e-06,4
HAR_RV,stable_low_dispersion,ex_post_descriptive,near_zero_excluded,MSE,67129,10,3.7891257013455223e-06,3.867841166981009e-06,-7.871546563548675e-08,-7.534151300590842e-08,1
HAR_RV,stable_low_dispersion,ex_post_descriptive,near_zero_excluded,RMSE,67129,10,0.0019465676719152413,0.001966682782499763,-2.0115110584521595e-05,-1.8062925521258805e-05,1
HAR_RV,stable_low_dispersion,ex_post_descriptive,near_zero_excluded,SMAPE,67129,10,76.72229579638059,77.89275280141325,-1.1704570050326595,-1.1368469754919928,0
HAR_RV,stable_low_dispersion,ex_post_descriptive,standard,LOG_RV_MSE,68968,10,30.904589905889917,30.764015758002852,0.14057414788706524,0.19258373629315545,5
HAR_RV,stable_low_dispersion,ex_post_descriptive,standard,MAE,68968,10,0.0006423459670206478,0.0006475242923244562,-5.17832530380841e-06,-4.49251571905849e-06,4
HAR_RV,stable_low_dispersion,ex_post_descriptive,standard,MSE,68968,10,3.707039266768412e-06,3.78245674136497e-06,-7.541747459655791e-08,-7.146632511848004e-08,1
HAR_RV,stable_low_dispersion,ex_post_descriptive,standard,RMSE,68968,10,0.0019253673069750644,0.0019448539126024273,-1.9486605627362912e-05,-1.751843939696094e-05,1
HAR_RV,stable_low_dispersion,ex_post_descriptive,standard,SMAPE,68968,10,79.91610747922876,81.06909168250445,-1.1529842032756932,-1.100532102059249,0
RANDOM_GATE_PLACEBO_REPO,all_observations,not_conditioned,high_vol_only,LOG_RV_MSE,73496,10,1.2429973656852933,1.615236327625787,-0.3722389619404938,-0.37215945253254945,1
RANDOM_GATE_PLACEBO_REPO,all_observations,not_conditioned,high_vol_only,MAE,73496,10,0.0013977588560373617,0.001390205311092547,7.5535449448147374e-06,7.55366040392325e-06,9
RANDOM_GATE_PLACEBO_REPO,all_observations,not_conditioned,high_vol_only,MSE,73496,10,9.91631467282196e-06,9.86552353761329e-06,5.079113520866925e-08,5.0782881644302147e-08,10
RANDOM_GATE_PLACEBO_REPO,all_observations,not_conditioned,high_vol_only,RMSE,73496,10,0.0031490180489832003,0.003140943096844209,8.07495213899119e-06,6.861114292527892e-06,10
RANDOM_GATE_PLACEBO_REPO,all_observations,not_conditioned,high_vol_only,SMAPE,73496,10,74.02057589487282,73.68282748986661,0.3377484050062094,0.3377580082934003,9
RANDOM_GATE_PLACEBO_REPO,all_observations,not_conditioned,near_zero_excluded,LOG_RV_MSE,363794,10,84.08930450077095,84.2768255636894,-0.1875210629184494,-0.19344118135665694,3
RANDOM_GATE_PLACEBO_REPO,all_observations,not_conditioned,near_zero_excluded,MAE,363794,10,0.0005874977904224,0.0005870007236171964,4.970668052036407e-07,4.96600940515094e-07,7
RANDOM_GATE_PLACEBO_REPO,all_observations,not_conditioned,near_zero_excluded,MSE,363794,10,2.215330906486703e-06,2.207533846273509e-06,7.797060213194043e-09,7.767286731390639e-09,8
RANDOM_GATE_PLACEBO_REPO,all_observations,not_conditioned,near_zero_excluded,RMSE,363794,10,0.0014883987726703831,0.0014857771859446184,2.6215867257647213e-06,2.174047023763249e-06,8
RANDOM_GATE_PLACEBO_REPO,all_observations,not_conditioned,near_zero_excluded,SMAPE,363794,10,99.92108203019059,100.11849476062525,-0.19741273043466379,-0.1970318849811349,0
RANDOM_GATE_PLACEBO_REPO,all_observations,not_conditioned,standard,LOG_RV_MSE,367468,10,86.0153296729766,86.18854325186834,-0.17321357889173328,-0.17323362656779223,3
RANDOM_GATE_PLACEBO_REPO,all_observations,not_conditioned,standard,MAE,367468,10,0.0005862627334133548,0.0005857295890607373,5.331443526175768e-07,5.333040351926443e-07,7
RANDOM_GATE_PLACEBO_REPO,all_observations,not_conditioned,standard,MSE,367468,10,2.195810003812886e-06,2.1880925454678563e-06,7.71745834502951e-09,7.716415302120474e-09,8
RANDOM_GATE_PLACEBO_REPO,all_observations,not_conditioned,standard,RMSE,367468,10,0.0014818265768344438,0.0014792202491406938,2.6063276937500057e-06,2.16331710264421e-06,8
RANDOM_GATE_PLACEBO_REPO,all_observations,not_conditioned,standard,SMAPE,367468,10,100.87996480320403,101.0753274425908,-0.19536263938677223,-0.19530650921461473,0
RANDOM_GATE_PLACEBO_REPO,cluster_entry_loose,ex_post_descriptive,high_vol_only,LOG_RV_MSE,14694,10,1.332130441941895,1.6007369146084491,-0.26860647266655424,-0.268571462022026,3
RANDOM_GATE_PLACEBO_REPO,cluster_entry_loose,ex_post_descriptive,high_vol_only,MAE,14694,10,0.001784491149669092,0.001771654838496293,1.2836311172799127e-05,1.283628322353756e-05,10
RANDOM_GATE_PLACEBO_REPO,cluster_entry_loose,ex_post_descriptive,high_vol_only,MSE,14694,10,1.032153994459627e-05,1.0227043939439817e-05,9.449600515645325e-08,9.449127677051394e-08,9
RANDOM_GATE_PLACEBO_REPO,cluster_entry_loose,ex_post_descriptive,high_vol_only,RMSE,14694,10,0.003212715353808406,0.003197974974798867,1.4740379009538663e-05,1.2633270653370876e-05,9
RANDOM_GATE_PLACEBO_REPO,cluster_entry_loose,ex_post_descriptive,high_vol_only,SMAPE,14694,10,84.8115403046506,84.184075744332,0.6274645603186002,0.6274577453795089,9
RANDOM_GATE_PLACEBO_REPO,cluster_entry_loose,ex_post_descriptive,near_zero_excluded,LOG_RV_MSE,72721,10,60.55015231484592,60.75052622679034,-0.20037391194442478,-0.2033071823650797,2
RANDOM_GATE_PLACEBO_REPO,cluster_entry_loose,ex_post_descriptive,near_zero_excluded,MAE,72721,10,0.0007578798738627712,0.0007543215316733478,3.5583421894234664e-06,3.567174372603874e-06,8
RANDOM_GATE_PLACEBO_REPO,cluster_entry_loose,ex_post_descriptive,near_zero_excluded,MSE,72721,10,2.4815741439829076e-06,2.4563824428861353e-06,2.5191701096772302e-08,2.5143691392999988e-08,10
RANDOM_GATE_PLACEBO_REPO,cluster_entry_loose,ex_post_descriptive,near_zero_excluded,RMSE,72721,10,0.0015753012867330831,0.0015672850547638535,8.016231969229645e-06,6.601618122868376e-06,10
RANDOM_GATE_PLACEBO_REPO,cluster_entry_loose,ex_post_descriptive,near_zero_excluded,SMAPE,72721,10,92.54758699479648,92.53497496027876,0.012612034517715642,0.013150354262748465,5
RANDOM_GATE_PLACEBO_REPO,cluster_entry_loose,ex_post_descriptive,standard,LOG_RV_MSE,73457,10,62.079879723481234,62.27104086118354,-0.19116113770230925,-0.19125564059202382,2
RANDOM_GATE_PLACEBO_REPO,cluster_entry_loose,ex_post_descriptive,standard,MAE,73457,10,0.0007565085520951432,0.0007529125160248837,3.596036070259434e-06,3.596623297657712e-06,8
RANDOM_GATE_PLACEBO_REPO,cluster_entry_loose,ex_post_descriptive,standard,MSE,73457,10,2.4613245520281704e-06,2.4363168884030464e-06,2.5007663625124003e-08,2.5008514565770965e-08,10
RANDOM_GATE_PLACEBO_REPO,cluster_entry_loose,ex_post_descriptive,standard,RMSE,73457,10,0.0015688609090764452,0.0015608705546594972,7.990354416948084e-06,6.580951529231436e-06,10
RANDOM_GATE_PLACEBO_REPO,cluster_entry_loose,ex_post_descriptive,standard,SMAPE,73457,10,93.56088921296094,93.54811132156235,0.012777891398599195,0.012806514303649407,5
RANDOM_GATE_PLACEBO_REPO,cluster_entry_strict,ex_post_descriptive,high_vol_only,LOG_RV_MSE,14657,10,1.3342554638475268,1.6034821549359155,-0.2692266910883887,-0.2687672789920939,3
RANDOM_GATE_PLACEBO_REPO,cluster_entry_strict,ex_post_descriptive,high_vol_only,MAE,14657,10,0.001787243329286434,0.0017743214833572194,1.2921845929214637e-05,1.292254990631703e-05,10
RANDOM_GATE_PLACEBO_REPO,cluster_entry_strict,ex_post_descriptive,high_vol_only,MSE,14657,10,1.034580321321044e-05,1.025100256520736e-05,9.480064800307912e-08,9.4790329755888e-08,9
RANDOM_GATE_PLACEBO_REPO,cluster_entry_strict,ex_post_descriptive,high_vol_only,RMSE,14657,10,0.003216489268318867,0.0032017186892679002,1.4770579050966785e-05,1.2659194312841532e-05,9
RANDOM_GATE_PLACEBO_REPO,cluster_entry_strict,ex_post_descriptive,high_vol_only,SMAPE,14657,10,84.88149633879505,84.24900876836249,0.6324875704325592,0.6328853963085692,9
RANDOM_GATE_PLACEBO_REPO,cluster_entry_strict,ex_post_descriptive,near_zero_excluded,LOG_RV_MSE,72532,10,60.381173384259625,60.576775126464725,-0.19560174220509907,-0.19814221212524855,2
RANDOM_GATE_PLACEBO_REPO,cluster_entry_strict,ex_post_descriptive,near_zero_excluded,MAE,72532,10,0.0007588564320065486,0.0007552942707237656,3.5621612827830586e-06,3.568063111431089e-06,8
RANDOM_GATE_PLACEBO_REPO,cluster_entry_strict,ex_post_descriptive,near_zero_excluded,MSE,72532,10,2.487464553071507e-06,2.4621971568126224e-06,2.5267396258884494e-08,2.521230134425245e-08,10
RANDOM_GATE_PLACEBO_REPO,cluster_entry_strict,ex_post_descriptive,near_zero_excluded,RMSE,72532,10,0.0015771697920869228,0.0015691389858175796,8.03080626934319e-06,6.612785136905612e-06,10
RANDOM_GATE_PLACEBO_REPO,cluster_entry_strict,ex_post_descriptive,near_zero_excluded,SMAPE,72532,10,92.4997892944739,92.48924368751557,0.010545606958331177,0.011060373457016225,6
RANDOM_GATE_PLACEBO_REPO,cluster_entry_strict,ex_post_descriptive,standard,LOG_RV_MSE,73266,10,61.91279479782629,62.09921183226454,-0.18641703443825008,-0.18637150689084958,2
RANDOM_GATE_PLACEBO_REPO,cluster_entry_strict,ex_post_descriptive,standard,MAE,73266,10,0.0007574764163155193,0.0007538776113393597,3.5988049761595704e-06,3.5965483023812947e-06,8
RANDOM_GATE_PLACEBO_REPO,cluster_entry_strict,ex_post_descriptive,standard,MSE,73266,10,2.4671601900807016e-06,2.4420792921159416e-06,2.5080897964759974e-08,2.50753362881443e-08,10
RANDOM_GATE_PLACEBO_REPO,cluster_entry_strict,ex_post_descriptive,standard,RMSE,73266,10,0.0015707196408273189,0.0015627153586357117,8.004282191607145e-06,6.591506670049327e-06,10
RANDOM_GATE_PLACEBO_REPO,cluster_entry_strict,ex_post_descriptive,standard,SMAPE,73266,10,93.51351872765494,93.50281510136583,0.010703626289114254,0.01077416700767202,6
RANDOM_GATE_PLACEBO_REPO,cluster_exit_loose,ex_post_descriptive,high_vol_only,LOG_RV_MSE,14693,10,1.1229862115788884,1.8203033013656342,-0.6973170897867458,-0.696828023094634,1
RANDOM_GATE_PLACEBO_REPO,cluster_exit_loose,ex_post_descriptive,high_vol_only,MAE,14693,10,0.0015010885261131542,0.0014965848388907154,4.50368722243878e-06,4.506200294489531e-06,7
RANDOM_GATE_PLACEBO_REPO,cluster_exit_loose,ex_post_descriptive,high_vol_only,MSE,14693,10,1.2677943124526244e-05,1.2622570927315907e-05,5.53721972103371e-08,5.53636753168257e-08,8
RANDOM_GATE_PLACEBO_REPO,cluster_exit_loose,ex_post_descriptive,high_vol_only,RMSE,14693,10,0.0035606099371492863,0.003552825766529497,7.784170619789393e-06,6.567244069781084e-06,8
RANDOM_GATE_PLACEBO_REPO,cluster_exit_loose,ex_post_descriptive,high_vol_only,SMAPE,14693,10,73.70908084853484,73.89905392422321,-0.1899730756883713,-0.18975342092670644,3
RANDOM_GATE_PLACEBO_REPO,cluster_exit_loose,ex_post_descriptive,near_zero_excluded,LOG_RV_MSE,72719,10,80.20388218822569,80.40096237914679,-0.19708019092109907,-0.21163410733658364,4
RANDOM_GATE_PLACEBO_REPO,cluster_exit_loose,ex_post_descriptive,near_zero_excluded,MAE,72719,10,0.0006184788455707456,0.0006182821285103124,1.967170604332165e-07,1.9113295200273423e-07,5
RANDOM_GATE_PLACEBO_REPO,cluster_exit_loose,ex_post_descriptive,near_zero_excluded,MSE,72719,10,2.7784093074004996e-06,2.772828453729717e-06,5.5808536707826475e-09,5.556317488963206e-09,7
RANDOM_GATE_PLACEBO_REPO,cluster_exit_loose,ex_post_descriptive,near_zero_excluded,RMSE,72719,10,0.0016668561147863063,0.0016651812074755458,1.674907310760497e-06,1.1891081414876237e-06,7
RANDOM_GATE_PLACEBO_REPO,cluster_exit_loose,ex_post_descriptive,near_zero_excluded,SMAPE,72719,10,96.79268422556595,97.24513293860538,-0.4524487130394306,-0.4534391863529237,0
RANDOM_GATE_PLACEBO_REPO,cluster_exit_loose,ex_post_descriptive,standard,LOG_RV_MSE,73455,10,82.09800800629024,82.25882493108675,-0.16081692479650656,-0.16075252319279015,4
RANDOM_GATE_PLACEBO_REPO,cluster_exit_loose,ex_post_descriptive,standard,MAE,73455,10,0.0006171643472764074,0.0006168593376177505,3.050096586569356e-07,3.048518653850596e-07,7
RANDOM_GATE_PLACEBO_REPO,cluster_exit_loose,ex_post_descriptive,standard,MSE,73455,10,2.7534877094946653e-06,2.7479362014478394e-06,5.551508046825951e-09,5.549053773059278e-09,7
RANDOM_GATE_PLACEBO_REPO,cluster_exit_loose,ex_post_descriptive,standard,RMSE,73455,10,0.0016593636459482487,0.0016576900197105126,1.6736262377361425e-06,1.1916965459902508e-06,7
RANDOM_GATE_PLACEBO_REPO,cluster_exit_loose,ex_post_descriptive,standard,SMAPE,73455,10,97.78270324564932,98.2297953667148,-0.4470921210654808,-0.4469982301062444,0
RANDOM_GATE_PLACEBO_REPO,cluster_exit_strict,ex_post_descriptive,high_vol_only,LOG_RV_MSE,14671,10,1.121544847097662,1.8198447441567644,-0.6982998970591026,-0.6977551770202008,1
RANDOM_GATE_PLACEBO_REPO,cluster_exit_strict,ex_post_descriptive,high_vol_only,MAE,14671,10,0.0015007236426876971,0.0014961793252274123,4.5443174602848285e-06,4.541017828529946e-06,7
RANDOM_GATE_PLACEBO_REPO,cluster_exit_strict,ex_post_descriptive,high_vol_only,MSE,14671,10,1.2686413406552538e-05,1.263092830930117e-05,5.548509725136823e-08,5.544177677925194e-08,8
RANDOM_GATE_PLACEBO_REPO,cluster_exit_strict,ex_post_descriptive,high_vol_only,RMSE,14671,10,0.003561799181109533,0.0035540017317526973,7.797449356835521e-06,6.5716907269080995e-06,8
RANDOM_GATE_PLACEBO_REPO,cluster_exit_strict,ex_post_descriptive,high_vol_only,SMAPE,14671,10,73.684845994303,73.87097977009594,-0.1861337757929391,-0.18609802584805663,3
RANDOM_GATE_PLACEBO_REPO,cluster_exit_strict,ex_post_descriptive,near_zero_excluded,LOG_RV_MSE,72600,10,80.02173783897848,80.21950861993597,-0.1977707809574838,-0.21231096894881824,4
RANDOM_GATE_PLACEBO_REPO,cluster_exit_strict,ex_post_descriptive,near_zero_excluded,MAE,72600,10,0.0006184535179022776,0.0006182659493978625,1.875685044151103e-07,1.8091586157371313e-07,5
RANDOM_GATE_PLACEBO_REPO,cluster_exit_strict,ex_post_descriptive,near_zero_excluded,MSE,72600,10,2.7805878498197563e-06,2.775002549289142e-06,5.5853005306145086e-09,5.5581454800543495e-09,7
RANDOM_GATE_PLACEBO_REPO,cluster_exit_strict,ex_post_descriptive,near_zero_excluded,RMSE,72600,10,0.0016675094751814027,0.0016658338900650154,1.6755851163872265e-06,1.187001269916364e-06,7
RANDOM_GATE_PLACEBO_REPO,cluster_exit_strict,ex_post_descriptive,near_zero_excluded,SMAPE,72600,10,96.72258691267511,97.17722384395748,-0.4546369312823657,-0.45569594136620994,0
RANDOM_GATE_PLACEBO_REPO,cluster_exit_strict,ex_post_descriptive,standard,LOG_RV_MSE,73334,10,81.90717235117306,82.06861563579558,-0.16144328462252133,-0.1613855031005233,4
RANDOM_GATE_PLACEBO_REPO,cluster_exit_strict,ex_post_descriptive,standard,MAE,73334,10,0.000617143413936819,0.0006168445903012922,2.988236355267815e-07,2.979334435866519e-07,6
RANDOM_GATE_PLACEBO_REPO,cluster_exit_strict,ex_post_descriptive,standard,MSE,73334,10,2.7556748132676994e-06,2.750117040241495e-06,5.557773026204261e-09,5.552860784533506e-09,7
RANDOM_GATE_PLACEBO_REPO,cluster_exit_strict,ex_post_descriptive,standard,RMSE,73334,10,0.0016600225339638314,0.0016583476837628154,1.6748502010160461e-06,1.190261728499975e-06,7
RANDOM_GATE_PLACEBO_REPO,cluster_exit_strict,ex_post_descriptive,standard,SMAPE,73334,10,97.71189563488282,98.16097190908188,-0.44907627419905793,-0.44897565543336954,0
RANDOM_GATE_PLACEBO_REPO,entry_with_recent_spike,ex_post_descriptive,high_vol_only,LOG_RV_MSE,8754,10,1.4736378437064515,1.6964805722285534,-0.22284272852210196,-0.2247127746526667,3
RANDOM_GATE_PLACEBO_REPO,entry_with_recent_spike,ex_post_descriptive,high_vol_only,MAE,8754,10,0.0019315043244099452,0.0019213421720528795,1.016215235706574e-05,1.0038160444330159e-05,8
RANDOM_GATE_PLACEBO_REPO,entry_with_recent_spike,ex_post_descriptive,high_vol_only,MSE,8754,10,1.1146392096496613e-05,1.1056505721107161e-05,8.988637538945135e-08,8.866106812104142e-08,7
RANDOM_GATE_PLACEBO_REPO,entry_with_recent_spike,ex_post_descriptive,high_vol_only,RMSE,8754,10,0.003338621286773421,0.003325132436626722,1.3488850146699e-05,1.0627681222806865e-05,7
RANDOM_GATE_PLACEBO_REPO,entry_with_recent_spike,ex_post_descriptive,high_vol_only,SMAPE,8754,10,87.65347704873638,87.39916867505754,0.25430837367883896,0.25020570123514574,8
RANDOM_GATE_PLACEBO_REPO,entry_with_recent_spike,ex_post_descriptive,near_zero_excluded,LOG_RV_MSE,43077,10,58.5073000988938,58.56317329741102,-0.055873198517218725,-0.06191832316227928,4
RANDOM_GATE_PLACEBO_REPO,entry_with_recent_spike,ex_post_descriptive,near_zero_excluded,MAE,43077,10,0.0008298909472286534,0.000822046907796221,7.844039432432378e-06,7.774194281693822e-06,9
RANDOM_GATE_PLACEBO_REPO,entry_with_recent_spike,ex_post_descriptive,near_zero_excluded,MSE,43077,10,2.7524238027535856e-06,2.7169802663238438e-06,3.5443536429741816e-08,3.514584041275511e-08,10
RANDOM_GATE_PLACEBO_REPO,entry_with_recent_spike,ex_post_descriptive,near_zero_excluded,RMSE,43077,10,0.0016590430382463215,0.001648326504768956,1.0716533477365389e-05,9.296852209482769e-06,10
RANDOM_GATE_PLACEBO_REPO,entry_with_recent_spike,ex_post_descriptive,near_zero_excluded,SMAPE,43077,10,93.4313578597661,93.24271531410848,0.18864254565761485,0.18818664386564307,8
RANDOM_GATE_PLACEBO_REPO,entry_with_recent_spike,ex_post_descriptive,standard,LOG_RV_MSE,43747,10,61.708962586389255,61.73246450440805,-0.023501918018794754,-0.02648955716212349,4
RANDOM_GATE_PLACEBO_REPO,entry_with_recent_spike,ex_post_descriptive,standard,MAE,43747,10,0.0008304363652918029,0.0008223061577478372,8.130207543965702e-06,8.017196223116213e-06,9
RANDOM_GATE_PLACEBO_REPO,entry_with_recent_spike,ex_post_descriptive,standard,MSE,43747,10,2.7262690958934324e-06,2.69011346774014e-06,3.615562815329237e-08,3.566004557520267e-08,10
RANDOM_GATE_PLACEBO_REPO,entry_with_recent_spike,ex_post_descriptive,standard,RMSE,43747,10,0.0016511417552389112,0.0016401565375719906,1.0985217666920543e-05,9.48677055445929e-06,10
RANDOM_GATE_PLACEBO_REPO,entry_with_recent_spike,ex_post_descriptive,standard,SMAPE,43747,10,94.9939885723259,94.80650806104374,0.18748051128216048,0.1837162983432279,8
RANDOM_GATE_PLACEBO_REPO,entry_without_recent_spike,ex_post_descriptive,high_vol_only,LOG_RV_MSE,5946,10,1.1195692099524477,1.4617243089293743,-0.34215509897692664,-0.3302263916307059,5
RANDOM_GATE_PLACEBO_REPO,entry_without_recent_spike,ex_post_descriptive,high_vol_only,MAE,5946,10,0.0015570783495014973,0.0015401566653606982,1.692168414079917e-05,1.7122348534946577e-05,10
RANDOM_GATE_PLACEBO_REPO,entry_without_recent_spike,ex_post_descriptive,high_vol_only,MSE,5946,10,9.074816797282833e-06,8.973463302788446e-06,1.0135349449438736e-07,1.0323008282923288e-07,9
RANDOM_GATE_PLACEBO_REPO,entry_without_recent_spike,ex_post_descriptive,high_vol_only,RMSE,5946,10,0.003012443658773195,0.0029955739521481434,1.6869706625051526e-05,1.5138947420594928e-05,9
RANDOM_GATE_PLACEBO_REPO,entry_without_recent_spike,ex_post_descriptive,high_vol_only,SMAPE,5946,10,80.3430946440876,79.13122241798725,1.211872226100354,1.2241726144993237,8
RANDOM_GATE_PLACEBO_REPO,entry_without_recent_spike,ex_post_descriptive,near_zero_excluded,LOG_RV_MSE,29421,10,60.966920165964275,61.404907102899976,-0.437986936935701,-0.44814463370269103,1
RANDOM_GATE_PLACEBO_REPO,entry_without_recent_spike,ex_post_descriptive,near_zero_excluded,MAE,29421,10,0.00064865090680092,0.0006516989717249576,-3.04806492403757e-06,-3.0931607858611553e-06,3
RANDOM_GATE_PLACEBO_REPO,entry_without_recent_spike,ex_post_descriptive,near_zero_excluded,MSE,29421,10,2.0879985944370397e-06,2.079083195345863e-06,8.915399091176839e-09,8.964952316306874e-09,6
RANDOM_GATE_PLACEBO_REPO,entry_without_recent_spike,ex_post_descriptive,near_zero_excluded,RMSE,29421,10,0.0014449908630981166,0.0014419026303276732,3.0882327704433773e-06,1.946470905784815e-06,6
RANDOM_GATE_PLACEBO_REPO,entry_without_recent_spike,ex_post_descriptive,near_zero_excluded,SMAPE,29421,10,90.44189351704458,90.68754128174223,-0.24564776469765093,-0.2515585271669451,4
RANDOM_GATE_PLACEBO_REPO,entry_without_recent_spike,ex_post_descriptive,standard,LOG_RV_MSE,29710,10,62.62604303537494,63.064076871949545,-0.43803383657460415,-0.4434326976929574,1
RANDOM_GATE_PLACEBO_REPO,entry_without_recent_spike,ex_post_descriptive,standard,MAE,29710,10,0.0006476522732693516,0.0006507326558951614,-3.0803826258098653e-06,-3.101625584168481e-06,3
RANDOM_GATE_PLACEBO_REPO,entry_without_recent_spike,ex_post_descriptive,standard,MSE,29710,10,2.071202405933468e-06,2.06260975423072e-06,8.592651702748013e-09,8.750519969150781e-09,6
RANDOM_GATE_PLACEBO_REPO,entry_without_recent_spike,ex_post_descriptive,standard,RMSE,29710,10,0.0014391672612776695,0.001436178872644602,2.98838863306756e-06,1.8675711074687366e-06,6
RANDOM_GATE_PLACEBO_REPO,entry_without_recent_spike,ex_post_descriptive,standard,SMAPE,29710,10,91.450697436652,91.69516341977533,-0.24446598312331957,-0.24710839392817122,4
RANDOM_GATE_PLACEBO_REPO,high_within_block_dispersion,ex_post_descriptive,high_vol_only,LOG_RV_MSE,13800,10,1.347003340120205,2.77553043505554,-1.4285270949353348,-1.3893111586550626,0
RANDOM_GATE_PLACEBO_REPO,high_within_block_dispersion,ex_post_descriptive,high_vol_only,MAE,13800,10,0.0010124910161190377,0.0010196035439293972,-7.112527810359528e-06,-6.789017953576845e-06,1
RANDOM_GATE_PLACEBO_REPO,high_within_block_dispersion,ex_post_descriptive,high_vol_only,MSE,13800,10,4.061123263348121e-06,4.06156941334181e-06,-4.4614999368869563e-10,-4.165197813662772e-10,6
RANDOM_GATE_PLACEBO_REPO,high_within_block_dispersion,ex_post_descriptive,high_vol_only,RMSE,13800,10,0.0020152228818044226,0.002015333573714736,-1.1069191031354633e-07,-5.987487337632104e-07,6
RANDOM_GATE_PLACEBO_REPO,high_within_block_dispersion,ex_post_descriptive,high_vol_only,SMAPE,13800,10,67.13010831164493,68.94157880500114,-1.811470493356211,-1.7392959838518487,1
RANDOM_GATE_PLACEBO_REPO,high_within_block_dispersion,ex_post_descriptive,near_zero_excluded,LOG_RV_MSE,68602,10,133.4472628617705,133.64629840845055,-0.19903554668005086,-0.17032508124384438,4
RANDOM_GATE_PLACEBO_REPO,high_within_block_dispersion,ex_post_descriptive,near_zero_excluded,MAE,68602,10,0.000568649162840853,0.0005607079142757154,7.941248565137573e-06,7.577160692283634e-06,9
RANDOM_GATE_PLACEBO_REPO,high_within_block_dispersion,ex_post_descriptive,near_zero_excluded,MSE,68602,10,1.1270507328910632e-06,1.1123744446517291e-06,1.4676288239334034e-08,1.3878245891855132e-08,9
RANDOM_GATE_PLACEBO_REPO,high_within_block_dispersion,ex_post_descriptive,near_zero_excluded,RMSE,68602,10,0.0010616264563824054,0.0010546916348638258,6.934821518579616e-06,5.676581886636758e-06,9
RANDOM_GATE_PLACEBO_REPO,high_within_block_dispersion,ex_post_descriptive,near_zero_excluded,SMAPE,68602,10,119.19625535916762,119.43399159829718,-0.23773623912956054,-0.23142300574425292,3
RANDOM_GATE_PLACEBO_REPO,high_within_block_dispersion,ex_post_descriptive,standard,LOG_RV_MSE,68970,10,134.1816042629971,134.35293527505473,-0.17133101205763523,-0.1329924301807397,4
RANDOM_GATE_PLACEBO_REPO,high_within_block_dispersion,ex_post_descriptive,standard,MAE,68970,10,0.0005686239437191444,0.000560626586943697,7.997356775447332e-06,7.627315589731569e-06,9
RANDOM_GATE_PLACEBO_REPO,high_within_block_dispersion,ex_post_descriptive,standard,MSE,68970,10,1.123133377256323e-06,1.1084578406335887e-06,1.4675536622734205e-08,1.3865893654257796e-08,9
RANDOM_GATE_PLACEBO_REPO,high_within_block_dispersion,ex_post_descriptive,standard,RMSE,68970,10,0.0010597798720754811,0.0010528332444568744,6.946627618606687e-06,5.684717815961494e-06,9
RANDOM_GATE_PLACEBO_REPO,high_within_block_dispersion,ex_post_descriptive,standard,SMAPE,68970,10,119.60427234064147,119.83965078234547,-0.23537844170400035,-0.2293267386758231,3
RANDOM_GATE_PLACEBO_REPO,inflection_points,ex_post_descriptive,high_vol_only,LOG_RV_MSE,28984,10,1.1395945186365517,1.4096046601699312,-0.27001014153337954,-0.2851103957115704,1
RANDOM_GATE_PLACEBO_REPO,inflection_points,ex_post_descriptive,high_vol_only,MAE,28984,10,0.0015690861682796692,0.0015576109604782385,1.1475207801430734e-05,1.1168583237974498e-05,10
RANDOM_GATE_PLACEBO_REPO,inflection_points,ex_post_descriptive,high_vol_only,MSE,28984,10,1.1258143057283103e-05,1.1183282712488654e-05,7.486034479444835e-08,7.270766604950117e-08,10
RANDOM_GATE_PLACEBO_REPO,inflection_points,ex_post_descriptive,high_vol_only,RMSE,28984,10,0.0033553156419751486,0.003344141550904904,1.1174091070244741e-05,9.601364136483943e-06,10
RANDOM_GATE_PLACEBO_REPO,inflection_points,ex_post_descriptive,high_vol_only,SMAPE,28984,10,77.5511484641698,76.9082131144894,0.6429353496803998,0.6228026696091092,9
RANDOM_GATE_PLACEBO_REPO,inflection_points,ex_post_descriptive,near_zero_excluded,LOG_RV_MSE,143375,10,58.64300646845435,58.872241178558525,-0.22923471010417273,-0.22826929556124448,4
RANDOM_GATE_PLACEBO_REPO,inflection_points,ex_post_descriptive,near_zero_excluded,MAE,143375,10,0.0006543332064361158,0.0006542904235606194,4.2782875496428716e-08,8.245169512665881e-10,3
RANDOM_GATE_PLACEBO_REPO,inflection_points,ex_post_descriptive,near_zero_excluded,MSE,143375,10,2.5404502226370316e-06,2.5298795554843777e-06,1.0570667152653924e-08,1.0166700342978956e-08,8
RANDOM_GATE_PLACEBO_REPO,inflection_points,ex_post_descriptive,near_zero_excluded,RMSE,143375,10,0.0015938789861959506,0.001590559510198967,3.3194759969836906e-06,2.6123224295750396e-06,8
RANDOM_GATE_PLACEBO_REPO,inflection_points,ex_post_descriptive,near_zero_excluded,SMAPE,143375,10,90.02958355319511,90.22304939722427,-0.19346584402916278,-0.19396530428376338,0
RANDOM_GATE_PLACEBO_REPO,inflection_points,ex_post_descriptive,standard,LOG_RV_MSE,144886,10,60.506791384132924,60.723767167902245,-0.21697578376932114,-0.20996155011906623,4
RANDOM_GATE_PLACEBO_REPO,inflection_points,ex_post_descriptive,standard,MAE,144886,10,0.0006529679144583394,0.0006528605728058302,1.0734165250918509e-07,6.701810441748286e-08,3
RANDOM_GATE_PLACEBO_REPO,inflection_points,ex_post_descriptive,standard,MSE,144886,10,2.5174090289669973e-06,2.5069321805363573e-06,1.0476848430640047e-08,1.0135798394237947e-08,8
RANDOM_GATE_PLACEBO_REPO,inflection_points,ex_post_descriptive,standard,RMSE,144886,10,0.0015866344975976657,0.0015833294605155166,3.305037082149088e-06,2.608591786267656e-06,8
RANDOM_GATE_PLACEBO_REPO,inflection_points,ex_post_descriptive,standard,SMAPE,144886,10,91.11849778030444,91.308805633831,-0.1903078535265621,-0.18958782921751832,0
RANDOM_GATE_PLACEBO_REPO,older_spike_position,ex_post_descriptive,high_vol_only,LOG_RV_MSE,21781,10,1.1395303095276075,1.6898408477103743,-0.5503105381827669,-0.5356049982126454,1
RANDOM_GATE_PLACEBO_REPO,older_spike_position,ex_post_descriptive,high_vol_only,MAE,21781,10,0.0013486758957650074,0.0013463570487820063,2.3188469830011642e-06,2.1726723579705663e-06,6
RANDOM_GATE_PLACEBO_REPO,older_spike_position,ex_post_descriptive,high_vol_only,MSE,21781,10,1.069141300105579e-05,1.0653678658533214e-05,3.773434252257606e-08,3.62366121620594e-08,8
RANDOM_GATE_PLACEBO_REPO,older_spike_position,ex_post_descriptive,high_vol_only,RMSE,21781,10,0.0032697726222255565,0.0032639973435242275,5.775278701328906e-06,4.723247511062925e-06,8
RANDOM_GATE_PLACEBO_REPO,older_spike_position,ex_post_descriptive,high_vol_only,SMAPE,21781,10,69.8626302544199,70.13393110792988,-0.27130085350998456,-0.30373085035417235,4
RANDOM_GATE_PLACEBO_REPO,older_spike_position,ex_post_descriptive,near_zero_excluded,LOG_RV_MSE,107788,10,78.34423187563695,78.59658264022976,-0.2523507645928049,-0.24758145693894845,3
RANDOM_GATE_PLACEBO_REPO,older_spike_position,ex_post_descriptive,near_zero_excluded,MAE,107788,10,0.0005714781969803931,0.0005709928395332816,4.853574471114534e-07,5.027561587095652e-07,8
RANDOM_GATE_PLACEBO_REPO,older_spike_position,ex_post_descriptive,near_zero_excluded,MSE,107788,10,2.346475802604796e-06,2.3421823377219215e-06,4.293464882874418e-09,4.102373627797247e-09,7
RANDOM_GATE_PLACEBO_REPO,older_spike_position,ex_post_descriptive,near_zero_excluded,RMSE,107788,10,0.0015318210739524365,0.0015304190072401485,1.4020667122879946e-06,1.1389362058550128e-06,7
RANDOM_GATE_PLACEBO_REPO,older_spike_position,ex_post_descriptive,near_zero_excluded,SMAPE,107788,10,96.43669126169502,96.72415855742933,-0.2874672957343165,-0.2830983171043272,0
RANDOM_GATE_PLACEBO_REPO,older_spike_position,ex_post_descriptive,standard,LOG_RV_MSE,108871,10,80.56611776174127,80.78984306643427,-0.223725304693005,-0.2069294211417299,3
RANDOM_GATE_PLACEBO_REPO,older_spike_position,ex_post_descriptive,standard,MAE,108871,10,0.0005701423444680369,0.0005695682365055994,5.741079624375315e-07,5.895529600453698e-07,8
RANDOM_GATE_PLACEBO_REPO,older_spike_position,ex_post_descriptive,standard,MSE,108871,10,2.3254307190849205e-06,2.3211572915834965e-06,4.273427501423985e-09,4.094594168667516e-09,7
RANDOM_GATE_PLACEBO_REPO,older_spike_position,ex_post_descriptive,standard,RMSE,108871,10,0.0015249363000089285,0.0015235344733820421,1.4018266268863485e-06,1.144183217497265e-06,7
RANDOM_GATE_PLACEBO_REPO,older_spike_position,ex_post_descriptive,standard,SMAPE,108871,10,97.43444157677632,97.71772779155843,-0.2832862147821089,-0.27967925047523606,0
RANDOM_GATE_PLACEBO_REPO,recent_ramp_high_dispersion,ex_post_descriptive,high_vol_only,LOG_RV_MSE,4860,10,1.422541686129273,1.4426259746774455,-0.020084288548172458,-0.012110700869583435,3
RANDOM_GATE_PLACEBO_REPO,recent_ramp_high_dispersion,ex_post_descriptive,high_vol_only,MAE,4860,10,0.0014613955477391944,0.0014567752289194123,4.620318819782091e-06,5.092801778296412e-06,7
RANDOM_GATE_PLACEBO_REPO,recent_ramp_high_dispersion,ex_post_descriptive,high_vol_only,MSE,4860,10,5.9629586828906324e-06,5.921744837876639e-06,4.121384501399368e-08,4.1965542668660434e-08,8
RANDOM_GATE_PLACEBO_REPO,recent_ramp_high_dispersion,ex_post_descriptive,high_vol_only,RMSE,4860,10,0.0024419170098286783,0.002433463547677803,8.45346215087514e-06,7.128653584619841e-06,8
RANDOM_GATE_PLACEBO_REPO,recent_ramp_high_dispersion,ex_post_descriptive,high_vol_only,SMAPE,4860,10,76.48024025708399,76.76604861539462,-0.2858083583106321,-0.24276269804287692,3
RANDOM_GATE_PLACEBO_REPO,recent_ramp_high_dispersion,ex_post_descriptive,near_zero_excluded,LOG_RV_MSE,24128,10,114.11256475334159,114.25061568464585,-0.1380509313042637,-0.10991930007598079,4
RANDOM_GATE_PLACEBO_REPO,recent_ramp_high_dispersion,ex_post_descriptive,near_zero_excluded,MAE,24128,10,0.0007928593927930361,0.0007793264565633995,1.3532936229636587e-05,1.3351578941093626e-05,8
RANDOM_GATE_PLACEBO_REPO,recent_ramp_high_dispersion,ex_post_descriptive,near_zero_excluded,MSE,24128,10,1.8154479400161009e-06,1.770143331792349e-06,4.53046082237518e-08,4.540418703861025e-08,10
RANDOM_GATE_PLACEBO_REPO,recent_ramp_high_dispersion,ex_post_descriptive,near_zero_excluded,RMSE,24128,10,0.0013473855944072211,0.0013304673358607302,1.6918258546490955e-05,1.4121952954968453e-05,10
RANDOM_GATE_PLACEBO_REPO,recent_ramp_high_dispersion,ex_post_descriptive,near_zero_excluded,SMAPE,24128,10,117.97303253465954,117.63710191818382,0.3359306164757214,0.3261678867062088,6
RANDOM_GATE_PLACEBO_REPO,recent_ramp_high_dispersion,ex_post_descriptive,standard,LOG_RV_MSE,24273,10,114.68887161199063,114.82033307734591,-0.13146146535527237,-0.09812995290839766,4
RANDOM_GATE_PLACEBO_REPO,recent_ramp_high_dispersion,ex_post_descriptive,standard,MAE,24273,10,0.0007926212485103804,0.0007790691045267269,1.3552143983653567e-05,1.3332082832183883e-05,8
RANDOM_GATE_PLACEBO_REPO,recent_ramp_high_dispersion,ex_post_descriptive,standard,MSE,24273,10,1.8086202642090091e-06,1.7634387897275423e-06,4.51814744814668e-08,4.526183387218367e-08,10
RANDOM_GATE_PLACEBO_REPO,recent_ramp_high_dispersion,ex_post_descriptive,standard,RMSE,24273,10,0.001344849532181578,0.0013279453263322033,1.690420584937475e-05,1.4089689827607424e-05,10
RANDOM_GATE_PLACEBO_REPO,recent_ramp_high_dispersion,ex_post_descriptive,standard,SMAPE,24273,10,118.4281414949415,118.09445229709452,0.33368919784697937,0.32256897289679076,6
RANDOM_GATE_PLACEBO_REPO,recent_spike_position,ex_post_descriptive,high_vol_only,LOG_RV_MSE,41263,10,133.60326357120792,133.79806293973832,-0.19479936853039703,-0.3228215846305786,1
RANDOM_GATE_PLACEBO_REPO,recent_spike_position,ex_post_descriptive,high_vol_only,MAE,41263,10,0.0009278329622731831,0.0009239696558213222,3.8633064518608495e-06,7.084477590790702e-06,8
RANDOM_GATE_PLACEBO_REPO,recent_spike_position,ex_post_descriptive,high_vol_only,MSE,41263,10,5.620772726690841e-06,5.590250758522522e-06,3.052196816831903e-08,5.6553067331037795e-08,8
RANDOM_GATE_PLACEBO_REPO,recent_spike_position,ex_post_descriptive,high_vol_only,RMSE,41263,10,0.002370816890164831,0.0023643711126899096,6.445777474921571e-06,7.202238133030277e-06,8
RANDOM_GATE_PLACEBO_REPO,recent_spike_position,ex_post_descriptive,high_vol_only,SMAPE,41263,10,126.75937020163306,126.68137658312861,0.07799361850445052,0.17035610367346407,7
RANDOM_GATE_PLACEBO_REPO,recent_spike_position,ex_post_descriptive,near_zero_excluded,LOG_RV_MSE,124205,10,108.09331457411457,108.15430225425858,-0.06098768014400946,-0.08919328698474527,3
RANDOM_GATE_PLACEBO_REPO,recent_spike_position,ex_post_descriptive,near_zero_excluded,MAE,124205,10,0.0006101040586077684,0.0006068287737413302,3.2752848664381216e-06,3.5418675318884588e-06,10
RANDOM_GATE_PLACEBO_REPO,recent_spike_position,ex_post_descriptive,near_zero_excluded,MSE,124205,10,2.122274233945656e-06,2.1075740371245173e-06,1.4700196821138636e-08,1.6426341448218436e-08,10
RANDOM_GATE_PLACEBO_REPO,recent_spike_position,ex_post_descriptive,near_zero_excluded,RMSE,124205,10,0.0014568027436635531,0.0014517486136120528,5.054130051500381e-06,4.675915319908932e-06,10
RANDOM_GATE_PLACEBO_REPO,recent_spike_position,ex_post_descriptive,near_zero_excluded,SMAPE,124205,10,110.75903396715827,110.75917880070615,-0.00014483354787842018,0.010743671486849848,7
RANDOM_GATE_PLACEBO_REPO,recent_spike_position,ex_post_descriptive,standard,LOG_RV_MSE,125358,10,109.41387331267963,109.46293864131347,-0.049065328633844274,-0.073541658949169,3
RANDOM_GATE_PLACEBO_REPO,recent_spike_position,ex_post_descriptive,standard,MAE,125358,10,0.0006091827784219505,0.0006058582922214365,3.324486200513956e-06,3.586682949129435e-06,10
RANDOM_GATE_PLACEBO_REPO,recent_spike_position,ex_post_descriptive,standard,MSE,125358,10,2.1057111020059574e-06,2.091049369908101e-06,1.4661732097856588e-08,1.6396084242829133e-08,10
RANDOM_GATE_PLACEBO_REPO,recent_spike_position,ex_post_descriptive,standard,RMSE,125358,10,0.00145110685409654,0.0014460461161069867,5.060737989553239e-06,4.685824803124354e-06,10
RANDOM_GATE_PLACEBO_REPO,recent_spike_position,ex_post_descriptive,standard,SMAPE,125358,10,111.53126331543436,111.5303319549143,0.000931360520056046,0.00994382230695976,7
RANDOM_GATE_PLACEBO_REPO,same_average_back_loaded,ex_post_descriptive,high_vol_only,LOG_RV_MSE,5089,10,148.22928488392745,147.9919125995331,0.23737228439435398,-0.29204880976830194,6
RANDOM_GATE_PLACEBO_REPO,same_average_back_loaded,ex_post_descriptive,high_vol_only,MAE,5089,10,0.00079502070058517,0.0007916942094320514,3.3264911531186115e-06,3.787679374685698e-06,8
RANDOM_GATE_PLACEBO_REPO,same_average_back_loaded,ex_post_descriptive,high_vol_only,MSE,5089,10,5.436331053659615e-06,5.412928303312761e-06,2.3402750346853726e-08,3.992625724698986e-08,9
RANDOM_GATE_PLACEBO_REPO,same_average_back_loaded,ex_post_descriptive,high_vol_only,RMSE,5089,10,0.0023315941013949265,0.002326570072727826,5.024028667100552e-06,5.81213664002778e-06,9
RANDOM_GATE_PLACEBO_REPO,same_average_back_loaded,ex_post_descriptive,high_vol_only,SMAPE,5089,10,125.47402771920483,125.47312627357175,0.0009014456330760368,-0.03328126568586285,7
RANDOM_GATE_PLACEBO_REPO,same_average_back_loaded,ex_post_descriptive,near_zero_excluded,LOG_RV_MSE,15487,10,124.26141461023107,123.97240951282004,0.2890050974110352,0.23680033020401797,8
RANDOM_GATE_PLACEBO_REPO,same_average_back_loaded,ex_post_descriptive,near_zero_excluded,MAE,15487,10,0.000527741419898501,0.0005263215145929663,1.4199053055347554e-06,1.3081223369784223e-06,7
RANDOM_GATE_PLACEBO_REPO,same_average_back_loaded,ex_post_descriptive,near_zero_excluded,MSE,15487,10,1.938986808645503e-06,1.933086620998895e-06,5.90018764660818e-09,6.1294988708068325e-09,7
RANDOM_GATE_PLACEBO_REPO,same_average_back_loaded,ex_post_descriptive,near_zero_excluded,RMSE,15487,10,0.0013924750657176965,0.0013903548543443486,2.1202113733478477e-06,1.887548607985162e-06,7
RANDOM_GATE_PLACEBO_REPO,same_average_back_loaded,ex_post_descriptive,near_zero_excluded,SMAPE,15487,10,115.21629356973736,115.25278934215304,-0.0364957724156767,-0.04520004338912571,4
RANDOM_GATE_PLACEBO_REPO,same_average_back_loaded,ex_post_descriptive,standard,LOG_RV_MSE,15559,10,124.77448379663251,124.48330597570796,0.29117782092454547,0.24060400945515212,8
RANDOM_GATE_PLACEBO_REPO,same_average_back_loaded,ex_post_descriptive,standard,MAE,15559,10,0.0005277712464133768,0.0005263460044877434,1.4252419256333831e-06,1.3201293013695784e-06,7
RANDOM_GATE_PLACEBO_REPO,same_average_back_loaded,ex_post_descriptive,standard,MSE,15559,10,1.931432277016903e-06,1.9255729708096485e-06,5.859306207254349e-09,6.119592793090735e-09,7
RANDOM_GATE_PLACEBO_REPO,same_average_back_loaded,ex_post_descriptive,standard,RMSE,15559,10,0.0013897597911210781,0.0013876501615355536,2.109629585524478e-06,1.8833030013742035e-06,7
RANDOM_GATE_PLACEBO_REPO,same_average_back_loaded,ex_post_descriptive,standard,SMAPE,15559,10,115.5837931550299,115.62004434019819,-0.03625118516829673,-0.04715327488056573,4
RANDOM_GATE_PLACEBO_REPO,same_average_different_path,ex_post_descriptive,high_vol_only,LOG_RV_MSE,1483,10,1.176451606646611,2.4435232826353537,-1.2670716759887426,-1.3508967197451618,2
RANDOM_GATE_PLACEBO_REPO,same_average_different_path,ex_post_descriptive,high_vol_only,MAE,1483,10,0.0012308421833447504,0.0012313482542419564,-5.060708972060186e-07,-2.5457146160436397e-06,4
RANDOM_GATE_PLACEBO_REPO,same_average_different_path,ex_post_descriptive,high_vol_only,MSE,1483,10,5.424646643583948e-06,5.4220562907906695e-06,2.5903527932788915e-09,-4.301497333715718e-09,4
RANDOM_GATE_PLACEBO_REPO,same_average_different_path,ex_post_descriptive,high_vol_only,RMSE,1483,10,0.0023290870837270015,0.002328530929747481,5.561539795206211e-07,-1.9575854929864834e-06,4
RANDOM_GATE_PLACEBO_REPO,same_average_different_path,ex_post_descriptive,high_vol_only,SMAPE,1483,10,78.26623100008541,78.71740993135715,-0.45117893127174113,-0.6412644951970308,4
RANDOM_GATE_PLACEBO_REPO,same_average_different_path,ex_post_descriptive,near_zero_excluded,LOG_RV_MSE,7368,10,130.5647982605645,130.26741377210303,0.2973844884614607,0.16422529497185467,8
RANDOM_GATE_PLACEBO_REPO,same_average_different_path,ex_post_descriptive,near_zero_excluded,MAE,7368,10,0.0005432933685073359,0.0005389407998605324,4.352568646803475e-06,3.8023352255521043e-06,9
RANDOM_GATE_PLACEBO_REPO,same_average_different_path,ex_post_descriptive,near_zero_excluded,MSE,7368,10,1.25033332979528e-06,1.2471237912512595e-06,3.209538544020574e-09,1.6371462649506046e-09,5
RANDOM_GATE_PLACEBO_REPO,same_average_different_path,ex_post_descriptive,near_zero_excluded,RMSE,7368,10,0.0011181830484295852,0.0011167469683197083,1.4360801098769072e-06,3.415800463949295e-07,5
RANDOM_GATE_PLACEBO_REPO,same_average_different_path,ex_post_descriptive,near_zero_excluded,SMAPE,7368,10,117.07922485099387,116.92337974145542,0.155845109538447,0.15318647974547445,4
RANDOM_GATE_PLACEBO_REPO,same_average_different_path,ex_post_descriptive,standard,LOG_RV_MSE,7396,10,131.0538149663491,130.75329161444043,0.30052335190868007,0.1741578553238096,8
RANDOM_GATE_PLACEBO_REPO,same_average_different_path,ex_post_descriptive,standard,MAE,7396,10,0.000543100371193495,0.0005387317547066231,4.368616486871897e-06,3.858164988116626e-06,9
RANDOM_GATE_PLACEBO_REPO,same_average_different_path,ex_post_descriptive,standard,MSE,7396,10,1.2465643227993336e-06,1.243357594029494e-06,3.206728769839529e-09,1.6838059100592054e-09,5
RANDOM_GATE_PLACEBO_REPO,same_average_different_path,ex_post_descriptive,standard,RMSE,7396,10,0.0011164964499716663,0.0011150594576207558,1.436992350910488e-06,3.600072707103392e-07,5
RANDOM_GATE_PLACEBO_REPO,same_average_different_path,ex_post_descriptive,standard,SMAPE,7396,10,117.3731818015564,117.21769802685182,0.15548377470457808,0.1536196632183419,4
RANDOM_GATE_PLACEBO_REPO,same_average_recent_front_loaded,ex_post_descriptive,high_vol_only,LOG_RV_MSE,2870,10,1.4580562797951269,2.0945889493381453,-0.6365326695430185,-0.6111609021208604,3
RANDOM_GATE_PLACEBO_REPO,same_average_recent_front_loaded,ex_post_descriptive,high_vol_only,MAE,2870,10,0.0016073033120725894,0.0016020083217859788,5.294990286610615e-06,5.342976905572743e-06,6
RANDOM_GATE_PLACEBO_REPO,same_average_recent_front_loaded,ex_post_descriptive,high_vol_only,MSE,2870,10,7.781371153816655e-06,7.736937104263029e-06,4.4434049553626775e-08,4.432873982131393e-08,7
RANDOM_GATE_PLACEBO_REPO,same_average_recent_front_loaded,ex_post_descriptive,high_vol_only,RMSE,2870,10,0.0027895109165975056,0.002781535026610851,7.975889986654595e-06,6.101823351505281e-06,7
RANDOM_GATE_PLACEBO_REPO,same_average_recent_front_loaded,ex_post_descriptive,high_vol_only,SMAPE,2870,10,94.65986103058924,94.43949847164342,0.22036255894582268,0.23300479240792527,6
RANDOM_GATE_PLACEBO_REPO,same_average_recent_front_loaded,ex_post_descriptive,near_zero_excluded,LOG_RV_MSE,14110,10,61.51306201248259,61.76985358124218,-0.25679156875958853,-0.2597839621878753,4
RANDOM_GATE_PLACEBO_REPO,same_average_recent_front_loaded,ex_post_descriptive,near_zero_excluded,MAE,14110,10,0.0006158783010104141,0.0006164074132548095,-5.291122443953997e-07,-6.177386606190399e-07,4
RANDOM_GATE_PLACEBO_REPO,same_average_recent_front_loaded,ex_post_descriptive,near_zero_excluded,MSE,14110,10,1.7527220781628603e-06,1.7475195435046367e-06,5.2025346582236395e-09,5.089355836271204e-09,6
RANDOM_GATE_PLACEBO_REPO,same_average_recent_front_loaded,ex_post_descriptive,near_zero_excluded,RMSE,14110,10,0.0013239041045947626,0.001321937798651902,1.9663059428606192e-06,1.1710049534433476e-06,6
RANDOM_GATE_PLACEBO_REPO,same_average_recent_front_loaded,ex_post_descriptive,near_zero_excluded,SMAPE,14110,10,92.08728032701002,92.24444967264246,-0.15716934563243967,-0.15820734204895218,3
RANDOM_GATE_PLACEBO_REPO,same_average_recent_front_loaded,ex_post_descriptive,standard,LOG_RV_MSE,14331,10,65.0327606534289,65.24335224996014,-0.21059159653124482,-0.21095876711313685,4
RANDOM_GATE_PLACEBO_REPO,same_average_recent_front_loaded,ex_post_descriptive,standard,MAE,14331,10,0.0006156989961505772,0.0006161154929941944,-4.1649684361718276e-07,-4.7169283309734136e-07,4
RANDOM_GATE_PLACEBO_REPO,same_average_recent_front_loaded,ex_post_descriptive,standard,MSE,14331,10,1.732179693635762e-06,1.7270050502345816e-06,5.17464340118042e-09,5.13056646297881e-09,6
RANDOM_GATE_PLACEBO_REPO,same_average_recent_front_loaded,ex_post_descriptive,standard,RMSE,14331,10,0.0013161229781581058,0.001314155641556426,1.96733660167976e-06,1.1595934999143309e-06,6
RANDOM_GATE_PLACEBO_REPO,same_average_recent_front_loaded,ex_post_descriptive,standard,SMAPE,14331,10,93.68336123354462,93.83891579338238,-0.15555455983776767,-0.15605157258066954,3
RANDOM_GATE_PLACEBO_REPO,stable_low_dispersion,ex_post_descriptive,high_vol_only,LOG_RV_MSE,13798,10,1.1365927010064192,1.3134024157692383,-0.17680971476281915,-0.186872571578773,5
RANDOM_GATE_PLACEBO_REPO,stable_low_dispersion,ex_post_descriptive,high_vol_only,MAE,13798,10,0.0016297046728240819,0.0016114311620334142,1.827351079066765e-05,1.7400112559319015e-05,9
RANDOM_GATE_PLACEBO_REPO,stable_low_dispersion,ex_post_descriptive,high_vol_only,MSE,13798,10,1.7413305625955696e-05,1.7297039895952048e-05,1.1626573000364821e-07,1.1029193197714411e-07,9
RANDOM_GATE_PLACEBO_REPO,stable_low_dispersion,ex_post_descriptive,high_vol_only,RMSE,13798,10,0.004172925307977091,0.00415897101407933,1.3954293897761212e-05,1.1404775373578113e-05,9
RANDOM_GATE_PLACEBO_REPO,stable_low_dispersion,ex_post_descriptive,high_vol_only,SMAPE,13798,10,72.78501202823047,71.55451119021424,1.2305008380162263,1.153003619059249,9
RANDOM_GATE_PLACEBO_REPO,stable_low_dispersion,ex_post_descriptive,near_zero_excluded,LOG_RV_MSE,67129,10,23.025768102724278,23.236778745836347,-0.2110106431120684,-0.20441424005257494,2
RANDOM_GATE_PLACEBO_REPO,stable_low_dispersion,ex_post_descriptive,near_zero_excluded,MAE,67129,10,0.0006391886576111414,0.0006422725148650336,-3.0838572538921917e-06,-2.9870074013240778e-06,0
RANDOM_GATE_PLACEBO_REPO,stable_low_dispersion,ex_post_descriptive,near_zero_excluded,MSE,67129,10,3.7891257013455223e-06,3.7768072424251714e-06,1.2318458920350966e-08,1.1737780171274593e-08,8
RANDOM_GATE_PLACEBO_REPO,stable_low_dispersion,ex_post_descriptive,near_zero_excluded,RMSE,67129,10,0.0019465676719152413,0.0019434009474179979,3.1667244972434245e-06,2.4941751890880345e-06,8
RANDOM_GATE_PLACEBO_REPO,stable_low_dispersion,ex_post_descriptive,near_zero_excluded,SMAPE,67129,10,76.72229579638059,76.95411877732299,-0.23182298094239684,-0.23191637740033144,0
RANDOM_GATE_PLACEBO_REPO,stable_low_dispersion,ex_post_descriptive,standard,LOG_RV_MSE,68968,10,30.904589905889917,31.12116475380253,-0.21657484791261084,-0.20631023351998684,2
RANDOM_GATE_PLACEBO_REPO,stable_low_dispersion,ex_post_descriptive,standard,MAE,68968,10,0.0006423459670206478,0.0006455395169370499,-3.193549916402096e-06,-3.0757064097232203e-06,0
RANDOM_GATE_PLACEBO_REPO,stable_low_dispersion,ex_post_descriptive,standard,MSE,68968,10,3.707039266768412e-06,3.695807548507296e-06,1.123171826111576e-08,1.0645750818033935e-08,8
RANDOM_GATE_PLACEBO_REPO,stable_low_dispersion,ex_post_descriptive,standard,RMSE,68968,10,0.0019253673069750644,0.0019224483214139454,2.9189855611190182e-06,2.2989344282858847e-06,8
RANDOM_GATE_PLACEBO_REPO,stable_low_dispersion,ex_post_descriptive,standard,SMAPE,68968,10,79.91610747922876,80.14425148339846,-0.2281440041697067,-0.2272554619374631,0
RANDOM_RESIDUES_PLACEBO_REPO,all_observations,not_conditioned,high_vol_only,LOG_RV_MSE,73496,10,1.2429973656852933,1.7184053357483273,-0.47540797006303404,-0.47521936593494185,1
RANDOM_RESIDUES_PLACEBO_REPO,all_observations,not_conditioned,high_vol_only,MAE,73496,10,0.0013977588560373617,0.0013878859453875807,9.872910649781023e-06,9.873185887744032e-06,10
RANDOM_RESIDUES_PLACEBO_REPO,all_observations,not_conditioned,high_vol_only,MSE,73496,10,9.91631467282196e-06,9.87348931865661e-06,4.2825354165350256e-08,4.280790160216808e-08,10
RANDOM_RESIDUES_PLACEBO_REPO,all_observations,not_conditioned,high_vol_only,RMSE,73496,10,0.0031490180489832003,0.0031422108965912213,6.807152391978977e-06,5.759054489619429e-06,10
RANDOM_RESIDUES_PLACEBO_REPO,all_observations,not_conditioned,high_vol_only,SMAPE,73496,10,74.02057589487282,73.27326295579084,0.7473129390819793,0.7474137868335233,10
RANDOM_RESIDUES_PLACEBO_REPO,all_observations,not_conditioned,near_zero_excluded,LOG_RV_MSE,363794,10,84.08930450077095,84.2879252305264,-0.1986207297554472,-0.20788600329081725,4
RANDOM_RESIDUES_PLACEBO_REPO,all_observations,not_conditioned,near_zero_excluded,MAE,363794,10,0.0005874977904224,0.0005854307983164225,2.066992105977561e-06,2.0523559990069336e-06,9
RANDOM_RESIDUES_PLACEBO_REPO,all_observations,not_conditioned,near_zero_excluded,MSE,363794,10,2.215330906486703e-06,2.206262846825068e-06,9.068059661634708e-09,9.026198105143316e-09,10
RANDOM_RESIDUES_PLACEBO_REPO,all_observations,not_conditioned,near_zero_excluded,RMSE,363794,10,0.0014883987726703831,0.0014853494022704112,3.0493703999719558e-06,2.557775151021055e-06,10
RANDOM_RESIDUES_PLACEBO_REPO,all_observations,not_conditioned,near_zero_excluded,SMAPE,363794,10,99.92108203019059,100.07719437102466,-0.15611234083407055,-0.15684785180523733,2
RANDOM_RESIDUES_PLACEBO_REPO,all_observations,not_conditioned,standard,LOG_RV_MSE,367468,10,86.0153296729766,86.20228775736327,-0.18695808438666006,-0.18692025173986745,4
RANDOM_RESIDUES_PLACEBO_REPO,all_observations,not_conditioned,standard,MAE,367468,10,0.0005862627334133548,0.0005841595453164523,2.1031880969025725e-06,2.1039083992874817e-06,9
RANDOM_RESIDUES_PLACEBO_REPO,all_observations,not_conditioned,standard,MSE,367468,10,2.195810003812886e-06,2.186792596816617e-06,9.017406996268795e-09,9.014889659617917e-09,10
RANDOM_RESIDUES_PLACEBO_REPO,all_observations,not_conditioned,standard,RMSE,367468,10,0.0014818265768344438,0.0014787807805136692,3.045796320774643e-06,2.56182079114715e-06,10
RANDOM_RESIDUES_PLACEBO_REPO,all_observations,not_conditioned,standard,SMAPE,367468,10,100.87996480320403,101.03436036958684,-0.15439556638280294,-0.15424465253354072,2
RANDOM_RESIDUES_PLACEBO_REPO,cluster_entry_loose,ex_post_descriptive,high_vol_only,LOG_RV_MSE,14694,10,1.332130441941895,1.6640464912499515,-0.3319160493080566,-0.331778736577803,2
RANDOM_RESIDUES_PLACEBO_REPO,cluster_entry_loose,ex_post_descriptive,high_vol_only,MAE,14694,10,0.001784491149669092,0.0017707173248029948,1.3773824866097212e-05,1.377701069773012e-05,10
RANDOM_RESIDUES_PLACEBO_REPO,cluster_entry_loose,ex_post_descriptive,high_vol_only,MSE,14694,10,1.032153994459627e-05,1.023700758420088e-05,8.453236039539018e-08,8.453739978413216e-08,10
RANDOM_RESIDUES_PLACEBO_REPO,cluster_entry_loose,ex_post_descriptive,high_vol_only,RMSE,14694,10,0.003212715353808406,0.003199532400867489,1.3182952940916752e-05,1.114524133237738e-05,10
RANDOM_RESIDUES_PLACEBO_REPO,cluster_entry_loose,ex_post_descriptive,high_vol_only,SMAPE,14694,10,84.8115403046506,83.9588861132052,0.85265419144541,0.8529389000869984,8
RANDOM_RESIDUES_PLACEBO_REPO,cluster_entry_loose,ex_post_descriptive,near_zero_excluded,LOG_RV_MSE,72721,10,60.55015231484592,61.036341251729915,-0.4861889368839982,-0.4916741193369873,1
RANDOM_RESIDUES_PLACEBO_REPO,cluster_entry_loose,ex_post_descriptive,near_zero_excluded,MAE,72721,10,0.0007578798738627712,0.0007527213599846475,5.158513878123763e-06,5.193461000436262e-06,9
RANDOM_RESIDUES_PLACEBO_REPO,cluster_entry_loose,ex_post_descriptive,near_zero_excluded,MSE,72721,10,2.4815741439829076e-06,2.4541912222281423e-06,2.7382921754765363e-08,2.736898392056832e-08,10
RANDOM_RESIDUES_PLACEBO_REPO,cluster_entry_loose,ex_post_descriptive,near_zero_excluded,RMSE,72721,10,0.0015753012867330831,0.0015665858489811984,8.715437751884722e-06,7.54144649053694e-06,10
RANDOM_RESIDUES_PLACEBO_REPO,cluster_entry_loose,ex_post_descriptive,near_zero_excluded,SMAPE,72721,10,92.54758699479648,92.39298675616273,0.15460023863374772,0.1552802200199011,8
RANDOM_RESIDUES_PLACEBO_REPO,cluster_entry_loose,ex_post_descriptive,standard,LOG_RV_MSE,73457,10,62.079879723481234,62.55833019353258,-0.47845047005134944,-0.47846413776190155,1
RANDOM_RESIDUES_PLACEBO_REPO,cluster_entry_loose,ex_post_descriptive,standard,MAE,73457,10,0.0007565085520951432,0.0007512221272289487,5.286424866194489e-06,5.28564365382353e-06,9
RANDOM_RESIDUES_PLACEBO_REPO,cluster_entry_loose,ex_post_descriptive,standard,MSE,73457,10,2.4613245520281704e-06,2.433962276353629e-06,2.736227567454146e-08,2.736109157270286e-08,10
RANDOM_RESIDUES_PLACEBO_REPO,cluster_entry_loose,ex_post_descriptive,standard,RMSE,73457,10,0.0015688609090764452,0.0015601161098949105,8.744799181534734e-06,7.572490861956251e-06,10
RANDOM_RESIDUES_PLACEBO_REPO,cluster_entry_loose,ex_post_descriptive,standard,SMAPE,73457,10,93.56088921296094,93.40703401742171,0.15385519553923643,0.15399580243960856,8
RANDOM_RESIDUES_PLACEBO_REPO,cluster_entry_strict,ex_post_descriptive,high_vol_only,LOG_RV_MSE,14657,10,1.3342554638475268,1.6669418598659247,-0.3326863960183979,-0.3325360475985928,2
RANDOM_RESIDUES_PLACEBO_REPO,cluster_entry_strict,ex_post_descriptive,high_vol_only,MAE,14657,10,0.001787243329286434,0.0017733857118783275,1.385761740810656e-05,1.3856554564562948e-05,10
RANDOM_RESIDUES_PLACEBO_REPO,cluster_entry_strict,ex_post_descriptive,high_vol_only,MSE,14657,10,1.034580321321044e-05,1.0260994978356816e-05,8.480823485362332e-08,8.480743109703981e-08,10
RANDOM_RESIDUES_PLACEBO_REPO,cluster_entry_strict,ex_post_descriptive,high_vol_only,RMSE,14657,10,0.003216489268318867,0.003203278785612769,1.3210482706098228e-05,1.1169515562750479e-05,10
RANDOM_RESIDUES_PLACEBO_REPO,cluster_entry_strict,ex_post_descriptive,high_vol_only,SMAPE,14657,10,84.88149633879505,84.0225274142092,0.8589689245858523,0.8584471014216263,7
RANDOM_RESIDUES_PLACEBO_REPO,cluster_entry_strict,ex_post_descriptive,near_zero_excluded,LOG_RV_MSE,72532,10,60.381173384259625,60.8642964148088,-0.48312303054917294,-0.48787380865667745,1
RANDOM_RESIDUES_PLACEBO_REPO,cluster_entry_strict,ex_post_descriptive,near_zero_excluded,MAE,72532,10,0.0007588564320065486,0.0007537150850273131,5.141346979235556e-06,5.177296558587417e-06,9
RANDOM_RESIDUES_PLACEBO_REPO,cluster_entry_strict,ex_post_descriptive,near_zero_excluded,MSE,72532,10,2.487464553071507e-06,2.4600295897168866e-06,2.7434963354620328e-08,2.7420289322575765e-08,10
RANDOM_RESIDUES_PLACEBO_REPO,cluster_entry_strict,ex_post_descriptive,near_zero_excluded,RMSE,72532,10,0.0015771697920869228,0.0015684481469646636,8.721645122259161e-06,7.5464869566401115e-06,10
RANDOM_RESIDUES_PLACEBO_REPO,cluster_entry_strict,ex_post_descriptive,near_zero_excluded,SMAPE,72532,10,92.4997892944739,92.34854766994037,0.15124162453352596,0.15154014975455965,8
RANDOM_RESIDUES_PLACEBO_REPO,cluster_entry_strict,ex_post_descriptive,standard,LOG_RV_MSE,73266,10,61.91279479782629,62.38820250371586,-0.47540770588957315,-0.47494929418084464,1
RANDOM_RESIDUES_PLACEBO_REPO,cluster_entry_strict,ex_post_descriptive,standard,MAE,73266,10,0.0007574764163155193,0.0007522073251515361,5.269091163983175e-06,5.268918504492266e-06,9
RANDOM_RESIDUES_PLACEBO_REPO,cluster_entry_strict,ex_post_descriptive,standard,MSE,73266,10,2.4671601900807016e-06,2.439747013113485e-06,2.7413176967216638e-08,2.74113238278882e-08,10
RANDOM_RESIDUES_PLACEBO_REPO,cluster_entry_strict,ex_post_descriptive,standard,RMSE,73266,10,0.0015707196408273189,0.001561968953953146,8.750686874172851e-06,7.577159883077726e-06,10
RANDOM_RESIDUES_PLACEBO_REPO,cluster_entry_strict,ex_post_descriptive,standard,SMAPE,73266,10,93.51351872765494,93.36300514743526,0.15051358021968042,0.15028921003603699,8
RANDOM_RESIDUES_PLACEBO_REPO,cluster_exit_loose,ex_post_descriptive,high_vol_only,LOG_RV_MSE,14693,10,1.1229862115788884,1.9581913747056774,-0.8352051631267889,-0.8347610363244161,2
RANDOM_RESIDUES_PLACEBO_REPO,cluster_exit_loose,ex_post_descriptive,high_vol_only,MAE,14693,10,0.0015010885261131542,0.0014828392528778347,1.8249273235319483e-05,1.8251455551520313e-05,10
RANDOM_RESIDUES_PLACEBO_REPO,cluster_exit_loose,ex_post_descriptive,high_vol_only,MSE,14693,10,1.2677943124526244e-05,1.260568038993572e-05,7.226273459052496e-08,7.22262627938878e-08,10
RANDOM_RESIDUES_PLACEBO_REPO,cluster_exit_loose,ex_post_descriptive,high_vol_only,RMSE,14693,10,0.0035606099371492863,0.0035504479139871516,1.0162023162134728e-05,9.077866245095153e-06,10
RANDOM_RESIDUES_PLACEBO_REPO,cluster_exit_loose,ex_post_descriptive,high_vol_only,SMAPE,14693,10,73.70908084853484,72.04793444131313,1.6611464072217075,1.661489509983332,9
RANDOM_RESIDUES_PLACEBO_REPO,cluster_exit_loose,ex_post_descriptive,near_zero_excluded,LOG_RV_MSE,72719,10,80.20388218822569,80.59002106064221,-0.3861388724165238,-0.3956736373792192,3
RANDOM_RESIDUES_PLACEBO_REPO,cluster_exit_loose,ex_post_descriptive,near_zero_excluded,MAE,72719,10,0.0006184788455707456,0.0006234799204844648,-5.0010749137192455e-06,-5.036135635334897e-06,1
RANDOM_RESIDUES_PLACEBO_REPO,cluster_exit_loose,ex_post_descriptive,near_zero_excluded,MSE,72719,10,2.7784093074004996e-06,2.777229646023715e-06,1.1796613767847154e-09,1.1160266283091554e-09,2
RANDOM_RESIDUES_PLACEBO_REPO,cluster_exit_loose,ex_post_descriptive,near_zero_excluded,RMSE,72719,10,0.0016668561147863063,0.0016665022190275399,3.5389575876645235e-07,-8.524700867633233e-08,2
RANDOM_RESIDUES_PLACEBO_REPO,cluster_exit_loose,ex_post_descriptive,near_zero_excluded,SMAPE,72719,10,96.79268422556595,97.31277629632875,-0.5200920707628001,-0.5253022002401039,1
RANDOM_RESIDUES_PLACEBO_REPO,cluster_exit_loose,ex_post_descriptive,standard,LOG_RV_MSE,73455,10,82.09800800629024,82.47468274526308,-0.376674738972838,-0.376554101779249,3
RANDOM_RESIDUES_PLACEBO_REPO,cluster_exit_loose,ex_post_descriptive,standard,MAE,73455,10,0.0006171643472764074,0.0006221985275902529,-5.034180313845458e-06,-5.034047842228894e-06,1
RANDOM_RESIDUES_PLACEBO_REPO,cluster_exit_loose,ex_post_descriptive,standard,MSE,73455,10,2.7534877094946653e-06,2.752443091508758e-06,1.044617985907421e-09,1.0376091105180819e-09,2
RANDOM_RESIDUES_PLACEBO_REPO,cluster_exit_loose,ex_post_descriptive,standard,RMSE,73455,10,0.0016593636459482487,0.0016590488514533735,3.147944948752278e-07,-1.1997126927337266e-07,2
RANDOM_RESIDUES_PLACEBO_REPO,cluster_exit_loose,ex_post_descriptive,standard,SMAPE,73455,10,97.78270324564932,98.29846274912967,-0.5157595034803535,-0.5155945475747302,1
RANDOM_RESIDUES_PLACEBO_REPO,cluster_exit_strict,ex_post_descriptive,high_vol_only,LOG_RV_MSE,14671,10,1.121544847097662,1.9579908418992744,-0.8364459948016125,-0.8358727820796477,2
RANDOM_RESIDUES_PLACEBO_REPO,cluster_exit_strict,ex_post_descriptive,high_vol_only,MAE,14671,10,0.0015007236426876971,0.00148243915610492,1.8284486582777247e-05,1.8288191306034746e-05,10
RANDOM_RESIDUES_PLACEBO_REPO,cluster_exit_strict,ex_post_descriptive,high_vol_only,MSE,14671,10,1.2686413406552538e-05,1.2614039312507886e-05,7.237409404465196e-08,7.234742108288851e-08,10
RANDOM_RESIDUES_PLACEBO_REPO,cluster_exit_strict,ex_post_descriptive,high_vol_only,RMSE,14671,10,0.003561799181109533,0.0035516248834171504,1.017429769238241e-05,9.094773528985002e-06,10
RANDOM_RESIDUES_PLACEBO_REPO,cluster_exit_strict,ex_post_descriptive,high_vol_only,SMAPE,14671,10,73.684845994303,72.02090673197485,1.6639392623281566,1.6646073409106847,9
RANDOM_RESIDUES_PLACEBO_REPO,cluster_exit_strict,ex_post_descriptive,near_zero_excluded,LOG_RV_MSE,72600,10,80.02173783897848,80.40882970565109,-0.38709186667260553,-0.3967044154869952,3
RANDOM_RESIDUES_PLACEBO_REPO,cluster_exit_strict,ex_post_descriptive,near_zero_excluded,MAE,72600,10,0.0006184535179022776,0.000623463101744687,-5.009583842409361e-06,-5.0457104707408005e-06,1
RANDOM_RESIDUES_PLACEBO_REPO,cluster_exit_strict,ex_post_descriptive,near_zero_excluded,MSE,72600,10,2.7805878498197563e-06,2.7794043024695237e-06,1.1835473502326823e-09,1.124629914214639e-09,2
RANDOM_RESIDUES_PLACEBO_REPO,cluster_exit_strict,ex_post_descriptive,near_zero_excluded,RMSE,72600,10,0.0016675094751814027,0.0016671545526643664,3.549225170362217e-07,-8.399978279984878e-08,2
RANDOM_RESIDUES_PLACEBO_REPO,cluster_exit_strict,ex_post_descriptive,near_zero_excluded,SMAPE,72600,10,96.72258691267511,97.24409558933012,-0.521508676655003,-0.5268415871925527,1
RANDOM_RESIDUES_PLACEBO_REPO,cluster_exit_strict,ex_post_descriptive,standard,LOG_RV_MSE,73334,10,81.90717235117306,82.28456462563108,-0.3773922744580176,-0.37736099320057404,3
RANDOM_RESIDUES_PLACEBO_REPO,cluster_exit_strict,ex_post_descriptive,standard,MAE,73334,10,0.000617143413936819,0.0006221816998727155,-5.038285935896557e-06,-5.0389612437609325e-06,1
RANDOM_RESIDUES_PLACEBO_REPO,cluster_exit_strict,ex_post_descriptive,standard,MSE,73334,10,2.7556748132676994e-06,2.754622812064072e-06,1.0520012036272818e-09,1.049929248095131e-09,2
RANDOM_RESIDUES_PLACEBO_REPO,cluster_exit_strict,ex_post_descriptive,standard,RMSE,73334,10,0.0016600225339638314,0.001659705640185654,3.1689377817732504e-07,-1.1740661816359629e-07,2
RANDOM_RESIDUES_PLACEBO_REPO,cluster_exit_strict,ex_post_descriptive,standard,SMAPE,73334,10,97.71189563488282,98.2289539587541,-0.5170583238712823,-0.5169867125030236,1
RANDOM_RESIDUES_PLACEBO_REPO,entry_with_recent_spike,ex_post_descriptive,high_vol_only,LOG_RV_MSE,8754,10,1.4736378437064515,1.5738944749827621,-0.10025663127631068,-0.08622971229453333,4
RANDOM_RESIDUES_PLACEBO_REPO,entry_with_recent_spike,ex_post_descriptive,high_vol_only,MAE,8754,10,0.0019315043244099452,0.0019182732231162129,1.323110129373235e-05,1.316808144282268e-05,9
RANDOM_RESIDUES_PLACEBO_REPO,entry_with_recent_spike,ex_post_descriptive,high_vol_only,MSE,8754,10,1.1146392096496613e-05,1.1052457631916659e-05,9.393446457995387e-08,9.285133107916574e-08,10
RANDOM_RESIDUES_PLACEBO_REPO,entry_with_recent_spike,ex_post_descriptive,high_vol_only,RMSE,8754,10,0.003338621286773421,0.0033245236699287702,1.4097616844650687e-05,1.1645811256678472e-05,10
RANDOM_RESIDUES_PLACEBO_REPO,entry_with_recent_spike,ex_post_descriptive,high_vol_only,SMAPE,8754,10,87.65347704873638,86.93000866509529,0.7234683836410909,0.7388331463647446,6
RANDOM_RESIDUES_PLACEBO_REPO,entry_with_recent_spike,ex_post_descriptive,near_zero_excluded,LOG_RV_MSE,43077,10,58.5073000988938,58.850943446321104,-0.34364334742730307,-0.354279479783281,3
RANDOM_RESIDUES_PLACEBO_REPO,entry_with_recent_spike,ex_post_descriptive,near_zero_excluded,MAE,43077,10,0.0008298909472286534,0.0008220892407117662,7.801706516887192e-06,7.713821603167349e-06,9
RANDOM_RESIDUES_PLACEBO_REPO,entry_with_recent_spike,ex_post_descriptive,near_zero_excluded,MSE,43077,10,2.7524238027535856e-06,2.7155005045886784e-06,3.692329816490719e-08,3.6612939902790594e-08,10
RANDOM_RESIDUES_PLACEBO_REPO,entry_with_recent_spike,ex_post_descriptive,near_zero_excluded,RMSE,43077,10,0.0016590430382463215,0.0016478775757284513,1.1165462517870187e-05,9.926558728343647e-06,10
RANDOM_RESIDUES_PLACEBO_REPO,entry_with_recent_spike,ex_post_descriptive,near_zero_excluded,SMAPE,43077,10,93.4313578597661,93.03730531662235,0.3940525431437436,0.39962033012737097,9
RANDOM_RESIDUES_PLACEBO_REPO,entry_with_recent_spike,ex_post_descriptive,standard,LOG_RV_MSE,43747,10,61.708962586389255,62.03537966112557,-0.32641707473631243,-0.33621031658877687,3
RANDOM_RESIDUES_PLACEBO_REPO,entry_with_recent_spike,ex_post_descriptive,standard,MAE,43747,10,0.0008304363652918029,0.0008224358201193065,8.000545172496426e-06,7.846009453956197e-06,9
RANDOM_RESIDUES_PLACEBO_REPO,entry_with_recent_spike,ex_post_descriptive,standard,MSE,43747,10,2.7262690958934324e-06,2.6889925734241527e-06,3.727652246927977e-08,3.6734980841399574e-08,10
RANDOM_RESIDUES_PLACEBO_REPO,entry_with_recent_spike,ex_post_descriptive,standard,RMSE,43747,10,0.0016511417552389112,0.0016398147985135858,1.1326956725325353e-05,1.003245987027233e-05,10
RANDOM_RESIDUES_PLACEBO_REPO,entry_with_recent_spike,ex_post_descriptive,standard,SMAPE,43747,10,94.9939885723259,94.60458559254172,0.3894029797841796,0.39349070115076046,9
RANDOM_RESIDUES_PLACEBO_REPO,entry_without_recent_spike,ex_post_descriptive,high_vol_only,LOG_RV_MSE,5946,10,1.1195692099524477,1.8591085625597723,-0.7395393526073246,-0.7512447004723335,2
RANDOM_RESIDUES_PLACEBO_REPO,entry_without_recent_spike,ex_post_descriptive,high_vol_only,MAE,5946,10,0.0015570783495014973,0.0015417751028478034,1.530324665369393e-05,1.5395169512924846e-05,10
RANDOM_RESIDUES_PLACEBO_REPO,entry_without_recent_spike,ex_post_descriptive,high_vol_only,MSE,5946,10,9.074816797282833e-06,9.00051404913381e-06,7.43027481490241e-08,7.560102508664357e-08,10
RANDOM_RESIDUES_PLACEBO_REPO,entry_without_recent_spike,ex_post_descriptive,high_vol_only,RMSE,5946,10,0.003012443658773195,0.003000085673632306,1.2357985140888737e-05,1.0408275985962002e-05,10
RANDOM_RESIDUES_PLACEBO_REPO,entry_without_recent_spike,ex_post_descriptive,high_vol_only,SMAPE,5946,10,80.3430946440876,79.28591230275029,1.0571823413373096,1.0275268301456904,6
RANDOM_RESIDUES_PLACEBO_REPO,entry_without_recent_spike,ex_post_descriptive,near_zero_excluded,LOG_RV_MSE,29421,10,60.966920165964275,61.67345006834482,-0.7065299023805451,-0.7265073326188952,2
RANDOM_RESIDUES_PLACEBO_REPO,entry_without_recent_spike,ex_post_descriptive,near_zero_excluded,MAE,29421,10,0.00064865090680092,0.0006474987879411217,1.1521188597983381e-06,1.2171569980136388e-06,8
RANDOM_RESIDUES_PLACEBO_REPO,entry_without_recent_spike,ex_post_descriptive,near_zero_excluded,MSE,29421,10,2.0879985944370397e-06,2.075211928945943e-06,1.2786665491096914e-08,1.3037993033869284e-08,8
RANDOM_RESIDUES_PLACEBO_REPO,entry_without_recent_spike,ex_post_descriptive,near_zero_excluded,RMSE,29421,10,0.0014449908630981166,0.0014405595888216296,4.431274276486992e-06,3.4777541019323302e-06,8
RANDOM_RESIDUES_PLACEBO_REPO,entry_without_recent_spike,ex_post_descriptive,near_zero_excluded,SMAPE,29421,10,90.44189351704458,90.63623165356861,-0.19433813652403842,-0.2078420753761776,4
RANDOM_RESIDUES_PLACEBO_REPO,entry_without_recent_spike,ex_post_descriptive,standard,LOG_RV_MSE,29710,10,62.62604303537494,63.32835769071233,-0.7023146553373891,-0.7086781942988379,2
RANDOM_RESIDUES_PLACEBO_REPO,entry_without_recent_spike,ex_post_descriptive,standard,MAE,29710,10,0.0006476522732693516,0.0006463623014842672,1.2899717850843899e-06,1.3443345265149288e-06,8
RANDOM_RESIDUES_PLACEBO_REPO,entry_without_recent_spike,ex_post_descriptive,standard,MSE,29710,10,2.071202405933468e-06,2.0584385333060283e-06,1.2763872627439583e-08,1.3005072053670278e-08,8
RANDOM_RESIDUES_PLACEBO_REPO,entry_without_recent_spike,ex_post_descriptive,standard,RMSE,29710,10,0.0014391672612776695,0.0014347259436233906,4.441317654278959e-06,3.4852884500171873e-06,8
RANDOM_RESIDUES_PLACEBO_REPO,entry_without_recent_spike,ex_post_descriptive,standard,SMAPE,29710,10,91.450697436652,91.64367862338689,-0.19298118673488318,-0.20419970758164824,4
RANDOM_RESIDUES_PLACEBO_REPO,high_within_block_dispersion,ex_post_descriptive,high_vol_only,LOG_RV_MSE,13800,10,1.347003340120205,2.408532107660434,-1.061528767540229,-0.9787032868052442,2
RANDOM_RESIDUES_PLACEBO_REPO,high_within_block_dispersion,ex_post_descriptive,high_vol_only,MAE,13800,10,0.0010124910161190377,0.0010137732471041472,-1.282230985109531e-06,-9.661339940713166e-07,7
RANDOM_RESIDUES_PLACEBO_REPO,high_within_block_dispersion,ex_post_descriptive,high_vol_only,MSE,13800,10,4.061123263348121e-06,4.051210561062304e-06,9.912702285817102e-09,9.73464188412324e-09,7
RANDOM_RESIDUES_PLACEBO_REPO,high_within_block_dispersion,ex_post_descriptive,high_vol_only,RMSE,13800,10,0.0020152228818044226,0.0020127619235921334,2.4609582122891646e-06,2.4357313647229957e-06,7
RANDOM_RESIDUES_PLACEBO_REPO,high_within_block_dispersion,ex_post_descriptive,high_vol_only,SMAPE,13800,10,67.13010831164493,67.84593087359973,-0.7158225619547949,-0.5611917017600071,3
RANDOM_RESIDUES_PLACEBO_REPO,high_within_block_dispersion,ex_post_descriptive,near_zero_excluded,LOG_RV_MSE,68602,10,133.4472628617705,133.68798676153594,-0.24072389976544173,-0.28007433766832573,5
RANDOM_RESIDUES_PLACEBO_REPO,high_within_block_dispersion,ex_post_descriptive,near_zero_excluded,MAE,68602,10,0.000568649162840853,0.000563318444560684,5.3307182801689635e-06,4.7984431792433125e-06,8
RANDOM_RESIDUES_PLACEBO_REPO,high_within_block_dispersion,ex_post_descriptive,near_zero_excluded,MSE,68602,10,1.1270507328910632e-06,1.1134951513445979e-06,1.3555581546465299e-08,1.2663220817139826e-08,8
RANDOM_RESIDUES_PLACEBO_REPO,high_within_block_dispersion,ex_post_descriptive,near_zero_excluded,RMSE,68602,10,0.0010616264563824054,0.001055222797017103,6.40365936530247e-06,5.26680706633123e-06,8
RANDOM_RESIDUES_PLACEBO_REPO,high_within_block_dispersion,ex_post_descriptive,near_zero_excluded,SMAPE,68602,10,119.19625535916762,119.51755803021732,-0.32130267104969334,-0.2890802595580098,1
RANDOM_RESIDUES_PLACEBO_REPO,high_within_block_dispersion,ex_post_descriptive,standard,LOG_RV_MSE,68970,10,134.1816042629971,134.41637587462685,-0.23477161162975335,-0.26610327673864925,5
RANDOM_RESIDUES_PLACEBO_REPO,high_within_block_dispersion,ex_post_descriptive,standard,MAE,68970,10,0.0005686239437191444,0.0005632512447416505,5.3726989774938476e-06,4.845017559782611e-06,8
RANDOM_RESIDUES_PLACEBO_REPO,high_within_block_dispersion,ex_post_descriptive,standard,MSE,68970,10,1.123133377256323e-06,1.1095372699893566e-06,1.3596107266966285e-08,1.269669723794119e-08,8
RANDOM_RESIDUES_PLACEBO_REPO,high_within_block_dispersion,ex_post_descriptive,standard,RMSE,68970,10,0.0010597798720754811,0.001053345750449185,6.4341216262960976e-06,5.290176226627848e-06,8
RANDOM_RESIDUES_PLACEBO_REPO,high_within_block_dispersion,ex_post_descriptive,standard,SMAPE,68970,10,119.60427234064147,119.92336473827956,-0.3190923976380873,-0.2855565405881265,1
RANDOM_RESIDUES_PLACEBO_REPO,inflection_points,ex_post_descriptive,high_vol_only,LOG_RV_MSE,28984,10,1.1395945186365517,1.6702506133571855,-0.5306560947206338,-0.5193013153738788,2
RANDOM_RESIDUES_PLACEBO_REPO,inflection_points,ex_post_descriptive,high_vol_only,MAE,28984,10,0.0015690861682796692,0.0015555778086910296,1.3508359588639647e-05,1.3223004256657413e-05,10
RANDOM_RESIDUES_PLACEBO_REPO,inflection_points,ex_post_descriptive,high_vol_only,MSE,28984,10,1.1258143057283103e-05,1.1193510586450562e-05,6.463247083254067e-08,6.268118791940067e-08,10
RANDOM_RESIDUES_PLACEBO_REPO,inflection_points,ex_post_descriptive,high_vol_only,RMSE,28984,10,0.0033553156419751486,0.0033456704240631,9.645217912048615e-06,8.217673402290972e-06,10
RANDOM_RESIDUES_PLACEBO_REPO,inflection_points,ex_post_descriptive,high_vol_only,SMAPE,28984,10,77.5511484641698,76.56693170665622,0.984216757513579,1.000166027513798,10
RANDOM_RESIDUES_PLACEBO_REPO,inflection_points,ex_post_descriptive,near_zero_excluded,LOG_RV_MSE,143375,10,58.64300646845435,59.01932654504711,-0.376320076592755,-0.3730526272354159,1
RANDOM_RESIDUES_PLACEBO_REPO,inflection_points,ex_post_descriptive,near_zero_excluded,MAE,143375,10,0.0006543332064361158,0.000653401548269806,9.316581663097777e-07,8.660928023108083e-07,8
RANDOM_RESIDUES_PLACEBO_REPO,inflection_points,ex_post_descriptive,near_zero_excluded,MSE,143375,10,2.5404502226370316e-06,2.5289410827936476e-06,1.1509139843383958e-08,1.1041294480443421e-08,9
RANDOM_RESIDUES_PLACEBO_REPO,inflection_points,ex_post_descriptive,near_zero_excluded,RMSE,143375,10,0.0015938789861959506,0.0015902644694495466,3.6145167464040045e-06,2.852532641063312e-06,9
RANDOM_RESIDUES_PLACEBO_REPO,inflection_points,ex_post_descriptive,near_zero_excluded,SMAPE,143375,10,90.02958355319511,90.18982416428109,-0.16024061108598175,-0.15253564372307835,2
RANDOM_RESIDUES_PLACEBO_REPO,inflection_points,ex_post_descriptive,standard,LOG_RV_MSE,144886,10,60.506791384132924,60.87296890224066,-0.36617751810773314,-0.35472125285659983,1
RANDOM_RESIDUES_PLACEBO_REPO,inflection_points,ex_post_descriptive,standard,MAE,144886,10,0.0006529679144583394,0.0006519717257973591,9.96188660980354e-07,9.360128481838753e-07,8
RANDOM_RESIDUES_PLACEBO_REPO,inflection_points,ex_post_descriptive,standard,MSE,144886,10,2.5174090289669973e-06,2.5059533469559184e-06,1.1455682011078957e-08,1.1062957047488225e-08,9
RANDOM_RESIDUES_PLACEBO_REPO,inflection_points,ex_post_descriptive,standard,RMSE,144886,10,0.0015866344975976657,0.0015830203242396853,3.6141733579804058e-06,2.865530360497481e-06,9
RANDOM_RESIDUES_PLACEBO_REPO,inflection_points,ex_post_descriptive,standard,SMAPE,144886,10,91.11849778030444,91.27500460136234,-0.1565068210579028,-0.14791649688228148,2
RANDOM_RESIDUES_PLACEBO_REPO,older_spike_position,ex_post_descriptive,high_vol_only,LOG_RV_MSE,21781,10,1.1395303095276075,1.7971428904585474,-0.6576125809309399,-0.6417383791765912,1
RANDOM_RESIDUES_PLACEBO_REPO,older_spike_position,ex_post_descriptive,high_vol_only,MAE,21781,10,0.0013486758957650074,0.0013440203088938318,4.655586871175682e-06,4.543058894911149e-06,9
RANDOM_RESIDUES_PLACEBO_REPO,older_spike_position,ex_post_descriptive,high_vol_only,MSE,21781,10,1.069141300105579e-05,1.0672610269046557e-05,1.8802732009233394e-08,1.8044593553991414e-08,8
RANDOM_RESIDUES_PLACEBO_REPO,older_spike_position,ex_post_descriptive,high_vol_only,RMSE,21781,10,0.0032697726222255565,0.0032668961215573653,2.876500668191114e-06,1.898458583178184e-06,8
RANDOM_RESIDUES_PLACEBO_REPO,older_spike_position,ex_post_descriptive,high_vol_only,SMAPE,21781,10,69.8626302544199,69.57398275085268,0.28864750356721913,0.3031923370890766,8
RANDOM_RESIDUES_PLACEBO_REPO,older_spike_position,ex_post_descriptive,near_zero_excluded,LOG_RV_MSE,107788,10,78.34423187563695,78.57597518752135,-0.23174331188440078,-0.2155373176406175,4
RANDOM_RESIDUES_PLACEBO_REPO,older_spike_position,ex_post_descriptive,near_zero_excluded,MAE,107788,10,0.0005714781969803931,0.0005698269058874121,1.6512910929809659e-06,1.6437175934375065e-06,8
RANDOM_RESIDUES_PLACEBO_REPO,older_spike_position,ex_post_descriptive,near_zero_excluded,MSE,107788,10,2.346475802604796e-06,2.3434485734901722e-06,3.0272291146236762e-09,2.8830199625047774e-09,7
RANDOM_RESIDUES_PLACEBO_REPO,older_spike_position,ex_post_descriptive,near_zero_excluded,RMSE,107788,10,0.0015318210739524365,0.0015308326405881778,9.884333642587017e-07,6.503019246153921e-07,7
RANDOM_RESIDUES_PLACEBO_REPO,older_spike_position,ex_post_descriptive,near_zero_excluded,SMAPE,107788,10,96.43669126169502,96.70781964626484,-0.27112838456982047,-0.2616112146492725,1
RANDOM_RESIDUES_PLACEBO_REPO,older_spike_position,ex_post_descriptive,standard,LOG_RV_MSE,108871,10,80.56611776174127,80.78096663121708,-0.21484886947581572,-0.1869112250930792,4
RANDOM_RESIDUES_PLACEBO_REPO,older_spike_position,ex_post_descriptive,standard,MAE,108871,10,0.0005701423444680369,0.0005684247567084888,1.717587759548101e-06,1.7298828872004978e-06,8
RANDOM_RESIDUES_PLACEBO_REPO,older_spike_position,ex_post_descriptive,standard,MSE,108871,10,2.3254307190849205e-06,2.3223824346032954e-06,3.048284481625091e-09,2.9274654836650406e-09,7
RANDOM_RESIDUES_PLACEBO_REPO,older_spike_position,ex_post_descriptive,standard,RMSE,108871,10,0.0015249363000089285,0.0015239364929692102,9.998070397182653e-07,6.724432408249071e-07,7
RANDOM_RESIDUES_PLACEBO_REPO,older_spike_position,ex_post_descriptive,standard,SMAPE,108871,10,97.43444157677632,97.7023340112255,-0.2678924344491804,-0.2586577783948215,1
RANDOM_RESIDUES_PLACEBO_REPO,recent_ramp_high_dispersion,ex_post_descriptive,high_vol_only,LOG_RV_MSE,4860,10,1.422541686129273,1.8677011628407039,-0.44515947671143086,-0.38587893025280595,5
RANDOM_RESIDUES_PLACEBO_REPO,recent_ramp_high_dispersion,ex_post_descriptive,high_vol_only,MAE,4860,10,0.0014613955477391944,0.0014576358750994392,3.75967263975519e-06,4.471353686046184e-06,6
RANDOM_RESIDUES_PLACEBO_REPO,recent_ramp_high_dispersion,ex_post_descriptive,high_vol_only,MSE,4860,10,5.9629586828906324e-06,5.919802970710335e-06,4.315571218029703e-08,4.3897605162639614e-08,8
RANDOM_RESIDUES_PLACEBO_REPO,recent_ramp_high_dispersion,ex_post_descriptive,high_vol_only,RMSE,4860,10,0.0024419170098286783,0.0024330645225127787,8.852487315899604e-06,8.728401277906164e-06,8
RANDOM_RESIDUES_PLACEBO_REPO,recent_ramp_high_dispersion,ex_post_descriptive,high_vol_only,SMAPE,4860,10,76.48024025708399,76.75709850945269,-0.2768582523686973,-0.16661210231871024,5
RANDOM_RESIDUES_PLACEBO_REPO,recent_ramp_high_dispersion,ex_post_descriptive,near_zero_excluded,LOG_RV_MSE,24128,10,114.11256475334159,114.79496414747359,-0.6823993941320055,-0.6517550034719838,4
RANDOM_RESIDUES_PLACEBO_REPO,recent_ramp_high_dispersion,ex_post_descriptive,near_zero_excluded,MAE,24128,10,0.0007928593927930361,0.000779932444425429,1.292694836760712e-05,1.2395614640500769e-05,9
RANDOM_RESIDUES_PLACEBO_REPO,recent_ramp_high_dispersion,ex_post_descriptive,near_zero_excluded,MSE,24128,10,1.8154479400161009e-06,1.7705467230149347e-06,4.490121700116621e-08,4.4380623422300705e-08,10
RANDOM_RESIDUES_PLACEBO_REPO,recent_ramp_high_dispersion,ex_post_descriptive,near_zero_excluded,RMSE,24128,10,0.0013473855944072211,0.001330618924792119,1.6766669615102172e-05,1.4851559408776726e-05,10
RANDOM_RESIDUES_PLACEBO_REPO,recent_ramp_high_dispersion,ex_post_descriptive,near_zero_excluded,SMAPE,24128,10,117.97303253465954,117.65741053898006,0.3156219956794786,0.322144457949247,8
RANDOM_RESIDUES_PLACEBO_REPO,recent_ramp_high_dispersion,ex_post_descriptive,standard,LOG_RV_MSE,24273,10,114.68887161199063,115.37014000203192,-0.6812683900412821,-0.6486595656296543,4
RANDOM_RESIDUES_PLACEBO_REPO,recent_ramp_high_dispersion,ex_post_descriptive,standard,MAE,24273,10,0.0007926212485103804,0.0007795112768207551,1.3109971689625327e-05,1.247620244734184e-05,9
RANDOM_RESIDUES_PLACEBO_REPO,recent_ramp_high_dispersion,ex_post_descriptive,standard,MSE,24273,10,1.8086202642090091e-06,1.7635279868485028e-06,4.509227736050637e-08,4.445430577345526e-08,10
RANDOM_RESIDUES_PLACEBO_REPO,recent_ramp_high_dispersion,ex_post_descriptive,standard,RMSE,24273,10,0.001344849532181578,0.001327978910543576,1.6870621638002134e-05,1.4920026108700037e-05,10
RANDOM_RESIDUES_PLACEBO_REPO,recent_ramp_high_dispersion,ex_post_descriptive,standard,SMAPE,24273,10,118.4281414949415,118.11364970834028,0.31449178660122357,0.3165198311565874,8
RANDOM_RESIDUES_PLACEBO_REPO,recent_spike_position,ex_post_descriptive,high_vol_only,LOG_RV_MSE,41263,10,133.60326357120792,133.49551015533314,0.10775341587478238,-0.2859107679227482,1
RANDOM_RESIDUES_PLACEBO_REPO,recent_spike_position,ex_post_descriptive,high_vol_only,MAE,41263,10,0.0009278329622731831,0.000922077154553838,5.7558077193450505e-06,9.000880469867544e-06,10
RANDOM_RESIDUES_PLACEBO_REPO,recent_spike_position,ex_post_descriptive,high_vol_only,MSE,41263,10,5.620772726690841e-06,5.592901020802417e-06,2.787170588842357e-08,5.098175175374615e-08,9
RANDOM_RESIDUES_PLACEBO_REPO,recent_spike_position,ex_post_descriptive,high_vol_only,RMSE,41263,10,0.002370816890164831,0.002364931504463167,5.885385701664362e-06,6.797011230268244e-06,9
RANDOM_RESIDUES_PLACEBO_REPO,recent_spike_position,ex_post_descriptive,high_vol_only,SMAPE,41263,10,126.75937020163306,126.45353364711004,0.30583655452302594,0.3965783563906157,8
RANDOM_RESIDUES_PLACEBO_REPO,recent_spike_position,ex_post_descriptive,near_zero_excluded,LOG_RV_MSE,124205,10,108.09331457411457,108.08522088269713,0.008093691417442983,-0.07001111304800804,4
RANDOM_RESIDUES_PLACEBO_REPO,recent_spike_position,ex_post_descriptive,near_zero_excluded,MAE,124205,10,0.0006101040586077684,0.0006046605647963793,5.443493811389073e-06,5.7949064711995996e-06,10
RANDOM_RESIDUES_PLACEBO_REPO,recent_spike_position,ex_post_descriptive,near_zero_excluded,MSE,124205,10,2.122274233945656e-06,2.105356785591242e-06,1.6917448354413808e-08,1.8829604128490726e-08,10
RANDOM_RESIDUES_PLACEBO_REPO,recent_spike_position,ex_post_descriptive,near_zero_excluded,RMSE,124205,10,0.0014568027436635531,0.0014509847640796379,5.817979583915261e-06,5.5866888019830314e-06,10
RANDOM_RESIDUES_PLACEBO_REPO,recent_spike_position,ex_post_descriptive,near_zero_excluded,SMAPE,124205,10,110.75903396715827,110.66682181807121,0.09221214908706088,0.08957748950060278,7
RANDOM_RESIDUES_PLACEBO_REPO,recent_spike_position,ex_post_descriptive,standard,LOG_RV_MSE,125358,10,109.41387331267963,109.39397830378918,0.019895008890443933,-0.04924662363507402,4
RANDOM_RESIDUES_PLACEBO_REPO,recent_spike_position,ex_post_descriptive,standard,MAE,125358,10,0.0006091827784219505,0.0006036661347701882,5.51664365176232e-06,5.870311594512328e-06,10
RANDOM_RESIDUES_PLACEBO_REPO,recent_spike_position,ex_post_descriptive,standard,MSE,125358,10,2.1057111020059574e-06,2.088800845038744e-06,1.6910256967213515e-08,1.884448688898444e-08,10
RANDOM_RESIDUES_PLACEBO_REPO,recent_spike_position,ex_post_descriptive,standard,RMSE,125358,10,0.00145110685409654,0.001445268433557844,5.838420538696078e-06,5.61754549968502e-06,10
RANDOM_RESIDUES_PLACEBO_REPO,recent_spike_position,ex_post_descriptive,standard,SMAPE,125358,10,111.53126331543436,111.43845444549548,0.09280886993887805,0.0887720901994669,7
RANDOM_RESIDUES_PLACEBO_REPO,same_average_back_loaded,ex_post_descriptive,high_vol_only,LOG_RV_MSE,5089,10,148.22928488392745,147.32095197985868,0.9083329040687715,-0.2614626308581081,5
RANDOM_RESIDUES_PLACEBO_REPO,same_average_back_loaded,ex_post_descriptive,high_vol_only,MAE,5089,10,0.00079502070058517,0.0007887182235722567,6.302477012913241e-06,5.304253403706815e-06,9
RANDOM_RESIDUES_PLACEBO_REPO,same_average_back_loaded,ex_post_descriptive,high_vol_only,MSE,5089,10,5.436331053659615e-06,5.427386792159474e-06,8.944261500141163e-09,1.8330660665954616e-08,7
RANDOM_RESIDUES_PLACEBO_REPO,same_average_back_loaded,ex_post_descriptive,high_vol_only,RMSE,5089,10,0.0023315941013949265,0.0023296752546566385,1.9188467382880506e-06,2.6010136390925275e-06,7
RANDOM_RESIDUES_PLACEBO_REPO,same_average_back_loaded,ex_post_descriptive,high_vol_only,SMAPE,5089,10,125.47402771920483,125.2346451327029,0.23938258650193234,0.4968901691851265,6
RANDOM_RESIDUES_PLACEBO_REPO,same_average_back_loaded,ex_post_descriptive,near_zero_excluded,LOG_RV_MSE,15487,10,124.26141461023107,123.89023641115432,0.371178199076752,0.21018412642855142,6
RANDOM_RESIDUES_PLACEBO_REPO,same_average_back_loaded,ex_post_descriptive,near_zero_excluded,MAE,15487,10,0.000527741419898501,0.0005251739422166778,2.567477681823219e-06,1.8481723637404327e-06,5
RANDOM_RESIDUES_PLACEBO_REPO,same_average_back_loaded,ex_post_descriptive,near_zero_excluded,MSE,15487,10,1.938986808645503e-06,1.93469385508978e-06,4.2929535557229236e-09,4.6509466885642646e-09,6
RANDOM_RESIDUES_PLACEBO_REPO,same_average_back_loaded,ex_post_descriptive,near_zero_excluded,RMSE,15487,10,0.0013924750657176965,0.001390932728455902,1.5423372617944398e-06,1.4144871393149917e-06,6
RANDOM_RESIDUES_PLACEBO_REPO,same_average_back_loaded,ex_post_descriptive,near_zero_excluded,SMAPE,15487,10,115.21629356973736,115.32835741439126,-0.11206384465390329,-0.13568878366587994,3
RANDOM_RESIDUES_PLACEBO_REPO,same_average_back_loaded,ex_post_descriptive,standard,LOG_RV_MSE,15559,10,124.77448379663251,124.40181567464147,0.3726681219910404,0.21518446212880954,6
RANDOM_RESIDUES_PLACEBO_REPO,same_average_back_loaded,ex_post_descriptive,standard,MAE,15559,10,0.0005277712464133768,0.0005252074805888487,2.563765824528056e-06,1.8715091301297617e-06,5
RANDOM_RESIDUES_PLACEBO_REPO,same_average_back_loaded,ex_post_descriptive,standard,MSE,15559,10,1.931432277016903e-06,1.927154459516653e-06,4.27781750025004e-09,4.622060757663385e-09,6
RANDOM_RESIDUES_PLACEBO_REPO,same_average_back_loaded,ex_post_descriptive,standard,RMSE,15559,10,0.0013897597911210781,0.0013882198887484119,1.539902372666227e-06,1.4094535806381336e-06,6
RANDOM_RESIDUES_PLACEBO_REPO,same_average_back_loaded,ex_post_descriptive,standard,SMAPE,15559,10,115.5837931550299,115.69612455553633,-0.11233140050643442,-0.1354881616965443,3
RANDOM_RESIDUES_PLACEBO_REPO,same_average_different_path,ex_post_descriptive,high_vol_only,LOG_RV_MSE,1483,10,1.176451606646611,1.4967224006171918,-0.32027079397058067,-0.3275826910473155,1
RANDOM_RESIDUES_PLACEBO_REPO,same_average_different_path,ex_post_descriptive,high_vol_only,MAE,1483,10,0.0012308421833447504,0.001229655250485042,1.1869328597083426e-06,1.2799708488970154e-07,6
RANDOM_RESIDUES_PLACEBO_REPO,same_average_different_path,ex_post_descriptive,high_vol_only,MSE,1483,10,5.424646643583948e-06,5.432106735336789e-06,-7.460091752840873e-09,-1.0378649463099179e-08,4
RANDOM_RESIDUES_PLACEBO_REPO,same_average_different_path,ex_post_descriptive,high_vol_only,RMSE,1483,10,0.0023290870837270015,0.002330688039042718,-1.6009553157163292e-06,-2.798036525874007e-06,4
RANDOM_RESIDUES_PLACEBO_REPO,same_average_different_path,ex_post_descriptive,high_vol_only,SMAPE,1483,10,78.26623100008541,78.05593370104218,0.21029729904323347,0.11318102795205646,4
RANDOM_RESIDUES_PLACEBO_REPO,same_average_different_path,ex_post_descriptive,near_zero_excluded,LOG_RV_MSE,7368,10,130.5647982605645,130.46237364259616,0.10242461796832458,0.03767202478714182,4
RANDOM_RESIDUES_PLACEBO_REPO,same_average_different_path,ex_post_descriptive,near_zero_excluded,MAE,7368,10,0.0005432933685073359,0.0005406373061412277,2.656062366108232e-06,2.5394719207372077e-06,7
RANDOM_RESIDUES_PLACEBO_REPO,same_average_different_path,ex_post_descriptive,near_zero_excluded,MSE,7368,10,1.25033332979528e-06,1.2487483152300667e-06,1.5850145652134077e-09,1.1224727333383391e-09,5
RANDOM_RESIDUES_PLACEBO_REPO,same_average_different_path,ex_post_descriptive,near_zero_excluded,RMSE,7368,10,0.0011181830484295852,0.001117474078102068,7.089703275172093e-07,1.641328059715007e-07,5
RANDOM_RESIDUES_PLACEBO_REPO,same_average_different_path,ex_post_descriptive,near_zero_excluded,SMAPE,7368,10,117.07922485099387,116.9620640283925,0.11716082260136318,0.11279098046669844,6
RANDOM_RESIDUES_PLACEBO_REPO,same_average_different_path,ex_post_descriptive,standard,LOG_RV_MSE,7396,10,131.0538149663491,130.9476753693729,0.10613959697622022,0.04331125754764109,5
RANDOM_RESIDUES_PLACEBO_REPO,same_average_different_path,ex_post_descriptive,standard,MAE,7396,10,0.000543100371193495,0.0005404158970883665,2.684474105128505e-06,2.622767450664756e-06,7
RANDOM_RESIDUES_PLACEBO_REPO,same_average_different_path,ex_post_descriptive,standard,MSE,7396,10,1.2465643227993336e-06,1.244952994925207e-06,1.6113278741265885e-09,1.1830278887163856e-09,5
RANDOM_RESIDUES_PLACEBO_REPO,same_average_different_path,ex_post_descriptive,standard,RMSE,7396,10,0.0011164964499716663,0.0011157746165445812,7.218334270851258e-07,1.933684905046113e-07,5
RANDOM_RESIDUES_PLACEBO_REPO,same_average_different_path,ex_post_descriptive,standard,SMAPE,7396,10,117.3731818015564,117.256615148074,0.11656665348239414,0.11659720872721949,6
RANDOM_RESIDUES_PLACEBO_REPO,same_average_recent_front_loaded,ex_post_descriptive,high_vol_only,LOG_RV_MSE,2870,10,1.4580562797951269,2.112227089589046,-0.654170809793919,-0.641401887738122,3
RANDOM_RESIDUES_PLACEBO_REPO,same_average_recent_front_loaded,ex_post_descriptive,high_vol_only,MAE,2870,10,0.0016073033120725894,0.0016066479125562243,6.553995163650992e-07,7.47948031585286e-07,4
RANDOM_RESIDUES_PLACEBO_REPO,same_average_recent_front_loaded,ex_post_descriptive,high_vol_only,MSE,2870,10,7.781371153816655e-06,7.763466490318415e-06,1.7904663498240816e-08,1.8216852899473537e-08,5
RANDOM_RESIDUES_PLACEBO_REPO,same_average_recent_front_loaded,ex_post_descriptive,high_vol_only,RMSE,2870,10,0.0027895109165975056,0.002786299784717792,3.2111318797136724e-06,1.7508173097098892e-06,5
RANDOM_RESIDUES_PLACEBO_REPO,same_average_recent_front_loaded,ex_post_descriptive,high_vol_only,SMAPE,2870,10,94.65986103058924,94.7988147519752,-0.13895372138595974,-0.12166270711097837,5
RANDOM_RESIDUES_PLACEBO_REPO,same_average_recent_front_loaded,ex_post_descriptive,near_zero_excluded,LOG_RV_MSE,14110,10,61.51306201248259,61.880901652222164,-0.36783963973957157,-0.3767204596423053,2
RANDOM_RESIDUES_PLACEBO_REPO,same_average_recent_front_loaded,ex_post_descriptive,near_zero_excluded,MAE,14110,10,0.0006158783010104141,0.0006132039132446972,2.674387765716924e-06,2.637630718478628e-06,9
RANDOM_RESIDUES_PLACEBO_REPO,same_average_recent_front_loaded,ex_post_descriptive,near_zero_excluded,MSE,14110,10,1.7527220781628603e-06,1.7446038994840665e-06,8.118178678793838e-09,8.105884068772335e-09,9
RANDOM_RESIDUES_PLACEBO_REPO,same_average_recent_front_loaded,ex_post_descriptive,near_zero_excluded,RMSE,14110,10,0.0013239041045947626,0.0013208345465969863,3.0695579977763152e-06,2.344912057538842e-06,9
RANDOM_RESIDUES_PLACEBO_REPO,same_average_recent_front_loaded,ex_post_descriptive,near_zero_excluded,SMAPE,14110,10,92.08728032701002,92.05698946916334,0.03029085784667984,0.030431376105600805,7
RANDOM_RESIDUES_PLACEBO_REPO,same_average_recent_front_loaded,ex_post_descriptive,standard,LOG_RV_MSE,14331,10,65.0327606534289,65.37751757158445,-0.34475691815555365,-0.34953371422057894,2
RANDOM_RESIDUES_PLACEBO_REPO,same_average_recent_front_loaded,ex_post_descriptive,standard,MAE,14331,10,0.0006156989961505772,0.0006128189326207945,2.880063529782698e-06,2.8332321539855884e-06,9
RANDOM_RESIDUES_PLACEBO_REPO,same_average_recent_front_loaded,ex_post_descriptive,standard,MSE,14331,10,1.732179693635762e-06,1.7238681726327483e-06,8.311521003013702e-09,8.315889517552109e-09,9
RANDOM_RESIDUES_PLACEBO_REPO,same_average_recent_front_loaded,ex_post_descriptive,standard,RMSE,14331,10,0.0013161229781581058,0.0013129616036399343,3.1613745181714725e-06,2.4552946245902926e-06,9
RANDOM_RESIDUES_PLACEBO_REPO,same_average_recent_front_loaded,ex_post_descriptive,standard,SMAPE,14331,10,93.68336123354462,93.65340284021146,0.029958393333160416,0.030078856867376658,7
RANDOM_RESIDUES_PLACEBO_REPO,stable_low_dispersion,ex_post_descriptive,high_vol_only,LOG_RV_MSE,13798,10,1.1365927010064192,1.5770339427263662,-0.44044124171994703,-0.4119893450164824,3
RANDOM_RESIDUES_PLACEBO_REPO,stable_low_dispersion,ex_post_descriptive,high_vol_only,MAE,13798,10,0.0016297046728240819,0.001611403265963272,1.830140686080988e-05,1.743081827403487e-05,9
RANDOM_RESIDUES_PLACEBO_REPO,stable_low_dispersion,ex_post_descriptive,high_vol_only,MSE,13798,10,1.7413305625955696e-05,1.7307853188745262e-05,1.0545243721043457e-07,9.973991892389183e-08,10
RANDOM_RESIDUES_PLACEBO_REPO,stable_low_dispersion,ex_post_descriptive,high_vol_only,RMSE,13798,10,0.004172925307977091,0.004160270807140475,1.2654500836616067e-05,1.0389241193542134e-05,10
RANDOM_RESIDUES_PLACEBO_REPO,stable_low_dispersion,ex_post_descriptive,high_vol_only,SMAPE,13798,10,72.78501202823047,71.49433233214265,1.290679696087821,1.2317899457854509,9
RANDOM_RESIDUES_PLACEBO_REPO,stable_low_dispersion,ex_post_descriptive,near_zero_excluded,LOG_RV_MSE,67129,10,23.025768102724278,23.489250445800508,-0.4634823430762296,-0.4345086481831576,2
RANDOM_RESIDUES_PLACEBO_REPO,stable_low_dispersion,ex_post_descriptive,near_zero_excluded,MAE,67129,10,0.0006391886576111414,0.0006406168687777383,-1.428211166596945e-06,-1.2906209216837379e-06,3
RANDOM_RESIDUES_PLACEBO_REPO,stable_low_dispersion,ex_post_descriptive,near_zero_excluded,MSE,67129,10,3.7891257013455223e-06,3.77531714176833e-06,1.3808559577192394e-08,1.306443715311853e-08,10
RANDOM_RESIDUES_PLACEBO_REPO,stable_low_dispersion,ex_post_descriptive,near_zero_excluded,RMSE,67129,10,0.0019465676719152413,0.001943017535116019,3.5501367992222914e-06,3.0332721427030087e-06,10
RANDOM_RESIDUES_PLACEBO_REPO,stable_low_dispersion,ex_post_descriptive,near_zero_excluded,SMAPE,67129,10,76.72229579638059,76.91843842434929,-0.19614262796869752,-0.18131345993570705,3
RANDOM_RESIDUES_PLACEBO_REPO,stable_low_dispersion,ex_post_descriptive,standard,LOG_RV_MSE,68968,10,30.904589905889917,31.340596543726924,-0.4360066378370071,-0.4022461896137319,2
RANDOM_RESIDUES_PLACEBO_REPO,stable_low_dispersion,ex_post_descriptive,standard,MAE,68968,10,0.0006423459670206478,0.0006435133218172745,-1.1673547966267002e-06,-1.0549873902690688e-06,3
RANDOM_RESIDUES_PLACEBO_REPO,stable_low_dispersion,ex_post_descriptive,standard,MSE,68968,10,3.707039266768412e-06,3.6932614674314197e-06,1.3777799336992288e-08,1.3045936192853518e-08,10
RANDOM_RESIDUES_PLACEBO_REPO,stable_low_dispersion,ex_post_descriptive,standard,RMSE,68968,10,0.0019253673069750644,0.001921786009791782,3.5812971832824367e-06,3.054486795414006e-06,10
RANDOM_RESIDUES_PLACEBO_REPO,stable_low_dispersion,ex_post_descriptive,standard,SMAPE,68968,10,79.91610747922876,80.10912362734112,-0.19301614811236334,-0.17840180820970347,3
RAW_CP_REPO_PLUS_PM,all_observations,not_conditioned,high_vol_only,LOG_RV_MSE,73496,10,1.2429973656852933,1.6763103451523202,-0.43331297946702696,-0.4331766942832359,0
RAW_CP_REPO_PLUS_PM,all_observations,not_conditioned,high_vol_only,MAE,73496,10,0.0013977588560373617,0.0013891361908968595,8.622665140502151e-06,8.620917899129398e-06,9
RAW_CP_REPO_PLUS_PM,all_observations,not_conditioned,high_vol_only,MSE,73496,10,9.91631467282196e-06,9.857264896990952e-06,5.9049775831008375e-08,5.902057792991271e-08,10
RAW_CP_REPO_PLUS_PM,all_observations,not_conditioned,high_vol_only,RMSE,73496,10,0.0031490180489832003,0.0031396281462923205,9.389902690879783e-06,8.266528730972289e-06,10
RAW_CP_REPO_PLUS_PM,all_observations,not_conditioned,high_vol_only,SMAPE,73496,10,74.02057589487282,73.60627700119305,0.4142988936797707,0.41426621452314977,8
RAW_CP_REPO_PLUS_PM,all_observations,not_conditioned,near_zero_excluded,LOG_RV_MSE,363794,10,84.08930450077095,84.31135368155533,-0.2220491807843814,-0.23049603843460842,3
RAW_CP_REPO_PLUS_PM,all_observations,not_conditioned,near_zero_excluded,MAE,363794,10,0.0005874977904224,0.000586507399046085,9.903913763150123e-07,9.906571048209868e-07,8
RAW_CP_REPO_PLUS_PM,all_observations,not_conditioned,near_zero_excluded,MSE,363794,10,2.215330906486703e-06,2.204055593546013e-06,1.1275312940689824e-08,1.1239379999982862e-08,10
RAW_CP_REPO_PLUS_PM,all_observations,not_conditioned,near_zero_excluded,RMSE,363794,10,0.0014883987726703831,0.0014846062082404252,3.792564429957925e-06,3.295411123622951e-06,10
RAW_CP_REPO_PLUS_PM,all_observations,not_conditioned,near_zero_excluded,SMAPE,363794,10,99.92108203019059,100.14865967035607,-0.2275776401654781,-0.22752998472550132,1
RAW_CP_REPO_PLUS_PM,all_observations,not_conditioned,standard,LOG_RV_MSE,367468,10,86.0153296729766,86.21821413276899,-0.20288445979238645,-0.2029959346950644,3
RAW_CP_REPO_PLUS_PM,all_observations,not_conditioned,standard,MAE,367468,10,0.0005862627334133548,0.0005851831757620696,1.0795576512852506e-06,1.079331833966999e-06,8
RAW_CP_REPO_PLUS_PM,all_observations,not_conditioned,standard,MSE,367468,10,2.195810003812886e-06,2.184577620049625e-06,1.1232383763260797e-08,1.12277832949449e-08,10
RAW_CP_REPO_PLUS_PM,all_observations,not_conditioned,standard,RMSE,367468,10,0.0014818265768344438,0.0014780316708547302,3.7949059797136656e-06,3.3044575183995244e-06,10
RAW_CP_REPO_PLUS_PM,all_observations,not_conditioned,standard,SMAPE,367468,10,100.87996480320403,101.10444780304057,-0.22448299983653897,-0.22433739166751393,1
RAW_CP_REPO_PLUS_PM,cluster_entry_loose,ex_post_descriptive,high_vol_only,LOG_RV_MSE,14694,10,1.332130441941895,1.691283289732004,-0.35915284779010914,-0.3588551156030682,2
RAW_CP_REPO_PLUS_PM,cluster_entry_loose,ex_post_descriptive,high_vol_only,MAE,14694,10,0.001784491149669092,0.0017817021308942273,2.7890187748646957e-06,2.787348892933038e-06,8
RAW_CP_REPO_PLUS_PM,cluster_entry_loose,ex_post_descriptive,high_vol_only,MSE,14694,10,1.032153994459627e-05,1.0295899589881718e-05,2.5640354714551777e-08,2.561788567719851e-08,6
RAW_CP_REPO_PLUS_PM,cluster_entry_loose,ex_post_descriptive,high_vol_only,RMSE,14694,10,0.003212715353808406,0.003208722423314569,3.992930493836901e-06,3.612027394083806e-06,6
RAW_CP_REPO_PLUS_PM,cluster_entry_loose,ex_post_descriptive,high_vol_only,SMAPE,14694,10,84.8115403046506,84.89504462325463,-0.08350431860402807,-0.08338707613296208,4
RAW_CP_REPO_PLUS_PM,cluster_entry_loose,ex_post_descriptive,near_zero_excluded,LOG_RV_MSE,72721,10,60.55015231484592,60.687729429391894,-0.13757711454597654,-0.1411129660644352,3
RAW_CP_REPO_PLUS_PM,cluster_entry_loose,ex_post_descriptive,near_zero_excluded,MAE,72721,10,0.0007578798738627712,0.0007465318305607295,1.1348043302041749e-05,1.1367866239742654e-05,9
RAW_CP_REPO_PLUS_PM,cluster_entry_loose,ex_post_descriptive,near_zero_excluded,MSE,72721,10,2.4815741439829076e-06,2.4471593524566642e-06,3.4414791526243376e-08,3.434671420520005e-08,9
RAW_CP_REPO_PLUS_PM,cluster_entry_loose,ex_post_descriptive,near_zero_excluded,RMSE,72721,10,0.0015753012867330831,0.0015643399095007018,1.096137723238127e-05,9.970891347682532e-06,9
RAW_CP_REPO_PLUS_PM,cluster_entry_loose,ex_post_descriptive,near_zero_excluded,SMAPE,72721,10,92.54758699479648,92.30135723860876,0.24622975618771648,0.24866315773729042,9
RAW_CP_REPO_PLUS_PM,cluster_entry_loose,ex_post_descriptive,standard,LOG_RV_MSE,73457,10,62.079879723481234,62.2045189632161,-0.12463923973486857,-0.12473546847109844,3
RAW_CP_REPO_PLUS_PM,cluster_entry_loose,ex_post_descriptive,standard,MAE,73457,10,0.0007565085520951432,0.0007449778986892603,1.1530653405882833e-05,1.1528196590755035e-05,9
RAW_CP_REPO_PLUS_PM,cluster_entry_loose,ex_post_descriptive,standard,MSE,73457,10,2.4613245520281704e-06,2.4268161709880942e-06,3.450838104007616e-08,3.450073393094262e-08,9
RAW_CP_REPO_PLUS_PM,cluster_entry_loose,ex_post_descriptive,standard,RMSE,73457,10,0.0015688609090764452,0.0015578241784579203,1.1036730618524957e-05,1.0070419017069599e-05,9
RAW_CP_REPO_PLUS_PM,cluster_entry_loose,ex_post_descriptive,standard,SMAPE,73457,10,93.56088921296094,93.31457463242852,0.24631458053242739,0.24635442722802026,9
RAW_CP_REPO_PLUS_PM,cluster_entry_strict,ex_post_descriptive,high_vol_only,LOG_RV_MSE,14657,10,1.3342554638475268,1.6942798949484565,-0.36002443110092974,-0.35986167239224376,2
RAW_CP_REPO_PLUS_PM,cluster_entry_strict,ex_post_descriptive,high_vol_only,MAE,14657,10,0.001787243329286434,0.001784373750434755,2.869578851679008e-06,2.878506316228728e-06,8
RAW_CP_REPO_PLUS_PM,cluster_entry_strict,ex_post_descriptive,high_vol_only,MSE,14657,10,1.034580321321044e-05,1.0319995141865344e-05,2.5808071345094757e-08,2.5860032562849567e-08,6
RAW_CP_REPO_PLUS_PM,cluster_entry_strict,ex_post_descriptive,high_vol_only,RMSE,14657,10,0.003216489268318867,0.0032124749247060816,4.014343612785461e-06,3.6364636171590333e-06,6
RAW_CP_REPO_PLUS_PM,cluster_entry_strict,ex_post_descriptive,high_vol_only,SMAPE,14657,10,84.88149633879505,84.96180192373107,-0.08030558493602769,-0.07956997046273954,4
RAW_CP_REPO_PLUS_PM,cluster_entry_strict,ex_post_descriptive,near_zero_excluded,LOG_RV_MSE,72532,10,60.381173384259625,60.51659217293057,-0.1354187886709468,-0.13846051009267285,3
RAW_CP_REPO_PLUS_PM,cluster_entry_strict,ex_post_descriptive,near_zero_excluded,MAE,72532,10,0.0007588564320065486,0.0007475224871008647,1.1333944905683952e-05,1.1357326176943633e-05,9
RAW_CP_REPO_PLUS_PM,cluster_entry_strict,ex_post_descriptive,near_zero_excluded,MSE,72532,10,2.487464553071507e-06,2.452990034839627e-06,3.447451823187987e-08,3.4418828869530496e-08,9
RAW_CP_REPO_PLUS_PM,cluster_entry_strict,ex_post_descriptive,near_zero_excluded,RMSE,72532,10,0.0015771697920869228,0.001566202424605334,1.0967367481588743e-05,9.97835366962599e-06,9
RAW_CP_REPO_PLUS_PM,cluster_entry_strict,ex_post_descriptive,near_zero_excluded,SMAPE,72532,10,92.4997892944739,92.25552979478336,0.24425949969054273,0.2467911465126477,9
RAW_CP_REPO_PLUS_PM,cluster_entry_strict,ex_post_descriptive,standard,LOG_RV_MSE,73266,10,61.91279479782629,62.03533757239247,-0.12254277456618468,-0.12236957959578873,3
RAW_CP_REPO_PLUS_PM,cluster_entry_strict,ex_post_descriptive,standard,MAE,73266,10,0.0007574764163155193,0.0007459601347438329,1.1516281571686366e-05,1.1517055247300234e-05,9
RAW_CP_REPO_PLUS_PM,cluster_entry_strict,ex_post_descriptive,standard,MSE,73266,10,2.4671601900807016e-06,2.4325928730380632e-06,3.456731704263835e-08,3.4572251884299615e-08,9
RAW_CP_REPO_PLUS_PM,cluster_entry_strict,ex_post_descriptive,standard,RMSE,73266,10,0.0015707196408273189,0.0015596771694931177,1.1042471334201222e-05,1.0077569211169e-05,9
RAW_CP_REPO_PLUS_PM,cluster_entry_strict,ex_post_descriptive,standard,SMAPE,73266,10,93.51351872765494,93.26916078111114,0.2443579465438006,0.24447498181156108,9
RAW_CP_REPO_PLUS_PM,cluster_exit_loose,ex_post_descriptive,high_vol_only,LOG_RV_MSE,14693,10,1.1229862115788884,1.792175249349388,-0.6691890377704997,-0.668838073801561,2
RAW_CP_REPO_PLUS_PM,cluster_exit_loose,ex_post_descriptive,high_vol_only,MAE,14693,10,0.0015010885261131542,0.0014764071483315104,2.468137778164378e-05,2.4675621963528413e-05,9
RAW_CP_REPO_PLUS_PM,cluster_exit_loose,ex_post_descriptive,high_vol_only,MSE,14693,10,1.2677943124526244e-05,1.2521599535442585e-05,1.5634358908365904e-07,1.5628309840868266e-07,10
RAW_CP_REPO_PLUS_PM,cluster_exit_loose,ex_post_descriptive,high_vol_only,RMSE,14693,10,0.0035606099371492863,0.003538587223093785,2.2022714055501373e-05,1.975719296201206e-05,10
RAW_CP_REPO_PLUS_PM,cluster_exit_loose,ex_post_descriptive,high_vol_only,SMAPE,14693,10,73.70908084853484,71.93037950279741,1.7787013457374314,1.7782364344522996,9
RAW_CP_REPO_PLUS_PM,cluster_exit_loose,ex_post_descriptive,near_zero_excluded,LOG_RV_MSE,72719,10,80.20388218822569,80.59546176208653,-0.3915795738608381,-0.4036479593397466,2
RAW_CP_REPO_PLUS_PM,cluster_exit_loose,ex_post_descriptive,near_zero_excluded,MAE,72719,10,0.0006184788455707456,0.0006277050519305895,-9.226206359843909e-06,-9.245105418132188e-06,1
RAW_CP_REPO_PLUS_PM,cluster_exit_loose,ex_post_descriptive,near_zero_excluded,MSE,72719,10,2.7784093074004996e-06,2.7714723929971707e-06,6.936914403328883e-09,6.96304763088955e-09,8
RAW_CP_REPO_PLUS_PM,cluster_exit_loose,ex_post_descriptive,near_zero_excluded,RMSE,72719,10,0.0016668561147863063,0.0016647739765497207,2.0821382365856286e-06,1.782447505608339e-06,8
RAW_CP_REPO_PLUS_PM,cluster_exit_loose,ex_post_descriptive,near_zero_excluded,SMAPE,72719,10,96.79268422556595,97.59645080270188,-0.8037665771359315,-0.8110081020856029,0
RAW_CP_REPO_PLUS_PM,cluster_exit_loose,ex_post_descriptive,standard,LOG_RV_MSE,73455,10,82.09800800629024,82.46336471096188,-0.3653567046716404,-0.3653193709984629,2
RAW_CP_REPO_PLUS_PM,cluster_exit_loose,ex_post_descriptive,standard,MAE,73455,10,0.0006171643472764074,0.0006264172355952507,-9.252888318843247e-06,-9.249041086887406e-06,1
RAW_CP_REPO_PLUS_PM,cluster_exit_loose,ex_post_descriptive,standard,MSE,73455,10,2.7534877094946653e-06,2.7468305142484492e-06,6.65719524621609e-09,6.653346789032849e-09,8
RAW_CP_REPO_PLUS_PM,cluster_exit_loose,ex_post_descriptive,standard,RMSE,73455,10,0.0016593636459482487,0.0016573564837561196,2.0071621921291354e-06,1.687551283739827e-06,8
RAW_CP_REPO_PLUS_PM,cluster_exit_loose,ex_post_descriptive,standard,SMAPE,73455,10,97.78270324564932,98.5805071142846,-0.7978038686352846,-0.7974891530345118,0
RAW_CP_REPO_PLUS_PM,cluster_exit_strict,ex_post_descriptive,high_vol_only,LOG_RV_MSE,14671,10,1.121544847097662,1.7917901510717427,-0.6702453039740808,-0.6696079666466035,2
RAW_CP_REPO_PLUS_PM,cluster_exit_strict,ex_post_descriptive,high_vol_only,MAE,14671,10,0.0015007236426876971,0.0014760225225484782,2.4701120139218906e-05,2.4702402097335813e-05,9
RAW_CP_REPO_PLUS_PM,cluster_exit_strict,ex_post_descriptive,high_vol_only,MSE,14671,10,1.2686413406552538e-05,1.2529883648672786e-05,1.5652975787975166e-07,1.5645024063532508e-07,10
RAW_CP_REPO_PLUS_PM,cluster_exit_strict,ex_post_descriptive,high_vol_only,RMSE,14671,10,0.003561799181109533,0.003539757569194928,2.2041611914604912e-05,1.9777023133204327e-05,10
RAW_CP_REPO_PLUS_PM,cluster_exit_strict,ex_post_descriptive,high_vol_only,SMAPE,14671,10,73.684845994303,71.90581478247978,1.7790312118232237,1.7799006681517482,9
RAW_CP_REPO_PLUS_PM,cluster_exit_strict,ex_post_descriptive,near_zero_excluded,LOG_RV_MSE,72600,10,80.02173783897848,80.41472792029671,-0.39299008131823143,-0.40492485727021493,2
RAW_CP_REPO_PLUS_PM,cluster_exit_strict,ex_post_descriptive,near_zero_excluded,MAE,72600,10,0.0006184535179022776,0.00062770789369343,-9.254375791152417e-06,-9.27292738025452e-06,1
RAW_CP_REPO_PLUS_PM,cluster_exit_strict,ex_post_descriptive,near_zero_excluded,MSE,72600,10,2.7805878498197563e-06,2.7736474364046803e-06,6.940413415076052e-09,6.967324839236524e-09,8
RAW_CP_REPO_PLUS_PM,cluster_exit_strict,ex_post_descriptive,near_zero_excluded,RMSE,72600,10,0.0016675094751814027,0.001665427103299535,2.08237188186757e-06,1.7834355409746439e-06,8
RAW_CP_REPO_PLUS_PM,cluster_exit_strict,ex_post_descriptive,near_zero_excluded,SMAPE,72600,10,96.72258691267511,97.53030403844966,-0.8077171257745448,-0.814980966910771,0
RAW_CP_REPO_PLUS_PM,cluster_exit_strict,ex_post_descriptive,standard,LOG_RV_MSE,73334,10,81.90717235117306,82.27434427861282,-0.367171927439756,-0.36703270785177616,2
RAW_CP_REPO_PLUS_PM,cluster_exit_strict,ex_post_descriptive,standard,MAE,73334,10,0.000617143413936819,0.0006264286253733026,-9.2852114364836e-06,-9.28105181344425e-06,1
RAW_CP_REPO_PLUS_PM,cluster_exit_strict,ex_post_descriptive,standard,MSE,73334,10,2.7556748132676994e-06,2.7490171513543883e-06,6.657661913311072e-09,6.654703134808475e-09,8
RAW_CP_REPO_PLUS_PM,cluster_exit_strict,ex_post_descriptive,standard,RMSE,73334,10,0.0016600225339638314,0.0016580160286783685,2.0065052854629194e-06,1.6875460364139025e-06,8
RAW_CP_REPO_PLUS_PM,cluster_exit_strict,ex_post_descriptive,standard,SMAPE,73334,10,97.71189563488282,98.51367096479049,-0.8017753299076702,-0.8014891222110692,0
RAW_CP_REPO_PLUS_PM,entry_with_recent_spike,ex_post_descriptive,high_vol_only,LOG_RV_MSE,8754,10,1.4736378437064515,1.6829361187804501,-0.20929827507399867,-0.19295995357000442,2
RAW_CP_REPO_PLUS_PM,entry_with_recent_spike,ex_post_descriptive,high_vol_only,MAE,8754,10,0.0019315043244099452,0.0019399850228980244,-8.480698488079171e-06,-8.282344416781742e-06,2
RAW_CP_REPO_PLUS_PM,entry_with_recent_spike,ex_post_descriptive,high_vol_only,MSE,8754,10,1.1146392096496613e-05,1.1178449541165486e-05,-3.2057444668873414e-08,-3.1411839731981106e-08,5
RAW_CP_REPO_PLUS_PM,entry_with_recent_spike,ex_post_descriptive,high_vol_only,RMSE,8754,10,0.003338621286773421,0.003343418840224103,-4.797553450681946e-06,-3.6486095451288438e-06,5
RAW_CP_REPO_PLUS_PM,entry_with_recent_spike,ex_post_descriptive,high_vol_only,SMAPE,8754,10,87.65347704873638,88.56335347083173,-0.9098764220953512,-0.8712106307519492,2
RAW_CP_REPO_PLUS_PM,entry_with_recent_spike,ex_post_descriptive,near_zero_excluded,LOG_RV_MSE,43077,10,58.5073000988938,58.492517739215614,0.014782359678186197,-0.002528937857605196,3
RAW_CP_REPO_PLUS_PM,entry_with_recent_spike,ex_post_descriptive,near_zero_excluded,MAE,43077,10,0.0008298909472286534,0.0008080585746339135,2.183237259473984e-05,2.153484295006993e-05,9
RAW_CP_REPO_PLUS_PM,entry_with_recent_spike,ex_post_descriptive,near_zero_excluded,MSE,43077,10,2.7524238027535856e-06,2.6992829380983078e-06,5.3140864655277786e-08,5.236424162443968e-08,10
RAW_CP_REPO_PLUS_PM,entry_with_recent_spike,ex_post_descriptive,near_zero_excluded,RMSE,43077,10,0.0016590430382463215,0.0016429494630384428,1.6093575207878734e-05,1.5245686989619894e-05,10
RAW_CP_REPO_PLUS_PM,entry_with_recent_spike,ex_post_descriptive,near_zero_excluded,SMAPE,43077,10,93.4313578597661,92.75788173875249,0.6734761210136071,0.6786208663477197,9
RAW_CP_REPO_PLUS_PM,entry_with_recent_spike,ex_post_descriptive,standard,LOG_RV_MSE,43747,10,61.708962586389255,61.659112209800476,0.049850376588779,0.03510801950071514,4
RAW_CP_REPO_PLUS_PM,entry_with_recent_spike,ex_post_descriptive,standard,MAE,43747,10,0.0008304363652918029,0.0008079924676678761,2.2443897623926823e-05,2.2096596907584836e-05,9
RAW_CP_REPO_PLUS_PM,entry_with_recent_spike,ex_post_descriptive,standard,MSE,43747,10,2.7262690958934324e-06,2.6720150024690098e-06,5.4254093424422664e-08,5.3506637602578025e-08,10
RAW_CP_REPO_PLUS_PM,entry_with_recent_spike,ex_post_descriptive,standard,RMSE,43747,10,0.0016511417552389112,0.0016346299282923367,1.6511826946574455e-05,1.565923933951475e-05,10
RAW_CP_REPO_PLUS_PM,entry_with_recent_spike,ex_post_descriptive,standard,SMAPE,43747,10,94.9939885723259,94.32617152005989,0.6678170522660167,0.6668337344525781,9
RAW_CP_REPO_PLUS_PM,entry_without_recent_spike,ex_post_descriptive,high_vol_only,LOG_RV_MSE,5946,10,1.1195692099524477,1.6217663237255695,-0.5021971137731218,-0.5069821659480448,4
RAW_CP_REPO_PLUS_PM,entry_without_recent_spike,ex_post_descriptive,high_vol_only,MAE,5946,10,0.0015570783495014973,0.0015364202813346888,2.0658068166808574e-05,2.104918187311476e-05,10
RAW_CP_REPO_PLUS_PM,entry_without_recent_spike,ex_post_descriptive,high_vol_only,MSE,5946,10,9.074816797282833e-06,8.963469112646991e-06,1.1134768463584208e-07,1.1358753880034062e-07,10
RAW_CP_REPO_PLUS_PM,entry_without_recent_spike,ex_post_descriptive,high_vol_only,RMSE,5946,10,0.003012443658773195,0.002993905327936572,1.853833083662309e-05,1.558382838106998e-05,10
RAW_CP_REPO_PLUS_PM,entry_without_recent_spike,ex_post_descriptive,high_vol_only,SMAPE,5946,10,80.3430946440876,79.02844595466273,1.314648689424871,1.3403456733186174,9
RAW_CP_REPO_PLUS_PM,entry_without_recent_spike,ex_post_descriptive,near_zero_excluded,LOG_RV_MSE,29421,10,60.966920165964275,61.346359445135995,-0.37943927917172005,-0.39297471796172584,2
RAW_CP_REPO_PLUS_PM,entry_without_recent_spike,ex_post_descriptive,near_zero_excluded,MAE,29421,10,0.00064865090680092,0.0006531564906827415,-4.505583881821498e-06,-4.599571727338187e-06,0
RAW_CP_REPO_PLUS_PM,entry_without_recent_spike,ex_post_descriptive,near_zero_excluded,MSE,29421,10,2.0879985944370397e-06,2.0823108414174845e-06,5.68775301955518e-09,5.708129042760084e-09,5
RAW_CP_REPO_PLUS_PM,entry_without_recent_spike,ex_post_descriptive,near_zero_excluded,RMSE,29421,10,0.0014449908630981166,0.001443021427913489,1.969435184627586e-06,1.2461996861902014e-06,5
RAW_CP_REPO_PLUS_PM,entry_without_recent_spike,ex_post_descriptive,near_zero_excluded,SMAPE,29421,10,90.44189351704458,90.82093752611874,-0.379044009074164,-0.39098705702315895,0
RAW_CP_REPO_PLUS_PM,entry_without_recent_spike,ex_post_descriptive,standard,LOG_RV_MSE,29710,10,62.62604303537494,63.00761250887997,-0.38156947350503145,-0.39001989832695844,2
RAW_CP_REPO_PLUS_PM,entry_without_recent_spike,ex_post_descriptive,standard,MAE,29710,10,0.0006476522732693516,0.0006521910138320572,-4.5387405627056714e-06,-4.611667734857389e-06,0
RAW_CP_REPO_PLUS_PM,entry_without_recent_spike,ex_post_descriptive,standard,MSE,29710,10,2.071202405933468e-06,2.065768938379694e-06,5.4334675537739875e-09,5.5555010421850185e-09,5
RAW_CP_REPO_PLUS_PM,entry_without_recent_spike,ex_post_descriptive,standard,RMSE,29710,10,0.0014391672612776695,0.001437278309298409,1.8889519792604156e-06,1.1848963235198377e-06,5
RAW_CP_REPO_PLUS_PM,entry_without_recent_spike,ex_post_descriptive,standard,SMAPE,29710,10,91.450697436652,91.82503141320232,-0.37433397655031797,-0.38183439269685804,0
RAW_CP_REPO_PLUS_PM,high_within_block_dispersion,ex_post_descriptive,high_vol_only,LOG_RV_MSE,13800,10,1.347003340120205,2.631354712033831,-1.284351371913626,-1.1882844734621805,1
RAW_CP_REPO_PLUS_PM,high_within_block_dispersion,ex_post_descriptive,high_vol_only,MAE,13800,10,0.0010124910161190377,0.001025820497882827,-1.332948176378931e-05,-1.2289393510147368e-05,1
RAW_CP_REPO_PLUS_PM,high_within_block_dispersion,ex_post_descriptive,high_vol_only,MSE,13800,10,4.061123263348121e-06,4.095836610386913e-06,-3.471334703879166e-08,-3.216098704341722e-08,1
RAW_CP_REPO_PLUS_PM,high_within_block_dispersion,ex_post_descriptive,high_vol_only,RMSE,13800,10,0.0020152228818044226,0.0020238173362205672,-8.594454416144693e-06,-7.146099177907529e-06,1
RAW_CP_REPO_PLUS_PM,high_within_block_dispersion,ex_post_descriptive,high_vol_only,SMAPE,13800,10,67.13010831164493,69.65232250467967,-2.522214193034742,-2.2432127814367235,1
RAW_CP_REPO_PLUS_PM,high_within_block_dispersion,ex_post_descriptive,near_zero_excluded,LOG_RV_MSE,68602,10,133.4472628617705,133.47251157400478,-0.02524871223428704,-0.07408739163967168,5
RAW_CP_REPO_PLUS_PM,high_within_block_dispersion,ex_post_descriptive,near_zero_excluded,MAE,68602,10,0.000568649162840853,0.0005536982011392586,1.4950961701594347e-05,1.3959657330686127e-05,9
RAW_CP_REPO_PLUS_PM,high_within_block_dispersion,ex_post_descriptive,near_zero_excluded,MSE,68602,10,1.1270507328910632e-06,1.098376477738947e-06,2.8674255152116246e-08,2.7049518701960727e-08,10
RAW_CP_REPO_PLUS_PM,high_within_block_dispersion,ex_post_descriptive,near_zero_excluded,RMSE,68602,10,0.0010616264563824054,0.0010480345785034706,1.3591877878934774e-05,1.2397061943189949e-05,10
RAW_CP_REPO_PLUS_PM,high_within_block_dispersion,ex_post_descriptive,near_zero_excluded,SMAPE,68602,10,119.19625535916762,119.15555259606299,0.04070276310463328,0.05766169938322889,6
RAW_CP_REPO_PLUS_PM,high_within_block_dispersion,ex_post_descriptive,standard,LOG_RV_MSE,68970,10,134.1816042629971,134.1992205863818,-0.01761632338471486,-0.058617344853678865,5
RAW_CP_REPO_PLUS_PM,high_within_block_dispersion,ex_post_descriptive,standard,MAE,68970,10,0.0005686239437191444,0.0005536416848209485,1.4982258898195823e-05,1.4011666139499391e-05,9
RAW_CP_REPO_PLUS_PM,high_within_block_dispersion,ex_post_descriptive,standard,MSE,68970,10,1.123133377256323e-06,1.094429883222295e-06,2.8703494034027862e-08,2.7102163385657498e-08,10
RAW_CP_REPO_PLUS_PM,high_within_block_dispersion,ex_post_descriptive,standard,RMSE,68970,10,0.0010597798720754811,0.0010461500290217915,1.3629843053689604e-05,1.243459964466949e-05,10
RAW_CP_REPO_PLUS_PM,high_within_block_dispersion,ex_post_descriptive,standard,SMAPE,68970,10,119.60427234064147,119.56280372780938,0.04146861283209091,0.06089697216719401,6
RAW_CP_REPO_PLUS_PM,inflection_points,ex_post_descriptive,high_vol_only,LOG_RV_MSE,28984,10,1.1395945186365517,1.5981892912316944,-0.4585947725951427,-0.4531630788276996,1
RAW_CP_REPO_PLUS_PM,inflection_points,ex_post_descriptive,high_vol_only,MAE,28984,10,0.0015690861682796692,0.0015546405667009986,1.4445601578670642e-05,1.3873802394166426e-05,9
RAW_CP_REPO_PLUS_PM,inflection_points,ex_post_descriptive,high_vol_only,MSE,28984,10,1.1258143057283103e-05,1.1166520983995192e-05,9.162207328791076e-08,8.85189960927638e-08,10
RAW_CP_REPO_PLUS_PM,inflection_points,ex_post_descriptive,high_vol_only,RMSE,28984,10,0.0033553156419751486,0.0033416344779157387,1.3681164059409917e-05,1.1552349348417277e-05,10
RAW_CP_REPO_PLUS_PM,inflection_points,ex_post_descriptive,high_vol_only,SMAPE,28984,10,77.5511484641698,76.69484794949268,0.8563005146771161,0.8065505775859038,8
RAW_CP_REPO_PLUS_PM,inflection_points,ex_post_descriptive,near_zero_excluded,LOG_RV_MSE,143375,10,58.64300646845435,58.896790041970824,-0.25378357351647196,-0.24403751006466626,4
RAW_CP_REPO_PLUS_PM,inflection_points,ex_post_descriptive,near_zero_excluded,MAE,143375,10,0.0006543332064361158,0.0006544442553381794,-1.1104890206361812e-07,-1.6064102682716103e-07,4
RAW_CP_REPO_PLUS_PM,inflection_points,ex_post_descriptive,near_zero_excluded,MSE,143375,10,2.5404502226370316e-06,2.5258398497001024e-06,1.4610372936929159e-08,1.4009649153733057e-08,8
RAW_CP_REPO_PLUS_PM,inflection_points,ex_post_descriptive,near_zero_excluded,RMSE,143375,10,0.0015938789861959506,0.001589289101988717,4.5898842072336285e-06,3.7647798032968512e-06,8
RAW_CP_REPO_PLUS_PM,inflection_points,ex_post_descriptive,near_zero_excluded,SMAPE,143375,10,90.02958355319511,90.32608465467555,-0.2965011014804446,-0.2952599924360172,0
RAW_CP_REPO_PLUS_PM,inflection_points,ex_post_descriptive,standard,LOG_RV_MSE,144886,10,60.506791384132924,60.74892461351023,-0.24213322937730908,-0.22592044182340984,4
RAW_CP_REPO_PLUS_PM,inflection_points,ex_post_descriptive,standard,MAE,144886,10,0.0006529679144583394,0.0006530247701382976,-5.685567995821882e-08,-1.0052981769449081e-07,5
RAW_CP_REPO_PLUS_PM,inflection_points,ex_post_descriptive,standard,MSE,144886,10,2.5174090289669973e-06,2.5029017853471368e-06,1.4507243619860557e-08,1.3965679854655484e-08,8
RAW_CP_REPO_PLUS_PM,inflection_points,ex_post_descriptive,standard,RMSE,144886,10,0.0015866344975976657,0.0015820561890612914,4.5783085363742745e-06,3.762212917483572e-06,8
RAW_CP_REPO_PLUS_PM,inflection_points,ex_post_descriptive,standard,SMAPE,144886,10,91.11849778030444,91.41097971363237,-0.2924819333279345,-0.289535697545125,0
RAW_CP_REPO_PLUS_PM,older_spike_position,ex_post_descriptive,high_vol_only,LOG_RV_MSE,21781,10,1.1395303095276075,1.6107588174329026,-0.47122850790529514,-0.47256527777844637,1
RAW_CP_REPO_PLUS_PM,older_spike_position,ex_post_descriptive,high_vol_only,MAE,21781,10,0.0013486758957650074,0.0013330804857522014,1.5595410012806017e-05,1.5072201214163303e-05,9
RAW_CP_REPO_PLUS_PM,older_spike_position,ex_post_descriptive,high_vol_only,MSE,21781,10,1.069141300105579e-05,1.0588828607671212e-05,1.0258439338457849e-07,9.910247854784328e-08,10
RAW_CP_REPO_PLUS_PM,older_spike_position,ex_post_descriptive,high_vol_only,RMSE,21781,10,0.0032697726222255565,0.003254048034014128,1.5724588211428296e-05,1.39474073219496e-05,10
RAW_CP_REPO_PLUS_PM,older_spike_position,ex_post_descriptive,high_vol_only,SMAPE,21781,10,69.8626302544199,68.7821518544332,1.0804783999867027,1.0286288031720843,9
RAW_CP_REPO_PLUS_PM,older_spike_position,ex_post_descriptive,near_zero_excluded,LOG_RV_MSE,107788,10,78.34423187563695,78.63135111119875,-0.2871192355618035,-0.2862536976667875,4
RAW_CP_REPO_PLUS_PM,older_spike_position,ex_post_descriptive,near_zero_excluded,MAE,107788,10,0.0005714781969803931,0.0005751157743336338,-3.6375773532407564e-06,-3.5257136839198707e-06,1
RAW_CP_REPO_PLUS_PM,older_spike_position,ex_post_descriptive,near_zero_excluded,MSE,107788,10,2.346475802604796e-06,2.3377282458432284e-06,8.747556761567479e-09,8.477697031938114e-09,9
RAW_CP_REPO_PLUS_PM,older_spike_position,ex_post_descriptive,near_zero_excluded,RMSE,107788,10,0.0015318210739524365,0.0015289631276924989,2.8579462599375837e-06,2.4668480828897954e-06,9
RAW_CP_REPO_PLUS_PM,older_spike_position,ex_post_descriptive,near_zero_excluded,SMAPE,107788,10,96.43669126169502,96.90106685478274,-0.46437559308772336,-0.45879147261200615,0
RAW_CP_REPO_PLUS_PM,older_spike_position,ex_post_descriptive,standard,LOG_RV_MSE,108871,10,80.56611776174127,80.82699993521734,-0.2608821734760767,-0.24906312291626342,4
RAW_CP_REPO_PLUS_PM,older_spike_position,ex_post_descriptive,standard,MAE,108871,10,0.0005701423444680369,0.0005737118037541326,-3.569459286095625e-06,-3.45378906619327e-06,1
RAW_CP_REPO_PLUS_PM,older_spike_position,ex_post_descriptive,standard,MSE,108871,10,2.3254307190849205e-06,2.316825387211621e-06,8.605331873299624e-09,8.315409971227762e-09,9
RAW_CP_REPO_PLUS_PM,older_spike_position,ex_post_descriptive,standard,RMSE,108871,10,0.0015249363000089285,0.0015221121467262591,2.8241532826693387e-06,2.4193098323483245e-06,9
RAW_CP_REPO_PLUS_PM,older_spike_position,ex_post_descriptive,standard,SMAPE,108871,10,97.43444157677632,97.89213875186678,-0.45769717509045904,-0.4503606998653396,0
RAW_CP_REPO_PLUS_PM,recent_ramp_high_dispersion,ex_post_descriptive,high_vol_only,LOG_RV_MSE,4860,10,1.422541686129273,2.079734107149891,-0.6571924210206179,-0.6646536505026364,1
RAW_CP_REPO_PLUS_PM,recent_ramp_high_dispersion,ex_post_descriptive,high_vol_only,MAE,4860,10,0.0014613955477391944,0.0014802581615912366,-1.8862613852042246e-05,-1.8149217851951514e-05,2
RAW_CP_REPO_PLUS_PM,recent_ramp_high_dispersion,ex_post_descriptive,high_vol_only,MSE,4860,10,5.9629586828906324e-06,6.033369601601255e-06,-7.041091871062274e-08,-7.058152722368948e-08,3
RAW_CP_REPO_PLUS_PM,recent_ramp_high_dispersion,ex_post_descriptive,high_vol_only,RMSE,4860,10,0.0024419170098286783,0.002456291839664264,-1.4374829835585821e-05,-1.1219267828617993e-05,3
RAW_CP_REPO_PLUS_PM,recent_ramp_high_dispersion,ex_post_descriptive,high_vol_only,SMAPE,4860,10,76.48024025708399,79.07839616828176,-2.5981559111977646,-2.4386407011221776,1
RAW_CP_REPO_PLUS_PM,recent_ramp_high_dispersion,ex_post_descriptive,near_zero_excluded,LOG_RV_MSE,24128,10,114.11256475334159,113.98252521991623,0.1300395334253608,0.13066627362466798,5
RAW_CP_REPO_PLUS_PM,recent_ramp_high_dispersion,ex_post_descriptive,near_zero_excluded,MAE,24128,10,0.0007928593927930361,0.0007544549809717778,3.840441182125832e-05,3.731796222775602e-05,9
RAW_CP_REPO_PLUS_PM,recent_ramp_high_dispersion,ex_post_descriptive,near_zero_excluded,MSE,24128,10,1.8154479400161009e-06,1.7246584709167644e-06,9.078946909933649e-08,8.89927704179561e-08,10
RAW_CP_REPO_PLUS_PM,recent_ramp_high_dispersion,ex_post_descriptive,near_zero_excluded,RMSE,24128,10,0.0013473855944072211,0.0013132625293203048,3.412306508691638e-05,3.121993987120825e-05,10
RAW_CP_REPO_PLUS_PM,recent_ramp_high_dispersion,ex_post_descriptive,near_zero_excluded,SMAPE,24128,10,117.97303253465954,116.76541951344112,1.207613021218421,1.1639347521523518,9
RAW_CP_REPO_PLUS_PM,recent_ramp_high_dispersion,ex_post_descriptive,standard,LOG_RV_MSE,24273,10,114.68887161199063,114.56118413825531,0.12768747373532108,0.13143608641947804,5
RAW_CP_REPO_PLUS_PM,recent_ramp_high_dispersion,ex_post_descriptive,standard,MAE,24273,10,0.0007926212485103804,0.0007541113981400168,3.850985037036358e-05,3.739425386149867e-05,9
RAW_CP_REPO_PLUS_PM,recent_ramp_high_dispersion,ex_post_descriptive,standard,MSE,24273,10,1.8086202642090091e-06,1.717717825359093e-06,9.090243884991625e-08,8.9046404644912e-08,10
RAW_CP_REPO_PLUS_PM,recent_ramp_high_dispersion,ex_post_descriptive,standard,RMSE,24273,10,0.001344849532181578,0.001310617345131329,3.423218705024913e-05,3.130236359027981e-05,10
RAW_CP_REPO_PLUS_PM,recent_ramp_high_dispersion,ex_post_descriptive,standard,SMAPE,24273,10,118.4281414949415,117.22843659056235,1.1997049043791463,1.1559522145726475,9
RAW_CP_REPO_PLUS_PM,recent_spike_position,ex_post_descriptive,high_vol_only,LOG_RV_MSE,41263,10,133.60326357120792,134.10425629345332,-0.5009927222453996,-0.50696867920177,1
RAW_CP_REPO_PLUS_PM,recent_spike_position,ex_post_descriptive,high_vol_only,MAE,41263,10,0.0009278329622731831,0.0009313704553696736,-3.5374930964904685e-06,-4.7565688701931755e-06,2
RAW_CP_REPO_PLUS_PM,recent_spike_position,ex_post_descriptive,high_vol_only,MSE,41263,10,5.620772726690841e-06,5.6188997719941e-06,1.872954696741216e-09,3.775352031329043e-09,4
RAW_CP_REPO_PLUS_PM,recent_spike_position,ex_post_descriptive,high_vol_only,RMSE,41263,10,0.002370816890164831,0.0023704218552810592,3.950348837719088e-07,3.07437442064937e-07,4
RAW_CP_REPO_PLUS_PM,recent_spike_position,ex_post_descriptive,high_vol_only,SMAPE,41263,10,126.75937020163306,127.17524560222108,-0.4158754005880212,-0.9136483687339038,2
RAW_CP_REPO_PLUS_PM,recent_spike_position,ex_post_descriptive,near_zero_excluded,LOG_RV_MSE,124205,10,108.09331457411457,108.123775800451,-0.03046122633642767,-0.02436991477792392,5
RAW_CP_REPO_PLUS_PM,recent_spike_position,ex_post_descriptive,near_zero_excluded,MAE,124205,10,0.0006101040586077684,0.0006004598102721811,9.644248335587287e-06,1.0747201502711903e-05,9
RAW_CP_REPO_PLUS_PM,recent_spike_position,ex_post_descriptive,near_zero_excluded,MSE,124205,10,2.122274233945656e-06,2.100004921490582e-06,2.226931245507379e-08,2.474567977053408e-08,10
RAW_CP_REPO_PLUS_PM,recent_spike_position,ex_post_descriptive,near_zero_excluded,RMSE,124205,10,0.0014568027436635531,0.0014491393726935246,7.663370970028551e-06,7.448525954756476e-06,10
RAW_CP_REPO_PLUS_PM,recent_spike_position,ex_post_descriptive,near_zero_excluded,SMAPE,124205,10,110.75903396715827,110.53670531176911,0.22232865538916258,0.24093960537439613,8
RAW_CP_REPO_PLUS_PM,recent_spike_position,ex_post_descriptive,standard,LOG_RV_MSE,125358,10,109.41387331267963,109.42613791551385,-0.012264602834221705,0.0010267179139770376,5
RAW_CP_REPO_PLUS_PM,recent_spike_position,ex_post_descriptive,standard,MAE,125358,10,0.0006091827784219505,0.0005993532330313573,9.829545390593192e-06,1.0924394138113296e-05,9
RAW_CP_REPO_PLUS_PM,recent_spike_position,ex_post_descriptive,standard,MSE,125358,10,2.1057111020059574e-06,2.0832938371618396e-06,2.2417264844117817e-08,2.494415804656415e-08,10
RAW_CP_REPO_PLUS_PM,recent_spike_position,ex_post_descriptive,standard,RMSE,125358,10,0.00145110685409654,0.0014433619910340716,7.744863062468348e-06,7.573688780074673e-06,10
RAW_CP_REPO_PLUS_PM,recent_spike_position,ex_post_descriptive,standard,SMAPE,125358,10,111.53126331543436,111.30796051069498,0.22330280473937592,0.237783121791891,8
RAW_CP_REPO_PLUS_PM,same_average_back_loaded,ex_post_descriptive,high_vol_only,LOG_RV_MSE,5089,10,148.22928488392745,147.56708331689322,0.6622015670342307,-0.3957825387243171,6
RAW_CP_REPO_PLUS_PM,same_average_back_loaded,ex_post_descriptive,high_vol_only,MAE,5089,10,0.00079502070058517,0.0007857316322175629,9.289068367607039e-06,1.2593062985138314e-05,9
RAW_CP_REPO_PLUS_PM,same_average_back_loaded,ex_post_descriptive,high_vol_only,MSE,5089,10,5.436331053659615e-06,5.391457937017315e-06,4.487311664229966e-08,8.022517927645823e-08,9
RAW_CP_REPO_PLUS_PM,same_average_back_loaded,ex_post_descriptive,high_vol_only,RMSE,5089,10,0.0023315941013949265,0.0023219513209835636,9.642780411362947e-06,1.1570427042430736e-05,9
RAW_CP_REPO_PLUS_PM,same_average_back_loaded,ex_post_descriptive,high_vol_only,SMAPE,5089,10,125.47402771920483,124.93563843689797,0.5383892823068521,0.9385575171398806,9
RAW_CP_REPO_PLUS_PM,same_average_back_loaded,ex_post_descriptive,near_zero_excluded,LOG_RV_MSE,15487,10,124.26141461023107,124.18907787571813,0.07233673451294464,-0.07634876824615941,1
RAW_CP_REPO_PLUS_PM,same_average_back_loaded,ex_post_descriptive,near_zero_excluded,MAE,15487,10,0.000527741419898501,0.0005329090997785854,-5.167679880084346e-06,-6.048462023194466e-06,1
RAW_CP_REPO_PLUS_PM,same_average_back_loaded,ex_post_descriptive,near_zero_excluded,MSE,15487,10,1.938986808645503e-06,1.9345989345617732e-06,4.387874083729808e-09,4.925635180636433e-09,6
RAW_CP_REPO_PLUS_PM,same_average_back_loaded,ex_post_descriptive,near_zero_excluded,RMSE,15487,10,0.0013924750657176965,0.001390898606858808,1.5764588588884805e-06,1.3172826802308518e-06,6
RAW_CP_REPO_PLUS_PM,same_average_back_loaded,ex_post_descriptive,near_zero_excluded,SMAPE,15487,10,115.21629356973736,115.69636284959883,-0.48006927986146763,-0.5462189473335585,1
RAW_CP_REPO_PLUS_PM,same_average_back_loaded,ex_post_descriptive,standard,LOG_RV_MSE,15559,10,124.77448379663251,124.70294405189198,0.0715397447405337,-0.07507960817304422,1
RAW_CP_REPO_PLUS_PM,same_average_back_loaded,ex_post_descriptive,standard,MAE,15559,10,0.0005277712464133768,0.0005329293188089856,-5.158072395608829e-06,-6.009020037010603e-06,1
RAW_CP_REPO_PLUS_PM,same_average_back_loaded,ex_post_descriptive,standard,MSE,15559,10,1.931432277016903e-06,1.927085167739333e-06,4.347109277569948e-09,4.898229542210685e-09,6
RAW_CP_REPO_PLUS_PM,same_average_back_loaded,ex_post_descriptive,standard,RMSE,15559,10,0.0013897597911210781,0.0013881949314629171,1.5648596581609685e-06,1.308369895357042e-06,6
RAW_CP_REPO_PLUS_PM,same_average_back_loaded,ex_post_descriptive,standard,SMAPE,15559,10,115.5837931550299,116.0617742118973,-0.47798105686740655,-0.5398852275847588,1
RAW_CP_REPO_PLUS_PM,same_average_different_path,ex_post_descriptive,high_vol_only,LOG_RV_MSE,1483,10,1.176451606646611,2.1021401649261455,-0.9256885582795344,-1.061517475622685,4
RAW_CP_REPO_PLUS_PM,same_average_different_path,ex_post_descriptive,high_vol_only,MAE,1483,10,0.0012308421833447504,0.001238386447607376,-7.5442642626256246e-06,-1.0851116186583122e-05,2
RAW_CP_REPO_PLUS_PM,same_average_different_path,ex_post_descriptive,high_vol_only,MSE,1483,10,5.424646643583948e-06,5.446844634254296e-06,-2.2197990670347898e-08,-3.4791888133662304e-08,2
RAW_CP_REPO_PLUS_PM,same_average_different_path,ex_post_descriptive,high_vol_only,RMSE,1483,10,0.0023290870837270015,0.0023338476030483,-4.7605193212985585e-06,-9.62139602827363e-06,2
RAW_CP_REPO_PLUS_PM,same_average_different_path,ex_post_descriptive,high_vol_only,SMAPE,1483,10,78.26623100008541,79.02611642672692,-0.7598854266415032,-1.0279695952029662,2
RAW_CP_REPO_PLUS_PM,same_average_different_path,ex_post_descriptive,near_zero_excluded,LOG_RV_MSE,7368,10,130.5647982605645,130.60523905510817,-0.04044079454368443,-0.08086179440019829,5
RAW_CP_REPO_PLUS_PM,same_average_different_path,ex_post_descriptive,near_zero_excluded,MAE,7368,10,0.0005432933685073359,0.000543824491938133,-5.311234307970626e-07,-9.415374401530046e-07,5
RAW_CP_REPO_PLUS_PM,same_average_different_path,ex_post_descriptive,near_zero_excluded,MSE,7368,10,1.25033332979528e-06,1.254365232386605e-06,-4.031902591324905e-09,-6.160383954264538e-09,1
RAW_CP_REPO_PLUS_PM,same_average_different_path,ex_post_descriptive,near_zero_excluded,RMSE,7368,10,0.0011181830484295852,0.0011199844786364697,-1.8014302068844988e-06,-3.475752922492111e-06,1
RAW_CP_REPO_PLUS_PM,same_average_different_path,ex_post_descriptive,near_zero_excluded,SMAPE,7368,10,117.07922485099387,117.14464477905358,-0.0654199280597112,-0.12247982179313084,3
RAW_CP_REPO_PLUS_PM,same_average_different_path,ex_post_descriptive,standard,LOG_RV_MSE,7396,10,131.0538149663491,131.09606059352407,-0.04224562717496383,-0.07930014704863772,5
RAW_CP_REPO_PLUS_PM,same_average_different_path,ex_post_descriptive,standard,MAE,7396,10,0.000543100371193495,0.0005436743362577707,-5.739650642756951e-07,-9.64818566904298e-07,5
RAW_CP_REPO_PLUS_PM,same_average_different_path,ex_post_descriptive,standard,MSE,7396,10,1.2465643227993336e-06,1.2506270384898023e-06,-4.062715690468701e-09,-6.1605955724014885e-09,1
RAW_CP_REPO_PLUS_PM,same_average_different_path,ex_post_descriptive,standard,RMSE,7396,10,0.0011164964499716663,0.0011183143737294099,-1.81792375774357e-06,-3.4877875201457205e-06,1
RAW_CP_REPO_PLUS_PM,same_average_different_path,ex_post_descriptive,standard,SMAPE,7396,10,117.3731818015564,117.43900698240793,-0.0658251808515331,-0.11888858182584841,3
RAW_CP_REPO_PLUS_PM,same_average_recent_front_loaded,ex_post_descriptive,high_vol_only,LOG_RV_MSE,2870,10,1.4580562797951269,2.1412669492776497,-0.6832106694825228,-0.6630350950832772,1
RAW_CP_REPO_PLUS_PM,same_average_recent_front_loaded,ex_post_descriptive,high_vol_only,MAE,2870,10,0.0016073033120725894,0.0016187305457644114,-1.1427233691822022e-05,-1.1401686124746874e-05,2
RAW_CP_REPO_PLUS_PM,same_average_recent_front_loaded,ex_post_descriptive,high_vol_only,MSE,2870,10,7.781371153816655e-06,7.824544446207243e-06,-4.317329239058718e-08,-4.313020418019868e-08,4
RAW_CP_REPO_PLUS_PM,same_average_recent_front_loaded,ex_post_descriptive,high_vol_only,RMSE,2870,10,0.0027895109165975056,0.0027972387181302997,-7.727801532794037e-06,-8.320361400261102e-06,4
RAW_CP_REPO_PLUS_PM,same_average_recent_front_loaded,ex_post_descriptive,high_vol_only,SMAPE,2870,10,94.65986103058924,95.62902110329877,-0.9691600727095278,-0.9463615003127558,3
RAW_CP_REPO_PLUS_PM,same_average_recent_front_loaded,ex_post_descriptive,near_zero_excluded,LOG_RV_MSE,14110,10,61.51306201248259,61.9483804911086,-0.4353184786260087,-0.4372576091321484,2
RAW_CP_REPO_PLUS_PM,same_average_recent_front_loaded,ex_post_descriptive,near_zero_excluded,MAE,14110,10,0.0006158783010104141,0.0006147254144552819,1.152886555132182e-06,1.1007758322659358e-06,6
RAW_CP_REPO_PLUS_PM,same_average_recent_front_loaded,ex_post_descriptive,near_zero_excluded,MSE,14110,10,1.7527220781628603e-06,1.7568438641710125e-06,-4.121786008152196e-09,-4.0547593650866394e-09,6
RAW_CP_REPO_PLUS_PM,same_average_recent_front_loaded,ex_post_descriptive,near_zero_excluded,RMSE,14110,10,0.0013239041045947626,0.0013254598689402153,-1.5557643454526884e-06,-1.5541064605148751e-06,6
RAW_CP_REPO_PLUS_PM,same_average_recent_front_loaded,ex_post_descriptive,near_zero_excluded,SMAPE,14110,10,92.08728032701002,92.23787837555543,-0.1505980485454046,-0.14765075704490158,3
RAW_CP_REPO_PLUS_PM,same_average_recent_front_loaded,ex_post_descriptive,standard,LOG_RV_MSE,14331,10,65.0327606534289,65.4694281345964,-0.436667481167504,-0.43787954665989676,2
RAW_CP_REPO_PLUS_PM,same_average_recent_front_loaded,ex_post_descriptive,standard,MAE,14331,10,0.0006156989961505772,0.0006143233897203712,1.375606430206039e-06,1.2980094647849807e-06,6
RAW_CP_REPO_PLUS_PM,same_average_recent_front_loaded,ex_post_descriptive,standard,MSE,14331,10,1.732179693635762e-06,1.73595849684805e-06,-3.778803212288e-09,-3.82924995419011e-09,6
RAW_CP_REPO_PLUS_PM,same_average_recent_front_loaded,ex_post_descriptive,standard,RMSE,14331,10,0.0013161229781581058,0.0013175577774230814,-1.4347992649756287e-06,-1.4443955980578767e-06,6
RAW_CP_REPO_PLUS_PM,same_average_recent_front_loaded,ex_post_descriptive,standard,SMAPE,14331,10,93.68336123354462,93.82982067811714,-0.14645944457252824,-0.14582397909599365,3
RAW_CP_REPO_PLUS_PM,stable_low_dispersion,ex_post_descriptive,high_vol_only,LOG_RV_MSE,13798,10,1.1365927010064192,1.483892315362176,-0.34729961435575674,-0.3465840992128975,4
RAW_CP_REPO_PLUS_PM,stable_low_dispersion,ex_post_descriptive,high_vol_only,MAE,13798,10,0.0016297046728240819,0.001590877035607759,3.882763721632285e-05,3.635627894507836e-05,9
RAW_CP_REPO_PLUS_PM,stable_low_dispersion,ex_post_descriptive,high_vol_only,MSE,13798,10,1.7413305625955696e-05,1.7197988760677285e-05,2.1531686527841121e-07,2.028739167380648e-07,9
RAW_CP_REPO_PLUS_PM,stable_low_dispersion,ex_post_descriptive,high_vol_only,RMSE,13798,10,0.004172925307977091,0.004147045787145023,2.587952083206793e-05,2.0959791364248356e-05,9
RAW_CP_REPO_PLUS_PM,stable_low_dispersion,ex_post_descriptive,high_vol_only,SMAPE,13798,10,72.78501202823047,69.97789894868025,2.80711307955022,2.516565368536387,9
RAW_CP_REPO_PLUS_PM,stable_low_dispersion,ex_post_descriptive,near_zero_excluded,LOG_RV_MSE,67129,10,23.025768102724278,23.486997048041548,-0.46122894531727,-0.4312251957578438,2
RAW_CP_REPO_PLUS_PM,stable_low_dispersion,ex_post_descriptive,near_zero_excluded,MAE,67129,10,0.0006391886576111414,0.0006488012824111943,-9.612624800052938e-06,-9.085632926570497e-06,1
RAW_CP_REPO_PLUS_PM,stable_low_dispersion,ex_post_descriptive,near_zero_excluded,MSE,67129,10,3.7891257013455223e-06,3.7721215063668433e-06,1.7004194978678993e-08,1.6017695118855455e-08,9
RAW_CP_REPO_PLUS_PM,stable_low_dispersion,ex_post_descriptive,near_zero_excluded,RMSE,67129,10,0.0019465676719152413,0.001942195022742784,4.372649172457209e-06,3.457155812840027e-06,9
RAW_CP_REPO_PLUS_PM,stable_low_dispersion,ex_post_descriptive,near_zero_excluded,SMAPE,67129,10,76.72229579638059,77.42005372948256,-0.6977579331019683,-0.6767813509003148,0
RAW_CP_REPO_PLUS_PM,stable_low_dispersion,ex_post_descriptive,standard,LOG_RV_MSE,68968,10,30.904589905889917,31.381059832032914,-0.47646992614299677,-0.439595960305539,2
RAW_CP_REPO_PLUS_PM,stable_low_dispersion,ex_post_descriptive,standard,MAE,68968,10,0.0006423459670206478,0.0006521999731667114,-9.854006146063589e-06,-9.300852670308647e-06,1
RAW_CP_REPO_PLUS_PM,stable_low_dispersion,ex_post_descriptive,standard,MSE,68968,10,3.707039266768412e-06,3.691706362599519e-06,1.5332904168892882e-08,1.4440322719567799e-08,9
RAW_CP_REPO_PLUS_PM,stable_low_dispersion,ex_post_descriptive,standard,RMSE,68968,10,0.0019253673069750644,0.0019213813683388104,3.985938636253978e-06,3.1402992289916558e-06,9
RAW_CP_REPO_PLUS_PM,stable_low_dispersion,ex_post_descriptive,standard,SMAPE,68968,10,79.91610747922876,80.59960521335715,-0.6834977341283945,-0.6624735957759753,0
RAW_PM,all_observations,not_conditioned,high_vol_only,LOG_RV_MSE,73496,10,1.2429973656852933,1.2125794537438819,0.030417911941411413,0.03043174079403462,5
RAW_PM,all_observations,not_conditioned,high_vol_only,MAE,73496,10,0.0013977588560373617,0.0014630835582641845,-6.532470222682277e-05,-6.532338419875687e-05,0
RAW_PM,all_observations,not_conditioned,high_vol_only,MSE,73496,10,9.91631467282196e-06,1.0258106654245486e-05,-3.417919814235261e-07,-3.417691377528573e-07,0
RAW_PM,all_observations,not_conditioned,high_vol_only,RMSE,73496,10,0.0031490180489832003,0.0032028279151783173,-5.3809866195117084e-05,-4.9757751150971235e-05,0
RAW_PM,all_observations,not_conditioned,high_vol_only,SMAPE,73496,10,74.02057589487282,79.36859902800755,-5.348023133134731,-5.348103638758827,0
RAW_PM,all_observations,not_conditioned,near_zero_excluded,LOG_RV_MSE,363794,10,84.08930450077095,84.78479411970036,-0.6954896189294146,-0.6857530942356714,2
RAW_PM,all_observations,not_conditioned,near_zero_excluded,MAE,363794,10,0.0005874977904224,0.0006003146730221814,-1.2816882599781367e-05,-1.278499205080034e-05,1
RAW_PM,all_observations,not_conditioned,near_zero_excluded,MSE,363794,10,2.215330906486703e-06,2.2640118003881756e-06,-4.86808939014727e-08,-4.861584205198267e-08,0
RAW_PM,all_observations,not_conditioned,near_zero_excluded,RMSE,363794,10,0.0014883987726703831,0.0015046633511813117,-1.6264578510928607e-05,-1.4744161726289488e-05,0
RAW_PM,all_observations,not_conditioned,near_zero_excluded,SMAPE,363794,10,99.92108203019059,100.95512476972532,-1.0340427395347263,-1.0436405046737278,1
RAW_PM,all_observations,not_conditioned,standard,LOG_RV_MSE,367468,10,86.0153296729766,86.74643156729489,-0.7311018943182859,-0.7310150104414443,1
RAW_PM,all_observations,not_conditioned,standard,MAE,367468,10,0.0005862627334133548,0.000599310980004637,-1.3048246591282212e-05,-1.3048235904166626e-05,1
RAW_PM,all_observations,not_conditioned,standard,MSE,367468,10,2.195810003812886e-06,2.244194855699606e-06,-4.838485188672029e-08,-4.8381536176971137e-08,0
RAW_PM,all_observations,not_conditioned,standard,RMSE,367468,10,0.0014818265768344438,0.001498063702150081,-1.62371253156371e-05,-1.472369237456283e-05,0
RAW_PM,all_observations,not_conditioned,standard,SMAPE,367468,10,100.87996480320403,101.90737812167431,-1.0274133184702805,-1.0275257026464828,1
RAW_PM,cluster_entry_loose,ex_post_descriptive,high_vol_only,LOG_RV_MSE,14694,10,1.332130441941895,1.6626254804442742,-0.33049503850237927,-0.3304889733513407,1
RAW_PM,cluster_entry_loose,ex_post_descriptive,high_vol_only,MAE,14694,10,0.001784491149669092,0.001983585159141744,-0.00019909400947265197,-0.00019909936622472614,0
RAW_PM,cluster_entry_loose,ex_post_descriptive,high_vol_only,MSE,14694,10,1.032153994459627e-05,1.1523460846940376e-05,-1.2019209023441064e-06,-1.2019957147238858e-06,0
RAW_PM,cluster_entry_loose,ex_post_descriptive,high_vol_only,RMSE,14694,10,0.003212715353808406,0.00339462234231444,-0.00018190698850603431,-0.0001645736125829016,0
RAW_PM,cluster_entry_loose,ex_post_descriptive,high_vol_only,SMAPE,14694,10,84.8115403046506,100.0252928425885,-15.213752537937893,-15.214196818354836,0
RAW_PM,cluster_entry_loose,ex_post_descriptive,near_zero_excluded,LOG_RV_MSE,72721,10,60.55015231484592,59.94005652166852,0.6100957931774005,0.6049592165336689,10
RAW_PM,cluster_entry_loose,ex_post_descriptive,near_zero_excluded,MAE,72721,10,0.0007578798738627712,0.0007363410375735534,2.153883628921787e-05,2.151495643597689e-05,10
RAW_PM,cluster_entry_loose,ex_post_descriptive,near_zero_excluded,MSE,72721,10,2.4815741439829076e-06,2.5731379637253403e-06,-9.156381974243268e-08,-9.155175973748848e-08,0
RAW_PM,cluster_entry_loose,ex_post_descriptive,near_zero_excluded,RMSE,72721,10,0.0015753012867330831,0.0016041003596176083,-2.8799072884525163e-05,-2.4469472101748623e-05,0
RAW_PM,cluster_entry_loose,ex_post_descriptive,near_zero_excluded,SMAPE,72721,10,92.54758699479648,93.03255169395403,-0.48496469915755824,-0.4804157121014157,3
RAW_PM,cluster_entry_loose,ex_post_descriptive,standard,LOG_RV_MSE,73457,10,62.079879723481234,61.466226599197476,0.6136531242837577,0.6136479722106456,10
RAW_PM,cluster_entry_loose,ex_post_descriptive,standard,MAE,73457,10,0.0007565085520951432,0.0007346324370136059,2.1876115081537282e-05,2.18713705778481e-05,10
RAW_PM,cluster_entry_loose,ex_post_descriptive,standard,MSE,73457,10,2.4613245520281704e-06,2.550909501626916e-06,-8.958494959874545e-08,-8.959788429953005e-08,0
RAW_PM,cluster_entry_loose,ex_post_descriptive,standard,RMSE,73457,10,0.0015688609090764452,0.001597156692884864,-2.829578380841879e-05,-2.38646048807828e-05,0
RAW_PM,cluster_entry_loose,ex_post_descriptive,standard,SMAPE,73457,10,93.56088921296094,94.03880723964706,-0.47791802668611183,-0.4781943140201889,3
RAW_PM,cluster_entry_strict,ex_post_descriptive,high_vol_only,LOG_RV_MSE,14657,10,1.3342554638475268,1.6651260215350576,-0.3308705576875308,-0.3309950734978665,1
RAW_PM,cluster_entry_strict,ex_post_descriptive,high_vol_only,MAE,14657,10,0.001787243329286434,0.0019865309069529748,-0.00019928757766654072,-0.00019930144788484145,0
RAW_PM,cluster_entry_strict,ex_post_descriptive,high_vol_only,MSE,14657,10,1.034580321321044e-05,1.1550258915124486e-05,-1.204455701914047e-06,-1.2043703873883217e-06,0
RAW_PM,cluster_entry_strict,ex_post_descriptive,high_vol_only,RMSE,14657,10,0.003216489268318867,0.0033985671856128557,-0.0001820779172939887,-0.00016472415687530587,0
RAW_PM,cluster_entry_strict,ex_post_descriptive,high_vol_only,SMAPE,14657,10,84.88149633879505,100.10103631606216,-15.219539977267118,-15.219615191483125,0
RAW_PM,cluster_entry_strict,ex_post_descriptive,near_zero_excluded,LOG_RV_MSE,72532,10,60.381173384259625,59.76591175314902,0.6152616311106058,0.6098208731316465,10
RAW_PM,cluster_entry_strict,ex_post_descriptive,near_zero_excluded,MAE,72532,10,0.0007588564320065486,0.0007371837334956289,2.167269851091971e-05,2.1661327901743784e-05,10
RAW_PM,cluster_entry_strict,ex_post_descriptive,near_zero_excluded,MSE,72532,10,2.487464553071507e-06,2.579189035209541e-06,-9.172448213803417e-08,-9.167855735125173e-08,0
RAW_PM,cluster_entry_strict,ex_post_descriptive,near_zero_excluded,RMSE,72532,10,0.0015771697920869228,0.0016059853782676669,-2.8815586180744096e-05,-2.447314229892381e-05,0
RAW_PM,cluster_entry_strict,ex_post_descriptive,near_zero_excluded,SMAPE,72532,10,92.4997892944739,92.98497080983239,-0.48518151535849086,-0.47931701644721586,3
RAW_PM,cluster_entry_strict,ex_post_descriptive,standard,LOG_RV_MSE,73266,10,61.91279479782629,61.29399462336102,0.6188001744652638,0.6185294698295443,10
RAW_PM,cluster_entry_strict,ex_post_descriptive,standard,MAE,73266,10,0.0007574764163155193,0.0007354681555821171,2.200826073340211e-05,2.201582367216568e-05,10
RAW_PM,cluster_entry_strict,ex_post_descriptive,standard,MSE,73266,10,2.4671601900807016e-06,2.556904379550373e-06,-8.974418946967157e-08,-8.972763328295013e-08,0
RAW_PM,cluster_entry_strict,ex_post_descriptive,standard,RMSE,73266,10,0.0015707196408273189,0.0015990323259866804,-2.8312685159361493e-05,-2.386941857679771e-05,0
RAW_PM,cluster_entry_strict,ex_post_descriptive,standard,SMAPE,73266,10,93.51351872765494,93.991695795933,-0.4781770682780575,-0.4771782601410834,3
RAW_PM,cluster_exit_loose,ex_post_descriptive,high_vol_only,LOG_RV_MSE,14693,10,1.1229862115788884,1.0342434735355768,0.08874273804331168,0.08875848326073824,6
RAW_PM,cluster_exit_loose,ex_post_descriptive,high_vol_only,MAE,14693,10,0.0015010885261131542,0.001515134222409567,-1.4045696296412745e-05,-1.4039237979696302e-05,2
RAW_PM,cluster_exit_loose,ex_post_descriptive,high_vol_only,MSE,14693,10,1.2677943124526244e-05,1.2795741541816138e-05,-1.177984172898941e-07,-1.1773580506596536e-07,2
RAW_PM,cluster_exit_loose,ex_post_descriptive,high_vol_only,RMSE,14693,10,0.0035606099371492863,0.0035771135768683858,-1.6503639719099485e-05,-1.565206122473979e-05,2
RAW_PM,cluster_exit_loose,ex_post_descriptive,high_vol_only,SMAPE,14693,10,73.70908084853484,74.088436452128,-0.37935560359315446,-0.37911167393575484,4
RAW_PM,cluster_exit_loose,ex_post_descriptive,near_zero_excluded,LOG_RV_MSE,72719,10,80.20388218822569,81.39743602672054,-1.19355383849485,-1.1807852101298475,1
RAW_PM,cluster_exit_loose,ex_post_descriptive,near_zero_excluded,MAE,72719,10,0.0006184788455707456,0.0006590847984746623,-4.060595290391667e-05,-4.053806541036593e-05,0
RAW_PM,cluster_exit_loose,ex_post_descriptive,near_zero_excluded,MSE,72719,10,2.7784093074004996e-06,2.8416207950086776e-06,-6.321148760817806e-08,-6.314215918440743e-08,0
RAW_PM,cluster_exit_loose,ex_post_descriptive,near_zero_excluded,RMSE,72719,10,0.0016668561147863063,0.0016857107684916405,-1.8854653705334228e-05,-1.7409899149935346e-05,0
RAW_PM,cluster_exit_loose,ex_post_descriptive,near_zero_excluded,SMAPE,72719,10,96.79268422556595,98.90000328250136,-2.1073190569354097,-2.129579663868553,2
RAW_PM,cluster_exit_loose,ex_post_descriptive,standard,LOG_RV_MSE,73455,10,82.09800800629024,83.35843995441445,-1.2604319481242072,-1.2601923833263131,0
RAW_PM,cluster_exit_loose,ex_post_descriptive,standard,MAE,73455,10,0.0006171643472764074,0.0006583931857336858,-4.122883845727836e-05,-4.12263349229565e-05,0
RAW_PM,cluster_exit_loose,ex_post_descriptive,standard,MSE,73455,10,2.7534877094946653e-06,2.8171112688540183e-06,-6.362355935935302e-08,-6.361107359665127e-08,0
RAW_PM,cluster_exit_loose,ex_post_descriptive,standard,RMSE,73455,10,0.0016593636459482487,0.0016784252348120896,-1.906158886384084e-05,-1.7660809259157242e-05,0
RAW_PM,cluster_exit_loose,ex_post_descriptive,standard,SMAPE,73455,10,97.78270324564932,99.87809131545063,-2.0953880698013165,-2.095387698330505,2
RAW_PM,cluster_exit_strict,ex_post_descriptive,high_vol_only,LOG_RV_MSE,14671,10,1.121544847097662,1.0329857004650314,0.08855914663263054,0.08853416966711705,6
RAW_PM,cluster_exit_strict,ex_post_descriptive,high_vol_only,MAE,14671,10,0.0015007236426876971,0.0015148049340159948,-1.408129132829763e-05,-1.4058442735239546e-05,2
RAW_PM,cluster_exit_strict,ex_post_descriptive,high_vol_only,MSE,14671,10,1.2686413406552538e-05,1.2804690803825679e-05,-1.1827739727314044e-07,-1.1816346920973252e-07,2
RAW_PM,cluster_exit_strict,ex_post_descriptive,high_vol_only,RMSE,14671,10,0.003561799181109533,0.003578364263714034,-1.6565082604501e-05,-1.570825005818981e-05,2
RAW_PM,cluster_exit_strict,ex_post_descriptive,high_vol_only,SMAPE,14671,10,73.684845994303,74.06686496207699,-0.3820189677739876,-0.37960955366612836,4
RAW_PM,cluster_exit_strict,ex_post_descriptive,near_zero_excluded,LOG_RV_MSE,72600,10,80.02173783897848,81.21138532488321,-1.1896474859047288,-1.1770225909676149,1
RAW_PM,cluster_exit_strict,ex_post_descriptive,near_zero_excluded,MAE,72600,10,0.0006184535179022776,0.0006590267585507455,-4.057324064846786e-05,-4.050717884833262e-05,0
RAW_PM,cluster_exit_strict,ex_post_descriptive,near_zero_excluded,MSE,72600,10,2.7805878498197563e-06,2.843859782307547e-06,-6.327193248779074e-08,-6.319342178216803e-08,0
RAW_PM,cluster_exit_strict,ex_post_descriptive,near_zero_excluded,RMSE,72600,10,0.0016675094751814027,0.0016863747455140412,-1.8865270332638507e-05,-1.7422026945823384e-05,0
RAW_PM,cluster_exit_strict,ex_post_descriptive,near_zero_excluded,SMAPE,72600,10,96.72258691267511,98.83028163731954,-2.107694724644432,-2.130575064771597,2
RAW_PM,cluster_exit_strict,ex_post_descriptive,standard,LOG_RV_MSE,73334,10,81.90717235117306,83.16341937172865,-1.2562470205555911,-1.2560665422063033,0
RAW_PM,cluster_exit_strict,ex_post_descriptive,standard,MAE,73334,10,0.000617143413936819,0.0006583379778960043,-4.119456395918538e-05,-4.119393698128996e-05,0
RAW_PM,cluster_exit_strict,ex_post_descriptive,standard,MSE,73334,10,2.7556748132676994e-06,2.81935650398452e-06,-6.368169071682047e-08,-6.3660639118073e-08,0
RAW_PM,cluster_exit_strict,ex_post_descriptive,standard,RMSE,73334,10,0.0016600225339638314,0.0016790939532928227,-1.9071419328991297e-05,-1.7672039934224462e-05,0
RAW_PM,cluster_exit_strict,ex_post_descriptive,standard,SMAPE,73334,10,97.71189563488282,99.8077374505161,-2.0958418156332783,-2.0965957037492586,2
RAW_PM,entry_with_recent_spike,ex_post_descriptive,high_vol_only,LOG_RV_MSE,8754,10,1.4736378437064515,1.8833221821367891,-0.4096843384303377,-0.39916923951189703,1
RAW_PM,entry_with_recent_spike,ex_post_descriptive,high_vol_only,MAE,8754,10,0.0019315043244099452,0.002180566453055673,-0.00024906212864572773,-0.00024699045402714676,0
RAW_PM,entry_with_recent_spike,ex_post_descriptive,high_vol_only,MSE,8754,10,1.1146392096496613e-05,1.2771316967329184e-05,-1.6249248708325717e-06,-1.6066126174740614e-06,0
RAW_PM,entry_with_recent_spike,ex_post_descriptive,high_vol_only,RMSE,8754,10,0.003338621286773421,0.0035736979401355656,-0.00023507665336214463,-0.00021228067968632547,0
RAW_PM,entry_with_recent_spike,ex_post_descriptive,high_vol_only,SMAPE,8754,10,87.65347704873638,106.32525092505266,-18.67177387631628,-18.649827106991637,0
RAW_PM,entry_with_recent_spike,ex_post_descriptive,near_zero_excluded,LOG_RV_MSE,43077,10,58.5073000988938,57.29886471336271,1.2084353855310894,1.2167288159011818,10
RAW_PM,entry_with_recent_spike,ex_post_descriptive,near_zero_excluded,MAE,43077,10,0.0008298909472286534,0.0007837666474879026,4.612429974075081e-05,4.576319152163027e-05,10
RAW_PM,entry_with_recent_spike,ex_post_descriptive,near_zero_excluded,MSE,43077,10,2.7524238027535856e-06,2.8496930223539843e-06,-9.726921960039871e-08,-9.715843551189059e-08,3
RAW_PM,entry_with_recent_spike,ex_post_descriptive,near_zero_excluded,RMSE,43077,10,0.0016590430382463215,0.0016881033802329715,-2.906034198664996e-05,-2.2698305266485354e-05,3
RAW_PM,entry_with_recent_spike,ex_post_descriptive,near_zero_excluded,SMAPE,43077,10,93.4313578597661,93.40699724523385,0.024360614532241698,0.0043836794750546915,5
RAW_PM,entry_with_recent_spike,ex_post_descriptive,standard,LOG_RV_MSE,43747,10,61.708962586389255,60.44375010094837,1.265212485440884,1.2883697705631558,10
RAW_PM,entry_with_recent_spike,ex_post_descriptive,standard,MAE,43747,10,0.0008304363652918029,0.0007824642695511764,4.797209574062655e-05,4.7684875902884585e-05,10
RAW_PM,entry_with_recent_spike,ex_post_descriptive,standard,MSE,43747,10,2.7262690958934324e-06,2.8158077262605444e-06,-8.953863036711202e-08,-8.841481293849127e-08,3
RAW_PM,entry_with_recent_spike,ex_post_descriptive,standard,RMSE,43747,10,0.0016511417552389112,0.0016780368667763364,-2.6895111537425216e-05,-2.0574693189818842e-05,3
RAW_PM,entry_with_recent_spike,ex_post_descriptive,standard,SMAPE,43747,10,94.9939885723259,94.95982799646377,0.03416057586213128,0.0049855954352224785,5
RAW_PM,entry_without_recent_spike,ex_post_descriptive,high_vol_only,LOG_RV_MSE,5946,10,1.1195692099524477,1.3149799798240325,-0.1954107698715848,-0.19503475218813365,1
RAW_PM,entry_without_recent_spike,ex_post_descriptive,high_vol_only,MAE,5946,10,0.0015570783495014973,0.001670700041201698,-0.00011362169170020075,-0.00011514535687416584,0
RAW_PM,entry_without_recent_spike,ex_post_descriptive,high_vol_only,MSE,5946,10,9.074816797282833e-06,9.629942866772036e-06,-5.551260694892026e-07,-5.655457212335607e-07,0
RAW_PM,entry_without_recent_spike,ex_post_descriptive,high_vol_only,RMSE,5946,10,0.003012443658773195,0.003103214924360225,-9.077126558703014e-05,-8.49348934930876e-05,0
RAW_PM,entry_without_recent_spike,ex_post_descriptive,high_vol_only,SMAPE,5946,10,80.3430946440876,89.42211097430683,-9.079016330219233,-9.080075311186704,0
RAW_PM,entry_without_recent_spike,ex_post_descriptive,near_zero_excluded,LOG_RV_MSE,29421,10,60.966920165964275,61.28630510364772,-0.319384937683445,-0.3282240302415251,2
RAW_PM,entry_without_recent_spike,ex_post_descriptive,near_zero_excluded,MAE,29421,10,0.00064865090680092,0.0006650266423188038,-1.63757355178838e-05,-1.6716415439643543e-05,1
RAW_PM,entry_without_recent_spike,ex_post_descriptive,near_zero_excluded,MSE,29421,10,2.0879985944370397e-06,2.17835915846109e-06,-9.036056402405034e-08,-9.229071448779754e-08,0
RAW_PM,entry_without_recent_spike,ex_post_descriptive,near_zero_excluded,RMSE,29421,10,0.0014449908630981166,0.0014759265423662149,-3.093567926809831e-05,-2.8537457608150776e-05,0
RAW_PM,entry_without_recent_spike,ex_post_descriptive,near_zero_excluded,SMAPE,29421,10,90.44189351704458,91.67957490568197,-1.237681388637398,-1.2623825899369905,0
RAW_PM,entry_without_recent_spike,ex_post_descriptive,standard,LOG_RV_MSE,29710,10,62.62604303537494,62.97178968801956,-0.3457466526446211,-0.35843068130995565,1
RAW_PM,entry_without_recent_spike,ex_post_descriptive,standard,MAE,29710,10,0.0006476522732693516,0.0006642016333104391,-1.654936004108758e-05,-1.6885335805568877e-05,1
RAW_PM,entry_without_recent_spike,ex_post_descriptive,standard,MSE,29710,10,2.071202405933468e-06,2.1608555590807237e-06,-8.965315314725579e-08,-9.136798050213525e-08,0
RAW_PM,entry_without_recent_spike,ex_post_descriptive,standard,RMSE,29710,10,0.0014391672612776695,0.0014699848839633432,-3.081762268567368e-05,-2.837054013510323e-05,0
RAW_PM,entry_without_recent_spike,ex_post_descriptive,standard,SMAPE,29710,10,91.450697436652,92.68263440058746,-1.2319369639354534,-1.2463486990449284,0
RAW_PM,high_within_block_dispersion,ex_post_descriptive,high_vol_only,LOG_RV_MSE,13800,10,1.347003340120205,0.9971659681763105,0.3498373719438945,0.3709479274718951,8
RAW_PM,high_within_block_dispersion,ex_post_descriptive,high_vol_only,MAE,13800,10,0.0010124910161190377,0.0010194975245213813,-7.006508402343601e-06,-7.660308444151928e-06,5
RAW_PM,high_within_block_dispersion,ex_post_descriptive,high_vol_only,MSE,13800,10,4.061123263348121e-06,4.316360612476079e-06,-2.552373491279574e-07,-2.438575248131139e-07,1
RAW_PM,high_within_block_dispersion,ex_post_descriptive,high_vol_only,RMSE,13800,10,0.0020152228818044226,0.002077585284043974,-6.23624022395514e-05,-5.555814724613002e-05,1
RAW_PM,high_within_block_dispersion,ex_post_descriptive,high_vol_only,SMAPE,13800,10,67.13010831164493,66.19099962552148,0.939108686123447,0.4568613870596117,6
RAW_PM,high_within_block_dispersion,ex_post_descriptive,near_zero_excluded,LOG_RV_MSE,68602,10,133.4472628617705,134.9188713973535,-1.471608535583016,-1.385940069302398,2
RAW_PM,high_within_block_dispersion,ex_post_descriptive,near_zero_excluded,MAE,68602,10,0.000568649162840853,0.0006053870232225171,-3.6737860381664145e-05,-3.401935239536733e-05,1
RAW_PM,high_within_block_dispersion,ex_post_descriptive,near_zero_excluded,MSE,68602,10,1.1270507328910632e-06,1.1656228159841934e-06,-3.857208309313021e-08,-3.573769161201205e-08,2
RAW_PM,high_within_block_dispersion,ex_post_descriptive,near_zero_excluded,RMSE,68602,10,0.0010616264563824054,0.0010796401326294766,-1.8013676247071245e-05,-1.4560638042752753e-05,2
RAW_PM,high_within_block_dispersion,ex_post_descriptive,near_zero_excluded,SMAPE,68602,10,119.19625535916762,121.92762805819518,-2.7313726990275597,-2.6345868969445334,2
RAW_PM,high_within_block_dispersion,ex_post_descriptive,standard,LOG_RV_MSE,68970,10,134.1816042629971,135.67841782511525,-1.4968135621181489,-1.4178997693542656,1
RAW_PM,high_within_block_dispersion,ex_post_descriptive,standard,MAE,68970,10,0.0005686239437191444,0.0006055941454655351,-3.6970201746390745e-05,-3.4270673739909304e-05,1
RAW_PM,high_within_block_dispersion,ex_post_descriptive,standard,MSE,68970,10,1.123133377256323e-06,1.16180735184989e-06,-3.8673974593567e-08,-3.5892538630474e-08,2
RAW_PM,high_within_block_dispersion,ex_post_descriptive,standard,RMSE,68970,10,0.0010597798720754811,0.0010778716768938175,-1.809180481833635e-05,-1.4637614942977621e-05,2
RAW_PM,high_within_block_dispersion,ex_post_descriptive,standard,SMAPE,68970,10,119.60427234064147,122.32504157063208,-2.7207692299906086,-2.612763153714525,2
RAW_PM,inflection_points,ex_post_descriptive,high_vol_only,LOG_RV_MSE,28984,10,1.1395945186365517,1.2435245020661851,-0.10392998342963344,-0.10509472643853157,1
RAW_PM,inflection_points,ex_post_descriptive,high_vol_only,MAE,28984,10,0.0015690861682796692,0.0016578166432178196,-8.873047493815041e-05,-8.647461572212612e-05,0
RAW_PM,inflection_points,ex_post_descriptive,high_vol_only,MSE,28984,10,1.1258143057283103e-05,1.174015626900007e-05,-4.82013211716968e-07,-4.665503398641272e-07,0
RAW_PM,inflection_points,ex_post_descriptive,high_vol_only,RMSE,28984,10,0.0033553156419751486,0.0034263911436086905,-7.107550163354187e-05,-6.35707285068952e-05,0
RAW_PM,inflection_points,ex_post_descriptive,high_vol_only,SMAPE,28984,10,77.5511484641698,84.5485589734189,-6.997410509249107,-6.971304918626915,0
RAW_PM,inflection_points,ex_post_descriptive,near_zero_excluded,LOG_RV_MSE,143375,10,58.64300646845435,58.89824131305083,-0.2552348445964796,-0.25322120913229546,2
RAW_PM,inflection_points,ex_post_descriptive,near_zero_excluded,MAE,143375,10,0.0006543332064361158,0.0006629729156456478,-8.639709209531986e-06,-8.274069954938737e-06,2
RAW_PM,inflection_points,ex_post_descriptive,near_zero_excluded,MSE,143375,10,2.5404502226370316e-06,2.5999403591702463e-06,-5.949013653321468e-08,-5.731093200616058e-08,0
RAW_PM,inflection_points,ex_post_descriptive,near_zero_excluded,RMSE,143375,10,0.0015938789861959506,0.0016124330557174293,-1.8554069521478688e-05,-1.5870263072623722e-05,0
RAW_PM,inflection_points,ex_post_descriptive,near_zero_excluded,SMAPE,143375,10,90.02958355319511,90.92613588801915,-0.8965523348240367,-0.8777732758624992,1
RAW_PM,inflection_points,ex_post_descriptive,standard,LOG_RV_MSE,144886,10,60.506791384132924,60.785176628813694,-0.27838524468076997,-0.2802033597975292,2
RAW_PM,inflection_points,ex_post_descriptive,standard,MAE,144886,10,0.0006529679144583394,0.0006617560449056405,-8.788130447301098e-06,-8.452520072477254e-06,2
RAW_PM,inflection_points,ex_post_descriptive,standard,MSE,144886,10,2.5174090289669973e-06,2.5763054351990266e-06,-5.889640623202929e-08,-5.6897083394985525e-08,0
RAW_PM,inflection_points,ex_post_descriptive,standard,RMSE,144886,10,0.0015866344975976657,0.0016050873606128194,-1.8452863015153663e-05,-1.5790639708991714e-05,0
RAW_PM,inflection_points,ex_post_descriptive,standard,SMAPE,144886,10,91.11849778030444,92.01016321262861,-0.8916654323241744,-0.8679415000091453,1
RAW_PM,older_spike_position,ex_post_descriptive,high_vol_only,LOG_RV_MSE,21781,10,1.1395303095276075,0.9861946549920614,0.1533356545355461,0.14842500730621205,8
RAW_PM,older_spike_position,ex_post_descriptive,high_vol_only,MAE,21781,10,0.0013486758957650074,0.0013635689210531655,-1.489302528815805e-05,-1.4649237226625046e-05,2
RAW_PM,older_spike_position,ex_post_descriptive,high_vol_only,MSE,21781,10,1.069141300105579e-05,1.0789585026361158e-05,-9.817202530536705e-08,-9.558781593295273e-08,1
RAW_PM,older_spike_position,ex_post_descriptive,high_vol_only,RMSE,21781,10,0.0032697726222255565,0.00328475037504544,-1.4977752819883474e-05,-1.4401555907772167e-05,1
RAW_PM,older_spike_position,ex_post_descriptive,high_vol_only,SMAPE,21781,10,69.8626302544199,70.59628057450843,-0.7336503200885289,-0.7424953577568161,3
RAW_PM,older_spike_position,ex_post_descriptive,near_zero_excluded,LOG_RV_MSE,107788,10,78.34423187563695,79.25654703462027,-0.9123151589833185,-0.9418734431251294,2
RAW_PM,older_spike_position,ex_post_descriptive,near_zero_excluded,MAE,107788,10,0.0005714781969803931,0.0005986028996751913,-2.712470269479819e-05,-2.6383307433728e-05,0
RAW_PM,older_spike_position,ex_post_descriptive,near_zero_excluded,MSE,107788,10,2.346475802604796e-06,2.388827873331671e-06,-4.235207072687518e-08,-4.082282861759956e-08,0
RAW_PM,older_spike_position,ex_post_descriptive,near_zero_excluded,RMSE,107788,10,0.0015318210739524365,0.001545583344026349,-1.3762270073912515e-05,-1.2564726533161492e-05,0
RAW_PM,older_spike_position,ex_post_descriptive,near_zero_excluded,SMAPE,107788,10,96.43669126169502,97.89318368969718,-1.4564924280021643,-1.4391641388566925,3
RAW_PM,older_spike_position,ex_post_descriptive,standard,LOG_RV_MSE,108871,10,80.56611776174127,81.53359133254386,-0.9674735708025963,-1.0090679142762178,0
RAW_PM,older_spike_position,ex_post_descriptive,standard,MAE,108871,10,0.0005701423444680369,0.000597695228485807,-2.7552884017770034e-05,-2.6858828289792774e-05,0
RAW_PM,older_spike_position,ex_post_descriptive,standard,MSE,108871,10,2.3254307190849205e-06,2.3679971175834325e-06,-4.256639849851203e-08,-4.108661203256877e-08,0
RAW_PM,older_spike_position,ex_post_descriptive,standard,RMSE,108871,10,0.0015249363000089285,0.0015388297883727857,-1.3893488363857232e-05,-1.2739681364787677e-05,0
RAW_PM,older_spike_position,ex_post_descriptive,standard,SMAPE,108871,10,97.43444157677632,98.88075375157919,-1.4463121748028698,-1.4130549151002227,3
RAW_PM,recent_ramp_high_dispersion,ex_post_descriptive,high_vol_only,LOG_RV_MSE,4860,10,1.422541686129273,1.6267534620268076,-0.2042117758975346,-0.18001203161996854,3
RAW_PM,recent_ramp_high_dispersion,ex_post_descriptive,high_vol_only,MAE,4860,10,0.0014613955477391944,0.001612621514241314,-0.00015122596650211971,-0.00015085574745013415,1
RAW_PM,recent_ramp_high_dispersion,ex_post_descriptive,high_vol_only,MSE,4860,10,5.9629586828906324e-06,6.9405090112102374e-06,-9.77550328319605e-07,-9.880291316317174e-07,1
RAW_PM,recent_ramp_high_dispersion,ex_post_descriptive,high_vol_only,RMSE,4860,10,0.0024419170098286783,0.002634484581699091,-0.00019256757187041283,-0.00016934858806875666,1
RAW_PM,recent_ramp_high_dispersion,ex_post_descriptive,high_vol_only,SMAPE,4860,10,76.48024025708399,90.53526580553626,-14.055025548452264,-13.92840431002898,0
RAW_PM,recent_ramp_high_dispersion,ex_post_descriptive,near_zero_excluded,LOG_RV_MSE,24128,10,114.11256475334159,112.92530157663721,1.187263176704377,1.254969405420065,10
RAW_PM,recent_ramp_high_dispersion,ex_post_descriptive,near_zero_excluded,MAE,24128,10,0.0007928593927930361,0.0007245261450231584,6.83332477698777e-05,6.863630597578373e-05,10
RAW_PM,recent_ramp_high_dispersion,ex_post_descriptive,near_zero_excluded,MSE,24128,10,1.8154479400161009e-06,1.7280880782117394e-06,8.735986180436153e-08,8.800458897641002e-08,10
RAW_PM,recent_ramp_high_dispersion,ex_post_descriptive,near_zero_excluded,RMSE,24128,10,0.0013473855944072211,0.0013145676392684173,3.281795513880386e-05,3.281193545497242e-05,10
RAW_PM,recent_ramp_high_dispersion,ex_post_descriptive,near_zero_excluded,SMAPE,24128,10,117.97303253465954,117.21559492278543,0.75743761187411,0.7235426171493614,7
RAW_PM,recent_ramp_high_dispersion,ex_post_descriptive,standard,LOG_RV_MSE,24273,10,114.68887161199063,113.5003829780809,1.1884886339097278,1.2613238331984797,10
RAW_PM,recent_ramp_high_dispersion,ex_post_descriptive,standard,MAE,24273,10,0.0007926212485103804,0.0007242534632724347,6.836778523794569e-05,6.86960419485964e-05,10
RAW_PM,recent_ramp_high_dispersion,ex_post_descriptive,standard,MSE,24273,10,1.8086202642090091e-06,1.7207222217186707e-06,8.78980424903384e-08,8.842045434742212e-08,10
RAW_PM,recent_ramp_high_dispersion,ex_post_descriptive,standard,RMSE,24273,10,0.001344849532181578,0.001311763020411336,3.3086511770242166e-05,3.30539538434183e-05,10
RAW_PM,recent_ramp_high_dispersion,ex_post_descriptive,standard,SMAPE,24273,10,118.4281414949415,117.67632404238664,0.7518174525548602,0.7166612915465592,7
RAW_PM,recent_spike_position,ex_post_descriptive,high_vol_only,LOG_RV_MSE,41263,10,133.60326357120792,135.8050085542819,-2.2017449830739793,-0.6696986598633948,0
RAW_PM,recent_spike_position,ex_post_descriptive,high_vol_only,MAE,41263,10,0.0009278329622731831,0.0010086062089332125,-8.077324666002945e-05,-0.00014273695279231743,0
RAW_PM,recent_spike_position,ex_post_descriptive,high_vol_only,MSE,41263,10,5.620772726690841e-06,6.05401899451469e-06,-4.332462678238494e-07,-7.946249012809282e-07,0
RAW_PM,recent_spike_position,ex_post_descriptive,high_vol_only,RMSE,41263,10,0.002370816890164831,0.002460491616428451,-8.967472626361965e-05,-0.00011099756519834863,0
RAW_PM,recent_spike_position,ex_post_descriptive,high_vol_only,SMAPE,41263,10,126.75937020163306,133.2974388155463,-6.538068613913225,-11.447032458549717,0
RAW_PM,recent_spike_position,ex_post_descriptive,near_zero_excluded,LOG_RV_MSE,124205,10,108.09331457411457,108.683739560012,-0.5904249858974282,-0.31536926221913225,6
RAW_PM,recent_spike_position,ex_post_descriptive,near_zero_excluded,MAE,124205,10,0.0006101040586077684,0.0005997526771339007,1.0351381473867709e-05,1.1736986905316916e-05,9
RAW_PM,recent_spike_position,ex_post_descriptive,near_zero_excluded,MSE,124205,10,2.122274233945656e-06,2.1772723726226857e-06,-5.4998138677029754e-08,-6.15335779824196e-08,0
RAW_PM,recent_spike_position,ex_post_descriptive,near_zero_excluded,RMSE,124205,10,0.0014568027436635531,0.0014755583257271415,-1.8755582063588374e-05,-1.7410774076379846e-05,0
RAW_PM,recent_spike_position,ex_post_descriptive,near_zero_excluded,SMAPE,124205,10,110.75903396715827,111.06659389289094,-0.30755992573266155,-0.30914513245800634,1
RAW_PM,recent_spike_position,ex_post_descriptive,standard,LOG_RV_MSE,125358,10,109.41387331267963,110.00486810596037,-0.5909947932807427,-0.32381806180109046,6
RAW_PM,recent_spike_position,ex_post_descriptive,standard,MAE,125358,10,0.0006091827784219505,0.0005986995314554361,1.0483246966514338e-05,1.1846288615500602e-05,9
RAW_PM,recent_spike_position,ex_post_descriptive,standard,MSE,125358,10,2.1057111020059574e-06,2.1596708486181947e-06,-5.3959746612237234e-08,-6.054213689486773e-08,0
RAW_PM,recent_spike_position,ex_post_descriptive,standard,RMSE,125358,10,0.00145110685409654,0.0014695818618294778,-1.8475007732937773e-05,-1.702803133825974e-05,0
RAW_PM,recent_spike_position,ex_post_descriptive,standard,SMAPE,125358,10,111.53126331543436,111.83579355670213,-0.30453024126776995,-0.3061446785250979,1
RAW_PM,same_average_back_loaded,ex_post_descriptive,high_vol_only,LOG_RV_MSE,5089,10,148.22928488392745,151.31920188998765,-3.0899170060602046,-0.5611757035118734,8
RAW_PM,same_average_back_loaded,ex_post_descriptive,high_vol_only,MAE,5089,10,0.00079502070058517,0.0007902934585143011,4.727242070868827e-06,2.4199740087550576e-05,8
RAW_PM,same_average_back_loaded,ex_post_descriptive,high_vol_only,MSE,5089,10,5.436331053659615e-06,5.377814286086951e-06,5.851676757266362e-08,1.0068467533330677e-07,8
RAW_PM,same_average_back_loaded,ex_post_descriptive,high_vol_only,RMSE,5089,10,0.0023315941013949265,0.0023190114889941687,1.258261240075784e-05,1.4635670612631311e-05,8
RAW_PM,same_average_back_loaded,ex_post_descriptive,high_vol_only,SMAPE,5089,10,125.47402771920483,123.56127381412985,1.9127539050749789,3.3318625045476375,8
RAW_PM,same_average_back_loaded,ex_post_descriptive,near_zero_excluded,LOG_RV_MSE,15487,10,124.26141461023107,126.28734386976126,-2.025929259530187,-1.7030242171616394,0
RAW_PM,same_average_back_loaded,ex_post_descriptive,near_zero_excluded,MAE,15487,10,0.000527741419898501,0.0005607204470652579,-3.297902716675684e-05,-3.314047976958446e-05,0
RAW_PM,same_average_back_loaded,ex_post_descriptive,near_zero_excluded,MSE,15487,10,1.938986808645503e-06,1.959926085086991e-06,-2.0939276441487808e-08,-2.1763940676414544e-08,1
RAW_PM,same_average_back_loaded,ex_post_descriptive,near_zero_excluded,RMSE,15487,10,0.0013924750657176965,0.0013999736015678978,-7.49853585020133e-06,-7.758272960104324e-06,1
RAW_PM,same_average_back_loaded,ex_post_descriptive,near_zero_excluded,SMAPE,15487,10,115.21629356973736,116.70406878216703,-1.4877752124296677,-1.5873823216389695,2
RAW_PM,same_average_back_loaded,ex_post_descriptive,standard,LOG_RV_MSE,15559,10,124.77448379663251,126.81142164666811,-2.0369378500355992,-1.7245787000351143,0
RAW_PM,same_average_back_loaded,ex_post_descriptive,standard,MAE,15559,10,0.0005277712464133768,0.0005609353782046375,-3.3164131791260654e-05,-3.3391919002559876e-05,0
RAW_PM,same_average_back_loaded,ex_post_descriptive,standard,MSE,15559,10,1.931432277016903e-06,1.952638179841923e-06,-2.1205902825020176e-08,-2.213125562407573e-08,1
RAW_PM,same_average_back_loaded,ex_post_descriptive,standard,RMSE,15559,10,0.0013897597911210781,0.001397368305008355,-7.608513887276793e-06,-7.892273685614976e-06,1
RAW_PM,same_average_back_loaded,ex_post_descriptive,standard,SMAPE,15559,10,115.5837931550299,117.06711680584245,-1.483323650812551,-1.5764147512768858,2
RAW_PM,same_average_different_path,ex_post_descriptive,high_vol_only,LOG_RV_MSE,1483,10,1.176451606646611,1.3802380207423646,-0.2037864140957535,-0.21720611415618593,1
RAW_PM,same_average_different_path,ex_post_descriptive,high_vol_only,MAE,1483,10,0.0012308421833447504,0.0012960826513302947,-6.524046798554424e-05,-6.993780093292277e-05,0
RAW_PM,same_average_different_path,ex_post_descriptive,high_vol_only,MSE,1483,10,5.424646643583948e-06,5.69539273991965e-06,-2.707460963357013e-07,-2.822752396781087e-07,1
RAW_PM,same_average_different_path,ex_post_descriptive,high_vol_only,RMSE,1483,10,0.0023290870837270015,0.002386502197761328,-5.741511403432658e-05,-5.725325391853261e-05,1
RAW_PM,same_average_different_path,ex_post_descriptive,high_vol_only,SMAPE,1483,10,78.26623100008541,84.91318055166076,-6.6469495515753465,-7.212986007400238,0
RAW_PM,same_average_different_path,ex_post_descriptive,near_zero_excluded,LOG_RV_MSE,7368,10,130.5647982605645,131.8192064032682,-1.25440814270371,-1.253478840692485,0
RAW_PM,same_average_different_path,ex_post_descriptive,near_zero_excluded,MAE,7368,10,0.0005432933685073359,0.0005844797243484666,-4.118635584113067e-05,-4.4563965267902474e-05,0
RAW_PM,same_average_different_path,ex_post_descriptive,near_zero_excluded,MSE,7368,10,1.25033332979528e-06,1.3358012306963888e-06,-8.546790090110868e-08,-9.013097787802853e-08,1
RAW_PM,same_average_different_path,ex_post_descriptive,near_zero_excluded,RMSE,7368,10,0.0011181830484295852,0.0011557686752531361,-3.758562682355088e-05,-3.7598108647097844e-05,1
RAW_PM,same_average_different_path,ex_post_descriptive,near_zero_excluded,SMAPE,7368,10,117.07922485099387,119.8874367926305,-2.8082119416366282,-3.1692056306108767,0
RAW_PM,same_average_different_path,ex_post_descriptive,standard,LOG_RV_MSE,7396,10,131.0538149663491,132.33062144654366,-1.2768064801945513,-1.2889265364233544,0
RAW_PM,same_average_different_path,ex_post_descriptive,standard,MAE,7396,10,0.000543100371193495,0.0005845210955802268,-4.1420724386731825e-05,-4.485709563573127e-05,0
RAW_PM,same_average_different_path,ex_post_descriptive,standard,MSE,7396,10,1.2465643227993336e-06,1.3321085650508952e-06,-8.554424225156163e-08,-9.035018910391778e-08,1
RAW_PM,same_average_different_path,ex_post_descriptive,standard,RMSE,7396,10,0.0011164964499716663,0.0011541700763106342,-3.767362633896789e-05,-3.777105236175398e-05,1
RAW_PM,same_average_different_path,ex_post_descriptive,standard,SMAPE,7396,10,117.3731818015564,120.17262659858177,-2.799444797025373,-3.1426291895850254,0
RAW_PM,same_average_recent_front_loaded,ex_post_descriptive,high_vol_only,LOG_RV_MSE,2870,10,1.4580562797951269,1.8237917988985521,-0.3657355191034253,-0.369068539540951,0
RAW_PM,same_average_recent_front_loaded,ex_post_descriptive,high_vol_only,MAE,2870,10,0.0016073033120725894,0.0017094589485330994,-0.00010215563646050999,-0.00010241762736184026,0
RAW_PM,same_average_recent_front_loaded,ex_post_descriptive,high_vol_only,MSE,2870,10,7.781371153816655e-06,8.262082958732138e-06,-4.807118049154829e-07,-4.809655346885186e-07,0
RAW_PM,same_average_recent_front_loaded,ex_post_descriptive,high_vol_only,RMSE,2870,10,0.0027895109165975056,0.002874383926814951,-8.487301021744545e-05,-7.450381056263759e-05,0
RAW_PM,same_average_recent_front_loaded,ex_post_descriptive,high_vol_only,SMAPE,2870,10,94.65986103058924,104.99898567628304,-10.3391246456938,-10.40071053694292,0
RAW_PM,same_average_recent_front_loaded,ex_post_descriptive,near_zero_excluded,LOG_RV_MSE,14110,10,61.51306201248259,61.26297316207832,0.25008885040427487,0.25814302336889305,7
RAW_PM,same_average_recent_front_loaded,ex_post_descriptive,near_zero_excluded,MAE,14110,10,0.0006158783010104141,0.0006167544016878806,-8.761006774664955e-07,-7.901202288030772e-07,6
RAW_PM,same_average_recent_front_loaded,ex_post_descriptive,near_zero_excluded,MSE,14110,10,1.7527220781628603e-06,1.8259040560541682e-06,-7.318197789130794e-08,-7.304777732207379e-08,0
RAW_PM,same_average_recent_front_loaded,ex_post_descriptive,near_zero_excluded,RMSE,14110,10,0.0013239041045947626,0.001351260173339749,-2.7356068744986348e-05,-2.2306070229850154e-05,0
RAW_PM,same_average_recent_front_loaded,ex_post_descriptive,near_zero_excluded,SMAPE,14110,10,92.08728032701002,92.9298546926073,-0.8425743655972724,-0.851376463662217,2
RAW_PM,same_average_recent_front_loaded,ex_post_descriptive,standard,LOG_RV_MSE,14331,10,65.0327606534289,64.78392663615875,0.24883401727014132,0.2608736503357999,6
RAW_PM,same_average_recent_front_loaded,ex_post_descriptive,standard,MAE,14331,10,0.0006156989961505772,0.0006163157534633965,-6.167573128192756e-07,-5.342641033070569e-07,6
RAW_PM,same_average_recent_front_loaded,ex_post_descriptive,standard,MSE,14331,10,1.732179693635762e-06,1.803784053817283e-06,-7.160436018152109e-08,-7.151958409422268e-08,0
RAW_PM,same_average_recent_front_loaded,ex_post_descriptive,standard,RMSE,14331,10,0.0013161229781581058,0.0013430502797055974,-2.692730154749156e-05,-2.185763047416752e-05,0
RAW_PM,same_average_recent_front_loaded,ex_post_descriptive,standard,SMAPE,14331,10,93.68336123354462,94.51195624597581,-0.8285950124311938,-0.8434940645431837,2
RAW_PM,stable_low_dispersion,ex_post_descriptive,high_vol_only,LOG_RV_MSE,13798,10,1.1365927010064192,1.1404698920910332,-0.00387719108461404,-0.00433794080029104,5
RAW_PM,stable_low_dispersion,ex_post_descriptive,high_vol_only,MAE,13798,10,0.0016297046728240819,0.0017201798108571914,-9.047513803310948e-05,-8.624434988645498e-05,1
RAW_PM,stable_low_dispersion,ex_post_descriptive,high_vol_only,MSE,13798,10,1.7413305625955696e-05,1.7871750321148673e-05,-4.584446951929767e-07,-4.3422553939641556e-07,1
RAW_PM,stable_low_dispersion,ex_post_descriptive,high_vol_only,RMSE,13798,10,0.004172925307977091,0.004227499298775658,-5.4573990798566924e-05,-4.9299622172582365e-05,1
RAW_PM,stable_low_dispersion,ex_post_descriptive,high_vol_only,SMAPE,13798,10,72.78501202823047,79.86210645056481,-7.077094422334341,-6.770348143168604,1
RAW_PM,stable_low_dispersion,ex_post_descriptive,near_zero_excluded,LOG_RV_MSE,67129,10,23.025768102724278,22.9668998054169,0.058868297307377304,0.03616112595390386,8
RAW_PM,stable_low_dispersion,ex_post_descriptive,near_zero_excluded,MAE,67129,10,0.0006391886576111414,0.0006354591697914205,3.7294878197208746e-06,3.553615056943316e-06,6
RAW_PM,stable_low_dispersion,ex_post_descriptive,near_zero_excluded,MSE,67129,10,3.7891257013455223e-06,3.841298883655923e-06,-5.2173182310400754e-08,-4.9735180735958274e-08,1
RAW_PM,stable_low_dispersion,ex_post_descriptive,near_zero_excluded,RMSE,67129,10,0.0019465676719152413,0.0019599231831007877,-1.3355511185546417e-05,-1.1944897296134987e-05,1
RAW_PM,stable_low_dispersion,ex_post_descriptive,near_zero_excluded,SMAPE,67129,10,76.72229579638059,76.8251249004001,-0.10282910401950573,-0.09138565010709812,5
RAW_PM,stable_low_dispersion,ex_post_descriptive,standard,LOG_RV_MSE,68968,10,30.904589905889917,30.873277714169085,0.03131219172083277,0.009324394276456972,7
RAW_PM,stable_low_dispersion,ex_post_descriptive,standard,MAE,68968,10,0.0006423459670206478,0.0006388343997721714,3.511567248476368e-06,3.358745760718347e-06,6
RAW_PM,stable_low_dispersion,ex_post_descriptive,standard,MSE,68968,10,3.707039266768412e-06,3.757366476600399e-06,-5.0327209831987195e-08,-4.7604320393452604e-08,1
RAW_PM,stable_low_dispersion,ex_post_descriptive,standard,RMSE,68968,10,0.0019253673069750644,0.0019383927560224733,-1.3025449047408908e-05,-1.1623813695197071e-05,1
RAW_PM,stable_low_dispersion,ex_post_descriptive,standard,SMAPE,68968,10,79.91610747922876,80.02198362621762,-0.10587614698886227,-0.08976660961646417,5
RIDGE_AR22,all_observations,not_conditioned,high_vol_only,LOG_RV_MSE,73496,10,1.2429973656852933,1.2322417785016455,0.010755587183647775,0.0107621060950987,5
RIDGE_AR22,all_observations,not_conditioned,high_vol_only,MAE,73496,10,0.0013977588560373617,0.0014461583138095176,-4.839945777215587e-05,-4.839640560548762e-05,0
RIDGE_AR22,all_observations,not_conditioned,high_vol_only,MSE,73496,10,9.91631467282196e-06,1.021579868428155e-05,-2.9948401145959073e-07,-2.9946115734922435e-07,0
RIDGE_AR22,all_observations,not_conditioned,high_vol_only,RMSE,73496,10,0.0031490180489832003,0.0031962163074925874,-4.7198258509387105e-05,-4.4154892374153614e-05,0
RIDGE_AR22,all_observations,not_conditioned,high_vol_only,SMAPE,73496,10,74.02057589487282,77.66604824710481,-3.645472352231991,-3.645366283673172,0
RIDGE_AR22,all_observations,not_conditioned,near_zero_excluded,LOG_RV_MSE,363794,10,84.08930450077095,84.5456030775636,-0.45629857679264774,-0.44907930631080817,3
RIDGE_AR22,all_observations,not_conditioned,near_zero_excluded,MAE,363794,10,0.0005874977904224,0.0005932493014879417,-5.751511065541686e-06,-5.738486499991656e-06,1
RIDGE_AR22,all_observations,not_conditioned,near_zero_excluded,MSE,363794,10,2.215330906486703e-06,2.2550529014491e-06,-3.972199496239732e-08,-3.971569654590673e-08,0
RIDGE_AR22,all_observations,not_conditioned,near_zero_excluded,RMSE,363794,10,0.0014883987726703831,0.0015016833559206484,-1.3284583250265268e-05,-1.2240434035375039e-05,0
RIDGE_AR22,all_observations,not_conditioned,near_zero_excluded,SMAPE,363794,10,99.92108203019059,100.42641162413382,-0.5053295939432303,-0.5117423212479139,2
RIDGE_AR22,all_observations,not_conditioned,standard,LOG_RV_MSE,367468,10,86.0153296729766,86.50028431286633,-0.48495463988972176,-0.4848393761024427,3
RIDGE_AR22,all_observations,not_conditioned,standard,MAE,367468,10,0.0005862627334133548,0.0005922025879479077,-5.939854534552872e-06,-5.9388494073286335e-06,1
RIDGE_AR22,all_observations,not_conditioned,standard,MSE,367468,10,2.195810003812886e-06,2.2352430832785336e-06,-3.943307946564771e-08,-3.942944211986689e-08,0
RIDGE_AR22,all_observations,not_conditioned,standard,RMSE,367468,10,0.0014818265768344438,0.0014950729357722096,-1.3246358937765755e-05,-1.2191693854659344e-05,0
RIDGE_AR22,all_observations,not_conditioned,standard,SMAPE,367468,10,100.87996480320403,101.38297732532459,-0.5030125221205566,-0.5030515923436567,2
RIDGE_AR22,cluster_entry_loose,ex_post_descriptive,high_vol_only,LOG_RV_MSE,14694,10,1.332130441941895,1.5724432069439815,-0.24031276500208665,-0.2403016551791975,1
RIDGE_AR22,cluster_entry_loose,ex_post_descriptive,high_vol_only,MAE,14694,10,0.001784491149669092,0.0019266346779606962,-0.0001421435282916042,-0.00014214045347037176,0
RIDGE_AR22,cluster_entry_loose,ex_post_descriptive,high_vol_only,MSE,14694,10,1.032153994459627e-05,1.1251444866311487e-05,-9.299049217152174e-07,-9.299404718634196e-07,0
RIDGE_AR22,cluster_entry_loose,ex_post_descriptive,high_vol_only,RMSE,14694,10,0.003212715353808406,0.0033543173472871477,-0.00014160199347874186,-0.00012995710158303603,0
RIDGE_AR22,cluster_entry_loose,ex_post_descriptive,high_vol_only,SMAPE,14694,10,84.8115403046506,95.0045628570286,-10.193022552377997,-10.1927399004222,0
RIDGE_AR22,cluster_entry_loose,ex_post_descriptive,near_zero_excluded,LOG_RV_MSE,72721,10,60.55015231484592,60.43118622086183,0.11896609398408486,0.11804593573052506,8
RIDGE_AR22,cluster_entry_loose,ex_post_descriptive,near_zero_excluded,MAE,72721,10,0.0007578798738627712,0.0007482164977015996,9.663376161171688e-06,9.644504839900818e-06,9
RIDGE_AR22,cluster_entry_loose,ex_post_descriptive,near_zero_excluded,MSE,72721,10,2.4815741439829076e-06,2.571030624914494e-06,-8.945648093158658e-08,-8.956643782513147e-08,0
RIDGE_AR22,cluster_entry_loose,ex_post_descriptive,near_zero_excluded,RMSE,72721,10,0.0015753012867330831,0.001603443365047389,-2.8142078314305876e-05,-2.4449631740060305e-05,0
RIDGE_AR22,cluster_entry_loose,ex_post_descriptive,near_zero_excluded,SMAPE,72721,10,92.54758699479648,92.90115515779314,-0.35356816299666605,-0.35289847690349063,3
RIDGE_AR22,cluster_entry_loose,ex_post_descriptive,standard,LOG_RV_MSE,73457,10,62.079879723481234,61.95931723874905,0.1205624847321829,0.12052734069078372,9
RIDGE_AR22,cluster_entry_loose,ex_post_descriptive,standard,MAE,73457,10,0.0007565085520951432,0.0007467276107881041,9.780941307039074e-06,9.776662665548722e-06,9
RIDGE_AR22,cluster_entry_loose,ex_post_descriptive,standard,MSE,73457,10,2.4613245520281704e-06,2.549417309864735e-06,-8.809275783656482e-08,-8.810513003013522e-08,0
RIDGE_AR22,cluster_entry_loose,ex_post_descriptive,standard,RMSE,73457,10,0.0015688609090764452,0.001596689484484925,-2.7828575408479685e-05,-2.4034196876592625e-05,0
RIDGE_AR22,cluster_entry_loose,ex_post_descriptive,standard,SMAPE,73457,10,93.56088921296094,93.91212743656352,-0.3512382236025786,-0.3513763274458526,3
RIDGE_AR22,cluster_entry_strict,ex_post_descriptive,high_vol_only,LOG_RV_MSE,14657,10,1.3342554638475268,1.5748774017844742,-0.24062193793694742,-0.2406607297925049,1
RIDGE_AR22,cluster_entry_strict,ex_post_descriptive,high_vol_only,MAE,14657,10,0.001787243329286434,0.0019295650955711559,-0.00014232176628472181,-0.00014233268936332741,0
RIDGE_AR22,cluster_entry_strict,ex_post_descriptive,high_vol_only,MSE,14657,10,1.034580321321044e-05,1.1277776778057333e-05,-9.31973564846894e-07,-9.318827635620923e-07,0
RIDGE_AR22,cluster_entry_strict,ex_post_descriptive,high_vol_only,RMSE,14657,10,0.003216489268318867,0.0033582401310891,-0.0001417508627702328,-0.00013008725914978242,0
RIDGE_AR22,cluster_entry_strict,ex_post_descriptive,high_vol_only,SMAPE,14657,10,84.88149633879505,95.07854484844468,-10.197048509649633,-10.197523874220632,0
RIDGE_AR22,cluster_entry_strict,ex_post_descriptive,near_zero_excluded,LOG_RV_MSE,72532,10,60.381173384259625,60.25767635384832,0.12349703041130766,0.12278069428546301,8
RIDGE_AR22,cluster_entry_strict,ex_post_descriptive,near_zero_excluded,MAE,72532,10,0.0007588564320065486,0.0007491021298840488,9.754302122499817e-06,9.749153253358586e-06,9
RIDGE_AR22,cluster_entry_strict,ex_post_descriptive,near_zero_excluded,MSE,72532,10,2.487464553071507e-06,2.5770850144327965e-06,-8.962046136128958e-08,-8.968819577197808e-08,1
RIDGE_AR22,cluster_entry_strict,ex_post_descriptive,near_zero_excluded,RMSE,72532,10,0.0015771697920869228,0.0016053301886007117,-2.816039651378898e-05,-2.445338520373066e-05,1
RIDGE_AR22,cluster_entry_strict,ex_post_descriptive,near_zero_excluded,SMAPE,72532,10,92.4997892944739,92.85574627000634,-0.3559569755324361,-0.3544720321085961,3
RIDGE_AR22,cluster_entry_strict,ex_post_descriptive,standard,LOG_RV_MSE,73266,10,61.91279479782629,61.78778565341499,0.12500914441129396,0.12522109821255595,9
RIDGE_AR22,cluster_entry_strict,ex_post_descriptive,standard,MAE,73266,10,0.0007574764163155193,0.0007476051957799035,9.871220535615757e-06,9.88089668159954e-06,9
RIDGE_AR22,cluster_entry_strict,ex_post_descriptive,standard,MSE,73266,10,2.4671601900807016e-06,2.5554142821246964e-06,-8.825409204399487e-08,-8.822744334801973e-08,1
RIDGE_AR22,cluster_entry_strict,ex_post_descriptive,standard,RMSE,73266,10,0.0015707196408273189,0.0015985663208402385,-2.7846680012919662e-05,-2.4038266143973744e-05,1
RIDGE_AR22,cluster_entry_strict,ex_post_descriptive,standard,SMAPE,73266,10,93.51351872765494,93.86712311784613,-0.35360439019119383,-0.3529365137549732,3
RIDGE_AR22,cluster_exit_loose,ex_post_descriptive,high_vol_only,LOG_RV_MSE,14693,10,1.1229862115788884,1.0724906271721664,0.05049558440672208,0.05051526980963511,6
RIDGE_AR22,cluster_exit_loose,ex_post_descriptive,high_vol_only,MAE,14693,10,0.0015010885261131542,0.0015136306794229337,-1.254215330977952e-05,-1.253199096916557e-05,2
RIDGE_AR22,cluster_exit_loose,ex_post_descriptive,high_vol_only,MSE,14693,10,1.2677943124526244e-05,1.2857372548559872e-05,-1.7942942403362757e-07,-1.7936954082480783e-07,0
RIDGE_AR22,cluster_exit_loose,ex_post_descriptive,high_vol_only,RMSE,14693,10,0.0035606099371492863,0.0035857178567979763,-2.5107919648690007e-05,-2.3929352052830275e-05,0
RIDGE_AR22,cluster_exit_loose,ex_post_descriptive,high_vol_only,SMAPE,14693,10,73.70908084853484,73.81796865863028,-0.10888781009543891,-0.1082667172300674,4
RIDGE_AR22,cluster_exit_loose,ex_post_descriptive,near_zero_excluded,LOG_RV_MSE,72719,10,80.20388218822569,80.97530661608027,-0.7714244278545834,-0.7626846015101139,2
RIDGE_AR22,cluster_exit_loose,ex_post_descriptive,near_zero_excluded,MAE,72719,10,0.0006184788455707456,0.0006469025735369568,-2.842372796621126e-05,-2.8421816812957615e-05,0
RIDGE_AR22,cluster_exit_loose,ex_post_descriptive,near_zero_excluded,MSE,72719,10,2.7784093074004996e-06,2.8364407217220823e-06,-5.8031414321582773e-08,-5.800403536657646e-08,0
RIDGE_AR22,cluster_exit_loose,ex_post_descriptive,near_zero_excluded,RMSE,72719,10,0.0016668561147863063,0.0016841736020143773,-1.7317487228071023e-05,-1.6216236581146124e-05,0
RIDGE_AR22,cluster_exit_loose,ex_post_descriptive,near_zero_excluded,SMAPE,72719,10,96.79268422556595,98.40984387263313,-1.617159647067183,-1.6383835283450465,3
RIDGE_AR22,cluster_exit_loose,ex_post_descriptive,standard,LOG_RV_MSE,73455,10,82.09800800629024,82.9327892603351,-0.8347812540448558,-0.8345296093293009,0
RIDGE_AR22,cluster_exit_loose,ex_post_descriptive,standard,MAE,73455,10,0.0006171643472764074,0.0006461979970165399,-2.9033649740132497e-05,-2.9031762713833464e-05,0
RIDGE_AR22,cluster_exit_loose,ex_post_descriptive,standard,MSE,73455,10,2.7534877094946653e-06,2.811797074780105e-06,-5.8309365285439856e-08,-5.829873654465375e-08,0
RIDGE_AR22,cluster_exit_loose,ex_post_descriptive,standard,RMSE,73455,10,0.0016593636459482487,0.001676841398218718,-1.7477752270469342e-05,-1.6404879950784948e-05,0
RIDGE_AR22,cluster_exit_loose,ex_post_descriptive,standard,SMAPE,73455,10,97.78270324564932,99.39226148637734,-1.6095582407280205,-1.6096038847266427,3
RIDGE_AR22,cluster_exit_strict,ex_post_descriptive,high_vol_only,LOG_RV_MSE,14671,10,1.121544847097662,1.0710176940868208,0.0505271530108411,0.05052448577277473,6
RIDGE_AR22,cluster_exit_strict,ex_post_descriptive,high_vol_only,MAE,14671,10,0.0015007236426876971,0.0015132328887152513,-1.250924602755419e-05,-1.2497416543261512e-05,2
RIDGE_AR22,cluster_exit_strict,ex_post_descriptive,high_vol_only,MSE,14671,10,1.2686413406552538e-05,1.286619812154267e-05,-1.7978471499013216e-07,-1.7966568804624614e-07,0
RIDGE_AR22,cluster_exit_strict,ex_post_descriptive,high_vol_only,RMSE,14671,10,0.003561799181109533,0.003586948302044883,-2.5149120935350194e-05,-2.396623855642937e-05,0
RIDGE_AR22,cluster_exit_strict,ex_post_descriptive,high_vol_only,SMAPE,14671,10,73.684845994303,73.78831390479625,-0.10346791049325077,-0.10231780888097006,4
RIDGE_AR22,cluster_exit_strict,ex_post_descriptive,near_zero_excluded,LOG_RV_MSE,72600,10,80.02173783897848,80.78918110739323,-0.7674432684147519,-0.7591088415789553,2
RIDGE_AR22,cluster_exit_strict,ex_post_descriptive,near_zero_excluded,MAE,72600,10,0.0006184535179022776,0.0006468450912590727,-2.83915733567951e-05,-2.839619897616016e-05,0
RIDGE_AR22,cluster_exit_strict,ex_post_descriptive,near_zero_excluded,MSE,72600,10,2.7805878498197563e-06,2.838659809040809e-06,-5.807195922105268e-08,-5.8038820982971124e-08,0
RIDGE_AR22,cluster_exit_strict,ex_post_descriptive,near_zero_excluded,RMSE,72600,10,0.0016675094751814027,0.0016848322792019416,-1.7322804020538903e-05,-1.6222697570019768e-05,0
RIDGE_AR22,cluster_exit_strict,ex_post_descriptive,near_zero_excluded,SMAPE,72600,10,96.72258691267511,98.34112838630567,-1.6185414736305574,-1.6405514688308742,3
RIDGE_AR22,cluster_exit_strict,ex_post_descriptive,standard,LOG_RV_MSE,73334,10,81.90717235117306,82.73787254337171,-0.8307001921986483,-0.8307704724098613,0
RIDGE_AR22,cluster_exit_strict,ex_post_descriptive,standard,MAE,73334,10,0.000617143413936819,0.0006461434395900037,-2.900002565318471e-05,-2.9004032390052394e-05,0
RIDGE_AR22,cluster_exit_strict,ex_post_descriptive,standard,MSE,73334,10,2.7556748132676994e-06,2.8140228809844954e-06,-5.834806771679604e-08,-5.8331481682510554e-08,0
RIDGE_AR22,cluster_exit_strict,ex_post_descriptive,standard,RMSE,73334,10,0.0016600225339638314,0.001677504957067041,-1.7482423103209674e-05,-1.641045868539379e-05,0
RIDGE_AR22,cluster_exit_strict,ex_post_descriptive,standard,SMAPE,73334,10,97.71189563488282,99.32283376988026,-1.6109381349974399,-1.6118247526263474,3
RIDGE_AR22,entry_with_recent_spike,ex_post_descriptive,high_vol_only,LOG_RV_MSE,8754,10,1.4736378437064515,1.8422299002137579,-0.3685920565073064,-0.36128797729215717,1
RIDGE_AR22,entry_with_recent_spike,ex_post_descriptive,high_vol_only,MAE,8754,10,0.0019315043244099452,0.0021267512029298106,-0.0001952468785198654,-0.00019354824164095154,0
RIDGE_AR22,entry_with_recent_spike,ex_post_descriptive,high_vol_only,MSE,8754,10,1.1146392096496613e-05,1.246855862056668e-05,-1.3221665240700665e-06,-1.3069455789643221e-06,0
RIDGE_AR22,entry_with_recent_spike,ex_post_descriptive,high_vol_only,RMSE,8754,10,0.003338621286773421,0.0035310846238183926,-0.00019246333704497172,-0.00017708007128824764,0
RIDGE_AR22,entry_with_recent_spike,ex_post_descriptive,high_vol_only,SMAPE,8754,10,87.65347704873638,101.9065575155724,-14.253080466836025,-14.218052409844926,0
RIDGE_AR22,entry_with_recent_spike,ex_post_descriptive,near_zero_excluded,LOG_RV_MSE,43077,10,58.5073000988938,57.70971653261928,0.7975835662745183,0.794294010636474,10
RIDGE_AR22,entry_with_recent_spike,ex_post_descriptive,near_zero_excluded,MAE,43077,10,0.0008298909472286534,0.0007938625073218012,3.602843990685217e-05,3.568630139369127e-05,10
RIDGE_AR22,entry_with_recent_spike,ex_post_descriptive,near_zero_excluded,MSE,43077,10,2.7524238027535856e-06,2.844513909221045e-06,-9.209010646745952e-08,-9.20559736883579e-08,3
RIDGE_AR22,entry_with_recent_spike,ex_post_descriptive,near_zero_excluded,RMSE,43077,10,0.0016590430382463215,0.0016865686790703321,-2.752564082401064e-05,-2.1859215571444923e-05,3
RIDGE_AR22,entry_with_recent_spike,ex_post_descriptive,near_zero_excluded,SMAPE,43077,10,93.4313578597661,93.09064609366246,0.34071176610363807,0.32765914735229984,5
RIDGE_AR22,entry_with_recent_spike,ex_post_descriptive,standard,LOG_RV_MSE,43747,10,61.708962586389255,60.86015448862496,0.848808097764298,0.8546348938997557,10
RIDGE_AR22,entry_with_recent_spike,ex_post_descriptive,standard,MAE,43747,10,0.0008304363652918029,0.0007930445598600121,3.7391805431790824e-05,3.71180740023025e-05,10
RIDGE_AR22,entry_with_recent_spike,ex_post_descriptive,standard,MSE,43747,10,2.7262690958934324e-06,2.812743591119474e-06,-8.64744952260416e-08,-8.538263549687804e-08,3
RIDGE_AR22,entry_with_recent_spike,ex_post_descriptive,standard,RMSE,43747,10,0.0016511417552389112,0.0016771236063926455,-2.5981851153734307e-05,-2.023444917435555e-05,3
RIDGE_AR22,entry_with_recent_spike,ex_post_descriptive,standard,SMAPE,43747,10,94.9939885723259,94.65173471587737,0.34225385644853645,0.32321897085845563,5
RIDGE_AR22,entry_without_recent_spike,ex_post_descriptive,high_vol_only,LOG_RV_MSE,5946,10,1.1195692099524477,1.1541051749635938,-0.034535965011146086,-0.03655360472321521,4
RIDGE_AR22,entry_without_recent_spike,ex_post_descriptive,high_vol_only,MAE,5946,10,0.0015570783495014973,0.0016085414651628223,-5.146311566132499e-05,-5.247468764192828e-05,0
RIDGE_AR22,entry_without_recent_spike,ex_post_descriptive,high_vol_only,MSE,5946,10,9.074816797282833e-06,9.401268750433752e-06,-3.264519531509191e-07,-3.336584711403096e-07,1
RIDGE_AR22,entry_without_recent_spike,ex_post_descriptive,high_vol_only,RMSE,5946,10,0.003012443658773195,0.0030661488467512064,-5.370518797801144e-05,-5.074275560256138e-05,1
RIDGE_AR22,entry_without_recent_spike,ex_post_descriptive,high_vol_only,SMAPE,5946,10,80.3430946440876,83.42410559038919,-3.081010946301589,-3.122252276175722,0
RIDGE_AR22,entry_without_recent_spike,ex_post_descriptive,near_zero_excluded,LOG_RV_MSE,29421,10,60.966920165964275,61.88486370570854,-0.9179435397442646,-0.9003297919584256,1
RIDGE_AR22,entry_without_recent_spike,ex_post_descriptive,near_zero_excluded,MAE,29421,10,0.00064865090680092,0.0006790072172880274,-3.0356310487107425e-05,-3.087476980213793e-05,0
RIDGE_AR22,entry_without_recent_spike,ex_post_descriptive,near_zero_excluded,MSE,29421,10,2.0879985944370397e-06,2.17833687282593e-06,-9.033827838889014e-08,-9.248808520884293e-08,0
RIDGE_AR22,entry_without_recent_spike,ex_post_descriptive,near_zero_excluded,RMSE,29421,10,0.0014449908630981166,0.0014759189926367672,-3.0928129538650585e-05,-2.9171690519693734e-05,0
RIDGE_AR22,entry_without_recent_spike,ex_post_descriptive,near_zero_excluded,SMAPE,29421,10,90.44189351704458,91.81733807903937,-1.3754445619947973,-1.430708890527677,2
RIDGE_AR22,entry_without_recent_spike,ex_post_descriptive,standard,LOG_RV_MSE,29710,10,62.62604303537494,63.57779831682645,-0.9517552814515113,-0.9427849529700992,0
RIDGE_AR22,entry_without_recent_spike,ex_post_descriptive,standard,MAE,29710,10,0.0006476522732693516,0.0006785274232738413,-3.087515000448971e-05,-3.13563989951247e-05,0
RIDGE_AR22,entry_without_recent_spike,ex_post_descriptive,standard,MSE,29710,10,2.071202405933468e-06,2.1616780023571273e-06,-9.047559642365942e-08,-9.227778716292846e-08,0
RIDGE_AR22,entry_without_recent_spike,ex_post_descriptive,standard,RMSE,29710,10,0.0014391672612776695,0.0014702646028375733,-3.109734155990374e-05,-2.926678212202785e-05,0
RIDGE_AR22,entry_without_recent_spike,ex_post_descriptive,standard,SMAPE,29710,10,91.450697436652,92.82307998963847,-1.3723825529864655,-1.4102810812069664,2
RIDGE_AR22,high_within_block_dispersion,ex_post_descriptive,high_vol_only,LOG_RV_MSE,13800,10,1.347003340120205,0.9895907337209887,0.35741260639921635,0.3646972632523819,8
RIDGE_AR22,high_within_block_dispersion,ex_post_descriptive,high_vol_only,MAE,13800,10,0.0010124910161190377,0.0010136416986557446,-1.1506825367069498e-06,-1.4096068914364567e-06,5
RIDGE_AR22,high_within_block_dispersion,ex_post_descriptive,high_vol_only,MSE,13800,10,4.061123263348121e-06,4.301505971763922e-06,-2.4038270841580065e-07,-2.280361448109569e-07,1
RIDGE_AR22,high_within_block_dispersion,ex_post_descriptive,high_vol_only,RMSE,13800,10,0.0020152228818044226,0.002074007225581416,-5.878434377699351e-05,-5.1046191656826855e-05,1
RIDGE_AR22,high_within_block_dispersion,ex_post_descriptive,high_vol_only,SMAPE,13800,10,67.13010831164493,64.65675620340022,2.473352108244711,2.1270800638990672,6
RIDGE_AR22,high_within_block_dispersion,ex_post_descriptive,near_zero_excluded,LOG_RV_MSE,68602,10,133.4472628617705,134.85960345764886,-1.4123405958783621,-1.4178413436729485,1
RIDGE_AR22,high_within_block_dispersion,ex_post_descriptive,near_zero_excluded,MAE,68602,10,0.000568649162840853,0.0006080357465753228,-3.938658373446981e-05,-3.716603927597954e-05,1
RIDGE_AR22,high_within_block_dispersion,ex_post_descriptive,near_zero_excluded,MSE,68602,10,1.1270507328910632e-06,1.186581709154899e-06,-5.9530976263835885e-08,-5.5745175159064833e-08,1
RIDGE_AR22,high_within_block_dispersion,ex_post_descriptive,near_zero_excluded,RMSE,68602,10,0.0010616264563824054,0.0010893033136619473,-2.7676857279541976e-05,-2.290354142591637e-05,1
RIDGE_AR22,high_within_block_dispersion,ex_post_descriptive,near_zero_excluded,SMAPE,68602,10,119.19625535916762,121.7490941424999,-2.5528387833322768,-2.444962369106156,2
RIDGE_AR22,high_within_block_dispersion,ex_post_descriptive,standard,LOG_RV_MSE,68970,10,134.1816042629971,135.6156345738109,-1.434030310813796,-1.445528067851288,0
RIDGE_AR22,high_within_block_dispersion,ex_post_descriptive,standard,MAE,68970,10,0.0005686239437191444,0.0006082278969844512,-3.9603953265306786e-05,-3.735156906200953e-05,1
RIDGE_AR22,high_within_block_dispersion,ex_post_descriptive,standard,MSE,68970,10,1.123133377256323e-06,1.1827680146743383e-06,-5.963463741801542e-08,-5.581748344066516e-08,1
RIDGE_AR22,high_within_block_dispersion,ex_post_descriptive,standard,RMSE,68970,10,0.0010597798720754811,0.001087551384843189,-2.7771512767707854e-05,-2.297686575233862e-05,1
RIDGE_AR22,high_within_block_dispersion,ex_post_descriptive,standard,SMAPE,68970,10,119.60427234064147,122.14731932970997,-2.5430469890685004,-2.423290722289346,2
RIDGE_AR22,inflection_points,ex_post_descriptive,high_vol_only,LOG_RV_MSE,28984,10,1.1395945186365517,1.2302497842969928,-0.09065526566044113,-0.09370713384369385,2
RIDGE_AR22,inflection_points,ex_post_descriptive,high_vol_only,MAE,28984,10,0.0015690861682796692,0.001632891631556388,-6.380546327671875e-05,-6.209987574028135e-05,0
RIDGE_AR22,inflection_points,ex_post_descriptive,high_vol_only,MSE,28984,10,1.1258143057283103e-05,1.1663740739124898e-05,-4.0559768184179525e-07,-3.9238505698146845e-07,0
RIDGE_AR22,inflection_points,ex_post_descriptive,high_vol_only,RMSE,28984,10,0.0033553156419751486,0.0034152219165267867,-5.990627455163813e-05,-5.348088341033115e-05,0
RIDGE_AR22,inflection_points,ex_post_descriptive,high_vol_only,SMAPE,28984,10,77.5511484641698,82.20029364201307,-4.649145177843266,-4.5902338383360615,0
RIDGE_AR22,inflection_points,ex_post_descriptive,near_zero_excluded,LOG_RV_MSE,143375,10,58.64300646845435,58.96481255308207,-0.32180608462771687,-0.3395921887800269,2
RIDGE_AR22,inflection_points,ex_post_descriptive,near_zero_excluded,MAE,143375,10,0.0006543332064361158,0.0006626374940301555,-8.304287594039722e-06,-8.091293426638809e-06,1
RIDGE_AR22,inflection_points,ex_post_descriptive,near_zero_excluded,MSE,143375,10,2.5404502226370316e-06,2.5965990127147485e-06,-5.61487900777169e-08,-5.417431528681916e-08,0
RIDGE_AR22,inflection_points,ex_post_descriptive,near_zero_excluded,RMSE,143375,10,0.0015938789861959506,0.0016113966031721515,-1.751761697620091e-05,-1.5265817961975486e-05,0
RIDGE_AR22,inflection_points,ex_post_descriptive,near_zero_excluded,SMAPE,143375,10,90.02958355319511,90.67517184627124,-0.6455882930761305,-0.623374767899945,2
RIDGE_AR22,inflection_points,ex_post_descriptive,standard,LOG_RV_MSE,144886,10,60.506791384132924,60.849895626414835,-0.3431042422819104,-0.36510876328215414,2
RIDGE_AR22,inflection_points,ex_post_descriptive,standard,MAE,144886,10,0.0006529679144583394,0.0006614808397653196,-8.512925306980142e-06,-8.306211056514213e-06,1
RIDGE_AR22,inflection_points,ex_post_descriptive,standard,MSE,144886,10,2.5174090289669973e-06,2.573151363626523e-06,-5.5742334659525467e-08,-5.3866031344730333e-08,0
RIDGE_AR22,inflection_points,ex_post_descriptive,standard,RMSE,144886,10,0.0015866344975976657,0.0016041045363773905,-1.7470038779724773e-05,-1.5227645770008168e-05,0
RIDGE_AR22,inflection_points,ex_post_descriptive,standard,SMAPE,144886,10,91.11849778030444,91.76222966855288,-0.6437318882484391,-0.6159492770426696,2
RIDGE_AR22,older_spike_position,ex_post_descriptive,high_vol_only,LOG_RV_MSE,21781,10,1.1395303095276075,1.032182092402275,0.10734821712533238,0.09766881385602645,7
RIDGE_AR22,older_spike_position,ex_post_descriptive,high_vol_only,MAE,21781,10,0.0013486758957650074,0.00137028933779333,-2.1613442028322553e-05,-2.1126368388482995e-05,1
RIDGE_AR22,older_spike_position,ex_post_descriptive,high_vol_only,MSE,21781,10,1.069141300105579e-05,1.0857460309310496e-05,-1.660473082547052e-07,-1.6103501339924179e-07,0
RIDGE_AR22,older_spike_position,ex_post_descriptive,high_vol_only,RMSE,21781,10,0.0032697726222255565,0.003295066055378935,-2.5293433153378633e-05,-2.4530703163952992e-05,0
RIDGE_AR22,older_spike_position,ex_post_descriptive,high_vol_only,SMAPE,21781,10,69.8626302544199,71.32527249890127,-1.4626422444813727,-1.4417892970887436,2
RIDGE_AR22,older_spike_position,ex_post_descriptive,near_zero_excluded,LOG_RV_MSE,107788,10,78.34423187563695,78.70092983984324,-0.3566979642062904,-0.35144651876816047,2
RIDGE_AR22,older_spike_position,ex_post_descriptive,near_zero_excluded,MAE,107788,10,0.0005714781969803931,0.0005818516318040959,-1.0373434823702805e-05,-1.003005835954991e-05,2
RIDGE_AR22,older_spike_position,ex_post_descriptive,near_zero_excluded,MSE,107788,10,2.346475802604796e-06,2.3788620015496455e-06,-3.2386198944849596e-08,-3.130742105235779e-08,0
RIDGE_AR22,older_spike_position,ex_post_descriptive,near_zero_excluded,RMSE,107788,10,0.0015318210739524365,0.001542355990538386,-1.0534916585949478e-05,-9.682608729038754e-06,0
RIDGE_AR22,older_spike_position,ex_post_descriptive,near_zero_excluded,SMAPE,107788,10,96.43669126169502,97.08485698149101,-0.6481657197959976,-0.6464988002759526,3
RIDGE_AR22,older_spike_position,ex_post_descriptive,standard,LOG_RV_MSE,108871,10,80.56611776174127,80.96688706426596,-0.40076930252469367,-0.4024388051260546,1
RIDGE_AR22,older_spike_position,ex_post_descriptive,standard,MAE,108871,10,0.0005701423444680369,0.0005808399485287569,-1.0697604060720006e-05,-1.0365143344713191e-05,2
RIDGE_AR22,older_spike_position,ex_post_descriptive,standard,MSE,108871,10,2.3254307190849205e-06,2.3577960061247313e-06,-3.2365287039810834e-08,-3.127262736213027e-08,0
RIDGE_AR22,older_spike_position,ex_post_descriptive,standard,RMSE,108871,10,0.0015249363000089285,0.0015355116431094657,-1.0575343100537211e-05,-9.72853275045388e-06,0
RIDGE_AR22,older_spike_position,ex_post_descriptive,standard,SMAPE,108871,10,97.43444157677632,98.07896961803388,-0.6445280412575585,-0.6335958388500031,3
RIDGE_AR22,recent_ramp_high_dispersion,ex_post_descriptive,high_vol_only,LOG_RV_MSE,4860,10,1.422541686129273,1.5720464590285854,-0.1495047728993124,-0.12980862786211705,3
RIDGE_AR22,recent_ramp_high_dispersion,ex_post_descriptive,high_vol_only,MAE,4860,10,0.0014613955477391944,0.001571248615342918,-0.00010985306760372365,-0.00010941273454375434,1
RIDGE_AR22,recent_ramp_high_dispersion,ex_post_descriptive,high_vol_only,MSE,4860,10,5.9629586828906324e-06,6.800962486435712e-06,-8.380038035450799e-07,-8.434855830413273e-07,1
RIDGE_AR22,recent_ramp_high_dispersion,ex_post_descriptive,high_vol_only,RMSE,4860,10,0.0024419170098286783,0.0026078655039007883,-0.00016594849407211,-0.00014410550697845702,1
RIDGE_AR22,recent_ramp_high_dispersion,ex_post_descriptive,high_vol_only,SMAPE,4860,10,76.48024025708399,85.19149225291287,-8.711251995828874,-8.592651211468475,1
RIDGE_AR22,recent_ramp_high_dispersion,ex_post_descriptive,near_zero_excluded,LOG_RV_MSE,24128,10,114.11256475334159,114.00326661499793,0.10929813834366087,0.12383704602678511,5
RIDGE_AR22,recent_ramp_high_dispersion,ex_post_descriptive,near_zero_excluded,MAE,24128,10,0.0007928593927930361,0.0007715655483471357,2.1293844445900386e-05,2.141532470569799e-05,8
RIDGE_AR22,recent_ramp_high_dispersion,ex_post_descriptive,near_zero_excluded,MSE,24128,10,1.8154479400161009e-06,1.8343436143140014e-06,-1.8895674297900556e-08,-1.867659971342373e-08,5
RIDGE_AR22,recent_ramp_high_dispersion,ex_post_descriptive,near_zero_excluded,RMSE,24128,10,0.0013473855944072211,0.0013543794203671295,-6.993825959908384e-06,-9.262018934607795e-07,5
RIDGE_AR22,recent_ramp_high_dispersion,ex_post_descriptive,near_zero_excluded,SMAPE,24128,10,117.97303253465954,118.40026496627469,-0.42723243161515256,-0.41625144901631617,4
RIDGE_AR22,recent_ramp_high_dispersion,ex_post_descriptive,standard,LOG_RV_MSE,24273,10,114.68887161199063,114.57629593431193,0.11257567767870569,0.12722239598412538,6
RIDGE_AR22,recent_ramp_high_dispersion,ex_post_descriptive,standard,MAE,24273,10,0.0007926212485103804,0.0007713764697345777,2.124477877580276e-05,2.1425771576144185e-05,8
RIDGE_AR22,recent_ramp_high_dispersion,ex_post_descriptive,standard,MSE,24273,10,1.8086202642090091e-06,1.8271293907434897e-06,-1.850912653448052e-08,-1.8353244591850535e-08,5
RIDGE_AR22,recent_ramp_high_dispersion,ex_post_descriptive,standard,RMSE,24273,10,0.001344849532181578,0.0013517135017241965,-6.863969542618463e-06,-7.977159332957033e-07,5
RIDGE_AR22,recent_ramp_high_dispersion,ex_post_descriptive,standard,SMAPE,24273,10,118.4281414949415,118.85659890104864,-0.42845740610714245,-0.4147485175637655,4
RIDGE_AR22,recent_spike_position,ex_post_descriptive,high_vol_only,LOG_RV_MSE,41263,10,133.60326357120792,135.103402136698,-1.50013856549009,-0.524336146299752,1
RIDGE_AR22,recent_spike_position,ex_post_descriptive,high_vol_only,MAE,41263,10,0.0009278329622731831,0.0009910998097144496,-6.326684744126655e-05,-0.00011337230262712698,0
RIDGE_AR22,recent_spike_position,ex_post_descriptive,high_vol_only,MSE,41263,10,5.620772726690841e-06,5.984711729065026e-06,-3.639390023741851e-07,-6.665827432494806e-07,0
RIDGE_AR22,recent_spike_position,ex_post_descriptive,high_vol_only,RMSE,41263,10,0.002370816890164831,0.0024463670470853357,-7.555015692050455e-05,-9.529286803862817e-05,0
RIDGE_AR22,recent_spike_position,ex_post_descriptive,high_vol_only,SMAPE,41263,10,126.75937020163306,131.8615025377797,-5.102132336146639,-9.02302898459896,0
RIDGE_AR22,recent_spike_position,ex_post_descriptive,near_zero_excluded,LOG_RV_MSE,124205,10,108.09331457411457,108.44649917400879,-0.35318459989422024,-0.15886388587384676,5
RIDGE_AR22,recent_spike_position,ex_post_descriptive,near_zero_excluded,MAE,124205,10,0.0006101040586077684,0.0005975495856031666,1.2554473004601756e-05,1.3966414849943932e-05,9
RIDGE_AR22,recent_spike_position,ex_post_descriptive,near_zero_excluded,MSE,124205,10,2.122274233945656e-06,2.169236871294396e-06,-4.696263734874001e-08,-5.2548472305937375e-08,0
RIDGE_AR22,recent_spike_position,ex_post_descriptive,near_zero_excluded,RMSE,124205,10,0.0014568027436635531,0.001472832940728308,-1.6030197064754916e-05,-1.4954446262684518e-05,0
RIDGE_AR22,recent_spike_position,ex_post_descriptive,near_zero_excluded,SMAPE,124205,10,110.75903396715827,110.66361418525294,0.09541978190533484,0.11809745924813911,5
RIDGE_AR22,recent_spike_position,ex_post_descriptive,standard,LOG_RV_MSE,125358,10,109.41387331267963,109.7625144717213,-0.3486411590416765,-0.15900543587707805,6
RIDGE_AR22,recent_spike_position,ex_post_descriptive,standard,MAE,125358,10,0.0006091827784219505,0.0005964523056332509,1.2730472788699543e-05,1.4115634912160986e-05,9
RIDGE_AR22,recent_spike_position,ex_post_descriptive,standard,MSE,125358,10,2.1057111020059574e-06,2.151708575823547e-06,-4.599747381758935e-08,-5.158207589399856e-08,0
RIDGE_AR22,recent_spike_position,ex_post_descriptive,standard,RMSE,125358,10,0.00145110685409654,0.0014668703336776386,-1.5763479581098593e-05,-1.457667296465736e-05,0
RIDGE_AR22,recent_spike_position,ex_post_descriptive,standard,SMAPE,125358,10,111.53126331543436,111.43560663946482,0.09565667596953631,0.11467776858264785,5
RIDGE_AR22,same_average_back_loaded,ex_post_descriptive,high_vol_only,LOG_RV_MSE,5089,10,148.22928488392745,148.8175661768315,-0.5882812929040426,-0.09417120170051273,8
RIDGE_AR22,same_average_back_loaded,ex_post_descriptive,high_vol_only,MAE,5089,10,0.00079502070058517,0.0007944337785829489,5.869220022211097e-07,1.6057776124630018e-06,7
RIDGE_AR22,same_average_back_loaded,ex_post_descriptive,high_vol_only,MSE,5089,10,5.436331053659615e-06,5.437281004080759e-06,-9.499504211443537e-10,-9.732288303836182e-10,7
RIDGE_AR22,same_average_back_loaded,ex_post_descriptive,high_vol_only,RMSE,5089,10,0.0023315941013949265,0.002331797805145369,-2.0370375044230504e-07,-7.802319105943876e-07,7
RIDGE_AR22,same_average_back_loaded,ex_post_descriptive,high_vol_only,SMAPE,5089,10,125.47402771920483,124.84774904896543,0.626278670239401,0.9636011910188899,9
RIDGE_AR22,same_average_back_loaded,ex_post_descriptive,near_zero_excluded,LOG_RV_MSE,15487,10,124.26141461023107,125.01485367263804,-0.7534390624069687,-0.7241228695406308,0
RIDGE_AR22,same_average_back_loaded,ex_post_descriptive,near_zero_excluded,MAE,15487,10,0.000527741419898501,0.0005386254373735776,-1.0884017475076575e-05,-1.1549516483095086e-05,1
RIDGE_AR22,same_average_back_loaded,ex_post_descriptive,near_zero_excluded,MSE,15487,10,1.938986808645503e-06,1.948910519363091e-06,-9.923710717588032e-09,-1.0627351841874044e-08,2
RIDGE_AR22,same_average_back_loaded,ex_post_descriptive,near_zero_excluded,RMSE,15487,10,0.0013924750657176965,0.0013960338532296025,-3.5587875119060235e-06,-3.898331456731803e-06,2
RIDGE_AR22,same_average_back_loaded,ex_post_descriptive,near_zero_excluded,SMAPE,15487,10,115.21629356973736,115.80167448012733,-0.5853809103899721,-0.6389939876739987,3
RIDGE_AR22,same_average_back_loaded,ex_post_descriptive,standard,LOG_RV_MSE,15559,10,124.77448379663251,125.53805250163265,-0.7635687050001394,-0.738745742646872,0
RIDGE_AR22,same_average_back_loaded,ex_post_descriptive,standard,MAE,15559,10,0.0005277712464133768,0.0005387599133645389,-1.0988666951162128e-05,-1.1702527607241814e-05,1
RIDGE_AR22,same_average_back_loaded,ex_post_descriptive,standard,MSE,15559,10,1.931432277016903e-06,1.941425138905295e-06,-9.992861888392032e-09,-1.0782550301040863e-08,2
RIDGE_AR22,same_average_back_loaded,ex_post_descriptive,standard,RMSE,15559,10,0.0013897597911210781,0.0013933503288496023,-3.5905377285241815e-06,-3.948724640390335e-06,2
RIDGE_AR22,same_average_back_loaded,ex_post_descriptive,standard,SMAPE,15559,10,115.5837931550299,116.16750091714016,-0.5837077621102651,-0.6364835939046927,3
RIDGE_AR22,same_average_different_path,ex_post_descriptive,high_vol_only,LOG_RV_MSE,1483,10,1.176451606646611,1.6582610737257277,-0.48180946707911665,-0.47939182960848986,1
RIDGE_AR22,same_average_different_path,ex_post_descriptive,high_vol_only,MAE,1483,10,0.0012308421833447504,0.0012831132886934186,-5.227110534866816e-05,-5.615793124694474e-05,1
RIDGE_AR22,same_average_different_path,ex_post_descriptive,high_vol_only,MSE,1483,10,5.424646643583948e-06,5.685007612639984e-06,-2.6036096905603573e-07,-2.6913908377035576e-07,1
RIDGE_AR22,same_average_different_path,ex_post_descriptive,high_vol_only,RMSE,1483,10,0.0023290870837270015,0.002384325399906645,-5.523831617964365e-05,-5.470687998873039e-05,1
RIDGE_AR22,same_average_different_path,ex_post_descriptive,high_vol_only,SMAPE,1483,10,78.26623100008541,82.65274123026713,-4.386510230181713,-4.870395969381114,1
RIDGE_AR22,same_average_different_path,ex_post_descriptive,near_zero_excluded,LOG_RV_MSE,7368,10,130.5647982605645,131.55483442396581,-0.9900361634013279,-0.9619624967751224,1
RIDGE_AR22,same_average_different_path,ex_post_descriptive,near_zero_excluded,MAE,7368,10,0.0005432933685073359,0.000569481805268416,-2.6188436761080116e-05,-2.879775021401647e-05,2
RIDGE_AR22,same_average_different_path,ex_post_descriptive,near_zero_excluded,MSE,7368,10,1.25033332979528e-06,1.315715477958451e-06,-6.538214816317082e-08,-6.921293229494283e-08,0
RIDGE_AR22,same_average_different_path,ex_post_descriptive,near_zero_excluded,RMSE,7368,10,0.0011181830484295852,0.001147046414910247,-2.8863366480661855e-05,-2.9328734898672188e-05,0
RIDGE_AR22,same_average_different_path,ex_post_descriptive,near_zero_excluded,SMAPE,7368,10,117.07922485099387,118.94119192943796,-1.8619670784440956,-2.1372940671065237,0
RIDGE_AR22,same_average_different_path,ex_post_descriptive,standard,LOG_RV_MSE,7396,10,131.0538149663491,132.0608246609886,-1.0070096946394926,-0.9891875590425713,1
RIDGE_AR22,same_average_different_path,ex_post_descriptive,standard,MAE,7396,10,0.000543100371193495,0.0005694707427903754,-2.637037159688039e-05,-2.9053318158170953e-05,2
RIDGE_AR22,same_average_different_path,ex_post_descriptive,standard,MSE,7396,10,1.2465643227993336e-06,1.3119648789305501e-06,-6.540055613121657e-08,-6.933901217020878e-08,0
RIDGE_AR22,same_average_different_path,ex_post_descriptive,standard,RMSE,7396,10,0.0011164964499716663,0.0011454103539476801,-2.891390397601382e-05,-2.9438381203612227e-05,0
RIDGE_AR22,same_average_different_path,ex_post_descriptive,standard,SMAPE,7396,10,117.3731818015564,119.22971732210914,-1.8565355205527396,-2.122329305216823,0
RIDGE_AR22,same_average_recent_front_loaded,ex_post_descriptive,high_vol_only,LOG_RV_MSE,2870,10,1.4580562797951269,1.9039659218674025,-0.4459096420722757,-0.4411991069353963,0
RIDGE_AR22,same_average_recent_front_loaded,ex_post_descriptive,high_vol_only,MAE,2870,10,0.0016073033120725894,0.001690049094335999,-8.27457822634096e-05,-8.293042189922714e-05,0
RIDGE_AR22,same_average_recent_front_loaded,ex_post_descriptive,high_vol_only,MSE,2870,10,7.781371153816655e-06,8.173242580166859e-06,-3.9187142635020314e-07,-3.916816530826708e-07,0
RIDGE_AR22,same_average_recent_front_loaded,ex_post_descriptive,high_vol_only,RMSE,2870,10,0.0027895109165975056,0.002858888346922079,-6.937743032457352e-05,-6.128930649455013e-05,0
RIDGE_AR22,same_average_recent_front_loaded,ex_post_descriptive,high_vol_only,SMAPE,2870,10,94.65986103058924,102.70558892520232,-8.04572789461308,-8.089582105545869,0
RIDGE_AR22,same_average_recent_front_loaded,ex_post_descriptive,near_zero_excluded,LOG_RV_MSE,14110,10,61.51306201248259,61.598963000961746,-0.08590098847915328,-0.07777885047951838,3
RIDGE_AR22,same_average_recent_front_loaded,ex_post_descriptive,near_zero_excluded,MAE,14110,10,0.0006158783010104141,0.0006162419909365691,-3.636899261550211e-07,-2.8861618116323565e-07,4
RIDGE_AR22,same_average_recent_front_loaded,ex_post_descriptive,near_zero_excluded,MSE,14110,10,1.7527220781628603e-06,1.8098265828373381e-06,-5.710450467447781e-08,-5.69769069072773e-08,0
RIDGE_AR22,same_average_recent_front_loaded,ex_post_descriptive,near_zero_excluded,RMSE,14110,10,0.0013239041045947626,0.0013452979531826167,-2.139384858785404e-05,-1.7507355628562535e-05,0
RIDGE_AR22,same_average_recent_front_loaded,ex_post_descriptive,near_zero_excluded,SMAPE,14110,10,92.08728032701002,92.59246239484919,-0.5051820678391721,-0.5087708530093991,3
RIDGE_AR22,same_average_recent_front_loaded,ex_post_descriptive,standard,LOG_RV_MSE,14331,10,65.0327606534289,65.1067613289364,-0.07400067550750578,-0.0658906872851519,3
RIDGE_AR22,same_average_recent_front_loaded,ex_post_descriptive,standard,MAE,14331,10,0.0006156989961505772,0.0006156974197353224,1.5764152548440602e-09,2.2140742002898497e-08,4
RIDGE_AR22,same_average_recent_front_loaded,ex_post_descriptive,standard,MSE,14331,10,1.732179693635762e-06,1.7877041322971913e-06,-5.552443866142925e-08,-5.5449400389267395e-08,0
RIDGE_AR22,same_average_recent_front_loaded,ex_post_descriptive,standard,RMSE,14331,10,0.0013161229781581058,0.0013370505346834095,-2.0927556525303717e-05,-1.70129488845775e-05,0
RIDGE_AR22,same_average_recent_front_loaded,ex_post_descriptive,standard,SMAPE,14331,10,93.68336123354462,94.18085995648052,-0.4974987229359016,-0.5061762150445659,3
RIDGE_AR22,stable_low_dispersion,ex_post_descriptive,high_vol_only,LOG_RV_MSE,13798,10,1.1365927010064192,1.158534515041666,-0.021941814035246754,-0.021011496952188524,5
RIDGE_AR22,stable_low_dispersion,ex_post_descriptive,high_vol_only,MAE,13798,10,0.0016297046728240819,0.0017079013641072224,-7.819669128314053e-05,-7.486407851492628e-05,0
RIDGE_AR22,stable_low_dispersion,ex_post_descriptive,high_vol_only,MSE,13798,10,1.7413305625955696e-05,1.7840397801934716e-05,-4.270921759790191e-07,-4.0526630011284194e-07,1
RIDGE_AR22,stable_low_dispersion,ex_post_descriptive,high_vol_only,RMSE,13798,10,0.004172925307977091,0.004223789507294926,-5.08641993178351e-05,-4.688111611363057e-05,1
RIDGE_AR22,stable_low_dispersion,ex_post_descriptive,high_vol_only,SMAPE,13798,10,72.78501202823047,79.02319429784437,-6.238182269613901,-6.006051212687156,1
RIDGE_AR22,stable_low_dispersion,ex_post_descriptive,near_zero_excluded,LOG_RV_MSE,67129,10,23.025768102724278,22.928541026758094,0.09722707596618463,0.08589720035188722,7
RIDGE_AR22,stable_low_dispersion,ex_post_descriptive,near_zero_excluded,MAE,67129,10,0.0006391886576111414,0.0006291104329285736,1.0078224682567752e-05,9.722177848266314e-06,10
RIDGE_AR22,stable_low_dispersion,ex_post_descriptive,near_zero_excluded,MSE,67129,10,3.7891257013455223e-06,3.830809364265081e-06,-4.1683662919558644e-08,-3.97411531644498e-08,1
RIDGE_AR22,stable_low_dispersion,ex_post_descriptive,near_zero_excluded,RMSE,67129,10,0.0019465676719152413,0.001957245351064879,-1.0677679149637522e-05,-9.416379432227519e-06,1
RIDGE_AR22,stable_low_dispersion,ex_post_descriptive,near_zero_excluded,SMAPE,67129,10,76.72229579638059,76.32777693170907,0.3945188646715252,0.3897423275570745,9
RIDGE_AR22,stable_low_dispersion,ex_post_descriptive,standard,LOG_RV_MSE,68968,10,30.904589905889917,30.794735896175723,0.10985400971419423,0.09818289729356593,7
RIDGE_AR22,stable_low_dispersion,ex_post_descriptive,standard,MAE,68968,10,0.0006423459670206478,0.0006318456309033308,1.0500336117317014e-05,1.0053770240157244e-05,10
RIDGE_AR22,stable_low_dispersion,ex_post_descriptive,standard,MSE,68968,10,3.707039266768412e-06,3.745612647364763e-06,-3.857338059635094e-08,-3.6561549439870965e-08,1
RIDGE_AR22,stable_low_dispersion,ex_post_descriptive,standard,RMSE,68968,10,0.0019253673069750644,0.0019353585319947214,-9.99122501965698e-06,-8.852873263312039e-06,1
RIDGE_AR22,stable_low_dispersion,ex_post_descriptive,standard,SMAPE,68968,10,79.91610747922876,79.53572493971075,0.3803825395180098,0.3754884007246474,9
SHUFFLED_LAG_PM_PLACEBO_REPO,all_observations,not_conditioned,high_vol_only,LOG_RV_MSE,73496,10,1.2429973656852933,1.7328556349308102,-0.4898582692455169,-0.48976372270368296,1
SHUFFLED_LAG_PM_PLACEBO_REPO,all_observations,not_conditioned,high_vol_only,MAE,73496,10,0.0013977588560373617,0.0013899342562661236,7.824599771238125e-06,7.82484819076247e-06,10
SHUFFLED_LAG_PM_PLACEBO_REPO,all_observations,not_conditioned,high_vol_only,MSE,73496,10,9.91631467282196e-06,9.894422715518703e-06,2.1891957303256534e-08,2.188770849324952e-08,10
SHUFFLED_LAG_PM_PLACEBO_REPO,all_observations,not_conditioned,high_vol_only,RMSE,73496,10,0.0031490180489832003,0.0031455401309661755,3.477918017024805e-06,3.2513575201488076e-06,10
SHUFFLED_LAG_PM_PLACEBO_REPO,all_observations,not_conditioned,high_vol_only,SMAPE,73496,10,74.02057589487282,73.45209796331662,0.5684779315562025,0.5685095863970815,10
SHUFFLED_LAG_PM_PLACEBO_REPO,all_observations,not_conditioned,near_zero_excluded,LOG_RV_MSE,363794,10,84.08930450077095,84.39487138604389,-0.3055668852729383,-0.3153862667085373,3
SHUFFLED_LAG_PM_PLACEBO_REPO,all_observations,not_conditioned,near_zero_excluded,MAE,363794,10,0.0005874977904224,0.0005862257263783769,1.2720640440230932e-06,1.258445373377565e-06,8
SHUFFLED_LAG_PM_PLACEBO_REPO,all_observations,not_conditioned,near_zero_excluded,MSE,363794,10,2.215330906486703e-06,2.209920227677304e-06,5.410678809398815e-09,5.406552799245922e-09,10
SHUFFLED_LAG_PM_PLACEBO_REPO,all_observations,not_conditioned,near_zero_excluded,RMSE,363794,10,0.0014883987726703831,0.001486580044154133,1.8187285162501489e-06,1.6108778924377826e-06,10
SHUFFLED_LAG_PM_PLACEBO_REPO,all_observations,not_conditioned,near_zero_excluded,SMAPE,363794,10,99.92108203019059,100.12464373108287,-0.20356170089227987,-0.20565863421854402,1
SHUFFLED_LAG_PM_PLACEBO_REPO,all_observations,not_conditioned,standard,LOG_RV_MSE,367468,10,86.0153296729766,86.30735929346358,-0.29202962048697145,-0.29202648016171884,3
SHUFFLED_LAG_PM_PLACEBO_REPO,all_observations,not_conditioned,standard,MAE,367468,10,0.0005862627334133548,0.0005849509408473845,1.3117925659703608e-06,1.3122090276696398e-06,8
SHUFFLED_LAG_PM_PLACEBO_REPO,all_observations,not_conditioned,standard,MSE,367468,10,2.195810003812886e-06,2.190403080762315e-06,5.406923050571045e-09,5.40648920409144e-09,10
SHUFFLED_LAG_PM_PLACEBO_REPO,all_observations,not_conditioned,standard,RMSE,367468,10,0.0014818265768344438,0.0014800010407977132,1.8255360367306316e-06,1.6199996824490516e-06,10
SHUFFLED_LAG_PM_PLACEBO_REPO,all_observations,not_conditioned,standard,SMAPE,367468,10,100.87996480320403,101.0810386456336,-0.20107384242956527,-0.20101572223946534,1
SHUFFLED_LAG_PM_PLACEBO_REPO,cluster_entry_loose,ex_post_descriptive,high_vol_only,LOG_RV_MSE,14694,10,1.332130441941895,1.6306144240892582,-0.29848398214736327,-0.2982575941475984,2
SHUFFLED_LAG_PM_PLACEBO_REPO,cluster_entry_loose,ex_post_descriptive,high_vol_only,MAE,14694,10,0.001784491149669092,0.0017757607971360505,8.730352533041583e-06,8.73229648816746e-06,8
SHUFFLED_LAG_PM_PLACEBO_REPO,cluster_entry_loose,ex_post_descriptive,high_vol_only,MSE,14694,10,1.032153994459627e-05,1.0277949106671575e-05,4.359083792469528e-08,4.359668455790771e-08,8
SHUFFLED_LAG_PM_PLACEBO_REPO,cluster_entry_loose,ex_post_descriptive,high_vol_only,RMSE,14694,10,0.003212715353808406,0.00320592406439572,6.791289412686006e-06,5.784170601852326e-06,8
SHUFFLED_LAG_PM_PLACEBO_REPO,cluster_entry_loose,ex_post_descriptive,high_vol_only,SMAPE,14694,10,84.8115403046506,84.28183454430753,0.5297057603430773,0.5298824954410932,6
SHUFFLED_LAG_PM_PLACEBO_REPO,cluster_entry_loose,ex_post_descriptive,near_zero_excluded,LOG_RV_MSE,72721,10,60.55015231484592,60.849842916712646,-0.2996906018667289,-0.3007726308624615,1
SHUFFLED_LAG_PM_PLACEBO_REPO,cluster_entry_loose,ex_post_descriptive,near_zero_excluded,MAE,72721,10,0.0007578798738627712,0.0007533349216050533,4.54495225771798e-06,4.587452458981072e-06,9
SHUFFLED_LAG_PM_PLACEBO_REPO,cluster_entry_loose,ex_post_descriptive,near_zero_excluded,MSE,72721,10,2.4815741439829076e-06,2.460492708710757e-06,2.108143527215062e-08,2.1106259773942048e-08,10
SHUFFLED_LAG_PM_PLACEBO_REPO,cluster_entry_loose,ex_post_descriptive,near_zero_excluded,RMSE,72721,10,0.0015753012867330831,0.0015685957760719481,6.705510661134985e-06,5.9874469303216856e-06,10
SHUFFLED_LAG_PM_PLACEBO_REPO,cluster_entry_loose,ex_post_descriptive,near_zero_excluded,SMAPE,72721,10,92.54758699479648,92.41827883040656,0.12930816438991144,0.13195209982445988,7
SHUFFLED_LAG_PM_PLACEBO_REPO,cluster_entry_loose,ex_post_descriptive,standard,LOG_RV_MSE,73457,10,62.079879723481234,62.369332375634336,-0.289452652153102,-0.2894554666809784,1
SHUFFLED_LAG_PM_PLACEBO_REPO,cluster_entry_loose,ex_post_descriptive,standard,MAE,73457,10,0.0007565085520951432,0.0007518429430193333,4.665609075809912e-06,4.665175814507958e-06,9
SHUFFLED_LAG_PM_PLACEBO_REPO,cluster_entry_loose,ex_post_descriptive,standard,MSE,73457,10,2.4613245520281704e-06,2.4401896376796236e-06,2.1134914348546768e-08,2.1135026803535405e-08,10
SHUFFLED_LAG_PM_PLACEBO_REPO,cluster_entry_loose,ex_post_descriptive,standard,RMSE,73457,10,0.0015688609090764452,0.001562110635543982,6.750273532463201e-06,6.032669632708679e-06,10
SHUFFLED_LAG_PM_PLACEBO_REPO,cluster_entry_loose,ex_post_descriptive,standard,SMAPE,73457,10,93.56088921296094,93.43095498047015,0.12993423249079683,0.12995459125480976,7
SHUFFLED_LAG_PM_PLACEBO_REPO,cluster_entry_strict,ex_post_descriptive,high_vol_only,LOG_RV_MSE,14657,10,1.3342554638475268,1.6334825914221451,-0.29922712757461833,-0.29914392063950485,2
SHUFFLED_LAG_PM_PLACEBO_REPO,cluster_entry_strict,ex_post_descriptive,high_vol_only,MAE,14657,10,0.001787243329286434,0.0017784574561857315,8.7858731007025e-06,8.783477855075475e-06,8
SHUFFLED_LAG_PM_PLACEBO_REPO,cluster_entry_strict,ex_post_descriptive,high_vol_only,MSE,14657,10,1.034580321321044e-05,1.0302085812551969e-05,4.3717400658470405e-08,4.3715298479499456e-08,8
SHUFFLED_LAG_PM_PLACEBO_REPO,cluster_entry_strict,ex_post_descriptive,high_vol_only,RMSE,14657,10,0.003216489268318867,0.003209686248304025,6.8030200148418846e-06,5.793729442980572e-06,8
SHUFFLED_LAG_PM_PLACEBO_REPO,cluster_entry_strict,ex_post_descriptive,high_vol_only,SMAPE,14657,10,84.88149633879505,84.34831623811385,0.5331801006811929,0.5327274755435554,6
SHUFFLED_LAG_PM_PLACEBO_REPO,cluster_entry_strict,ex_post_descriptive,near_zero_excluded,LOG_RV_MSE,72532,10,60.381173384259625,60.67682262776325,-0.2956492435036253,-0.2965334828492349,1
SHUFFLED_LAG_PM_PLACEBO_REPO,cluster_entry_strict,ex_post_descriptive,near_zero_excluded,MAE,72532,10,0.0007588564320065486,0.0007543117268144626,4.54470519208603e-06,4.587558598381867e-06,9
SHUFFLED_LAG_PM_PLACEBO_REPO,cluster_entry_strict,ex_post_descriptive,near_zero_excluded,MSE,72532,10,2.487464553071507e-06,2.4663404359873963e-06,2.112411708411061e-08,2.1145974930334086e-08,10
SHUFFLED_LAG_PM_PLACEBO_REPO,cluster_entry_strict,ex_post_descriptive,near_zero_excluded,RMSE,72532,10,0.0015771697920869228,0.0015704586705760188,6.711121510903943e-06,5.992614968119981e-06,10
SHUFFLED_LAG_PM_PLACEBO_REPO,cluster_entry_strict,ex_post_descriptive,near_zero_excluded,SMAPE,72532,10,92.4997892944739,92.3702185699729,0.1295707245009936,0.13207676095313303,7
SHUFFLED_LAG_PM_PLACEBO_REPO,cluster_entry_strict,ex_post_descriptive,standard,LOG_RV_MSE,73266,10,61.91279479782629,62.1982973140868,-0.2855025162605145,-0.2852751373985326,1
SHUFFLED_LAG_PM_PLACEBO_REPO,cluster_entry_strict,ex_post_descriptive,standard,MAE,73266,10,0.0007574764163155193,0.0007528118859025971,4.66453041292217e-06,4.663939398394921e-06,9
SHUFFLED_LAG_PM_PLACEBO_REPO,cluster_entry_strict,ex_post_descriptive,standard,MSE,73266,10,2.4671601900807016e-06,2.445983803253951e-06,2.1176386826750744e-08,2.117347527625978e-08,10
SHUFFLED_LAG_PM_PLACEBO_REPO,cluster_entry_strict,ex_post_descriptive,standard,RMSE,73266,10,0.0015707196408273189,0.0015639641310637373,6.755509763581606e-06,6.037354784567168e-06,10
SHUFFLED_LAG_PM_PLACEBO_REPO,cluster_entry_strict,ex_post_descriptive,standard,SMAPE,73266,10,93.51351872765494,93.38333437165821,0.1301843559967324,0.13004079791547554,7
SHUFFLED_LAG_PM_PLACEBO_REPO,cluster_exit_loose,ex_post_descriptive,high_vol_only,LOG_RV_MSE,14693,10,1.1229862115788884,1.6681900982992197,-0.5452038867203313,-0.5450125521012168,1
SHUFFLED_LAG_PM_PLACEBO_REPO,cluster_exit_loose,ex_post_descriptive,high_vol_only,MAE,14693,10,0.0015010885261131542,0.0014843699018060957,1.671862430705851e-05,1.6717436580260346e-05,9
SHUFFLED_LAG_PM_PLACEBO_REPO,cluster_exit_loose,ex_post_descriptive,high_vol_only,MSE,14693,10,1.2677943124526244e-05,1.263939586672047e-05,3.854725780577348e-08,3.8534043425094976e-08,9
SHUFFLED_LAG_PM_PLACEBO_REPO,cluster_exit_loose,ex_post_descriptive,high_vol_only,RMSE,14693,10,0.0035606099371492863,0.0035551928030305856,5.417134118700703e-06,5.203946655484026e-06,9
SHUFFLED_LAG_PM_PLACEBO_REPO,cluster_exit_loose,ex_post_descriptive,high_vol_only,SMAPE,14693,10,73.70908084853484,72.28680153119281,1.4222793173420314,1.4221680967967587,9
SHUFFLED_LAG_PM_PLACEBO_REPO,cluster_exit_loose,ex_post_descriptive,near_zero_excluded,LOG_RV_MSE,72719,10,80.20388218822569,80.42200497484036,-0.21812278661467133,-0.2249939277297802,3
SHUFFLED_LAG_PM_PLACEBO_REPO,cluster_exit_loose,ex_post_descriptive,near_zero_excluded,MAE,72719,10,0.0006184788455707456,0.0006209954641947341,-2.516618623988557e-06,-2.562957977490088e-06,4
SHUFFLED_LAG_PM_PLACEBO_REPO,cluster_exit_loose,ex_post_descriptive,near_zero_excluded,MSE,72719,10,2.7784093074004996e-06,2.7791740193515e-06,-7.647119510003696e-10,-7.578066149833767e-10,5
SHUFFLED_LAG_PM_PLACEBO_REPO,cluster_exit_loose,ex_post_descriptive,near_zero_excluded,RMSE,72719,10,0.0016668561147863063,0.0016670854865157634,-2.2937172945713957e-07,-1.6253686162193613e-07,5
SHUFFLED_LAG_PM_PLACEBO_REPO,cluster_exit_loose,ex_post_descriptive,near_zero_excluded,SMAPE,72719,10,96.79268422556595,97.18532219410845,-0.3926379685425019,-0.3967452433736767,0
SHUFFLED_LAG_PM_PLACEBO_REPO,cluster_exit_loose,ex_post_descriptive,standard,LOG_RV_MSE,73455,10,82.09800800629024,82.30356976970694,-0.2055617634166964,-0.20542706930729046,3
SHUFFLED_LAG_PM_PLACEBO_REPO,cluster_exit_loose,ex_post_descriptive,standard,MAE,73455,10,0.0006171643472764074,0.0006197458158344047,-2.5814685579972872e-06,-2.5798764577554807e-06,4
SHUFFLED_LAG_PM_PLACEBO_REPO,cluster_exit_loose,ex_post_descriptive,standard,MSE,73455,10,2.7534877094946653e-06,2.754338929917584e-06,-8.512204229188285e-10,-8.518393566376329e-10,5
SHUFFLED_LAG_PM_PLACEBO_REPO,cluster_exit_loose,ex_post_descriptive,standard,RMSE,73455,10,0.0016593636459482487,0.0016596201161463379,-2.5647019808914227e-07,-1.9609236409653214e-07,5
SHUFFLED_LAG_PM_PLACEBO_REPO,cluster_exit_loose,ex_post_descriptive,standard,SMAPE,73455,10,97.78270324564932,98.1732262878343,-0.3905230421849808,-0.39042221950892325,0
SHUFFLED_LAG_PM_PLACEBO_REPO,cluster_exit_strict,ex_post_descriptive,high_vol_only,LOG_RV_MSE,14671,10,1.121544847097662,1.667535832360309,-0.545990985262647,-0.5455732653168679,1
SHUFFLED_LAG_PM_PLACEBO_REPO,cluster_exit_strict,ex_post_descriptive,high_vol_only,MAE,14671,10,0.0015007236426876971,0.0014839705068107158,1.6753135876981318e-05,1.6754047429625168e-05,9
SHUFFLED_LAG_PM_PLACEBO_REPO,cluster_exit_strict,ex_post_descriptive,high_vol_only,MSE,14671,10,1.2686413406552538e-05,1.2647775736956695e-05,3.863766959584289e-08,3.8638158562164394e-08,9
SHUFFLED_LAG_PM_PLACEBO_REPO,cluster_exit_strict,ex_post_descriptive,high_vol_only,RMSE,14671,10,0.003561799181109533,0.003556371147244997,5.428033864535772e-06,5.21899294832251e-06,9
SHUFFLED_LAG_PM_PLACEBO_REPO,cluster_exit_strict,ex_post_descriptive,high_vol_only,SMAPE,14671,10,73.684845994303,72.25969743537912,1.4251485589238797,1.4255802237468216,9
SHUFFLED_LAG_PM_PLACEBO_REPO,cluster_exit_strict,ex_post_descriptive,near_zero_excluded,LOG_RV_MSE,72600,10,80.02173783897848,80.24050472818473,-0.21876688920625043,-0.22549910445371815,3
SHUFFLED_LAG_PM_PLACEBO_REPO,cluster_exit_strict,ex_post_descriptive,near_zero_excluded,MAE,72600,10,0.0006184535179022776,0.0006209814285758371,-2.527910673559455e-06,-2.575231761511404e-06,4
SHUFFLED_LAG_PM_PLACEBO_REPO,cluster_exit_strict,ex_post_descriptive,near_zero_excluded,MSE,72600,10,2.7805878498197563e-06,2.7813502191949274e-06,-7.623693751710414e-10,-7.523299368849027e-10,5
SHUFFLED_LAG_PM_PLACEBO_REPO,cluster_exit_strict,ex_post_descriptive,near_zero_excluded,RMSE,72600,10,0.0016675094751814027,0.0016677380547300967,-2.2857954869409496e-07,-1.598498004267931e-07,5
SHUFFLED_LAG_PM_PLACEBO_REPO,cluster_exit_strict,ex_post_descriptive,near_zero_excluded,SMAPE,72600,10,96.72258691267511,97.11486436586613,-0.3922774531910136,-0.3963339313538867,0
SHUFFLED_LAG_PM_PLACEBO_REPO,cluster_exit_strict,ex_post_descriptive,standard,LOG_RV_MSE,73334,10,81.90717235117306,82.11331508286828,-0.20614273169522335,-0.20616978822362048,3
SHUFFLED_LAG_PM_PLACEBO_REPO,cluster_exit_strict,ex_post_descriptive,standard,MAE,73334,10,0.000617143413936819,0.0006197346743371002,-2.591260400281229e-06,-2.5908833820580447e-06,4
SHUFFLED_LAG_PM_PLACEBO_REPO,cluster_exit_strict,ex_post_descriptive,standard,MSE,73334,10,2.7556748132676994e-06,2.756522373345144e-06,-8.475600774444349e-10,-8.451309615538932e-10,5
SHUFFLED_LAG_PM_PLACEBO_REPO,cluster_exit_strict,ex_post_descriptive,standard,RMSE,73334,10,0.0016600225339638314,0.00166027780005189,-2.552660880584916e-07,-1.929197892201989e-07,5
SHUFFLED_LAG_PM_PLACEBO_REPO,cluster_exit_strict,ex_post_descriptive,standard,SMAPE,73334,10,97.71189563488282,98.1020243306371,-0.3901286957542709,-0.3900533256199424,0
SHUFFLED_LAG_PM_PLACEBO_REPO,entry_with_recent_spike,ex_post_descriptive,high_vol_only,LOG_RV_MSE,8754,10,1.4736378437064515,1.5982568594535322,-0.12461901574708079,-0.11359938431473833,2
SHUFFLED_LAG_PM_PLACEBO_REPO,entry_with_recent_spike,ex_post_descriptive,high_vol_only,MAE,8754,10,0.0019315043244099452,0.0019266262297082618,4.878094701683388e-06,4.860321843624396e-06,7
SHUFFLED_LAG_PM_PLACEBO_REPO,entry_with_recent_spike,ex_post_descriptive,high_vol_only,MSE,8754,10,1.1146392096496613e-05,1.1116534443778168e-05,2.985765271844449e-08,2.9491186578818987e-08,7
SHUFFLED_LAG_PM_PLACEBO_REPO,entry_with_recent_spike,ex_post_descriptive,high_vol_only,RMSE,8754,10,0.003338621286773421,0.0033341467339902974,4.4745527831235e-06,3.5148132466793863e-06,7
SHUFFLED_LAG_PM_PLACEBO_REPO,entry_with_recent_spike,ex_post_descriptive,high_vol_only,SMAPE,8754,10,87.65347704873638,87.51885311769463,0.13462393104174453,0.14627040019318258,5
SHUFFLED_LAG_PM_PLACEBO_REPO,entry_with_recent_spike,ex_post_descriptive,near_zero_excluded,LOG_RV_MSE,43077,10,58.5073000988938,58.81660045822272,-0.3093003593289225,-0.3143332787914037,2
SHUFFLED_LAG_PM_PLACEBO_REPO,entry_with_recent_spike,ex_post_descriptive,near_zero_excluded,MAE,43077,10,0.0008298909472286534,0.0008217809288085997,8.110018420053652e-06,8.052703908772242e-06,9
SHUFFLED_LAG_PM_PLACEBO_REPO,entry_with_recent_spike,ex_post_descriptive,near_zero_excluded,MSE,43077,10,2.7524238027535856e-06,2.723796340845442e-06,2.8627461908143423e-08,2.8448729100165102e-08,9
SHUFFLED_LAG_PM_PLACEBO_REPO,entry_with_recent_spike,ex_post_descriptive,near_zero_excluded,RMSE,43077,10,0.0016590430382463215,0.0016503927838079765,8.65025443834498e-06,7.92577704742044e-06,9
SHUFFLED_LAG_PM_PLACEBO_REPO,entry_with_recent_spike,ex_post_descriptive,near_zero_excluded,SMAPE,43077,10,93.4313578597661,93.21286526394898,0.21849259581711067,0.22386602142526613,9
SHUFFLED_LAG_PM_PLACEBO_REPO,entry_with_recent_spike,ex_post_descriptive,standard,LOG_RV_MSE,43747,10,61.708962586389255,61.993300555770944,-0.28433796938168854,-0.28837943045108627,2
SHUFFLED_LAG_PM_PLACEBO_REPO,entry_with_recent_spike,ex_post_descriptive,standard,MAE,43747,10,0.0008304363652918029,0.0008220644864603865,8.371878831416458e-06,8.246410902353631e-06,9
SHUFFLED_LAG_PM_PLACEBO_REPO,entry_with_recent_spike,ex_post_descriptive,standard,MSE,43747,10,2.7262690958934324e-06,2.6970704495927946e-06,2.9198646300637862e-08,2.8794873627084875e-08,9
SHUFFLED_LAG_PM_PLACEBO_REPO,entry_with_recent_spike,ex_post_descriptive,standard,RMSE,43747,10,0.0016511417552389112,0.0016422759967778847,8.865758461026451e-06,8.077960938062094e-06,9
SHUFFLED_LAG_PM_PLACEBO_REPO,entry_with_recent_spike,ex_post_descriptive,standard,SMAPE,43747,10,94.9939885723259,94.77411259008775,0.2198759822381504,0.22184367841683042,9
SHUFFLED_LAG_PM_PLACEBO_REPO,entry_without_recent_spike,ex_post_descriptive,high_vol_only,LOG_RV_MSE,5946,10,1.1195692099524477,1.672883529856984,-0.5533143199045363,-0.5565364334672102,3
SHUFFLED_LAG_PM_PLACEBO_REPO,entry_without_recent_spike,ex_post_descriptive,high_vol_only,MAE,5946,10,0.0015570783495014973,0.0015414159599917848,1.5662389509712516e-05,1.5768718490052402e-05,9
SHUFFLED_LAG_PM_PLACEBO_REPO,entry_without_recent_spike,ex_post_descriptive,high_vol_only,MSE,5946,10,9.074816797282833e-06,9.00810949813843e-06,6.670729914440307e-08,6.749010717370338e-08,9
SHUFFLED_LAG_PM_PLACEBO_REPO,entry_without_recent_spike,ex_post_descriptive,high_vol_only,RMSE,5946,10,0.003012443658773195,0.0030013512786973852,1.1092380075809673e-05,1.0141723117169488e-05,9
SHUFFLED_LAG_PM_PLACEBO_REPO,entry_without_recent_spike,ex_post_descriptive,high_vol_only,SMAPE,5946,10,80.3430946440876,79.1159156449717,1.2271789991159068,1.2141833449750252,9
SHUFFLED_LAG_PM_PLACEBO_REPO,entry_without_recent_spike,ex_post_descriptive,near_zero_excluded,LOG_RV_MSE,29421,10,60.966920165964275,61.273308711198275,-0.3063885452340003,-0.30691083049567114,3
SHUFFLED_LAG_PM_PLACEBO_REPO,entry_without_recent_spike,ex_post_descriptive,near_zero_excluded,MAE,29421,10,0.00064865090680092,0.0006495182808920323,-8.673740911122442e-07,-8.006277849110247e-07,2
SHUFFLED_LAG_PM_PLACEBO_REPO,entry_without_recent_spike,ex_post_descriptive,near_zero_excluded,MSE,29421,10,2.0879985944370397e-06,2.0787218291179565e-06,9.276765319083193e-09,9.361714122327907e-09,9
SHUFFLED_LAG_PM_PLACEBO_REPO,entry_without_recent_spike,ex_post_descriptive,near_zero_excluded,RMSE,29421,10,0.0014449908630981166,0.0014417773160644318,3.2135470336848004e-06,2.7218926736251617e-06,9
SHUFFLED_LAG_PM_PLACEBO_REPO,entry_without_recent_spike,ex_post_descriptive,near_zero_excluded,SMAPE,29421,10,90.44189351704458,90.4426068742845,-0.0007133572399169452,-0.003283098620723024,4
SHUFFLED_LAG_PM_PLACEBO_REPO,entry_without_recent_spike,ex_post_descriptive,standard,LOG_RV_MSE,29710,10,62.62604303537494,62.92302689005924,-0.29698385468429933,-0.29427442586352726,3
SHUFFLED_LAG_PM_PLACEBO_REPO,entry_without_recent_spike,ex_post_descriptive,standard,MAE,29710,10,0.0006476522732693516,0.0006484440247791531,-7.91751509801532e-07,-7.539999275001406e-07,2
SHUFFLED_LAG_PM_PLACEBO_REPO,entry_without_recent_spike,ex_post_descriptive,standard,MSE,29710,10,2.071202405933468e-06,2.0619410722550027e-06,9.261333678465221e-09,9.42150037991356e-09,9
SHUFFLED_LAG_PM_PLACEBO_REPO,entry_without_recent_spike,ex_post_descriptive,standard,RMSE,29710,10,0.0014391672612776695,0.0014359460547858345,3.221206491834999e-06,2.750746494054111e-06,9
SHUFFLED_LAG_PM_PLACEBO_REPO,entry_without_recent_spike,ex_post_descriptive,standard,SMAPE,29710,10,91.450697436652,91.45319947902476,-0.0025020423727539765,-0.006519387363238138,4
SHUFFLED_LAG_PM_PLACEBO_REPO,high_within_block_dispersion,ex_post_descriptive,high_vol_only,LOG_RV_MSE,13800,10,1.347003340120205,2.051823046145779,-0.7048197060255739,-0.6333116955063833,1
SHUFFLED_LAG_PM_PLACEBO_REPO,high_within_block_dispersion,ex_post_descriptive,high_vol_only,MAE,13800,10,0.0010124910161190377,0.0010099055285856895,2.5854875333481547e-06,2.5374285457162783e-06,8
SHUFFLED_LAG_PM_PLACEBO_REPO,high_within_block_dispersion,ex_post_descriptive,high_vol_only,MSE,13800,10,4.061123263348121e-06,4.045554670365984e-06,1.556859298213714e-08,1.4823410342226822e-08,7
SHUFFLED_LAG_PM_PLACEBO_REPO,high_within_block_dispersion,ex_post_descriptive,high_vol_only,RMSE,13800,10,0.0020152228818044226,0.00201135642549151,3.866456312912742e-06,3.539548983598744e-06,7
SHUFFLED_LAG_PM_PLACEBO_REPO,high_within_block_dispersion,ex_post_descriptive,high_vol_only,SMAPE,13800,10,67.13010831164493,67.3479189175264,-0.21781060588146772,-0.12772043505010586,2
SHUFFLED_LAG_PM_PLACEBO_REPO,high_within_block_dispersion,ex_post_descriptive,near_zero_excluded,LOG_RV_MSE,68602,10,133.4472628617705,133.5286664895067,-0.08140362773619358,-0.09663300175702214,4
SHUFFLED_LAG_PM_PLACEBO_REPO,high_within_block_dispersion,ex_post_descriptive,near_zero_excluded,MAE,68602,10,0.000568649162840853,0.000562462543199295,6.186619641557938e-06,5.793721737533836e-06,9
SHUFFLED_LAG_PM_PLACEBO_REPO,high_within_block_dispersion,ex_post_descriptive,near_zero_excluded,MSE,68602,10,1.1270507328910632e-06,1.1098883620517076e-06,1.7162370839355544e-08,1.623627997854919e-08,10
SHUFFLED_LAG_PM_PLACEBO_REPO,high_within_block_dispersion,ex_post_descriptive,near_zero_excluded,RMSE,68602,10,0.0010616264563824054,0.0010535123929274433,8.114063454962026e-06,7.124392469428926e-06,10
SHUFFLED_LAG_PM_PLACEBO_REPO,high_within_block_dispersion,ex_post_descriptive,near_zero_excluded,SMAPE,68602,10,119.19625535916762,119.33045515163391,-0.13419979246629055,-0.11657975824486044,3
SHUFFLED_LAG_PM_PLACEBO_REPO,high_within_block_dispersion,ex_post_descriptive,standard,LOG_RV_MSE,68970,10,134.1816042629971,134.25578977749208,-0.07418551449498523,-0.08278306208287578,4
SHUFFLED_LAG_PM_PLACEBO_REPO,high_within_block_dispersion,ex_post_descriptive,standard,MAE,68970,10,0.0005686239437191444,0.0005624257377578714,6.198205961273004e-06,5.813605660550699e-06,9
SHUFFLED_LAG_PM_PLACEBO_REPO,high_within_block_dispersion,ex_post_descriptive,standard,MSE,68970,10,1.123133377256323e-06,1.105949006748043e-06,1.7184370508279983e-08,1.6223556386671206e-08,10
SHUFFLED_LAG_PM_PLACEBO_REPO,high_within_block_dispersion,ex_post_descriptive,standard,RMSE,68970,10,0.0010597798720754811,0.0010516411016825288,8.138770392952322e-06,7.1375521992438786e-06,10
SHUFFLED_LAG_PM_PLACEBO_REPO,high_within_block_dispersion,ex_post_descriptive,standard,SMAPE,68970,10,119.60427234064147,119.73844718611598,-0.13417484547450442,-0.11454850575815953,3
SHUFFLED_LAG_PM_PLACEBO_REPO,inflection_points,ex_post_descriptive,high_vol_only,LOG_RV_MSE,28984,10,1.1395945186365517,1.6003769658226639,-0.46078244718611217,-0.4652694691721752,2
SHUFFLED_LAG_PM_PLACEBO_REPO,inflection_points,ex_post_descriptive,high_vol_only,MAE,28984,10,0.0015690861682796692,0.001557108615483197,1.1977552796472264e-05,1.1640770550664737e-05,10
SHUFFLED_LAG_PM_PLACEBO_REPO,inflection_points,ex_post_descriptive,high_vol_only,MSE,28984,10,1.1258143057283103e-05,1.1217604686113504e-05,4.053837116959827e-08,3.9363313345810786e-08,10
SHUFFLED_LAG_PM_PLACEBO_REPO,inflection_points,ex_post_descriptive,high_vol_only,RMSE,28984,10,0.0033553156419751486,0.0033492692764412815,6.046365533867067e-06,5.789663421955967e-06,10
SHUFFLED_LAG_PM_PLACEBO_REPO,inflection_points,ex_post_descriptive,high_vol_only,SMAPE,28984,10,77.5511484641698,76.66192619595651,0.8892222682132882,0.8737503148954161,10
SHUFFLED_LAG_PM_PLACEBO_REPO,inflection_points,ex_post_descriptive,near_zero_excluded,LOG_RV_MSE,143375,10,58.64300646845435,58.906828728757596,-0.2638222603032432,-0.2588029404378971,2
SHUFFLED_LAG_PM_PLACEBO_REPO,inflection_points,ex_post_descriptive,near_zero_excluded,MAE,143375,10,0.0006543332064361158,0.0006534708538697792,8.623525663366055e-07,7.793845968165499e-07,5
SHUFFLED_LAG_PM_PLACEBO_REPO,inflection_points,ex_post_descriptive,near_zero_excluded,MSE,143375,10,2.5404502226370316e-06,2.531818938702382e-06,8.631283934649493e-09,8.295392948311597e-09,9
SHUFFLED_LAG_PM_PLACEBO_REPO,inflection_points,ex_post_descriptive,near_zero_excluded,RMSE,143375,10,0.0015938789861959506,0.0015911690478080517,2.7099383878988973e-06,2.293411030087467e-06,9
SHUFFLED_LAG_PM_PLACEBO_REPO,inflection_points,ex_post_descriptive,near_zero_excluded,SMAPE,143375,10,90.02958355319511,90.17553942385628,-0.14595587066116877,-0.14407470399164596,2
SHUFFLED_LAG_PM_PLACEBO_REPO,inflection_points,ex_post_descriptive,standard,LOG_RV_MSE,144886,10,60.506791384132924,60.75888357335875,-0.2520921892258272,-0.24095764351921964,2
SHUFFLED_LAG_PM_PLACEBO_REPO,inflection_points,ex_post_descriptive,standard,MAE,144886,10,0.0006529679144583394,0.0006520767011172288,8.912133411106624e-07,8.160576543901274e-07,5
SHUFFLED_LAG_PM_PLACEBO_REPO,inflection_points,ex_post_descriptive,standard,MSE,144886,10,2.5174090289669973e-06,2.508814885559895e-06,8.594143407102504e-09,8.278962958794316e-09,9
SHUFFLED_LAG_PM_PLACEBO_REPO,inflection_points,ex_post_descriptive,standard,RMSE,144886,10,0.0015866344975976657,0.0015839238888153355,2.7106087823302715e-06,2.297041887592356e-06,9
SHUFFLED_LAG_PM_PLACEBO_REPO,inflection_points,ex_post_descriptive,standard,SMAPE,144886,10,91.11849778030444,91.26187395804038,-0.14337617773594502,-0.14030229823938214,2
SHUFFLED_LAG_PM_PLACEBO_REPO,older_spike_position,ex_post_descriptive,high_vol_only,LOG_RV_MSE,21781,10,1.1395303095276075,1.6817365283176353,-0.5422062187900278,-0.5401554007787647,0
SHUFFLED_LAG_PM_PLACEBO_REPO,older_spike_position,ex_post_descriptive,high_vol_only,MAE,21781,10,0.0013486758957650074,0.0013442750951722622,4.4008005927452e-06,4.093705760255614e-06,8
SHUFFLED_LAG_PM_PLACEBO_REPO,older_spike_position,ex_post_descriptive,high_vol_only,MSE,21781,10,1.069141300105579e-05,1.068864038849687e-05,2.7726125589210064e-09,2.561319551055803e-09,5
SHUFFLED_LAG_PM_PLACEBO_REPO,older_spike_position,ex_post_descriptive,high_vol_only,RMSE,21781,10,0.0032697726222255565,0.0032693486183790295,4.2400384652700046e-07,-1.5443069799440935e-07,5
SHUFFLED_LAG_PM_PLACEBO_REPO,older_spike_position,ex_post_descriptive,high_vol_only,SMAPE,21781,10,69.8626302544199,69.73879255402953,0.1238377003903679,0.061660604741592094,8
SHUFFLED_LAG_PM_PLACEBO_REPO,older_spike_position,ex_post_descriptive,near_zero_excluded,LOG_RV_MSE,107788,10,78.34423187563695,78.55283739182883,-0.20860551619188072,-0.19492257918829162,4
SHUFFLED_LAG_PM_PLACEBO_REPO,older_spike_position,ex_post_descriptive,near_zero_excluded,MAE,107788,10,0.0005714781969803931,0.0005694590917530405,2.01910522735257e-06,1.982447005326632e-06,7
SHUFFLED_LAG_PM_PLACEBO_REPO,older_spike_position,ex_post_descriptive,near_zero_excluded,MSE,107788,10,2.346475802604796e-06,2.3452573499306207e-06,1.2184526741752311e-09,1.1339263475370316e-09,8
SHUFFLED_LAG_PM_PLACEBO_REPO,older_spike_position,ex_post_descriptive,near_zero_excluded,RMSE,107788,10,0.0015318210739524365,0.0015314233085370684,3.9776541536809366e-07,3.518639347617101e-07,8
SHUFFLED_LAG_PM_PLACEBO_REPO,older_spike_position,ex_post_descriptive,near_zero_excluded,SMAPE,107788,10,96.43669126169502,96.69384306095868,-0.25715179926366716,-0.2594958199293359,0
SHUFFLED_LAG_PM_PLACEBO_REPO,older_spike_position,ex_post_descriptive,standard,LOG_RV_MSE,108871,10,80.56611776174127,80.75587265764638,-0.18975489590511074,-0.1625942475253071,4
SHUFFLED_LAG_PM_PLACEBO_REPO,older_spike_position,ex_post_descriptive,standard,MAE,108871,10,0.0005701423444680369,0.0005680816718543754,2.0606726136615083e-06,2.0612366384242915e-06,7
SHUFFLED_LAG_PM_PLACEBO_REPO,older_spike_position,ex_post_descriptive,standard,MSE,108871,10,2.3254307190849205e-06,2.3241754646792286e-06,1.2552544056919244e-09,1.2034853089587826e-09,8
SHUFFLED_LAG_PM_PLACEBO_REPO,older_spike_position,ex_post_descriptive,standard,RMSE,108871,10,0.0015249363000089285,0.001524524668439061,4.1163156986744227e-07,3.790086839538913e-07,8
SHUFFLED_LAG_PM_PLACEBO_REPO,older_spike_position,ex_post_descriptive,standard,SMAPE,108871,10,97.43444157677632,97.68880885561462,-0.254367278838302,-0.25471368650410964,0
SHUFFLED_LAG_PM_PLACEBO_REPO,recent_ramp_high_dispersion,ex_post_descriptive,high_vol_only,LOG_RV_MSE,4860,10,1.422541686129273,1.3850132799772024,0.03752840615207065,0.049691047792014185,5
SHUFFLED_LAG_PM_PLACEBO_REPO,recent_ramp_high_dispersion,ex_post_descriptive,high_vol_only,MAE,4860,10,0.0014613955477391944,0.0014540940977113353,7.301450027859084e-06,7.672210421559958e-06,7
SHUFFLED_LAG_PM_PLACEBO_REPO,recent_ramp_high_dispersion,ex_post_descriptive,high_vol_only,MSE,4860,10,5.9629586828906324e-06,5.917700124233036e-06,4.52585586575966e-08,4.5989120801585845e-08,8
SHUFFLED_LAG_PM_PLACEBO_REPO,recent_ramp_high_dispersion,ex_post_descriptive,high_vol_only,RMSE,4860,10,0.0024419170098286783,0.002432632344649112,9.284665179566404e-06,9.291980707938001e-06,8
SHUFFLED_LAG_PM_PLACEBO_REPO,recent_ramp_high_dispersion,ex_post_descriptive,high_vol_only,SMAPE,4860,10,76.48024025708399,76.27515247014347,0.2050877869405241,0.25764408304445824,5
SHUFFLED_LAG_PM_PLACEBO_REPO,recent_ramp_high_dispersion,ex_post_descriptive,near_zero_excluded,LOG_RV_MSE,24128,10,114.11256475334159,114.12976393803112,-0.017199184689530966,-0.017267681876565088,6
SHUFFLED_LAG_PM_PLACEBO_REPO,recent_ramp_high_dispersion,ex_post_descriptive,near_zero_excluded,MAE,24128,10,0.0007928593927930361,0.0007783611667235849,1.4498226069451186e-05,1.414849527758234e-05,9
SHUFFLED_LAG_PM_PLACEBO_REPO,recent_ramp_high_dispersion,ex_post_descriptive,near_zero_excluded,MSE,24128,10,1.8154479400161009e-06,1.7647060201748035e-06,5.0741919841297385e-08,5.044561059355482e-08,10
SHUFFLED_LAG_PM_PLACEBO_REPO,recent_ramp_high_dispersion,ex_post_descriptive,near_zero_excluded,RMSE,24128,10,0.0013473855944072211,0.0013284223801844062,1.896321422281493e-05,1.7615491553193704e-05,10
SHUFFLED_LAG_PM_PLACEBO_REPO,recent_ramp_high_dispersion,ex_post_descriptive,near_zero_excluded,SMAPE,24128,10,117.97303253465954,117.32177359477792,0.6512589398816147,0.6336571985801556,9
SHUFFLED_LAG_PM_PLACEBO_REPO,recent_ramp_high_dispersion,ex_post_descriptive,standard,LOG_RV_MSE,24273,10,114.68887161199063,114.6997105268909,-0.010838914900261898,-0.01093391003222326,6
SHUFFLED_LAG_PM_PLACEBO_REPO,recent_ramp_high_dispersion,ex_post_descriptive,standard,MAE,24273,10,0.0007926212485103804,0.0007779882134244475,1.4633035085932973e-05,1.4207359475121143e-05,9
SHUFFLED_LAG_PM_PLACEBO_REPO,recent_ramp_high_dispersion,ex_post_descriptive,standard,MSE,24273,10,1.8086202642090091e-06,1.757715044745177e-06,5.090521946383206e-08,5.046731752313787e-08,10
SHUFFLED_LAG_PM_PLACEBO_REPO,recent_ramp_high_dispersion,ex_post_descriptive,standard,RMSE,24273,10,0.001344849532181578,0.0013257884615372004,1.9061070644377622e-05,1.7667962393391842e-05,10
SHUFFLED_LAG_PM_PLACEBO_REPO,recent_ramp_high_dispersion,ex_post_descriptive,standard,SMAPE,24273,10,118.4281414949415,117.78095672139997,0.6471847735415253,0.6291279317398505,9
SHUFFLED_LAG_PM_PLACEBO_REPO,recent_spike_position,ex_post_descriptive,high_vol_only,LOG_RV_MSE,41263,10,133.60326357120792,133.85440470323087,-0.2511411320229513,-0.46120833987239324,1
SHUFFLED_LAG_PM_PLACEBO_REPO,recent_spike_position,ex_post_descriptive,high_vol_only,MAE,41263,10,0.0009278329622731831,0.0009260864446831833,1.7465175899997838e-06,3.2644941206038207e-06,7
SHUFFLED_LAG_PM_PLACEBO_REPO,recent_spike_position,ex_post_descriptive,high_vol_only,MSE,41263,10,5.620772726690841e-06,5.612498669164422e-06,8.274057526418913e-09,1.5576992039080157e-08,6
SHUFFLED_LAG_PM_PLACEBO_REPO,recent_spike_position,ex_post_descriptive,high_vol_only,RMSE,41263,10,0.002370816890164831,0.0023690712672193763,1.7456229454548139e-06,2.260364141673098e-06,6
SHUFFLED_LAG_PM_PLACEBO_REPO,recent_spike_position,ex_post_descriptive,high_vol_only,SMAPE,41263,10,126.75937020163306,126.71990708354865,0.03946311808441294,-0.031379969342870594,4
SHUFFLED_LAG_PM_PLACEBO_REPO,recent_spike_position,ex_post_descriptive,near_zero_excluded,LOG_RV_MSE,124205,10,108.09331457411457,108.31741049163037,-0.22409591751579683,-0.27490872090318,3
SHUFFLED_LAG_PM_PLACEBO_REPO,recent_spike_position,ex_post_descriptive,near_zero_excluded,MAE,124205,10,0.0006101040586077684,0.000605725519945927,4.378538661841346e-06,4.781375475066519e-06,10
SHUFFLED_LAG_PM_PLACEBO_REPO,recent_spike_position,ex_post_descriptive,near_zero_excluded,MSE,124205,10,2.122274233945656e-06,2.1104695411948056e-06,1.1804692750850358e-08,1.3215947736982761e-08,10
SHUFFLED_LAG_PM_PLACEBO_REPO,recent_spike_position,ex_post_descriptive,near_zero_excluded,RMSE,124205,10,0.0014568027436635531,0.0014527455183874448,4.0572252761083335e-06,4.08160531661021e-06,10
SHUFFLED_LAG_PM_PLACEBO_REPO,recent_spike_position,ex_post_descriptive,near_zero_excluded,SMAPE,124205,10,110.75903396715827,110.79773508248635,-0.03870111532808096,-0.04593298365133478,5
SHUFFLED_LAG_PM_PLACEBO_REPO,recent_spike_position,ex_post_descriptive,standard,LOG_RV_MSE,125358,10,109.41387331267963,109.62972512297007,-0.2158518102904452,-0.25887569713395137,3
SHUFFLED_LAG_PM_PLACEBO_REPO,recent_spike_position,ex_post_descriptive,standard,MAE,125358,10,0.0006091827784219505,0.0006047035610111887,4.4792174107617525e-06,4.879190390550439e-06,10
SHUFFLED_LAG_PM_PLACEBO_REPO,recent_spike_position,ex_post_descriptive,standard,MSE,125358,10,2.1057111020059574e-06,2.0938454832222425e-06,1.1865618783714957e-08,1.3240815664509096e-08,10
SHUFFLED_LAG_PM_PLACEBO_REPO,recent_spike_position,ex_post_descriptive,standard,RMSE,125358,10,0.00145110685409654,0.0014470126064489704,4.094247647569611e-06,4.12025870934052e-06,10
SHUFFLED_LAG_PM_PLACEBO_REPO,recent_spike_position,ex_post_descriptive,standard,SMAPE,125358,10,111.53126331543436,111.56735040893439,-0.036087093500029255,-0.04356076282421384,5
SHUFFLED_LAG_PM_PLACEBO_REPO,same_average_back_loaded,ex_post_descriptive,high_vol_only,LOG_RV_MSE,5089,10,148.22928488392745,147.5724979914938,0.6567868924336437,-0.2598384903521101,5
SHUFFLED_LAG_PM_PLACEBO_REPO,same_average_back_loaded,ex_post_descriptive,high_vol_only,MAE,5089,10,0.00079502070058517,0.0007919735567388108,3.0471438463591403e-06,1.9274873479038237e-06,6
SHUFFLED_LAG_PM_PLACEBO_REPO,same_average_back_loaded,ex_post_descriptive,high_vol_only,MSE,5089,10,5.436331053659615e-06,5.442555155011817e-06,-6.224101352202347e-09,-8.987141100276338e-09,5
SHUFFLED_LAG_PM_PLACEBO_REPO,same_average_back_loaded,ex_post_descriptive,high_vol_only,RMSE,5089,10,0.0023315941013949265,0.0023329284504698847,-1.3343490749581459e-06,-1.1706567310750189e-06,5
SHUFFLED_LAG_PM_PLACEBO_REPO,same_average_back_loaded,ex_post_descriptive,high_vol_only,SMAPE,5089,10,125.47402771920483,125.37111278630714,0.10291493289768994,0.27664919716198855,5
SHUFFLED_LAG_PM_PLACEBO_REPO,same_average_back_loaded,ex_post_descriptive,near_zero_excluded,LOG_RV_MSE,15487,10,124.26141461023107,124.02450245541506,0.2369121548160109,0.0885605873141239,4
SHUFFLED_LAG_PM_PLACEBO_REPO,same_average_back_loaded,ex_post_descriptive,near_zero_excluded,MAE,15487,10,0.000527741419898501,0.0005252145699438478,2.526849954653191e-06,2.0912538614283048e-06,6
SHUFFLED_LAG_PM_PLACEBO_REPO,same_average_back_loaded,ex_post_descriptive,near_zero_excluded,MSE,15487,10,1.938986808645503e-06,1.9383322059152796e-06,6.546027302234117e-10,7.518911538673168e-10,6
SHUFFLED_LAG_PM_PLACEBO_REPO,same_average_back_loaded,ex_post_descriptive,near_zero_excluded,RMSE,15487,10,0.0013924750657176965,0.0013922399958036257,2.3506991407074886e-07,2.7958550791149796e-07,6
SHUFFLED_LAG_PM_PLACEBO_REPO,same_average_back_loaded,ex_post_descriptive,near_zero_excluded,SMAPE,15487,10,115.21629356973736,115.37317062829314,-0.1568770585557786,-0.1814388147292462,2
SHUFFLED_LAG_PM_PLACEBO_REPO,same_average_back_loaded,ex_post_descriptive,standard,LOG_RV_MSE,15559,10,124.77448379663251,124.53590781034512,0.23857598628738685,0.09620334589164106,4
SHUFFLED_LAG_PM_PLACEBO_REPO,same_average_back_loaded,ex_post_descriptive,standard,MAE,15559,10,0.0005277712464133768,0.0005252327302232637,2.5385161901130687e-06,2.1216178354979285e-06,6
SHUFFLED_LAG_PM_PLACEBO_REPO,same_average_back_loaded,ex_post_descriptive,standard,MSE,15559,10,1.931432277016903e-06,1.930759828039953e-06,6.724489769498597e-10,7.562379276166355e-10,6
SHUFFLED_LAG_PM_PLACEBO_REPO,same_average_back_loaded,ex_post_descriptive,standard,RMSE,15559,10,0.0013897597911210781,0.0013895178401301484,2.4195099092966764e-07,2.839292096732955e-07,6
SHUFFLED_LAG_PM_PLACEBO_REPO,same_average_back_loaded,ex_post_descriptive,standard,SMAPE,15559,10,115.5837931550299,115.74002133050337,-0.15622817547347267,-0.18008994833052724,2
SHUFFLED_LAG_PM_PLACEBO_REPO,same_average_different_path,ex_post_descriptive,high_vol_only,LOG_RV_MSE,1483,10,1.176451606646611,2.420952791352309,-1.2445011847056977,-1.3174436173051318,1
SHUFFLED_LAG_PM_PLACEBO_REPO,same_average_different_path,ex_post_descriptive,high_vol_only,MAE,1483,10,0.0012308421833447504,0.0012360409951665508,-5.198811821800417e-06,-5.700763841081573e-06,1
SHUFFLED_LAG_PM_PLACEBO_REPO,same_average_different_path,ex_post_descriptive,high_vol_only,MSE,1483,10,5.424646643583948e-06,5.457622644037037e-06,-3.2976000453088634e-08,-3.875897320738755e-08,1
SHUFFLED_LAG_PM_PLACEBO_REPO,same_average_different_path,ex_post_descriptive,high_vol_only,RMSE,1483,10,0.0023290870837270015,0.0023361555265086777,-7.068442781676173e-06,-8.59072454008603e-06,1
SHUFFLED_LAG_PM_PLACEBO_REPO,same_average_different_path,ex_post_descriptive,high_vol_only,SMAPE,1483,10,78.26623100008541,78.76742467630758,-0.5011936762221723,-0.3987993967368439,3
SHUFFLED_LAG_PM_PLACEBO_REPO,same_average_different_path,ex_post_descriptive,near_zero_excluded,LOG_RV_MSE,7368,10,130.5647982605645,130.37815376064026,0.1866444999242276,0.10040561563084575,8
SHUFFLED_LAG_PM_PLACEBO_REPO,same_average_different_path,ex_post_descriptive,near_zero_excluded,MAE,7368,10,0.0005432933685073359,0.0005393531463908113,3.940222116524629e-06,3.560863630315054e-06,7
SHUFFLED_LAG_PM_PLACEBO_REPO,same_average_different_path,ex_post_descriptive,near_zero_excluded,MSE,7368,10,1.25033332979528e-06,1.2512667332968873e-06,-9.33403501607199e-10,-2.24779585075139e-09,5
SHUFFLED_LAG_PM_PLACEBO_REPO,same_average_different_path,ex_post_descriptive,near_zero_excluded,RMSE,7368,10,0.0011181830484295852,0.0011186003456538386,-4.17297224253408e-07,-1.246093049786539e-06,5
SHUFFLED_LAG_PM_PLACEBO_REPO,same_average_different_path,ex_post_descriptive,near_zero_excluded,SMAPE,7368,10,117.07922485099387,117.0403694485162,0.03885540247766528,0.06594683588206607,5
SHUFFLED_LAG_PM_PLACEBO_REPO,same_average_different_path,ex_post_descriptive,standard,LOG_RV_MSE,7396,10,131.0538149663491,130.86317819168664,0.1906367746624653,0.10668575453501408,8
SHUFFLED_LAG_PM_PLACEBO_REPO,same_average_different_path,ex_post_descriptive,standard,MAE,7396,10,0.000543100371193495,0.0005391404105625169,3.959960630978078e-06,3.604830944120167e-06,7
SHUFFLED_LAG_PM_PLACEBO_REPO,same_average_different_path,ex_post_descriptive,standard,MSE,7396,10,1.2465643227993336e-06,1.2474761711445318e-06,-9.118483451981725e-10,-2.2297339483710567e-09,5
SHUFFLED_LAG_PM_PLACEBO_REPO,same_average_different_path,ex_post_descriptive,standard,RMSE,7396,10,0.0011164964499716663,0.0011169047278727633,-4.082779010970185e-07,-1.2351512107659574e-06,5
SHUFFLED_LAG_PM_PLACEBO_REPO,same_average_different_path,ex_post_descriptive,standard,SMAPE,7396,10,117.3731818015564,117.3345095013898,0.03867230016659562,0.0653932080211149,5
SHUFFLED_LAG_PM_PLACEBO_REPO,same_average_recent_front_loaded,ex_post_descriptive,high_vol_only,LOG_RV_MSE,2870,10,1.4580562797951269,2.414147504732102,-0.9560912249369753,-0.9395297460808244,2
SHUFFLED_LAG_PM_PLACEBO_REPO,same_average_recent_front_loaded,ex_post_descriptive,high_vol_only,MAE,2870,10,0.0016073033120725894,0.0016082937371716777,-9.90425099088284e-07,-1.0110641497231768e-06,5
SHUFFLED_LAG_PM_PLACEBO_REPO,same_average_recent_front_loaded,ex_post_descriptive,high_vol_only,MSE,2870,10,7.781371153816655e-06,7.786257970592536e-06,-4.8868167758806745e-09,-4.839567131052154e-09,4
SHUFFLED_LAG_PM_PLACEBO_REPO,same_average_recent_front_loaded,ex_post_descriptive,high_vol_only,RMSE,2870,10,0.0027895109165975056,0.002790386706281504,-8.757896839983216e-07,-1.6444331827919967e-06,4
SHUFFLED_LAG_PM_PLACEBO_REPO,same_average_recent_front_loaded,ex_post_descriptive,high_vol_only,SMAPE,2870,10,94.65986103058924,94.80030760976375,-0.1404465791745082,-0.12875101913568585,5
SHUFFLED_LAG_PM_PLACEBO_REPO,same_average_recent_front_loaded,ex_post_descriptive,near_zero_excluded,LOG_RV_MSE,14110,10,61.51306201248259,61.91458562801027,-0.40152361552767957,-0.40951844019752776,2
SHUFFLED_LAG_PM_PLACEBO_REPO,same_average_recent_front_loaded,ex_post_descriptive,near_zero_excluded,MAE,14110,10,0.0006158783010104141,0.0006148215790817188,1.0567219286953568e-06,1.0438460480919844e-06,6
SHUFFLED_LAG_PM_PLACEBO_REPO,same_average_recent_front_loaded,ex_post_descriptive,near_zero_excluded,MSE,14110,10,1.7527220781628603e-06,1.7513009039629709e-06,1.4211741998894449e-09,1.4606965043738503e-09,7
SHUFFLED_LAG_PM_PLACEBO_REPO,same_average_recent_front_loaded,ex_post_descriptive,near_zero_excluded,RMSE,14110,10,0.0013239041045947626,0.0013233672596686722,5.368449260904472e-07,3.760857745173883e-07,7
SHUFFLED_LAG_PM_PLACEBO_REPO,same_average_recent_front_loaded,ex_post_descriptive,near_zero_excluded,SMAPE,14110,10,92.08728032701002,92.15253632564038,-0.06525599863036291,-0.060189050838685886,7
SHUFFLED_LAG_PM_PLACEBO_REPO,same_average_recent_front_loaded,ex_post_descriptive,standard,LOG_RV_MSE,14331,10,65.0327606534289,65.41473852144574,-0.38197786801684686,-0.3879091632752319,2
SHUFFLED_LAG_PM_PLACEBO_REPO,same_average_recent_front_loaded,ex_post_descriptive,standard,MAE,14331,10,0.0006156989961505772,0.0006144378820398564,1.2611141107207778e-06,1.2171026965867556e-06,6
SHUFFLED_LAG_PM_PLACEBO_REPO,same_average_recent_front_loaded,ex_post_descriptive,standard,MSE,14331,10,1.732179693635762e-06,1.7304936113167001e-06,1.6860823190618916e-09,1.6694006759476422e-09,7
SHUFFLED_LAG_PM_PLACEBO_REPO,same_average_recent_front_loaded,ex_post_descriptive,standard,RMSE,14331,10,0.0013161229781581058,0.001315482273281058,6.407048770478915e-07,4.907411252545161e-07,7
SHUFFLED_LAG_PM_PLACEBO_REPO,same_average_recent_front_loaded,ex_post_descriptive,standard,SMAPE,14331,10,93.68336123354462,93.73901614143956,-0.055654907894947314,-0.05290086583917741,7
SHUFFLED_LAG_PM_PLACEBO_REPO,stable_low_dispersion,ex_post_descriptive,high_vol_only,LOG_RV_MSE,13798,10,1.1365927010064192,1.5382699255719179,-0.4016772245654987,-0.39701379411585264,6
SHUFFLED_LAG_PM_PLACEBO_REPO,stable_low_dispersion,ex_post_descriptive,high_vol_only,MAE,13798,10,0.0016297046728240819,0.0016144792850890453,1.5225387735036573e-05,1.4514096462785337e-05,9
SHUFFLED_LAG_PM_PLACEBO_REPO,stable_low_dispersion,ex_post_descriptive,high_vol_only,MSE,13798,10,1.7413305625955696e-05,1.7361172106525468e-05,5.21335194302284e-08,4.9718026350010674e-08,9
SHUFFLED_LAG_PM_PLACEBO_REPO,stable_low_dispersion,ex_post_descriptive,high_vol_only,RMSE,13798,10,0.004172925307977091,0.00416667398610996,6.251321867130691e-06,6.048901602776483e-06,9
SHUFFLED_LAG_PM_PLACEBO_REPO,stable_low_dispersion,ex_post_descriptive,high_vol_only,SMAPE,13798,10,72.78501202823047,71.64207858967488,1.1429334385555876,1.0866510797785658,9
SHUFFLED_LAG_PM_PLACEBO_REPO,stable_low_dispersion,ex_post_descriptive,near_zero_excluded,LOG_RV_MSE,67129,10,23.025768102724278,23.551545520491608,-0.5257774177673298,-0.5016885608664089,1
SHUFFLED_LAG_PM_PLACEBO_REPO,stable_low_dispersion,ex_post_descriptive,near_zero_excluded,MAE,67129,10,0.0006391886576111414,0.0006409251526233718,-1.7364950122304365e-06,-1.6662235165041218e-06,0
SHUFFLED_LAG_PM_PLACEBO_REPO,stable_low_dispersion,ex_post_descriptive,near_zero_excluded,MSE,67129,10,3.7891257013455223e-06,3.784828202847302e-06,4.297498498220262e-09,4.0826928769397445e-09,8
SHUFFLED_LAG_PM_PLACEBO_REPO,stable_low_dispersion,ex_post_descriptive,near_zero_excluded,RMSE,67129,10,0.0019465676719152413,0.0019454634930646478,1.104178850593442e-06,1.1763187411754465e-06,8
SHUFFLED_LAG_PM_PLACEBO_REPO,stable_low_dispersion,ex_post_descriptive,near_zero_excluded,SMAPE,67129,10,76.72229579638059,77.00026615094612,-0.2779703545655252,-0.27034523057975973,1
SHUFFLED_LAG_PM_PLACEBO_REPO,stable_low_dispersion,ex_post_descriptive,standard,LOG_RV_MSE,68968,10,30.904589905889917,31.40097373784994,-0.4963838319600242,-0.4658250405286021,1
SHUFFLED_LAG_PM_PLACEBO_REPO,stable_low_dispersion,ex_post_descriptive,standard,MAE,68968,10,0.0006423459670206478,0.00064387616050371,-1.5301934830621667e-06,-1.4630466673766919e-06,0
SHUFFLED_LAG_PM_PLACEBO_REPO,stable_low_dispersion,ex_post_descriptive,standard,MSE,68968,10,3.707039266768412e-06,3.702651407830782e-06,4.387858937630017e-09,4.208982856129393e-09,8
SHUFFLED_LAG_PM_PLACEBO_REPO,stable_low_dispersion,ex_post_descriptive,standard,RMSE,68968,10,0.0019253673069750644,0.0019242274833893163,1.1398235857480385e-06,1.1918071658320015e-06,8
SHUFFLED_LAG_PM_PLACEBO_REPO,stable_low_dispersion,ex_post_descriptive,standard,SMAPE,68968,10,79.91610747922876,80.1902201766738,-0.27411269744504807,-0.2639169650318124,1
