model_name,condition,condition_label_type,loss_variant,loss_metric,n_obs_total,n_assets,pooled_CP_loss,pooled_model_loss,pooled_advantage_CP_minus_model,equal_weight_asset_advantage,assets_positive
CP_REPO_FRESH,all_observations,not_conditioned,high_vol_only,LOG_RV_MSE,73496,10,1.242997362551703,1.242997362551703,0.0,0.0,0
CP_REPO_FRESH,all_observations,not_conditioned,high_vol_only,MAE,73496,10,0.0013977588560888747,0.0013977588560888747,0.0,0.0,0
CP_REPO_FRESH,all_observations,not_conditioned,high_vol_only,MSE,73496,10,9.916314673078101e-06,9.916314673078101e-06,0.0,0.0,0
CP_REPO_FRESH,all_observations,not_conditioned,high_vol_only,RMSE,73496,10,0.002950349007591886,0.002950349007591886,0.0,0.0,0
CP_REPO_FRESH,all_observations,not_conditioned,high_vol_only,SMAPE,73496,10,74.02057588227855,74.02057588227855,0.0,0.0,0
CP_REPO_FRESH,all_observations,not_conditioned,near_zero_excluded,LOG_RV_MSE,363794,10,84.08930450265115,84.08930450265115,0.0,0.0,0
CP_REPO_FRESH,all_observations,not_conditioned,near_zero_excluded,MAE,363794,10,0.0005874977903762499,0.0005874977903762499,0.0,0.0,0
CP_REPO_FRESH,all_observations,not_conditioned,near_zero_excluded,MSE,363794,10,2.2153309063968043e-06,2.2153309063968043e-06,0.0,0.0,0
CP_REPO_FRESH,all_observations,not_conditioned,near_zero_excluded,RMSE,363794,10,0.0013956524343366019,0.0013956524343366019,0.0,0.0,0
CP_REPO_FRESH,all_observations,not_conditioned,near_zero_excluded,SMAPE,363794,10,99.92108201928681,99.92108201928681,0.0,0.0,0
CP_REPO_FRESH,all_observations,not_conditioned,standard,LOG_RV_MSE,367468,10,86.01532967523512,86.01532967523512,0.0,0.0,0
CP_REPO_FRESH,all_observations,not_conditioned,standard,MAE,367468,10,0.0005862627333686982,0.0005862627333686982,0.0,0.0,0
CP_REPO_FRESH,all_observations,not_conditioned,standard,MSE,367468,10,2.195810003722176e-06,2.195810003722176e-06,0.0,0.0,0
CP_REPO_FRESH,all_observations,not_conditioned,standard,RMSE,367468,10,0.0013888098610510206,0.0013888098610510206,0.0,0.0,0
CP_REPO_FRESH,all_observations,not_conditioned,standard,SMAPE,367468,10,100.87996479236018,100.87996479236018,0.0,0.0,0
CP_REPO_FRESH,cluster_entry_loose,ex_post_descriptive,high_vol_only,LOG_RV_MSE,14694,10,1.332130439533171,1.332130439533171,0.0,0.0,0
CP_REPO_FRESH,cluster_entry_loose,ex_post_descriptive,high_vol_only,MAE,14694,10,0.0017844911497977504,0.0017844911497977504,0.0,0.0,0
CP_REPO_FRESH,cluster_entry_loose,ex_post_descriptive,high_vol_only,MSE,14694,10,1.0321539944733833e-05,1.0321539944733833e-05,0.0,0.0,0
CP_REPO_FRESH,cluster_entry_loose,ex_post_descriptive,high_vol_only,RMSE,14694,10,0.002962451772982635,0.002962451772982635,0.0,0.0,0
CP_REPO_FRESH,cluster_entry_loose,ex_post_descriptive,high_vol_only,SMAPE,14694,10,84.81154032675794,84.81154032675794,0.0,0.0,0
CP_REPO_FRESH,cluster_entry_loose,ex_post_descriptive,near_zero_excluded,LOG_RV_MSE,72721,10,60.55015230062345,60.55015230062345,0.0,0.0,0
CP_REPO_FRESH,cluster_entry_loose,ex_post_descriptive,near_zero_excluded,MAE,72721,10,0.0007578798736419351,0.0007578798736419351,0.0,0.0,0
CP_REPO_FRESH,cluster_entry_loose,ex_post_descriptive,near_zero_excluded,MSE,72721,10,2.4815741436570955e-06,2.4815741436570955e-06,0.0,0.0,0
CP_REPO_FRESH,cluster_entry_loose,ex_post_descriptive,near_zero_excluded,RMSE,72721,10,0.0014547106809734331,0.0014547106809734331,0.0,0.0,0
CP_REPO_FRESH,cluster_entry_loose,ex_post_descriptive,near_zero_excluded,SMAPE,72721,10,92.54758698805011,92.54758698805011,0.0,0.0,0
CP_REPO_FRESH,cluster_entry_loose,ex_post_descriptive,standard,LOG_RV_MSE,73457,10,62.079879709655344,62.079879709655344,0.0,0.0,0
CP_REPO_FRESH,cluster_entry_loose,ex_post_descriptive,standard,MAE,73457,10,0.0007565085518804874,0.0007565085518804874,0.0,0.0,0
CP_REPO_FRESH,cluster_entry_loose,ex_post_descriptive,standard,MSE,73457,10,2.4613245517090566e-06,2.4613245517090566e-06,0.0,0.0,0
CP_REPO_FRESH,cluster_entry_loose,ex_post_descriptive,standard,RMSE,73457,10,0.0014483360606577745,0.0014483360606577745,0.0,0.0,0
CP_REPO_FRESH,cluster_entry_loose,ex_post_descriptive,standard,SMAPE,73457,10,93.56088920634402,93.56088920634402,0.0,0.0,0
CP_REPO_FRESH,cluster_entry_strict,ex_post_descriptive,high_vol_only,LOG_RV_MSE,14657,10,1.3342554614333662,1.3342554614333662,0.0,0.0,0
CP_REPO_FRESH,cluster_entry_strict,ex_post_descriptive,high_vol_only,MAE,14657,10,0.0017872433294153405,0.0017872433294153405,0.0,0.0,0
CP_REPO_FRESH,cluster_entry_strict,ex_post_descriptive,high_vol_only,MSE,14657,10,1.0345803213348162e-05,1.0345803213348162e-05,0.0,0.0,0
CP_REPO_FRESH,cluster_entry_strict,ex_post_descriptive,high_vol_only,RMSE,14657,10,0.00296579151461851,0.00296579151461851,0.0,0.0,0
CP_REPO_FRESH,cluster_entry_strict,ex_post_descriptive,high_vol_only,SMAPE,14657,10,84.8814963609779,84.8814963609779,0.0,0.0,0
CP_REPO_FRESH,cluster_entry_strict,ex_post_descriptive,near_zero_excluded,LOG_RV_MSE,72532,10,60.38117337033708,60.38117337033708,0.0,0.0,0
CP_REPO_FRESH,cluster_entry_strict,ex_post_descriptive,near_zero_excluded,MAE,72532,10,0.0007588564317868342,0.0007588564317868342,0.0,0.0,0
CP_REPO_FRESH,cluster_entry_strict,ex_post_descriptive,near_zero_excluded,MSE,72532,10,2.487464552745797e-06,2.487464552745797e-06,0.0,0.0,0
CP_REPO_FRESH,cluster_entry_strict,ex_post_descriptive,near_zero_excluded,RMSE,72532,10,0.0014563362173721057,0.0014563362173721057,0.0,0.0,0
CP_REPO_FRESH,cluster_entry_strict,ex_post_descriptive,near_zero_excluded,SMAPE,72532,10,92.49978928796125,92.49978928796125,0.0,0.0,0
CP_REPO_FRESH,cluster_entry_strict,ex_post_descriptive,standard,LOG_RV_MSE,73266,10,61.91279478429878,61.91279478429878,0.0,0.0,0
CP_REPO_FRESH,cluster_entry_strict,ex_post_descriptive,standard,MAE,73266,10,0.0007574764161019864,0.0007574764161019864,0.0,0.0,0
CP_REPO_FRESH,cluster_entry_strict,ex_post_descriptive,standard,MSE,73266,10,2.467160189761694e-06,2.467160189761694e-06,0.0,0.0,0
CP_REPO_FRESH,cluster_entry_strict,ex_post_descriptive,standard,RMSE,73266,10,0.0014499492718708553,0.0014499492718708553,0.0,0.0,0
CP_REPO_FRESH,cluster_entry_strict,ex_post_descriptive,standard,SMAPE,73266,10,93.51351872126942,93.51351872126942,0.0,0.0,0
CP_REPO_FRESH,cluster_exit_loose,ex_post_descriptive,high_vol_only,LOG_RV_MSE,14693,10,1.12298621037566,1.12298621037566,0.0,0.0,0
CP_REPO_FRESH,cluster_exit_loose,ex_post_descriptive,high_vol_only,MAE,14693,10,0.0015010885262106495,0.0015010885262106495,0.0,0.0,0
CP_REPO_FRESH,cluster_exit_loose,ex_post_descriptive,high_vol_only,MSE,14693,10,1.2677943125150043e-05,1.2677943125150043e-05,0.0,0.0,0
CP_REPO_FRESH,cluster_exit_loose,ex_post_descriptive,high_vol_only,RMSE,14693,10,0.003290296968866952,0.003290296968866952,0.0,0.0,0
CP_REPO_FRESH,cluster_exit_loose,ex_post_descriptive,high_vol_only,SMAPE,14693,10,73.70908082091424,73.70908082091424,0.0,0.0,0
CP_REPO_FRESH,cluster_exit_loose,ex_post_descriptive,near_zero_excluded,LOG_RV_MSE,72719,10,80.20388220421133,80.20388220421133,0.0,0.0,0
CP_REPO_FRESH,cluster_exit_loose,ex_post_descriptive,near_zero_excluded,MAE,72719,10,0.0006184788455723182,0.0006184788455723182,0.0,0.0,0
CP_REPO_FRESH,cluster_exit_loose,ex_post_descriptive,near_zero_excluded,MSE,72719,10,2.7784093074238514e-06,2.7784093074238514e-06,0.0,0.0,0
CP_REPO_FRESH,cluster_exit_loose,ex_post_descriptive,near_zero_excluded,RMSE,72719,10,0.0015451466912209794,0.0015451466912209794,0.0,0.0,0
CP_REPO_FRESH,cluster_exit_loose,ex_post_descriptive,near_zero_excluded,SMAPE,72719,10,96.79268420263405,96.79268420263405,0.0,0.0,0
CP_REPO_FRESH,cluster_exit_loose,ex_post_descriptive,standard,LOG_RV_MSE,73455,10,82.09800802250078,82.09800802250078,0.0,0.0,0
CP_REPO_FRESH,cluster_exit_loose,ex_post_descriptive,standard,MAE,73455,10,0.0006171643472766632,0.0006171643472766632,0.0,0.0,0
CP_REPO_FRESH,cluster_exit_loose,ex_post_descriptive,standard,MSE,73455,10,2.7534877095128126e-06,2.7534877095128126e-06,0.0,0.0,0
CP_REPO_FRESH,cluster_exit_loose,ex_post_descriptive,standard,RMSE,73455,10,0.0015378243777010383,0.0015378243777010383,0.0,0.0,0
CP_REPO_FRESH,cluster_exit_loose,ex_post_descriptive,standard,SMAPE,73455,10,97.78270322300327,97.78270322300327,0.0,0.0,0
CP_REPO_FRESH,cluster_exit_strict,ex_post_descriptive,high_vol_only,LOG_RV_MSE,14671,10,1.1215448458933273,1.1215448458933273,0.0,0.0,0
CP_REPO_FRESH,cluster_exit_strict,ex_post_descriptive,high_vol_only,MAE,14671,10,0.0015007236427852432,0.0015007236427852432,0.0,0.0,0
CP_REPO_FRESH,cluster_exit_strict,ex_post_descriptive,high_vol_only,MSE,14671,10,1.268641340717767e-05,1.268641340717767e-05,0.0,0.0,0
CP_REPO_FRESH,cluster_exit_strict,ex_post_descriptive,high_vol_only,RMSE,14671,10,0.003291129352958483,0.003291129352958483,0.0,0.0,0
CP_REPO_FRESH,cluster_exit_strict,ex_post_descriptive,high_vol_only,SMAPE,14671,10,73.68484596664375,73.68484596664375,0.0,0.0,0
CP_REPO_FRESH,cluster_exit_strict,ex_post_descriptive,near_zero_excluded,LOG_RV_MSE,72600,10,80.02173785493152,80.02173785493152,0.0,0.0,0
CP_REPO_FRESH,cluster_exit_strict,ex_post_descriptive,near_zero_excluded,MAE,72600,10,0.000618453517903209,0.000618453517903209,0.0,0.0,0
CP_REPO_FRESH,cluster_exit_strict,ex_post_descriptive,near_zero_excluded,MSE,72600,10,2.7805878498427435e-06,2.7805878498427435e-06,0.0,0.0,0
CP_REPO_FRESH,cluster_exit_strict,ex_post_descriptive,near_zero_excluded,RMSE,72600,10,0.001545605440712163,0.001545605440712163,0.0,0.0,0
CP_REPO_FRESH,cluster_exit_strict,ex_post_descriptive,near_zero_excluded,SMAPE,72600,10,96.72258688965874,96.72258688965874,0.0,0.0,0
CP_REPO_FRESH,cluster_exit_strict,ex_post_descriptive,standard,LOG_RV_MSE,73334,10,81.907172367353,81.907172367353,0.0,0.0,0
CP_REPO_FRESH,cluster_exit_strict,ex_post_descriptive,standard,MAE,73334,10,0.000617143413936429,0.000617143413936429,0.0,0.0,0
CP_REPO_FRESH,cluster_exit_strict,ex_post_descriptive,standard,MSE,73334,10,2.7556748132854714e-06,2.7556748132854714e-06,0.0,0.0,0
CP_REPO_FRESH,cluster_exit_strict,ex_post_descriptive,standard,RMSE,73334,10,0.0015382910694777211,0.0015382910694777211,0.0,0.0,0
CP_REPO_FRESH,cluster_exit_strict,ex_post_descriptive,standard,SMAPE,73334,10,97.71189561215205,97.71189561215205,0.0,0.0,0
CP_REPO_FRESH,entry_with_recent_spike,ex_post_descriptive,high_vol_only,LOG_RV_MSE,8754,10,1.4736378431182429,1.4736378431182429,0.0,0.0,0
CP_REPO_FRESH,entry_with_recent_spike,ex_post_descriptive,high_vol_only,MAE,8754,10,0.0019315043244872631,0.0019315043244872631,0.0,0.0,0
CP_REPO_FRESH,entry_with_recent_spike,ex_post_descriptive,high_vol_only,MSE,8754,10,1.1146392096412257e-05,1.1146392096412257e-05,0.0,0.0,0
CP_REPO_FRESH,entry_with_recent_spike,ex_post_descriptive,high_vol_only,RMSE,8754,10,0.0030456163069443403,0.0030456163069443403,0.0,0.0,0
CP_REPO_FRESH,entry_with_recent_spike,ex_post_descriptive,high_vol_only,SMAPE,8754,10,87.65347707200944,87.65347707200944,0.0,0.0,0
CP_REPO_FRESH,entry_with_recent_spike,ex_post_descriptive,near_zero_excluded,LOG_RV_MSE,43077,10,58.50730008759242,58.50730008759242,0.0,0.0,0
CP_REPO_FRESH,entry_with_recent_spike,ex_post_descriptive,near_zero_excluded,MAE,43077,10,0.0008298909469058861,0.0008298909469058861,0.0,0.0,0
CP_REPO_FRESH,entry_with_recent_spike,ex_post_descriptive,near_zero_excluded,MSE,43077,10,2.752423802216183e-06,2.752423802216183e-06,0.0,0.0,0
CP_REPO_FRESH,entry_with_recent_spike,ex_post_descriptive,near_zero_excluded,RMSE,43077,10,0.001518223195730347,0.001518223195730347,0.0,0.0,0
CP_REPO_FRESH,entry_with_recent_spike,ex_post_descriptive,near_zero_excluded,SMAPE,43077,10,93.43135785241643,93.43135785241643,0.0,0.0,0
CP_REPO_FRESH,entry_with_recent_spike,ex_post_descriptive,standard,LOG_RV_MSE,43747,10,61.708962575357376,61.708962575357376,0.0,0.0,0
CP_REPO_FRESH,entry_with_recent_spike,ex_post_descriptive,standard,MAE,43747,10,0.0008304363649765771,0.0008304363649765771,0.0,0.0,0
CP_REPO_FRESH,entry_with_recent_spike,ex_post_descriptive,standard,MSE,43747,10,2.7262690953671725e-06,2.7262690953671725e-06,0.0,0.0,0
CP_REPO_FRESH,entry_with_recent_spike,ex_post_descriptive,standard,RMSE,43747,10,0.0015116472772234515,0.0015116472772234515,0.0,0.0,0
CP_REPO_FRESH,entry_with_recent_spike,ex_post_descriptive,standard,SMAPE,43747,10,94.99398856513221,94.99398856513221,0.0,0.0,0
CP_REPO_FRESH,entry_without_recent_spike,ex_post_descriptive,high_vol_only,LOG_RV_MSE,5946,10,1.119569204962307,1.119569204962307,0.0,0.0,0
CP_REPO_FRESH,entry_without_recent_spike,ex_post_descriptive,high_vol_only,MAE,5946,10,0.0015570783497103559,0.0015570783497103559,0.0,0.0,0
CP_REPO_FRESH,entry_without_recent_spike,ex_post_descriptive,high_vol_only,MSE,5946,10,9.074816797776091e-06,9.074816797776091e-06,0.0,0.0,0
CP_REPO_FRESH,entry_without_recent_spike,ex_post_descriptive,high_vol_only,RMSE,5946,10,0.0028047262156614488,0.0028047262156614488,0.0,0.0,0
CP_REPO_FRESH,entry_without_recent_spike,ex_post_descriptive,high_vol_only,SMAPE,5946,10,80.34309466541848,80.34309466541848,0.0,0.0,0
CP_REPO_FRESH,entry_without_recent_spike,ex_post_descriptive,near_zero_excluded,LOG_RV_MSE,29421,10,60.96692014714213,60.96692014714213,0.0,0.0,0
CP_REPO_FRESH,entry_without_recent_spike,ex_post_descriptive,near_zero_excluded,MAE,29421,10,0.0006486509067225549,0.0006486509067225549,0.0,0.0,0
CP_REPO_FRESH,entry_without_recent_spike,ex_post_descriptive,near_zero_excluded,MSE,29421,10,2.0879985944106474e-06,2.0879985944106474e-06,0.0,0.0,0
CP_REPO_FRESH,entry_without_recent_spike,ex_post_descriptive,near_zero_excluded,RMSE,29421,10,0.0013463512678004088,0.0013463512678004088,0.0,0.0,0
CP_REPO_FRESH,entry_without_recent_spike,ex_post_descriptive,near_zero_excluded,SMAPE,29421,10,90.44189351109883,90.44189351109883,0.0,0.0,0
CP_REPO_FRESH,entry_without_recent_spike,ex_post_descriptive,standard,LOG_RV_MSE,29710,10,62.626043017434974,62.626043017434974,0.0,0.0,0
CP_REPO_FRESH,entry_without_recent_spike,ex_post_descriptive,standard,MAE,29710,10,0.0006476522732027815,0.0006476522732027815,0.0,0.0,0
CP_REPO_FRESH,entry_without_recent_spike,ex_post_descriptive,standard,MSE,29710,10,2.0712024059193703e-06,2.0712024059193703e-06,0.0,0.0,0
CP_REPO_FRESH,entry_without_recent_spike,ex_post_descriptive,standard,RMSE,29710,10,0.0013410461974914213,0.0013410461974914213,0.0,0.0,0
CP_REPO_FRESH,entry_without_recent_spike,ex_post_descriptive,standard,SMAPE,29710,10,91.45069743088432,91.45069743088432,0.0,0.0,0
CP_REPO_FRESH,high_within_block_dispersion,ex_post_descriptive,high_vol_only,LOG_RV_MSE,13800,10,1.3470033356512643,1.3470033356512643,0.0,0.0,0
CP_REPO_FRESH,high_within_block_dispersion,ex_post_descriptive,high_vol_only,MAE,13800,10,0.0010124910159811013,0.0010124910159811013,0.0,0.0,0
CP_REPO_FRESH,high_within_block_dispersion,ex_post_descriptive,high_vol_only,MSE,13800,10,4.061123262773911e-06,4.061123262773911e-06,0.0,0.0,0
CP_REPO_FRESH,high_within_block_dispersion,ex_post_descriptive,high_vol_only,RMSE,13800,10,0.0019444871564255927,0.0019444871564255927,0.0,0.0,0
CP_REPO_FRESH,high_within_block_dispersion,ex_post_descriptive,high_vol_only,SMAPE,13800,10,67.13010831422379,67.13010831422379,0.0,0.0,0
CP_REPO_FRESH,high_within_block_dispersion,ex_post_descriptive,near_zero_excluded,LOG_RV_MSE,68602,10,133.4472628667991,133.4472628667991,0.0,0.0,0
CP_REPO_FRESH,high_within_block_dispersion,ex_post_descriptive,near_zero_excluded,MAE,68602,10,0.0005686491628151094,0.0005686491628151094,0.0,0.0,0
CP_REPO_FRESH,high_within_block_dispersion,ex_post_descriptive,near_zero_excluded,MSE,68602,10,1.1270507326667902e-06,1.1270507326667902e-06,0.0,0.0,0
CP_REPO_FRESH,high_within_block_dispersion,ex_post_descriptive,near_zero_excluded,RMSE,68602,10,0.0010229154137202216,0.0010229154137202216,0.0,0.0,0
CP_REPO_FRESH,high_within_block_dispersion,ex_post_descriptive,near_zero_excluded,SMAPE,68602,10,119.19625535603214,119.19625535603214,0.0,0.0,0
CP_REPO_FRESH,high_within_block_dispersion,ex_post_descriptive,standard,LOG_RV_MSE,68970,10,134.1816042682559,134.1816042682559,0.0,0.0,0
CP_REPO_FRESH,high_within_block_dispersion,ex_post_descriptive,standard,MAE,68970,10,0.0005686239436959388,0.0005686239436959388,0.0,0.0,0
CP_REPO_FRESH,high_within_block_dispersion,ex_post_descriptive,standard,MSE,68970,10,1.123133377035606e-06,1.123133377035606e-06,0.0,0.0,0
CP_REPO_FRESH,high_within_block_dispersion,ex_post_descriptive,standard,RMSE,68970,10,0.0010218476548916344,0.0010218476548916344,0.0,0.0,0
CP_REPO_FRESH,high_within_block_dispersion,ex_post_descriptive,standard,SMAPE,68970,10,119.6042723375393,119.6042723375393,0.0,0.0,0
CP_REPO_FRESH,inflection_points,ex_post_descriptive,high_vol_only,LOG_RV_MSE,28984,10,1.1395945169174655,1.1395945169174655,0.0,0.0,0
CP_REPO_FRESH,inflection_points,ex_post_descriptive,high_vol_only,MAE,28984,10,0.0015690861683881798,0.0015690861683881798,0.0,0.0,0
CP_REPO_FRESH,inflection_points,ex_post_descriptive,high_vol_only,MSE,28984,10,1.1258143057647152e-05,1.1258143057647152e-05,0.0,0.0,0
CP_REPO_FRESH,inflection_points,ex_post_descriptive,high_vol_only,RMSE,28984,10,0.003107343839288957,0.003107343839288957,0.0,0.0,0
CP_REPO_FRESH,inflection_points,ex_post_descriptive,high_vol_only,SMAPE,28984,10,77.55114846016427,77.55114846016427,0.0,0.0,0
CP_REPO_FRESH,inflection_points,ex_post_descriptive,near_zero_excluded,LOG_RV_MSE,143375,10,58.64300646701444,58.64300646701444,0.0,0.0,0
CP_REPO_FRESH,inflection_points,ex_post_descriptive,near_zero_excluded,MAE,143375,10,0.0006543332063453756,0.0006543332063453756,0.0,0.0,0
CP_REPO_FRESH,inflection_points,ex_post_descriptive,near_zero_excluded,MSE,143375,10,2.5404502225261253e-06,2.5404502225261253e-06,0.0,0.0,0
CP_REPO_FRESH,inflection_points,ex_post_descriptive,near_zero_excluded,RMSE,143375,10,0.0014800076339818136,0.0014800076339818136,0.0,0.0,0
CP_REPO_FRESH,inflection_points,ex_post_descriptive,near_zero_excluded,SMAPE,143375,10,90.02958353834602,90.02958353834602,0.0,0.0,0
CP_REPO_FRESH,inflection_points,ex_post_descriptive,standard,LOG_RV_MSE,144886,10,60.50679138303631,60.50679138303631,0.0,0.0,0
CP_REPO_FRESH,inflection_points,ex_post_descriptive,standard,MAE,144886,10,0.000652967914369835,0.000652967914369835,0.0,0.0,0
CP_REPO_FRESH,inflection_points,ex_post_descriptive,standard,MSE,144886,10,2.5174090288561914e-06,2.5174090288561914e-06,0.0,0.0,0
CP_REPO_FRESH,inflection_points,ex_post_descriptive,standard,RMSE,144886,10,0.0014727078102294974,0.0014727078102294974,0.0,0.0,0
CP_REPO_FRESH,inflection_points,ex_post_descriptive,standard,SMAPE,144886,10,91.11849776564617,91.11849776564617,0.0,0.0,0
CP_REPO_FRESH,older_spike_position,ex_post_descriptive,high_vol_only,LOG_RV_MSE,21781,10,1.139530307137008,1.139530307137008,0.0,0.0,0
CP_REPO_FRESH,older_spike_position,ex_post_descriptive,high_vol_only,MAE,21781,10,0.0013486758958274894,0.0013486758958274894,0.0,0.0,0
CP_REPO_FRESH,older_spike_position,ex_post_descriptive,high_vol_only,MSE,21781,10,1.0691413001492031e-05,1.0691413001492031e-05,0.0,0.0,0
CP_REPO_FRESH,older_spike_position,ex_post_descriptive,high_vol_only,RMSE,21781,10,0.003051768796325229,0.003051768796325229,0.0,0.0,0
CP_REPO_FRESH,older_spike_position,ex_post_descriptive,high_vol_only,SMAPE,21781,10,69.86263022976281,69.86263022976281,0.0,0.0,0
CP_REPO_FRESH,older_spike_position,ex_post_descriptive,near_zero_excluded,LOG_RV_MSE,107788,10,78.34423189431001,78.34423189431001,0.0,0.0,0
CP_REPO_FRESH,older_spike_position,ex_post_descriptive,near_zero_excluded,MAE,107788,10,0.0005714781969836334,0.0005714781969836334,0.0,0.0,0
CP_REPO_FRESH,older_spike_position,ex_post_descriptive,near_zero_excluded,MSE,107788,10,2.3464758025941733e-06,2.3464758025941733e-06,0.0,0.0,0
CP_REPO_FRESH,older_spike_position,ex_post_descriptive,near_zero_excluded,RMSE,107788,10,0.0014337788538724924,0.0014337788538724924,0.0,0.0,0
CP_REPO_FRESH,older_spike_position,ex_post_descriptive,near_zero_excluded,SMAPE,107788,10,96.43669124775658,96.43669124775658,0.0,0.0,0
CP_REPO_FRESH,older_spike_position,ex_post_descriptive,standard,LOG_RV_MSE,108871,10,80.56611778057228,80.56611778057228,0.0,0.0,0
CP_REPO_FRESH,older_spike_position,ex_post_descriptive,standard,MAE,108871,10,0.0005701423444708844,0.0005701423444708844,0.0,0.0,0
CP_REPO_FRESH,older_spike_position,ex_post_descriptive,standard,MSE,108871,10,2.3254307190714065e-06,2.3254307190714065e-06,0.0,0.0,0
CP_REPO_FRESH,older_spike_position,ex_post_descriptive,standard,RMSE,108871,10,0.001426511603214955,0.001426511603214955,0.0,0.0,0
CP_REPO_FRESH,older_spike_position,ex_post_descriptive,standard,SMAPE,108871,10,97.43444156272848,97.43444156272848,0.0,0.0,0
CP_REPO_FRESH,recent_ramp_high_dispersion,ex_post_descriptive,high_vol_only,LOG_RV_MSE,4860,10,1.4225416857889897,1.4225416857889897,0.0,0.0,0
CP_REPO_FRESH,recent_ramp_high_dispersion,ex_post_descriptive,high_vol_only,MAE,4860,10,0.00146139554770417,0.00146139554770417,0.0,0.0,0
CP_REPO_FRESH,recent_ramp_high_dispersion,ex_post_descriptive,high_vol_only,MSE,4860,10,5.962958682117299e-06,5.962958682117299e-06,0.0,0.0,0
CP_REPO_FRESH,recent_ramp_high_dispersion,ex_post_descriptive,high_vol_only,RMSE,4860,10,0.0023230566466459776,0.0023230566466459776,0.0,0.0,0
CP_REPO_FRESH,recent_ramp_high_dispersion,ex_post_descriptive,high_vol_only,SMAPE,4860,10,76.48024034284735,76.48024034284735,0.0,0.0,0
CP_REPO_FRESH,recent_ramp_high_dispersion,ex_post_descriptive,near_zero_excluded,LOG_RV_MSE,24128,10,114.11256472838478,114.11256472838478,0.0,0.0,0
CP_REPO_FRESH,recent_ramp_high_dispersion,ex_post_descriptive,near_zero_excluded,MAE,24128,10,0.0007928593925198659,0.0007928593925198659,0.0,0.0,0
CP_REPO_FRESH,recent_ramp_high_dispersion,ex_post_descriptive,near_zero_excluded,MSE,24128,10,1.8154479393961285e-06,1.8154479393961285e-06,0.0,0.0,0
CP_REPO_FRESH,recent_ramp_high_dispersion,ex_post_descriptive,near_zero_excluded,RMSE,24128,10,0.0012728856173696308,0.0012728856173696308,0.0,0.0,0
CP_REPO_FRESH,recent_ramp_high_dispersion,ex_post_descriptive,near_zero_excluded,SMAPE,24128,10,117.97303255679836,117.97303255679836,0.0,0.0,0
CP_REPO_FRESH,recent_ramp_high_dispersion,ex_post_descriptive,standard,LOG_RV_MSE,24273,10,114.68887158724468,114.68887158724468,0.0,0.0,0
CP_REPO_FRESH,recent_ramp_high_dispersion,ex_post_descriptive,standard,MAE,24273,10,0.0007926212482416148,0.0007926212482416148,0.0,0.0,0
CP_REPO_FRESH,recent_ramp_high_dispersion,ex_post_descriptive,standard,MSE,24273,10,1.8086202635967039e-06,1.8086202635967039e-06,0.0,0.0,0
CP_REPO_FRESH,recent_ramp_high_dispersion,ex_post_descriptive,standard,RMSE,24273,10,0.0012704857330761475,0.0012704857330761475,0.0,0.0,0
CP_REPO_FRESH,recent_ramp_high_dispersion,ex_post_descriptive,standard,SMAPE,24273,10,118.42814151699291,118.42814151699291,0.0,0.0,0
CP_REPO_FRESH,recent_spike_position,ex_post_descriptive,high_vol_only,LOG_RV_MSE,41263,10,133.6032635592639,133.6032635592639,0.0,0.0,0
CP_REPO_FRESH,recent_spike_position,ex_post_descriptive,high_vol_only,MAE,41263,10,0.000927832962167618,0.000927832962167618,0.0,0.0,0
CP_REPO_FRESH,recent_spike_position,ex_post_descriptive,high_vol_only,MSE,41263,10,5.620772726610019e-06,5.620772726610019e-06,0.0,0.0,0
CP_REPO_FRESH,recent_spike_position,ex_post_descriptive,high_vol_only,RMSE,41263,10,0.0018548378532288745,0.0018548378532288745,0.0,0.0,0
CP_REPO_FRESH,recent_spike_position,ex_post_descriptive,high_vol_only,SMAPE,41263,10,126.75937019751491,126.75937019751491,0.0,0.0,0
CP_REPO_FRESH,recent_spike_position,ex_post_descriptive,near_zero_excluded,LOG_RV_MSE,124205,10,108.0933145584078,108.0933145584078,0.0,0.0,0
CP_REPO_FRESH,recent_spike_position,ex_post_descriptive,near_zero_excluded,MAE,124205,10,0.0006101040585027672,0.0006101040585027672,0.0,0.0,0
CP_REPO_FRESH,recent_spike_position,ex_post_descriptive,near_zero_excluded,MSE,124205,10,2.122274233742506e-06,2.122274233742506e-06,0.0,0.0,0
CP_REPO_FRESH,recent_spike_position,ex_post_descriptive,near_zero_excluded,RMSE,124205,10,0.0013357423747781827,0.0013357423747781827,0.0,0.0,0
CP_REPO_FRESH,recent_spike_position,ex_post_descriptive,near_zero_excluded,SMAPE,124205,10,110.75903396146333,110.75903396146333,0.0,0.0,0
CP_REPO_FRESH,recent_spike_position,ex_post_descriptive,standard,LOG_RV_MSE,125358,10,109.41387329729076,109.41387329729076,0.0,0.0,0
CP_REPO_FRESH,recent_spike_position,ex_post_descriptive,standard,MAE,125358,10,0.0006091827783180372,0.0006091827783180372,0.0,0.0,0
CP_REPO_FRESH,recent_spike_position,ex_post_descriptive,standard,MSE,125358,10,2.105711101802366e-06,2.105711101802366e-06,0.0,0.0,0
CP_REPO_FRESH,recent_spike_position,ex_post_descriptive,standard,RMSE,125358,10,0.0013297050754869251,0.0013297050754869251,0.0,0.0,0
CP_REPO_FRESH,recent_spike_position,ex_post_descriptive,standard,SMAPE,125358,10,111.53126330980865,111.53126330980865,0.0,0.0,0
CP_REPO_FRESH,same_average_back_loaded,ex_post_descriptive,high_vol_only,LOG_RV_MSE,5089,10,148.22928499978485,148.22928499978485,0.0,0.0,0
CP_REPO_FRESH,same_average_back_loaded,ex_post_descriptive,high_vol_only,MAE,5089,10,0.0007950207010854334,0.0007950207010854334,0.0,0.0,0
CP_REPO_FRESH,same_average_back_loaded,ex_post_descriptive,high_vol_only,MSE,5089,10,5.436331054030538e-06,5.436331054030538e-06,0.0,0.0,0
CP_REPO_FRESH,same_average_back_loaded,ex_post_descriptive,high_vol_only,RMSE,5089,10,0.0018167313676903931,0.0018167313676903931,0.0,0.0,0
CP_REPO_FRESH,same_average_back_loaded,ex_post_descriptive,high_vol_only,SMAPE,5089,10,125.47402772647942,125.47402772647942,0.0,0.0,0
CP_REPO_FRESH,same_average_back_loaded,ex_post_descriptive,near_zero_excluded,LOG_RV_MSE,15487,10,124.26141465489667,124.26141465489667,0.0,0.0,0
CP_REPO_FRESH,same_average_back_loaded,ex_post_descriptive,near_zero_excluded,MAE,15487,10,0.0005277414200533392,0.0005277414200533392,0.0,0.0,0
CP_REPO_FRESH,same_average_back_loaded,ex_post_descriptive,near_zero_excluded,MSE,15487,10,1.938986808716451e-06,1.938986808716451e-06,0.0,0.0,0
CP_REPO_FRESH,same_average_back_loaded,ex_post_descriptive,near_zero_excluded,RMSE,15487,10,0.0012924945524023612,0.0012924945524023612,0.0,0.0,0
CP_REPO_FRESH,same_average_back_loaded,ex_post_descriptive,near_zero_excluded,SMAPE,15487,10,115.21629356910046,115.21629356910046,0.0,0.0,0
CP_REPO_FRESH,same_average_back_loaded,ex_post_descriptive,standard,LOG_RV_MSE,15559,10,124.77448384105081,124.77448384105081,0.0,0.0,0
CP_REPO_FRESH,same_average_back_loaded,ex_post_descriptive,standard,MAE,15559,10,0.0005277712465664336,0.0005277712465664336,0.0,0.0,0
CP_REPO_FRESH,same_average_back_loaded,ex_post_descriptive,standard,MSE,15559,10,1.9314322770860373e-06,1.9314322770860373e-06,0.0,0.0,0
CP_REPO_FRESH,same_average_back_loaded,ex_post_descriptive,standard,RMSE,15559,10,0.0012903148383427415,0.0012903148383427415,0.0,0.0,0
CP_REPO_FRESH,same_average_back_loaded,ex_post_descriptive,standard,SMAPE,15559,10,115.58379315439639,115.58379315439639,0.0,0.0,0
CP_REPO_FRESH,same_average_different_path,ex_post_descriptive,high_vol_only,LOG_RV_MSE,1483,10,1.1764516069396271,1.1764516069396271,0.0,0.0,0
CP_REPO_FRESH,same_average_different_path,ex_post_descriptive,high_vol_only,MAE,1483,10,0.001230842183409896,0.001230842183409896,0.0,0.0,0
CP_REPO_FRESH,same_average_different_path,ex_post_descriptive,high_vol_only,MSE,1483,10,5.424646643514248e-06,5.424646643514248e-06,0.0,0.0,0
CP_REPO_FRESH,same_average_different_path,ex_post_descriptive,high_vol_only,RMSE,1483,10,0.002260088323255372,0.002260088323255372,0.0,0.0,0
CP_REPO_FRESH,same_average_different_path,ex_post_descriptive,high_vol_only,SMAPE,1483,10,78.26623103458408,78.26623103458408,0.0,0.0,0
CP_REPO_FRESH,same_average_different_path,ex_post_descriptive,near_zero_excluded,LOG_RV_MSE,7368,10,130.56479826519202,130.56479826519202,0.0,0.0,0
CP_REPO_FRESH,same_average_different_path,ex_post_descriptive,near_zero_excluded,MAE,7368,10,0.0005432933684752154,0.0005432933684752154,0.0,0.0,0
CP_REPO_FRESH,same_average_different_path,ex_post_descriptive,near_zero_excluded,MSE,7368,10,1.2503333296572368e-06,1.2503333296572368e-06,0.0,0.0,0
CP_REPO_FRESH,same_average_different_path,ex_post_descriptive,near_zero_excluded,RMSE,7368,10,0.0010858650799512115,0.0010858650799512115,0.0,0.0,0
CP_REPO_FRESH,same_average_different_path,ex_post_descriptive,near_zero_excluded,SMAPE,7368,10,117.07922485740528,117.07922485740528,0.0,0.0,0
CP_REPO_FRESH,same_average_different_path,ex_post_descriptive,standard,LOG_RV_MSE,7396,10,131.05381497089004,131.05381497089004,0.0,0.0,0
CP_REPO_FRESH,same_average_different_path,ex_post_descriptive,standard,MAE,7396,10,0.0005431003711606759,0.0005431003711606759,0.0,0.0,0
CP_REPO_FRESH,same_average_different_path,ex_post_descriptive,standard,MSE,7396,10,1.2465643226607867e-06,1.2465643226607867e-06,0.0,0.0,0
CP_REPO_FRESH,same_average_different_path,ex_post_descriptive,standard,RMSE,7396,10,0.001084043979705964,0.001084043979705964,0.0,0.0,0
CP_REPO_FRESH,same_average_different_path,ex_post_descriptive,standard,SMAPE,7396,10,117.37318180795144,117.37318180795144,0.0,0.0,0
CP_REPO_FRESH,same_average_recent_front_loaded,ex_post_descriptive,high_vol_only,LOG_RV_MSE,2870,10,1.458056280847616,1.458056280847616,0.0,0.0,0
CP_REPO_FRESH,same_average_recent_front_loaded,ex_post_descriptive,high_vol_only,MAE,2870,10,0.0016073033121389447,0.0016073033121389447,0.0,0.0,0
CP_REPO_FRESH,same_average_recent_front_loaded,ex_post_descriptive,high_vol_only,MSE,2870,10,7.781371153615297e-06,7.781371153615297e-06,0.0,0.0,0
CP_REPO_FRESH,same_average_recent_front_loaded,ex_post_descriptive,high_vol_only,RMSE,2870,10,0.002458167822054253,0.002458167822054253,0.0,0.0,0
CP_REPO_FRESH,same_average_recent_front_loaded,ex_post_descriptive,high_vol_only,SMAPE,2870,10,94.65986106709954,94.65986106709954,0.0,0.0,0
CP_REPO_FRESH,same_average_recent_front_loaded,ex_post_descriptive,near_zero_excluded,LOG_RV_MSE,14110,10,61.513062000957724,61.513062000957724,0.0,0.0,0
CP_REPO_FRESH,same_average_recent_front_loaded,ex_post_descriptive,near_zero_excluded,MAE,14110,10,0.0006158783008603954,0.0006158783008603954,0.0,0.0,0
CP_REPO_FRESH,same_average_recent_front_loaded,ex_post_descriptive,near_zero_excluded,MSE,14110,10,1.752722077863019e-06,1.752722077863019e-06,0.0,0.0,0
CP_REPO_FRESH,same_average_recent_front_loaded,ex_post_descriptive,near_zero_excluded,RMSE,14110,10,0.001176267632453264,0.001176267632453264,0.0,0.0,0
CP_REPO_FRESH,same_average_recent_front_loaded,ex_post_descriptive,near_zero_excluded,SMAPE,14110,10,92.08728033135652,92.08728033135652,0.0,0.0,0
CP_REPO_FRESH,same_average_recent_front_loaded,ex_post_descriptive,standard,LOG_RV_MSE,14331,10,65.03276064201738,65.03276064201738,0.0,0.0,0
CP_REPO_FRESH,same_average_recent_front_loaded,ex_post_descriptive,standard,MAE,14331,10,0.0006156989960013585,0.0006156989960013585,0.0,0.0,0
CP_REPO_FRESH,same_average_recent_front_loaded,ex_post_descriptive,standard,MSE,14331,10,1.7321796933368432e-06,1.7321796933368432e-06,0.0,0.0,0
CP_REPO_FRESH,same_average_recent_front_loaded,ex_post_descriptive,standard,RMSE,14331,10,0.0011690487178098597,0.0011690487178098597,0.0,0.0,0
CP_REPO_FRESH,same_average_recent_front_loaded,ex_post_descriptive,standard,SMAPE,14331,10,93.68336123788053,93.68336123788053,0.0,0.0,0
CP_REPO_FRESH,stable_low_dispersion,ex_post_descriptive,high_vol_only,LOG_RV_MSE,13798,10,1.1365927002845018,1.1365927002845018,0.0,0.0,0
CP_REPO_FRESH,stable_low_dispersion,ex_post_descriptive,high_vol_only,MAE,13798,10,0.001629704673023734,0.001629704673023734,0.0,0.0,0
CP_REPO_FRESH,stable_low_dispersion,ex_post_descriptive,high_vol_only,MSE,13798,10,1.7413305626983608e-05,1.7413305626983608e-05,0.0,0.0,0
CP_REPO_FRESH,stable_low_dispersion,ex_post_descriptive,high_vol_only,RMSE,13798,10,0.0037740477994486843,0.0037740477994486843,0.0,0.0,0
CP_REPO_FRESH,stable_low_dispersion,ex_post_descriptive,high_vol_only,SMAPE,13798,10,72.78501202199313,72.78501202199313,0.0,0.0,0
CP_REPO_FRESH,stable_low_dispersion,ex_post_descriptive,near_zero_excluded,LOG_RV_MSE,67129,10,23.025768077174654,23.025768077174654,0.0,0.0,0
CP_REPO_FRESH,stable_low_dispersion,ex_post_descriptive,near_zero_excluded,MAE,67129,10,0.0006391886575124143,0.0006391886575124143,0.0,0.0,0
CP_REPO_FRESH,stable_low_dispersion,ex_post_descriptive,near_zero_excluded,MSE,67129,10,3.789125701366807e-06,3.789125701366807e-06,0.0,0.0,0
CP_REPO_FRESH,stable_low_dispersion,ex_post_descriptive,near_zero_excluded,RMSE,67129,10,0.0017621521053889182,0.0017621521053889182,0.0,0.0,0
CP_REPO_FRESH,stable_low_dispersion,ex_post_descriptive,near_zero_excluded,SMAPE,67129,10,76.72229577442009,76.72229577442009,0.0,0.0,0
CP_REPO_FRESH,stable_low_dispersion,ex_post_descriptive,standard,LOG_RV_MSE,68968,10,30.904589880945924,30.904589880945924,0.0,0.0,0
CP_REPO_FRESH,stable_low_dispersion,ex_post_descriptive,standard,MAE,68968,10,0.0006423459669196488,0.0006423459669196488,0.0,0.0,0
CP_REPO_FRESH,stable_low_dispersion,ex_post_descriptive,standard,MSE,68968,10,3.7070392667763796e-06,3.7070392667763796e-06,0.0,0.0,0
CP_REPO_FRESH,stable_low_dispersion,ex_post_descriptive,standard,RMSE,68968,10,0.0017476301176741701,0.0017476301176741701,0.0,0.0,0
CP_REPO_FRESH,stable_low_dispersion,ex_post_descriptive,standard,SMAPE,68968,10,79.91610745758297,79.91610745758297,0.0,0.0,0
PHQO,all_observations,not_conditioned,high_vol_only,LOG_RV_MSE,71284,10,1.1945567707727012,1.1943505067825568,0.00020626399014433972,0.00021325181594191722,7
PHQO,all_observations,not_conditioned,high_vol_only,MAE,71284,10,0.0014159749783720056,0.0014158827494427442,9.22289292613291e-08,9.214758622251941e-08,10
PHQO,all_observations,not_conditioned,high_vol_only,MSE,71284,10,1.0095364897064398e-05,1.009506690196804e-05,2.979950963587349e-10,2.9578219870432633e-10,10
PHQO,all_observations,not_conditioned,high_vol_only,RMSE,71284,10,0.002979056977005822,0.0029790054062901685,5.1570715653599664e-08,5.285974432382929e-08,10
PHQO,all_observations,not_conditioned,high_vol_only,SMAPE,71284,10,74.0842782586234,74.07695543719129,0.007322821432111937,0.007479047013956119,6
PHQO,all_observations,not_conditioned,near_zero_excluded,LOG_RV_MSE,352729,10,76.84065100473669,76.84300332681312,-0.002352322076433211,-0.0024216146014374605,1
PHQO,all_observations,not_conditioned,near_zero_excluded,MAE,352729,10,0.0005972138775283557,0.0005971643129640623,4.956456429343944e-08,4.790819272347784e-08,7
PHQO,all_observations,not_conditioned,near_zero_excluded,MSE,352729,10,2.2578552593191057e-06,2.2577958153880664e-06,5.944393103929897e-11,5.757026061345492e-11,7
PHQO,all_observations,not_conditioned,near_zero_excluded,RMSE,352729,10,0.001410849449320637,0.0014108334484540356,1.6000866601313668e-08,1.5703849664091196e-08,7
PHQO,all_observations,not_conditioned,near_zero_excluded,SMAPE,352729,10,96.95166619065971,96.93694761066547,0.014718579994237757,0.015482424171636922,7
PHQO,all_observations,not_conditioned,standard,LOG_RV_MSE,356403,10,78.9011953073111,78.90352338034555,-0.0023280730344481526,-0.002421614601437483,0
PHQO,all_observations,not_conditioned,standard,MAE,356403,10,0.0005958403177304644,0.000595791208930505,4.91087999593973e-08,4.743528226236113e-08,7
PHQO,all_observations,not_conditioned,standard,MSE,356403,10,2.2372899399007033e-06,2.237231108216171e-06,5.883168453228008e-11,5.706467585194587e-11,7
PHQO,all_observations,not_conditioned,standard,RMSE,356403,10,0.0014036377800777935,0.0014036218615488742,1.5918528919285288e-08,1.558582422137348e-08,7
PHQO,all_observations,not_conditioned,standard,SMAPE,356403,10,97.97092912786874,97.95537392106124,0.015555206807505328,0.016441221006117245,8
PHQO,cluster_entry_loose,ex_post_descriptive,high_vol_only,LOG_RV_MSE,14253,10,1.2439328202537883,1.243701413474723,0.0002314067790651908,0.00024107070607842784,7
PHQO,cluster_entry_loose,ex_post_descriptive,high_vol_only,MAE,14253,10,0.0018168041542163578,0.0018167132048776198,9.094933873794557e-08,9.30753997385801e-08,7
PHQO,cluster_entry_loose,ex_post_descriptive,high_vol_only,MSE,14253,10,1.0585978242994272e-05,1.0585579777821892e-05,3.984651723803838e-10,4.016289935565245e-10,6
PHQO,cluster_entry_loose,ex_post_descriptive,high_vol_only,RMSE,14253,10,0.003012264715620982,0.0030121929264715825,7.178914939939829e-08,7.556425792787022e-08,6
PHQO,cluster_entry_loose,ex_post_descriptive,high_vol_only,SMAPE,14253,10,84.55191353910999,84.54437608881194,0.007537450298045201,0.007790804480018209,6
PHQO,cluster_entry_loose,ex_post_descriptive,near_zero_excluded,LOG_RV_MSE,70505,10,55.046135840740455,55.04885700942844,-0.002721168687983777,-0.002792198751775743,0
PHQO,cluster_entry_loose,ex_post_descriptive,near_zero_excluded,MAE,70505,10,0.0007716448148780199,0.0007716817330152552,-3.6918137235318095e-08,-3.629584262673942e-08,4
PHQO,cluster_entry_loose,ex_post_descriptive,near_zero_excluded,MSE,70505,10,2.5459726007444932e-06,2.54609333348986e-06,-1.2073274536658575e-10,-1.1624848551015212e-10,5
PHQO,cluster_entry_loose,ex_post_descriptive,near_zero_excluded,RMSE,70505,10,0.001479578925597907,0.0014796115247209694,-3.2599123062429514e-08,-3.131639215864235e-08,5
PHQO,cluster_entry_loose,ex_post_descriptive,near_zero_excluded,SMAPE,70505,10,90.56311606820373,90.56056123945648,0.002554828747250326,0.0025653200983342117,3
PHQO,cluster_entry_loose,ex_post_descriptive,standard,LOG_RV_MSE,71241,10,56.6803091735085,56.683002229450246,-0.002693055941747957,-0.002792198751775654,1
PHQO,cluster_entry_loose,ex_post_descriptive,standard,MAE,71241,10,0.0007700886298247439,0.0007701251665559208,-3.653673117688921e-08,-3.6298931078130757e-08,4
PHQO,cluster_entry_loose,ex_post_descriptive,standard,MSE,71241,10,2.524427822595065e-06,2.524547308034799e-06,-1.194854397338343e-10,-1.162491280261684e-10,5
PHQO,cluster_entry_loose,ex_post_descriptive,standard,RMSE,71241,10,0.001472749101303316,0.0014727813635313813,-3.226222806528706e-08,-3.131656398254728e-08,5
PHQO,cluster_entry_loose,ex_post_descriptive,standard,SMAPE,71241,10,91.62843957076858,91.62591113628808,0.002528434480495889,0.0025653200983327905,3
PHQO,cluster_entry_strict,ex_post_descriptive,high_vol_only,LOG_RV_MSE,14211,10,1.246163350678975,1.2459319726766678,0.0002313780023073253,0.00024100031267804134,7
PHQO,cluster_entry_strict,ex_post_descriptive,high_vol_only,MAE,14211,10,0.0018201993833209813,0.001820108418856664,9.096446431733698e-08,9.314184332044487e-08,6
PHQO,cluster_entry_strict,ex_post_descriptive,high_vol_only,MSE,14211,10,1.0615316764979595e-05,1.0614917469965045e-05,3.992950145500281e-10,4.0257299558096947e-10,6
PHQO,cluster_entry_strict,ex_post_descriptive,high_vol_only,RMSE,14211,10,0.0030165163214678015,0.003016444471908722,7.184955907969456e-08,7.56010078408571e-08,6
PHQO,cluster_entry_strict,ex_post_descriptive,high_vol_only,SMAPE,14211,10,84.63269835608187,84.62517648766784,0.007521868414031019,0.0077790947618538555,7
PHQO,cluster_entry_strict,ex_post_descriptive,near_zero_excluded,LOG_RV_MSE,70292,10,54.80978298751347,54.81249863969957,-0.0027156521860973726,-0.0027854120938748395,0
PHQO,cluster_entry_strict,ex_post_descriptive,near_zero_excluded,MAE,70292,10,0.0007728470659779295,0.0007728838930515613,-3.6827073631828626e-08,-3.629444654871627e-08,4
PHQO,cluster_entry_strict,ex_post_descriptive,near_zero_excluded,MSE,70292,10,2.5530490421761792e-06,2.553169986229238e-06,-1.2094405305895138e-10,-1.1669628721126343e-10,5
PHQO,cluster_entry_strict,ex_post_descriptive,near_zero_excluded,RMSE,70292,10,0.0014816345818745849,0.0014816671517655815,-3.2569890996659787e-08,-3.136119473356276e-08,5
PHQO,cluster_entry_strict,ex_post_descriptive,near_zero_excluded,SMAPE,70292,10,90.49265740088084,90.49007864207303,0.002578758807814552,0.0025941701427655063,3
PHQO,cluster_entry_strict,ex_post_descriptive,standard,LOG_RV_MSE,71026,10,56.447284396241415,56.44997198421576,-0.0026875879743428754,-0.0027854120938748395,0
PHQO,cluster_entry_strict,ex_post_descriptive,standard,MAE,71026,10,0.0007712789450832947,0.0007713153915769693,-3.644649367452301e-08,-3.629753479151795e-08,4
PHQO,cluster_entry_strict,ex_post_descriptive,standard,MSE,71026,10,2.5314265592314097e-06,2.5315462534191384e-06,-1.1969418772863222e-10,-1.166969296838481e-10,5
PHQO,cluster_entry_strict,ex_post_descriptive,standard,RMSE,71026,10,0.0014747847670372092,0.001474817000233676,-3.22331964667643e-08,-3.136136644082922e-08,5
PHQO,cluster_entry_strict,ex_post_descriptive,standard,SMAPE,71026,10,91.55909976657614,91.55654765729055,0.0025521092855882443,0.0025941701427655063,3
PHQO,cluster_exit_loose,ex_post_descriptive,high_vol_only,LOG_RV_MSE,14251,10,1.110910239904035,1.1106390780322555,0.0002711618717794462,0.00027847951329411645,6
PHQO,cluster_exit_loose,ex_post_descriptive,high_vol_only,MAE,14251,10,0.0015309285296761534,0.0015308031985247815,1.2533115137185712e-07,1.2448280294866826e-07,8
PHQO,cluster_exit_loose,ex_post_descriptive,high_vol_only,MSE,14251,10,1.3047112886830853e-05,1.3046644041205666e-05,4.688456251871793e-10,4.6168191911440485e-10,8
PHQO,cluster_exit_loose,ex_post_descriptive,high_vol_only,RMSE,14251,10,0.0033613570968779073,0.003361288774469276,6.832240863124603e-08,6.877188006259835e-08,8
PHQO,cluster_exit_loose,ex_post_descriptive,high_vol_only,SMAPE,14251,10,73.3701609216336,73.35993173920875,0.010229182424851047,0.010438999885160172,7
PHQO,cluster_exit_loose,ex_post_descriptive,near_zero_excluded,LOG_RV_MSE,70505,10,76.04318265519659,76.0461930477483,-0.003010392551715313,-0.003070014370133789,2
PHQO,cluster_exit_loose,ex_post_descriptive,near_zero_excluded,MAE,70505,10,0.0006303757615546416,0.0006302859958944658,8.976566017576942e-08,8.491591150002875e-08,6
PHQO,cluster_exit_loose,ex_post_descriptive,near_zero_excluded,MSE,70505,10,2.8599980499026895e-06,2.859823110473665e-06,1.749394290245737e-10,1.6752727608331313e-10,7
PHQO,cluster_exit_loose,ex_post_descriptive,near_zero_excluded,RMSE,70505,10,0.0015786594170465722,0.0015786194142765582,4.000277001401514e-08,3.815245301232021e-08,7
PHQO,cluster_exit_loose,ex_post_descriptive,near_zero_excluded,SMAPE,70505,10,95.23715119558041,95.22670551138962,0.010445684190784732,0.010044896267940829,6
PHQO,cluster_exit_loose,ex_post_descriptive,standard,LOG_RV_MSE,71241,10,78.03915810262893,78.0421373944252,-0.0029792917962652155,-0.0030700143701338336,0
PHQO,cluster_exit_loose,ex_post_descriptive,standard,MAE,71241,10,0.0006288975032136536,0.0006288084889320123,8.901428164129113e-08,8.490618279466574e-08,6
PHQO,cluster_exit_loose,ex_post_descriptive,standard,MSE,71241,10,2.833459044428036e-06,2.833285910114101e-06,1.7313431393515353e-10,1.6745864192097617e-10,7
PHQO,cluster_exit_loose,ex_post_descriptive,standard,RMSE,71241,10,0.0015707633192122506,0.0015707237183093538,3.960090289674076e-08,3.8138913820807494e-08,7
PHQO,cluster_exit_loose,ex_post_descriptive,standard,SMAPE,71241,10,96.27400805377177,96.2620156053454,0.011992448426369151,0.0116500304519505,7
PHQO,cluster_exit_strict,ex_post_descriptive,high_vol_only,LOG_RV_MSE,14225,10,1.108946364927522,1.1086753943533496,0.0002709705741723578,0.0002783335574880419,8
PHQO,cluster_exit_strict,ex_post_descriptive,high_vol_only,MAE,14225,10,0.001530267447881771,0.0015301420576658467,1.253902159243682e-07,1.2451983776396522e-07,7
PHQO,cluster_exit_strict,ex_post_descriptive,high_vol_only,MSE,14225,10,1.3053635815180821e-05,1.3053166675842348e-05,4.691393384728871e-10,4.6175512790479714e-10,7
PHQO,cluster_exit_strict,ex_post_descriptive,high_vol_only,RMSE,14225,10,0.003361577884311222,0.003361509511230893,6.837308032898656e-08,6.880372127056724e-08,7
PHQO,cluster_exit_strict,ex_post_descriptive,high_vol_only,SMAPE,14225,10,73.33873499149179,73.32850765170853,0.010227339783256184,0.010441066447667425,8
PHQO,cluster_exit_strict,ex_post_descriptive,near_zero_excluded,LOG_RV_MSE,70367,10,75.78699260035683,75.79000171238214,-0.003009112025310401,-0.0030674224325365484,2
PHQO,cluster_exit_strict,ex_post_descriptive,near_zero_excluded,MAE,70367,10,0.0006303177665040842,0.0006302277757870867,8.999071699747254e-08,8.502316311709431e-08,6
PHQO,cluster_exit_strict,ex_post_descriptive,near_zero_excluded,MSE,70367,10,2.861828157595018e-06,2.861652892707247e-06,1.7526488777106769e-10,1.676674482227058e-10,7
PHQO,cluster_exit_strict,ex_post_descriptive,near_zero_excluded,RMSE,70367,10,0.0015788705923838835,0.0015788305412447004,4.005113918314519e-08,3.815906726066195e-08,7
PHQO,cluster_exit_strict,ex_post_descriptive,near_zero_excluded,SMAPE,70367,10,95.1392829829577,95.12881644722435,0.010466535733343107,0.010063504080835627,5
PHQO,cluster_exit_strict,ex_post_descriptive,standard,LOG_RV_MSE,71101,10,77.77535784909841,77.77833589702858,-0.0029780479301706464,-0.0030674224325366595,0
PHQO,cluster_exit_strict,ex_post_descriptive,standard,MAE,71101,10,0.0006288440386694141,0.0006287548006087584,8.923806065570718e-08,8.501366969518743e-08,6
PHQO,cluster_exit_strict,ex_post_descriptive,standard,MSE,71101,10,2.83529402996276e-06,2.835120572183356e-06,1.7345777940432902e-10,1.6759883574678396e-10,7
PHQO,cluster_exit_strict,ex_post_descriptive,standard,RMSE,71101,10,0.0015709830982356492,0.0015709434491515259,3.9649084123327336e-08,3.814554038739895e-08,7
PHQO,cluster_exit_strict,ex_post_descriptive,standard,SMAPE,71101,10,96.17600695199951,96.16399028265899,0.012016669340525254,0.011670407267914129,6
PHQO,entry_with_recent_spike,ex_post_descriptive,high_vol_only,LOG_RV_MSE,8546,10,1.3519756558967617,1.3517868253113492,0.00018883058541252495,0.0002029934290893376,7
PHQO,entry_with_recent_spike,ex_post_descriptive,high_vol_only,MAE,8546,10,0.001961220654120579,0.0019611287358957253,9.191822485359741e-08,9.621357622548134e-08,7
PHQO,entry_with_recent_spike,ex_post_descriptive,high_vol_only,MSE,8546,10,1.137340842906278e-05,1.137299108337913e-05,4.173456836501952e-10,4.2514929351867507e-10,5
PHQO,entry_with_recent_spike,ex_post_descriptive,high_vol_only,RMSE,8546,10,0.0030864805248511785,0.003086410157666508,7.036718467070754e-08,7.588826634306357e-08,5
PHQO,entry_with_recent_spike,ex_post_descriptive,high_vol_only,SMAPE,8546,10,87.45418316420572,87.44822506587288,0.005958098332840223,0.0063184615425328165,6
PHQO,entry_with_recent_spike,ex_post_descriptive,near_zero_excluded,LOG_RV_MSE,42039,10,52.86356886720837,52.86575195468011,-0.0021830874717352344,-0.0022742222660866894,1
PHQO,entry_with_recent_spike,ex_post_descriptive,near_zero_excluded,MAE,42039,10,0.0008414487640957513,0.0008415168983713604,-6.813427560917271e-08,-6.608046635936068e-08,1
PHQO,entry_with_recent_spike,ex_post_descriptive,near_zero_excluded,MSE,42039,10,2.8081055827546657e-06,2.808311768255635e-06,-2.0618550096948866e-10,-1.9573006883076007e-10,4
PHQO,entry_with_recent_spike,ex_post_descriptive,near_zero_excluded,RMSE,42039,10,0.0015382268148409622,0.0015382794170546654,-5.260221370311825e-08,-4.984421936631228e-08,4
PHQO,entry_with_recent_spike,ex_post_descriptive,near_zero_excluded,SMAPE,42039,10,91.40272650584888,91.39924437503751,0.003482130811363504,0.0035245466045608965,3
PHQO,entry_with_recent_spike,ex_post_descriptive,standard,LOG_RV_MSE,42709,10,56.23158096699789,56.23372980715393,-0.0021488401560390002,-0.002274222266086312,2
PHQO,entry_with_recent_spike,ex_post_descriptive,standard,MAE,42709,10,0.000841826124062534,0.0008418931894776065,-6.706541507252653e-08,-6.64711253418784e-08,1
PHQO,entry_with_recent_spike,ex_post_descriptive,standard,MSE,42709,10,2.7804417003531943e-06,2.780644651306746e-06,-2.0295095355191551e-10,-1.9682339526174104e-10,4
PHQO,entry_with_recent_spike,ex_post_descriptive,standard,RMSE,42709,10,0.0015311772671642368,0.0015312289706165374,-5.1703452300577366e-08,-5.001061596344265e-08,3
PHQO,entry_with_recent_spike,ex_post_descriptive,standard,SMAPE,42709,10,93.03515968834853,93.03173218367318,0.0034275046753435845,0.0035245466045608965,3
PHQO,entry_without_recent_spike,ex_post_descriptive,high_vol_only,LOG_RV_MSE,5710,10,1.0727890912907878,1.0724841717254519,0.0003049195653359593,0.0003069088560858746,6
PHQO,entry_without_recent_spike,ex_post_descriptive,high_vol_only,MAE,5710,10,0.0015895142783076833,0.0015894145994566242,9.967885105906585e-08,9.839043455042718e-08,6
PHQO,entry_without_recent_spike,ex_post_descriptive,high_vol_only,MSE,5710,10,9.378907455453926e-06,9.37848894610517e-06,4.1850934875495445e-10,4.1376189265358545e-10,5
PHQO,entry_without_recent_spike,ex_post_descriptive,high_vol_only,RMSE,5710,10,0.0028625464503464655,0.0028624709390462247,7.551130024084987e-08,7.617723720764001e-08,5
PHQO,entry_without_recent_spike,ex_post_descriptive,high_vol_only,SMAPE,5710,10,79.67528029287818,79.66485247472117,0.010427818157012325,0.010467847340278525,6
PHQO,entry_without_recent_spike,ex_post_descriptive,near_zero_excluded,LOG_RV_MSE,28243,10,55.569710509205194,55.57325408404221,-0.0035435748370176157,-0.003551521560237347,0
PHQO,entry_without_recent_spike,ex_post_descriptive,near_zero_excluded,MAE,28243,10,0.0006639004863005868,0.0006638912314924375,9.254808149223095e-09,9.44942940560333e-09,5
PHQO,entry_without_recent_spike,ex_post_descriptive,near_zero_excluded,MSE,28243,10,2.159418655787333e-06,2.1594131475175587e-06,5.508269774139431e-12,5.059072546556098e-12,4
PHQO,entry_without_recent_spike,ex_post_descriptive,near_zero_excluded,RMSE,28243,10,0.0013757838604100976,0.0013757835232307918,3.371793057434236e-10,-1.4489455294765773e-10,4
PHQO,entry_without_recent_spike,ex_post_descriptive,near_zero_excluded,SMAPE,28243,10,88.45213881846516,88.4510401256371,0.0010986928280516395,0.001211127121676725,3
PHQO,entry_without_recent_spike,ex_post_descriptive,standard,LOG_RV_MSE,28532,10,57.352001763297565,57.35550944534306,-0.0035076820454946755,-0.003551521560237347,0
PHQO,entry_without_recent_spike,ex_post_descriptive,standard,MAE,28532,10,0.0006627061595667259,0.0006626969985003248,9.161066401135176e-09,9.441674063119672e-09,5
PHQO,entry_without_recent_spike,ex_post_descriptive,standard,MSE,28532,10,2.1412055912347704e-06,2.14120013875814e-06,5.452476630393439e-12,5.057459138717541e-12,4
PHQO,entry_without_recent_spike,ex_post_descriptive,standard,RMSE,28532,10,0.0013699616377077207,0.0013699613036560875,3.340516331433452e-10,-1.452759983220763e-10,4
PHQO,entry_without_recent_spike,ex_post_descriptive,standard,SMAPE,28532,10,89.52274738298914,89.52165981879655,0.0010875641925878199,0.001211127121676725,3
PHQO,high_within_block_dispersion,ex_post_descriptive,high_vol_only,LOG_RV_MSE,13675,10,1.2269330189524577,1.226552469732357,0.0003805492201005567,0.00042557053722297455,5
PHQO,high_within_block_dispersion,ex_post_descriptive,high_vol_only,MAE,13675,10,0.001014764636862675,0.0010145983131704605,1.663236922145369e-07,1.633136981368322e-07,9
PHQO,high_within_block_dispersion,ex_post_descriptive,high_vol_only,MSE,13675,10,4.084804962884583e-06,4.084300468403198e-06,5.044944813847399e-10,4.996310980987727e-10,8
PHQO,high_within_block_dispersion,ex_post_descriptive,high_vol_only,RMSE,13675,10,0.0019475794805595395,0.0019474616447802773,1.1783577926220354e-07,1.1975372777874549e-07,8
PHQO,high_within_block_dispersion,ex_post_descriptive,high_vol_only,SMAPE,13675,10,66.80200420353414,66.78895617209986,0.01304803143428046,0.014043108346688626,7
PHQO,high_within_block_dispersion,ex_post_descriptive,near_zero_excluded,LOG_RV_MSE,67981,10,130.5354240103623,130.54198760660842,-0.006563596246110137,-0.007231091822882263,0
PHQO,high_within_block_dispersion,ex_post_descriptive,near_zero_excluded,MAE,67981,10,0.0005705127417171248,0.0005704806180470053,3.2123670119462745e-08,2.212748055500707e-08,6
PHQO,high_within_block_dispersion,ex_post_descriptive,near_zero_excluded,MSE,67981,10,1.1336459229085917e-06,1.1336430813249665e-06,2.841583625217851e-12,-4.212564875171745e-12,5
PHQO,high_within_block_dispersion,ex_post_descriptive,near_zero_excluded,RMSE,67981,10,0.0010247650083690014,0.001024778722958519,-1.3714589517646245e-08,-1.6859764147812445e-08,5
PHQO,high_within_block_dispersion,ex_post_descriptive,near_zero_excluded,SMAPE,67981,10,117.96575312678952,117.9488748441305,0.016878282659021693,0.017454397484632976,7
PHQO,high_within_block_dispersion,ex_post_descriptive,standard,LOG_RV_MSE,68349,10,131.29211515665042,131.29864341363157,-0.006528256981141567,-0.007231091822882263,0
PHQO,high_within_block_dispersion,ex_post_descriptive,standard,MAE,68349,10,0.0005704772597102902,0.0005704453089982331,3.195071205709405e-08,2.19962080004292e-08,6
PHQO,high_within_block_dispersion,ex_post_descriptive,standard,MSE,68349,10,1.1296574659027577e-06,1.1296546396185922e-06,2.826284165452904e-12,-4.296765528476055e-12,5
PHQO,high_within_block_dispersion,ex_post_descriptive,standard,RMSE,68349,10,0.0010236775897200319,0.0010236912176863912,-1.362796635934714e-08,-1.687860484166125e-08,5
PHQO,high_within_block_dispersion,ex_post_descriptive,standard,SMAPE,68349,10,118.38410242282765,118.367315015061,0.01678740776665677,0.0174543974846344,8
PHQO,inflection_points,ex_post_descriptive,high_vol_only,LOG_RV_MSE,28490,10,1.126116386718939,1.1259020451713977,0.00021434154754129686,0.00022863688536501893,7
PHQO,inflection_points,ex_post_descriptive,high_vol_only,MAE,28490,10,0.0015845243566455544,0.00158443032786133,9.402878422431517e-08,9.405643029976144e-08,7
PHQO,inflection_points,ex_post_descriptive,high_vol_only,MSE,28490,10,1.1430078092493398e-05,1.142972004114137e-05,3.58051352027325e-10,3.548848621100043e-10,7
PHQO,inflection_points,ex_post_descriptive,high_vol_only,RMSE,28490,10,0.003139248096558645,0.003139187904132154,6.019242649105139e-08,6.289131641488109e-08,7
PHQO,inflection_points,ex_post_descriptive,high_vol_only,SMAPE,28490,10,77.30046728342286,77.29222065566532,0.008246627757543479,0.00867590973708019,6
PHQO,inflection_points,ex_post_descriptive,near_zero_excluded,LOG_RV_MSE,140891,10,56.374892089415546,56.3770659651832,-0.002173875767653044,-0.002320454036544084,1
PHQO,inflection_points,ex_post_descriptive,near_zero_excluded,MAE,140891,10,0.0006610372189234504,0.0006610152106125523,2.2008310898106315e-08,1.986768791169117e-08,5
PHQO,inflection_points,ex_post_descriptive,near_zero_excluded,MSE,140891,10,2.579883829396816e-06,2.579851852773486e-06,3.197662333022456e-11,2.949841378447772e-11,5
PHQO,inflection_points,ex_post_descriptive,near_zero_excluded,RMSE,140891,10,0.0014956793042422676,0.001495675749194224,3.5550480437067378e-09,2.976387644047741e-09,5
PHQO,inflection_points,ex_post_descriptive,near_zero_excluded,SMAPE,140891,10,89.21724103265055,89.21470879584487,0.0025322368056777123,0.002653042733149391,5
PHQO,inflection_points,ex_post_descriptive,standard,LOG_RV_MSE,142402,10,58.295254599543895,58.29740540873745,-0.002150809193551595,-0.0023204540365441063,0
PHQO,inflection_points,ex_post_descriptive,standard,MAE,142402,10,0.0006595769763975475,0.0006595552016125675,2.177478497999378e-08,1.9484667547942006e-08,5
PHQO,inflection_points,ex_post_descriptive,standard,MSE,142402,10,2.556022292578206e-06,2.555990655252623e-06,3.163732558283196e-11,2.925512804410421e-11,5
PHQO,inflection_points,ex_post_descriptive,standard,RMSE,142402,10,0.0014880858564118883,0.0014880823017096715,3.5547022168239822e-09,2.9231437693089025e-09,5
PHQO,inflection_points,ex_post_descriptive,standard,SMAPE,142402,10,90.33376942595062,90.3312640582185,0.0025053677321267287,0.00265304273314797,5
PHQO,older_spike_position,ex_post_descriptive,high_vol_only,LOG_RV_MSE,21485,10,1.134315845590843,1.1341441987063172,0.00017164688452586674,0.0001767920945323187,6
PHQO,older_spike_position,ex_post_descriptive,high_vol_only,MAE,21485,10,0.0013594096397038817,0.0013593034380752617,1.062016286199844e-07,1.0370513435729043e-07,10
PHQO,older_spike_position,ex_post_descriptive,high_vol_only,MSE,21485,10,1.082754653067745e-05,1.0827217231166676e-05,3.2929951077389217e-10,3.1840286811636796e-10,10
PHQO,older_spike_position,ex_post_descriptive,high_vol_only,RMSE,21485,10,0.0030788250937690766,0.0030787724679759523,5.262579312430293e-08,5.254784877001175e-08,10
PHQO,older_spike_position,ex_post_descriptive,high_vol_only,SMAPE,21485,10,69.62501965485241,69.61824419873179,0.00677545612062147,0.006918149150433805,8
PHQO,older_spike_position,ex_post_descriptive,near_zero_excluded,LOG_RV_MSE,106310,10,76.68805546916923,76.6898536933994,-0.0017982242301712859,-0.0018596762467964379,1
PHQO,older_spike_position,ex_post_descriptive,near_zero_excluded,MAE,106310,10,0.0005757925536847678,0.0005757004850647639,9.206862000392391e-08,8.585094366532736e-08,8
PHQO,older_spike_position,ex_post_descriptive,near_zero_excluded,MSE,106310,10,2.3763111672964225e-06,2.3761719091443165e-06,1.3925815210605563e-10,1.3077054647859202e-10,8
PHQO,older_spike_position,ex_post_descriptive,near_zero_excluded,RMSE,106310,10,0.0014464581120640552,0.0014464186853942063,3.9426669848829574e-08,3.7087302895996795e-08,8
PHQO,older_spike_position,ex_post_descriptive,near_zero_excluded,SMAPE,106310,10,95.84595213647837,95.83564907340626,0.010303063072115037,0.01025033973382392,6
PHQO,older_spike_position,ex_post_descriptive,standard,LOG_RV_MSE,107393,10,78.95722177788289,78.95900186799965,-0.0017800901167532857,-0.0018596762467964823,0
PHQO,older_spike_position,ex_post_descriptive,standard,MAE,107393,10,0.0005743948085130823,0.0005743035516009899,9.125691209242639e-08,8.536501565578907e-08,8
PHQO,older_spike_position,ex_post_descriptive,standard,MSE,107393,10,2.3546755766324156e-06,2.35453772135911e-06,1.378552733053459e-10,1.301615525013494e-10,8
PHQO,older_spike_position,ex_post_descriptive,standard,RMSE,107393,10,0.0014389629821863331,0.001438923849195311,3.913299102212969e-08,3.694549539718034e-08,8
PHQO,older_spike_position,ex_post_descriptive,standard,SMAPE,107393,10,96.86339130848044,96.8520937337598,0.01129757472064341,0.01134796518074097,6
PHQO,recent_ramp_high_dispersion,ex_post_descriptive,high_vol_only,LOG_RV_MSE,4656,10,1.1829835444292638,1.1826719163820198,0.0003116280472439392,0.00037399722120292635,5
PHQO,recent_ramp_high_dispersion,ex_post_descriptive,high_vol_only,MAE,4656,10,0.0014976027802854665,0.0014976026368293737,1.434560927080636e-10,2.557783009254477e-09,3
PHQO,recent_ramp_high_dispersion,ex_post_descriptive,high_vol_only,MSE,4656,10,6.139856735955222e-06,6.139939592474877e-06,-8.28565196554231e-11,-6.87028963918207e-11,4
PHQO,recent_ramp_high_dispersion,ex_post_descriptive,high_vol_only,RMSE,4656,10,0.002360701191312454,0.0023606895584105986,1.163290185533794e-08,1.9831248221791746e-08,4
PHQO,recent_ramp_high_dispersion,ex_post_descriptive,high_vol_only,SMAPE,4656,10,75.99882070904553,75.99009318118367,0.008727527861864814,0.010142654489470715,5
PHQO,recent_ramp_high_dispersion,ex_post_descriptive,near_zero_excluded,LOG_RV_MSE,23115,10,104.3072401542642,104.31393908537355,-0.006698931109340833,-0.007925773765219902,0
PHQO,recent_ramp_high_dispersion,ex_post_descriptive,near_zero_excluded,MAE,23115,10,0.0008124144431495044,0.0008125414421638521,-1.269990143477331e-07,-1.4413945966197315e-07,4
PHQO,recent_ramp_high_dispersion,ex_post_descriptive,near_zero_excluded,MSE,23115,10,1.873404205874025e-06,1.8737725748358413e-06,-3.683689618163459e-10,-4.076096884524313e-10,4
PHQO,recent_ramp_high_dispersion,ex_post_descriptive,near_zero_excluded,RMSE,23115,10,0.0012959796203026919,0.0012961118829776636,-1.3226267497174447e-07,-1.466524033161688e-07,4
PHQO,recent_ramp_high_dispersion,ex_post_descriptive,near_zero_excluded,SMAPE,23115,10,114.50514964089884,114.50306860431363,0.002081036585209972,0.0030285240210417897,3
PHQO,recent_ramp_high_dispersion,ex_post_descriptive,standard,LOG_RV_MSE,23260,10,104.9697710419836,104.97642821277437,-0.006657170790759892,-0.007925773765219902,0
PHQO,recent_ramp_high_dispersion,ex_post_descriptive,standard,MAE,23260,10,0.0008120440236135077,0.0008121702309315064,-1.2620731799873816e-07,-1.4413945966197315e-07,4
PHQO,recent_ramp_high_dispersion,ex_post_descriptive,standard,MSE,23260,10,1.8659178845791527e-06,1.8662839571738384e-06,-3.660725946857266e-10,-4.076096884524313e-10,4
PHQO,recent_ramp_high_dispersion,ex_post_descriptive,standard,RMSE,23260,10,0.0012933312530679106,0.0012934626912335155,-1.3143816560493016e-07,-1.466524033161688e-07,4
PHQO,recent_ramp_high_dispersion,ex_post_descriptive,standard,SMAPE,23260,10,115.00169748327232,114.99962941961509,0.0020680636572336653,0.0030285240210417897,3
PHQO,recent_spike_position,ex_post_descriptive,high_vol_only,LOG_RV_MSE,23437,10,1.2635211679935239,1.263299703309024,0.00022146468449979473,0.0002072203912181436,6
PHQO,recent_spike_position,ex_post_descriptive,high_vol_only,MAE,23437,10,0.0014988417254315181,0.0014987777019333818,6.40234981363029e-08,6.2785490280746e-08,5
PHQO,recent_spike_position,ex_post_descriptive,high_vol_only,MSE,23437,10,9.524757647528565e-06,9.524513593768433e-06,2.4405376013164745e-10,2.4391503631712003e-10,5
PHQO,recent_spike_position,ex_post_descriptive,high_vol_only,RMSE,23437,10,0.0028278982452771386,0.0028278525706989252,4.567457821333387e-08,4.405448665353428e-08,5
PHQO,recent_spike_position,ex_post_descriptive,high_vol_only,SMAPE,23437,10,78.34376551087408,78.33733561773936,0.00642989313472242,0.006103547326902969,6
PHQO,recent_spike_position,ex_post_descriptive,near_zero_excluded,LOG_RV_MSE,115997,10,91.16075666544099,91.16350936516906,-0.0027526997280773458,-0.002502092657424293,0
PHQO,recent_spike_position,ex_post_descriptive,near_zero_excluded,MAE,115997,10,0.0006342308481565891,0.0006342444823059771,-1.3634149388045552e-08,-1.2968146375432095e-08,6
PHQO,recent_spike_position,ex_post_descriptive,near_zero_excluded,MSE,115997,10,2.198640022116443e-06,2.19869032121117e-06,-5.029909472711221e-11,-5.234768159111207e-11,6
PHQO,recent_spike_position,ex_post_descriptive,near_zero_excluded,RMSE,115997,10,0.0013620599965229955,0.0013620727507772325,-1.2754254236947704e-08,-1.3282238137536478e-08,6
PHQO,recent_spike_position,ex_post_descriptive,near_zero_excluded,SMAPE,115997,10,103.75913360558542,103.74331776851565,0.015815837069766303,0.01476413554589584,5
PHQO,recent_spike_position,ex_post_descriptive,standard,LOG_RV_MSE,117150,10,92.74049069565422,92.74321630308368,-0.0027256074294683685,-0.002502092657424271,0
PHQO,recent_spike_position,ex_post_descriptive,standard,MAE,117150,10,0.0006330075615166552,0.0006330210480358198,-1.3486519164569895e-08,-1.3112252541754889e-08,6
PHQO,recent_spike_position,ex_post_descriptive,standard,MSE,117150,10,2.1801648121484766e-06,2.1802146161741817e-06,-4.980402570515453e-11,-5.245228248106669e-11,6
PHQO,recent_spike_position,ex_post_descriptive,standard,RMSE,117150,10,0.001355340679558205,0.0013553532898854404,-1.261032723533749e-08,-1.3314397038371746e-08,6
PHQO,recent_spike_position,ex_post_descriptive,standard,SMAPE,117150,10,104.65436204570662,104.63770461951518,0.016657426191443392,0.015777562209207473,6
PHQO,same_average_back_loaded,ex_post_descriptive,high_vol_only,LOG_RV_MSE,4149,10,109.94462121327055,109.94547048632467,-0.000849273054114974,-8.304971162681474e-05,5
PHQO,same_average_back_loaded,ex_post_descriptive,high_vol_only,MAE,4149,10,0.0009400348495762377,0.0009400037180306791,3.113154555857162e-08,4.820678741814812e-08,5
PHQO,same_average_back_loaded,ex_post_descriptive,high_vol_only,MSE,4149,10,6.624161346885913e-06,6.6240235793916084e-06,1.3776749430439295e-10,1.9238250397672555e-10,4
PHQO,same_average_back_loaded,ex_post_descriptive,high_vol_only,RMSE,4149,10,0.002125319356432141,0.0021253002646947046,1.909173743619777e-08,2.7951588336315665e-08,4
PHQO,same_average_back_loaded,ex_post_descriptive,high_vol_only,SMAPE,4149,10,110.05944587904044,110.05482416667942,0.004621712361014829,0.006321248721623362,6
PHQO,same_average_back_loaded,ex_post_descriptive,near_zero_excluded,LOG_RV_MSE,14476,10,110.41944781392658,110.42182669513807,-0.0023788812114844404,-0.002297691811902758,1
PHQO,same_average_back_loaded,ex_post_descriptive,near_zero_excluded,MAE,14476,10,0.0005532395444506509,0.000553206517272888,3.302717776283888e-08,3.2518533722941755e-08,4
PHQO,same_average_back_loaded,ex_post_descriptive,near_zero_excluded,MSE,14476,10,2.061494608026113e-06,2.0614336136436643e-06,6.099438244889621e-11,5.916350504601175e-11,3
PHQO,same_average_back_loaded,ex_post_descriptive,near_zero_excluded,RMSE,14476,10,0.0013500915235132814,0.0013500751023775928,1.6421135688639982e-08,1.589907373729404e-08,3
PHQO,same_average_back_loaded,ex_post_descriptive,near_zero_excluded,SMAPE,14476,10,109.73433299332228,109.72094494719764,0.01338804612464628,0.014402611501469664,5
PHQO,same_average_back_loaded,ex_post_descriptive,standard,LOG_RV_MSE,14548,10,111.03667802288466,111.0390451306945,-0.0023671078098459475,-0.00229769181190278,0
PHQO,same_average_back_loaded,ex_post_descriptive,standard,MAE,14548,10,0.0005531452500982058,0.0005531123863763682,3.286372183761155e-08,3.2518533722936335e-08,4
PHQO,same_average_back_loaded,ex_post_descriptive,standard,MSE,14548,10,2.052808773602969e-06,2.052748081089886e-06,6.06925130829393e-11,5.916350504601175e-11,3
PHQO,same_average_back_loaded,ex_post_descriptive,standard,RMSE,14548,10,0.00134747527708947,0.0013474589372241806,1.6339865289375505e-08,1.589907373729404e-08,3
PHQO,same_average_back_loaded,ex_post_descriptive,standard,SMAPE,14548,10,110.15450258426782,110.14118079737614,0.013321786891680176,0.014402611501469664,5
PHQO,same_average_different_path,ex_post_descriptive,high_vol_only,LOG_RV_MSE,1534,10,1.2245658959714214,1.2240914838512502,0.00047441212017118595,0.00038273613922872317,5
PHQO,same_average_different_path,ex_post_descriptive,high_vol_only,MAE,1534,10,0.0012347330114141689,0.0012346580177833258,7.49936308430503e-08,5.8827400846266346e-08,5
PHQO,same_average_different_path,ex_post_descriptive,high_vol_only,MSE,1534,10,5.32439298104919e-06,5.3241150320760135e-06,2.779489731763438e-10,2.1279272113386684e-10,5
PHQO,same_average_different_path,ex_post_descriptive,high_vol_only,RMSE,1534,10,0.0022304128258541045,0.0022303592658652915,5.3559988812991455e-08,4.08779561565176e-08,5
PHQO,same_average_different_path,ex_post_descriptive,high_vol_only,SMAPE,1534,10,80.48318077586279,80.47231913412563,0.010861641737164973,0.008363165390777283,5
PHQO,same_average_different_path,ex_post_descriptive,near_zero_excluded,LOG_RV_MSE,7631,10,128.96996740780395,128.97487790361527,-0.004910495811316196,-0.0035086926148159446,1
PHQO,same_average_different_path,ex_post_descriptive,near_zero_excluded,MAE,7631,10,0.0005369394557930419,0.0005369718275957144,-3.237180267248729e-08,-1.8740155886132075e-08,3
PHQO,same_average_different_path,ex_post_descriptive,near_zero_excluded,MSE,7631,10,1.2239604334630515e-06,1.2239707170000144e-06,-1.0283536962910574e-11,-8.564809983435897e-12,3
PHQO,same_average_different_path,ex_post_descriptive,near_zero_excluded,RMSE,7631,10,0.001069890841779287,0.0010698949375531992,-4.095773912084558e-09,-3.3802556932509535e-09,2
PHQO,same_average_different_path,ex_post_descriptive,near_zero_excluded,SMAPE,7631,10,116.41925523557558,116.41931292804047,-5.769246489251145e-05,-0.000270244920722007,3
PHQO,same_average_different_path,ex_post_descriptive,standard,LOG_RV_MSE,7659,10,129.44802235222875,129.4529148961034,-0.00489254387466076,-0.0035086926148158782,1
PHQO,same_average_different_path,ex_post_descriptive,standard,MAE,7659,10,0.0005367763145757506,0.0005368085680326241,-3.225345687350636e-08,-1.8740155886121232e-08,3
PHQO,same_average_different_path,ex_post_descriptive,standard,MSE,7659,10,1.2204172640346264e-06,1.220427509976729e-06,-1.0245942102654807e-11,-8.564809983435897e-12,3
PHQO,same_average_different_path,ex_post_descriptive,standard,RMSE,7659,10,0.0010681906748194964,0.0010681947556199565,-4.080800460135731e-09,-3.3802556932401116e-09,3
PHQO,same_average_different_path,ex_post_descriptive,standard,SMAPE,7659,10,116.70553082712155,116.70558830867265,-5.7481551095861505e-05,-0.0002702449207205859,3
PHQO,same_average_recent_front_loaded,ex_post_descriptive,high_vol_only,LOG_RV_MSE,2841,10,1.38873077866977,1.3884584824288297,0.00027229624094027294,0.0002740910564146937,6
PHQO,same_average_recent_front_loaded,ex_post_descriptive,high_vol_only,MAE,2841,10,0.001612076496724534,0.0016120305416383466,4.595508618738739e-08,4.631803574740986e-08,6
PHQO,same_average_recent_front_loaded,ex_post_descriptive,high_vol_only,MSE,2841,10,7.828619015849543e-06,7.828467426754077e-06,1.5158909546660027e-10,1.519927781328578e-10,6
PHQO,same_average_recent_front_loaded,ex_post_descriptive,high_vol_only,RMSE,2841,10,0.0024567736735355513,0.0024567434714478295,3.020208772181246e-08,3.046824286419324e-08,6
PHQO,same_average_recent_front_loaded,ex_post_descriptive,high_vol_only,SMAPE,2841,10,93.68930516923886,93.68276214805562,0.006543021183247788,0.006646438606523475,6
PHQO,same_average_recent_front_loaded,ex_post_descriptive,near_zero_excluded,LOG_RV_MSE,13967,10,54.694742325310465,54.69649774992682,-0.0017554246163555831,-0.0017294732225694664,0
PHQO,same_average_recent_front_loaded,ex_post_descriptive,near_zero_excluded,MAE,13967,10,0.0006184503743334083,0.0006184789756837379,-2.860135032956533e-08,-2.814100217861154e-08,1
PHQO,same_average_recent_front_loaded,ex_post_descriptive,near_zero_excluded,MSE,13967,10,1.7636693234157777e-06,1.7636899600372696e-06,-2.0636621491896626e-11,-2.0087430627988333e-11,1
PHQO,same_average_recent_front_loaded,ex_post_descriptive,near_zero_excluded,RMSE,13967,10,0.0011763663671018963,0.001176374013612048,-7.646510151622377e-09,-7.3450113106954e-09,1
PHQO,same_average_recent_front_loaded,ex_post_descriptive,near_zero_excluded,SMAPE,13967,10,89.18674587813896,89.186587014845,0.00015886329396153087,0.00015141441069914662,4
PHQO,same_average_recent_front_loaded,ex_post_descriptive,standard,LOG_RV_MSE,14188,10,58.35612165103248,58.357849732200854,-0.0017280811683733077,-0.0017294732225696663,0
PHQO,same_average_recent_front_loaded,ex_post_descriptive,standard,MAE,14188,10,0.0006182291982569779,0.0006182573540971283,-2.815584015047022e-08,-2.8141002178589857e-08,1
PHQO,same_average_recent_front_loaded,ex_post_descriptive,standard,MSE,14188,10,1.7427493731823561e-06,1.7427696883566146e-06,-2.031517425850072e-11,-2.0087430628030684e-11,1
PHQO,same_average_recent_front_loaded,ex_post_descriptive,standard,RMSE,14188,10,0.0011690731555067477,0.0011690806829107007,-7.527403952977199e-09,-7.3450113107062426e-09,1
PHQO,same_average_recent_front_loaded,ex_post_descriptive,standard,SMAPE,14188,10,90.84409388952581,90.84393750077287,0.00015638875294143872,0.00015141441069772555,4
PHQO,stable_low_dispersion,ex_post_descriptive,high_vol_only,LOG_RV_MSE,13674,10,1.1383295385954737,1.1382480957685837,8.144282689004356e-05,8.358097878485848e-05,7
PHQO,stable_low_dispersion,ex_post_descriptive,high_vol_only,MAE,13674,10,0.0016390547535982199,0.0016389772400054287,7.751359279114557e-08,7.408769457757582e-08,7
PHQO,stable_low_dispersion,ex_post_descriptive,high_vol_only,MSE,13674,10,1.7540839208863122e-05,1.7540565028689176e-05,2.741801739464321e-10,2.601697196825097e-10,8
PHQO,stable_low_dispersion,ex_post_descriptive,high_vol_only,RMSE,13674,10,0.0037965734427327265,0.003796540483991469,3.295874125746126e-08,3.2183725513779124e-08,7
PHQO,stable_low_dispersion,ex_post_descriptive,high_vol_only,SMAPE,13674,10,72.75398366195398,72.75007952896975,0.0039041329842319783,0.004024055725779618,6
PHQO,stable_low_dispersion,ex_post_descriptive,near_zero_excluded,LOG_RV_MSE,66509,10,22.647731735111474,22.647903877923238,-0.000172142811763365,-0.0001892419049049021,1
PHQO,stable_low_dispersion,ex_post_descriptive,near_zero_excluded,MAE,66509,10,0.0006428305627331301,0.0006427968387867187,3.372394641136794e-08,3.0951888611689424e-08,6
PHQO,stable_low_dispersion,ex_post_descriptive,near_zero_excluded,MSE,66509,10,3.817871432124227e-06,3.817789293156492e-06,8.213896773472996e-11,7.743144450347881e-11,8
PHQO,stable_low_dispersion,ex_post_descriptive,near_zero_excluded,RMSE,66509,10,0.0017728365125927244,0.0017728176402588497,1.8872333874689687e-08,1.7549534501721913e-08,8
PHQO,stable_low_dispersion,ex_post_descriptive,near_zero_excluded,SMAPE,66509,10,76.66142568669558,76.65672455742508,0.0047011292705008145,0.004236997342609072,4
PHQO,stable_low_dispersion,ex_post_descriptive,standard,LOG_RV_MSE,68348,10,30.608195698878543,30.6084238334325,-0.0002281345539572044,-0.0002446173515412653,0
PHQO,stable_low_dispersion,ex_post_descriptive,standard,MAE,68348,10,0.0006459185221686258,0.0006458820672655822,3.64549030436442e-08,3.335712460518026e-08,6
PHQO,stable_low_dispersion,ex_post_descriptive,standard,MSE,68348,10,3.7342669284124054e-06,3.7341958139053267e-06,7.111450707864727e-11,6.622300823892703e-11,8
PHQO,stable_low_dispersion,ex_post_descriptive,standard,RMSE,68348,10,0.0017578953135297154,0.0017578780194953017,1.7294034413729842e-08,1.589258762481685e-08,8
PHQO,stable_low_dispersion,ex_post_descriptive,standard,SMAPE,68348,10,79.88584694636234,79.8794892942221,0.006357652140238201,0.005922488331681563,4
PM_QDK,all_observations,not_conditioned,high_vol_only,LOG_RV_MSE,73496,10,1.242997362551703,1.7673633193476166,-0.5243659567959136,-0.5244126137697445,4
PM_QDK,all_observations,not_conditioned,high_vol_only,MAE,73496,10,0.0013977588560888747,0.0014600179606913558,-6.225910460248103e-05,-6.226861222850152e-05,1
PM_QDK,all_observations,not_conditioned,high_vol_only,MSE,73496,10,9.916314673078101e-06,1.0516675708893175e-05,-6.00361035815074e-07,-6.004649404726077e-07,1
PM_QDK,all_observations,not_conditioned,high_vol_only,RMSE,73496,10,0.002950349007591886,0.0030473548282512124,-9.700582065932635e-05,-9.702387827986313e-05,1
PM_QDK,all_observations,not_conditioned,high_vol_only,SMAPE,73496,10,74.02057588227855,79.71570069774378,-5.695124815465235,-5.696287517580968,1
PM_QDK,all_observations,not_conditioned,near_zero_excluded,LOG_RV_MSE,363794,10,84.08930450265115,84.09073994087879,-0.001435438227645136,-0.0009299587740132064,4
PM_QDK,all_observations,not_conditioned,near_zero_excluded,MAE,363794,10,0.0005874977903762499,0.000618032204437455,-3.0534414061205166e-05,-3.056367989412195e-05,1
PM_QDK,all_observations,not_conditioned,near_zero_excluded,MSE,363794,10,2.2153309063968043e-06,2.4685261511481938e-06,-2.5319524475138945e-07,-2.5463070479776693e-07,0
PM_QDK,all_observations,not_conditioned,near_zero_excluded,RMSE,363794,10,0.0013956524343366019,0.00147361257586812,-7.796014153151802e-05,-7.874362177397514e-05,0
PM_QDK,all_observations,not_conditioned,near_zero_excluded,SMAPE,363794,10,99.92108201928681,101.67985576711645,-1.7587737478296361,-1.7569680018400207,0
PM_QDK,all_observations,not_conditioned,standard,LOG_RV_MSE,367468,10,86.01532967523512,85.9806294655303,0.03470020970482324,0.034955213391859453,5
PM_QDK,all_observations,not_conditioned,standard,MAE,367468,10,0.0005862627333686982,0.0006164191585371382,-3.0156425168439993e-05,-3.0156996296453754e-05,1
PM_QDK,all_observations,not_conditioned,standard,MSE,367468,10,2.195810003722176e-06,2.446858858352701e-06,-2.5104885463052517e-07,-2.5109151846563414e-07,0
PM_QDK,all_observations,not_conditioned,standard,RMSE,367468,10,0.0013888098610510206,0.0014667864352924356,-7.797657424141505e-05,-7.799050267998396e-05,0
PM_QDK,all_observations,not_conditioned,standard,SMAPE,367468,10,100.87996479236018,102.61759556433319,-1.7376307719730022,-1.737737151981196,0
PM_QDK,cluster_entry_loose,ex_post_descriptive,high_vol_only,LOG_RV_MSE,14694,10,1.332130439533171,2.5162109863609134,-1.1840805468277424,-1.1839550057274635,1
PM_QDK,cluster_entry_loose,ex_post_descriptive,high_vol_only,MAE,14694,10,0.0017844911497977504,0.0019274454621765525,-0.00014295431237880212,-0.00014297425239850252,0
PM_QDK,cluster_entry_loose,ex_post_descriptive,high_vol_only,MSE,14694,10,1.0321539944733833e-05,1.185708172077468e-05,-1.5355417760408472e-06,-1.5358839891746597e-06,0
PM_QDK,cluster_entry_loose,ex_post_descriptive,high_vol_only,RMSE,14694,10,0.002962451772982635,0.0031902067989762334,-0.0002277550259935984,-0.00022780639085631036,0
PM_QDK,cluster_entry_loose,ex_post_descriptive,high_vol_only,SMAPE,14694,10,84.81154032675794,95.69326301820313,-10.88172269144519,-10.882866941474072,0
PM_QDK,cluster_entry_loose,ex_post_descriptive,near_zero_excluded,LOG_RV_MSE,72721,10,60.55015230062345,59.35798237833307,1.1921699222903825,1.1774668321445285,8
PM_QDK,cluster_entry_loose,ex_post_descriptive,near_zero_excluded,MAE,72721,10,0.0007578798736419351,0.000765196662370487,-7.316788728551921e-06,-7.524594430596089e-06,8
PM_QDK,cluster_entry_loose,ex_post_descriptive,near_zero_excluded,MSE,72721,10,2.4815741436570955e-06,3.0080999744533127e-06,-5.265258307962172e-07,-5.302368353183345e-07,1
PM_QDK,cluster_entry_loose,ex_post_descriptive,near_zero_excluded,RMSE,72721,10,0.0014547106809734331,0.001597911157335429,-0.00014320047636199587,-0.00014489199120966482,1
PM_QDK,cluster_entry_loose,ex_post_descriptive,near_zero_excluded,SMAPE,72721,10,92.54758698805011,94.30328619447849,-1.7556992064283747,-1.7475069630207742,3
PM_QDK,cluster_entry_loose,ex_post_descriptive,standard,LOG_RV_MSE,73457,10,62.079879709655344,60.823545186962114,1.2563345226932299,1.256366569829566,9
PM_QDK,cluster_entry_loose,ex_post_descriptive,standard,MAE,73457,10,0.0007565085518804874,0.0007630824626807121,-6.573910800224689e-06,-6.5830581026250506e-06,8
PM_QDK,cluster_entry_loose,ex_post_descriptive,standard,MSE,73457,10,2.4613245517090566e-06,2.9824552565446457e-06,-5.211307048355891e-07,-5.212350133614271e-07,1
PM_QDK,cluster_entry_loose,ex_post_descriptive,standard,RMSE,73457,10,0.0014483360606577745,0.0015912767797891724,-0.00014294071913139791,-0.0001429691926381486,1
PM_QDK,cluster_entry_loose,ex_post_descriptive,standard,SMAPE,73457,10,93.56088920634402,95.27617273038899,-1.7152835240449775,-1.7158038588784592,3
PM_QDK,cluster_entry_strict,ex_post_descriptive,high_vol_only,LOG_RV_MSE,14657,10,1.3342554614333662,2.5207113041179983,-1.1864558426846321,-1.18493611364394,1
PM_QDK,cluster_entry_strict,ex_post_descriptive,high_vol_only,MAE,14657,10,0.0017872433294153405,0.0019302842250676503,-0.0001430408956523098,-0.0001429993604183149,0
PM_QDK,cluster_entry_strict,ex_post_descriptive,high_vol_only,MSE,14657,10,1.0345803213348162e-05,1.1884660703133002e-05,-1.5388574897848405e-06,-1.5378884718723863e-06,0
PM_QDK,cluster_entry_strict,ex_post_descriptive,high_vol_only,RMSE,14657,10,0.00296579151461851,0.003193884122390277,-0.000228092607771767,-0.00022793670824339317,0
PM_QDK,cluster_entry_strict,ex_post_descriptive,high_vol_only,SMAPE,14657,10,84.8814963609779,95.76209893566153,-10.880602574683621,-10.874878024920175,0
PM_QDK,cluster_entry_strict,ex_post_descriptive,near_zero_excluded,LOG_RV_MSE,72532,10,60.38117337033708,59.18053648825841,1.200636882078669,1.1841309306128924,8
PM_QDK,cluster_entry_strict,ex_post_descriptive,near_zero_excluded,MAE,72532,10,0.0007588564317868342,0.0007661016287564104,-7.245196969576191e-06,-7.419969908369598e-06,8
PM_QDK,cluster_entry_strict,ex_post_descriptive,near_zero_excluded,MSE,72532,10,2.487464552745797e-06,3.015259440720708e-06,-5.277948879749112e-07,-5.309747768094583e-07,1
PM_QDK,cluster_entry_strict,ex_post_descriptive,near_zero_excluded,RMSE,72532,10,0.0014563362173721057,0.001599779074871918,-0.0001434428574998124,-0.00014497757309271832,1
PM_QDK,cluster_entry_strict,ex_post_descriptive,near_zero_excluded,SMAPE,72532,10,92.49978928796125,94.26070699262407,-1.7609177046628162,-1.7496537295122478,3
PM_QDK,cluster_entry_strict,ex_post_descriptive,standard,LOG_RV_MSE,73266,10,61.91279478429878,60.64795173955385,1.2648430447449357,1.2630625537309328,9
PM_QDK,cluster_entry_strict,ex_post_descriptive,standard,MAE,73266,10,0.0007574764161019864,0.0007639751004963007,-6.498684394314297e-06,-6.474566949401817e-06,8
PM_QDK,cluster_entry_strict,ex_post_descriptive,standard,MSE,73266,10,2.467160189761694e-06,2.9895416912048728e-06,-5.223815014431786e-07,-5.219713986989604e-07,1
PM_QDK,cluster_entry_strict,ex_post_descriptive,standard,RMSE,73266,10,0.0014499492718708553,0.001593129008112902,-0.00014317973624204672,-0.00014305504325950604,1
PM_QDK,cluster_entry_strict,ex_post_descriptive,standard,SMAPE,73266,10,93.51351872126942,95.23385773542444,-1.7203390141550159,-1.7177336444525295,3
PM_QDK,cluster_exit_loose,ex_post_descriptive,high_vol_only,LOG_RV_MSE,14693,10,1.12298621037566,1.9784390334615505,-0.8554528230858904,-0.8555219339480912,2
PM_QDK,cluster_exit_loose,ex_post_descriptive,high_vol_only,MAE,14693,10,0.0015010885262106495,0.0015733815814051725,-7.229305519452296e-05,-7.23098451788319e-05,4
PM_QDK,cluster_exit_loose,ex_post_descriptive,high_vol_only,MSE,14693,10,1.2677943125150043e-05,1.3467087289785207e-05,-7.891441646351641e-07,-7.893321066578333e-07,3
PM_QDK,cluster_exit_loose,ex_post_descriptive,high_vol_only,RMSE,14693,10,0.003290296968866952,0.0034043175786144133,-0.00011402060974746156,-0.00011404642502293523,3
PM_QDK,cluster_exit_loose,ex_post_descriptive,high_vol_only,SMAPE,14693,10,73.70908082091424,78.32323564979934,-4.6141548288851055,-4.615789722242913,5
PM_QDK,cluster_exit_loose,ex_post_descriptive,near_zero_excluded,LOG_RV_MSE,72719,10,80.20388220421133,80.17302704321294,0.030855160998385145,0.02637393702593944,2
PM_QDK,cluster_exit_loose,ex_post_descriptive,near_zero_excluded,MAE,72719,10,0.0006184788455723182,0.0006904015775265661,-7.192273195424784e-05,-7.215801503518808e-05,1
PM_QDK,cluster_exit_loose,ex_post_descriptive,near_zero_excluded,MSE,72719,10,2.7784093074238514e-06,3.258331825961252e-06,-4.799225185374005e-07,-4.83208423356272e-07,0
PM_QDK,cluster_exit_loose,ex_post_descriptive,near_zero_excluded,RMSE,72719,10,0.0015451466912209794,0.0016705873713658476,-0.00012544068014486826,-0.0001267339082594142,0
PM_QDK,cluster_exit_loose,ex_post_descriptive,near_zero_excluded,SMAPE,72719,10,96.79268420263405,100.43412084294958,-3.6414366403155327,-3.6595683286782204,0
PM_QDK,cluster_exit_loose,ex_post_descriptive,standard,LOG_RV_MSE,73455,10,82.09800802250078,82.04017848232624,0.0578295401745379,0.058346340815259266,2
PM_QDK,cluster_exit_loose,ex_post_descriptive,standard,MAE,73455,10,0.0006171643472766632,0.0006886371029262222,-7.147275564955903e-05,-7.147117684319407e-05,1
PM_QDK,cluster_exit_loose,ex_post_descriptive,standard,MSE,73455,10,2.7534877095128126e-06,3.229824561369736e-06,-4.763368518569233e-07,-4.764110442791331e-07,0
PM_QDK,cluster_exit_loose,ex_post_descriptive,standard,RMSE,73455,10,0.0015378243777010383,0.0016634927572412176,-0.00012566837954017924,-0.00012568929269104602,0
PM_QDK,cluster_exit_loose,ex_post_descriptive,standard,SMAPE,73455,10,97.78270322300327,101.38360088644667,-3.600897663443405,-3.600938240284549,0
PM_QDK,cluster_exit_strict,ex_post_descriptive,high_vol_only,LOG_RV_MSE,14671,10,1.1215448458933273,1.9501854686551576,-0.8286406227618304,-0.8276932835420349,2
PM_QDK,cluster_exit_strict,ex_post_descriptive,high_vol_only,MAE,14671,10,0.0015007236427852432,0.0015731207151188586,-7.239707233361531e-05,-7.231097691679628e-05,4
PM_QDK,cluster_exit_strict,ex_post_descriptive,high_vol_only,MSE,14671,10,1.268641340717767e-05,1.3477153233283973e-05,-7.907398261063028e-07,-7.900828916899461e-07,3
PM_QDK,cluster_exit_strict,ex_post_descriptive,high_vol_only,RMSE,14671,10,0.003291129352958483,0.0034053519470201793,-0.0001142225940616963,-0.00011412792073159498,3
PM_QDK,cluster_exit_strict,ex_post_descriptive,high_vol_only,SMAPE,14671,10,73.68484596664375,78.29614459149661,-4.611298624852864,-4.60330630049319,5
PM_QDK,cluster_exit_strict,ex_post_descriptive,near_zero_excluded,LOG_RV_MSE,72600,10,80.02173785493152,79.98464996194834,0.03708789298318038,0.030653058882233443,2
PM_QDK,cluster_exit_strict,ex_post_descriptive,near_zero_excluded,MAE,72600,10,0.000618453517903209,0.000690411163775729,-7.195764587252006e-05,-7.21712043389414e-05,1
PM_QDK,cluster_exit_strict,ex_post_descriptive,near_zero_excluded,MSE,72600,10,2.7805878498427435e-06,3.2612853253155567e-06,-4.806974754728131e-07,-4.835792404871503e-07,0
PM_QDK,cluster_exit_strict,ex_post_descriptive,near_zero_excluded,RMSE,72600,10,0.001545605440712163,0.0016712127779156434,-0.00012560733720348044,-0.00012679947339418621,0
PM_QDK,cluster_exit_strict,ex_post_descriptive,near_zero_excluded,SMAPE,72600,10,96.72258688965874,100.36898209519214,-3.646395205533395,-3.663372508590746,0
PM_QDK,cluster_exit_strict,ex_post_descriptive,standard,LOG_RV_MSE,73334,10,81.907172367353,81.84422940920817,0.06294295814483064,0.061542856809883514,2
PM_QDK,cluster_exit_strict,ex_post_descriptive,standard,MAE,73334,10,0.000617143413936429,0.0006886516544517652,-7.150824051533624e-05,-7.148492621681034e-05,1
PM_QDK,cluster_exit_strict,ex_post_descriptive,standard,MSE,73334,10,2.7556748132854714e-06,3.232785325727018e-06,-4.771105124415465e-07,-4.76787222510032e-07,0
PM_QDK,cluster_exit_strict,ex_post_descriptive,standard,RMSE,73334,10,0.0015382910694777211,0.0016641253606216734,-0.00012583429114395228,-0.00012575636712057865,0
PM_QDK,cluster_exit_strict,ex_post_descriptive,standard,SMAPE,73334,10,97.71189561215205,101.31693843436292,-3.6050428222108764,-3.604019451467458,0
PM_QDK,entry_with_recent_spike,ex_post_descriptive,high_vol_only,LOG_RV_MSE,8754,10,1.4736378431182429,2.7631656845431976,-1.2895278414249547,-1.3094515354456127,1
PM_QDK,entry_with_recent_spike,ex_post_descriptive,high_vol_only,MAE,8754,10,0.0019315043244872631,0.0021042930266504784,-0.00017278870216321527,-0.00017185139203152426,0
PM_QDK,entry_with_recent_spike,ex_post_descriptive,high_vol_only,MSE,8754,10,1.1146392096412257e-05,1.2921657062814048e-05,-1.7752649664017917e-06,-1.7524147201205861e-06,0
PM_QDK,entry_with_recent_spike,ex_post_descriptive,high_vol_only,RMSE,8754,10,0.0030456163069443403,0.0033151519221185986,-0.0002695356151742583,-0.00026701773201212483,0
PM_QDK,entry_with_recent_spike,ex_post_descriptive,high_vol_only,SMAPE,8754,10,87.65347707200944,101.16003568170888,-13.50655860969944,-13.614912015656426,0
PM_QDK,entry_with_recent_spike,ex_post_descriptive,near_zero_excluded,LOG_RV_MSE,43077,10,58.50730008759242,56.87153438893742,1.6357656986549998,1.6509001832166235,8
PM_QDK,entry_with_recent_spike,ex_post_descriptive,near_zero_excluded,MAE,43077,10,0.0008298909469058861,0.0008104495172327941,1.9441429673091952e-05,1.8523033098616884e-05,8
PM_QDK,entry_with_recent_spike,ex_post_descriptive,near_zero_excluded,MSE,43077,10,2.752423802216183e-06,3.2253712422877614e-06,-4.729474400715784e-07,-4.807222313055366e-07,3
PM_QDK,entry_with_recent_spike,ex_post_descriptive,near_zero_excluded,RMSE,43077,10,0.001518223195730347,0.0016480326145429439,-0.00012980941881259684,-0.00013237659363413422,3
PM_QDK,entry_with_recent_spike,ex_post_descriptive,near_zero_excluded,SMAPE,43077,10,93.43135785241643,94.46749170660084,-1.0361338541844134,-1.1042375042104624,3
PM_QDK,entry_with_recent_spike,ex_post_descriptive,standard,LOG_RV_MSE,43747,10,61.708962575357376,59.93103860563944,1.777923969717932,1.8251987073457414,9
PM_QDK,entry_with_recent_spike,ex_post_descriptive,standard,MAE,43747,10,0.0008304363649765771,0.0008091173739351396,2.1318991041437488e-05,2.131248311994912e-05,8
PM_QDK,entry_with_recent_spike,ex_post_descriptive,standard,MSE,43747,10,2.7262690953671725e-06,3.1909734253669377e-06,-4.6470432999976517e-07,-4.577510729249026e-07,3
PM_QDK,entry_with_recent_spike,ex_post_descriptive,standard,RMSE,43747,10,0.0015116472772234515,0.0016413869476636814,-0.00012973967044022983,-0.00012824134742324953,3
PM_QDK,entry_with_recent_spike,ex_post_descriptive,standard,SMAPE,43747,10,94.99398856513221,95.9864664606815,-0.9924778955492854,-1.0529479548495388,3
PM_QDK,entry_without_recent_spike,ex_post_descriptive,high_vol_only,LOG_RV_MSE,5946,10,1.119569204962307,2.236489036181413,-1.1169198312191062,-1.088585523101391,0
PM_QDK,entry_without_recent_spike,ex_post_descriptive,high_vol_only,MAE,5946,10,0.0015570783497103559,0.0016552667124703764,-9.818836276002051e-05,-9.92030993629408e-05,0
PM_QDK,entry_without_recent_spike,ex_post_descriptive,high_vol_only,MSE,5946,10,9.074816797776091e-06,1.031326787634255e-05,-1.238451078566459e-06,-1.2654747021536826e-06,2
PM_QDK,entry_without_recent_spike,ex_post_descriptive,high_vol_only,RMSE,5946,10,0.0028047262156614488,0.0029895768940604154,-0.00018485067839896663,-0.0001883971626898375,2
PM_QDK,entry_without_recent_spike,ex_post_descriptive,high_vol_only,SMAPE,5946,10,80.34309466541848,86.86091079790978,-6.517816132491305,-6.302230827494908,1
PM_QDK,entry_without_recent_spike,ex_post_descriptive,near_zero_excluded,LOG_RV_MSE,29421,10,60.96692014714213,60.53775574268602,0.4291644044561096,0.363670038939046,3
PM_QDK,entry_without_recent_spike,ex_post_descriptive,near_zero_excluded,MAE,29421,10,0.0006486509067225549,0.0006967680677519302,-4.8117161029375354e-05,-4.91784459216881e-05,0
PM_QDK,entry_without_recent_spike,ex_post_descriptive,near_zero_excluded,MSE,29421,10,2.0879985944106474e-06,2.6967683089750463e-06,-6.087697145643988e-07,-6.21973746594372e-07,0
PM_QDK,entry_without_recent_spike,ex_post_descriptive,near_zero_excluded,RMSE,29421,10,0.0013463512678004088,0.0015176089033195727,-0.00017125763551916395,-0.0001746659762284347,0
PM_QDK,entry_without_recent_spike,ex_post_descriptive,near_zero_excluded,SMAPE,29421,10,90.44189351109883,93.26805761153554,-2.8261641004367135,-2.8121786583020354,0
PM_QDK,entry_without_recent_spike,ex_post_descriptive,standard,LOG_RV_MSE,29710,10,62.626043017434974,62.13773183836309,0.4883111790718857,0.4316786678400417,4
PM_QDK,entry_without_recent_spike,ex_post_descriptive,standard,MAE,29710,10,0.0006476522732027815,0.0006952975665969887,-4.764529339420717e-05,-4.862081314602289e-05,0
PM_QDK,entry_without_recent_spike,ex_post_descriptive,standard,MSE,29710,10,2.0712024059193703e-06,2.675419095943204e-06,-6.042166900238337e-07,-6.180686204513534e-07,0
PM_QDK,entry_without_recent_spike,ex_post_descriptive,standard,RMSE,29710,10,0.0013410461974914213,0.0015118544158478206,-0.0001708082183563993,-0.0001740287273157256,0
PM_QDK,entry_without_recent_spike,ex_post_descriptive,standard,SMAPE,29710,10,91.45069743088432,94.23028852240826,-2.7795910915239403,-2.7618522387079936,0
PM_QDK,high_within_block_dispersion,ex_post_descriptive,high_vol_only,LOG_RV_MSE,13800,10,1.3470033356512643,2.932000297232104,-1.58499696158084,-1.718526911523524,2
PM_QDK,high_within_block_dispersion,ex_post_descriptive,high_vol_only,MAE,13800,10,0.0010124910159811013,0.0010786189087504865,-6.612789276938514e-05,-6.492987262669874e-05,2
PM_QDK,high_within_block_dispersion,ex_post_descriptive,high_vol_only,MSE,13800,10,4.061123262773911e-06,4.762404546812029e-06,-7.01281284038118e-07,-6.666333408873048e-07,0
PM_QDK,high_within_block_dispersion,ex_post_descriptive,high_vol_only,RMSE,13800,10,0.0019444871564255927,0.002100760349079177,-0.00015627319265358445,-0.00014951055844138309,0
PM_QDK,high_within_block_dispersion,ex_post_descriptive,high_vol_only,SMAPE,13800,10,67.13010831422379,74.38332046293604,-7.253212148712251,-7.868810493338904,4
PM_QDK,high_within_block_dispersion,ex_post_descriptive,near_zero_excluded,LOG_RV_MSE,68602,10,133.4472628667991,133.1577808612972,0.2894820055018954,0.7266707541568111,5
PM_QDK,high_within_block_dispersion,ex_post_descriptive,near_zero_excluded,MAE,68602,10,0.0005686491628151094,0.000592012632197075,-2.3363469381965573e-05,-2.072191572928341e-05,3
PM_QDK,high_within_block_dispersion,ex_post_descriptive,near_zero_excluded,MSE,68602,10,1.1270507326667902e-06,1.354147120571029e-06,-2.2709638790423884e-07,-2.1560933521687922e-07,0
PM_QDK,high_within_block_dispersion,ex_post_descriptive,near_zero_excluded,RMSE,68602,10,0.0010229154137202216,0.0011161629193061748,-9.324750558595317e-05,-8.916437216886836e-05,0
PM_QDK,high_within_block_dispersion,ex_post_descriptive,near_zero_excluded,SMAPE,68602,10,119.19625535603214,121.51261149268298,-2.316356136650839,-2.3473454919753904,0
PM_QDK,high_within_block_dispersion,ex_post_descriptive,standard,LOG_RV_MSE,68970,10,134.1816042682559,133.89116197257894,0.2904422956769679,0.7273022368894623,5
PM_QDK,high_within_block_dispersion,ex_post_descriptive,standard,MAE,68970,10,0.0005686239436959388,0.0005919228875945915,-2.3298943898652754e-05,-2.081962293324833e-05,3
PM_QDK,high_within_block_dispersion,ex_post_descriptive,standard,MSE,68970,10,1.123133377035606e-06,1.3494876925022526e-06,-2.263543154666466e-07,-2.149380997294087e-07,0
PM_QDK,high_within_block_dispersion,ex_post_descriptive,standard,RMSE,68970,10,0.0010218476548916344,0.0011149281209628865,-9.308046607125206e-05,-8.90800727120198e-05,0
PM_QDK,high_within_block_dispersion,ex_post_descriptive,standard,SMAPE,68970,10,119.6042723375393,121.90123766933657,-2.296965331797267,-2.3401454264167443,0
PM_QDK,inflection_points,ex_post_descriptive,high_vol_only,LOG_RV_MSE,28984,10,1.1395945169174655,1.8415946294302235,-0.702000112512758,-0.7804103999485983,1
PM_QDK,inflection_points,ex_post_descriptive,high_vol_only,MAE,28984,10,0.0015690861683881798,0.0016559115829881984,-8.68254146000186e-05,-8.644229235288548e-05,0
PM_QDK,inflection_points,ex_post_descriptive,high_vol_only,MSE,28984,10,1.1258143057647152e-05,1.2331802875170001e-05,-1.0736598175228487e-06,-1.041477719134219e-06,0
PM_QDK,inflection_points,ex_post_descriptive,high_vol_only,RMSE,28984,10,0.003107343839288957,0.0032634668178460643,-0.00015612297855710717,-0.00015376154620537326,0
PM_QDK,inflection_points,ex_post_descriptive,high_vol_only,SMAPE,28984,10,77.55114846016427,83.66365060310413,-6.11250214293986,-6.723436413063551,0
PM_QDK,inflection_points,ex_post_descriptive,near_zero_excluded,LOG_RV_MSE,143375,10,58.64300646701444,58.37727692896028,0.2657295380541598,0.4011056061457522,4
PM_QDK,inflection_points,ex_post_descriptive,near_zero_excluded,MAE,143375,10,0.0006543332063453756,0.0006936695507864113,-3.9336344441035756e-05,-3.807523162183812e-05,1
PM_QDK,inflection_points,ex_post_descriptive,near_zero_excluded,MSE,143375,10,2.5404502225261253e-06,2.9395121088330767e-06,-3.9906188630695133e-07,-3.9013337157652076e-07,0
PM_QDK,inflection_points,ex_post_descriptive,near_zero_excluded,RMSE,143375,10,0.0014800076339818136,0.0015948775467229098,-0.00011486991274109611,-0.00011441306600553725,0
PM_QDK,inflection_points,ex_post_descriptive,near_zero_excluded,SMAPE,143375,10,90.02958353834602,92.36374325532793,-2.3341597169819153,-2.3939731637077317,0
PM_QDK,inflection_points,ex_post_descriptive,standard,LOG_RV_MSE,144886,10,60.50679138303631,60.20373982489041,0.3030515581458957,0.44061254900685237,4
PM_QDK,inflection_points,ex_post_descriptive,standard,MAE,144886,10,0.000652967914369835,0.0006918550928625483,-3.888717849271327e-05,-3.746922119437332e-05,1
PM_QDK,inflection_points,ex_post_descriptive,standard,MSE,144886,10,2.5174090288561914e-06,2.9129313447355146e-06,-3.9552231587932313e-07,-3.839156107160429e-07,0
PM_QDK,inflection_points,ex_post_descriptive,standard,RMSE,144886,10,0.0014727078102294974,0.0015876427870663199,-0.0001149349768368225,-0.00011321196877236133,0
PM_QDK,inflection_points,ex_post_descriptive,standard,SMAPE,144886,10,91.11849776564617,93.41552881989386,-2.2970310542476966,-2.3542000247752854,0
PM_QDK,older_spike_position,ex_post_descriptive,high_vol_only,LOG_RV_MSE,21781,10,1.139530307137008,1.6087496961650152,-0.4692193890280072,-0.509815087362442,5
PM_QDK,older_spike_position,ex_post_descriptive,high_vol_only,MAE,21781,10,0.0013486758958274894,0.001387595991516676,-3.892009568918662e-05,-4.007947347182094e-05,5
PM_QDK,older_spike_position,ex_post_descriptive,high_vol_only,MSE,21781,10,1.0691413001492031e-05,1.1001002523939313e-05,-3.0958952244728196e-07,-3.08614385558395e-07,5
PM_QDK,older_spike_position,ex_post_descriptive,high_vol_only,RMSE,21781,10,0.003051768796325229,0.003107715582187177,-5.594678586194786e-05,-5.736181171025847e-05,5
PM_QDK,older_spike_position,ex_post_descriptive,high_vol_only,SMAPE,21781,10,69.86263022976281,73.53294837883634,-3.6703181490735233,-4.303801522933375,5
PM_QDK,older_spike_position,ex_post_descriptive,near_zero_excluded,LOG_RV_MSE,107788,10,78.34423189431001,78.36358418287988,-0.019352288569862708,0.14272699680696715,4
PM_QDK,older_spike_position,ex_post_descriptive,near_zero_excluded,MAE,107788,10,0.0005714781969836334,0.0006150302359161852,-4.3552038932551714e-05,-4.163646497760532e-05,1
PM_QDK,older_spike_position,ex_post_descriptive,near_zero_excluded,MSE,107788,10,2.3464758025941733e-06,2.6304619940144305e-06,-2.8398619142025724e-07,-2.734255511500321e-07,0
PM_QDK,older_spike_position,ex_post_descriptive,near_zero_excluded,RMSE,107788,10,0.0014337788538724924,0.001516619076591106,-8.284022271861356e-05,-8.145497047630207e-05,0
PM_QDK,older_spike_position,ex_post_descriptive,near_zero_excluded,SMAPE,107788,10,96.43669124775658,98.67986375825853,-2.2431725105019495,-2.249690060880441,0
PM_QDK,older_spike_position,ex_post_descriptive,standard,LOG_RV_MSE,108871,10,80.56611778057228,80.55528206527245,0.010835715299833737,0.17377888626880314,4
PM_QDK,older_spike_position,ex_post_descriptive,standard,MAE,108871,10,0.0005701423444708844,0.0006132909823785449,-4.314863790766052e-05,-4.1239680402530524e-05,1
PM_QDK,older_spike_position,ex_post_descriptive,standard,MSE,108871,10,2.3254307190714065e-06,2.6071298580010343e-06,-2.816991389296278e-07,-2.7097161015418113e-07,0
PM_QDK,older_spike_position,ex_post_descriptive,standard,RMSE,108871,10,0.001426511603214955,0.0015092527613655812,-8.274115815062617e-05,-8.097324311851405e-05,0
PM_QDK,older_spike_position,ex_post_descriptive,standard,SMAPE,108871,10,97.43444156272848,99.65134907082974,-2.216907508101258,-2.219120314608266,0
PM_QDK,recent_ramp_high_dispersion,ex_post_descriptive,high_vol_only,LOG_RV_MSE,4860,10,1.4225416857889897,4.140098292723672,-2.717556606934682,-2.756803440739566,1
PM_QDK,recent_ramp_high_dispersion,ex_post_descriptive,high_vol_only,MAE,4860,10,0.00146139554770417,0.0016369500163982813,-0.00017555446869411116,-0.00017411247558846708,0
PM_QDK,recent_ramp_high_dispersion,ex_post_descriptive,high_vol_only,MSE,4860,10,5.962958682117299e-06,7.579351267744645e-06,-1.6163925856273456e-06,-1.5729955337083423e-06,0
PM_QDK,recent_ramp_high_dispersion,ex_post_descriptive,high_vol_only,RMSE,4860,10,0.0023230566466459776,0.00260884430399934,-0.0002857876573533623,-0.00027574671682901086,0
PM_QDK,recent_ramp_high_dispersion,ex_post_descriptive,high_vol_only,SMAPE,4860,10,76.48024034284735,94.30968939889897,-17.829449056051615,-17.806779606930327,0
PM_QDK,recent_ramp_high_dispersion,ex_post_descriptive,near_zero_excluded,LOG_RV_MSE,24128,10,114.11256472838478,111.09732208530023,3.015242643084548,3.198446058950656,9
PM_QDK,recent_ramp_high_dispersion,ex_post_descriptive,near_zero_excluded,MAE,24128,10,0.0007928593925198659,0.0007225507129572643,7.030867956260166e-05,7.10428355576121e-05,9
PM_QDK,recent_ramp_high_dispersion,ex_post_descriptive,near_zero_excluded,MSE,24128,10,1.8154479393961285e-06,2.0210841750569146e-06,-2.056362356607861e-07,-1.90714411222666e-07,5
PM_QDK,recent_ramp_high_dispersion,ex_post_descriptive,near_zero_excluded,RMSE,24128,10,0.0012728856173696308,0.0013373984301772587,-6.451281280762792e-05,-5.9117078113960026e-05,5
PM_QDK,recent_ramp_high_dispersion,ex_post_descriptive,near_zero_excluded,SMAPE,24128,10,117.97303255679836,117.51292825045847,0.4601043063398862,0.333146411289259,7
PM_QDK,recent_ramp_high_dispersion,ex_post_descriptive,standard,LOG_RV_MSE,24273,10,114.68887158724468,111.65722752305496,3.03164406418972,3.226047662444563,9
PM_QDK,recent_ramp_high_dispersion,ex_post_descriptive,standard,MAE,24273,10,0.0007926212482416148,0.0007221103880498877,7.051086019172717e-05,7.106230407732707e-05,9
PM_QDK,recent_ramp_high_dispersion,ex_post_descriptive,standard,MSE,24273,10,1.8086202635967039e-06,2.0131158565798726e-06,-2.0449559298316873e-07,-1.8964454381645184e-07,5
PM_QDK,recent_ramp_high_dispersion,ex_post_descriptive,standard,RMSE,24273,10,0.0012704857330761475,0.0013347965518357217,-6.431081875957418e-05,-5.880214244272919e-05,5
PM_QDK,recent_ramp_high_dispersion,ex_post_descriptive,standard,SMAPE,24273,10,118.42814151699291,117.94635617301778,0.4817853439751332,0.32138963226901895,7
PM_QDK,recent_spike_position,ex_post_descriptive,high_vol_only,LOG_RV_MSE,41263,10,133.6032635592639,134.04096555189446,-0.437701992630565,-0.5518480052277794,1
PM_QDK,recent_spike_position,ex_post_descriptive,high_vol_only,MAE,41263,10,0.000927832962167618,0.0009823711971069637,-5.453823493934567e-05,-9.822486662201882e-05,0
PM_QDK,recent_spike_position,ex_post_descriptive,high_vol_only,MSE,41263,10,5.620772726610019e-06,6.179418815409847e-06,-5.586460887998282e-07,-1.0038341211659808e-06,0
PM_QDK,recent_spike_position,ex_post_descriptive,high_vol_only,RMSE,41263,10,0.0018548378532288745,0.0019517962813453214,-9.695842811644688e-05,-0.00016063750026726196,0
PM_QDK,recent_spike_position,ex_post_descriptive,high_vol_only,SMAPE,41263,10,126.75937019751491,131.66099655497106,-4.901626357456152,-7.521496411822488,0
PM_QDK,recent_spike_position,ex_post_descriptive,near_zero_excluded,LOG_RV_MSE,124205,10,108.0933145584078,107.95663871751262,0.1366758408951796,0.12020472496902353,6
PM_QDK,recent_spike_position,ex_post_descriptive,near_zero_excluded,MAE,124205,10,0.0006101040585027672,0.0006138184244663569,-3.714365963589767e-06,-4.4919394805258535e-06,7
PM_QDK,recent_spike_position,ex_post_descriptive,near_zero_excluded,MSE,124205,10,2.122274233742506e-06,2.32588398825802e-06,-2.0360975451551406e-07,-2.2807390170180972e-07,2
PM_QDK,recent_spike_position,ex_post_descriptive,near_zero_excluded,RMSE,124205,10,0.0013357423747781827,0.0014044411907720821,-6.869881599389947e-05,-7.605763431215878e-05,2
PM_QDK,recent_spike_position,ex_post_descriptive,near_zero_excluded,SMAPE,124205,10,110.75903396146333,111.57337232883448,-0.8143383673711497,-0.7653719654309157,3
PM_QDK,recent_spike_position,ex_post_descriptive,standard,LOG_RV_MSE,125358,10,109.41387329729076,109.23351485393694,0.18035844335382478,0.16913550469915392,7
PM_QDK,recent_spike_position,ex_post_descriptive,standard,MAE,125358,10,0.0006091827783180372,0.0006124467506197851,-3.2639723017478892e-06,-3.925384626492226e-06,7
PM_QDK,recent_spike_position,ex_post_descriptive,standard,MSE,125358,10,2.105711101802366e-06,2.307292446882673e-06,-2.0158134508030708e-07,-2.2283882686491228e-07,2
PM_QDK,recent_spike_position,ex_post_descriptive,standard,RMSE,125358,10,0.0013297050754869251,0.001398483977295416,-6.877890180849097e-05,-7.466158856831519e-05,2
PM_QDK,recent_spike_position,ex_post_descriptive,standard,SMAPE,125358,10,111.53126330980865,112.32803908959177,-0.7967757797831183,-0.7554562966349934,3
PM_QDK,same_average_back_loaded,ex_post_descriptive,high_vol_only,LOG_RV_MSE,5089,10,148.22928499978485,143.89502462195995,4.334260377824904,0.8984629295073482,7
PM_QDK,same_average_back_loaded,ex_post_descriptive,high_vol_only,MAE,5089,10,0.0007950207010854334,0.0007627860026541266,3.223469843130684e-05,3.592330107081155e-05,9
PM_QDK,same_average_back_loaded,ex_post_descriptive,high_vol_only,MSE,5089,10,5.436331054030538e-06,5.348807313076901e-06,8.752374095363685e-08,1.51617257229484e-07,9
PM_QDK,same_average_back_loaded,ex_post_descriptive,high_vol_only,RMSE,5089,10,0.0018167313676903931,0.0018034055400901442,1.3325827600248977e-05,2.2198631419578027e-05,9
PM_QDK,same_average_back_loaded,ex_post_descriptive,high_vol_only,SMAPE,5089,10,125.47402772647942,124.00149915529772,1.472528571181698,3.2540562506285156,7
PM_QDK,same_average_back_loaded,ex_post_descriptive,near_zero_excluded,LOG_RV_MSE,15487,10,124.26141465489667,123.78882663446731,0.472588020429356,-0.13409502799394826,1
PM_QDK,same_average_back_loaded,ex_post_descriptive,near_zero_excluded,MAE,15487,10,0.0005277414200533392,0.0005659204484712767,-3.817902841793755e-05,-4.231118105576285e-05,1
PM_QDK,same_average_back_loaded,ex_post_descriptive,near_zero_excluded,MSE,15487,10,1.938986808716451e-06,2.0360069595591006e-06,-9.702015084264968e-08,-1.0010478692068176e-07,1
PM_QDK,same_average_back_loaded,ex_post_descriptive,near_zero_excluded,RMSE,15487,10,0.0012924945524023612,0.0013250829827073088,-3.258843030494755e-05,-3.375476759613447e-05,1
PM_QDK,same_average_back_loaded,ex_post_descriptive,near_zero_excluded,SMAPE,15487,10,115.21629356910046,117.33683834346878,-2.1205447743683266,-2.2207235105541256,0
PM_QDK,same_average_back_loaded,ex_post_descriptive,standard,LOG_RV_MSE,15559,10,124.77448384105081,124.32226917320779,0.4522146678430232,-0.15295353092535038,1
PM_QDK,same_average_back_loaded,ex_post_descriptive,standard,MAE,15559,10,0.0005277712465664336,0.000566072642746538,-3.830139618010437e-05,-4.2462377730918675e-05,1
PM_QDK,same_average_back_loaded,ex_post_descriptive,standard,MSE,15559,10,1.9314322770860373e-06,2.028368539247345e-06,-9.693626216130759e-08,-1.0047383599230561e-07,1
PM_QDK,same_average_back_loaded,ex_post_descriptive,standard,RMSE,15559,10,0.0012903148383427415,0.0013228851402075211,-3.2570301864779695e-05,-3.388937390876887e-05,1
PM_QDK,same_average_back_loaded,ex_post_descriptive,standard,SMAPE,15559,10,115.58379315439639,117.6881223693682,-2.1043292149718127,-2.1949994371008628,0
PM_QDK,same_average_different_path,ex_post_descriptive,high_vol_only,LOG_RV_MSE,1483,10,1.1764516069396271,1.8125420519994964,-0.6360904450598692,-0.6763750050731308,0
PM_QDK,same_average_different_path,ex_post_descriptive,high_vol_only,MAE,1483,10,0.001230842183409896,0.001254817614281592,-2.3975430871696042e-05,-2.7395263140406916e-05,1
PM_QDK,same_average_different_path,ex_post_descriptive,high_vol_only,MSE,1483,10,5.424646643514248e-06,5.546627899895054e-06,-1.2198125638080615e-07,-1.31197250602656e-07,2
PM_QDK,same_average_different_path,ex_post_descriptive,high_vol_only,RMSE,1483,10,0.002260088323255372,0.0022855636192657225,-2.547529601035041e-05,-2.8483917544614e-05,2
PM_QDK,same_average_different_path,ex_post_descriptive,high_vol_only,SMAPE,1483,10,78.26623103458408,82.45365970942578,-4.187428674841698,-4.92596352482184,1
PM_QDK,same_average_different_path,ex_post_descriptive,near_zero_excluded,LOG_RV_MSE,7368,10,130.56479826519202,131.02038736494188,-0.45558909974985795,-0.3103337949041613,3
PM_QDK,same_average_different_path,ex_post_descriptive,near_zero_excluded,MAE,7368,10,0.0005432933684752154,0.0005905381053738112,-4.724473689859574e-05,-5.037781058388632e-05,1
PM_QDK,same_average_different_path,ex_post_descriptive,near_zero_excluded,MSE,7368,10,1.2503333296572368e-06,1.4110185327522364e-06,-1.6068520309499962e-07,-1.7516648048763162e-07,0
PM_QDK,same_average_different_path,ex_post_descriptive,near_zero_excluded,RMSE,7368,10,0.0010858650799512115,0.0011482426369475553,-6.237755699634376e-05,-6.899464250577587e-05,0
PM_QDK,same_average_different_path,ex_post_descriptive,near_zero_excluded,SMAPE,7368,10,117.07922485740528,119.77424643920064,-2.695021581795359,-3.0954108122201163,0
PM_QDK,same_average_different_path,ex_post_descriptive,standard,LOG_RV_MSE,7396,10,131.05381497089004,131.53513294310025,-0.48131797221020634,-0.3458306800170403,3
PM_QDK,same_average_different_path,ex_post_descriptive,standard,MAE,7396,10,0.0005431003711606759,0.0005906066180746449,-4.750624691396898e-05,-5.066447385986611e-05,1
PM_QDK,same_average_different_path,ex_post_descriptive,standard,MSE,7396,10,1.2465643226607867e-06,1.40713367903576e-06,-1.6056935637497323e-07,-1.7545160991836385e-07,0
PM_QDK,same_average_different_path,ex_post_descriptive,standard,RMSE,7396,10,0.001084043979705964,0.0011464913156827305,-6.244733597676657e-05,-6.921111736102162e-05,0
PM_QDK,same_average_different_path,ex_post_descriptive,standard,SMAPE,7396,10,117.37318180795144,120.0603743941504,-2.687192586198961,-3.0651036586497113,0
PM_QDK,same_average_recent_front_loaded,ex_post_descriptive,high_vol_only,LOG_RV_MSE,2870,10,1.458056280847616,1.9293099463278913,-0.47125366548027525,-0.46355680462146615,0
PM_QDK,same_average_recent_front_loaded,ex_post_descriptive,high_vol_only,MAE,2870,10,0.0016073033121389447,0.0016558616140895746,-4.855830195062984e-05,-4.8272753163305134e-05,0
PM_QDK,same_average_recent_front_loaded,ex_post_descriptive,high_vol_only,MSE,2870,10,7.781371153615297e-06,8.034076038138805e-06,-2.527048845235075e-07,-2.523897255729242e-07,1
PM_QDK,same_average_recent_front_loaded,ex_post_descriptive,high_vol_only,RMSE,2870,10,0.002458167822054253,0.002497097520499939,-3.892969844568588e-05,-3.909278201029061e-05,1
PM_QDK,same_average_recent_front_loaded,ex_post_descriptive,high_vol_only,SMAPE,2870,10,94.65986106709954,100.57214284566562,-5.912281778566083,-5.945748808376903,1
PM_QDK,same_average_recent_front_loaded,ex_post_descriptive,near_zero_excluded,LOG_RV_MSE,14110,10,61.513062000957724,61.236820821419116,0.2762411795386086,0.2796733026343597,2
PM_QDK,same_average_recent_front_loaded,ex_post_descriptive,near_zero_excluded,MAE,14110,10,0.0006158783008603954,0.0006327166936213843,-1.6838392760988802e-05,-1.7255576075873185e-05,2
PM_QDK,same_average_recent_front_loaded,ex_post_descriptive,near_zero_excluded,MSE,14110,10,1.752722077863019e-06,1.8359979052681118e-06,-8.327582740509286e-08,-8.487552422498936e-08,0
PM_QDK,same_average_recent_front_loaded,ex_post_descriptive,near_zero_excluded,RMSE,14110,10,0.001176267632453264,0.0012045876567390763,-2.8320024285812375e-05,-2.8840624619099094e-05,0
PM_QDK,same_average_recent_front_loaded,ex_post_descriptive,near_zero_excluded,SMAPE,14110,10,92.08728033135652,93.99585819738593,-1.908577866029404,-1.9405934170026753,1
PM_QDK,same_average_recent_front_loaded,ex_post_descriptive,standard,LOG_RV_MSE,14331,10,65.03276064201738,64.71726563479838,0.31549500721899904,0.32704652513779386,3
PM_QDK,same_average_recent_front_loaded,ex_post_descriptive,standard,MAE,14331,10,0.0006156989960013585,0.0006331584641332062,-1.745946813184779e-05,-1.760500103545945e-05,2
PM_QDK,same_average_recent_front_loaded,ex_post_descriptive,standard,MSE,14331,10,1.7321796933368432e-06,1.8185977087764772e-06,-8.641801543963398e-08,-8.70167463732738e-08,0
PM_QDK,same_average_recent_front_loaded,ex_post_descriptive,standard,RMSE,14331,10,0.0011690487178098597,0.0011986995415679965,-2.965082375813678e-05,-2.9787309801534816e-05,0
PM_QDK,same_average_recent_front_loaded,ex_post_descriptive,standard,SMAPE,14331,10,93.68336123788053,95.55878623942847,-1.8754250015479386,-1.9047401413096523,1
PM_QDK,stable_low_dispersion,ex_post_descriptive,high_vol_only,LOG_RV_MSE,13798,10,1.1365927002845018,1.2545381429033349,-0.11794544261883311,-0.14325217359661266,4
PM_QDK,stable_low_dispersion,ex_post_descriptive,high_vol_only,MAE,13798,10,0.001629704673023734,0.0017011656257197205,-7.146095269598652e-05,-7.060663332537091e-05,1
PM_QDK,stable_low_dispersion,ex_post_descriptive,high_vol_only,MSE,13798,10,1.7413305626983608e-05,1.8040508435994366e-05,-6.272028090107582e-07,-5.96872260533174e-07,2
PM_QDK,stable_low_dispersion,ex_post_descriptive,high_vol_only,RMSE,13798,10,0.0037740477994486843,0.0038762856579019262,-0.0001022378584532419,-0.00010361677366897744,2
PM_QDK,stable_low_dispersion,ex_post_descriptive,high_vol_only,SMAPE,13798,10,72.78501202199313,77.65645145316918,-4.871439431176057,-5.594822976762327,0
PM_QDK,stable_low_dispersion,ex_post_descriptive,near_zero_excluded,LOG_RV_MSE,67129,10,23.025768077174654,22.932549581698687,0.09321849547596628,0.18829020427167142,5
PM_QDK,stable_low_dispersion,ex_post_descriptive,near_zero_excluded,MAE,67129,10,0.0006391886575124143,0.0006709240501283153,-3.173539261590102e-05,-3.0321754520257264e-05,1
PM_QDK,stable_low_dispersion,ex_post_descriptive,near_zero_excluded,MSE,67129,10,3.789125701366807e-06,4.033585584202313e-06,-2.44459882835506e-07,-2.3694577779263402e-07,1
PM_QDK,stable_low_dispersion,ex_post_descriptive,near_zero_excluded,RMSE,67129,10,0.0017621521053889182,0.0018334366006976148,-7.128449530869664e-05,-7.13870151820467e-05,1
PM_QDK,stable_low_dispersion,ex_post_descriptive,near_zero_excluded,SMAPE,67129,10,76.72229577442009,78.1460184471589,-1.4237226727388048,-1.449284755285042,0
PM_QDK,stable_low_dispersion,ex_post_descriptive,standard,LOG_RV_MSE,68968,10,30.904589880945924,30.78639447055441,0.1181954103915146,0.21625316665762603,4
PM_QDK,stable_low_dispersion,ex_post_descriptive,standard,MAE,68968,10,0.0006423459669196488,0.0006737865083288684,-3.1440541409219524e-05,-2.948493346543746e-05,1
PM_QDK,stable_low_dispersion,ex_post_descriptive,standard,MSE,68968,10,3.7070392667763796e-06,3.949886751958068e-06,-2.4284748518168837e-07,-2.3017356605550223e-07,1
PM_QDK,stable_low_dispersion,ex_post_descriptive,standard,RMSE,68968,10,0.0017476301176741701,0.0018194540970383067,-7.18239793641366e-05,-7.063120881873808e-05,1
PM_QDK,stable_low_dispersion,ex_post_descriptive,standard,SMAPE,68968,10,79.91610745758297,81.29713665298603,-1.381029195403059,-1.3922550918378533,0
PM_QDK_2,all_observations,not_conditioned,high_vol_only,LOG_RV_MSE,73496,10,1.242997362551703,1.5273803021430297,-0.28438293959132666,-0.284297940833705,2
PM_QDK_2,all_observations,not_conditioned,high_vol_only,MAE,73496,10,0.0013977588560888747,0.0015932483680572227,-0.000195489511968348,-0.00019547035709406726,1
PM_QDK_2,all_observations,not_conditioned,high_vol_only,MSE,73496,10,9.916314673078101e-06,1.1295758828070207e-05,-1.3794441549921057e-06,-1.379087453830868e-06,1
PM_QDK_2,all_observations,not_conditioned,high_vol_only,RMSE,73496,10,0.002950349007591886,0.0031422837452864897,-0.0001919347376946037,-0.00019190408250749005,1
PM_QDK_2,all_observations,not_conditioned,high_vol_only,SMAPE,73496,10,74.02057588227855,90.56891516483064,-16.548339282552092,-16.54609518055316,2
PM_QDK_2,all_observations,not_conditioned,near_zero_excluded,LOG_RV_MSE,363794,10,84.08930450265115,87.32108799462243,-3.231783491971285,-3.195533931464902,7
PM_QDK_2,all_observations,not_conditioned,near_zero_excluded,MAE,363794,10,0.0005874977903762499,0.0006039689219916639,-1.6471131615413987e-05,-1.6098933262703335e-05,7
PM_QDK_2,all_observations,not_conditioned,near_zero_excluded,MSE,363794,10,2.2153309063968043e-06,2.5756520447155784e-06,-3.6032113831877406e-07,-3.597142128996881e-07,0
PM_QDK_2,all_observations,not_conditioned,near_zero_excluded,RMSE,363794,10,0.0013956524343366019,0.0015207570337317366,-0.00012510459939513467,-0.00012506519991796082,0
PM_QDK_2,all_observations,not_conditioned,near_zero_excluded,SMAPE,363794,10,99.92108201928681,98.44283251650275,1.4782495027840667,1.4925580540946555,9
PM_QDK_2,all_observations,not_conditioned,standard,LOG_RV_MSE,367468,10,86.01532967523512,89.12688682431694,-3.1115571490818184,-3.1128484476182607,7
PM_QDK_2,all_observations,not_conditioned,standard,MAE,367468,10,0.0005862627333686982,0.0006012703576758411,-1.5007624307142916e-05,-1.5024934784782045e-05,7
PM_QDK_2,all_observations,not_conditioned,standard,MSE,367468,10,2.195810003722176e-06,2.551355154165476e-06,-3.555451504433001e-07,-3.555154329193102e-07,0
PM_QDK_2,all_observations,not_conditioned,standard,RMSE,367468,10,0.0013888098610510206,0.0015127324078259236,-0.00012392254677490297,-0.00012392354376879197,0
PM_QDK_2,all_observations,not_conditioned,standard,SMAPE,367468,10,100.87996479236018,99.4014121869994,1.4785526053607896,1.4780783007984013,9
PM_QDK_2,cluster_entry_loose,ex_post_descriptive,high_vol_only,LOG_RV_MSE,14694,10,1.332130439533171,2.0008281698715416,-0.6686977303383705,-0.6686591342126879,2
PM_QDK_2,cluster_entry_loose,ex_post_descriptive,high_vol_only,MAE,14694,10,0.0017844911497977504,0.0020919125260255916,-0.0003074213762278412,-0.00030742670936500583,0
PM_QDK_2,cluster_entry_loose,ex_post_descriptive,high_vol_only,MSE,14694,10,1.0321539944733833e-05,1.2957017835577951e-05,-2.635477890844118e-06,-2.6356677397267623e-06,0
PM_QDK_2,cluster_entry_loose,ex_post_descriptive,high_vol_only,RMSE,14694,10,0.002962451772982635,0.003340701125465398,-0.0003782493524827628,-0.000378268815464726,0
PM_QDK_2,cluster_entry_loose,ex_post_descriptive,high_vol_only,SMAPE,14694,10,84.81154032675794,105.43979411227504,-20.628253785517103,-20.627806377447563,2
PM_QDK_2,cluster_entry_loose,ex_post_descriptive,near_zero_excluded,LOG_RV_MSE,72721,10,60.55015230062345,60.823870118778366,-0.273717818154914,-0.2697234646982736,8
PM_QDK_2,cluster_entry_loose,ex_post_descriptive,near_zero_excluded,MAE,72721,10,0.0007578798736419351,0.0007598906390044763,-2.010765362541237e-06,-1.7538206264254152e-06,8
PM_QDK_2,cluster_entry_loose,ex_post_descriptive,near_zero_excluded,MSE,72721,10,2.4815741436570955e-06,3.5109914921290865e-06,-1.029417348471991e-06,-1.0266439177704984e-06,0
PM_QDK_2,cluster_entry_loose,ex_post_descriptive,near_zero_excluded,RMSE,72721,10,0.0014547106809734331,0.0017400018284515198,-0.0002852911474780866,-0.00028511468494856916,0
PM_QDK_2,cluster_entry_loose,ex_post_descriptive,near_zero_excluded,SMAPE,72721,10,92.54758698805011,92.68438000355891,-0.1367930155088004,-0.12713300478628042,5
PM_QDK_2,cluster_entry_loose,ex_post_descriptive,standard,LOG_RV_MSE,73457,10,62.079879709655344,62.24866291553516,-0.16878320587981221,-0.16943853897272856,8
PM_QDK_2,cluster_entry_loose,ex_post_descriptive,standard,MAE,73457,10,0.0007565085518804874,0.0007562742784159652,2.3427346452218386e-07,2.2383148204924847e-07,8
PM_QDK_2,cluster_entry_loose,ex_post_descriptive,standard,MSE,73457,10,2.4613245517090566e-06,3.4781694701942454e-06,-1.0168449184851888e-06,-1.0166288959528744e-06,0
PM_QDK_2,cluster_entry_loose,ex_post_descriptive,standard,RMSE,73457,10,0.0014483360606577745,0.001731105583674078,-0.00028276952301630343,-0.000282718275955316,0
PM_QDK_2,cluster_entry_loose,ex_post_descriptive,standard,SMAPE,73457,10,93.56088920634402,93.66110478747056,-0.10021558112654816,-0.10053297093572126,5
PM_QDK_2,cluster_entry_strict,ex_post_descriptive,high_vol_only,LOG_RV_MSE,14657,10,1.3342554614333662,2.0031070779743643,-0.6688516165409981,-0.6692115919850347,2
PM_QDK_2,cluster_entry_strict,ex_post_descriptive,high_vol_only,MAE,14657,10,0.0017872433294153405,0.00209480320317117,-0.0003075598737558296,-0.0003075843047703671,0
PM_QDK_2,cluster_entry_strict,ex_post_descriptive,high_vol_only,MSE,14657,10,1.0345803213348162e-05,1.2986781623922957e-05,-2.640978410574795e-06,-2.6395420030203723e-06,0
PM_QDK_2,cluster_entry_strict,ex_post_descriptive,high_vol_only,RMSE,14657,10,0.00296579151461851,0.003344522680804535,-0.0003787311661860252,-0.00037848421522985955,0
PM_QDK_2,cluster_entry_strict,ex_post_descriptive,high_vol_only,SMAPE,14657,10,84.8814963609779,105.48609404529775,-20.60459768431984,-20.615007000824527,2
PM_QDK_2,cluster_entry_strict,ex_post_descriptive,near_zero_excluded,LOG_RV_MSE,72532,10,60.38117337033708,60.65590148964185,-0.27472811930476837,-0.2663070265551332,8
PM_QDK_2,cluster_entry_strict,ex_post_descriptive,near_zero_excluded,MAE,72532,10,0.0007588564317868342,0.0007609622330265809,-2.105801239746718e-06,-1.7690623689377055e-06,8
PM_QDK_2,cluster_entry_strict,ex_post_descriptive,near_zero_excluded,MSE,72532,10,2.487464552745797e-06,3.519601551202108e-06,-1.032136998456311e-06,-1.0289559200746153e-06,0
PM_QDK_2,cluster_entry_strict,ex_post_descriptive,near_zero_excluded,RMSE,72532,10,0.0014563362173721057,0.0017421092638786866,-0.00028577304650658094,-0.00028541726343922735,0
PM_QDK_2,cluster_entry_strict,ex_post_descriptive,near_zero_excluded,SMAPE,72532,10,92.49978928796125,92.65178338409925,-0.1519940961379973,-0.1416880010889102,5
PM_QDK_2,cluster_entry_strict,ex_post_descriptive,standard,LOG_RV_MSE,73266,10,61.91279478429878,62.08251026472987,-0.16971548043108697,-0.16609021226369752,8
PM_QDK_2,cluster_entry_strict,ex_post_descriptive,standard,MAE,73266,10,0.0007574764161019864,0.0007573349321038456,1.4148399814077096e-07,2.0705060227513282e-07,8
PM_QDK_2,cluster_entry_strict,ex_post_descriptive,standard,MSE,73266,10,2.467160189761694e-06,3.4866980251788476e-06,-1.0195378354171534e-06,-1.018948268872601e-06,0
PM_QDK_2,cluster_entry_strict,ex_post_descriptive,standard,RMSE,73266,10,0.0014499492718708553,0.0017331968890922198,-0.00028324761722136444,-0.00028302399845849213,0
PM_QDK_2,cluster_entry_strict,ex_post_descriptive,standard,SMAPE,73266,10,93.51351872126942,93.62877495275971,-0.1152562314902923,-0.11498904540619606,5
PM_QDK_2,cluster_exit_loose,ex_post_descriptive,high_vol_only,LOG_RV_MSE,14693,10,1.12298621037566,1.4932157453778832,-0.3702295350022231,-0.37019921066838946,1
PM_QDK_2,cluster_exit_loose,ex_post_descriptive,high_vol_only,MAE,14693,10,0.0015010885262106495,0.0017050008094952245,-0.00020391228328457494,-0.00020390724017096636,0
PM_QDK_2,cluster_exit_loose,ex_post_descriptive,high_vol_only,MSE,14693,10,1.2677943125150043e-05,1.4080308291654553e-05,-1.4023651665045102e-06,-1.4024606905980316e-06,0
PM_QDK_2,cluster_exit_loose,ex_post_descriptive,high_vol_only,RMSE,14693,10,0.003290296968866952,0.0034901782184580425,-0.0001998812495910907,-0.00019990420825155276,0
PM_QDK_2,cluster_exit_loose,ex_post_descriptive,high_vol_only,SMAPE,14693,10,73.70908082091424,89.10940322423804,-15.400322403323798,-15.398992254075115,1
PM_QDK_2,cluster_exit_loose,ex_post_descriptive,near_zero_excluded,LOG_RV_MSE,72719,10,80.20388220421133,81.1692644864408,-0.96538228222947,-0.9528278708240441,7
PM_QDK_2,cluster_exit_loose,ex_post_descriptive,near_zero_excluded,MAE,72719,10,0.0006184788455723182,0.0006404754908023097,-2.1996645229991436e-05,-2.181366253858183e-05,3
PM_QDK_2,cluster_exit_loose,ex_post_descriptive,near_zero_excluded,MSE,72719,10,2.7784093074238514e-06,3.1651037437473504e-06,-3.86694436323499e-07,-3.874849752239197e-07,0
PM_QDK_2,cluster_exit_loose,ex_post_descriptive,near_zero_excluded,RMSE,72719,10,0.0015451466912209794,0.0016729735829845067,-0.00012782689176352733,-0.00012806734675856673,0
PM_QDK_2,cluster_exit_loose,ex_post_descriptive,near_zero_excluded,SMAPE,72719,10,96.79268420263405,96.79781785407529,-0.005133651441241227,0.0018497650926164511,5
PM_QDK_2,cluster_exit_loose,ex_post_descriptive,standard,LOG_RV_MSE,73455,10,82.09800802250078,82.9947469692476,-0.8967389467468223,-0.8971734811256539,7
PM_QDK_2,cluster_exit_loose,ex_post_descriptive,standard,MAE,73455,10,0.0006171643472766632,0.0006379003051705702,-2.0735957893907014e-05,-2.0746901264791595e-05,3
PM_QDK_2,cluster_exit_loose,ex_post_descriptive,standard,MSE,73455,10,2.7534877095128126e-06,3.135449513812999e-06,-3.819618043001866e-07,-3.8201207192222296e-07,0
PM_QDK_2,cluster_exit_loose,ex_post_descriptive,standard,RMSE,73455,10,0.0015378243777010383,0.0016647475639828492,-0.00012692318628181086,-0.00012694340431747625,0
PM_QDK_2,cluster_exit_loose,ex_post_descriptive,standard,SMAPE,73455,10,97.78270322300327,97.77294478625026,0.009758436753003252,0.0092844209844813,5
PM_QDK_2,cluster_exit_strict,ex_post_descriptive,high_vol_only,LOG_RV_MSE,14671,10,1.1215448458933273,1.4917892890574374,-0.3702444431641101,-0.3702877189844389,1
PM_QDK_2,cluster_exit_strict,ex_post_descriptive,high_vol_only,MAE,14671,10,0.0015007236427852432,0.0017047102434877219,-0.0002039866007024786,-0.00020392657698204022,0
PM_QDK_2,cluster_exit_strict,ex_post_descriptive,high_vol_only,MSE,14671,10,1.268641340717767e-05,1.409021458460693e-05,-1.4038011774292597e-06,-1.402930396013523e-06,0
PM_QDK_2,cluster_exit_strict,ex_post_descriptive,high_vol_only,RMSE,14671,10,0.003291129352958483,0.003491189616884386,-0.000200060263925903,-0.00019995070099817933,0
PM_QDK_2,cluster_exit_strict,ex_post_descriptive,high_vol_only,SMAPE,14671,10,73.68484596664375,89.08736968373364,-15.402523717089892,-15.402774111062133,1
PM_QDK_2,cluster_exit_strict,ex_post_descriptive,near_zero_excluded,LOG_RV_MSE,72600,10,80.02173785493152,80.98727160820239,-0.9655337532708756,-0.9510720297590713,7
PM_QDK_2,cluster_exit_strict,ex_post_descriptive,near_zero_excluded,MAE,72600,10,0.000618453517903209,0.0006405087152144385,-2.205519731122952e-05,-2.183927429813223e-05,3
PM_QDK_2,cluster_exit_strict,ex_post_descriptive,near_zero_excluded,MSE,72600,10,2.7805878498427435e-06,3.167883355532508e-06,-3.8729550568976453e-07,-3.878007690050893e-07,0
PM_QDK_2,cluster_exit_strict,ex_post_descriptive,near_zero_excluded,RMSE,72600,10,0.001545605440712163,0.0016736067982303946,-0.00012800135751823158,-0.00012813279130480086,0
PM_QDK_2,cluster_exit_strict,ex_post_descriptive,near_zero_excluded,SMAPE,72600,10,96.72258688965874,96.73377671550338,-0.01118982584463879,-0.0042478275790927,4
PM_QDK_2,cluster_exit_strict,ex_post_descriptive,standard,LOG_RV_MSE,73334,10,81.907172367353,82.80377862995091,-0.8966062625979134,-0.8951436431272312,7
PM_QDK_2,cluster_exit_strict,ex_post_descriptive,standard,MAE,73334,10,0.000617143413936429,0.0006379287126951781,-2.078529875874913e-05,-2.07629557508649e-05,3
PM_QDK_2,cluster_exit_strict,ex_post_descriptive,standard,MSE,73334,10,2.7556748132854714e-06,3.138222802584317e-06,-3.8254798929884556e-07,-3.823174252264144e-07,0
PM_QDK_2,cluster_exit_strict,ex_post_descriptive,standard,RMSE,73334,10,0.0015382910694777211,0.0016653842840722837,-0.0001270932145945626,-0.00012700595961349774,0
PM_QDK_2,cluster_exit_strict,ex_post_descriptive,standard,SMAPE,73334,10,97.71189561215205,97.70804190417498,0.003853707977071963,0.003450877609066083,4
PM_QDK_2,entry_with_recent_spike,ex_post_descriptive,high_vol_only,LOG_RV_MSE,8754,10,1.4736378431182429,2.244265950089355,-0.7706281069711123,-0.7488258618620117,2
PM_QDK_2,entry_with_recent_spike,ex_post_descriptive,high_vol_only,MAE,8754,10,0.0019315043244872631,0.002274564110459881,-0.0003430597859726179,-0.00033874697013982645,0
PM_QDK_2,entry_with_recent_spike,ex_post_descriptive,high_vol_only,MSE,8754,10,1.1146392096412257e-05,1.4290374027997875e-05,-3.143981931585618e-06,-3.107266300950558e-06,0
PM_QDK_2,entry_with_recent_spike,ex_post_descriptive,high_vol_only,RMSE,8754,10,0.0030456163069443403,0.0035030609835637557,-0.00045744467661941544,-0.0004532785328180509,0
PM_QDK_2,entry_with_recent_spike,ex_post_descriptive,high_vol_only,SMAPE,8754,10,87.65347707200944,110.54078297213725,-22.887305900127814,-22.49252075747605,2
PM_QDK_2,entry_with_recent_spike,ex_post_descriptive,near_zero_excluded,LOG_RV_MSE,43077,10,58.50730008759242,58.53160453478166,-0.02430444718923752,-0.10896952649328843,8
PM_QDK_2,entry_with_recent_spike,ex_post_descriptive,near_zero_excluded,MAE,43077,10,0.0008298909469058861,0.000813716192842985,1.617475406290108e-05,1.4554598205106559e-05,8
PM_QDK_2,entry_with_recent_spike,ex_post_descriptive,near_zero_excluded,MSE,43077,10,2.752423802216183e-06,3.576498981500328e-06,-8.24075179284145e-07,-8.254174738887198e-07,0
PM_QDK_2,entry_with_recent_spike,ex_post_descriptive,near_zero_excluded,RMSE,43077,10,0.001518223195730347,0.0017593895975703607,-0.00024116640184001364,-0.00024308445019617146,0
PM_QDK_2,entry_with_recent_spike,ex_post_descriptive,near_zero_excluded,SMAPE,43077,10,93.43135785241643,93.32979153521,0.1015663172064194,0.09395721032497732,5
PM_QDK_2,entry_with_recent_spike,ex_post_descriptive,standard,LOG_RV_MSE,43747,10,61.708962575357376,61.50121764467558,0.20774493068179822,0.11585621604242888,8
PM_QDK_2,entry_with_recent_spike,ex_post_descriptive,standard,MAE,43747,10,0.0008304363649765771,0.0008089713098781069,2.146505509847019e-05,1.9536878691667514e-05,8
PM_QDK_2,entry_with_recent_spike,ex_post_descriptive,standard,MSE,43747,10,2.7262690953671725e-06,3.528281936276639e-06,-8.020128409094666e-07,-7.972858722823111e-07,0
PM_QDK_2,entry_with_recent_spike,ex_post_descriptive,standard,RMSE,43747,10,0.0015116472772234515,0.0017487399832970144,-0.00023709270607356284,-0.00023747990771637791,0
PM_QDK_2,entry_with_recent_spike,ex_post_descriptive,standard,SMAPE,43747,10,94.99398856513221,94.84510619540069,0.14888236973152402,0.134194167114633,5
PM_QDK_2,entry_without_recent_spike,ex_post_descriptive,high_vol_only,LOG_RV_MSE,5946,10,1.119569204962307,1.6158615320810659,-0.4962923271187589,-0.5083317581093014,2
PM_QDK_2,entry_without_recent_spike,ex_post_descriptive,high_vol_only,MAE,5946,10,0.0015570783497103559,0.0018042663255948565,-0.00024718797588450065,-0.00025221979949914444,1
PM_QDK_2,entry_without_recent_spike,ex_post_descriptive,high_vol_only,MSE,5946,10,9.074816797776091e-06,1.0951819836951008e-05,-1.877003039174917e-06,-1.91917595227245e-06,1
PM_QDK_2,entry_without_recent_spike,ex_post_descriptive,high_vol_only,RMSE,5946,10,0.0028047262156614488,0.0030670261037756856,-0.0002622998881142368,-0.00026824471701520963,1
PM_QDK_2,entry_without_recent_spike,ex_post_descriptive,high_vol_only,SMAPE,5946,10,80.34309466541848,96.83682419912999,-16.493729533711516,-16.85963129296183,2
PM_QDK_2,entry_without_recent_spike,ex_post_descriptive,near_zero_excluded,LOG_RV_MSE,29421,10,60.96692014714213,61.76842889280935,-0.8015087456672134,-0.7067789884720044,7
PM_QDK_2,entry_without_recent_spike,ex_post_descriptive,near_zero_excluded,MAE,29421,10,0.0006486509067225549,0.0006812529287354633,-3.260202201290849e-05,-3.1151260350165336e-05,2
PM_QDK_2,entry_without_recent_spike,ex_post_descriptive,near_zero_excluded,MSE,29421,10,2.0879985944106474e-06,3.4345960299373394e-06,-1.346597435526692e-06,-1.367426267358682e-06,0
PM_QDK_2,entry_without_recent_spike,ex_post_descriptive,near_zero_excluded,RMSE,29421,10,0.0013463512678004088,0.0016926309844225531,-0.00034627971662214434,-0.0003496094851488955,0
PM_QDK_2,entry_without_recent_spike,ex_post_descriptive,near_zero_excluded,SMAPE,29421,10,90.44189351109883,90.93646409380568,-0.4945705827068565,-0.46758021170811903,2
PM_QDK_2,entry_without_recent_spike,ex_post_descriptive,standard,LOG_RV_MSE,29710,10,62.626043017434974,63.34925154779006,-0.7232085303550875,-0.6362651367494566,7
PM_QDK_2,entry_without_recent_spike,ex_post_descriptive,standard,MAE,29710,10,0.0006476522732027815,0.0006786796289587347,-3.102735575595311e-05,-2.9869019486753643e-05,2
PM_QDK_2,entry_without_recent_spike,ex_post_descriptive,standard,MSE,29710,10,2.0712024059193703e-06,3.4043805084404084e-06,-1.333178102521038e-06,-1.3620060998543285e-06,0
PM_QDK_2,entry_without_recent_spike,ex_post_descriptive,standard,RMSE,29710,10,0.0013410461974914213,0.0016845644640043475,-0.0003435182665129262,-0.00034844002774180955,0
PM_QDK_2,entry_without_recent_spike,ex_post_descriptive,standard,SMAPE,29710,10,91.45069743088432,91.91770156994386,-0.4670041390595401,-0.4427401320791361,3
PM_QDK_2,high_within_block_dispersion,ex_post_descriptive,high_vol_only,LOG_RV_MSE,13800,10,1.3470033356512643,1.4126468054380195,-0.06564346978675517,0.00788949741811742,5
PM_QDK_2,high_within_block_dispersion,ex_post_descriptive,high_vol_only,MAE,13800,10,0.0010124910159811013,0.0011729711048439272,-0.0001604800888628259,-0.0001522680229251409,2
PM_QDK_2,high_within_block_dispersion,ex_post_descriptive,high_vol_only,MSE,13800,10,4.061123262773911e-06,5.224373302862731e-06,-1.1632500400888203e-06,-1.104569961429985e-06,0
PM_QDK_2,high_within_block_dispersion,ex_post_descriptive,high_vol_only,RMSE,13800,10,0.0019444871564255927,0.002188972305198201,-0.0002444851487726082,-0.00023305724747336686,0
PM_QDK_2,high_within_block_dispersion,ex_post_descriptive,high_vol_only,SMAPE,13800,10,67.13010831422379,81.3748334400643,-14.244725125840503,-12.559879940055353,3
PM_QDK_2,high_within_block_dispersion,ex_post_descriptive,near_zero_excluded,LOG_RV_MSE,68602,10,133.4472628667991,135.21975565110364,-1.7724927843045464,-2.883054393187652,7
PM_QDK_2,high_within_block_dispersion,ex_post_descriptive,near_zero_excluded,MAE,68602,10,0.0005686491628151094,0.000559344802299791,9.304360515318463e-06,-5.896746230690667e-06,7
PM_QDK_2,high_within_block_dispersion,ex_post_descriptive,near_zero_excluded,MSE,68602,10,1.1270507326667902e-06,1.459594774056688e-06,-3.325440413898977e-07,-3.471520665570323e-07,0
PM_QDK_2,high_within_block_dispersion,ex_post_descriptive,near_zero_excluded,RMSE,68602,10,0.0010229154137202216,0.0011616597484136884,-0.00013874433469346684,-0.0001499088830493452,0
PM_QDK_2,high_within_block_dispersion,ex_post_descriptive,near_zero_excluded,SMAPE,68602,10,119.19625535603214,116.48207396706934,2.7141813889627997,2.6425532454462015,10
PM_QDK_2,high_within_block_dispersion,ex_post_descriptive,standard,LOG_RV_MSE,68970,10,134.1816042682559,135.90156091818096,-1.7199566499250523,-2.845931626133427,7
PM_QDK_2,high_within_block_dispersion,ex_post_descriptive,standard,MAE,68970,10,0.0005686239436959388,0.0005585589460421,1.0064997653838723e-05,-5.515780855993961e-06,7
PM_QDK_2,high_within_block_dispersion,ex_post_descriptive,standard,MSE,68970,10,1.123133377035606e-06,1.4532677383133365e-06,-3.301343612777305e-07,-3.456487281034303e-07,0
PM_QDK_2,high_within_block_dispersion,ex_post_descriptive,standard,RMSE,68970,10,0.0010218476548916344,0.0011597603019359228,-0.0001379126470442884,-0.0001494996970567729,0
PM_QDK_2,high_within_block_dispersion,ex_post_descriptive,standard,SMAPE,68970,10,119.6042723375393,116.89229061085197,2.711981726687327,2.625172371139955,10
PM_QDK_2,inflection_points,ex_post_descriptive,high_vol_only,LOG_RV_MSE,28984,10,1.1395945169174655,1.658496461725194,-0.5189019448077286,-0.5000361839087331,1
PM_QDK_2,inflection_points,ex_post_descriptive,high_vol_only,MAE,28984,10,0.0015690861683881798,0.0018162989849535907,-0.0002472128165654109,-0.0002390658568812801,1
PM_QDK_2,inflection_points,ex_post_descriptive,high_vol_only,MSE,28984,10,1.1258143057647152e-05,1.3584607457466606e-05,-2.3264643998194534e-06,-2.262203721378641e-06,0
PM_QDK_2,inflection_points,ex_post_descriptive,high_vol_only,RMSE,28984,10,0.003107343839288957,0.0034096465452233193,-0.00030230270593436213,-0.0002966022516889046,0
PM_QDK_2,inflection_points,ex_post_descriptive,high_vol_only,SMAPE,28984,10,77.55114846016427,96.43092477463047,-18.8797763144662,-18.170328847264887,1
PM_QDK_2,inflection_points,ex_post_descriptive,near_zero_excluded,LOG_RV_MSE,143375,10,58.64300646701444,58.60463483005431,0.0383716369601288,-0.12318517693708735,7
PM_QDK_2,inflection_points,ex_post_descriptive,near_zero_excluded,MAE,143375,10,0.0006543332063453756,0.0006525956854357787,1.7375209095968434e-06,-1.2449675124192434e-06,7
PM_QDK_2,inflection_points,ex_post_descriptive,near_zero_excluded,MSE,143375,10,2.5404502225261253e-06,3.1521739540579106e-06,-6.117237315317853e-07,-5.999035820583065e-07,0
PM_QDK_2,inflection_points,ex_post_descriptive,near_zero_excluded,RMSE,143375,10,0.0014800076339818136,0.0016538806924901411,-0.00017387305850832748,-0.00017595430443749057,0
PM_QDK_2,inflection_points,ex_post_descriptive,near_zero_excluded,SMAPE,143375,10,90.02958353834602,89.52774776079268,0.5018357775533389,0.443913771206482,6
PM_QDK_2,inflection_points,ex_post_descriptive,standard,LOG_RV_MSE,144886,10,60.50679138303631,60.37939238350107,0.12739899953523803,-0.041558555785433174,7
PM_QDK_2,inflection_points,ex_post_descriptive,standard,MAE,144886,10,0.000652967914369835,0.0006496373764429016,3.330537926933422e-06,1.9893487800141852e-07,7
PM_QDK_2,inflection_points,ex_post_descriptive,standard,MSE,144886,10,2.5174090288561914e-06,3.121186232535304e-06,-6.037772036791125e-07,-5.929744681873731e-07,0
PM_QDK_2,inflection_points,ex_post_descriptive,standard,RMSE,144886,10,0.0014727078102294974,0.0016451007765642945,-0.00017239296633479706,-0.00017432454316615545,0
PM_QDK_2,inflection_points,ex_post_descriptive,standard,SMAPE,144886,10,91.11849776564617,90.5987519075893,0.519745858056865,0.4524522755039314,6
PM_QDK_2,older_spike_position,ex_post_descriptive,high_vol_only,LOG_RV_MSE,21781,10,1.139530307137008,1.3904513942151304,-0.25092108707812244,-0.24814920979927094,1
PM_QDK_2,older_spike_position,ex_post_descriptive,high_vol_only,MAE,21781,10,0.0013486758958274894,0.0015169997366674787,-0.00016832384083998939,-0.0001633406659745483,1
PM_QDK_2,older_spike_position,ex_post_descriptive,high_vol_only,MSE,21781,10,1.0691413001492031e-05,1.1494193385590792e-05,-8.027803840987608e-07,-7.804970851151891e-07,0
PM_QDK_2,older_spike_position,ex_post_descriptive,high_vol_only,RMSE,21781,10,0.003051768796325229,0.003173609192079591,-0.0001218403957543618,-0.00011990002211849113,0
PM_QDK_2,older_spike_position,ex_post_descriptive,high_vol_only,SMAPE,21781,10,69.86263022976281,85.72919837459716,-15.866568144834346,-15.532926906042766,1
PM_QDK_2,older_spike_position,ex_post_descriptive,near_zero_excluded,LOG_RV_MSE,107788,10,78.34423189431001,78.76332882016895,-0.41909692585893765,-0.5852677425927072,7
PM_QDK_2,older_spike_position,ex_post_descriptive,near_zero_excluded,MAE,107788,10,0.0005714781969836334,0.0005641387989482083,7.339398035425128e-06,5.100231410637849e-06,7
PM_QDK_2,older_spike_position,ex_post_descriptive,near_zero_excluded,MSE,107788,10,2.3464758025941733e-06,2.5618738021357248e-06,-2.153979995415515e-07,-2.1203144196579818e-07,0
PM_QDK_2,older_spike_position,ex_post_descriptive,near_zero_excluded,RMSE,107788,10,0.0014337788538724924,0.0015105598864415557,-7.678103256906327e-05,-7.885808802068897e-05,0
PM_QDK_2,older_spike_position,ex_post_descriptive,near_zero_excluded,SMAPE,107788,10,96.43669124775658,94.87513531080829,1.5615559369482952,1.5189817391298193,8
PM_QDK_2,older_spike_position,ex_post_descriptive,standard,LOG_RV_MSE,108871,10,80.56611778057228,80.89951859403894,-0.3334008134666533,-0.508677345482775,7
PM_QDK_2,older_spike_position,ex_post_descriptive,standard,MAE,108871,10,0.0005701423444708844,0.000561800789934786,8.34155453609839e-06,5.988473901011432e-06,7
PM_QDK_2,older_spike_position,ex_post_descriptive,standard,MSE,108871,10,2.3254307190714065e-06,2.537741194305747e-06,-2.1231047523434061e-07,-2.0863891092830635e-07,0
PM_QDK_2,older_spike_position,ex_post_descriptive,standard,RMSE,108871,10,0.001426511603214955,0.0015026021614100316,-7.609055819507654e-05,-7.792813321651334e-05,0
PM_QDK_2,older_spike_position,ex_post_descriptive,standard,SMAPE,108871,10,97.43444156272848,95.87602751588818,1.5584140468402978,1.4987509352449138,8
PM_QDK_2,recent_ramp_high_dispersion,ex_post_descriptive,high_vol_only,LOG_RV_MSE,4860,10,1.4225416857889897,2.094756541196384,-0.6722148554073943,-0.6125593302848549,2
PM_QDK_2,recent_ramp_high_dispersion,ex_post_descriptive,high_vol_only,MAE,4860,10,0.00146139554770417,0.001764615687607836,-0.000303220139903666,-0.0002968081115505668,1
PM_QDK_2,recent_ramp_high_dispersion,ex_post_descriptive,high_vol_only,MSE,4860,10,5.962958682117299e-06,8.301888911941209e-06,-2.33893022982391e-06,-2.2977519935683245e-06,0
PM_QDK_2,recent_ramp_high_dispersion,ex_post_descriptive,high_vol_only,RMSE,4860,10,0.0023230566466459776,0.002729950992442303,-0.00040689434579632526,-0.0003969275998302933,0
PM_QDK_2,recent_ramp_high_dispersion,ex_post_descriptive,high_vol_only,SMAPE,4860,10,76.48024034284735,99.89821206214782,-23.417971719300468,-22.243312898992762,2
PM_QDK_2,recent_ramp_high_dispersion,ex_post_descriptive,near_zero_excluded,LOG_RV_MSE,24128,10,114.11256472838478,115.02995859237235,-0.9173938639875701,-1.1309884721749939,8
PM_QDK_2,recent_ramp_high_dispersion,ex_post_descriptive,near_zero_excluded,MAE,24128,10,0.0007928593925198659,0.000728011414117646,6.484797840221996e-05,5.924408157091745e-05,8
PM_QDK_2,recent_ramp_high_dispersion,ex_post_descriptive,near_zero_excluded,MSE,24128,10,1.8154479393961285e-06,2.413454043188918e-06,-5.980061037927896e-07,-6.103901267098794e-07,1
PM_QDK_2,recent_ramp_high_dispersion,ex_post_descriptive,near_zero_excluded,RMSE,24128,10,0.0012728856173696308,0.001468200857689346,-0.00019531524031971524,-0.00019920070499797725,1
PM_QDK_2,recent_ramp_high_dispersion,ex_post_descriptive,near_zero_excluded,SMAPE,24128,10,117.97303255679836,113.4190531989832,4.553979357815152,4.332809563478131,10
PM_QDK_2,recent_ramp_high_dispersion,ex_post_descriptive,standard,LOG_RV_MSE,24273,10,114.68887158724468,115.53124418098582,-0.8423725937411461,-1.0749825131492323,8
PM_QDK_2,recent_ramp_high_dispersion,ex_post_descriptive,standard,MAE,24273,10,0.0007926212482416148,0.0007264300768273623,6.619117141425253e-05,5.993855059879333e-05,8
PM_QDK_2,recent_ramp_high_dispersion,ex_post_descriptive,standard,MSE,24273,10,1.8086202635967039e-06,2.401554780321587e-06,-5.929345167248831e-07,-6.079885166412807e-07,1
PM_QDK_2,recent_ramp_high_dispersion,ex_post_descriptive,standard,RMSE,24273,10,0.0012704857330761475,0.001464180347104797,-0.00019369461402864944,-0.00019835102255529513,1
PM_QDK_2,recent_ramp_high_dispersion,ex_post_descriptive,standard,SMAPE,24273,10,118.42814151699291,113.8736005505589,4.554540966434004,4.3105728131384895,10
PM_QDK_2,recent_spike_position,ex_post_descriptive,high_vol_only,LOG_RV_MSE,41263,10,133.6032635592639,159.64125680123416,-26.03799324197027,-5.848214438765809,1
PM_QDK_2,recent_spike_position,ex_post_descriptive,high_vol_only,MAE,41263,10,0.000927832962167618,0.0012825597943935927,-0.00035472683222597474,-0.00029194792079890845,1
PM_QDK_2,recent_spike_position,ex_post_descriptive,high_vol_only,MSE,41263,10,5.620772726610019e-06,6.89390552101775e-06,-1.273132794407731e-06,-1.8585863327689552e-06,0
PM_QDK_2,recent_spike_position,ex_post_descriptive,high_vol_only,RMSE,41263,10,0.0018548378532288745,0.0021804668068413895,-0.000325628953612515,-0.0002989706001383237,0
PM_QDK_2,recent_spike_position,ex_post_descriptive,high_vol_only,SMAPE,41263,10,126.75937019751491,137.13797111158053,-10.378600914065615,-20.675408313758673,2
PM_QDK_2,recent_spike_position,ex_post_descriptive,near_zero_excluded,LOG_RV_MSE,124205,10,108.0933145584078,116.91182161210743,-8.818507053699634,-5.292469622194107,7
PM_QDK_2,recent_spike_position,ex_post_descriptive,near_zero_excluded,MAE,124205,10,0.0006101040585027672,0.000664229072456637,-5.412501395386977e-05,-2.079648193727717e-05,7
PM_QDK_2,recent_spike_position,ex_post_descriptive,near_zero_excluded,MSE,124205,10,2.122274233742506e-06,2.5189095949619203e-06,-3.9663536121941413e-07,-3.8813789283908636e-07,0
PM_QDK_2,recent_spike_position,ex_post_descriptive,near_zero_excluded,RMSE,124205,10,0.0013357423747781827,0.0014871399063267979,-0.00015139753154861518,-0.00013597518495584538,0
PM_QDK_2,recent_spike_position,ex_post_descriptive,near_zero_excluded,SMAPE,124205,10,110.75903396146333,109.14196502004013,1.6170689414231987,1.612300303262397,10
PM_QDK_2,recent_spike_position,ex_post_descriptive,standard,LOG_RV_MSE,125358,10,109.41387329729076,118.05382623326143,-8.639952935970669,-5.190168596705038,7
PM_QDK_2,recent_spike_position,ex_post_descriptive,standard,MAE,125358,10,0.0006091827783180372,0.0006611615252548827,-5.197874693684554e-05,-1.9352565494997353e-05,7
PM_QDK_2,recent_spike_position,ex_post_descriptive,standard,MSE,125358,10,2.105711101802366e-06,2.496953980203026e-06,-3.912428784006602e-07,-3.8230500181238984e-07,0
PM_QDK_2,recent_spike_position,ex_post_descriptive,standard,RMSE,125358,10,0.0013297050754869251,0.0014796043658175317,-0.00014989929033060656,-0.00013414915170121048,0
PM_QDK_2,recent_spike_position,ex_post_descriptive,standard,SMAPE,125358,10,111.53126330980865,109.90668110838611,1.624582201422541,1.6068868451807732,10
PM_QDK_2,same_average_back_loaded,ex_post_descriptive,high_vol_only,LOG_RV_MSE,5089,10,148.22928499978485,154.54324410830608,-6.313959108521232,-1.5624973862325242,1
PM_QDK_2,same_average_back_loaded,ex_post_descriptive,high_vol_only,MAE,5089,10,0.0007950207010854334,0.0008902343177279719,-9.521361664253849e-05,-0.00011211750337734803,1
PM_QDK_2,same_average_back_loaded,ex_post_descriptive,high_vol_only,MSE,5089,10,5.436331054030538e-06,5.646392304700357e-06,-2.10061250669819e-07,-3.367796337856201e-07,1
PM_QDK_2,same_average_back_loaded,ex_post_descriptive,high_vol_only,RMSE,5089,10,0.0018167313676903931,0.0018707560122332941,-5.4024644542900995e-05,-5.682152154426708e-05,1
PM_QDK_2,same_average_back_loaded,ex_post_descriptive,high_vol_only,SMAPE,5089,10,125.47402772647942,132.20929447183087,-6.735266745351453,-12.778785399874785,2
PM_QDK_2,same_average_back_loaded,ex_post_descriptive,near_zero_excluded,LOG_RV_MSE,15487,10,124.26141465489667,126.54591084932892,-2.2844961944322506,-1.4511051424873485,7
PM_QDK_2,same_average_back_loaded,ex_post_descriptive,near_zero_excluded,MAE,15487,10,0.0005277414200533392,0.0005193308701637926,8.410549889546586e-06,1.5629952447889765e-05,7
PM_QDK_2,same_average_back_loaded,ex_post_descriptive,near_zero_excluded,MSE,15487,10,1.938986808716451e-06,1.9699319609720837e-06,-3.094515225563273e-08,-3.013209598110646e-08,1
PM_QDK_2,same_average_back_loaded,ex_post_descriptive,near_zero_excluded,RMSE,15487,10,0.0012924945524023612,0.0013082662735883022,-1.577172118594097e-05,-1.3389163963762452e-05,1
PM_QDK_2,same_average_back_loaded,ex_post_descriptive,near_zero_excluded,SMAPE,15487,10,115.21629356910046,113.1451973977603,2.0710961713401588,2.2204636231936576,10
PM_QDK_2,same_average_back_loaded,ex_post_descriptive,standard,LOG_RV_MSE,15559,10,124.77448384105081,127.01832725096857,-2.2438434099177584,-1.4197471049094026,7
PM_QDK_2,same_average_back_loaded,ex_post_descriptive,standard,MAE,15559,10,0.0005277712465664336,0.0005187354148383414,9.035831728092226e-06,1.6109362637296864e-05,7
PM_QDK_2,same_average_back_loaded,ex_post_descriptive,standard,MSE,15559,10,1.9314322770860373e-06,1.961558479845306e-06,-3.01262027592688e-08,-2.9272228825837965e-08,1
PM_QDK_2,same_average_back_loaded,ex_post_descriptive,standard,RMSE,15559,10,0.0012903148383427415,0.0013057922727031566,-1.547743436041511e-05,-1.310535124958697e-05,1
PM_QDK_2,same_average_back_loaded,ex_post_descriptive,standard,SMAPE,15559,10,115.58379315439639,113.50588998056583,2.0779031738305633,2.212805133794349,10
PM_QDK_2,same_average_different_path,ex_post_descriptive,high_vol_only,LOG_RV_MSE,1483,10,1.1764516069396271,1.5372981751369907,-0.3608465681973636,-0.48854125593290665,2
PM_QDK_2,same_average_different_path,ex_post_descriptive,high_vol_only,MAE,1483,10,0.001230842183409896,0.0013648968794458798,-0.00013405469603598383,-0.0001663168003286805,2
PM_QDK_2,same_average_different_path,ex_post_descriptive,high_vol_only,MSE,1483,10,5.424646643514248e-06,5.9284464671486525e-06,-5.037998236344049e-07,-5.877238344291766e-07,2
PM_QDK_2,same_average_different_path,ex_post_descriptive,high_vol_only,RMSE,1483,10,0.002260088323255372,0.002357476971363175,-9.7388648107803e-05,-0.00011834736689397941,2
PM_QDK_2,same_average_different_path,ex_post_descriptive,high_vol_only,SMAPE,1483,10,78.26623103458408,89.62818773566804,-11.361956701083955,-15.646000776741772,2
PM_QDK_2,same_average_different_path,ex_post_descriptive,near_zero_excluded,LOG_RV_MSE,7368,10,130.56479826519202,133.1599003768503,-2.5951021116582638,-1.8803381807540742,7
PM_QDK_2,same_average_different_path,ex_post_descriptive,near_zero_excluded,MAE,7368,10,0.0005432933684752154,0.0005622507972963446,-1.8957428821129215e-05,-1.0184588575004299e-05,7
PM_QDK_2,same_average_different_path,ex_post_descriptive,near_zero_excluded,MSE,7368,10,1.2503333296572368e-06,1.3530804710472873e-06,-1.0274714139005051e-07,-1.0031519939901032e-07,0
PM_QDK_2,same_average_different_path,ex_post_descriptive,near_zero_excluded,RMSE,7368,10,0.0010858650799512115,0.001127964811892362,-4.2099731941150353e-05,-4.241315989903733e-05,0
PM_QDK_2,same_average_different_path,ex_post_descriptive,near_zero_excluded,SMAPE,7368,10,117.07922485740528,116.44831931245245,0.6309055449528245,0.47585947732676315,6
PM_QDK_2,same_average_different_path,ex_post_descriptive,standard,LOG_RV_MSE,7396,10,131.05381497089004,133.6212607278251,-2.567445756935058,-1.8571516028702795,7
PM_QDK_2,same_average_different_path,ex_post_descriptive,standard,MAE,7396,10,0.0005431003711606759,0.0005616072279521133,-1.8506856791437442e-05,-9.841290281666474e-06,7
PM_QDK_2,same_average_different_path,ex_post_descriptive,standard,MSE,7396,10,1.2465643226607867e-06,1.3485556222593804e-06,-1.0199129959859366e-07,-9.945812509676183e-08,0
PM_QDK_2,same_average_different_path,ex_post_descriptive,standard,RMSE,7396,10,0.001084043979705964,0.0011258432360480716,-4.179925634210761e-05,-4.203525035941552e-05,0
PM_QDK_2,same_average_different_path,ex_post_descriptive,standard,SMAPE,7396,10,117.37318180795144,116.73812157680959,0.6350602311418498,0.4665871910355648,6
PM_QDK_2,same_average_recent_front_loaded,ex_post_descriptive,high_vol_only,LOG_RV_MSE,2870,10,1.458056280847616,2.094017431177445,-0.6359611503298288,-0.6342849600761111,2
PM_QDK_2,same_average_recent_front_loaded,ex_post_descriptive,high_vol_only,MAE,2870,10,0.0016073033121389447,0.0017903145995031393,-0.00018301128736419457,-0.0001837184908919694,2
PM_QDK_2,same_average_recent_front_loaded,ex_post_descriptive,high_vol_only,MSE,2870,10,7.781371153615297e-06,8.710071594594507e-06,-9.287004409792099e-07,-9.311381581877979e-07,2
PM_QDK_2,same_average_recent_front_loaded,ex_post_descriptive,high_vol_only,RMSE,2870,10,0.002458167822054253,0.0025874825099319937,-0.0001293146878777406,-0.0001298629688029564,2
PM_QDK_2,same_average_recent_front_loaded,ex_post_descriptive,high_vol_only,SMAPE,2870,10,94.65986106709954,109.5945980909068,-14.934737023807259,-14.873919643016432,2
PM_QDK_2,same_average_recent_front_loaded,ex_post_descriptive,near_zero_excluded,LOG_RV_MSE,14110,10,61.513062000957724,63.15706871681181,-1.6440067158540828,-1.6414899197839437,8
PM_QDK_2,same_average_recent_front_loaded,ex_post_descriptive,near_zero_excluded,MAE,14110,10,0.0006158783008603954,0.0006290067074445037,-1.3128406584108233e-05,-1.3050267871508912e-05,7
PM_QDK_2,same_average_recent_front_loaded,ex_post_descriptive,near_zero_excluded,MSE,14110,10,1.752722077863019e-06,1.9216329078460987e-06,-1.6891082998307976e-07,-1.6886775317272379e-07,0
PM_QDK_2,same_average_recent_front_loaded,ex_post_descriptive,near_zero_excluded,RMSE,14110,10,0.001176267632453264,0.0012429501611080807,-6.668252865481674e-05,-6.68406657775891e-05,0
PM_QDK_2,same_average_recent_front_loaded,ex_post_descriptive,near_zero_excluded,SMAPE,14110,10,92.08728033135652,92.85025840068428,-0.7629780693277581,-0.7891115958933526,5
PM_QDK_2,same_average_recent_front_loaded,ex_post_descriptive,standard,LOG_RV_MSE,14331,10,65.03276064201738,66.49282313907962,-1.4600624970622391,-1.4867631536893247,8
PM_QDK_2,same_average_recent_front_loaded,ex_post_descriptive,standard,MAE,14331,10,0.0006156989960013585,0.000625941058441865,-1.0242062440506583e-05,-1.0479697574188669e-05,8
PM_QDK_2,same_average_recent_front_loaded,ex_post_descriptive,standard,MSE,14331,10,1.7321796933368432e-06,1.8958493772746568e-06,-1.6366968393781354e-07,-1.6386160968993954e-07,0
PM_QDK_2,same_average_recent_front_loaded,ex_post_descriptive,standard,RMSE,14331,10,0.0011690487178098597,0.0012337554386856048,-6.470672087574504e-05,-6.500136213669964e-05,0
PM_QDK_2,same_average_recent_front_loaded,ex_post_descriptive,standard,SMAPE,14331,10,93.68336123788053,94.4076185361325,-0.7242572982519704,-0.741095549535423,5
PM_QDK_2,stable_low_dispersion,ex_post_descriptive,high_vol_only,LOG_RV_MSE,13798,10,1.1365927002845018,1.5321900738777023,-0.3955973735932006,-0.38279479544699674,1
PM_QDK_2,stable_low_dispersion,ex_post_descriptive,high_vol_only,MAE,13798,10,0.001629704673023734,0.0018671072111598535,-0.0002374025381361195,-0.00022662310129359468,0
PM_QDK_2,stable_low_dispersion,ex_post_descriptive,high_vol_only,MSE,13798,10,1.7413305626983608e-05,1.9400678991114758e-05,-1.9873733641311497e-06,-1.9146458465926265e-06,0
PM_QDK_2,stable_low_dispersion,ex_post_descriptive,high_vol_only,RMSE,13798,10,0.0037740477994486843,0.004015956882645667,-0.0002419090831969825,-0.00024287969194309325,0
PM_QDK_2,stable_low_dispersion,ex_post_descriptive,high_vol_only,SMAPE,13798,10,72.78501202199313,92.27048286303959,-19.485470841046464,-18.747139289740897,1
PM_QDK_2,stable_low_dispersion,ex_post_descriptive,near_zero_excluded,LOG_RV_MSE,67129,10,23.025768077174654,22.61654098268057,0.409227094494085,0.37251016046097607,8
PM_QDK_2,stable_low_dispersion,ex_post_descriptive,near_zero_excluded,MAE,67129,10,0.0006391886575124143,0.0006245045246057498,1.4684132906664458e-05,1.2960947018808418e-05,8
PM_QDK_2,stable_low_dispersion,ex_post_descriptive,near_zero_excluded,MSE,67129,10,3.789125701366807e-06,4.255485292598252e-06,-4.6635959123144535e-07,-4.5088716717307994e-07,0
PM_QDK_2,stable_low_dispersion,ex_post_descriptive,near_zero_excluded,RMSE,67129,10,0.0017621521053889182,0.0018802801881330237,-0.00011812808274410552,-0.00011939740332258023,0
PM_QDK_2,stable_low_dispersion,ex_post_descriptive,near_zero_excluded,SMAPE,67129,10,76.72229577442009,75.3858758685638,1.336419905856289,1.22065278578618,8
PM_QDK_2,stable_low_dispersion,ex_post_descriptive,standard,LOG_RV_MSE,68968,10,30.904589880945924,30.273642126186314,0.6309477547596103,0.5849486129381901,8
PM_QDK_2,stable_low_dispersion,ex_post_descriptive,standard,MAE,68968,10,0.0006423459669196488,0.000623222852146766,1.9123114772882834e-05,1.6962541960148618e-05,8
PM_QDK_2,stable_low_dispersion,ex_post_descriptive,standard,MSE,68968,10,3.7070392667763796e-06,4.153248771488175e-06,-4.462095047117955e-07,-4.299859324053095e-07,0
PM_QDK_2,stable_low_dispersion,ex_post_descriptive,standard,RMSE,68968,10,0.0017476301176741701,0.001862447312188451,-0.0001148171945142809,-0.00011609795236085612,0
PM_QDK_2,stable_low_dispersion,ex_post_descriptive,standard,SMAPE,68968,10,79.91610745758297,78.58902101428747,1.3270864432954994,1.1941650373061137,8
