model_name,benchmark_model,asset,condition,condition_label_type,n_obs,model_mean_SMAPE,CP_mean_SMAPE,mean_advantage_vs_CP,median_advantage_vs_CP,win_rate_vs_CP,winsorized_mean_advantage_1_99,trimmed_mean_advantage_10pct,mean_gain_when_model_wins,mean_loss_when_model_loses,median_abs_advantage_vs_CP,mean_abs_error_model,mean_abs_error_CP,mean_abs_error_advantage_vs_CP,run_type,model_status,source,benchmark_source,source_path,seed,phase,is_paper_eligible,alignment_exact,actual_match,n_rows_overlapping_CP,n_rows_used_in_CP_comparison
CP_REPO_FRESH,CP_REPO_FRESH,AAPL,all_observations,not_conditioned,36717,87.84795965153866,87.84795965153866,0.0,0.0,0.0,0.0,0.0,,,0.0,0.0007905843180870078,0.0007905843180870078,0.0,full,complete,generated_current,generated_current,/home/runner/work/money-making/money-making/projects/harv-extension/outputs/pm_native_geometry_warmup600_actions/28733449635/AAPL/predictions/full/AAPL.csv,42,all,True,True,True,36739,36739
CP_REPO_FRESH,CP_REPO_FRESH,AAPL,cluster_entry_loose,ex_post_descriptive,7344,84.58273178431347,84.58273178431347,0.0,0.0,0.0,0.0,0.0,,,0.0,0.0010680890676450212,0.0010680890676450212,0.0,full,complete,generated_current,generated_current,/home/runner/work/money-making/money-making/projects/harv-extension/outputs/pm_native_geometry_warmup600_actions/28733449635/AAPL/predictions/full/AAPL.csv,42,all,True,True,True,36739,36739
CP_REPO_FRESH,CP_REPO_FRESH,AAPL,cluster_entry_strict,ex_post_descriptive,7332,84.58905180495371,84.58905180495371,0.0,0.0,0.0,0.0,0.0,,,0.0,0.0010693079922005535,0.0010693079922005535,0.0,full,complete,generated_current,generated_current,/home/runner/work/money-making/money-making/projects/harv-extension/outputs/pm_native_geometry_warmup600_actions/28733449635/AAPL/predictions/full/AAPL.csv,42,all,True,True,True,36739,36739
CP_REPO_FRESH,CP_REPO_FRESH,AAPL,cluster_exit_loose,ex_post_descriptive,7344,85.8252708044714,85.8252708044714,0.0,0.0,0.0,0.0,0.0,,,0.0,0.0008605791539323112,0.0008605791539323112,0.0,full,complete,generated_current,generated_current,/home/runner/work/money-making/money-making/projects/harv-extension/outputs/pm_native_geometry_warmup600_actions/28733449635/AAPL/predictions/full/AAPL.csv,42,all,True,True,True,36739,36739
CP_REPO_FRESH,CP_REPO_FRESH,AAPL,cluster_exit_strict,ex_post_descriptive,7341,85.77861174063996,85.77861174063996,0.0,0.0,0.0,0.0,0.0,,,0.0,0.0008606672333595991,0.0008606672333595991,0.0,full,complete,generated_current,generated_current,/home/runner/work/money-making/money-making/projects/harv-extension/outputs/pm_native_geometry_warmup600_actions/28733449635/AAPL/predictions/full/AAPL.csv,42,all,True,True,True,36739,36739
CP_REPO_FRESH,CP_REPO_FRESH,AAPL,inflection_points,ex_post_descriptive,14969,85.23505395924761,85.23505395924761,0.0,0.0,0.0,0.0,0.0,,,0.0,0.0008968962737991345,0.0008968962737991345,0.0,full,complete,generated_current,generated_current,/home/runner/work/money-making/money-making/projects/harv-extension/outputs/pm_native_geometry_warmup600_actions/28733449635/AAPL/predictions/full/AAPL.csv,42,all,True,True,True,36739,36739
CP_REPO_FRESH,CP_REPO_FRESH,AAPL,high_within_block_dispersion,ex_post_descriptive,7342,103.16873444051458,103.16873444051458,0.0,0.0,0.0,0.0,0.0,,,0.0,0.0007442618743107278,0.0007442618743107278,0.0,full,complete,generated_current,generated_current,/home/runner/work/money-making/money-making/projects/harv-extension/outputs/pm_native_geometry_warmup600_actions/28733449635/AAPL/predictions/full/AAPL.csv,42,all,True,True,True,36739,36739
CP_REPO_FRESH,CP_REPO_FRESH,AAPL,recent_spike_position,ex_post_descriptive,11065,88.42572535478025,88.42572535478025,0.0,0.0,0.0,0.0,0.0,,,0.0,0.0009032847440270987,0.0009032847440270987,0.0,full,complete,generated_current,generated_current,/home/runner/work/money-making/money-making/projects/harv-extension/outputs/pm_native_geometry_warmup600_actions/28733449635/AAPL/predictions/full/AAPL.csv,42,all,True,True,True,36739,36739
CP_REPO_FRESH,CP_REPO_FRESH,AAPL,older_spike_position,ex_post_descriptive,11539,87.96938718526175,87.96938718526175,0.0,0.0,0.0,0.0,0.0,,,0.0,0.0007536114650597728,0.0007536114650597728,0.0,full,complete,generated_current,generated_current,/home/runner/work/money-making/money-making/projects/harv-extension/outputs/pm_native_geometry_warmup600_actions/28733449635/AAPL/predictions/full/AAPL.csv,42,all,True,True,True,36739,36739
CP_REPO_FRESH,CP_REPO_FRESH,AAPL,same_average_different_path,ex_post_descriptive,650,96.62765871970339,96.62765871970339,0.0,0.0,0.0,0.0,0.0,,,0.0,0.0007230276488749943,0.0007230276488749943,0.0,full,complete,generated_current,generated_current,/home/runner/work/money-making/money-making/projects/harv-extension/outputs/pm_native_geometry_warmup600_actions/28733449635/AAPL/predictions/full/AAPL.csv,42,all,True,True,True,36739,36739
CP_REPO_FRESH,CP_REPO_FRESH,AAPL,recent_ramp_high_dispersion,ex_post_descriptive,2582,97.06402643750955,97.06402643750955,0.0,0.0,0.0,0.0,0.0,,,0.0,0.001113872277134774,0.001113872277134774,0.0,full,complete,generated_current,generated_current,/home/runner/work/money-making/money-making/projects/harv-extension/outputs/pm_native_geometry_warmup600_actions/28733449635/AAPL/predictions/full/AAPL.csv,42,all,True,True,True,36739,36739
CP_REPO_FRESH,CP_REPO_FRESH,AAPL,entry_with_recent_spike,ex_post_descriptive,4451,86.27995875337018,86.27995875337018,0.0,0.0,0.0,0.0,0.0,,,0.0,0.0011985982583787198,0.0011985982583787198,0.0,full,complete,generated_current,generated_current,/home/runner/work/money-making/money-making/projects/harv-extension/outputs/pm_native_geometry_warmup600_actions/28733449635/AAPL/predictions/full/AAPL.csv,42,all,True,True,True,36739,36739
CP_REPO_FRESH,CP_REPO_FRESH,AAPL,entry_without_recent_spike,ex_post_descriptive,2893,81.97147798574058,81.97147798574058,0.0,0.0,0.0,0.0,0.0,,,0.0,0.0008672952868100082,0.0008672952868100082,0.0,full,complete,generated_current,generated_current,/home/runner/work/money-making/money-making/projects/harv-extension/outputs/pm_native_geometry_warmup600_actions/28733449635/AAPL/predictions/full/AAPL.csv,42,all,True,True,True,36739,36739
CP_REPO_FRESH,CP_REPO_FRESH,AAPL,same_average_recent_front_loaded,ex_post_descriptive,1392,85.08820672800513,85.08820672800513,0.0,0.0,0.0,0.0,0.0,,,0.0,0.0008755771749682292,0.0008755771749682292,0.0,full,complete,generated_current,generated_current,/home/runner/work/money-making/money-making/projects/harv-extension/outputs/pm_native_geometry_warmup600_actions/28733449635/AAPL/predictions/full/AAPL.csv,42,all,True,True,True,36739,36739
CP_REPO_FRESH,CP_REPO_FRESH,AAPL,same_average_back_loaded,ex_post_descriptive,1505,95.59913932876145,95.59913932876145,0.0,0.0,0.0,0.0,0.0,,,0.0,0.0006878010151034346,0.0006878010151034346,0.0,full,complete,generated_current,generated_current,/home/runner/work/money-making/money-making/projects/harv-extension/outputs/pm_native_geometry_warmup600_actions/28733449635/AAPL/predictions/full/AAPL.csv,42,all,True,True,True,36739,36739
CP_REPO_FRESH,CP_REPO_FRESH,AAPL,stable_low_dispersion,ex_post_descriptive,7342,81.13796212687524,81.13796212687524,0.0,0.0,0.0,0.0,0.0,,,0.0,0.0008644078680965484,0.0008644078680965484,0.0,full,complete,generated_current,generated_current,/home/runner/work/money-making/money-making/projects/harv-extension/outputs/pm_native_geometry_warmup600_actions/28733449635/AAPL/predictions/full/AAPL.csv,42,all,True,True,True,36739,36739
PM_QDK,CP_REPO_FRESH,AAPL,all_observations,not_conditioned,36717,92.83816561349511,87.84795965153866,-4.990205961956463,-2.842170943040401e-14,0.42685949287795844,-4.943513740858485,-3.3079549361695855,23.23894102017042,-29.531196186982765,14.922014352179716,0.0008986739120160778,0.0007905843180870078,-0.00010808959392906984,full,complete,generated_current,generated_current,/home/runner/work/money-making/money-making/projects/harv-extension/outputs/pm_native_geometry_warmup600_actions/28733449635/AAPL/predictions/full/AAPL.csv,42,all,True,True,True,36739,36739
PM_QDK,CP_REPO_FRESH,AAPL,cluster_entry_loose,ex_post_descriptive,7344,91.48502719096787,84.58273178431347,-6.902295406654381,-2.3421155935084315,0.42483660130718953,-6.88576874167356,-5.5581291648225,29.84837720884912,-36.641374358746255,22.009611708122364,0.0012068648965611194,0.0010680890676450212,-0.00013877582891609844,full,complete,generated_current,generated_current,/home/runner/work/money-making/money-making/projects/harv-extension/outputs/pm_native_geometry_warmup600_actions/28733449635/AAPL/predictions/full/AAPL.csv,42,all,True,True,True,36739,36739
PM_QDK,CP_REPO_FRESH,AAPL,cluster_entry_strict,ex_post_descriptive,7332,91.49822740984307,84.58905180495371,-6.909175604889353,-2.3513541761412355,0.4248499727223132,-6.891879449551156,-5.5649942200033085,29.88134305729964,-36.68669197512432,22.058480310300524,0.0012082759430434786,0.0010693079922005535,-0.0001389679508429247,full,complete,generated_current,generated_current,/home/runner/work/money-making/money-making/projects/harv-extension/outputs/pm_native_geometry_warmup600_actions/28733449635/AAPL/predictions/full/AAPL.csv,42,all,True,True,True,36739,36739
PM_QDK,CP_REPO_FRESH,AAPL,cluster_exit_loose,ex_post_descriptive,7344,95.11243284773947,85.8252708044714,-9.287162043268086,-1.9744488322563427,0.3996459694989107,-9.257262922799926,-7.0577201940833625,27.317563896720902,-37.593607317617604,20.68397281892295,0.0010701320848800313,0.0008605791539323112,-0.00020955293094772023,full,complete,generated_current,generated_current,/home/runner/work/money-making/money-making/projects/harv-extension/outputs/pm_native_geometry_warmup600_actions/28733449635/AAPL/predictions/full/AAPL.csv,42,all,True,True,True,36739,36739
PM_QDK,CP_REPO_FRESH,AAPL,cluster_exit_strict,ex_post_descriptive,7341,95.06956910963066,85.77861174063996,-9.290957368990714,-1.999136700648009,0.39967306906416017,-9.261052862970498,-7.061325363601879,27.32687458652892,-37.60313433417047,20.70342744693263,0.0010701838495214549,0.0008606672333595991,-0.00020951661616185578,full,complete,generated_current,generated_current,/home/runner/work/money-making/money-making/projects/harv-extension/outputs/pm_native_geometry_warmup600_actions/28733449635/AAPL/predictions/full/AAPL.csv,42,all,True,True,True,36739,36739
PM_QDK,CP_REPO_FRESH,AAPL,inflection_points,ex_post_descriptive,14969,92.16922534146404,85.23505395924761,-6.9341713822164195,-1.6836256552074076,0.4119179637918365,-6.894174834335003,-5.311358137401443,26.113832847214443,-33.18074235763962,17.94324625477512,0.0010381510477657713,0.0008968962737991345,-0.0001412547739666368,full,complete,generated_current,generated_current,/home/runner/work/money-making/money-making/projects/harv-extension/outputs/pm_native_geometry_warmup600_actions/28733449635/AAPL/predictions/full/AAPL.csv,42,all,True,True,True,36739,36739
PM_QDK,CP_REPO_FRESH,AAPL,high_within_block_dispersion,ex_post_descriptive,7342,108.96800045472749,103.16873444051458,-5.799266014212902,0.0,0.3975755924816126,-5.800776415278281,-3.8485799959763933,30.72554274554544,-38.51661920518295,17.88022064877188,0.0008010007035050004,0.0007442618743107278,-5.673882919427248e-05,full,complete,generated_current,generated_current,/home/runner/work/money-making/money-making/projects/harv-extension/outputs/pm_native_geometry_warmup600_actions/28733449635/AAPL/predictions/full/AAPL.csv,42,all,True,True,True,36739,36739
PM_QDK,CP_REPO_FRESH,AAPL,recent_spike_position,ex_post_descriptive,11065,92.18024271056093,88.42572535478025,-3.7545173557806835,0.0,0.44437415273384545,-3.696339346328571,-2.5856250730627264,24.22415905319931,-29.19388053903221,15.92128832625363,0.0009708430759616673,0.0009032847440270987,-6.755833193456862e-05,full,complete,generated_current,generated_current,/home/runner/work/money-making/money-making/projects/harv-extension/outputs/pm_native_geometry_warmup600_actions/28733449635/AAPL/predictions/full/AAPL.csv,42,all,True,True,True,36739,36739
PM_QDK,CP_REPO_FRESH,AAPL,older_spike_position,ex_post_descriptive,11539,93.32808483501793,87.96938718526175,-5.358697649756191,-2.842170943040401e-14,0.4243868619464425,-5.308170046800722,-3.335725127166094,22.67736360125702,-29.85925073158762,14.337522765128824,0.000888432461691891,0.0007536114650597728,-0.00013482099663211832,full,complete,generated_current,generated_current,/home/runner/work/money-making/money-making/projects/harv-extension/outputs/pm_native_geometry_warmup600_actions/28733449635/AAPL/predictions/full/AAPL.csv,42,all,True,True,True,36739,36739
PM_QDK,CP_REPO_FRESH,AAPL,same_average_different_path,ex_post_descriptive,650,97.79134510740695,96.62765871970339,-1.1636863877035895,0.0,0.4276923076923077,-0.9870898278991688,-1.2993580062955559,27.790677865611908,-26.75774321339888,16.16530526630806,0.0008058059376109924,0.0007230276488749943,-8.277828873599814e-05,full,complete,generated_current,generated_current,/home/runner/work/money-making/money-making/projects/harv-extension/outputs/pm_native_geometry_warmup600_actions/28733449635/AAPL/predictions/full/AAPL.csv,42,all,True,True,True,36739,36739
PM_QDK,CP_REPO_FRESH,AAPL,recent_ramp_high_dispersion,ex_post_descriptive,2582,102.57813926725866,97.06402643750955,-5.514112829749119,0.0,0.42835011618900076,-5.527277176051811,-4.428329059391383,37.86817399317917,-43.672871410792524,26.9730420258156,0.001144706368732903,0.001113872277134774,-3.0834091598128886e-05,full,complete,generated_current,generated_current,/home/runner/work/money-making/money-making/projects/harv-extension/outputs/pm_native_geometry_warmup600_actions/28733449635/AAPL/predictions/full/AAPL.csv,42,all,True,True,True,36739,36739
PM_QDK,CP_REPO_FRESH,AAPL,entry_with_recent_spike,ex_post_descriptive,4451,91.82344487326894,86.27995875337018,-5.543486119898769,-2.116470337868293,0.4358571107616266,-5.507957937102942,-4.654989403708265,30.448668659302246,-35.77294913230063,22.5948915960889,0.0012960485496252782,0.0011985982583787198,-9.745029124655847e-05,full,complete,generated_current,generated_current,/home/runner/work/money-making/money-making/projects/harv-extension/outputs/pm_native_geometry_warmup600_actions/28733449635/AAPL/predictions/full/AAPL.csv,42,all,True,True,True,36739,36739
PM_QDK,CP_REPO_FRESH,AAPL,entry_without_recent_spike,ex_post_descriptive,2893,90.96435760786306,81.97147798574058,-8.992879622122487,-2.843763650833182,0.4078810922917387,-8.967194410419582,-6.990918503629206,28.861457366578733,-37.92482350969903,21.2211256734641,0.0010696521624482369,0.0008672952868100082,-0.00020235687563822854,full,complete,generated_current,generated_current,/home/runner/work/money-making/money-making/projects/harv-extension/outputs/pm_native_geometry_warmup600_actions/28733449635/AAPL/predictions/full/AAPL.csv,42,all,True,True,True,36739,36739
PM_QDK,CP_REPO_FRESH,AAPL,same_average_recent_front_loaded,ex_post_descriptive,1392,88.61695962546688,85.08820672800513,-3.528752897461743,-2.0325716208283353,0.4274425287356322,-3.527703192781091,-3.119405193508423,23.425628536481188,-25.370488576679747,16.16530526630806,0.0009699780936805445,0.0008755771749682292,-9.440091871231514e-05,full,complete,generated_current,generated_current,/home/runner/work/money-making/money-making/projects/harv-extension/outputs/pm_native_geometry_warmup600_actions/28733449635/AAPL/predictions/full/AAPL.csv,42,all,True,True,True,36739,36739
PM_QDK,CP_REPO_FRESH,AAPL,same_average_back_loaded,ex_post_descriptive,1505,98.20917329586105,95.59913932876145,-2.610033967099599,0.0,0.41461794019933557,-2.4920411097336777,-1.8884179090138025,23.37405074976881,-24.850347366900184,13.196872285056692,0.000784117899441025,0.0006878010151034346,-9.631688433759037e-05,full,complete,generated_current,generated_current,/home/runner/work/money-making/money-making/projects/harv-extension/outputs/pm_native_geometry_warmup600_actions/28733449635/AAPL/predictions/full/AAPL.csv,42,all,True,True,True,36739,36739
PM_QDK,CP_REPO_FRESH,AAPL,stable_low_dispersion,ex_post_descriptive,7342,86.59080404021161,81.13796212687524,-5.452841913336383,-1.5303095946020164,0.43176246254426587,-5.435254192885205,-3.7985084795475412,20.761679072308763,-27.08528351763933,14.394725715895774,0.0009898957603952387,0.0008644078680965484,-0.00012548789229869023,full,complete,generated_current,generated_current,/home/runner/work/money-making/money-making/projects/harv-extension/outputs/pm_native_geometry_warmup600_actions/28733449635/AAPL/predictions/full/AAPL.csv,42,all,True,True,True,36739,36739
PM_QDK_2,CP_REPO_FRESH,AAPL,all_observations,not_conditioned,36717,86.6396309166913,87.84795965153866,1.2083287348473535,1.3932137978917467,0.5236811286325136,1.2492488048481523,1.7712319038512028,21.980514962910735,-25.323010814664432,18.852191643534255,0.0007621556004487075,0.0007905843180870078,2.8428717638300316e-05,full,complete,generated_current,generated_current,/home/runner/work/money-making/money-making/projects/harv-extension/outputs/pm_native_geometry_warmup600_actions/28733449635/AAPL/predictions/full/AAPL.csv,42,all,True,True,True,36739,36739
PM_QDK_2,CP_REPO_FRESH,AAPL,cluster_entry_loose,ex_post_descriptive,7344,85.7875828273735,84.58273178431347,-1.2048510430600325,0.0,0.4877450980392157,-1.1216055989760485,-1.1913545007610367,28.649931948302623,-32.08764602736122,25.114864222714683,0.0010648419435533554,0.0010680890676450212,3.2471240916657446e-06,full,complete,generated_current,generated_current,/home/runner/work/money-making/money-making/projects/harv-extension/outputs/pm_native_geometry_warmup600_actions/28733449635/AAPL/predictions/full/AAPL.csv,42,all,True,True,True,36739,36739
PM_QDK_2,CP_REPO_FRESH,AAPL,cluster_entry_strict,ex_post_descriptive,7332,85.80313466435454,84.58905180495371,-1.2140828594008357,0.0,0.48745226404800873,-1.1306850095997665,-1.2036369117995491,28.66137447516944,-32.08570832835231,25.119743191552157,0.0010661568402034031,0.0010693079922005535,3.151151997150346e-06,full,complete,generated_current,generated_current,/home/runner/work/money-making/money-making/projects/harv-extension/outputs/pm_native_geometry_warmup600_actions/28733449635/AAPL/predictions/full/AAPL.csv,42,all,True,True,True,36739,36739
PM_QDK_2,CP_REPO_FRESH,AAPL,cluster_exit_loose,ex_post_descriptive,7344,86.52200513892303,85.8252708044714,-0.6967343344516281,2.842170943040401e-14,0.502859477124183,-0.5472876545385105,0.1529498591329272,18.927001580821653,-23.522807710939826,16.12282198496812,0.0008650595232189442,0.0008605791539323112,-4.480369286633002e-06,full,complete,generated_current,generated_current,/home/runner/work/money-making/money-making/projects/harv-extension/outputs/pm_native_geometry_warmup600_actions/28733449635/AAPL/predictions/full/AAPL.csv,42,all,True,True,True,36739,36739
PM_QDK_2,CP_REPO_FRESH,AAPL,cluster_exit_strict,ex_post_descriptive,7341,86.47563080510159,85.77861174063996,-0.6970190644616205,2.842170943040401e-14,0.5030649775234982,-0.5475372681726236,0.15302798778564278,18.927001580821653,-23.522807710939826,16.12876392590011,0.0008652071885264097,0.0008606672333595991,-4.53995516681046e-06,full,complete,generated_current,generated_current,/home/runner/work/money-making/money-making/projects/harv-extension/outputs/pm_native_geometry_warmup600_actions/28733449635/AAPL/predictions/full/AAPL.csv,42,all,True,True,True,36739,36739
PM_QDK_2,CP_REPO_FRESH,AAPL,inflection_points,ex_post_descriptive,14969,85.27755224892438,85.23505395924761,-0.04249828967676319,0.09689562733643697,0.5080499699378715,0.022972912930063753,0.37843924371175736,22.858739878893935,-26.66618885483109,19.832704228761443,0.0008825710960597361,0.0008968962737991345,1.4325177739398485e-05,full,complete,generated_current,generated_current,/home/runner/work/money-making/money-making/projects/harv-extension/outputs/pm_native_geometry_warmup600_actions/28733449635/AAPL/predictions/full/AAPL.csv,42,all,True,True,True,36739,36739
PM_QDK_2,CP_REPO_FRESH,AAPL,high_within_block_dispersion,ex_post_descriptive,7342,101.30394978119556,103.16873444051458,1.864784659319036,2.842170943040401e-14,0.5043584854263143,1.9455462238013141,2.4452987179095245,23.22889423371649,-27.52106026587967,14.683136305541183,0.0006827470840330645,0.0007442618743107278,6.151479027766337e-05,full,complete,generated_current,generated_current,/home/runner/work/money-making/money-making/projects/harv-extension/outputs/pm_native_geometry_warmup600_actions/28733449635/AAPL/predictions/full/AAPL.csv,42,all,True,True,True,36739,36739
PM_QDK_2,CP_REPO_FRESH,AAPL,recent_spike_position,ex_post_descriptive,11065,87.34331873027284,88.42572535478025,1.0824066245074193,1.1428141092094393,0.5154089471305919,1.1046595766493086,1.2811309075629294,26.99577128881352,-30.221382366949527,23.66780058754118,0.0008540389943090109,0.0009032847440270987,4.924574971808792e-05,full,complete,generated_current,generated_current,/home/runner/work/money-making/money-making/projects/harv-extension/outputs/pm_native_geometry_warmup600_actions/28733449635/AAPL/predictions/full/AAPL.csv,42,all,True,True,True,36739,36739
PM_QDK_2,CP_REPO_FRESH,AAPL,older_spike_position,ex_post_descriptive,11539,86.48609441390192,87.96938718526175,1.4832927713598127,1.533491611478695,0.529335297686108,1.5855410196800321,2.1963052336099818,19.838020678088494,-22.77411140578762,16.995266343248673,0.0007267563685145295,0.0007536114650597728,2.6855096545243157e-05,full,complete,generated_current,generated_current,/home/runner/work/money-making/money-making/projects/harv-extension/outputs/pm_native_geometry_warmup600_actions/28733449635/AAPL/predictions/full/AAPL.csv,42,all,True,True,True,36739,36739
PM_QDK_2,CP_REPO_FRESH,AAPL,same_average_different_path,ex_post_descriptive,650,97.34687156535979,96.62765871970339,-0.7192128456564246,2.842170943040401e-14,0.5046153846153846,-0.5951839786222902,0.2661999472294418,18.51222915426732,-24.677356650099455,15.089762582726706,0.0007110456867509999,0.0007230276488749943,1.198196212399446e-05,full,complete,generated_current,generated_current,/home/runner/work/money-making/money-making/projects/harv-extension/outputs/pm_native_geometry_warmup600_actions/28733449635/AAPL/predictions/full/AAPL.csv,42,all,True,True,True,36739,36739
PM_QDK_2,CP_REPO_FRESH,AAPL,recent_ramp_high_dispersion,ex_post_descriptive,2582,95.00208669890063,97.06402643750955,2.0619397386089275,0.9532971672666264,0.5201394268009295,2.096569926974083,2.2035664264157244,32.882298469638265,-36.70793803368236,24.831703231317427,0.0010002824983857007,0.001113872277134774,0.00011358977874907345,full,complete,generated_current,generated_current,/home/runner/work/money-making/money-making/projects/harv-extension/outputs/pm_native_geometry_warmup600_actions/28733449635/AAPL/predictions/full/AAPL.csv,42,all,True,True,True,36739,36739
PM_QDK_2,CP_REPO_FRESH,AAPL,entry_with_recent_spike,ex_post_descriptive,4451,87.64151814609272,86.27995875337018,-1.3615593927225704,0.0,0.47764547292743204,-1.2783733861501325,-1.7964485695215429,33.06716400411913,-35.23815945074547,29.09051364434616,0.0011625176746659705,0.0011985982583787198,3.608058371274908e-05,full,complete,generated_current,generated_current,/home/runner/work/money-making/money-making/projects/harv-extension/outputs/pm_native_geometry_warmup600_actions/28733449635/AAPL/predictions/full/AAPL.csv,42,all,True,True,True,36739,36739
PM_QDK_2,CP_REPO_FRESH,AAPL,entry_without_recent_spike,ex_post_descriptive,2893,82.93522675975535,81.97147798574058,-0.9637487740147659,2.842170943040401e-14,0.5032837884548911,-0.8540466566490991,-0.14641011659047526,22.20004503163649,-26.86410923434388,20.056191908034176,0.0009145637965840328,0.0008672952868100082,-4.7268509774024516e-05,full,complete,generated_current,generated_current,/home/runner/work/money-making/money-making/projects/harv-extension/outputs/pm_native_geometry_warmup600_actions/28733449635/AAPL/predictions/full/AAPL.csv,42,all,True,True,True,36739,36739
PM_QDK_2,CP_REPO_FRESH,AAPL,same_average_recent_front_loaded,ex_post_descriptive,1392,87.6765326416805,85.08820672800513,-2.5883259136753476,0.0,0.47772988505747127,-2.4538731065504065,-2.540211204397436,26.156364035840987,-31.199007066374946,26.261346032787003,0.0008713593954251148,0.0008755771749682292,4.217779543114398e-06,full,complete,generated_current,generated_current,/home/runner/work/money-making/money-making/projects/harv-extension/outputs/pm_native_geometry_warmup600_actions/28733449635/AAPL/predictions/full/AAPL.csv,42,all,True,True,True,36739,36739
PM_QDK_2,CP_REPO_FRESH,AAPL,same_average_back_loaded,ex_post_descriptive,1505,92.88174573937007,95.59913932876145,2.7173935893913748,2.707911621549158,0.5521594684385382,2.7820022589992695,3.301854729290632,16.73902541670198,-18.18602364675061,12.745729228525375,0.0006300010405931896,0.0006878010151034346,5.779997451024501e-05,full,complete,generated_current,generated_current,/home/runner/work/money-making/money-making/projects/harv-extension/outputs/pm_native_geometry_warmup600_actions/28733449635/AAPL/predictions/full/AAPL.csv,42,all,True,True,True,36739,36739
PM_QDK_2,CP_REPO_FRESH,AAPL,stable_low_dispersion,ex_post_descriptive,7342,79.541401645642,81.13796212687524,1.596560481233228,3.7057309370202773,0.5422228275674204,1.639201010925575,2.0668367936956025,22.04455798656048,-24.55989608891567,20.72748924444025,0.0008223684308063585,0.0008644078680965484,4.203943729018992e-05,full,complete,generated_current,generated_current,/home/runner/work/money-making/money-making/projects/harv-extension/outputs/pm_native_geometry_warmup600_actions/28733449635/AAPL/predictions/full/AAPL.csv,42,all,True,True,True,36739,36739
PHQO,CP_REPO_FRESH,AAPL,all_observations,not_conditioned,36717,87.84795965153866,87.84795965153866,-3.4375458422073073e-15,0.0,0.0003268240869352071,0.0,0.0,7.616796082743349e-12,-7.77206870290164e-12,0.0,0.0007904902697444668,0.0007905843180870078,9.404834254104677e-08,full,complete,generated_current,generated_current,/home/runner/work/money-making/money-making/projects/harv-extension/outputs/pm_native_geometry_warmup600_actions/28733449635/AAPL/predictions/full/AAPL.csv,42,all,True,True,True,36739,36739
PHQO,CP_REPO_FRESH,AAPL,cluster_entry_loose,ex_post_descriptive,7344,84.58273178431347,84.58273178431347,-6.957639499638917e-15,0.0,0.0002723311546840959,0.0,0.0,4.597211500367848e-12,-8.613046783726271e-12,0.0,0.0010678991538194426,0.0010680890676450212,1.8991382557847227e-07,full,complete,generated_current,generated_current,/home/runner/work/money-making/money-making/projects/harv-extension/outputs/pm_native_geometry_warmup600_actions/28733449635/AAPL/predictions/full/AAPL.csv,42,all,True,True,True,36739,36739
PHQO,CP_REPO_FRESH,AAPL,cluster_entry_strict,ex_post_descriptive,7332,84.58905180495373,84.58905180495371,-6.969026798328997e-15,0.0,0.00027277686852154935,0.0,0.0,4.597211500367848e-12,-8.613046783726271e-12,0.0,0.0010691177675503833,0.0010693079922005535,1.9022465017025373e-07,full,complete,generated_current,generated_current,/home/runner/work/money-making/money-making/projects/harv-extension/outputs/pm_native_geometry_warmup600_actions/28733449635/AAPL/predictions/full/AAPL.csv,42,all,True,True,True,36739,36739
PHQO,CP_REPO_FRESH,AAPL,cluster_exit_loose,ex_post_descriptive,7344,85.8252708044714,85.8252708044714,-1.6203451071816827e-15,0.0,0.0006808278867102397,0.0,0.0,5.523759227799019e-12,-4.9398263257671715e-12,0.0,0.0008603767380488158,0.0008605791539323112,2.0241588349547415e-07,full,complete,generated_current,generated_current,/home/runner/work/money-making/money-making/projects/harv-extension/outputs/pm_native_geometry_warmup600_actions/28733449635/AAPL/predictions/full/AAPL.csv,42,all,True,True,True,36739,36739
PHQO,CP_REPO_FRESH,AAPL,cluster_exit_strict,ex_post_descriptive,7341,85.77861174063996,85.77861174063996,-1.6210072833595257e-15,0.0,0.0006811061163329246,0.0,0.0,5.523759227799019e-12,-4.9398263257671715e-12,0.0,0.0008604647347560857,0.0008606672333595991,2.0249860351324917e-07,full,complete,generated_current,generated_current,/home/runner/work/money-making/money-making/projects/harv-extension/outputs/pm_native_geometry_warmup600_actions/28733449635/AAPL/predictions/full/AAPL.csv,42,all,True,True,True,36739,36739
PHQO,CP_REPO_FRESH,AAPL,inflection_points,ex_post_descriptive,14969,85.23505395924761,85.23505395924761,-1.25587443592577e-15,0.0,0.00026721891909947226,0.0,0.0,1.0894840585251586e-11,-6.930949641375466e-12,0.0,0.0008968254139619186,0.0008968962737991345,7.085983721585579e-08,full,complete,generated_current,generated_current,/home/runner/work/money-making/money-making/projects/harv-extension/outputs/pm_native_geometry_warmup600_actions/28733449635/AAPL/predictions/full/AAPL.csv,42,all,True,True,True,36739,36739
PHQO,CP_REPO_FRESH,AAPL,high_within_block_dispersion,ex_post_descriptive,7342,103.16873444051458,103.16873444051458,-1.1032671189955247e-15,0.0,0.00027240533914464724,0.0,0.0,2.1316282072803006e-14,-2.035704937952687e-12,0.0,0.000744024874062782,0.0007442618743107278,2.3700024794588155e-07,full,complete,generated_current,generated_current,/home/runner/work/money-making/money-making/projects/harv-extension/outputs/pm_native_geometry_warmup600_actions/28733449635/AAPL/predictions/full/AAPL.csv,42,all,True,True,True,36739,36739
PHQO,CP_REPO_FRESH,AAPL,recent_spike_position,ex_post_descriptive,11065,88.42572535478028,88.42572535478025,-7.233055345610328e-15,0.0,0.0001807501129688206,0.0,0.0,8.185452315956354e-12,-1.0711629114565666e-11,0.0,0.0009032253767910587,0.0009032847440270987,5.936723604012215e-08,full,complete,generated_current,generated_current,/home/runner/work/money-making/money-making/projects/harv-extension/outputs/pm_native_geometry_warmup600_actions/28733449635/AAPL/predictions/full/AAPL.csv,42,all,True,True,True,36739,36739
PHQO,CP_REPO_FRESH,AAPL,older_spike_position,ex_post_descriptive,11539,87.96938718526175,87.96938718526175,-9.175816744297767e-16,0.0,0.0004333131120547708,0.0,0.0,8.14655010117349e-12,-5.70230282745696e-12,0.0,0.0007535547459096931,0.0007536114650597728,5.671915007965701e-08,full,complete,generated_current,generated_current,/home/runner/work/money-making/money-making/projects/harv-extension/outputs/pm_native_geometry_warmup600_actions/28733449635/AAPL/predictions/full/AAPL.csv,42,all,True,True,True,36739,36739
PHQO,CP_REPO_FRESH,AAPL,same_average_different_path,ex_post_descriptive,650,96.62765871970339,96.62765871970339,1.2024569374401695e-16,0.0,0.0015384615384615385,0.0,0.0,1.1958434242842486e-11,-1.1880274541908875e-11,0.0,0.0007230276488749943,0.0007230276488749943,1.6680033422853914e-22,full,complete,generated_current,generated_current,/home/runner/work/money-making/money-making/projects/harv-extension/outputs/pm_native_geometry_warmup600_actions/28733449635/AAPL/predictions/full/AAPL.csv,42,all,True,True,True,36739,36739
PHQO,CP_REPO_FRESH,AAPL,recent_ramp_high_dispersion,ex_post_descriptive,2582,97.06402643750955,97.06402643750955,0.0,0.0,0.0,0.0,0.0,,,0.0,0.0011137740921727186,0.001113872277134774,9.818496205569326e-08,full,complete,generated_current,generated_current,/home/runner/work/money-making/money-making/projects/harv-extension/outputs/pm_native_geometry_warmup600_actions/28733449635/AAPL/predictions/full/AAPL.csv,42,all,True,True,True,36739,36739
PHQO,CP_REPO_FRESH,AAPL,entry_with_recent_spike,ex_post_descriptive,4451,86.27995875337018,86.27995875337018,-8.096371871694648e-15,0.0,0.00022466861379465288,0.0,0.0,9.166001291305292e-12,-9.040590498443634e-12,0.0,0.001198524190837104,0.0011985982583787198,7.406754161574932e-08,full,complete,generated_current,generated_current,/home/runner/work/money-making/money-making/projects/harv-extension/outputs/pm_native_geometry_warmup600_actions/28733449635/AAPL/predictions/full/AAPL.csv,42,all,True,True,True,36739,36739
PHQO,CP_REPO_FRESH,AAPL,entry_without_recent_spike,ex_post_descriptive,2893,81.97147798574058,81.97147798574058,-5.2056527080661335e-15,0.0,0.0003456619426201175,0.0,0.0,2.842170943040401e-14,-7.544187496932864e-12,0.0,0.0008669271386913366,0.0008672952868100082,3.681481186714829e-07,full,complete,generated_current,generated_current,/home/runner/work/money-making/money-making/projects/harv-extension/outputs/pm_native_geometry_warmup600_actions/28733449635/AAPL/predictions/full/AAPL.csv,42,all,True,True,True,36739,36739
PHQO,CP_REPO_FRESH,AAPL,same_average_recent_front_loaded,ex_post_descriptive,1392,85.08820672800516,85.08820672800513,-2.7063919432471634e-14,0.0,0.0,0.0,0.0,,-9.418243962500128e-12,0.0,0.0008755771749682296,0.0008755771749682292,-2.873291533260794e-19,full,complete,generated_current,generated_current,/home/runner/work/money-making/money-making/projects/harv-extension/outputs/pm_native_geometry_warmup600_actions/28733449635/AAPL/predictions/full/AAPL.csv,42,all,True,True,True,36739,36739
PHQO,CP_REPO_FRESH,AAPL,same_average_back_loaded,ex_post_descriptive,1505,95.59913932876145,95.59913932876145,-2.5435541454535147e-15,0.0,0.000664451827242525,0.0,0.0,1.1958434242842486e-11,-1.5786483231750026e-11,0.0,0.0006878010151034346,0.0006878010151034346,7.204001146083086e-23,full,complete,generated_current,generated_current,/home/runner/work/money-making/money-making/projects/harv-extension/outputs/pm_native_geometry_warmup600_actions/28733449635/AAPL/predictions/full/AAPL.csv,42,all,True,True,True,36739,36739
PHQO,CP_REPO_FRESH,AAPL,stable_low_dispersion,ex_post_descriptive,7342,81.13796212687525,81.13796212687524,-6.049460396886974e-15,0.0,0.0005448106782892945,0.0,0.0,7.091882636700575e-12,-8.086963197860718e-12,0.0,0.0008644078680965485,0.0008644078680965484,-6.807643714462238e-20,full,complete,generated_current,generated_current,/home/runner/work/money-making/money-making/projects/harv-extension/outputs/pm_native_geometry_warmup600_actions/28733449635/AAPL/predictions/full/AAPL.csv,42,all,True,True,True,36739,36739
CP_REPO_FRESH,CP_REPO_FRESH,AMZN,all_observations,not_conditioned,36717,88.8483971883299,88.8483971883299,0.0,0.0,0.0,0.0,0.0,,,0.0,0.0009178196720790655,0.0009178196720790655,0.0,full,complete,generated_current,generated_current,/home/runner/work/money-making/money-making/projects/harv-extension/outputs/pm_native_geometry_warmup600_actions/28733449635/AMZN/predictions/full/AMZN.csv,42,all,True,True,True,36739,36739
CP_REPO_FRESH,CP_REPO_FRESH,AMZN,cluster_entry_loose,ex_post_descriptive,7344,85.3745857972405,85.3745857972405,0.0,0.0,0.0,0.0,0.0,,,0.0,0.0012394678881970827,0.0012394678881970827,0.0,full,complete,generated_current,generated_current,/home/runner/work/money-making/money-making/projects/harv-extension/outputs/pm_native_geometry_warmup600_actions/28733449635/AMZN/predictions/full/AMZN.csv,42,all,True,True,True,36739,36739
CP_REPO_FRESH,CP_REPO_FRESH,AMZN,cluster_entry_strict,ex_post_descriptive,7332,85.34712392027588,85.34712392027588,0.0,0.0,0.0,0.0,0.0,,,0.0,0.001240633805664182,0.001240633805664182,0.0,full,complete,generated_current,generated_current,/home/runner/work/money-making/money-making/projects/harv-extension/outputs/pm_native_geometry_warmup600_actions/28733449635/AMZN/predictions/full/AMZN.csv,42,all,True,True,True,36739,36739
CP_REPO_FRESH,CP_REPO_FRESH,AMZN,cluster_exit_loose,ex_post_descriptive,7344,87.87247324904031,87.87247324904031,0.0,0.0,0.0,0.0,0.0,,,0.0,0.0009583138548499507,0.0009583138548499507,0.0,full,complete,generated_current,generated_current,/home/runner/work/money-making/money-making/projects/harv-extension/outputs/pm_native_geometry_warmup600_actions/28733449635/AMZN/predictions/full/AMZN.csv,42,all,True,True,True,36739,36739
CP_REPO_FRESH,CP_REPO_FRESH,AMZN,cluster_exit_strict,ex_post_descriptive,7339,87.83973202316261,87.83973202316261,0.0,0.0,0.0,0.0,0.0,,,0.0,0.0009582136005582307,0.0009582136005582307,0.0,full,complete,generated_current,generated_current,/home/runner/work/money-making/money-making/projects/harv-extension/outputs/pm_native_geometry_warmup600_actions/28733449635/AMZN/predictions/full/AMZN.csv,42,all,True,True,True,36739,36739
CP_REPO_FRESH,CP_REPO_FRESH,AMZN,inflection_points,ex_post_descriptive,15146,86.64802799642023,86.64802799642023,0.0,0.0,0.0,0.0,0.0,,,0.0,0.0010202872712350294,0.0010202872712350294,0.0,full,complete,generated_current,generated_current,/home/runner/work/money-making/money-making/projects/harv-extension/outputs/pm_native_geometry_warmup600_actions/28733449635/AMZN/predictions/full/AMZN.csv,42,all,True,True,True,36739,36739
CP_REPO_FRESH,CP_REPO_FRESH,AMZN,high_within_block_dispersion,ex_post_descriptive,7343,108.37657785662181,108.37657785662181,0.0,0.0,0.0,0.0,0.0,,,0.0,0.0008232958890983693,0.0008232958890983693,0.0,full,complete,generated_current,generated_current,/home/runner/work/money-making/money-making/projects/harv-extension/outputs/pm_native_geometry_warmup600_actions/28733449635/AMZN/predictions/full/AMZN.csv,42,all,True,True,True,36739,36739
CP_REPO_FRESH,CP_REPO_FRESH,AMZN,recent_spike_position,ex_post_descriptive,11046,88.87798321243619,88.87798321243619,0.0,0.0,0.0,0.0,0.0,,,0.0,0.001055267064790348,0.001055267064790348,0.0,full,complete,generated_current,generated_current,/home/runner/work/money-making/money-making/projects/harv-extension/outputs/pm_native_geometry_warmup600_actions/28733449635/AMZN/predictions/full/AMZN.csv,42,all,True,True,True,36739,36739
CP_REPO_FRESH,CP_REPO_FRESH,AMZN,older_spike_position,ex_post_descriptive,11400,89.64184039756768,89.64184039756768,0.0,0.0,0.0,0.0,0.0,,,0.0,0.0008782683818705393,0.0008782683818705393,0.0,full,complete,generated_current,generated_current,/home/runner/work/money-making/money-making/projects/harv-extension/outputs/pm_native_geometry_warmup600_actions/28733449635/AMZN/predictions/full/AMZN.csv,42,all,True,True,True,36739,36739
CP_REPO_FRESH,CP_REPO_FRESH,AMZN,same_average_different_path,ex_post_descriptive,774,101.91921298569282,101.91921298569282,0.0,0.0,0.0,0.0,0.0,,,0.0,0.0008261876135139802,0.0008261876135139802,0.0,full,complete,generated_current,generated_current,/home/runner/work/money-making/money-making/projects/harv-extension/outputs/pm_native_geometry_warmup600_actions/28733449635/AMZN/predictions/full/AMZN.csv,42,all,True,True,True,36739,36739
CP_REPO_FRESH,CP_REPO_FRESH,AMZN,recent_ramp_high_dispersion,ex_post_descriptive,2323,105.39779545763744,105.39779545763744,0.0,0.0,0.0,0.0,0.0,,,0.0,0.0012784337282828794,0.0012784337282828794,0.0,full,complete,generated_current,generated_current,/home/runner/work/money-making/money-making/projects/harv-extension/outputs/pm_native_geometry_warmup600_actions/28733449635/AMZN/predictions/full/AMZN.csv,42,all,True,True,True,36739,36739
CP_REPO_FRESH,CP_REPO_FRESH,AMZN,entry_with_recent_spike,ex_post_descriptive,4412,86.7310335784836,86.7310335784836,0.0,0.0,0.0,0.0,0.0,,,0.0,0.0013675262171974538,0.0013675262171974538,0.0,full,complete,generated_current,generated_current,/home/runner/work/money-making/money-making/projects/harv-extension/outputs/pm_native_geometry_warmup600_actions/28733449635/AMZN/predictions/full/AMZN.csv,42,all,True,True,True,36739,36739
CP_REPO_FRESH,CP_REPO_FRESH,AMZN,entry_without_recent_spike,ex_post_descriptive,2932,83.33343722601111,83.33343722601111,0.0,0.0,0.0,0.0,0.0,,,0.0,0.0010467689292783797,0.0010467689292783797,0.0,full,complete,generated_current,generated_current,/home/runner/work/money-making/money-making/projects/harv-extension/outputs/pm_native_geometry_warmup600_actions/28733449635/AMZN/predictions/full/AMZN.csv,42,all,True,True,True,36739,36739
CP_REPO_FRESH,CP_REPO_FRESH,AMZN,same_average_recent_front_loaded,ex_post_descriptive,1495,85.07988850399573,85.07988850399573,0.0,0.0,0.0,0.0,0.0,,,0.0,0.0010131051353017857,0.0010131051353017857,0.0,full,complete,generated_current,generated_current,/home/runner/work/money-making/money-making/projects/harv-extension/outputs/pm_native_geometry_warmup600_actions/28733449635/AMZN/predictions/full/AMZN.csv,42,all,True,True,True,36739,36739
CP_REPO_FRESH,CP_REPO_FRESH,AMZN,same_average_back_loaded,ex_post_descriptive,1594,99.45675259309476,99.45675259309476,0.0,0.0,0.0,0.0,0.0,,,0.0,0.000851176732108734,0.000851176732108734,0.0,full,complete,generated_current,generated_current,/home/runner/work/money-making/money-making/projects/harv-extension/outputs/pm_native_geometry_warmup600_actions/28733449635/AMZN/predictions/full/AMZN.csv,42,all,True,True,True,36739,36739
CP_REPO_FRESH,CP_REPO_FRESH,AMZN,stable_low_dispersion,ex_post_descriptive,7343,79.17401411054652,79.17401411054652,0.0,0.0,0.0,0.0,0.0,,,0.0,0.0009938370425031564,0.0009938370425031564,0.0,full,complete,generated_current,generated_current,/home/runner/work/money-making/money-making/projects/harv-extension/outputs/pm_native_geometry_warmup600_actions/28733449635/AMZN/predictions/full/AMZN.csv,42,all,True,True,True,36739,36739
PM_QDK,CP_REPO_FRESH,AMZN,all_observations,not_conditioned,36717,90.61371334958234,88.8483971883299,-1.7653161612524464,-0.02789020946556775,0.40697769425606667,-1.826559750024791,-1.7196805783847307,12.995263235229551,-13.762969978040346,7.901441186299344,0.0009542340181484637,0.0009178196720790655,-3.6414346069398264e-05,full,complete,generated_current,generated_current,/home/runner/work/money-making/money-making/projects/harv-extension/outputs/pm_native_geometry_warmup600_actions/28733449635/AMZN/predictions/full/AMZN.csv,42,all,True,True,True,36739,36739
PM_QDK,CP_REPO_FRESH,AMZN,cluster_entry_loose,ex_post_descriptive,7344,86.29279835067895,85.3745857972405,-0.9182125534384518,0.0,0.45275054466230935,-0.8837739532669603,-1.0098900502659482,16.317787853495965,-16.781292326086955,9.754668617237344,0.0012343019431759175,0.0012394678881970827,5.165945021165255e-06,full,complete,generated_current,generated_current,/home/runner/work/money-making/money-making/projects/harv-extension/outputs/pm_native_geometry_warmup600_actions/28733449635/AMZN/predictions/full/AMZN.csv,42,all,True,True,True,36739,36739
PM_QDK,CP_REPO_FRESH,AMZN,cluster_entry_strict,ex_post_descriptive,7332,86.26798468259564,85.34712392027588,-0.9208607623197509,0.0,0.45280960174577195,-0.8861042497939664,-1.0134851059463201,16.326937599895864,-16.792612655918095,9.765859570871719,0.0012354364897015579,0.001240633805664182,5.197315962624046e-06,full,complete,generated_current,generated_current,/home/runner/work/money-making/money-making/projects/harv-extension/outputs/pm_native_geometry_warmup600_actions/28733449635/AMZN/predictions/full/AMZN.csv,42,all,True,True,True,36739,36739
PM_QDK,CP_REPO_FRESH,AMZN,cluster_exit_loose,ex_post_descriptive,7344,90.21311727629875,87.87247324904031,-2.3406440272584366,-0.27781222322427723,0.3929738562091503,-2.408099420541916,-2.08294903109562,13.464237189816105,-14.645277832765938,8.339753081270409,0.0010381349210551551,0.0009583138548499507,-7.98210662052045e-05,full,complete,generated_current,generated_current,/home/runner/work/money-making/money-making/projects/harv-extension/outputs/pm_native_geometry_warmup600_actions/28733449635/AMZN/predictions/full/AMZN.csv,42,all,True,True,True,36739,36739
PM_QDK,CP_REPO_FRESH,AMZN,cluster_exit_strict,ex_post_descriptive,7339,90.18786742084491,87.83973202316261,-2.3481353976823107,-0.3025766599440942,0.3928328110096743,-2.415725198390865,-2.0911040107325114,13.46323710801414,-14.649105662832003,8.347469395645334,0.0010381096010730639,0.0009582136005582307,-7.989600051483326e-05,full,complete,generated_current,generated_current,/home/runner/work/money-making/money-making/projects/harv-extension/outputs/pm_native_geometry_warmup600_actions/28733449635/AMZN/predictions/full/AMZN.csv,42,all,True,True,True,36739,36739
PM_QDK,CP_REPO_FRESH,AMZN,inflection_points,ex_post_descriptive,15146,88.2593991533873,86.64802799642023,-1.6113711569670666,-0.0699396795245093,0.41852634358906643,-1.6472581288137909,-1.5523760589955768,13.62943070454776,-14.27503076263224,8.389489248415174,0.0010602564304846376,0.0010202872712350294,-3.9969159249608444e-05,full,complete,generated_current,generated_current,/home/runner/work/money-making/money-making/projects/harv-extension/outputs/pm_native_geometry_warmup600_actions/28733449635/AMZN/predictions/full/AMZN.csv,42,all,True,True,True,36739,36739
PM_QDK,CP_REPO_FRESH,AMZN,high_within_block_dispersion,ex_post_descriptive,7343,111.89540175415877,108.37657785662181,-3.518823897536964,-2.842170943040401e-14,0.3156747923192156,-3.554951197734695,-4.012726382296315,21.045255477851136,-20.005797875944463,9.874773243835039,0.0008837972973146861,0.0008232958890983693,-6.0501408216316716e-05,full,complete,generated_current,generated_current,/home/runner/work/money-making/money-making/projects/harv-extension/outputs/pm_native_geometry_warmup600_actions/28733449635/AMZN/predictions/full/AMZN.csv,42,all,True,True,True,36739,36739
PM_QDK,CP_REPO_FRESH,AMZN,recent_spike_position,ex_post_descriptive,11046,90.06044305408255,88.87798321243619,-1.1824598416463434,0.0,0.4368097048705414,-1.1683852088720146,-1.2381024358802881,14.346745930546545,-15.136957418269423,8.653826713719347,0.0010512376365626722,0.001055267064790348,4.029428227675455e-06,full,complete,generated_current,generated_current,/home/runner/work/money-making/money-making/projects/harv-extension/outputs/pm_native_geometry_warmup600_actions/28733449635/AMZN/predictions/full/AMZN.csv,42,all,True,True,True,36739,36739
PM_QDK,CP_REPO_FRESH,AMZN,older_spike_position,ex_post_descriptive,11400,91.68721962942529,89.64184039756768,-2.045379231857607,-0.31779479691725854,0.3875438596491228,-2.102845665369759,-1.9606539050974525,11.818853677125967,-12.65209694953421,7.292255651017898,0.000927964312435912,0.0008782683818705393,-4.969593056537266e-05,full,complete,generated_current,generated_current,/home/runner/work/money-making/money-making/projects/harv-extension/outputs/pm_native_geometry_warmup600_actions/28733449635/AMZN/predictions/full/AMZN.csv,42,all,True,True,True,36739,36739
PM_QDK,CP_REPO_FRESH,AMZN,same_average_different_path,ex_post_descriptive,774,106.84091967436298,101.91921298569282,-4.921706688670156,-0.6872082310274372,0.30103359173126615,-4.96105919792473,-4.469284770682921,13.242656498351746,-16.858043865884245,8.367370480547303,0.0009380476466404247,0.0008261876135139802,-0.00011186003312644443,full,complete,generated_current,generated_current,/home/runner/work/money-making/money-making/projects/harv-extension/outputs/pm_native_geometry_warmup600_actions/28733449635/AMZN/predictions/full/AMZN.csv,42,all,True,True,True,36739,36739
PM_QDK,CP_REPO_FRESH,AMZN,recent_ramp_high_dispersion,ex_post_descriptive,2323,104.83775091713355,105.39779545763744,0.5600445405038977,0.0,0.4373654756780026,0.5923272320999413,-0.19064149922354115,24.92108183266195,-23.184204318913114,12.141085836325757,0.0011833121126011816,0.0012784337282828794,9.512161568169779e-05,full,complete,generated_current,generated_current,/home/runner/work/money-making/money-making/projects/harv-extension/outputs/pm_native_geometry_warmup600_actions/28733449635/AMZN/predictions/full/AMZN.csv,42,all,True,True,True,36739,36739
PM_QDK,CP_REPO_FRESH,AMZN,entry_with_recent_spike,ex_post_descriptive,4412,87.53181509304102,86.7310335784836,-0.8007815145574102,0.0,0.457842248413418,-0.7591210608968918,-1.1648952733689764,18.16034005447422,-18.52461305954178,11.136819783312092,0.0013233639745084012,0.0013675262171974538,4.416224268905272e-05,full,complete,generated_current,generated_current,/home/runner/work/money-making/money-making/projects/harv-extension/outputs/pm_native_geometry_warmup600_actions/28733449635/AMZN/predictions/full/AMZN.csv,42,all,True,True,True,36739,36739
PM_QDK,CP_REPO_FRESH,AMZN,entry_without_recent_spike,ex_post_descriptive,2932,84.42835705896633,83.33343722601111,-1.0949198329552174,0.0,0.4450886766712142,-1.1112716397325977,-0.7429548304057816,13.465714714816983,-14.196081047172717,8.182955411094682,0.0011002836340903385,0.0010467689292783797,-5.3514704811958724e-05,full,complete,generated_current,generated_current,/home/runner/work/money-making/money-making/projects/harv-extension/outputs/pm_native_geometry_warmup600_actions/28733449635/AMZN/predictions/full/AMZN.csv,42,all,True,True,True,36739,36739
PM_QDK,CP_REPO_FRESH,AMZN,same_average_recent_front_loaded,ex_post_descriptive,1495,86.96527867049234,85.07988850399573,-1.88539016649661,-0.05504271840958097,0.4287625418060201,-1.9324186108469252,-1.6196342752816764,12.101387641210454,-13.933659785149317,8.390343091319174,0.0010387147453533628,0.0010131051353017857,-2.5609610051577134e-05,full,complete,generated_current,generated_current,/home/runner/work/money-making/money-making/projects/harv-extension/outputs/pm_native_geometry_warmup600_actions/28733449635/AMZN/predictions/full/AMZN.csv,42,all,True,True,True,36739,36739
PM_QDK,CP_REPO_FRESH,AMZN,same_average_back_loaded,ex_post_descriptive,1594,102.59760416462575,99.45675259309476,-3.140851571530979,-0.4553429183731552,0.321831869510665,-3.0670723827201463,-2.84723812870428,10.319542839905438,-12.23330508538227,6.276820163313481,0.0009312337235378511,0.000851176732108734,-8.005699142911713e-05,full,complete,generated_current,generated_current,/home/runner/work/money-making/money-making/projects/harv-extension/outputs/pm_native_geometry_warmup600_actions/28733449635/AMZN/predictions/full/AMZN.csv,42,all,True,True,True,36739,36739
PM_QDK,CP_REPO_FRESH,AMZN,stable_low_dispersion,ex_post_descriptive,7343,79.97218934487033,79.17401411054652,-0.798175234323796,-0.006039791121652982,0.45866811929728996,-0.7207963867944714,-0.6794138350721028,10.541130303796557,-11.152204801516968,7.098829588747684,0.0010154309705989809,0.0009938370425031564,-2.159392809582445e-05,full,complete,generated_current,generated_current,/home/runner/work/money-making/money-making/projects/harv-extension/outputs/pm_native_geometry_warmup600_actions/28733449635/AMZN/predictions/full/AMZN.csv,42,all,True,True,True,36739,36739
PM_QDK_2,CP_REPO_FRESH,AMZN,all_observations,not_conditioned,36717,87.66733709117119,88.8483971883299,1.1810600971587224,0.37919618924227905,0.5160824686112699,1.1718736773926908,1.712830064795299,20.85147660257455,-23.742804357395098,17.195345705554757,0.0008812853200497578,0.0009178196720790655,3.653435202930759e-05,full,complete,generated_current,generated_current,/home/runner/work/money-making/money-making/projects/harv-extension/outputs/pm_native_geometry_warmup600_actions/28733449635/AMZN/predictions/full/AMZN.csv,42,all,True,True,True,36739,36739
PM_QDK_2,CP_REPO_FRESH,AMZN,cluster_entry_loose,ex_post_descriptive,7344,87.18586646062819,85.3745857972405,-1.81128066338768,0.0,0.47657952069716775,-1.765175748296217,-1.681165804499641,26.471661773197148,-30.59568622526975,23.70137503698141,0.0012338063285566617,0.0012394678881970827,5.661559640421014e-06,full,complete,generated_current,generated_current,/home/runner/work/money-making/money-making/projects/harv-extension/outputs/pm_native_geometry_warmup600_actions/28733449635/AMZN/predictions/full/AMZN.csv,42,all,True,True,True,36739,36739
PM_QDK_2,CP_REPO_FRESH,AMZN,cluster_entry_strict,ex_post_descriptive,7332,87.18019345700662,85.34712392027588,-1.8330695367307317,0.0,0.4762684124386252,-1.7883545414347315,-1.7063965453325949,26.47383638625683,-30.60309320928283,23.70137503698141,0.0012352404711808776,0.001240633805664182,5.39333448330438e-06,full,complete,generated_current,generated_current,/home/runner/work/money-making/money-making/projects/harv-extension/outputs/pm_native_geometry_warmup600_actions/28733449635/AMZN/predictions/full/AMZN.csv,42,all,True,True,True,36739,36739
PM_QDK_2,CP_REPO_FRESH,AMZN,cluster_exit_loose,ex_post_descriptive,7344,87.87088326221776,87.87247324904031,0.0015899868225531918,0.0,0.4929193899782135,0.0019841816649727715,0.5840732139869096,17.96897230387498,-20.932089757580496,13.674146322081029,0.0009551308725354016,0.0009583138548499507,3.1829823145490754e-06,full,complete,generated_current,generated_current,/home/runner/work/money-making/money-making/projects/harv-extension/outputs/pm_native_geometry_warmup600_actions/28733449635/AMZN/predictions/full/AMZN.csv,42,all,True,True,True,36739,36739
PM_QDK_2,CP_REPO_FRESH,AMZN,cluster_exit_strict,ex_post_descriptive,7339,87.84140343134584,87.83973202316261,-0.0016714081832324545,0.0,0.49311895353590407,-0.0013127164503219802,0.5813515852821254,17.964102787756424,-20.9485678007562,13.694137024818232,0.0009550623966942044,0.0009582136005582307,3.1512038640263224e-06,full,complete,generated_current,generated_current,/home/runner/work/money-making/money-making/projects/harv-extension/outputs/pm_native_geometry_warmup600_actions/28733449635/AMZN/predictions/full/AMZN.csv,42,all,True,True,True,36739,36739
PM_QDK_2,CP_REPO_FRESH,AMZN,inflection_points,ex_post_descriptive,15146,86.24672400273514,86.64802799642023,0.4013039936850714,2.842170943040401e-14,0.5066684273075399,0.4626034987682344,0.8970661751888642,21.30022037522047,-24.456836188203226,17.552964568109413,0.0010003482565385695,0.0010202872712350294,1.9939014696459673e-05,full,complete,generated_current,generated_current,/home/runner/work/money-making/money-making/projects/harv-extension/outputs/pm_native_geometry_warmup600_actions/28733449635/AMZN/predictions/full/AMZN.csv,42,all,True,True,True,36739,36739
PM_QDK_2,CP_REPO_FRESH,AMZN,high_within_block_dispersion,ex_post_descriptive,7343,106.474158794069,108.37657785662181,1.9024190625528175,0.0,0.47773389622769985,1.9029207032686313,2.2748328773563102,21.789876151274836,-24.69147128946513,11.599365868128643,0.0007573252196801807,0.0008232958890983693,6.597066941818867e-05,full,complete,generated_current,generated_current,/home/runner/work/money-making/money-making/projects/harv-extension/outputs/pm_native_geometry_warmup600_actions/28733449635/AMZN/predictions/full/AMZN.csv,42,all,True,True,True,36739,36739
PM_QDK_2,CP_REPO_FRESH,AMZN,recent_spike_position,ex_post_descriptive,11046,88.6385252580024,88.87798321243619,0.2394579544338094,2.842170943040401e-14,0.5031685678073511,0.25612129420032453,0.6071343071616401,25.317267302697736,-29.395000873689188,22.334712977561093,0.0010061977262561283,0.001055267064790348,4.906933853421953e-05,full,complete,generated_current,generated_current,/home/runner/work/money-making/money-making/projects/harv-extension/outputs/pm_native_geometry_warmup600_actions/28733449635/AMZN/predictions/full/AMZN.csv,42,all,True,True,True,36739,36739
PM_QDK_2,CP_REPO_FRESH,AMZN,older_spike_position,ex_post_descriptive,11400,87.9034811582171,89.64184039756768,1.7383592393505802,0.6265544406372126,0.5213157894736842,1.7181714667922936,2.2497375128101322,18.797298852079855,-20.576590181216744,15.034724252117833,0.0008338522962882249,0.0008782683818705393,4.4416085582314384e-05,full,complete,generated_current,generated_current,/home/runner/work/money-making/money-making/projects/harv-extension/outputs/pm_native_geometry_warmup600_actions/28733449635/AMZN/predictions/full/AMZN.csv,42,all,True,True,True,36739,36739
PM_QDK_2,CP_REPO_FRESH,AMZN,same_average_different_path,ex_post_descriptive,774,102.29789845916304,101.91921298569282,-0.3786854734702245,0.0,0.4573643410852713,-0.43590005303348645,0.3558917828654154,18.552841214896436,-23.022846800467423,12.48175217913619,0.0008061420604175059,0.0008261876135139802,2.0045553096474286e-05,full,complete,generated_current,generated_current,/home/runner/work/money-making/money-making/projects/harv-extension/outputs/pm_native_geometry_warmup600_actions/28733449635/AMZN/predictions/full/AMZN.csv,42,all,True,True,True,36739,36739
PM_QDK_2,CP_REPO_FRESH,AMZN,recent_ramp_high_dispersion,ex_post_descriptive,2323,103.13134802599069,105.39779545763744,2.2664474316467564,2.842170943040401e-14,0.5002152389151958,2.271900892840764,2.5350677572544837,31.430076239464704,-35.11999011971075,22.142104749902302,0.0011433044150589552,0.0012784337282828794,0.0001351293132239243,full,complete,generated_current,generated_current,/home/runner/work/money-making/money-making/projects/harv-extension/outputs/pm_native_geometry_warmup600_actions/28733449635/AMZN/predictions/full/AMZN.csv,42,all,True,True,True,36739,36739
PM_QDK_2,CP_REPO_FRESH,AMZN,entry_with_recent_spike,ex_post_descriptive,4412,89.35785148916129,86.7310335784836,-2.62681791067769,0.0,0.46781504986400724,-2.604943873224471,-2.8770902693392277,29.91203037393037,-34.32956522177072,27.768092164372394,0.0013359468216000024,0.0013675262171974538,3.157939559745135e-05,full,complete,generated_current,generated_current,/home/runner/work/money-making/money-making/projects/harv-extension/outputs/pm_native_geometry_warmup600_actions/28733449635/AMZN/predictions/full/AMZN.csv,42,all,True,True,True,36739,36739
PM_QDK_2,CP_REPO_FRESH,AMZN,entry_without_recent_spike,ex_post_descriptive,2932,83.91751791155312,83.33343722601111,-0.5840806855420031,0.0,0.4897680763983629,-0.4774371488455307,-0.08776759806194384,21.526730859608445,-24.585463515001415,18.62178455429298,0.0010801078785883057,0.0010467689292783797,-3.333894930992613e-05,full,complete,generated_current,generated_current,/home/runner/work/money-making/money-making/projects/harv-extension/outputs/pm_native_geometry_warmup600_actions/28733449635/AMZN/predictions/full/AMZN.csv,42,all,True,True,True,36739,36739
PM_QDK_2,CP_REPO_FRESH,AMZN,same_average_recent_front_loaded,ex_post_descriptive,1495,87.50037008663885,85.07988850399573,-2.420481582643116,0.0,0.4688963210702341,-2.3660731358966207,-2.1512294667868623,25.023184965043313,-29.677240710444348,24.748664264510495,0.0010105370319727794,0.0010131051353017857,2.5681033290063626e-06,full,complete,generated_current,generated_current,/home/runner/work/money-making/money-making/projects/harv-extension/outputs/pm_native_geometry_warmup600_actions/28733449635/AMZN/predictions/full/AMZN.csv,42,all,True,True,True,36739,36739
PM_QDK_2,CP_REPO_FRESH,AMZN,same_average_back_loaded,ex_post_descriptive,1594,96.56914598063453,99.45675259309476,2.8876066124602535,0.004770332418970069,0.5200752823086575,2.950349140943131,3.127924424231978,15.712368213736976,-15.31401510713874,10.899354360576737,0.0007854287093953214,0.000851176732108734,6.574802271341281e-05,full,complete,generated_current,generated_current,/home/runner/work/money-making/money-making/projects/harv-extension/outputs/pm_native_geometry_warmup600_actions/28733449635/AMZN/predictions/full/AMZN.csv,42,all,True,True,True,36739,36739
PM_QDK_2,CP_REPO_FRESH,AMZN,stable_low_dispersion,ex_post_descriptive,7343,77.60924553994626,79.17401411054652,1.5647685706002812,3.3444902646402284,0.5441917472422716,1.6038437482163004,2.116014921975066,21.285241536466327,-23.77690031215306,19.767459706560473,0.0009626889250785016,0.0009938370425031564,3.1148117424654826e-05,full,complete,generated_current,generated_current,/home/runner/work/money-making/money-making/projects/harv-extension/outputs/pm_native_geometry_warmup600_actions/28733449635/AMZN/predictions/full/AMZN.csv,42,all,True,True,True,36739,36739
PHQO,CP_REPO_FRESH,AMZN,all_observations,not_conditioned,36717,88.84234235500229,88.8483971883299,1.1622158741019506e-15,0.0,0.0008442955579159517,0.0,0.0,6.049698376661962e-12,-6.584995175403079e-12,0.0,0.0009177026578210502,0.0009178196720790655,1.1701425801535205e-07,full,complete,generated_current,generated_current,/home/runner/work/money-making/money-making/projects/harv-extension/outputs/pm_native_geometry_warmup600_actions/28733449635/AMZN/predictions/full/AMZN.csv,42,all,True,True,True,36739,36739
PHQO,CP_REPO_FRESH,AMZN,cluster_entry_loose,ex_post_descriptive,7344,85.3745857972405,85.3745857972405,3.704371595236225e-15,0.0,0.0016339869281045752,0.0,0.0,5.333511410299252e-12,-6.132871988029365e-12,0.0,0.0012394338190479665,0.0012394678881970827,3.40691491161634e-08,full,complete,generated_current,generated_current,/home/runner/work/money-making/money-making/projects/harv-extension/outputs/pm_native_geometry_warmup600_actions/28733449635/AMZN/predictions/full/AMZN.csv,42,all,True,True,True,36739,36739
PHQO,CP_REPO_FRESH,AMZN,cluster_entry_strict,ex_post_descriptive,7332,85.34712392027589,85.34712392027588,3.710434396537757e-15,0.0,0.0016366612111292963,0.0,0.0,5.333511410299252e-12,-6.132871988029365e-12,0.0,0.001240599680755411,0.001240633805664182,3.412490877101801e-08,full,complete,generated_current,generated_current,/home/runner/work/money-making/money-making/projects/harv-extension/outputs/pm_native_geometry_warmup600_actions/28733449635/AMZN/predictions/full/AMZN.csv,42,all,True,True,True,36739,36739
PHQO,CP_REPO_FRESH,AMZN,cluster_exit_loose,ex_post_descriptive,7344,87.8724732490403,87.87247324904031,1.1175277599941499e-14,0.0,0.001770152505446623,0.0,0.0,7.320503178002232e-12,-6.547651310029323e-12,0.0,0.0009580734575807814,0.0009583138548499507,2.4039726916929584e-07,full,complete,generated_current,generated_current,/home/runner/work/money-making/money-making/projects/harv-extension/outputs/pm_native_geometry_warmup600_actions/28733449635/AMZN/predictions/full/AMZN.csv,42,all,True,True,True,36739,36739
PHQO,CP_REPO_FRESH,AMZN,cluster_exit_strict,ex_post_descriptive,7339,87.8397320231626,87.83973202316261,1.1182891224140942e-14,0.0,0.0017713584957078621,0.0,0.0,7.320503178002232e-12,-6.547651310029323e-12,0.0,0.0009579730395083903,0.0009582136005582307,2.405610498404835e-07,full,complete,generated_current,generated_current,/home/runner/work/money-making/money-making/projects/harv-extension/outputs/pm_native_geometry_warmup600_actions/28733449635/AMZN/predictions/full/AMZN.csv,42,all,True,True,True,36739,36739
PHQO,CP_REPO_FRESH,AMZN,inflection_points,ex_post_descriptive,15146,86.64802799642021,86.64802799642023,5.0905770788160686e-15,0.0,0.001320480654958405,0.0,0.0,6.777600702889685e-12,-5.3136485110950495e-12,0.0,0.001020133891235458,0.0010202872712350294,1.533799995713448e-07,full,complete,generated_current,generated_current,/home/runner/work/money-making/money-making/projects/harv-extension/outputs/pm_native_geometry_warmup600_actions/28733449635/AMZN/predictions/full/AMZN.csv,42,all,True,True,True,36739,36739
PHQO,CP_REPO_FRESH,AMZN,high_within_block_dispersion,ex_post_descriptive,7343,108.35161574733333,108.37657785662181,5.7539830110473445e-15,0.0,0.0013618412093149939,0.0,0.0,5.623768117857253e-12,-4.665897298157991e-12,0.0,0.0008230302051886494,0.0008232958890983693,2.656839097200187e-07,full,complete,generated_current,generated_current,/home/runner/work/money-making/money-making/projects/harv-extension/outputs/pm_native_geometry_warmup600_actions/28733449635/AMZN/predictions/full/AMZN.csv,42,all,True,True,True,36739,36739
PHQO,CP_REPO_FRESH,AMZN,recent_spike_position,ex_post_descriptive,11046,88.87798321243619,88.87798321243619,-2.108679979778724e-15,0.0,0.0005431830526887561,0.0,0.0,5.537496387357048e-12,-7.064682172597259e-12,0.0,0.0010552477606543815,0.001055267064790348,1.9304135966302414e-08,full,complete,generated_current,generated_current,/home/runner/work/money-making/money-making/projects/harv-extension/outputs/pm_native_geometry_warmup600_actions/28733449635/AMZN/predictions/full/AMZN.csv,42,all,True,True,True,36739,36739
PHQO,CP_REPO_FRESH,AMZN,older_spike_position,ex_post_descriptive,11400,89.64184039756768,89.64184039756768,4.823899564399382e-15,0.0,0.0009649122807017544,0.0,0.0,7.0153176197477895e-12,-5.544009695768182e-12,0.0,0.0008780966825667862,0.0008782683818705393,1.7169930375312356e-07,full,complete,generated_current,generated_current,/home/runner/work/money-making/money-making/projects/harv-extension/outputs/pm_native_geometry_warmup600_actions/28733449635/AMZN/predictions/full/AMZN.csv,42,all,True,True,True,36739,36739
PHQO,CP_REPO_FRESH,AMZN,same_average_different_path,ex_post_descriptive,774,101.91921298569282,101.91921298569282,3.672055481964342e-17,0.0,0.0012919896640826874,0.0,0.0,2.842170943040401e-14,,0.0,0.00082618761351398,0.0008261876135139802,1.29151731657834e-19,full,complete,generated_current,generated_current,/home/runner/work/money-making/money-making/projects/harv-extension/outputs/pm_native_geometry_warmup600_actions/28733449635/AMZN/predictions/full/AMZN.csv,42,all,True,True,True,36739,36739
PHQO,CP_REPO_FRESH,AMZN,recent_ramp_high_dispersion,ex_post_descriptive,2323,105.39779545763744,105.39779545763744,7.371536776503837e-15,0.0,0.0017219113215669393,0.0,0.0,5.297096095091547e-12,-2.0321522242738865e-12,0.0,0.0012783260210805082,0.0012784337282828794,1.0770720237137464e-07,full,complete,generated_current,generated_current,/home/runner/work/money-making/money-making/projects/harv-extension/outputs/pm_native_geometry_warmup600_actions/28733449635/AMZN/predictions/full/AMZN.csv,42,all,True,True,True,36739,36739
PHQO,CP_REPO_FRESH,AMZN,entry_with_recent_spike,ex_post_descriptive,4412,86.7310335784836,86.7310335784836,5.064952184871974e-16,0.0,0.0011332728921124207,0.0,0.0,5.732658792112488e-12,-6.607159264149232e-12,0.0,0.0013675262171974538,0.0013675262171974538,2.2755467174106462e-20,full,complete,generated_current,generated_current,/home/runner/work/money-making/money-making/projects/harv-extension/outputs/pm_native_geometry_warmup600_actions/28733449635/AMZN/predictions/full/AMZN.csv,42,all,True,True,True,36739,36739
PHQO,CP_REPO_FRESH,AMZN,entry_without_recent_spike,ex_post_descriptive,2932,83.3334372260111,83.33343722601111,8.516455692854475e-15,0.0,0.0023874488403819918,0.0,0.0,5.048406137575512e-12,-5.184297435789631e-12,0.0,0.001046683593728888,0.0010467689292783797,8.533554949147462e-08,full,complete,generated_current,generated_current,/home/runner/work/money-making/money-making/projects/harv-extension/outputs/pm_native_geometry_warmup600_actions/28733449635/AMZN/predictions/full/AMZN.csv,42,all,True,True,True,36739,36739
PHQO,CP_REPO_FRESH,AMZN,same_average_recent_front_loaded,ex_post_descriptive,1495,85.07988850399572,85.07988850399573,8.954264308843001e-15,0.0,0.002006688963210702,0.0,0.0,7.0912165028858e-12,-7.887024366937112e-12,0.0,0.0010131051353017857,0.0010131051353017857,1.3402044245840884e-19,full,complete,generated_current,generated_current,/home/runner/work/money-making/money-making/projects/harv-extension/outputs/pm_native_geometry_warmup600_actions/28733449635/AMZN/predictions/full/AMZN.csv,42,all,True,True,True,36739,36739
PHQO,CP_REPO_FRESH,AMZN,same_average_back_loaded,ex_post_descriptive,1594,99.45675259309475,99.45675259309476,1.616440147772938e-14,0.0,0.0018820577164366374,0.0,0.0,8.588685318500211e-12,,0.0,0.0008511767321087338,0.000851176732108734,1.8820498188628548e-19,full,complete,generated_current,generated_current,/home/runner/work/money-making/money-making/projects/harv-extension/outputs/pm_native_geometry_warmup600_actions/28733449635/AMZN/predictions/full/AMZN.csv,42,all,True,True,True,36739,36739
PHQO,CP_REPO_FRESH,AMZN,stable_low_dispersion,ex_post_descriptive,7343,79.17401411054652,79.17401411054652,-3.629762521691551e-15,0.0,0.0005447364837259975,0.0,0.0,4.8334669600080815e-12,-6.5696020052590545e-12,0.0,0.000993728227201622,0.0009938370425031564,1.0881530153431847e-07,full,complete,generated_current,generated_current,/home/runner/work/money-making/money-making/projects/harv-extension/outputs/pm_native_geometry_warmup600_actions/28733449635/AMZN/predictions/full/AMZN.csv,42,all,True,True,True,36739,36739
CP_REPO_FRESH,CP_REPO_FRESH,EEM,all_observations,not_conditioned,36717,135.82379873642057,135.82379873642057,0.0,0.0,0.0,0.0,0.0,,,0.0,0.0004861186894083514,0.0004861186894083514,0.0,full,complete,generated_current,generated_current,/home/runner/work/money-making/money-making/projects/harv-extension/outputs/pm_native_geometry_warmup600_actions/28733449635/EEM/predictions/full/EEM.csv,42,all,True,True,True,36739,36739
CP_REPO_FRESH,CP_REPO_FRESH,EEM,cluster_entry_loose,ex_post_descriptive,7346,121.20996302553688,121.20996302553688,0.0,0.0,0.0,0.0,0.0,,,0.0,0.0005264790844820955,0.0005264790844820955,0.0,full,complete,generated_current,generated_current,/home/runner/work/money-making/money-making/projects/harv-extension/outputs/pm_native_geometry_warmup600_actions/28733449635/EEM/predictions/full/EEM.csv,42,all,True,True,True,36739,36739
CP_REPO_FRESH,CP_REPO_FRESH,EEM,cluster_entry_strict,ex_post_descriptive,7346,121.20996302553688,121.20996302553688,0.0,0.0,0.0,0.0,0.0,,,0.0,0.0005264790844820955,0.0005264790844820955,0.0,full,complete,generated_current,generated_current,/home/runner/work/money-making/money-making/projects/harv-extension/outputs/pm_native_geometry_warmup600_actions/28733449635/EEM/predictions/full/EEM.csv,42,all,True,True,True,36739,36739
CP_REPO_FRESH,CP_REPO_FRESH,EEM,cluster_exit_loose,ex_post_descriptive,7344,135.33629172513216,135.33629172513216,0.0,0.0,0.0,0.0,0.0,,,0.0,0.0004751339756646462,0.0004751339756646462,0.0,full,complete,generated_current,generated_current,/home/runner/work/money-making/money-making/projects/harv-extension/outputs/pm_native_geometry_warmup600_actions/28733449635/EEM/predictions/full/EEM.csv,42,all,True,True,True,36739,36739
CP_REPO_FRESH,CP_REPO_FRESH,EEM,cluster_exit_strict,ex_post_descriptive,7344,135.33629172513216,135.33629172513216,0.0,0.0,0.0,0.0,0.0,,,0.0,0.0004751339756646462,0.0004751339756646462,0.0,full,complete,generated_current,generated_current,/home/runner/work/money-making/money-making/projects/harv-extension/outputs/pm_native_geometry_warmup600_actions/28733449635/EEM/predictions/full/EEM.csv,42,all,True,True,True,36739,36739
CP_REPO_FRESH,CP_REPO_FRESH,EEM,inflection_points,ex_post_descriptive,13291,114.90603579616321,114.90603579616321,0.0,0.0,0.0,0.0,0.0,,,0.0,0.0004652250228144124,0.0004652250228144124,0.0,full,complete,generated_current,generated_current,/home/runner/work/money-making/money-making/projects/harv-extension/outputs/pm_native_geometry_warmup600_actions/28733449635/EEM/predictions/full/EEM.csv,42,all,True,True,True,36739,36739
CP_REPO_FRESH,CP_REPO_FRESH,EEM,high_within_block_dispersion,ex_post_descriptive,6111,171.17687823108648,171.17687823108648,0.0,0.0,0.0,0.0,0.0,,,0.0,0.00045652226872778254,0.00045652226872778254,0.0,full,complete,generated_current,generated_current,/home/runner/work/money-making/money-making/projects/harv-extension/outputs/pm_native_geometry_warmup600_actions/28733449635/EEM/predictions/full/EEM.csv,42,all,True,True,True,36739,36739
CP_REPO_FRESH,CP_REPO_FRESH,EEM,recent_spike_position,ex_post_descriptive,14599,149.64569814248486,149.64569814248486,0.0,0.0,0.0,0.0,0.0,,,0.0,0.000535185998589182,0.000535185998589182,0.0,full,complete,generated_current,generated_current,/home/runner/work/money-making/money-making/projects/harv-extension/outputs/pm_native_geometry_warmup600_actions/28733449635/EEM/predictions/full/EEM.csv,42,all,True,True,True,36739,36739
CP_REPO_FRESH,CP_REPO_FRESH,EEM,older_spike_position,ex_post_descriptive,10534,130.72503942905135,130.72503942905135,0.0,0.0,0.0,0.0,0.0,,,0.0,0.0004533595106694838,0.0004533595106694838,0.0,full,complete,generated_current,generated_current,/home/runner/work/money-making/money-making/projects/harv-extension/outputs/pm_native_geometry_warmup600_actions/28733449635/EEM/predictions/full/EEM.csv,42,all,True,True,True,36739,36739
CP_REPO_FRESH,CP_REPO_FRESH,EEM,same_average_different_path,ex_post_descriptive,1322,161.6842684936505,161.6842684936505,0.0,0.0,0.0,0.0,0.0,,,0.0,0.0004969607032133858,0.0004969607032133858,0.0,full,complete,generated_current,generated_current,/home/runner/work/money-making/money-making/projects/harv-extension/outputs/pm_native_geometry_warmup600_actions/28733449635/EEM/predictions/full/EEM.csv,42,all,True,True,True,36739,36739
CP_REPO_FRESH,CP_REPO_FRESH,EEM,recent_ramp_high_dispersion,ex_post_descriptive,2278,168.2535070553412,168.2535070553412,0.0,0.0,0.0,0.0,0.0,,,0.0,0.00052262342638868,0.00052262342638868,0.0,full,complete,generated_current,generated_current,/home/runner/work/money-making/money-making/projects/harv-extension/outputs/pm_native_geometry_warmup600_actions/28733449635/EEM/predictions/full/EEM.csv,42,all,True,True,True,36739,36739
CP_REPO_FRESH,CP_REPO_FRESH,EEM,entry_with_recent_spike,ex_post_descriptive,4349,120.90391888487957,120.90391888487957,0.0,0.0,0.0,0.0,0.0,,,0.0,0.0005580958863814704,0.0005580958863814704,0.0,full,complete,generated_current,generated_current,/home/runner/work/money-making/money-making/projects/harv-extension/outputs/pm_native_geometry_warmup600_actions/28733449635/EEM/predictions/full/EEM.csv,42,all,True,True,True,36739,36739
CP_REPO_FRESH,CP_REPO_FRESH,EEM,entry_without_recent_spike,ex_post_descriptive,2997,121.65406912087171,121.65406912087171,0.0,0.0,0.0,0.0,0.0,,,0.0,0.0004805993809584447,0.0004805993809584447,0.0,full,complete,generated_current,generated_current,/home/runner/work/money-making/money-making/projects/harv-extension/outputs/pm_native_geometry_warmup600_actions/28733449635/EEM/predictions/full/EEM.csv,42,all,True,True,True,36739,36739
CP_REPO_FRESH,CP_REPO_FRESH,EEM,same_average_recent_front_loaded,ex_post_descriptive,1564,122.81339746251213,122.81339746251213,0.0,0.0,0.0,0.0,0.0,,,0.0,0.0004076628382515164,0.0004076628382515164,0.0,full,complete,generated_current,generated_current,/home/runner/work/money-making/money-making/projects/harv-extension/outputs/pm_native_geometry_warmup600_actions/28733449635/EEM/predictions/full/EEM.csv,42,all,True,True,True,36739,36739
CP_REPO_FRESH,CP_REPO_FRESH,EEM,same_average_back_loaded,ex_post_descriptive,1631,156.99097445848184,156.99097445848184,0.0,0.0,0.0,0.0,0.0,,,0.0,0.0005436167683519939,0.0005436167683519939,0.0,full,complete,generated_current,generated_current,/home/runner/work/money-making/money-making/projects/harv-extension/outputs/pm_native_geometry_warmup600_actions/28733449635/EEM/predictions/full/EEM.csv,42,all,True,True,True,36739,36739
CP_REPO_FRESH,CP_REPO_FRESH,EEM,stable_low_dispersion,ex_post_descriptive,6111,82.35557066908466,82.35557066908466,0.0,0.0,0.0,0.0,0.0,,,0.0,0.0004076463798202912,0.0004076463798202912,0.0,full,complete,generated_current,generated_current,/home/runner/work/money-making/money-making/projects/harv-extension/outputs/pm_native_geometry_warmup600_actions/28733449635/EEM/predictions/full/EEM.csv,42,all,True,True,True,36739,36739
PM_QDK,CP_REPO_FRESH,EEM,all_observations,not_conditioned,36717,136.21222279361916,135.82379873642057,-0.3884240571986277,0.0,0.3125255331317918,-0.1762956873746373,0.05820956092701105,10.043061497753065,-11.470850026118551,2.842170943040401e-14,0.0004898360733940109,0.0004861186894083514,-3.7173839856593813e-06,full,complete,generated_current,generated_current,/home/runner/work/money-making/money-making/projects/harv-extension/outputs/pm_native_geometry_warmup600_actions/28733449635/EEM/predictions/full/EEM.csv,42,all,True,True,True,36739,36739
PM_QDK,CP_REPO_FRESH,EEM,cluster_entry_loose,ex_post_descriptive,7346,122.59548650294572,121.20996302553688,-1.3855234774088607,0.0,0.3314729104274435,-1.1887113424653872,-0.5577169957378668,12.117552885599123,-14.692446035349633,2.8954216200066867,0.0005036396010181006,0.0005264790844820955,2.283948346399498e-05,full,complete,generated_current,generated_current,/home/runner/work/money-making/money-making/projects/harv-extension/outputs/pm_native_geometry_warmup600_actions/28733449635/EEM/predictions/full/EEM.csv,42,all,True,True,True,36739,36739
PM_QDK,CP_REPO_FRESH,EEM,cluster_entry_strict,ex_post_descriptive,7346,122.59548650294572,121.20996302553688,-1.3855234774088607,0.0,0.3314729104274435,-1.1887113424653872,-0.5577169957378668,12.117552885599123,-14.692446035349633,2.8954216200066867,0.0005036396010181006,0.0005264790844820955,2.283948346399498e-05,full,complete,generated_current,generated_current,/home/runner/work/money-making/money-making/projects/harv-extension/outputs/pm_native_geometry_warmup600_actions/28733449635/EEM/predictions/full/EEM.csv,42,all,True,True,True,36739,36739
PM_QDK,CP_REPO_FRESH,EEM,cluster_exit_loose,ex_post_descriptive,7344,136.18948752672404,135.33629172513216,-0.853195801591885,0.0,0.2934368191721133,-0.5374253856182095,-0.05523593873251469,10.409650871412735,-12.6537335074009,2.842170943040401e-14,0.000498709322195542,0.0004751339756646462,-2.357534653089577e-05,full,complete,generated_current,generated_current,/home/runner/work/money-making/money-making/projects/harv-extension/outputs/pm_native_geometry_warmup600_actions/28733449635/EEM/predictions/full/EEM.csv,42,all,True,True,True,36739,36739
PM_QDK,CP_REPO_FRESH,EEM,cluster_exit_strict,ex_post_descriptive,7344,136.18948752672404,135.33629172513216,-0.853195801591885,0.0,0.2934368191721133,-0.5374253856182095,-0.05523593873251469,10.409650871412735,-12.6537335074009,2.842170943040401e-14,0.000498709322195542,0.0004751339756646462,-2.357534653089577e-05,full,complete,generated_current,generated_current,/home/runner/work/money-making/money-making/projects/harv-extension/outputs/pm_native_geometry_warmup600_actions/28733449635/EEM/predictions/full/EEM.csv,42,all,True,True,True,36739,36739
PM_QDK,CP_REPO_FRESH,EEM,inflection_points,ex_post_descriptive,13291,115.67442302010707,114.90603579616321,-0.7683872239438724,0.0,0.36167331276803855,-0.49672941560090195,-0.03549576598729723,11.06550037511964,-13.206518412130414,3.516102198305255,0.0004716289532268296,0.0004652250228144124,-6.403930412417144e-06,full,complete,generated_current,generated_current,/home/runner/work/money-making/money-making/projects/harv-extension/outputs/pm_native_geometry_warmup600_actions/28733449635/EEM/predictions/full/EEM.csv,42,all,True,True,True,36739,36739
PM_QDK,CP_REPO_FRESH,EEM,high_within_block_dispersion,ex_post_descriptive,6111,172.20870533119103,171.17687823108648,-1.0318271001045096,0.0,0.22254950090001635,-0.8269926416625142,0.03228429537620907,9.956488140746423,-15.565740611885326,0.0,0.0004462877425671392,0.00045652226872778254,1.0234526160643408e-05,full,complete,generated_current,generated_current,/home/runner/work/money-making/money-making/projects/harv-extension/outputs/pm_native_geometry_warmup600_actions/28733449635/EEM/predictions/full/EEM.csv,42,all,True,True,True,36739,36739
PM_QDK,CP_REPO_FRESH,EEM,recent_spike_position,ex_post_descriptive,14599,150.11677688660058,149.64569814248486,-0.4710787441157167,0.0,0.2785807247071717,-0.3217077200839029,-0.0727728734607666,9.539443586220472,-11.20289321817611,2.842170943040401e-14,0.0005251241729296232,0.000535185998589182,1.0061825659558758e-05,full,complete,generated_current,generated_current,/home/runner/work/money-making/money-making/projects/harv-extension/outputs/pm_native_geometry_warmup600_actions/28733449635/EEM/predictions/full/EEM.csv,42,all,True,True,True,36739,36739
PM_QDK,CP_REPO_FRESH,EEM,older_spike_position,ex_post_descriptive,10534,130.9862636418523,130.72503942905135,-0.26122421280095703,0.0,0.3190620846781849,-0.04679124105856863,0.1344493265895551,10.247731151369761,-11.16947755477449,0.20500807386955167,0.00046420513011409076,0.0004533595106694838,-1.0845619444606929e-05,full,complete,generated_current,generated_current,/home/runner/work/money-making/money-making/projects/harv-extension/outputs/pm_native_geometry_warmup600_actions/28733449635/EEM/predictions/full/EEM.csv,42,all,True,True,True,36739,36739
PM_QDK,CP_REPO_FRESH,EEM,same_average_different_path,ex_post_descriptive,1322,162.48436564602,161.6842684936505,-0.8000971523695111,0.0,0.23373676248108927,-0.5567038344229585,-0.19783129758497647,7.8548886916881475,-9.928458806735417,0.0,0.0005146401669277814,0.0004969607032133858,-1.767946371439563e-05,full,complete,generated_current,generated_current,/home/runner/work/money-making/money-making/projects/harv-extension/outputs/pm_native_geometry_warmup600_actions/28733449635/EEM/predictions/full/EEM.csv,42,all,True,True,True,36739,36739
PM_QDK,CP_REPO_FRESH,EEM,recent_ramp_high_dispersion,ex_post_descriptive,2278,170.19344242307758,168.2535070553412,-1.9399353677363986,0.0,0.22563652326602282,-1.7893600731780361,-0.023649025001307764,12.148329289841314,-21.11567133204347,0.0,0.0004509571294839959,0.00052262342638868,7.166629690468419e-05,full,complete,generated_current,generated_current,/home/runner/work/money-making/money-making/projects/harv-extension/outputs/pm_native_geometry_warmup600_actions/28733449635/EEM/predictions/full/EEM.csv,42,all,True,True,True,36739,36739
PM_QDK,CP_REPO_FRESH,EEM,entry_with_recent_spike,ex_post_descriptive,4349,122.45037630888626,120.90391888487957,-1.5464574240066957,0.0,0.31961370429983904,-1.4228771327317236,-0.9381405087133878,13.371664908322531,-15.41544309352828,3.24401387468334,0.0005109510907280231,0.0005580958863814704,4.714479565344746e-05,full,complete,generated_current,generated_current,/home/runner/work/money-making/money-making/projects/harv-extension/outputs/pm_native_geometry_warmup600_actions/28733449635/EEM/predictions/full/EEM.csv,42,all,True,True,True,36739,36739
PM_QDK,CP_REPO_FRESH,EEM,entry_without_recent_spike,ex_post_descriptive,2997,122.80605848625052,121.65406912087171,-1.1519893653788353,0.0,0.34868201534868204,-0.8447698348131544,-0.03633420780362319,10.44940387929718,-13.571425100949877,2.4630807141845317,0.0004930297682692007,0.0004805993809584447,-1.243038731075605e-05,full,complete,generated_current,generated_current,/home/runner/work/money-making/money-making/projects/harv-extension/outputs/pm_native_geometry_warmup600_actions/28733449635/EEM/predictions/full/EEM.csv,42,all,True,True,True,36739,36739
PM_QDK,CP_REPO_FRESH,EEM,same_average_recent_front_loaded,ex_post_descriptive,1564,123.71510652160158,122.81339746251213,-0.9017090590894374,0.0,0.31202046035805625,-0.8813022682055355,-0.8412744903593322,10.342055471284743,-10.870700401351575,2.4527979457343996,0.0004116960523134382,0.0004076628382515164,-4.0332140619218e-06,full,complete,generated_current,generated_current,/home/runner/work/money-making/money-making/projects/harv-extension/outputs/pm_native_geometry_warmup600_actions/28733449635/EEM/predictions/full/EEM.csv,42,all,True,True,True,36739,36739
PM_QDK,CP_REPO_FRESH,EEM,same_average_back_loaded,ex_post_descriptive,1631,157.8571252349141,156.99097445848184,-0.8661507764322559,0.0,0.21949724095646841,-0.5615900623251056,-0.17429574931790293,8.072470025353237,-9.582708653535564,0.0,0.0005613330463206467,0.0005436167683519939,-1.771627796865264e-05,full,complete,generated_current,generated_current,/home/runner/work/money-making/money-making/projects/harv-extension/outputs/pm_native_geometry_warmup600_actions/28733449635/EEM/predictions/full/EEM.csv,42,all,True,True,True,36739,36739
PM_QDK,CP_REPO_FRESH,EEM,stable_low_dispersion,ex_post_descriptive,6111,82.38338349648289,82.35557066908466,-0.027812827398250327,0.0,0.45442644411716576,0.038507626104418234,0.26569497222437305,11.071584116814517,-11.799905832299475,7.603907832544898,0.0004100897919727795,0.0004076463798202912,-2.4434121524882855e-06,full,complete,generated_current,generated_current,/home/runner/work/money-making/money-making/projects/harv-extension/outputs/pm_native_geometry_warmup600_actions/28733449635/EEM/predictions/full/EEM.csv,42,all,True,True,True,36739,36739
PM_QDK_2,CP_REPO_FRESH,EEM,all_observations,not_conditioned,36717,134.79582488394968,135.82379873642057,1.0279738524708748,0.0,0.319443309638587,1.0218884085308588,0.9236630021823468,15.372913508096572,-14.497131034705262,2.842170943040401e-14,0.0005647347711519545,0.0004861186894083514,-7.861608174360306e-05,full,complete,generated_current,generated_current,/home/runner/work/money-making/money-making/projects/harv-extension/outputs/pm_native_geometry_warmup600_actions/28733449635/EEM/predictions/full/EEM.csv,42,all,True,True,True,36739,36739
PM_QDK_2,CP_REPO_FRESH,EEM,cluster_entry_loose,ex_post_descriptive,7346,120.27655924800429,121.20996302553688,0.9334037775325755,0.0,0.36223795262728015,0.8529952162357586,0.991675956463214,16.534770660201858,-16.33343912798718,4.173805118230758,0.0005886739177101471,0.0005264790844820955,-6.219483322805149e-05,full,complete,generated_current,generated_current,/home/runner/work/money-making/money-making/projects/harv-extension/outputs/pm_native_geometry_warmup600_actions/28733449635/EEM/predictions/full/EEM.csv,42,all,True,True,True,36739,36739
PM_QDK_2,CP_REPO_FRESH,EEM,cluster_entry_strict,ex_post_descriptive,7346,120.27655924800429,121.20996302553688,0.9334037775325755,0.0,0.36223795262728015,0.8529952162357586,0.991675956463214,16.534770660201858,-16.33343912798718,4.173805118230758,0.0005886739177101471,0.0005264790844820955,-6.219483322805149e-05,full,complete,generated_current,generated_current,/home/runner/work/money-making/money-making/projects/harv-extension/outputs/pm_native_geometry_warmup600_actions/28733449635/EEM/predictions/full/EEM.csv,42,all,True,True,True,36739,36739
PM_QDK_2,CP_REPO_FRESH,EEM,cluster_exit_loose,ex_post_descriptive,7344,134.81009365914974,135.33629172513216,0.526198065982421,0.0,0.3035130718954248,0.549522439106118,0.591816580853435,15.764260078234326,-15.691990525744817,2.842170943040401e-14,0.0005725760125485712,0.0004751339756646462,-9.744203688392501e-05,full,complete,generated_current,generated_current,/home/runner/work/money-making/money-making/projects/harv-extension/outputs/pm_native_geometry_warmup600_actions/28733449635/EEM/predictions/full/EEM.csv,42,all,True,True,True,36739,36739
PM_QDK_2,CP_REPO_FRESH,EEM,cluster_exit_strict,ex_post_descriptive,7344,134.81009365914974,135.33629172513216,0.526198065982421,0.0,0.3035130718954248,0.549522439106118,0.591816580853435,15.764260078234326,-15.691990525744817,2.842170943040401e-14,0.0005725760125485712,0.0004751339756646462,-9.744203688392501e-05,full,complete,generated_current,generated_current,/home/runner/work/money-making/money-making/projects/harv-extension/outputs/pm_native_geometry_warmup600_actions/28733449635/EEM/predictions/full/EEM.csv,42,all,True,True,True,36739,36739
PM_QDK_2,CP_REPO_FRESH,EEM,inflection_points,ex_post_descriptive,13291,114.0265671336421,114.90603579616321,0.8794686625210777,0.0,0.3762696561583026,0.8470103072536018,1.0241403671783686,15.90117677039202,-15.705664976884197,5.356783441833414,0.0005283813817419809,0.0004652250228144124,-6.315635892756837e-05,full,complete,generated_current,generated_current,/home/runner/work/money-making/money-making/projects/harv-extension/outputs/pm_native_geometry_warmup600_actions/28733449635/EEM/predictions/full/EEM.csv,42,all,True,True,True,36739,36739
PM_QDK_2,CP_REPO_FRESH,EEM,high_within_block_dispersion,ex_post_descriptive,6111,170.039529039354,171.17687823108648,1.1373491917324823,0.0,0.21011291114383898,1.1521420038842514,0.4071696651102508,20.779367618403235,-19.4005576316151,0.0,0.0006100328355887173,0.00045652226872778254,-0.00015351056686093472,full,complete,generated_current,generated_current,/home/runner/work/money-making/money-making/projects/harv-extension/outputs/pm_native_geometry_warmup600_actions/28733449635/EEM/predictions/full/EEM.csv,42,all,True,True,True,36739,36739
PM_QDK_2,CP_REPO_FRESH,EEM,recent_spike_position,ex_post_descriptive,14599,148.42223192530184,149.64569814248486,1.2234662171830257,0.0,0.28590999383519416,1.2123129055159245,0.8817029890509158,15.115582030950582,-13.481685869607375,2.842170943040401e-14,0.0006277016372982468,0.000535185998589182,-9.251563870906477e-05,full,complete,generated_current,generated_current,/home/runner/work/money-making/money-making/projects/harv-extension/outputs/pm_native_geometry_warmup600_actions/28733449635/EEM/predictions/full/EEM.csv,42,all,True,True,True,36739,36739
PM_QDK_2,CP_REPO_FRESH,EEM,older_spike_position,ex_post_descriptive,10534,129.85272487557614,130.72503942905135,0.8723145534751987,0.0,0.32732105562939057,0.8581871167118941,0.8307287575837975,14.803343943584206,-14.120434686629757,0.31557701398276805,0.0005171828984695326,0.0004533595106694838,-6.38233878000488e-05,full,complete,generated_current,generated_current,/home/runner/work/money-making/money-making/projects/harv-extension/outputs/pm_native_geometry_warmup600_actions/28733449635/EEM/predictions/full/EEM.csv,42,all,True,True,True,36739,36739
PM_QDK_2,CP_REPO_FRESH,EEM,same_average_different_path,ex_post_descriptive,1322,160.21079783237641,161.6842684936505,1.4734706612740787,0.0,0.24508320726172467,1.387349619602815,0.922440375875019,17.959012375050307,-15.239337776818768,0.0,0.0005947916765526925,0.0004969607032133858,-9.783097333930674e-05,full,complete,generated_current,generated_current,/home/runner/work/money-making/money-making/projects/harv-extension/outputs/pm_native_geometry_warmup600_actions/28733449635/EEM/predictions/full/EEM.csv,42,all,True,True,True,36739,36739
PM_QDK_2,CP_REPO_FRESH,EEM,recent_ramp_high_dispersion,ex_post_descriptive,2278,167.71468409784578,168.2535070553412,0.5388229574954245,0.0,0.20456540825285338,0.5161106526569574,0.265246251757661,19.478969217589793,-18.47002578405239,0.0,0.0006444189070087063,0.00052262342638868,-0.00012179548062002626,full,complete,generated_current,generated_current,/home/runner/work/money-making/money-making/projects/harv-extension/outputs/pm_native_geometry_warmup600_actions/28733449635/EEM/predictions/full/EEM.csv,42,all,True,True,True,36739,36739
PM_QDK_2,CP_REPO_FRESH,EEM,entry_with_recent_spike,ex_post_descriptive,4349,119.82635360191469,120.90391888487957,1.0775652829649038,0.0,0.3607725914003219,0.9779473452964206,0.9429424859426477,16.72377934163744,-15.801523732708784,4.314278207678157,0.0006091251831452915,0.0005580958863814704,-5.102929676382106e-05,full,complete,generated_current,generated_current,/home/runner/work/money-making/money-making/projects/harv-extension/outputs/pm_native_geometry_warmup600_actions/28733449635/EEM/predictions/full/EEM.csv,42,all,True,True,True,36739,36739
PM_QDK_2,CP_REPO_FRESH,EEM,entry_without_recent_spike,ex_post_descriptive,2997,120.92986066770521,121.65406912087171,0.7242084531664775,0.0,0.36436436436436437,0.6726269721835135,1.0585916064973382,16.263200494293038,-17.13072769849238,3.888905134244883,0.0005589967227226784,0.0004805993809584447,-7.839734176423374e-05,full,complete,generated_current,generated_current,/home/runner/work/money-making/money-making/projects/harv-extension/outputs/pm_native_geometry_warmup600_actions/28733449635/EEM/predictions/full/EEM.csv,42,all,True,True,True,36739,36739
PM_QDK_2,CP_REPO_FRESH,EEM,same_average_recent_front_loaded,ex_post_descriptive,1564,121.1580758430264,122.81339746251213,1.6553216194857445,0.0,0.3618925831202046,1.6060057161153871,1.6086149118357451,17.4442936943309,-15.870473242081886,4.551280130770339,0.00045845181859680695,0.0004076628382515164,-5.078898034529059e-05,full,complete,generated_current,generated_current,/home/runner/work/money-making/money-making/projects/harv-extension/outputs/pm_native_geometry_warmup600_actions/28733449635/EEM/predictions/full/EEM.csv,42,all,True,True,True,36739,36739
PM_QDK_2,CP_REPO_FRESH,EEM,same_average_back_loaded,ex_post_descriptive,1631,156.50843168845876,156.99097445848184,0.48254277002306756,0.0,0.24647455548743102,0.4964736150834921,0.4773974224463688,15.036658465091694,-15.328598965187284,0.0,0.00061842832118225,0.0005436167683519939,-7.481155283025605e-05,full,complete,generated_current,generated_current,/home/runner/work/money-making/money-making/projects/harv-extension/outputs/pm_native_geometry_warmup600_actions/28733449635/EEM/predictions/full/EEM.csv,42,all,True,True,True,36739,36739
PM_QDK_2,CP_REPO_FRESH,EEM,stable_low_dispersion,ex_post_descriptive,6111,82.1701598170682,82.35557066908466,0.18541085201644508,0.0,0.45508100147275404,0.23406197156459388,0.2328781100506345,11.90009364754855,-12.255028649217799,8.203562537719407,0.0004235605067954798,0.0004076463798202912,-1.5914126975188563e-05,full,complete,generated_current,generated_current,/home/runner/work/money-making/money-making/projects/harv-extension/outputs/pm_native_geometry_warmup600_actions/28733449635/EEM/predictions/full/EEM.csv,42,all,True,True,True,36739,36739
PHQO,CP_REPO_FRESH,EEM,all_observations,not_conditioned,34678,132.5798972173538,132.5922772718027,0.0026595626068356966,0.0,0.3377069035123133,0.002642753329633203,0.0006521956419640526,0.023265363126211757,-0.018071551363971504,2.5920629941111883e-05,0.00047724867140959616,0.000477181028094881,-6.764331471516952e-08,full,complete,generated_current,generated_current,/home/runner/work/money-making/money-making/projects/harv-extension/outputs/pm_native_geometry_warmup600_actions/28733449635/EEM/predictions/full/EEM.csv,42,all,False,False,True,34700,34700
PHQO,CP_REPO_FRESH,EEM,cluster_entry_loose,ex_post_descriptive,6936,117.34221800521873,117.35734017487277,0.0032054198594980853,0.0,0.39749134948096887,0.003172640286485258,0.0015059715307632966,0.025732542625490816,-0.022637097255045986,0.0028958144383182116,0.0005273052412584663,0.0005271852785319514,-1.1996272651489546e-07,full,complete,generated_current,generated_current,/home/runner/work/money-making/money-making/projects/harv-extension/outputs/pm_native_geometry_warmup600_actions/28733449635/EEM/predictions/full/EEM.csv,42,all,False,False,True,34700,34700
PHQO,CP_REPO_FRESH,EEM,cluster_entry_strict,ex_post_descriptive,6936,117.34221800521873,117.35734017487277,0.0032054198594980853,0.0,0.39749134948096887,0.003172640286485258,0.0015059715307632966,0.025732542625490816,-0.022637097255045986,0.0028958144383182116,0.0005273052412584663,0.0005271852785319514,-1.1996272651489546e-07,full,complete,generated_current,generated_current,/home/runner/work/money-making/money-making/projects/harv-extension/outputs/pm_native_geometry_warmup600_actions/28733449635/EEM/predictions/full/EEM.csv,42,all,False,False,True,34700,34700
PHQO,CP_REPO_FRESH,EEM,cluster_exit_loose,ex_post_descriptive,6936,133.979869459304,133.98331492303114,0.003445463727126482,0.0,0.3277104959630911,0.003478810949265246,0.0007747418541939908,0.029351148487775557,-0.022417499529510235,2.842170943040401e-14,0.0004832198299503024,0.00048308316467143337,-1.366652788690308e-07,full,complete,generated_current,generated_current,/home/runner/work/money-making/money-making/projects/harv-extension/outputs/pm_native_geometry_warmup600_actions/28733449635/EEM/predictions/full/EEM.csv,42,all,False,False,True,34700,34700
PHQO,CP_REPO_FRESH,EEM,cluster_exit_strict,ex_post_descriptive,6936,133.979869459304,133.98331492303114,0.003445463727126482,0.0,0.3277104959630911,0.003478810949265246,0.0007747418541939908,0.029351148487775557,-0.022417499529510235,2.842170943040401e-14,0.0004832198299503024,0.00048308316467143337,-1.366652788690308e-07,full,complete,generated_current,generated_current,/home/runner/work/money-making/money-making/projects/harv-extension/outputs/pm_native_geometry_warmup600_actions/28733449635/EEM/predictions/full/EEM.csv,42,all,False,False,True,34700,34700
PHQO,CP_REPO_FRESH,EEM,inflection_points,ex_post_descriptive,12721,113.32034138413783,113.33653737129862,0.002568585222150951,0.0,0.3949375049131358,0.002631102756878563,0.0010051206698100507,0.023298805765078773,-0.02000553928952532,0.003102956250209843,0.00046896316123474737,0.0004689082307485593,-5.4930486188104655e-08,full,complete,generated_current,generated_current,/home/runner/work/money-making/money-making/projects/harv-extension/outputs/pm_native_geometry_warmup600_actions/28733449635/EEM/predictions/full/EEM.csv,42,all,False,False,True,34700,34700
PHQO,CP_REPO_FRESH,EEM,high_within_block_dispersion,ex_post_descriptive,5932,170.99269529537204,171.00807978644062,0.005606440406330176,0.0,0.23432231962238706,0.005728565213744292,0.00043260449864838415,0.05440497320034887,-0.04032038167359371,0.0,0.00046513171238067857,0.00046484486790992737,-2.8684447075109054e-07,full,complete,generated_current,generated_current,/home/runner/work/money-making/money-making/projects/harv-extension/outputs/pm_native_geometry_warmup600_actions/28733449635/EEM/predictions/full/EEM.csv,42,all,False,False,True,34700,34700
PHQO,CP_REPO_FRESH,EEM,recent_spike_position,ex_post_descriptive,13427,143.633047761983,143.64424770485869,0.002804300075685032,0.0,0.31354733000670293,0.0027383352340382794,0.0006048607508247925,0.02392194157476648,-0.018279317540201543,2.842170943040401e-14,0.0005096922861865739,0.000509597867733734,-9.441845283984678e-08,full,complete,generated_current,generated_current,/home/runner/work/money-making/money-making/projects/harv-extension/outputs/pm_native_geometry_warmup600_actions/28733449635/EEM/predictions/full/EEM.csv,42,all,False,False,True,34700,34700
PHQO,CP_REPO_FRESH,EEM,older_spike_position,ex_post_descriptive,10097,130.2335384617638,130.24258386401485,0.0021359909856072975,0.0,0.33217787461622267,0.002324397550243524,0.0004326393064650162,0.020685428805147482,-0.015645930373616942,0.00020263275967380423,0.0004577394429406797,0.0004577408948401555,1.451899475903024e-09,full,complete,generated_current,generated_current,/home/runner/work/money-making/money-making/projects/harv-extension/outputs/pm_native_geometry_warmup600_actions/28733449635/EEM/predictions/full/EEM.csv,42,all,False,False,True,34700,34700
PHQO,CP_REPO_FRESH,EEM,same_average_different_path,ex_post_descriptive,1330,157.6653546981002,157.66769480246222,0.002340104362020058,0.0,0.2736842105263158,0.0021883744955320944,0.0007345986112214313,0.02664811850816616,-0.022794381783687905,0.0,0.0005124054929450869,0.0005122596937719872,-1.457991730998497e-07,full,complete,generated_current,generated_current,/home/runner/work/money-making/money-making/projects/harv-extension/outputs/pm_native_geometry_warmup600_actions/28733449635/EEM/predictions/full/EEM.csv,42,all,False,False,True,34700,34700
PHQO,CP_REPO_FRESH,EEM,recent_ramp_high_dispersion,ex_post_descriptive,1878,168.45908479307707,168.48040905948946,0.004531729949667584,0.0,0.22417465388711394,0.0042571723110880234,0.0003361221536328882,0.05383107234247072,-0.039878378424377796,0.0,0.0005555125137890274,0.0005551996810975679,-3.1283269145938e-07,full,complete,generated_current,generated_current,/home/runner/work/money-making/money-making/projects/harv-extension/outputs/pm_native_geometry_warmup600_actions/28733449635/EEM/predictions/full/EEM.csv,42,all,False,False,True,34700,34700
PHQO,CP_REPO_FRESH,EEM,entry_with_recent_spike,ex_post_descriptive,4129,116.92006851091335,116.92293172362966,0.002863212716301611,0.0,0.3930733833858077,0.0030556943288528493,0.0013452087693415964,0.024056416980231646,-0.020891296587341995,0.002662588392368548,0.0005553624260752253,0.0005552243290971224,-1.3809697810303962e-07,full,complete,generated_current,generated_current,/home/runner/work/money-making/money-making/projects/harv-extension/outputs/pm_native_geometry_warmup600_actions/28733449635/EEM/predictions/full/EEM.csv,42,all,False,False,True,34700,34700
PHQO,CP_REPO_FRESH,EEM,entry_without_recent_spike,ex_post_descriptive,2807,117.96340662317559,117.99633999503051,0.003708974134002092,0.0,0.40399002493765584,0.0036612068769682252,0.0017437997753163641,0.028131442027832642,-0.025316459174973313,0.003324008271201606,0.00048603409195016654,0.0004859408040810822,-9.32878690843834e-08,full,complete,generated_current,generated_current,/home/runner/work/money-making/money-making/projects/harv-extension/outputs/pm_native_geometry_warmup600_actions/28733449635/EEM/predictions/full/EEM.csv,42,all,False,False,True,34700,34700
PHQO,CP_REPO_FRESH,EEM,same_average_recent_front_loaded,ex_post_descriptive,1473,118.84901534854744,118.8521942366827,0.0031788881352558464,0.0,0.38764426340801084,0.003187411239960258,0.0016492803673929266,0.02213745728338675,-0.017645201520137408,0.0019922635796376653,0.00041520706625753376,0.0004151264419267504,-8.06243307832986e-08,full,complete,generated_current,generated_current,/home/runner/work/money-making/money-making/projects/harv-extension/outputs/pm_native_geometry_warmup600_actions/28733449635/EEM/predictions/full/EEM.csv,42,all,False,False,True,34700,34700
PHQO,CP_REPO_FRESH,EEM,same_average_back_loaded,ex_post_descriptive,1543,156.2983447865236,156.29961269992495,0.0012679134013706286,0.0,0.25858716785482827,0.0011516717328035491,0.00018720460780045307,0.021721137009647666,-0.018384502160368597,0.0,0.0005513650765629529,0.0005512605173637398,-1.0455919921328285e-07,full,complete,generated_current,generated_current,/home/runner/work/money-making/money-making/projects/harv-extension/outputs/pm_native_geometry_warmup600_actions/28733449635/EEM/predictions/full/EEM.csv,42,all,False,False,True,34700,34700
PHQO,CP_REPO_FRESH,EEM,stable_low_dispersion,ex_post_descriptive,5932,82.47896195270721,82.47895705893876,-4.893768452979331e-06,0.0,0.4342548887390425,0.00014124070104106179,6.595773376220031e-05,0.007720343583706022,-0.007512876237680039,0.003643861470280285,0.0004060686171519619,0.00040605939609514525,-9.221056816727531e-09,full,complete,generated_current,generated_current,/home/runner/work/money-making/money-making/projects/harv-extension/outputs/pm_native_geometry_warmup600_actions/28733449635/EEM/predictions/full/EEM.csv,42,all,False,False,True,34700,34700
CP_REPO_FRESH,CP_REPO_FRESH,FXI,all_observations,not_conditioned,36795,97.05633354769726,97.05633354769726,0.0,0.0,0.0,0.0,0.0,,,0.0,0.0007184550899608629,0.0007184550899608629,0.0,full,complete,generated_current,generated_current,/home/runner/work/money-making/money-making/projects/harv-extension/outputs/pm_native_geometry_warmup600_actions/28733449635/FXI/predictions/full/FXI.csv,42,all,True,True,True,36817,36817
CP_REPO_FRESH,CP_REPO_FRESH,FXI,cluster_entry_loose,ex_post_descriptive,7359,93.50975803032618,93.50975803032618,0.0,0.0,0.0,0.0,0.0,,,0.0,0.0008823503722271983,0.0008823503722271983,0.0,full,complete,generated_current,generated_current,/home/runner/work/money-making/money-making/projects/harv-extension/outputs/pm_native_geometry_warmup600_actions/28733449635/FXI/predictions/full/FXI.csv,42,all,True,True,True,36817,36817
CP_REPO_FRESH,CP_REPO_FRESH,FXI,cluster_entry_strict,ex_post_descriptive,7324,93.48088773976275,93.48088773976275,0.0,0.0,0.0,0.0,0.0,,,0.0,0.0008845619852006931,0.0008845619852006931,0.0,full,complete,generated_current,generated_current,/home/runner/work/money-making/money-making/projects/harv-extension/outputs/pm_native_geometry_warmup600_actions/28733449635/FXI/predictions/full/FXI.csv,42,all,True,True,True,36817,36817
CP_REPO_FRESH,CP_REPO_FRESH,FXI,cluster_exit_loose,ex_post_descriptive,7359,91.71184209064276,91.71184209064276,0.0,0.0,0.0,0.0,0.0,,,0.0,0.0007217941717985047,0.0007217941717985047,0.0,full,complete,generated_current,generated_current,/home/runner/work/money-making/money-making/projects/harv-extension/outputs/pm_native_geometry_warmup600_actions/28733449635/FXI/predictions/full/FXI.csv,42,all,True,True,True,36817,36817
CP_REPO_FRESH,CP_REPO_FRESH,FXI,cluster_exit_strict,ex_post_descriptive,7341,91.64901501370849,91.64901501370849,0.0,0.0,0.0,0.0,0.0,,,0.0,0.0007217804509389331,0.0007217804509389331,0.0,full,complete,generated_current,generated_current,/home/runner/work/money-making/money-making/projects/harv-extension/outputs/pm_native_geometry_warmup600_actions/28733449635/FXI/predictions/full/FXI.csv,42,all,True,True,True,36817,36817
CP_REPO_FRESH,CP_REPO_FRESH,FXI,inflection_points,ex_post_descriptive,14935,93.83030574053133,93.83030574053133,0.0,0.0,0.0,0.0,0.0,,,0.0,0.0007837929556991121,0.0007837929556991121,0.0,full,complete,generated_current,generated_current,/home/runner/work/money-making/money-making/projects/harv-extension/outputs/pm_native_geometry_warmup600_actions/28733449635/FXI/predictions/full/FXI.csv,42,all,True,True,True,36817,36817
CP_REPO_FRESH,CP_REPO_FRESH,FXI,high_within_block_dispersion,ex_post_descriptive,7353,115.49528006550295,115.49528006550295,0.0,0.0,0.0,0.0,0.0,,,0.0,0.0006210242854288076,0.0006210242854288076,0.0,full,complete,generated_current,generated_current,/home/runner/work/money-making/money-making/projects/harv-extension/outputs/pm_native_geometry_warmup600_actions/28733449635/FXI/predictions/full/FXI.csv,42,all,True,True,True,36817,36817
CP_REPO_FRESH,CP_REPO_FRESH,FXI,recent_spike_position,ex_post_descriptive,11422,98.35285126716838,98.35285126716838,0.0,0.0,0.0,0.0,0.0,,,0.0,0.0007724789889990828,0.0007724789889990828,0.0,full,complete,generated_current,generated_current,/home/runner/work/money-making/money-making/projects/harv-extension/outputs/pm_native_geometry_warmup600_actions/28733449635/FXI/predictions/full/FXI.csv,42,all,True,True,True,36817,36817
CP_REPO_FRESH,CP_REPO_FRESH,FXI,older_spike_position,ex_post_descriptive,11382,97.06624205806366,97.06624205806366,0.0,0.0,0.0,0.0,0.0,,,0.0,0.0006911728479728332,0.0006911728479728332,0.0,full,complete,generated_current,generated_current,/home/runner/work/money-making/money-making/projects/harv-extension/outputs/pm_native_geometry_warmup600_actions/28733449635/FXI/predictions/full/FXI.csv,42,all,True,True,True,36817,36817
CP_REPO_FRESH,CP_REPO_FRESH,FXI,same_average_different_path,ex_post_descriptive,313,98.74206073361565,98.74206073361565,0.0,0.0,0.0,0.0,0.0,,,0.0,0.0005816945388231798,0.0005816945388231798,0.0,full,complete,generated_current,generated_current,/home/runner/work/money-making/money-making/projects/harv-extension/outputs/pm_native_geometry_warmup600_actions/28733449635/FXI/predictions/full/FXI.csv,42,all,True,True,True,36817,36817
CP_REPO_FRESH,CP_REPO_FRESH,FXI,recent_ramp_high_dispersion,ex_post_descriptive,2603,114.01668301918997,114.01668301918997,0.0,0.0,0.0,0.0,0.0,,,0.0,0.0009334718250625821,0.0009334718250625821,0.0,full,complete,generated_current,generated_current,/home/runner/work/money-making/money-making/projects/harv-extension/outputs/pm_native_geometry_warmup600_actions/28733449635/FXI/predictions/full/FXI.csv,42,all,True,True,True,36817,36817
CP_REPO_FRESH,CP_REPO_FRESH,FXI,entry_with_recent_spike,ex_post_descriptive,4484,96.64062863447536,96.64062863447536,0.0,0.0,0.0,0.0,0.0,,,0.0,0.000971133626061934,0.000971133626061934,0.0,full,complete,generated_current,generated_current,/home/runner/work/money-making/money-making/projects/harv-extension/outputs/pm_native_geometry_warmup600_actions/28733449635/FXI/predictions/full/FXI.csv,42,all,True,True,True,36817,36817
CP_REPO_FRESH,CP_REPO_FRESH,FXI,entry_without_recent_spike,ex_post_descriptive,2875,88.62668888632449,88.62668888632449,0.0,0.0,0.0,0.0,0.0,,,0.0,0.0007438793773767794,0.0007438793773767794,0.0,full,complete,generated_current,generated_current,/home/runner/work/money-making/money-making/projects/harv-extension/outputs/pm_native_geometry_warmup600_actions/28733449635/FXI/predictions/full/FXI.csv,42,all,True,True,True,36817,36817
CP_REPO_FRESH,CP_REPO_FRESH,FXI,same_average_recent_front_loaded,ex_post_descriptive,1333,87.87374729685132,87.87374729685132,0.0,0.0,0.0,0.0,0.0,,,0.0,0.0006770464667437486,0.0006770464667437486,0.0,full,complete,generated_current,generated_current,/home/runner/work/money-making/money-making/projects/harv-extension/outputs/pm_native_geometry_warmup600_actions/28733449635/FXI/predictions/full/FXI.csv,42,all,True,True,True,36817,36817
CP_REPO_FRESH,CP_REPO_FRESH,FXI,same_average_back_loaded,ex_post_descriptive,1236,98.8287179550125,98.8287179550125,0.0,0.0,0.0,0.0,0.0,,,0.0,0.0007388647570658257,0.0007388647570658257,0.0,full,complete,generated_current,generated_current,/home/runner/work/money-making/money-making/projects/harv-extension/outputs/pm_native_geometry_warmup600_actions/28733449635/FXI/predictions/full/FXI.csv,42,all,True,True,True,36817,36817
CP_REPO_FRESH,CP_REPO_FRESH,FXI,stable_low_dispersion,ex_post_descriptive,7353,85.92748425004454,85.92748425004454,0.0,0.0,0.0,0.0,0.0,,,0.0,0.0008558492850515457,0.0008558492850515457,0.0,full,complete,generated_current,generated_current,/home/runner/work/money-making/money-making/projects/harv-extension/outputs/pm_native_geometry_warmup600_actions/28733449635/FXI/predictions/full/FXI.csv,42,all,True,True,True,36817,36817
PM_QDK,CP_REPO_FRESH,FXI,all_observations,not_conditioned,36795,98.28850281520324,97.05633354769726,-1.2321692675059759,0.0,0.3773338768854464,-1.2992935697586008,-1.1095908230949647,13.506194320362193,-14.366835522074966,5.994110501800259,0.0007458368509147214,0.0007184550899608629,-2.7381760953858347e-05,full,complete,generated_current,generated_current,/home/runner/work/money-making/money-making/projects/harv-extension/outputs/pm_native_geometry_warmup600_actions/28733449635/FXI/predictions/full/FXI.csv,42,all,True,True,True,36817,36817
PM_QDK,CP_REPO_FRESH,FXI,cluster_entry_loose,ex_post_descriptive,7359,92.7214502158611,93.50975803032618,0.7883078144651047,0.0,0.42016578339448296,0.929834873241306,-0.09018998986170416,17.496283485081612,-15.03653528307087,7.519874714318192,0.0008480608763780439,0.0008823503722271983,3.428949584915451e-05,full,complete,generated_current,generated_current,/home/runner/work/money-making/money-making/projects/harv-extension/outputs/pm_native_geometry_warmup600_actions/28733449635/FXI/predictions/full/FXI.csv,42,all,True,True,True,36817,36817
PM_QDK,CP_REPO_FRESH,FXI,cluster_entry_strict,ex_post_descriptive,7324,92.68636979697301,93.48088773976275,0.7945179427897545,0.0,0.420398689240852,0.9371103891919499,-0.08686443220262116,17.498973019261896,-15.03293353560063,7.525462168105388,0.0008498858883114355,0.0008845619852006931,3.467609688925751e-05,full,complete,generated_current,generated_current,/home/runner/work/money-making/money-making/projects/harv-extension/outputs/pm_native_geometry_warmup600_actions/28733449635/FXI/predictions/full/FXI.csv,42,all,True,True,True,36817,36817
PM_QDK,CP_REPO_FRESH,FXI,cluster_exit_loose,ex_post_descriptive,7359,95.11407553983766,91.71184209064276,-3.4022334491949042,0.0,0.35561896996874576,-3.34192061070906,-2.613693395377484,13.931919334042092,-17.480633555944703,7.5074772625408706,0.0008009967634108287,0.0007217941717985047,-7.920259161232397e-05,full,complete,generated_current,generated_current,/home/runner/work/money-making/money-making/projects/harv-extension/outputs/pm_native_geometry_warmup600_actions/28733449635/FXI/predictions/full/FXI.csv,42,all,True,True,True,36817,36817
PM_QDK,CP_REPO_FRESH,FXI,cluster_exit_strict,ex_post_descriptive,7341,95.04694947995159,91.64901501370849,-3.3979344662430804,0.0,0.3562184988421196,-3.3318049036666704,-2.5994458668830682,13.89684652874171,-17.459968828874654,7.511156295372487,0.0008008412909008708,0.0007217804509389331,-7.906083996193755e-05,full,complete,generated_current,generated_current,/home/runner/work/money-making/money-making/projects/harv-extension/outputs/pm_native_geometry_warmup600_actions/28733449635/FXI/predictions/full/FXI.csv,42,all,True,True,True,36817,36817
PM_QDK,CP_REPO_FRESH,FXI,inflection_points,ex_post_descriptive,14935,94.80616475418459,93.83030574053133,-0.9758590136532526,0.0,0.3915634415801808,-1.033633418456771,-1.099356709927167,14.410836892597166,-14.799974325021644,6.658539752595615,0.0008066977596989173,0.0007837929556991121,-2.2904803999805046e-05,full,complete,generated_current,generated_current,/home/runner/work/money-making/money-making/projects/harv-extension/outputs/pm_native_geometry_warmup600_actions/28733449635/FXI/predictions/full/FXI.csv,42,all,True,True,True,36817,36817
PM_QDK,CP_REPO_FRESH,FXI,high_within_block_dispersion,ex_post_descriptive,7353,117.61140798343358,115.49528006550295,-2.1161279179306254,0.0,0.30246158030735754,-2.0621370973758437,-2.674192495771254,22.44403741953745,-22.10514105388088,5.660747098070729,0.0006515691217046427,0.0006210242854288076,-3.054483627583504e-05,full,complete,generated_current,generated_current,/home/runner/work/money-making/money-making/projects/harv-extension/outputs/pm_native_geometry_warmup600_actions/28733449635/FXI/predictions/full/FXI.csv,42,all,True,True,True,36817,36817
PM_QDK,CP_REPO_FRESH,FXI,recent_spike_position,ex_post_descriptive,11422,97.9067474464974,98.35285126716838,0.44610382067096616,0.0,0.4066713360182105,0.4208669072257179,-0.106485219759289,15.198683308045082,-13.737937526460914,6.1504760143560855,0.0007549394405060646,0.0007724789889990828,1.7539548493018195e-05,full,complete,generated_current,generated_current,/home/runner/work/money-making/money-making/projects/harv-extension/outputs/pm_native_geometry_warmup600_actions/28733449635/FXI/predictions/full/FXI.csv,42,all,True,True,True,36817,36817
PM_QDK,CP_REPO_FRESH,FXI,older_spike_position,ex_post_descriptive,11382,99.19821577001532,97.06624205806366,-2.1319737119516415,0.0,0.3596907397645405,-2.159992391969756,-1.6568276352283346,12.312440300011842,-14.468757097012608,5.753924729913688,0.0007412729054618835,0.0006911728479728332,-5.0100057489050295e-05,full,complete,generated_current,generated_current,/home/runner/work/money-making/money-making/projects/harv-extension/outputs/pm_native_geometry_warmup600_actions/28733449635/FXI/predictions/full/FXI.csv,42,all,True,True,True,36817,36817
PM_QDK,CP_REPO_FRESH,FXI,same_average_different_path,ex_post_descriptive,313,102.31107582139691,98.74206073361565,-3.5690150877812767,-2.842170943040401e-14,0.3035143769968051,-3.6140334977224717,-3.2360716478070506,9.435656314430124,-12.42894489102717,4.873718831377126,0.0006446146016863589,0.0005816945388231798,-6.292006286317924e-05,full,complete,generated_current,generated_current,/home/runner/work/money-making/money-making/projects/harv-extension/outputs/pm_native_geometry_warmup600_actions/28733449635/FXI/predictions/full/FXI.csv,42,all,True,True,True,36817,36817
PM_QDK,CP_REPO_FRESH,FXI,recent_ramp_high_dispersion,ex_post_descriptive,2603,110.01069197699343,114.01668301918997,4.005991042196555,0.0,0.3980023050326546,4.150398720960782,2.1933821755140284,28.975257046798994,-20.513896981828402,8.516600343911874,0.0007938269628098627,0.0009334718250625821,0.00013964486225271944,full,complete,generated_current,generated_current,/home/runner/work/money-making/money-making/projects/harv-extension/outputs/pm_native_geometry_warmup600_actions/28733449635/FXI/predictions/full/FXI.csv,42,all,True,True,True,36817,36817
PM_QDK,CP_REPO_FRESH,FXI,entry_with_recent_spike,ex_post_descriptive,4484,94.03908096983113,96.64062863447536,2.601547664644234,0.0,0.4433541480820696,2.765228633516065,1.075758002538126,19.27896438864924,-14.295571837195679,7.756667984318119,0.0008872481924652331,0.000971133626061934,8.388543359670084e-05,full,complete,generated_current,generated_current,/home/runner/work/money-making/money-making/projects/harv-extension/outputs/pm_native_geometry_warmup600_actions/28733449635/FXI/predictions/full/FXI.csv,42,all,True,True,True,36817,36817
PM_QDK,CP_REPO_FRESH,FXI,entry_without_recent_spike,ex_post_descriptive,2875,90.666404546017,88.62668888632449,-2.039715659692536,0.0,0.384,-1.9396675812804214,-1.8053763272567442,14.28616606090367,-16.062442355496433,7.184106676485914,0.0007869422936528415,0.0007438793773767794,-4.3062916276062086e-05,full,complete,generated_current,generated_current,/home/runner/work/money-making/money-making/projects/harv-extension/outputs/pm_native_geometry_warmup600_actions/28733449635/FXI/predictions/full/FXI.csv,42,all,True,True,True,36817,36817
PM_QDK,CP_REPO_FRESH,FXI,same_average_recent_front_loaded,ex_post_descriptive,1333,88.92982521280324,87.87374729685132,-1.0560779159519127,0.0,0.40585146286571644,-1.0864489945010667,-0.8908453500388958,9.322538396128646,-10.321992214831194,5.781372873729154,0.0006883653828225785,0.0006770464667437486,-1.1318916078829932e-05,full,complete,generated_current,generated_current,/home/runner/work/money-making/money-making/projects/harv-extension/outputs/pm_native_geometry_warmup600_actions/28733449635/FXI/predictions/full/FXI.csv,42,all,True,True,True,36817,36817
PM_QDK,CP_REPO_FRESH,FXI,same_average_back_loaded,ex_post_descriptive,1236,101.00777512640873,98.8287179550125,-2.1790571713962423,0.0,0.36003236245954695,-2.1870600205701467,-1.8844219712639274,10.933934115033116,-13.168842064521764,5.3262610094350356,0.0007851203859697767,0.0007388647570658257,-4.625562890395097e-05,full,complete,generated_current,generated_current,/home/runner/work/money-making/money-making/projects/harv-extension/outputs/pm_native_geometry_warmup600_actions/28733449635/FXI/predictions/full/FXI.csv,42,all,True,True,True,36817,36817
PM_QDK,CP_REPO_FRESH,FXI,stable_low_dispersion,ex_post_descriptive,7353,86.4626558452992,85.92748425004454,-0.5351715952546408,0.0,0.4190126478988168,-0.5872276636426781,-0.5245445042699893,11.577199877703503,-11.364266732600248,6.511789390085156,0.00086940500647815,0.0008558492850515457,-1.3555721426604223e-05,full,complete,generated_current,generated_current,/home/runner/work/money-making/money-making/projects/harv-extension/outputs/pm_native_geometry_warmup600_actions/28733449635/FXI/predictions/full/FXI.csv,42,all,True,True,True,36817,36817
PM_QDK_2,CP_REPO_FRESH,FXI,all_observations,not_conditioned,36795,93.33951545821755,97.05633354769726,3.716818089479733,0.0,0.4521266476423427,3.576754457332497,3.446800505559069,29.449230497152485,-26.85605147895224,19.007950712638873,0.0006518223675365496,0.0007184550899608629,6.663272242431336e-05,full,complete,generated_current,generated_current,/home/runner/work/money-making/money-making/projects/harv-extension/outputs/pm_native_geometry_warmup600_actions/28733449635/FXI/predictions/full/FXI.csv,42,all,True,True,True,36817,36817
PM_QDK_2,CP_REPO_FRESH,FXI,cluster_entry_loose,ex_post_descriptive,7359,92.19384902034115,93.50975803032618,1.3159090099850494,0.0,0.426688408751189,1.3390168210398055,0.165881528492287,35.50709524943051,-32.38183991053811,26.06069171113531,0.0008226682716826824,0.0008823503722271983,5.968210054451609e-05,full,complete,generated_current,generated_current,/home/runner/work/money-making/money-making/projects/harv-extension/outputs/pm_native_geometry_warmup600_actions/28733449635/FXI/predictions/full/FXI.csv,42,all,True,True,True,36817,36817
PM_QDK_2,CP_REPO_FRESH,FXI,cluster_entry_strict,ex_post_descriptive,7324,92.2271265595685,93.48088773976275,1.253761180194258,0.0,0.4261332605133807,1.2766220678410714,0.09015881125103137,35.48782036614888,-32.38996826498977,26.067576230143196,0.0008251479952119137,0.0008845619852006931,5.94139899887794e-05,full,complete,generated_current,generated_current,/home/runner/work/money-making/money-making/projects/harv-extension/outputs/pm_native_geometry_warmup600_actions/28733449635/FXI/predictions/full/FXI.csv,42,all,True,True,True,36817,36817
PM_QDK_2,CP_REPO_FRESH,FXI,cluster_exit_loose,ex_post_descriptive,7359,89.38130245118367,91.71184209064276,2.3305396394590803,0.0,0.44815871721701317,2.2725875209351183,2.3269153754262426,25.69950636869403,-24.145189570419127,16.935694414098663,0.0006889513858412246,0.0007217941717985047,3.2842785957280203e-05,full,complete,generated_current,generated_current,/home/runner/work/money-making/money-making/projects/harv-extension/outputs/pm_native_geometry_warmup600_actions/28733449635/FXI/predictions/full/FXI.csv,42,all,True,True,True,36817,36817
PM_QDK_2,CP_REPO_FRESH,FXI,cluster_exit_strict,ex_post_descriptive,7341,89.32392340423651,91.64901501370849,2.3250916094719916,0.0,0.4484402669935976,2.266621850776927,2.3208252538835903,25.69320208189001,-24.146467721190284,16.971794623971974,0.0006889689870260894,0.0007217804509389331,3.2811463912843865e-05,full,complete,generated_current,generated_current,/home/runner/work/money-making/money-making/projects/harv-extension/outputs/pm_native_geometry_warmup600_actions/28733449635/FXI/predictions/full/FXI.csv,42,all,True,True,True,36817,36817
PM_QDK_2,CP_REPO_FRESH,FXI,inflection_points,ex_post_descriptive,14935,91.20499410826199,93.83030574053133,2.6253116322693595,0.0,0.4488115165718112,2.4998217852914637,2.0940137636383924,29.36021433142732,-27.416925441129862,20.273611484372722,0.0007334282418374031,0.0007837929556991121,5.0364713861709065e-05,full,complete,generated_current,generated_current,/home/runner/work/money-making/money-making/projects/harv-extension/outputs/pm_native_geometry_warmup600_actions/28733449635/FXI/predictions/full/FXI.csv,42,all,True,True,True,36817,36817
PM_QDK_2,CP_REPO_FRESH,FXI,high_within_block_dispersion,ex_post_descriptive,7353,109.80433057200403,115.49528006550295,5.69094949349893,0.0,0.40323677410580716,5.697317741087088,4.394770658181533,31.744630115388453,-24.44005454251012,8.836964113562388,0.0005052348384777444,0.0006210242854288076,0.00011578944695106318,full,complete,generated_current,generated_current,/home/runner/work/money-making/money-making/projects/harv-extension/outputs/pm_native_geometry_warmup600_actions/28733449635/FXI/predictions/full/FXI.csv,42,all,True,True,True,36817,36817
PM_QDK_2,CP_REPO_FRESH,FXI,recent_spike_position,ex_post_descriptive,11422,94.5518921373094,98.35285126716838,3.800959129858995,0.0,0.44519348625459637,3.7499603939744133,3.205657219499994,34.09728169256475,-30.581205229515835,23.935717026344854,0.0006777532117758718,0.0007724789889990828,9.472577722321084e-05,full,complete,generated_current,generated_current,/home/runner/work/money-making/money-making/projects/harv-extension/outputs/pm_native_geometry_warmup600_actions/28733449635/FXI/predictions/full/FXI.csv,42,all,True,True,True,36817,36817
PM_QDK_2,CP_REPO_FRESH,FXI,older_spike_position,ex_post_descriptive,11382,92.98564209435918,97.06624205806366,4.080599963704505,0.0,0.45984888420312775,3.975541430378768,4.0111734286535965,27.114616138298768,-24.56832529103734,16.645984229270347,0.000630084416364178,0.0006911728479728332,6.108843160865521e-05,full,complete,generated_current,generated_current,/home/runner/work/money-making/money-making/projects/harv-extension/outputs/pm_native_geometry_warmup600_actions/28733449635/FXI/predictions/full/FXI.csv,42,all,True,True,True,36817,36817
PM_QDK_2,CP_REPO_FRESH,FXI,same_average_different_path,ex_post_descriptive,313,101.922923761191,98.74206073361565,-3.180863027575361,0.0,0.36741214057507987,-3.1494050746745694,-3.239054168987688,27.740698499219683,-31.95259889344543,20.405534831499537,0.0005631985570327401,0.0005816945388231798,1.8495981790439615e-05,full,complete,generated_current,generated_current,/home/runner/work/money-making/money-making/projects/harv-extension/outputs/pm_native_geometry_warmup600_actions/28733449635/FXI/predictions/full/FXI.csv,42,all,True,True,True,36817,36817
PM_QDK_2,CP_REPO_FRESH,FXI,recent_ramp_high_dispersion,ex_post_descriptive,2603,104.99401122567362,114.01668301918997,9.02267179351637,0.0,0.44640799077986937,9.099361047205713,7.260141044577467,42.97244119655741,-32.29299388507523,22.12321223901515,0.0007001441355481957,0.0009334718250625821,0.0002333276895143864,full,complete,generated_current,generated_current,/home/runner/work/money-making/money-making/projects/harv-extension/outputs/pm_native_geometry_warmup600_actions/28733449635/FXI/predictions/full/FXI.csv,42,all,True,True,True,36817,36817
PM_QDK_2,CP_REPO_FRESH,FXI,entry_with_recent_spike,ex_post_descriptive,4484,94.4666423469366,96.64062863447536,2.173986287538773,0.0,0.42685102586975915,2.2304599672601353,0.7308451299485951,39.861712466732044,-34.605909073323595,29.22676293273928,0.000857813323465399,0.000971133626061934,0.00011332030259653494,full,complete,generated_current,generated_current,/home/runner/work/money-making/money-making/projects/harv-extension/outputs/pm_native_geometry_warmup600_actions/28733449635/FXI/predictions/full/FXI.csv,42,all,True,True,True,36817,36817
PM_QDK_2,CP_REPO_FRESH,FXI,entry_without_recent_spike,ex_post_descriptive,2875,88.64908196766149,88.62668888632449,-0.02239308133700126,0.0,0.42643478260869566,-0.08488541945627034,-0.4352731687999773,28.708777668749317,-28.87906759273591,21.675254473545806,0.0007678542152674817,0.0007438793773767794,-2.3974837890702186e-05,full,complete,generated_current,generated_current,/home/runner/work/money-making/money-making/projects/harv-extension/outputs/pm_native_geometry_warmup600_actions/28733449635/FXI/predictions/full/FXI.csv,42,all,True,True,True,36817,36817
PM_QDK_2,CP_REPO_FRESH,FXI,same_average_recent_front_loaded,ex_post_descriptive,1333,89.6321159512951,87.87374729685132,-1.7583686544437922,0.0,0.40585146286571644,-1.8240903421636099,-2.364777659646828,31.961853153726583,-32.401432297920216,26.875420024748976,0.0006488961575151379,0.0006770464667437486,2.8150309228610654e-05,full,complete,generated_current,generated_current,/home/runner/work/money-making/money-making/projects/harv-extension/outputs/pm_native_geometry_warmup600_actions/28733449635/FXI/predictions/full/FXI.csv,42,all,True,True,True,36817,36817
PM_QDK_2,CP_REPO_FRESH,FXI,same_average_back_loaded,ex_post_descriptive,1236,94.0495616534344,98.8287179550125,4.779156301578086,0.0,0.46359223300970875,4.707363142234859,4.7534617579495455,27.25481098790664,-23.397516885108413,17.208694216839934,0.0006682868538935004,0.0007388647570658257,7.057790317232527e-05,full,complete,generated_current,generated_current,/home/runner/work/money-making/money-making/projects/harv-extension/outputs/pm_native_geometry_warmup600_actions/28733449635/FXI/predictions/full/FXI.csv,42,all,True,True,True,36817,36817
PM_QDK_2,CP_REPO_FRESH,FXI,stable_low_dispersion,ex_post_descriptive,7353,83.01763486407354,85.92748425004454,2.9098493859709973,0.0,0.4976200190398477,2.8362208582828297,3.0410397169634518,27.847691532401676,-28.116863703113168,22.68399334389867,0.0008123434351994627,0.0008558492850515457,4.350584985208306e-05,full,complete,generated_current,generated_current,/home/runner/work/money-making/money-making/projects/harv-extension/outputs/pm_native_geometry_warmup600_actions/28733449635/FXI/predictions/full/FXI.csv,42,all,True,True,True,36817,36817
PHQO,CP_REPO_FRESH,FXI,all_observations,not_conditioned,36795,97.0115498759488,97.05633354769726,2.5256298437787214e-15,0.0,0.0007609729582823753,0.0,0.0,7.532958384055227e-12,-6.2122470910109865e-12,0.0,0.0007183296100807758,0.0007184550899608629,1.2547988008720363e-07,full,complete,generated_current,generated_current,/home/runner/work/money-making/money-making/projects/harv-extension/outputs/pm_native_geometry_warmup600_actions/28733449635/FXI/predictions/full/FXI.csv,42,all,True,True,True,36817,36817
PHQO,CP_REPO_FRESH,FXI,cluster_entry_loose,ex_post_descriptive,7359,93.50975803032618,93.50975803032618,-1.7711670483896368e-15,0.0,0.0008153281695882593,0.0,0.0,8.436214689785023e-12,-9.093043778258497e-12,0.0,0.0008823463010812721,0.0008823503722271983,4.0711459263961406e-09,full,complete,generated_current,generated_current,/home/runner/work/money-making/money-making/projects/harv-extension/outputs/pm_native_geometry_warmup600_actions/28733449635/FXI/predictions/full/FXI.csv,42,all,True,True,True,36817,36817
PHQO,CP_REPO_FRESH,FXI,cluster_entry_strict,ex_post_descriptive,7324,93.48088773976276,93.48088773976275,-1.7796311181184242e-15,0.0,0.0008192244675040961,0.0,0.0,8.436214689785023e-12,-9.093043778258497e-12,0.0,0.0008845578945995363,0.0008845619852006931,4.090601156792626e-09,full,complete,generated_current,generated_current,/home/runner/work/money-making/money-making/projects/harv-extension/outputs/pm_native_geometry_warmup600_actions/28733449635/FXI/predictions/full/FXI.csv,42,all,True,True,True,36817,36817
PHQO,CP_REPO_FRESH,FXI,cluster_exit_loose,ex_post_descriptive,7359,91.65294982257514,91.71184209064276,4.462749378441581e-15,0.0,0.001087104226117679,0.0,0.0,5.995648422185695e-12,-3.785416424761934e-12,0.0,0.0007217818159891351,0.0007217941717985047,1.235580936971484e-08,full,complete,generated_current,generated_current,/home/runner/work/money-making/money-making/projects/harv-extension/outputs/pm_native_geometry_warmup600_actions/28733449635/FXI/predictions/full/FXI.csv,42,all,True,True,True,36817,36817
PHQO,CP_REPO_FRESH,FXI,cluster_exit_strict,ex_post_descriptive,7341,91.58994401194411,91.64901501370849,4.473697925369746e-15,0.0,0.0010897697861326796,0.0,0.0,5.995648422185695e-12,-3.785416424761934e-12,0.0,0.0007217680648333412,0.0007217804509389331,1.2386105592117083e-08,full,complete,generated_current,generated_current,/home/runner/work/money-making/money-making/projects/harv-extension/outputs/pm_native_geometry_warmup600_actions/28733449635/FXI/predictions/full/FXI.csv,42,all,True,True,True,36817,36817
PHQO,CP_REPO_FRESH,FXI,inflection_points,ex_post_descriptive,14935,93.81608626765122,93.83030574053133,-5.203097043820194e-16,0.0,0.0005356545028456645,0.0,0.0,8.005152096757229e-12,-7.181100158959452e-12,0.0,0.0007836962738167886,0.0007837929556991121,9.668188232352916e-08,full,complete,generated_current,generated_current,/home/runner/work/money-making/money-making/projects/harv-extension/outputs/pm_native_geometry_warmup600_actions/28733449635/FXI/predictions/full/FXI.csv,42,all,True,True,True,36817,36817
PHQO,CP_REPO_FRESH,FXI,high_within_block_dispersion,ex_post_descriptive,7353,115.44928484442008,115.49528006550295,-2.1014622889843215e-15,0.0,0.0006799945600435197,0.0,0.0,2.4698465495021084e-12,-4.632146518209386e-12,0.0,0.0006210103250398551,0.0006210242854288076,1.396038895255304e-08,full,complete,generated_current,generated_current,/home/runner/work/money-making/money-making/projects/harv-extension/outputs/pm_native_geometry_warmup600_actions/28733449635/FXI/predictions/full/FXI.csv,42,all,True,True,True,36817,36817
PHQO,CP_REPO_FRESH,FXI,recent_spike_position,ex_post_descriptive,11422,98.32614652540478,98.35285126716838,3.6196829072234636e-15,0.0,0.0009630537559096481,0.0,0.0,8.64875847706902e-12,-8.96719735502908e-12,0.0,0.0007723928087568148,0.0007724789889990828,8.61802422678098e-08,full,complete,generated_current,generated_current,/home/runner/work/money-making/money-making/projects/harv-extension/outputs/pm_native_geometry_warmup600_actions/28733449635/FXI/predictions/full/FXI.csv,42,all,True,True,True,36817,36817
PHQO,CP_REPO_FRESH,FXI,older_spike_position,ex_post_descriptive,11382,97.03005511556343,97.06624205806366,3.893996509783886e-15,0.0,0.0007907221929362151,0.0,0.0,8.595988118839968e-12,-6.611600156247732e-12,0.0,0.0006911089114673274,0.0006911728479728332,6.393650550583531e-08,full,complete,generated_current,generated_current,/home/runner/work/money-making/money-making/projects/harv-extension/outputs/pm_native_geometry_warmup600_actions/28733449635/FXI/predictions/full/FXI.csv,42,all,True,True,True,36817,36817
PHQO,CP_REPO_FRESH,FXI,same_average_different_path,ex_post_descriptive,313,98.74206073361565,98.74206073361565,0.0,0.0,0.0,0.0,0.0,,,0.0,0.0005816945388231798,0.0005816945388231798,0.0,full,complete,generated_current,generated_current,/home/runner/work/money-making/money-making/projects/harv-extension/outputs/pm_native_geometry_warmup600_actions/28733449635/FXI/predictions/full/FXI.csv,42,all,True,True,True,36817,36817
PHQO,CP_REPO_FRESH,FXI,recent_ramp_high_dispersion,ex_post_descriptive,2603,114.01668301918998,114.01668301918997,-1.0644492501331198e-14,0.0,0.000384172109104879,0.0,0.0,2.842170943040401e-14,-6.934008922598878e-12,0.0,0.0009334603154341258,0.0009334718250625821,1.1509628456453852e-08,full,complete,generated_current,generated_current,/home/runner/work/money-making/money-making/projects/harv-extension/outputs/pm_native_geometry_warmup600_actions/28733449635/FXI/predictions/full/FXI.csv,42,all,True,True,True,36817,36817
PHQO,CP_REPO_FRESH,FXI,entry_with_recent_spike,ex_post_descriptive,4484,96.64062863447536,96.64062863447536,-7.105031203087309e-16,0.0,0.0013380909901873326,0.0,0.0,8.436214689785023e-12,-8.96719735502908e-12,0.0,0.000971133626061934,0.000971133626061934,-2.2338699422503244e-20,full,complete,generated_current,generated_current,/home/runner/work/money-making/money-making/projects/harv-extension/outputs/pm_native_geometry_warmup600_actions/28733449635/FXI/predictions/full/FXI.csv,42,all,True,True,True,36817,36817
PHQO,CP_REPO_FRESH,FXI,entry_without_recent_spike,ex_post_descriptive,2875,88.62668888632449,88.62668888632449,-3.4254338496121698e-15,0.0,0.0,0.0,0.0,,-9.848122317634989e-12,0.0,0.0007438689566592586,0.0007438793773767794,1.0420717520851953e-08,full,complete,generated_current,generated_current,/home/runner/work/money-making/money-making/projects/harv-extension/outputs/pm_native_geometry_warmup600_actions/28733449635/FXI/predictions/full/FXI.csv,42,all,True,True,True,36817,36817
PHQO,CP_REPO_FRESH,FXI,same_average_recent_front_loaded,ex_post_descriptive,1333,87.8737472968513,87.87374729685132,8.677896277700249e-15,0.0,0.0007501875468867217,0.0,0.0,1.1567635738174431e-11,,0.0,0.0006770464667437484,0.0006770464667437486,7.499132805938747e-20,full,complete,generated_current,generated_current,/home/runner/work/money-making/money-making/projects/harv-extension/outputs/pm_native_geometry_warmup600_actions/28733449635/FXI/predictions/full/FXI.csv,42,all,True,True,True,36817,36817
PHQO,CP_REPO_FRESH,FXI,same_average_back_loaded,ex_post_descriptive,1236,98.7467978885793,98.8287179550125,-1.8871094520592134e-15,0.0,0.0,0.0,0.0,,-2.3305801732931286e-12,0.0,0.0007388413643530872,0.0007388647570658257,2.33927127385701e-08,full,complete,generated_current,generated_current,/home/runner/work/money-making/money-making/projects/harv-extension/outputs/pm_native_geometry_warmup600_actions/28733449635/FXI/predictions/full/FXI.csv,42,all,True,True,True,36817,36817
PHQO,CP_REPO_FRESH,FXI,stable_low_dispersion,ex_post_descriptive,7353,85.91196840187398,85.92748425004454,5.6750638525344236e-15,0.0,0.0008159934720522236,0.0,0.0,9.093762779836348e-12,-3.2098768087962526e-12,0.0,0.0008557341573139888,0.0008558492850515457,1.1512773755692465e-07,full,complete,generated_current,generated_current,/home/runner/work/money-making/money-making/projects/harv-extension/outputs/pm_native_geometry_warmup600_actions/28733449635/FXI/predictions/full/FXI.csv,42,all,True,True,True,36817,36817
CP_REPO_FRESH,CP_REPO_FRESH,GLD,all_observations,not_conditioned,36717,103.40507815014489,103.40507815014489,0.0,0.0,0.0,0.0,0.0,,,0.0,0.00048148382964951044,0.00048148382964951044,0.0,full,complete,generated_current,generated_current,/home/runner/work/money-making/money-making/projects/harv-extension/outputs/pm_native_geometry_warmup600_actions/28733449635/GLD/predictions/full/GLD.csv,42,all,True,True,True,36739,36739
CP_REPO_FRESH,CP_REPO_FRESH,GLD,cluster_entry_loose,ex_post_descriptive,7344,97.94491536541612,97.94491536541612,0.0,0.0,0.0,0.0,0.0,,,0.0,0.0005650454875706072,0.0005650454875706072,0.0,full,complete,generated_current,generated_current,/home/runner/work/money-making/money-making/projects/harv-extension/outputs/pm_native_geometry_warmup600_actions/28733449635/GLD/predictions/full/GLD.csv,42,all,True,True,True,36739,36739
CP_REPO_FRESH,CP_REPO_FRESH,GLD,cluster_entry_strict,ex_post_descriptive,7308,97.74156548005166,97.74156548005166,0.0,0.0,0.0,0.0,0.0,,,0.0,0.000566112113424888,0.000566112113424888,0.0,full,complete,generated_current,generated_current,/home/runner/work/money-making/money-making/projects/harv-extension/outputs/pm_native_geometry_warmup600_actions/28733449635/GLD/predictions/full/GLD.csv,42,all,True,True,True,36739,36739
CP_REPO_FRESH,CP_REPO_FRESH,GLD,cluster_exit_loose,ex_post_descriptive,7344,105.26534908082238,105.26534908082238,0.0,0.0,0.0,0.0,0.0,,,0.0,0.0005078179883313054,0.0005078179883313054,0.0,full,complete,generated_current,generated_current,/home/runner/work/money-making/money-making/projects/harv-extension/outputs/pm_native_geometry_warmup600_actions/28733449635/GLD/predictions/full/GLD.csv,42,all,True,True,True,36739,36739
CP_REPO_FRESH,CP_REPO_FRESH,GLD,cluster_exit_strict,ex_post_descriptive,7328,105.08926970613055,105.08926970613055,0.0,0.0,0.0,0.0,0.0,,,0.0,0.0005067166396845801,0.0005067166396845801,0.0,full,complete,generated_current,generated_current,/home/runner/work/money-making/money-making/projects/harv-extension/outputs/pm_native_geometry_warmup600_actions/28733449635/GLD/predictions/full/GLD.csv,42,all,True,True,True,36739,36739
CP_REPO_FRESH,CP_REPO_FRESH,GLD,inflection_points,ex_post_descriptive,15310,95.63191362854194,95.63191362854194,0.0,0.0,0.0,0.0,0.0,,,0.0,0.0004936617125206405,0.0004936617125206405,0.0,full,complete,generated_current,generated_current,/home/runner/work/money-making/money-making/projects/harv-extension/outputs/pm_native_geometry_warmup600_actions/28733449635/GLD/predictions/full/GLD.csv,42,all,True,True,True,36739,36739
CP_REPO_FRESH,CP_REPO_FRESH,GLD,high_within_block_dispersion,ex_post_descriptive,7110,145.6379654645961,145.6379654645961,0.0,0.0,0.0,0.0,0.0,,,0.0,0.0004474251458011828,0.0004474251458011828,0.0,full,complete,generated_current,generated_current,/home/runner/work/money-making/money-making/projects/harv-extension/outputs/pm_native_geometry_warmup600_actions/28733449635/GLD/predictions/full/GLD.csv,42,all,True,True,True,36739,36739
CP_REPO_FRESH,CP_REPO_FRESH,GLD,recent_spike_position,ex_post_descriptive,11475,106.93834736609612,106.93834736609612,0.0,0.0,0.0,0.0,0.0,,,0.0,0.0005065992974234377,0.0005065992974234377,0.0,full,complete,generated_current,generated_current,/home/runner/work/money-making/money-making/projects/harv-extension/outputs/pm_native_geometry_warmup600_actions/28733449635/GLD/predictions/full/GLD.csv,42,all,True,True,True,36739,36739
CP_REPO_FRESH,CP_REPO_FRESH,GLD,older_spike_position,ex_post_descriptive,11443,104.23617107758743,104.23617107758743,0.0,0.0,0.0,0.0,0.0,,,0.0,0.00047418558619161875,0.00047418558619161875,0.0,full,complete,generated_current,generated_current,/home/runner/work/money-making/money-making/projects/harv-extension/outputs/pm_native_geometry_warmup600_actions/28733449635/GLD/predictions/full/GLD.csv,42,all,True,True,True,36739,36739
CP_REPO_FRESH,CP_REPO_FRESH,GLD,same_average_different_path,ex_post_descriptive,978,126.92644365961102,126.92644365961102,0.0,0.0,0.0,0.0,0.0,,,0.0,0.0005330934265911909,0.0005330934265911909,0.0,full,complete,generated_current,generated_current,/home/runner/work/money-making/money-making/projects/harv-extension/outputs/pm_native_geometry_warmup600_actions/28733449635/GLD/predictions/full/GLD.csv,42,all,True,True,True,36739,36739
CP_REPO_FRESH,CP_REPO_FRESH,GLD,recent_ramp_high_dispersion,ex_post_descriptive,2046,140.5802515304192,140.5802515304192,0.0,0.0,0.0,0.0,0.0,,,0.0,0.0006202291909511772,0.0006202291909511772,0.0,full,complete,generated_current,generated_current,/home/runner/work/money-making/money-making/projects/harv-extension/outputs/pm_native_geometry_warmup600_actions/28733449635/GLD/predictions/full/GLD.csv,42,all,True,True,True,36739,36739
CP_REPO_FRESH,CP_REPO_FRESH,GLD,entry_with_recent_spike,ex_post_descriptive,4271,99.10783643030712,99.10783643030712,0.0,0.0,0.0,0.0,0.0,,,0.0,0.0006089615780405372,0.0006089615780405372,0.0,full,complete,generated_current,generated_current,/home/runner/work/money-making/money-making/projects/harv-extension/outputs/pm_native_geometry_warmup600_actions/28733449635/GLD/predictions/full/GLD.csv,42,all,True,True,True,36739,36739
CP_REPO_FRESH,CP_REPO_FRESH,GLD,entry_without_recent_spike,ex_post_descriptive,3073,96.32863294818564,96.32863294818564,0.0,0.0,0.0,0.0,0.0,,,0.0,0.0005040088385640757,0.0005040088385640757,0.0,full,complete,generated_current,generated_current,/home/runner/work/money-making/money-making/projects/harv-extension/outputs/pm_native_geometry_warmup600_actions/28733449635/GLD/predictions/full/GLD.csv,42,all,True,True,True,36739,36739
CP_REPO_FRESH,CP_REPO_FRESH,GLD,same_average_recent_front_loaded,ex_post_descriptive,1352,97.830158092515,97.830158092515,0.0,0.0,0.0,0.0,0.0,,,0.0,0.0005192809382632234,0.0005192809382632234,0.0,full,complete,generated_current,generated_current,/home/runner/work/money-making/money-making/projects/harv-extension/outputs/pm_native_geometry_warmup600_actions/28733449635/GLD/predictions/full/GLD.csv,42,all,True,True,True,36739,36739
CP_REPO_FRESH,CP_REPO_FRESH,GLD,same_average_back_loaded,ex_post_descriptive,1383,109.39590608744696,109.39590608744696,0.0,0.0,0.0,0.0,0.0,,,0.0,0.0004935473522690242,0.0004935473522690242,0.0,full,complete,generated_current,generated_current,/home/runner/work/money-making/money-making/projects/harv-extension/outputs/pm_native_geometry_warmup600_actions/28733449635/GLD/predictions/full/GLD.csv,42,all,True,True,True,36739,36739
CP_REPO_FRESH,CP_REPO_FRESH,GLD,stable_low_dispersion,ex_post_descriptive,7110,76.54725591915737,76.54725591915737,0.0,0.0,0.0,0.0,0.0,,,0.0,0.0004874379405874704,0.0004874379405874704,0.0,full,complete,generated_current,generated_current,/home/runner/work/money-making/money-making/projects/harv-extension/outputs/pm_native_geometry_warmup600_actions/28733449635/GLD/predictions/full/GLD.csv,42,all,True,True,True,36739,36739
PM_QDK,CP_REPO_FRESH,GLD,all_observations,not_conditioned,36717,104.13230959498279,103.40507815014489,-0.7272314448378909,0.0,0.3849443037285181,-0.6073573786432679,-0.4843696607371862,11.913930986242338,-12.753694026257568,5.495194267243665,0.0004965738764749378,0.00048148382964951044,-1.5090046825427331e-05,full,complete,generated_current,generated_current,/home/runner/work/money-making/money-making/projects/harv-extension/outputs/pm_native_geometry_warmup600_actions/28733449635/GLD/predictions/full/GLD.csv,42,all,True,True,True,36739,36739
PM_QDK,CP_REPO_FRESH,GLD,cluster_entry_loose,ex_post_descriptive,7344,98.84591233116231,97.94491536541612,-0.9009969657461749,0.0,0.4095860566448802,-0.7692397811822922,-0.5166050796661873,14.280283226781227,-15.467086946208374,6.960519140659956,0.0005482147717201036,0.0005650454875706072,1.683071585050352e-05,full,complete,generated_current,generated_current,/home/runner/work/money-making/money-making/projects/harv-extension/outputs/pm_native_geometry_warmup600_actions/28733449635/GLD/predictions/full/GLD.csv,42,all,True,True,True,36739,36739
PM_QDK,CP_REPO_FRESH,GLD,cluster_entry_strict,ex_post_descriptive,7308,98.67415424288716,97.74156548005166,-0.9325887628355026,0.0,0.40927750410509034,-0.8014995627789331,-0.5417434550150343,14.27653546020762,-15.47389882508839,6.9637156178654465,0.0005492177129565349,0.000566112113424888,1.6894400468352992e-05,full,complete,generated_current,generated_current,/home/runner/work/money-making/money-making/projects/harv-extension/outputs/pm_native_geometry_warmup600_actions/28733449635/GLD/predictions/full/GLD.csv,42,all,True,True,True,36739,36739
PM_QDK,CP_REPO_FRESH,GLD,cluster_exit_loose,ex_post_descriptive,7344,106.63597198691154,105.26534908082238,-1.370622906089169,0.0,0.3638344226579521,-1.236431393935354,-0.872365137310999,11.470215479036368,-13.087197165639356,5.239951980625415,0.0005388603806886769,0.0005078179883313054,-3.104239235737144e-05,full,complete,generated_current,generated_current,/home/runner/work/money-making/money-making/projects/harv-extension/outputs/pm_native_geometry_warmup600_actions/28733449635/GLD/predictions/full/GLD.csv,42,all,True,True,True,36739,36739
PM_QDK,CP_REPO_FRESH,GLD,cluster_exit_strict,ex_post_descriptive,7328,106.46875130467787,105.08926970613055,-1.3794815985473232,0.0,0.3639465065502183,-1.2463171269171471,-0.8795987443590549,11.475529159662095,-13.09555401189244,5.2567341431448895,0.0005377873248580091,0.0005067166396845801,-3.107068517342891e-05,full,complete,generated_current,generated_current,/home/runner/work/money-making/money-making/projects/harv-extension/outputs/pm_native_geometry_warmup600_actions/28733449635/GLD/predictions/full/GLD.csv,42,all,True,True,True,36739,36739
PM_QDK,CP_REPO_FRESH,GLD,inflection_points,ex_post_descriptive,15310,96.73730930033378,95.63191362854194,-1.1053956717918356,0.0,0.40561724363161333,-0.9582159826733994,-0.633967458421709,11.992674372960208,-13.458712353293457,6.445026351863458,0.000504647492253376,0.0004936617125206405,-1.0985779732735384e-05,full,complete,generated_current,generated_current,/home/runner/work/money-making/money-making/projects/harv-extension/outputs/pm_native_geometry_warmup600_actions/28733449635/GLD/predictions/full/GLD.csv,42,all,True,True,True,36739,36739
PM_QDK,CP_REPO_FRESH,GLD,high_within_block_dispersion,ex_post_descriptive,7110,145.84193695736417,145.6379654645961,-0.20397149276810256,0.0,0.2817158931082982,-0.041031300721388844,0.19843179951595066,18.534757957499195,-19.52194205589681,2.842170943040401e-14,0.0004522779840799114,0.0004474251458011828,-4.852838278728721e-06,full,complete,generated_current,generated_current,/home/runner/work/money-making/money-making/projects/harv-extension/outputs/pm_native_geometry_warmup600_actions/28733449635/GLD/predictions/full/GLD.csv,42,all,True,True,True,36739,36739
PM_QDK,CP_REPO_FRESH,GLD,recent_spike_position,ex_post_descriptive,11475,107.32817961387568,106.93834736609612,-0.38983224777954484,0.0,0.38910675381263615,-0.24205335346999285,-0.26575859264744134,12.664360105770308,-13.4731050818138,5.382350443074003,0.0005035389327053846,0.0005065992974234377,3.060364718053116e-06,full,complete,generated_current,generated_current,/home/runner/work/money-making/money-making/projects/harv-extension/outputs/pm_native_geometry_warmup600_actions/28733449635/GLD/predictions/full/GLD.csv,42,all,True,True,True,36739,36739
PM_QDK,CP_REPO_FRESH,GLD,older_spike_position,ex_post_descriptive,11443,104.9747987575296,104.23617107758743,-0.7386276799421685,0.0,0.37306650353928167,-0.6490286959752679,-0.586381487233065,11.402673086025903,-11.939420678332876,5.159301968539012,0.0004976015479289585,0.00047418558619161875,-2.3415961737339732e-05,full,complete,generated_current,generated_current,/home/runner/work/money-making/money-making/projects/harv-extension/outputs/pm_native_geometry_warmup600_actions/28733449635/GLD/predictions/full/GLD.csv,42,all,True,True,True,36739,36739
PM_QDK,CP_REPO_FRESH,GLD,same_average_different_path,ex_post_descriptive,978,127.72339644077074,126.92644365961102,-0.7969527811597159,0.0,0.2955010224948875,-0.7024292816256431,-1.003729105360095,13.817947774761178,-13.221071265596073,2.3482398916487526,0.0005664668823635312,0.0005330934265911909,-3.3373455772340266e-05,full,complete,generated_current,generated_current,/home/runner/work/money-making/money-making/projects/harv-extension/outputs/pm_native_geometry_warmup600_actions/28733449635/GLD/predictions/full/GLD.csv,42,all,True,True,True,36739,36739
PM_QDK,CP_REPO_FRESH,GLD,recent_ramp_high_dispersion,ex_post_descriptive,2046,139.8159433452344,140.5802515304192,0.7643081851847853,0.0,0.3201368523949169,0.7966993292299066,1.2138064493419425,25.0877968218262,-24.295314332366154,0.8656465725142546,0.0005274120626793021,0.0006202291909511772,9.281712827187511e-05,full,complete,generated_current,generated_current,/home/runner/work/money-making/money-making/projects/harv-extension/outputs/pm_native_geometry_warmup600_actions/28733449635/GLD/predictions/full/GLD.csv,42,all,True,True,True,36739,36739
PM_QDK,CP_REPO_FRESH,GLD,entry_with_recent_spike,ex_post_descriptive,4271,99.72125372100729,99.10783643030712,-0.6134172907001597,0.0,0.41395457738234603,-0.5138946050685796,-0.5173782792575088,15.60210574958564,-16.39762660903789,7.640777521563262,0.0005696586615528485,0.0006089615780405372,3.930291648768858e-05,full,complete,generated_current,generated_current,/home/runner/work/money-making/money-making/projects/harv-extension/outputs/pm_native_geometry_warmup600_actions/28733449635/GLD/predictions/full/GLD.csv,42,all,True,True,True,36739,36739
PM_QDK,CP_REPO_FRESH,GLD,entry_without_recent_spike,ex_post_descriptive,3073,97.62932167837097,96.32863294818564,-1.3006887301853325,0.0,0.4035144809632281,-1.080676653723632,-0.4830905814230042,12.39562014587945,-14.209527108400621,6.168068321708766,0.0005184110445884233,0.0005040088385640757,-1.4402206024347568e-05,full,complete,generated_current,generated_current,/home/runner/work/money-making/money-making/projects/harv-extension/outputs/pm_native_geometry_warmup600_actions/28733449635/GLD/predictions/full/GLD.csv,42,all,True,True,True,36739,36739
PM_QDK,CP_REPO_FRESH,GLD,same_average_recent_front_loaded,ex_post_descriptive,1352,98.72645179044835,97.830158092515,-0.8962936979333399,0.0,0.40162721893491127,-0.6856396179701458,-0.8578630149569005,11.744450195211757,-12.776137265329728,6.425652791184831,0.0005284655055426733,0.0005192809382632234,-9.18456727944994e-06,full,complete,generated_current,generated_current,/home/runner/work/money-making/money-making/projects/harv-extension/outputs/pm_native_geometry_warmup600_actions/28733449635/GLD/predictions/full/GLD.csv,42,all,True,True,True,36739,36739
PM_QDK,CP_REPO_FRESH,GLD,same_average_back_loaded,ex_post_descriptive,1383,110.54493241528327,109.39590608744696,-1.1490263278363035,0.0,0.3333333333333333,-1.165975031887686,-1.213384293216851,11.572522177649095,-11.775571658662994,5.186210664715343,0.0005323460994956894,0.0004935473522690242,-3.8798747226665183e-05,full,complete,generated_current,generated_current,/home/runner/work/money-making/money-making/projects/harv-extension/outputs/pm_native_geometry_warmup600_actions/28733449635/GLD/predictions/full/GLD.csv,42,all,True,True,True,36739,36739
PM_QDK,CP_REPO_FRESH,GLD,stable_low_dispersion,ex_post_descriptive,7110,77.05919058632561,76.54725591915737,-0.5119346671682441,0.0,0.4679324894514768,-0.4477984028540854,-0.3385594214455692,9.254989088644843,-9.888341235349689,6.430906700167185,0.0004983203362468779,0.0004874379405874704,-1.0882395659407618e-05,full,complete,generated_current,generated_current,/home/runner/work/money-making/money-making/projects/harv-extension/outputs/pm_native_geometry_warmup600_actions/28733449635/GLD/predictions/full/GLD.csv,42,all,True,True,True,36739,36739
PM_QDK_2,CP_REPO_FRESH,GLD,all_observations,not_conditioned,36717,103.48866460655684,103.40507815014489,-0.08358645641193281,0.0,0.40975569899501596,-0.027973259690100172,0.17054172517158528,14.797326954786664,-16.055689546478074,7.132165258462635,0.0005002983755431846,0.00048148382964951044,-1.8814545893674126e-05,full,complete,generated_current,generated_current,/home/runner/work/money-making/money-making/projects/harv-extension/outputs/pm_native_geometry_warmup600_actions/28733449635/GLD/predictions/full/GLD.csv,42,all,True,True,True,36739,36739
PM_QDK_2,CP_REPO_FRESH,GLD,cluster_entry_loose,ex_post_descriptive,7344,98.36510425495582,97.94491536541612,-0.42018888953967404,0.0,0.41938997821350765,-0.4132141133948352,-0.21704105139763752,17.86240076231507,-18.89497936673489,9.964405356412914,0.0005577849187541279,0.0005650454875706072,7.2605688164792715e-06,full,complete,generated_current,generated_current,/home/runner/work/money-making/money-making/projects/harv-extension/outputs/pm_native_geometry_warmup600_actions/28733449635/GLD/predictions/full/GLD.csv,42,all,True,True,True,36739,36739
PM_QDK_2,CP_REPO_FRESH,GLD,cluster_entry_strict,ex_post_descriptive,7308,98.18944256677915,97.74156548005166,-0.44787708672750937,0.0,0.41981390257252327,-0.44344755608591274,-0.23264825966771926,17.840907227115633,-18.93243770319693,10.015775032892002,0.0005586668363396875,0.000566112113424888,7.445277085200422e-06,full,complete,generated_current,generated_current,/home/runner/work/money-making/money-making/projects/harv-extension/outputs/pm_native_geometry_warmup600_actions/28733449635/GLD/predictions/full/GLD.csv,42,all,True,True,True,36739,36739
PM_QDK_2,CP_REPO_FRESH,GLD,cluster_exit_loose,ex_post_descriptive,7344,106.18432633600287,105.26534908082238,-0.918977255180503,0.0,0.3928376906318083,-0.8969982421869025,-0.2502268400064509,13.316910655661076,-16.051263753954448,6.138359178491292,0.0005396394902766777,0.0005078179883313054,-3.182150194537232e-05,full,complete,generated_current,generated_current,/home/runner/work/money-making/money-making/projects/harv-extension/outputs/pm_native_geometry_warmup600_actions/28733449635/GLD/predictions/full/GLD.csv,42,all,True,True,True,36739,36739
PM_QDK_2,CP_REPO_FRESH,GLD,cluster_exit_strict,ex_post_descriptive,7328,106.02041800481368,105.08926970613055,-0.9311482986831358,0.0,0.3932860262008734,-0.9078515407276502,-0.2563584664111073,13.303737589561068,-16.06146033636736,6.152396532997834,0.0005385118599623611,0.0005067166396845801,-3.1795220277780875e-05,full,complete,generated_current,generated_current,/home/runner/work/money-making/money-making/projects/harv-extension/outputs/pm_native_geometry_warmup600_actions/28733449635/GLD/predictions/full/GLD.csv,42,all,True,True,True,36739,36739
PM_QDK_2,CP_REPO_FRESH,GLD,inflection_points,ex_post_descriptive,15310,96.2552109608263,95.63191362854194,-0.6232973322843604,0.0,0.42704114957544087,-0.5364490742723448,-0.12553733567365377,14.708112783701567,-16.733310675496977,8.474060205414183,0.0005040580706108587,0.0004936617125206405,-1.0396358090218216e-05,full,complete,generated_current,generated_current,/home/runner/work/money-making/money-making/projects/harv-extension/outputs/pm_native_geometry_warmup600_actions/28733449635/GLD/predictions/full/GLD.csv,42,all,True,True,True,36739,36739
PM_QDK_2,CP_REPO_FRESH,GLD,high_within_block_dispersion,ex_post_descriptive,7110,145.11217465846033,145.6379654645961,0.5257908061357682,0.0,0.2783403656821378,0.5799272358750274,0.3660070776502636,22.793140564566023,-22.229582238393792,2.842170943040401e-14,0.0004948384464851992,0.0004474251458011828,-4.741330068401641e-05,full,complete,generated_current,generated_current,/home/runner/work/money-making/money-making/projects/harv-extension/outputs/pm_native_geometry_warmup600_actions/28733449635/GLD/predictions/full/GLD.csv,42,all,True,True,True,36739,36739
PM_QDK_2,CP_REPO_FRESH,GLD,recent_spike_position,ex_post_descriptive,11475,106.76079715535182,106.93834736609612,0.17755021074432245,0.0,0.4005228758169935,0.2132120786685689,0.2260490838522311,16.972547118792413,-17.7123893424292,8.004697705230424,0.0005164917523580283,0.0005065992974234377,-9.892454934590541e-06,full,complete,generated_current,generated_current,/home/runner/work/money-making/money-making/projects/harv-extension/outputs/pm_native_geometry_warmup600_actions/28733449635/GLD/predictions/full/GLD.csv,42,all,True,True,True,36739,36739
PM_QDK_2,CP_REPO_FRESH,GLD,older_spike_position,ex_post_descriptive,11443,104.28006006094527,104.23617107758743,-0.04388898335785132,0.0,0.4083719304378223,-0.008444303413439672,0.2241229233413641,13.66951439770746,-14.996473891695983,6.32095497910889,0.0004971531534290428,0.00047418558619161875,-2.2967567237423965e-05,full,complete,generated_current,generated_current,/home/runner/work/money-making/money-making/projects/harv-extension/outputs/pm_native_geometry_warmup600_actions/28733449635/GLD/predictions/full/GLD.csv,42,all,True,True,True,36739,36739
PM_QDK_2,CP_REPO_FRESH,GLD,same_average_different_path,ex_post_descriptive,978,126.85923158559068,126.92644365961102,0.06721207402033656,0.0,0.32004089979550104,0.06433747863033638,-0.32810429181093537,12.939478290371916,-12.5293185424356,2.523981392040014,0.0005498488310510132,0.0005330934265911909,-1.6755404459822393e-05,full,complete,generated_current,generated_current,/home/runner/work/money-making/money-making/projects/harv-extension/outputs/pm_native_geometry_warmup600_actions/28733449635/GLD/predictions/full/GLD.csv,42,all,True,True,True,36739,36739
PM_QDK_2,CP_REPO_FRESH,GLD,recent_ramp_high_dispersion,ex_post_descriptive,2046,138.28523318915256,140.5802515304192,2.2950183412666108,0.0,0.31867057673509286,2.259104417843743,1.8430093945095727,27.84280273627501,-23.40504323099099,0.6046809344632855,0.0005700224156094198,0.0006202291909511772,5.0206775341757425e-05,full,complete,generated_current,generated_current,/home/runner/work/money-making/money-making/projects/harv-extension/outputs/pm_native_geometry_warmup600_actions/28733449635/GLD/predictions/full/GLD.csv,42,all,True,True,True,36739,36739
PM_QDK_2,CP_REPO_FRESH,GLD,entry_with_recent_spike,ex_post_descriptive,4271,99.31852224137425,99.10783643030712,-0.21068581106714168,0.0,0.41863732147038163,-0.22238797791228612,-0.25242497462538205,19.855075757864608,-20.267658437711408,11.358262406356303,0.0005819960030945743,0.0006089615780405372,2.6965574945962957e-05,full,complete,generated_current,generated_current,/home/runner/work/money-making/money-making/projects/harv-extension/outputs/pm_native_geometry_warmup600_actions/28733449635/GLD/predictions/full/GLD.csv,42,all,True,True,True,36739,36739
PM_QDK_2,CP_REPO_FRESH,GLD,entry_without_recent_spike,ex_post_descriptive,3073,97.03999907435279,96.32863294818564,-0.7113661261671347,0.0,0.42043605597136346,-0.625384378388913,-0.11904911634278297,15.10473598519233,-16.967433149788974,8.259748670807284,0.0005241352144853201,0.0005040088385640757,-2.0126375921244393e-05,full,complete,generated_current,generated_current,/home/runner/work/money-making/money-making/projects/harv-extension/outputs/pm_native_geometry_warmup600_actions/28733449635/GLD/predictions/full/GLD.csv,42,all,True,True,True,36739,36739
PM_QDK_2,CP_REPO_FRESH,GLD,same_average_recent_front_loaded,ex_post_descriptive,1352,97.79911961297394,97.830158092515,0.031038479541097796,0.0,0.41272189349112426,0.11908444317649107,-0.14164750408768667,13.186875931118614,-12.74618945161084,7.192846311871864,0.0005189064455175863,0.0005192809382632234,3.744927456370415e-07,full,complete,generated_current,generated_current,/home/runner/work/money-making/money-making/projects/harv-extension/outputs/pm_native_geometry_warmup600_actions/28733449635/GLD/predictions/full/GLD.csv,42,all,True,True,True,36739,36739
PM_QDK_2,CP_REPO_FRESH,GLD,same_average_back_loaded,ex_post_descriptive,1383,109.20410995444325,109.39590608744696,0.19179613300371445,0.0,0.38177874186550975,0.19584005311841793,0.030764985625169466,10.806862207405416,-10.816638555797061,3.898393508898579,0.0005052232702527318,0.0004935473522690242,-1.167591798370762e-05,full,complete,generated_current,generated_current,/home/runner/work/money-making/money-making/projects/harv-extension/outputs/pm_native_geometry_warmup600_actions/28733449635/GLD/predictions/full/GLD.csv,42,all,True,True,True,36739,36739
PM_QDK_2,CP_REPO_FRESH,GLD,stable_low_dispersion,ex_post_descriptive,7110,76.57249613147316,76.54725591915737,-0.02524021231579626,0.38254227845030897,0.5143459915611814,0.07909583814806133,0.46955332508816033,13.00506933003252,-15.203502053979054,10.201221270978348,0.00048541799455235684,0.0004874379405874704,2.019946035113475e-06,full,complete,generated_current,generated_current,/home/runner/work/money-making/money-making/projects/harv-extension/outputs/pm_native_geometry_warmup600_actions/28733449635/GLD/predictions/full/GLD.csv,42,all,True,True,True,36739,36739
PHQO,CP_REPO_FRESH,GLD,all_observations,not_conditioned,36519,102.94693708172215,102.96195398271593,-0.0009288793064868588,0.0,0.37796763328678223,-0.0009028513692904228,-0.0003553668046267994,0.01807615825795039,-0.018231145153238384,0.004035687380721242,0.0004812615776445823,0.00048123963827138497,-2.1939373197266124e-08,full,complete,generated_current,generated_current,/home/runner/work/money-making/money-making/projects/harv-extension/outputs/pm_native_geometry_warmup600_actions/28733449635/GLD/predictions/full/GLD.csv,42,all,False,False,True,36541,36541
PHQO,CP_REPO_FRESH,GLD,cluster_entry_loose,ex_post_descriptive,7304,97.31345635853707,97.3381910914573,-0.0033840862823097534,0.0,0.3988225629791895,-0.003179751259398438,-0.0006544323642350203,0.017590837743356656,-0.023064897777049422,0.00523764207781241,0.0005654754789589109,0.0005654326402708028,-4.283868810806342e-08,full,complete,generated_current,generated_current,/home/runner/work/money-making/money-making/projects/harv-extension/outputs/pm_native_geometry_warmup600_actions/28733449635/GLD/predictions/full/GLD.csv,42,all,False,False,True,36541,36541
PHQO,CP_REPO_FRESH,GLD,cluster_entry_strict,ex_post_descriptive,7244,96.97412753638272,96.99914165850429,-0.0034312958131234427,0.0,0.3992269464384318,-0.0032305201358940653,-0.0006612505959047897,0.017557477353401123,-0.02307067382082856,0.005252814876140377,0.0005673987846933986,0.0005673563139462766,-4.247074712204517e-08,full,complete,generated_current,generated_current,/home/runner/work/money-making/money-making/projects/harv-extension/outputs/pm_native_geometry_warmup600_actions/28733449635/GLD/predictions/full/GLD.csv,42,all,False,False,True,36541,36541
PHQO,CP_REPO_FRESH,GLD,cluster_exit_loose,ex_post_descriptive,7304,104.86697682662974,104.86670686406346,-0.0002699625662698631,0.0,0.36856516976998904,-0.00034795054119504714,-0.00045696780080251714,0.02410533439540328,-0.021886535769708906,0.005080485848708349,0.0005088925705530311,0.0005088325969225234,-5.99736305076676e-08,full,complete,generated_current,generated_current,/home/runner/work/money-making/money-making/projects/harv-extension/outputs/pm_native_geometry_warmup600_actions/28733449635/GLD/predictions/full/GLD.csv,42,all,False,False,True,36541,36541
PHQO,CP_REPO_FRESH,GLD,cluster_exit_strict,ex_post_descriptive,7269,104.49195110565735,104.49165588823678,-0.0002952174205776452,0.0,0.3691016646031091,-0.0003778544042269151,-0.0004692393684923465,0.024112943973406735,-0.021907887286407465,0.00511572154721307,0.0005069637246667619,0.0005069036312847615,-6.009338200038593e-08,full,complete,generated_current,generated_current,/home/runner/work/money-making/money-making/projects/harv-extension/outputs/pm_native_geometry_warmup600_actions/28733449635/GLD/predictions/full/GLD.csv,42,all,False,False,True,36541,36541
PHQO,CP_REPO_FRESH,GLD,inflection_points,ex_post_descriptive,15246,95.39339350616275,95.39123959284787,-0.002153913314886187,0.0,0.3924308015217106,-0.00199330900364966,-0.0006609389308606485,0.01991580478152845,-0.021857178948323192,0.005638262054353582,0.0004943107698210185,0.0004942496749601004,-6.109486091818586e-08,full,complete,generated_current,generated_current,/home/runner/work/money-making/money-making/projects/harv-extension/outputs/pm_native_geometry_warmup600_actions/28733449635/GLD/predictions/full/GLD.csv,42,all,False,False,True,36541,36541
PHQO,CP_REPO_FRESH,GLD,high_within_block_dispersion,ex_post_descriptive,7086,145.13776320219756,145.15855179524956,-0.0024394663316259562,0.0,0.2798475867908552,-0.0024368950636619955,-0.0004399448696095583,0.038946810389993626,-0.04718435598116026,2.842170943040401e-14,0.0004503240191370752,0.00045019655496729427,-1.2746416978093813e-07,full,complete,generated_current,generated_current,/home/runner/work/money-making/money-making/projects/harv-extension/outputs/pm_native_geometry_warmup600_actions/28733449635/GLD/predictions/full/GLD.csv,42,all,False,False,True,36541,36541
PHQO,CP_REPO_FRESH,GLD,recent_spike_position,ex_post_descriptive,11391,105.97622832267731,106.00757192003299,-0.001673853449638972,0.0,0.38021244842419455,-0.0013620447246152103,-0.0002744338249962723,0.013644182665562908,-0.01681797382302387,0.003335787204544971,0.0005046437368909628,0.00050461572514707,-2.8011743892726253e-08,full,complete,generated_current,generated_current,/home/runner/work/money-making/money-making/projects/harv-extension/outputs/pm_native_geometry_warmup600_actions/28733449635/GLD/predictions/full/GLD.csv,42,all,False,False,True,36541,36541
PHQO,CP_REPO_FRESH,GLD,older_spike_position,ex_post_descriptive,11387,103.96006149245335,103.95987734071707,-0.00018415173629952655,0.0,0.3677000087819443,-0.000299313290297987,-0.00037091551544484624,0.017615384566550398,-0.015575472484884853,0.003772456877584318,0.0004751078490175447,0.0004751120242443455,4.175226800759781e-09,full,complete,generated_current,generated_current,/home/runner/work/money-making/money-making/projects/harv-extension/outputs/pm_native_geometry_warmup600_actions/28733449635/GLD/predictions/full/GLD.csv,42,all,False,False,True,36541,36541
PHQO,CP_REPO_FRESH,GLD,same_average_different_path,ex_post_descriptive,955,125.71364554629635,125.71353715981024,-0.00010838648611456558,0.0,0.33403141361256544,-0.00014151616309075063,-0.00021990097209277152,0.01841375072309801,-0.01873823064234381,0.0019289654564609293,0.000538845424448033,0.0005387665072125193,-7.891723551382162e-08,full,complete,generated_current,generated_current,/home/runner/work/money-making/money-making/projects/harv-extension/outputs/pm_native_geometry_warmup600_actions/28733449635/GLD/predictions/full/GLD.csv,42,all,False,False,True,36541,36541
PHQO,CP_REPO_FRESH,GLD,recent_ramp_high_dispersion,ex_post_descriptive,2009,139.30627413608363,139.35567704909954,-0.01102989510654222,0.0,0.26630164260826283,-0.011590971530729258,-0.0036394454324669002,0.0369512172045946,-0.05772162628552113,0.0007537077128034753,0.0006265550775143804,0.0006263729224315781,-1.8215508280238471e-07,full,complete,generated_current,generated_current,/home/runner/work/money-making/money-making/projects/harv-extension/outputs/pm_native_geometry_warmup600_actions/28733449635/GLD/predictions/full/GLD.csv,42,all,False,False,True,36541,36541
PHQO,CP_REPO_FRESH,GLD,entry_with_recent_spike,ex_post_descriptive,4249,98.35912310091425,98.40317369377719,-0.0037934506059785753,0.0,0.4033890327135797,-0.0030419228148171294,-0.0007032020818820591,0.012361106728855108,-0.019527602961700873,0.004356241569396957,0.0006098317869381665,0.0006097919235662084,-3.986337195808445e-08,full,complete,generated_current,generated_current,/home/runner/work/money-making/money-making/projects/harv-extension/outputs/pm_native_geometry_warmup600_actions/28733449635/GLD/predictions/full/GLD.csv,42,all,False,False,True,36541,36541
PHQO,CP_REPO_FRESH,GLD,entry_without_recent_spike,ex_post_descriptive,3055,95.85979133239107,95.85697633621764,-0.002814996173432018,0.0,0.39247135842880526,-0.0030324353998369934,-0.0006056914064967765,0.025066866900033586,-0.027950098859707218,0.006615965107137356,0.0005037831867808889,0.0005037362099198442,-4.697686104464631e-08,full,complete,generated_current,generated_current,/home/runner/work/money-making/money-making/projects/harv-extension/outputs/pm_native_geometry_warmup600_actions/28733449635/GLD/predictions/full/GLD.csv,42,all,False,False,True,36541,36541
PHQO,CP_REPO_FRESH,GLD,same_average_recent_front_loaded,ex_post_descriptive,1335,96.92740973034651,96.92579432533134,-0.001615405015177569,0.0,0.40074906367041196,-0.0013981905074348176,-0.0005008578637207667,0.01302803894432527,-0.015236338114317316,0.004436593860290827,0.0005228739459875422,0.0005228226956866105,-5.1250300931767796e-08,full,complete,generated_current,generated_current,/home/runner/work/money-making/money-making/projects/harv-extension/outputs/pm_native_geometry_warmup600_actions/28733449635/GLD/predictions/full/GLD.csv,42,all,False,False,True,36541,36541
PHQO,CP_REPO_FRESH,GLD,same_average_back_loaded,ex_post_descriptive,1382,108.61562722504702,108.61489686455089,-0.0007303604961231966,0.0,0.3589001447178003,-0.0007368689204193204,-0.0004770229717148099,0.01470910800956936,-0.01510013777888847,0.003638822946358644,0.000495036083526674,0.0004949818741308519,-5.420939582199905e-08,full,complete,generated_current,generated_current,/home/runner/work/money-making/money-making/projects/harv-extension/outputs/pm_native_geometry_warmup600_actions/28733449635/GLD/predictions/full/GLD.csv,42,all,False,False,True,36541,36541
PHQO,CP_REPO_FRESH,GLD,stable_low_dispersion,ex_post_descriptive,7086,76.48104711449324,76.49778241576595,-0.0006962043848892291,-0.00034429445673822556,0.42562799887101327,-0.0006022148069893714,-0.0005243393129873487,0.00938895936543308,-0.008814875268580689,0.00404980834977664,0.00048753673865228994,0.00048752985857080354,-6.8800814863316855e-09,full,complete,generated_current,generated_current,/home/runner/work/money-making/money-making/projects/harv-extension/outputs/pm_native_geometry_warmup600_actions/28733449635/GLD/predictions/full/GLD.csv,42,all,False,False,True,36541,36541
CP_REPO_FRESH,CP_REPO_FRESH,GOOGL,all_observations,not_conditioned,36717,92.97006248295897,92.97006248295897,0.0,0.0,0.0,0.0,0.0,,,0.0,0.0008987698981145389,0.0008987698981145389,0.0,full,complete,generated_current,generated_current,/home/runner/work/money-making/money-making/projects/harv-extension/outputs/pm_native_geometry_warmup600_actions/28733449635/GOOGL/predictions/full/GOOGL.csv,42,all,True,True,True,36739,36739
CP_REPO_FRESH,CP_REPO_FRESH,GOOGL,cluster_entry_loose,ex_post_descriptive,7344,88.15428998415406,88.15428998415406,0.0,0.0,0.0,0.0,0.0,,,0.0,0.0012087613403347266,0.0012087613403347266,0.0,full,complete,generated_current,generated_current,/home/runner/work/money-making/money-making/projects/harv-extension/outputs/pm_native_geometry_warmup600_actions/28733449635/GOOGL/predictions/full/GOOGL.csv,42,all,True,True,True,36739,36739
CP_REPO_FRESH,CP_REPO_FRESH,GOOGL,cluster_entry_strict,ex_post_descriptive,7314,88.00345248481948,88.00345248481948,0.0,0.0,0.0,0.0,0.0,,,0.0,0.001211645953431748,0.001211645953431748,0.0,full,complete,generated_current,generated_current,/home/runner/work/money-making/money-making/projects/harv-extension/outputs/pm_native_geometry_warmup600_actions/28733449635/GOOGL/predictions/full/GOOGL.csv,42,all,True,True,True,36739,36739
CP_REPO_FRESH,CP_REPO_FRESH,GOOGL,cluster_exit_loose,ex_post_descriptive,7344,91.43307226999242,91.43307226999242,0.0,0.0,0.0,0.0,0.0,,,0.0,0.0009331081808010367,0.0009331081808010367,0.0,full,complete,generated_current,generated_current,/home/runner/work/money-making/money-making/projects/harv-extension/outputs/pm_native_geometry_warmup600_actions/28733449635/GOOGL/predictions/full/GOOGL.csv,42,all,True,True,True,36739,36739
CP_REPO_FRESH,CP_REPO_FRESH,GOOGL,cluster_exit_strict,ex_post_descriptive,7334,91.35088502700397,91.35088502700397,0.0,0.0,0.0,0.0,0.0,,,0.0,0.0009335676140741796,0.0009335676140741796,0.0,full,complete,generated_current,generated_current,/home/runner/work/money-making/money-making/projects/harv-extension/outputs/pm_native_geometry_warmup600_actions/28733449635/GOOGL/predictions/full/GOOGL.csv,42,all,True,True,True,36739,36739
CP_REPO_FRESH,CP_REPO_FRESH,GOOGL,inflection_points,ex_post_descriptive,14932,89.25986685102148,89.25986685102148,0.0,0.0,0.0,0.0,0.0,,,0.0,0.000973902066658434,0.000973902066658434,0.0,full,complete,generated_current,generated_current,/home/runner/work/money-making/money-making/projects/harv-extension/outputs/pm_native_geometry_warmup600_actions/28733449635/GOOGL/predictions/full/GOOGL.csv,42,all,True,True,True,36739,36739
CP_REPO_FRESH,CP_REPO_FRESH,GOOGL,high_within_block_dispersion,ex_post_descriptive,7329,122.01124263154175,122.01124263154175,0.0,0.0,0.0,0.0,0.0,,,0.0,0.0008135311331792443,0.0008135311331792443,0.0,full,complete,generated_current,generated_current,/home/runner/work/money-making/money-making/projects/harv-extension/outputs/pm_native_geometry_warmup600_actions/28733449635/GOOGL/predictions/full/GOOGL.csv,42,all,True,True,True,36739,36739
CP_REPO_FRESH,CP_REPO_FRESH,GOOGL,recent_spike_position,ex_post_descriptive,10981,93.24851822537588,93.24851822537588,0.0,0.0,0.0,0.0,0.0,,,0.0,0.001039687968570348,0.001039687968570348,0.0,full,complete,generated_current,generated_current,/home/runner/work/money-making/money-making/projects/harv-extension/outputs/pm_native_geometry_warmup600_actions/28733449635/GOOGL/predictions/full/GOOGL.csv,42,all,True,True,True,36739,36739
CP_REPO_FRESH,CP_REPO_FRESH,GOOGL,older_spike_position,ex_post_descriptive,11554,93.00000162831354,93.00000162831354,0.0,0.0,0.0,0.0,0.0,,,0.0,0.0008290298887256264,0.0008290298887256264,0.0,full,complete,generated_current,generated_current,/home/runner/work/money-making/money-making/projects/harv-extension/outputs/pm_native_geometry_warmup600_actions/28733449635/GOOGL/predictions/full/GOOGL.csv,42,all,True,True,True,36739,36739
CP_REPO_FRESH,CP_REPO_FRESH,GOOGL,same_average_different_path,ex_post_descriptive,730,105.57507395565514,105.57507395565514,0.0,0.0,0.0,0.0,0.0,,,0.0,0.0008027006481404035,0.0008027006481404035,0.0,full,complete,generated_current,generated_current,/home/runner/work/money-making/money-making/projects/harv-extension/outputs/pm_native_geometry_warmup600_actions/28733449635/GOOGL/predictions/full/GOOGL.csv,42,all,True,True,True,36739,36739
CP_REPO_FRESH,CP_REPO_FRESH,GOOGL,recent_ramp_high_dispersion,ex_post_descriptive,2126,115.88994937581583,115.88994937581583,0.0,0.0,0.0,0.0,0.0,,,0.0,0.0012744679096855817,0.0012744679096855817,0.0,full,complete,generated_current,generated_current,/home/runner/work/money-making/money-making/projects/harv-extension/outputs/pm_native_geometry_warmup600_actions/28733449635/GOOGL/predictions/full/GOOGL.csv,42,all,True,True,True,36739,36739
CP_REPO_FRESH,CP_REPO_FRESH,GOOGL,entry_with_recent_spike,ex_post_descriptive,4422,89.57595967024308,89.57595967024308,0.0,0.0,0.0,0.0,0.0,,,0.0,0.0013473432038215438,0.0013473432038215438,0.0,full,complete,generated_current,generated_current,/home/runner/work/money-making/money-making/projects/harv-extension/outputs/pm_native_geometry_warmup600_actions/28733449635/GOOGL/predictions/full/GOOGL.csv,42,all,True,True,True,36739,36739
CP_REPO_FRESH,CP_REPO_FRESH,GOOGL,entry_without_recent_spike,ex_post_descriptive,2922,86.00281039760867,86.00281039760867,0.0,0.0,0.0,0.0,0.0,,,0.0,0.0009990388898423565,0.0009990388898423565,0.0,full,complete,generated_current,generated_current,/home/runner/work/money-making/money-making/projects/harv-extension/outputs/pm_native_geometry_warmup600_actions/28733449635/GOOGL/predictions/full/GOOGL.csv,42,all,True,True,True,36739,36739
CP_REPO_FRESH,CP_REPO_FRESH,GOOGL,same_average_recent_front_loaded,ex_post_descriptive,1430,87.69918210226959,87.69918210226959,0.0,0.0,0.0,0.0,0.0,,,0.0,0.0010936224608509787,0.0010936224608509787,0.0,full,complete,generated_current,generated_current,/home/runner/work/money-making/money-making/projects/harv-extension/outputs/pm_native_geometry_warmup600_actions/28733449635/GOOGL/predictions/full/GOOGL.csv,42,all,True,True,True,36739,36739
CP_REPO_FRESH,CP_REPO_FRESH,GOOGL,same_average_back_loaded,ex_post_descriptive,1485,102.72465469871935,102.72465469871935,0.0,0.0,0.0,0.0,0.0,,,0.0,0.0008100591598741716,0.0008100591598741716,0.0,full,complete,generated_current,generated_current,/home/runner/work/money-making/money-making/projects/harv-extension/outputs/pm_native_geometry_warmup600_actions/28733449635/GOOGL/predictions/full/GOOGL.csv,42,all,True,True,True,36739,36739
CP_REPO_FRESH,CP_REPO_FRESH,GOOGL,stable_low_dispersion,ex_post_descriptive,7329,78.14686552425118,78.14686552425118,0.0,0.0,0.0,0.0,0.0,,,0.0,0.000984015581499491,0.000984015581499491,0.0,full,complete,generated_current,generated_current,/home/runner/work/money-making/money-making/projects/harv-extension/outputs/pm_native_geometry_warmup600_actions/28733449635/GOOGL/predictions/full/GOOGL.csv,42,all,True,True,True,36739,36739
PM_QDK,CP_REPO_FRESH,GOOGL,all_observations,not_conditioned,36717,94.49959515430378,92.97006248295897,-1.5295326713448167,0.0,0.3902279598006373,-1.5943428117955936,-1.58359090295729,12.649848843673016,-13.04290107273457,7.151214052561812,0.0009360112186358441,0.0008987698981145389,-3.724132052130524e-05,full,complete,generated_current,generated_current,/home/runner/work/money-making/money-making/projects/harv-extension/outputs/pm_native_geometry_warmup600_actions/28733449635/GOOGL/predictions/full/GOOGL.csv,42,all,True,True,True,36739,36739
PM_QDK,CP_REPO_FRESH,GOOGL,cluster_entry_loose,ex_post_descriptive,7344,88.6272242391764,88.15428998415406,-0.47293425502231934,0.0,0.44485294117647056,-0.4498291841790046,-0.7641761504708445,15.699374099301359,-15.439268212940924,9.207491965631625,0.0011916212788780996,0.0012087613403347266,1.714006145662676e-05,full,complete,generated_current,generated_current,/home/runner/work/money-making/money-making/projects/harv-extension/outputs/pm_native_geometry_warmup600_actions/28733449635/GOOGL/predictions/full/GOOGL.csv,42,all,True,True,True,36739,36739
PM_QDK,CP_REPO_FRESH,GOOGL,cluster_entry_strict,ex_post_descriptive,7314,88.46480832144071,88.00345248481948,-0.4613558366212315,0.0,0.4453103636860815,-0.4368708329891878,-0.7492804931491671,15.71949603569001,-15.43783739102972,9.22359293104352,0.001193967491220352,0.001211645953431748,1.7678462211396147e-05,full,complete,generated_current,generated_current,/home/runner/work/money-making/money-making/projects/harv-extension/outputs/pm_native_geometry_warmup600_actions/28733449635/GOOGL/predictions/full/GOOGL.csv,42,all,True,True,True,36739,36739
PM_QDK,CP_REPO_FRESH,GOOGL,cluster_exit_loose,ex_post_descriptive,7344,93.80543754087486,91.43307226999242,-2.3723652708824496,-2.842170943040401e-14,0.36546840958605664,-2.3922845215020745,-2.3170709839631205,13.466095081311234,-14.234825869678465,7.808494059512888,0.0010156440637357116,0.0009331081808010367,-8.253588293467513e-05,full,complete,generated_current,generated_current,/home/runner/work/money-making/money-making/projects/harv-extension/outputs/pm_native_geometry_warmup600_actions/28733449635/GOOGL/predictions/full/GOOGL.csv,42,all,True,True,True,36739,36739
PM_QDK,CP_REPO_FRESH,GOOGL,cluster_exit_strict,ex_post_descriptive,7334,93.73547153246372,91.35088502700397,-2.384586505459741,-0.004814352092909591,0.3655576765748568,-2.404509018142235,-2.324638734740873,13.445257765496084,-14.238109973493815,7.814577124772351,0.0010161403898946695,0.0009335676140741796,-8.257277582048981e-05,full,complete,generated_current,generated_current,/home/runner/work/money-making/money-making/projects/harv-extension/outputs/pm_native_geometry_warmup600_actions/28733449635/GOOGL/predictions/full/GOOGL.csv,42,all,True,True,True,36739,36739
PM_QDK,CP_REPO_FRESH,GOOGL,inflection_points,ex_post_descriptive,14932,90.81357971436215,89.25986685102148,-1.5537128633406634,-2.842170943040401e-14,0.39974551299223143,-1.5416783698588266,-1.5869609170574477,13.359609836499972,-13.680206191291843,7.8898269836116,0.0010114313972770927,0.000973902066658434,-3.752933061865874e-05,full,complete,generated_current,generated_current,/home/runner/work/money-making/money-making/projects/harv-extension/outputs/pm_native_geometry_warmup600_actions/28733449635/GOOGL/predictions/full/GOOGL.csv,42,all,True,True,True,36739,36739
PM_QDK,CP_REPO_FRESH,GOOGL,high_within_block_dispersion,ex_post_descriptive,7329,123.84992573548955,122.01124263154175,-1.8386831039477998,0.0,0.301541820166462,-1.8389818857869498,-2.3307789154903285,20.88254985157237,-18.87500590085735,6.581909828643219,0.000867322104967828,0.0008135311331792443,-5.379097178858385e-05,full,complete,generated_current,generated_current,/home/runner/work/money-making/money-making/projects/harv-extension/outputs/pm_native_geometry_warmup600_actions/28733449635/GOOGL/predictions/full/GOOGL.csv,42,all,True,True,True,36739,36739
PM_QDK,CP_REPO_FRESH,GOOGL,recent_spike_position,ex_post_descriptive,10981,94.14303590332064,93.24851822537588,-0.894517677944745,0.0,0.41699298788817046,-0.9030725635912378,-1.0749702814466946,13.583105716828412,-13.645270878906505,7.611351907598781,0.001036847305013351,0.001039687968570348,2.840663556997065e-06,full,complete,generated_current,generated_current,/home/runner/work/money-making/money-making/projects/harv-extension/outputs/pm_native_geometry_warmup600_actions/28733449635/GOOGL/predictions/full/GOOGL.csv,42,all,True,True,True,36739,36739
PM_QDK,CP_REPO_FRESH,GOOGL,older_spike_position,ex_post_descriptive,11554,94.71409511855494,93.00000162831354,-1.714093490241403,0.0,0.3783105418037043,-1.8182611851190915,-1.727785695637871,11.782247995649959,-12.396530280812785,6.8382208312121655,0.0008805443367288802,0.0008290298887256264,-5.151444800325367e-05,full,complete,generated_current,generated_current,/home/runner/work/money-making/money-making/projects/harv-extension/outputs/pm_native_geometry_warmup600_actions/28733449635/GOOGL/predictions/full/GOOGL.csv,42,all,True,True,True,36739,36739
PM_QDK,CP_REPO_FRESH,GOOGL,same_average_different_path,ex_post_descriptive,730,108.51661667101381,105.57507395565514,-2.9415427153586635,0.0,0.32602739726027397,-3.038059219790303,-3.0061974634922164,12.69392639258827,-14.937805386265413,6.693205252882326,0.0009022777287796527,0.0008027006481404035,-9.957708063924922e-05,full,complete,generated_current,generated_current,/home/runner/work/money-making/money-making/projects/harv-extension/outputs/pm_native_geometry_warmup600_actions/28733449635/GOOGL/predictions/full/GOOGL.csv,42,all,True,True,True,36739,36739
PM_QDK,CP_REPO_FRESH,GOOGL,recent_ramp_high_dispersion,ex_post_descriptive,2126,115.05402548301012,115.88994937581583,0.8359238928057022,0.0,0.4045155221072437,0.9644656043056687,0.13254342558180088,25.187130863371653,-22.620885490778946,10.78707785132104,0.0011627712267919944,0.0012744679096855817,0.00011169668289358716,full,complete,generated_current,generated_current,/home/runner/work/money-making/money-making/projects/harv-extension/outputs/pm_native_geometry_warmup600_actions/28733449635/GOOGL/predictions/full/GOOGL.csv,42,all,True,True,True,36739,36739
PM_QDK,CP_REPO_FRESH,GOOGL,entry_with_recent_spike,ex_post_descriptive,4422,90.00389271563893,89.57595967024308,-0.42793304539585475,0.0,0.4466304839439168,-0.42997980787800527,-0.8680559259225795,16.739915673309262,-16.472032696289475,9.959926079647168,0.0012987920809694842,0.0013473432038215438,4.855112285205958e-05,full,complete,generated_current,generated_current,/home/runner/work/money-making/money-making/projects/harv-extension/outputs/pm_native_geometry_warmup600_actions/28733449635/GOOGL/predictions/full/GOOGL.csv,42,all,True,True,True,36739,36739
PM_QDK,CP_REPO_FRESH,GOOGL,entry_without_recent_spike,ex_post_descriptive,2922,86.54384709923204,86.00281039760867,-0.5410367016233553,0.0,0.44216290212183434,-0.48859445313994787,-0.6463999164197693,14.108762947083392,-13.901355066508904,8.319040938802004,0.0010294346646248138,0.0009990388898423565,-3.0395774782457415e-05,full,complete,generated_current,generated_current,/home/runner/work/money-making/money-making/projects/harv-extension/outputs/pm_native_geometry_warmup600_actions/28733449635/GOOGL/predictions/full/GOOGL.csv,42,all,True,True,True,36739,36739
PM_QDK,CP_REPO_FRESH,GOOGL,same_average_recent_front_loaded,ex_post_descriptive,1430,88.71442237935267,87.69918210226959,-1.0152402770830822,0.0,0.44125874125874126,-1.2425328342511062,-1.1250404393446432,11.77082839454982,-12.77580764487733,7.666299179790585,0.0011106229430704268,0.0010936224608509787,-1.700048221944805e-05,full,complete,generated_current,generated_current,/home/runner/work/money-making/money-making/projects/harv-extension/outputs/pm_native_geometry_warmup600_actions/28733449635/GOOGL/predictions/full/GOOGL.csv,42,all,True,True,True,36739,36739
PM_QDK,CP_REPO_FRESH,GOOGL,same_average_back_loaded,ex_post_descriptive,1485,105.33003444313879,102.72465469871935,-2.6053797444194586,-2.842170943040401e-14,0.3218855218855219,-2.6438127032132823,-2.6204197398166356,11.377629987643335,-12.443176543524613,6.136567553352783,0.0008901988710029346,0.0008100591598741716,-8.013971112876292e-05,full,complete,generated_current,generated_current,/home/runner/work/money-making/money-making/projects/harv-extension/outputs/pm_native_geometry_warmup600_actions/28733449635/GOOGL/predictions/full/GOOGL.csv,42,all,True,True,True,36739,36739
PM_QDK,CP_REPO_FRESH,GOOGL,stable_low_dispersion,ex_post_descriptive,7329,79.01563275720706,78.14686552425118,-0.8687672329559003,-0.23433159481733767,0.4445354072861236,-0.8929180536875866,-0.9068547417950499,10.38112117443198,-10.665840720974835,7.292694919487722,0.0010066889191474072,0.000984015581499491,-2.2673337647916355e-05,full,complete,generated_current,generated_current,/home/runner/work/money-making/money-making/projects/harv-extension/outputs/pm_native_geometry_warmup600_actions/28733449635/GOOGL/predictions/full/GOOGL.csv,42,all,True,True,True,36739,36739
PM_QDK_2,CP_REPO_FRESH,GOOGL,all_observations,not_conditioned,36717,92.17100310450198,92.97006248295897,0.7990593784569889,0.0,0.4857967698886075,0.7464870779681272,1.0780758057472632,19.287842267547894,-21.31523837221935,14.846203069746906,0.0008695716149521427,0.0008987698981145389,2.9198283162396336e-05,full,complete,generated_current,generated_current,/home/runner/work/money-making/money-making/projects/harv-extension/outputs/pm_native_geometry_warmup600_actions/28733449635/GOOGL/predictions/full/GOOGL.csv,42,all,True,True,True,36739,36739
PM_QDK_2,CP_REPO_FRESH,GOOGL,cluster_entry_loose,ex_post_descriptive,7344,89.06238298823281,88.15428998415406,-0.9080930040787487,0.0,0.46486928104575165,-0.9482311225643202,-1.2967315168170441,25.310703158896725,-27.152793350766554,21.292270441955054,0.0011766393914927741,0.0012087613403347266,3.212194884195251e-05,full,complete,generated_current,generated_current,/home/runner/work/money-making/money-making/projects/harv-extension/outputs/pm_native_geometry_warmup600_actions/28733449635/GOOGL/predictions/full/GOOGL.csv,42,all,True,True,True,36739,36739
PM_QDK_2,CP_REPO_FRESH,GOOGL,cluster_entry_strict,ex_post_descriptive,7314,88.91639787198831,88.00345248481948,-0.9129453871688261,0.0,0.46513535684987695,-0.95311240945012,-1.3034157613309694,25.360181524047828,-27.195032213740056,21.352008857282385,0.0011794185840265736,0.001211645953431748,3.2227369405174386e-05,full,complete,generated_current,generated_current,/home/runner/work/money-making/money-making/projects/harv-extension/outputs/pm_native_geometry_warmup600_actions/28733449635/GOOGL/predictions/full/GOOGL.csv,42,all,True,True,True,36739,36739
PM_QDK_2,CP_REPO_FRESH,GOOGL,cluster_exit_loose,ex_post_descriptive,7344,91.72457477448368,91.43307226999242,-0.2915025044912709,0.0,0.46200980392156865,-0.3861574967007632,-0.0024793657749704445,17.477799789112037,-19.794770965670438,12.943605167403113,0.0009449872139659914,0.0009331081808010367,-1.187903316495492e-05,full,complete,generated_current,generated_current,/home/runner/work/money-making/money-making/projects/harv-extension/outputs/pm_native_geometry_warmup600_actions/28733449635/GOOGL/predictions/full/GOOGL.csv,42,all,True,True,True,36739,36739
PM_QDK_2,CP_REPO_FRESH,GOOGL,cluster_exit_strict,ex_post_descriptive,7334,91.65347974598791,91.35088502700397,-0.30259471898392504,0.0,0.46209435505863106,-0.39760635222480384,-0.015633514464538298,17.475284570201516,-19.801150202204653,12.963305979856479,0.0009454708649026676,0.0009335676140741796,-1.1903250828487977e-05,full,complete,generated_current,generated_current,/home/runner/work/money-making/money-making/projects/harv-extension/outputs/pm_native_geometry_warmup600_actions/28733449635/GOOGL/predictions/full/GOOGL.csv,42,all,True,True,True,36739,36739
PM_QDK_2,CP_REPO_FRESH,GOOGL,inflection_points,ex_post_descriptive,14932,89.2713589302025,89.25986685102148,-0.011492079181008906,0.0,0.47923921778730244,-0.06437907202681954,0.22304083653995613,20.068444370017126,-22.37842609154449,15.9986455101209,0.0009574012102362557,0.000973902066658434,1.6500856422178253e-05,full,complete,generated_current,generated_current,/home/runner/work/money-making/money-making/projects/harv-extension/outputs/pm_native_geometry_warmup600_actions/28733449635/GOOGL/predictions/full/GOOGL.csv,42,all,True,True,True,36739,36739
PM_QDK_2,CP_REPO_FRESH,GOOGL,high_within_block_dispersion,ex_post_descriptive,7329,120.42170026077221,122.01124263154175,1.5895423707695262,0.0,0.4018283531177514,1.5647850377505672,1.1598266706948763,20.475403890467323,-20.07025925002327,6.453895069859158,0.0007703043493598606,0.0008135311331792443,4.322678381938351e-05,full,complete,generated_current,generated_current,/home/runner/work/money-making/money-making/projects/harv-extension/outputs/pm_native_geometry_warmup600_actions/28733449635/GOOGL/predictions/full/GOOGL.csv,42,all,True,True,True,36739,36739
PM_QDK_2,CP_REPO_FRESH,GOOGL,recent_spike_position,ex_post_descriptive,10981,93.01870683999547,93.24851822537588,0.22981138538041332,0.0,0.4802841271286768,0.18403693566629847,0.36900857684456917,23.172371856345688,-25.968220947603566,19.40796656570938,0.0009922261865216197,0.001039687968570348,4.746178204872827e-05,full,complete,generated_current,generated_current,/home/runner/work/money-making/money-making/projects/harv-extension/outputs/pm_native_geometry_warmup600_actions/28733449635/GOOGL/predictions/full/GOOGL.csv,42,all,True,True,True,36739,36739
PM_QDK_2,CP_REPO_FRESH,GOOGL,older_spike_position,ex_post_descriptive,11554,91.73464624338776,93.00000162831354,1.2653553849257813,0.0,0.49134498874848537,1.2187262690949254,1.5970487992020745,17.79219772554228,-19.269772556428965,13.53999815176173,0.0008039532246123574,0.0008290298887256264,2.5076664113269025e-05,full,complete,generated_current,generated_current,/home/runner/work/money-making/money-making/projects/harv-extension/outputs/pm_native_geometry_warmup600_actions/28733449635/GOOGL/predictions/full/GOOGL.csv,42,all,True,True,True,36739,36739
PM_QDK_2,CP_REPO_FRESH,GOOGL,same_average_different_path,ex_post_descriptive,730,105.84901606066009,105.57507395565514,-0.27394210500496347,0.0,0.4273972602739726,-0.44005853906868153,-0.08429513736676306,17.61715121239281,-19.77961428791729,10.801947808442582,0.0007991114736509833,0.0008027006481404035,3.5891744894203668e-06,full,complete,generated_current,generated_current,/home/runner/work/money-making/money-making/projects/harv-extension/outputs/pm_native_geometry_warmup600_actions/28733449635/GOOGL/predictions/full/GOOGL.csv,42,all,True,True,True,36739,36739
PM_QDK_2,CP_REPO_FRESH,GOOGL,recent_ramp_high_dispersion,ex_post_descriptive,2126,112.87932303455224,115.88994937581583,3.010626341263589,0.0,0.464722483537159,3.017064923644957,2.3570408109634777,30.387204069836752,-30.598401579627357,16.88912507266062,0.0011124707030680924,0.0012744679096855817,0.00016199720661748908,full,complete,generated_current,generated_current,/home/runner/work/money-making/money-making/projects/harv-extension/outputs/pm_native_geometry_warmup600_actions/28733449635/GOOGL/predictions/full/GOOGL.csv,42,all,True,True,True,36739,36739
PM_QDK_2,CP_REPO_FRESH,GOOGL,entry_with_recent_spike,ex_post_descriptive,4422,91.17681858928219,89.57595967024308,-1.6008589190391187,0.0,0.4531886024423338,-1.62577790147549,-2.2746664937177785,28.561646816287258,-30.337989792372944,24.821068003065143,0.0012943989092477222,0.0013473432038215438,5.2944294573821424e-05,full,complete,generated_current,generated_current,/home/runner/work/money-making/money-making/projects/harv-extension/outputs/pm_native_geometry_warmup600_actions/28733449635/GOOGL/predictions/full/GOOGL.csv,42,all,True,True,True,36739,36739
PM_QDK_2,CP_REPO_FRESH,GOOGL,entry_without_recent_spike,ex_post_descriptive,2922,85.86250816693219,86.00281039760867,0.1403022306764725,0.0,0.48254620123203285,0.07973390438323802,-0.04235662393108242,20.69021302456295,-21.990242543269957,16.32029570809769,0.0009984283759170106,0.0009990388898423565,6.105139253459766e-07,full,complete,generated_current,generated_current,/home/runner/work/money-making/money-making/projects/harv-extension/outputs/pm_native_geometry_warmup600_actions/28733449635/GOOGL/predictions/full/GOOGL.csv,42,all,True,True,True,36739,36739
PM_QDK_2,CP_REPO_FRESH,GOOGL,same_average_recent_front_loaded,ex_post_descriptive,1430,89.43887730073307,87.69918210226959,-1.7396951984634874,0.0,0.45664335664335665,-1.8707268324967772,-2.0320713191779736,24.50548764064009,-26.913897471820615,22.796765926772323,0.001083737750163901,0.0010936224608509787,9.88471068707793e-06,full,complete,generated_current,generated_current,/home/runner/work/money-making/money-making/projects/harv-extension/outputs/pm_native_geometry_warmup600_actions/28733449635/GOOGL/predictions/full/GOOGL.csv,42,all,True,True,True,36739,36739
PM_QDK_2,CP_REPO_FRESH,GOOGL,same_average_back_loaded,ex_post_descriptive,1485,100.87567212926358,102.72465469871935,1.848982569455766,0.0,0.47878787878787876,1.7200299007476696,1.614968475685371,15.417520493838751,-15.271594712783534,10.32967686742117,0.0007728716637678358,0.0008100591598741716,3.718749610633596e-05,full,complete,generated_current,generated_current,/home/runner/work/money-making/money-making/projects/harv-extension/outputs/pm_native_geometry_warmup600_actions/28733449635/GOOGL/predictions/full/GOOGL.csv,42,all,True,True,True,36739,36739
PM_QDK_2,CP_REPO_FRESH,GOOGL,stable_low_dispersion,ex_post_descriptive,7329,77.19071704693913,78.14686552425118,0.9561484773120404,1.838222365721407,0.5285850729976804,0.9735282562090589,1.4349620990159038,20.111945730657084,-22.31153730973744,18.804868299340498,0.0009538056787809753,0.000984015581499491,3.0209902718515636e-05,full,complete,generated_current,generated_current,/home/runner/work/money-making/money-making/projects/harv-extension/outputs/pm_native_geometry_warmup600_actions/28733449635/GOOGL/predictions/full/GOOGL.csv,42,all,True,True,True,36739,36739
PHQO,CP_REPO_FRESH,GOOGL,all_observations,not_conditioned,36717,92.95513136149903,92.97006248295897,-0.005477747039635009,-6.942511346330615e-05,0.3666693902007245,-0.005177024148554374,-0.002798057661527456,0.029326137507748585,-0.031277864953381286,0.008236152468406477,0.0008986425209977571,0.0008987698981145389,1.2737711678168447e-07,full,complete,generated_current,generated_current,/home/runner/work/money-making/money-making/projects/harv-extension/outputs/pm_native_geometry_warmup600_actions/28733449635/GOOGL/predictions/full/GOOGL.csv,42,all,True,True,True,36739,36739
PHQO,CP_REPO_FRESH,GOOGL,cluster_entry_loose,ex_post_descriptive,7344,88.1648182335783,88.15428998415406,-0.010528249424238679,-0.00047166170837087407,0.4074074074074074,-0.009045876433681014,-0.0029242138198467176,0.02916846621903864,-0.042929450886534284,0.011045701593886292,0.001209094243997,0.0012087613403347266,-3.3290366227344666e-07,full,complete,generated_current,generated_current,/home/runner/work/money-making/money-making/projects/harv-extension/outputs/pm_native_geometry_warmup600_actions/28733449635/GOOGL/predictions/full/GOOGL.csv,42,all,True,True,True,36739,36739
PHQO,CP_REPO_FRESH,GOOGL,cluster_entry_strict,ex_post_descriptive,7314,88.01395039862633,88.00345248481948,-0.010497913806853975,-0.0004779762536273324,0.4078479628110473,-0.009014051457690925,-0.002907321464608273,0.029210443501822603,-0.04288762285433458,0.01105015178676183,0.0012119791853541081,0.001211645953431748,-3.3323192236003465e-07,full,complete,generated_current,generated_current,/home/runner/work/money-making/money-making/projects/harv-extension/outputs/pm_native_geometry_warmup600_actions/28733449635/GOOGL/predictions/full/GOOGL.csv,42,all,True,True,True,36739,36739
PHQO,CP_REPO_FRESH,GOOGL,cluster_exit_loose,ex_post_descriptive,7344,91.39297286433103,91.43307226999242,-0.004267953443648618,-2.842170943040401e-14,0.3741830065359477,-0.0048634629287667335,-0.003328256678991267,0.04275952062624131,-0.04000919594374614,0.013121937117407957,0.0009324872819463204,0.0009331081808010367,6.208988547162059e-07,full,complete,generated_current,generated_current,/home/runner/work/money-making/money-making/projects/harv-extension/outputs/pm_native_geometry_warmup600_actions/28733449635/GOOGL/predictions/full/GOOGL.csv,42,all,True,True,True,36739,36739
PHQO,CP_REPO_FRESH,GOOGL,cluster_exit_strict,ex_post_descriptive,7334,91.31071489488865,91.35088502700397,-0.004291379945634283,-2.842170943040401e-14,0.3742841559858195,-0.0048830023037131735,-0.0033440893744691672,0.04275226549129198,-0.040025571585541,0.013134933045215291,0.0009329457009235437,0.0009335676140741796,6.219131506358489e-07,full,complete,generated_current,generated_current,/home/runner/work/money-making/money-making/projects/harv-extension/outputs/pm_native_geometry_warmup600_actions/28733449635/GOOGL/predictions/full/GOOGL.csv,42,all,True,True,True,36739,36739
PHQO,CP_REPO_FRESH,GOOGL,inflection_points,ex_post_descriptive,14932,89.2591542874596,89.25986685102148,-0.006704229228195673,-0.00045822561149577723,0.3801901955531744,-0.0066206684216751814,-0.0033269411543090915,0.03392268145241643,-0.03731734147794947,0.011461101860952283,0.0009739260853685005,0.000973902066658434,-2.401871006656754e-08,full,complete,generated_current,generated_current,/home/runner/work/money-making/money-making/projects/harv-extension/outputs/pm_native_geometry_warmup600_actions/28733449635/GOOGL/predictions/full/GOOGL.csv,42,all,True,True,True,36739,36739
PHQO,CP_REPO_FRESH,GOOGL,high_within_block_dispersion,ex_post_descriptive,7329,121.98236280532112,122.01124263154175,-0.013707891113676412,0.0,0.2881702824396234,-0.01319995306419649,-0.0069384763657887654,0.05767786679799309,-0.06863062294164335,0.008396090446154858,0.00081331703129857,0.0008135311331792443,2.141018806741514e-07,full,complete,generated_current,generated_current,/home/runner/work/money-making/money-making/projects/harv-extension/outputs/pm_native_geometry_warmup600_actions/28733449635/GOOGL/predictions/full/GOOGL.csv,42,all,True,True,True,36739,36739
PHQO,CP_REPO_FRESH,GOOGL,recent_spike_position,ex_post_descriptive,10981,93.25323375339333,93.24851822537588,-0.004715528017432331,-2.842170943040401e-14,0.3879428103087151,-0.004143979111341131,-0.0019093723941353514,0.023932324740994024,-0.027452306527867672,0.00681292549911916,0.0010399056864878293,0.001039687968570348,-2.1771791748138448e-07,full,complete,generated_current,generated_current,/home/runner/work/money-making/money-making/projects/harv-extension/outputs/pm_native_geometry_warmup600_actions/28733449635/GOOGL/predictions/full/GOOGL.csv,42,all,True,True,True,36739,36739
PHQO,CP_REPO_FRESH,GOOGL,older_spike_position,ex_post_descriptive,11554,92.95795906818739,93.00000162831354,-0.004281796256104074,-6.04215850259493e-05,0.356240263112342,-0.0038802830619871958,-0.0026938865985084277,0.028048308011349596,-0.027414347587109037,0.008057383870109902,0.0008285487322615303,0.0008290298887256264,4.811564640960164e-07,full,complete,generated_current,generated_current,/home/runner/work/money-making/money-making/projects/harv-extension/outputs/pm_native_geometry_warmup600_actions/28733449635/GOOGL/predictions/full/GOOGL.csv,42,all,True,True,True,36739,36739
PHQO,CP_REPO_FRESH,GOOGL,same_average_different_path,ex_post_descriptive,730,105.57950084338458,105.57507395565514,-0.004426887729431034,0.0,0.3410958904109589,-0.004241869021794821,-0.004792176081263597,0.030119876701891767,-0.03128710595118281,0.009733379214666105,0.0008026107491534365,0.0008027006481404035,8.989898696701915e-08,full,complete,generated_current,generated_current,/home/runner/work/money-making/money-making/projects/harv-extension/outputs/pm_native_geometry_warmup600_actions/28733449635/GOOGL/predictions/full/GOOGL.csv,42,all,True,True,True,36739,36739
PHQO,CP_REPO_FRESH,GOOGL,recent_ramp_high_dispersion,ex_post_descriptive,2126,115.92035588344125,115.88994937581583,-0.030406507625418893,0.0,0.32784571966133585,-0.028121547864193023,-0.01262768776273118,0.04675911704623365,-0.09269336491216915,0.012511096045573211,0.001275287449071769,0.0012744679096855817,-8.195393861876362e-07,full,complete,generated_current,generated_current,/home/runner/work/money-making/money-making/projects/harv-extension/outputs/pm_native_geometry_warmup600_actions/28733449635/GOOGL/predictions/full/GOOGL.csv,42,all,True,True,True,36739,36739
PHQO,CP_REPO_FRESH,GOOGL,entry_with_recent_spike,ex_post_descriptive,4422,89.58407015881457,89.57595967024308,-0.008110488571486335,-2.842170943040401e-14,0.4235639981908639,-0.00658846067220119,-0.0019290653012659525,0.023996914110522898,-0.03609236292636085,0.009136991039987663,0.0013477863014728219,0.0013473432038215438,-4.4309765127825286e-07,full,complete,generated_current,generated_current,/home/runner/work/money-making/money-making/projects/harv-extension/outputs/pm_native_geometry_warmup600_actions/28733449635/GOOGL/predictions/full/GOOGL.csv,42,all,True,True,True,36739,36739
PHQO,CP_REPO_FRESH,GOOGL,entry_without_recent_spike,ex_post_descriptive,2922,86.01699755822075,86.00281039760867,-0.014187160612079492,-0.0012511459101993694,0.38295687885010266,-0.012371855230987642,-0.00475991202929587,0.03782469240246132,-0.052527093483918805,0.014509156160928072,0.0009992050317594624,0.0009990388898423565,-1.661419171060091e-07,full,complete,generated_current,generated_current,/home/runner/work/money-making/money-making/projects/harv-extension/outputs/pm_native_geometry_warmup600_actions/28733449635/GOOGL/predictions/full/GOOGL.csv,42,all,True,True,True,36739,36739
PHQO,CP_REPO_FRESH,GOOGL,same_average_recent_front_loaded,ex_post_descriptive,1430,87.70086448416637,87.69918210226959,-0.0016823818967868155,-0.0001799019356631959,0.4167832167832168,-0.0024667202678137325,-0.0014864475919385408,0.0232292357564955,-0.022169755284142518,0.008200569365911292,0.0010937441458607657,0.0010936224608509787,-1.216850097869442e-07,full,complete,generated_current,generated_current,/home/runner/work/money-making/money-making/projects/harv-extension/outputs/pm_native_geometry_warmup600_actions/28733449635/GOOGL/predictions/full/GOOGL.csv,42,all,True,True,True,36739,36739
PHQO,CP_REPO_FRESH,GOOGL,same_average_back_loaded,ex_post_descriptive,1485,102.66148291698967,102.72465469871935,-0.002377642327791094,0.0,0.33804713804713804,-0.0022682497910299386,-0.0029164292963411572,0.027595950230664787,-0.023584244545774364,0.00852938325881425,0.000809558898269948,0.0008100591598741716,5.0026160422357e-07,full,complete,generated_current,generated_current,/home/runner/work/money-making/money-making/projects/harv-extension/outputs/pm_native_geometry_warmup600_actions/28733449635/GOOGL/predictions/full/GOOGL.csv,42,all,True,True,True,36739,36739
PHQO,CP_REPO_FRESH,GOOGL,stable_low_dispersion,ex_post_descriptive,7329,78.13454530853285,78.14686552425118,-0.004308214204703285,-0.001067755337587073,0.3948696957292946,-0.004453123117008817,-0.0019950588192815684,0.018734476185888322,-0.020741820061418396,0.006869249049564985,0.0009840148767341602,0.000984015581499491,7.047653305679028e-10,full,complete,generated_current,generated_current,/home/runner/work/money-making/money-making/projects/harv-extension/outputs/pm_native_geometry_warmup600_actions/28733449635/GOOGL/predictions/full/GOOGL.csv,42,all,True,True,True,36739,36739
CP_REPO_FRESH,CP_REPO_FRESH,HYG,all_observations,not_conditioned,36717,154.33769909802902,154.33769909802902,0.0,0.0,0.0,0.0,0.0,,,0.0,0.00018943054386300794,0.00018943054386300794,0.0,full,complete,generated_current,generated_current,/home/runner/work/money-making/money-making/projects/harv-extension/outputs/pm_native_geometry_warmup600_actions/28733449635/HYG/predictions/full/HYG.csv,42,all,True,True,True,36739,36739
CP_REPO_FRESH,CP_REPO_FRESH,HYG,cluster_entry_loose,ex_post_descriptive,7344,114.75267606056553,114.75267606056553,0.0,0.0,0.0,0.0,0.0,,,0.0,0.0002656636160701998,0.0002656636160701998,0.0,full,complete,generated_current,generated_current,/home/runner/work/money-making/money-making/projects/harv-extension/outputs/pm_native_geometry_warmup600_actions/28733449635/HYG/predictions/full/HYG.csv,42,all,True,True,True,36739,36739
CP_REPO_FRESH,CP_REPO_FRESH,HYG,cluster_entry_strict,ex_post_descriptive,7344,114.75267606056553,114.75267606056553,0.0,0.0,0.0,0.0,0.0,,,0.0,0.0002656636160701998,0.0002656636160701998,0.0,full,complete,generated_current,generated_current,/home/runner/work/money-making/money-making/projects/harv-extension/outputs/pm_native_geometry_warmup600_actions/28733449635/HYG/predictions/full/HYG.csv,42,all,True,True,True,36739,36739
CP_REPO_FRESH,CP_REPO_FRESH,HYG,cluster_exit_loose,ex_post_descriptive,7344,134.3590472781426,134.3590472781426,0.0,0.0,0.0,0.0,0.0,,,0.0,0.00021580101316377717,0.00021580101316377717,0.0,full,complete,generated_current,generated_current,/home/runner/work/money-making/money-making/projects/harv-extension/outputs/pm_native_geometry_warmup600_actions/28733449635/HYG/predictions/full/HYG.csv,42,all,True,True,True,36739,36739
CP_REPO_FRESH,CP_REPO_FRESH,HYG,cluster_exit_strict,ex_post_descriptive,7344,134.3590472781426,134.3590472781426,0.0,0.0,0.0,0.0,0.0,,,0.0,0.00021580101316377717,0.00021580101316377717,0.0,full,complete,generated_current,generated_current,/home/runner/work/money-making/money-making/projects/harv-extension/outputs/pm_native_geometry_warmup600_actions/28733449635/HYG/predictions/full/HYG.csv,42,all,True,True,True,36739,36739
CP_REPO_FRESH,CP_REPO_FRESH,HYG,inflection_points,ex_post_descriptive,10574,108.54881886233485,108.54881886233485,0.0,0.0,0.0,0.0,0.0,,,0.0,0.00020820645735431507,0.00020820645735431507,0.0,full,complete,generated_current,generated_current,/home/runner/work/money-making/money-making/projects/harv-extension/outputs/pm_native_geometry_warmup600_actions/28733449635/HYG/predictions/full/HYG.csv,42,all,True,True,True,36739,36739
CP_REPO_FRESH,CP_REPO_FRESH,HYG,high_within_block_dispersion,ex_post_descriptive,4354,173.55285867460313,173.55285867460313,0.0,0.0,0.0,0.0,0.0,,,0.0,0.00029162125716332974,0.00029162125716332974,0.0,full,complete,generated_current,generated_current,/home/runner/work/money-making/money-making/projects/harv-extension/outputs/pm_native_geometry_warmup600_actions/28733449635/HYG/predictions/full/HYG.csv,42,all,True,True,True,36739,36739
CP_REPO_FRESH,CP_REPO_FRESH,HYG,recent_spike_position,ex_post_descriptive,20233,176.69807245988906,176.69807245988906,0.0,0.0,0.0,0.0,0.0,,,0.0,0.00018848760370376437,0.00018848760370376437,0.0,full,complete,generated_current,generated_current,/home/runner/work/money-making/money-making/projects/harv-extension/outputs/pm_native_geometry_warmup600_actions/28733449635/HYG/predictions/full/HYG.csv,42,all,True,True,True,36739,36739
CP_REPO_FRESH,CP_REPO_FRESH,HYG,older_spike_position,ex_post_descriptive,8479,134.22206711391655,134.22206711391655,0.0,0.0,0.0,0.0,0.0,,,0.0,0.00017877706689441096,0.00017877706689441096,0.0,full,complete,generated_current,generated_current,/home/runner/work/money-making/money-making/projects/harv-extension/outputs/pm_native_geometry_warmup600_actions/28733449635/HYG/predictions/full/HYG.csv,42,all,True,True,True,36739,36739
CP_REPO_FRESH,CP_REPO_FRESH,HYG,same_average_different_path,ex_post_descriptive,616,158.76482065951006,158.76482065951006,0.0,0.0,0.0,0.0,0.0,,,0.0,0.0002142943505019378,0.0002142943505019378,0.0,full,complete,generated_current,generated_current,/home/runner/work/money-making/money-making/projects/harv-extension/outputs/pm_native_geometry_warmup600_actions/28733449635/HYG/predictions/full/HYG.csv,42,all,True,True,True,36739,36739
CP_REPO_FRESH,CP_REPO_FRESH,HYG,recent_ramp_high_dispersion,ex_post_descriptive,2276,161.80607809845293,161.80607809845293,0.0,0.0,0.0,0.0,0.0,,,0.0,0.00033100914586756136,0.00033100914586756136,0.0,full,complete,generated_current,generated_current,/home/runner/work/money-making/money-making/projects/harv-extension/outputs/pm_native_geometry_warmup600_actions/28733449635/HYG/predictions/full/HYG.csv,42,all,True,True,True,36739,36739
CP_REPO_FRESH,CP_REPO_FRESH,HYG,entry_with_recent_spike,ex_post_descriptive,4053,119.45629306084888,119.45629306084888,0.0,0.0,0.0,0.0,0.0,,,0.0,0.00029204910223637514,0.00029204910223637514,0.0,full,complete,generated_current,generated_current,/home/runner/work/money-making/money-making/projects/harv-extension/outputs/pm_native_geometry_warmup600_actions/28733449635/HYG/predictions/full/HYG.csv,42,all,True,True,True,36739,36739
CP_REPO_FRESH,CP_REPO_FRESH,HYG,entry_without_recent_spike,ex_post_descriptive,3291,108.95998092165689,108.95998092165689,0.0,0.0,0.0,0.0,0.0,,,0.0,0.00023316881952461832,0.00023316881952461832,0.0,full,complete,generated_current,generated_current,/home/runner/work/money-making/money-making/projects/harv-extension/outputs/pm_native_geometry_warmup600_actions/28733449635/HYG/predictions/full/HYG.csv,42,all,True,True,True,36739,36739
CP_REPO_FRESH,CP_REPO_FRESH,HYG,same_average_recent_front_loaded,ex_post_descriptive,1361,130.13960267947914,130.13960267947914,0.0,0.0,0.0,0.0,0.0,,,0.0,0.0002032390180878156,0.0002032390180878156,0.0,full,complete,generated_current,generated_current,/home/runner/work/money-making/money-making/projects/harv-extension/outputs/pm_native_geometry_warmup600_actions/28733449635/HYG/predictions/full/HYG.csv,42,all,True,True,True,36739,36739
CP_REPO_FRESH,CP_REPO_FRESH,HYG,same_average_back_loaded,ex_post_descriptive,2466,183.8427141069236,183.8427141069236,0.0,0.0,0.0,0.0,0.0,,,0.0,0.00015475920215821175,0.00015475920215821175,0.0,full,complete,generated_current,generated_current,/home/runner/work/money-making/money-making/projects/harv-extension/outputs/pm_native_geometry_warmup600_actions/28733449635/HYG/predictions/full/HYG.csv,42,all,True,True,True,36739,36739
CP_REPO_FRESH,CP_REPO_FRESH,HYG,stable_low_dispersion,ex_post_descriptive,4352,85.04631514899737,85.04631514899737,0.0,0.0,0.0,0.0,0.0,,,0.0,0.00014517856989617245,0.00014517856989617245,0.0,full,complete,generated_current,generated_current,/home/runner/work/money-making/money-making/projects/harv-extension/outputs/pm_native_geometry_warmup600_actions/28733449635/HYG/predictions/full/HYG.csv,42,all,True,True,True,36739,36739
PM_QDK,CP_REPO_FRESH,HYG,all_observations,not_conditioned,36717,156.84257626854009,154.33769909802902,-2.5048771705110577,0.0,0.21720184110902307,-2.388895412293176,-1.5497021143859648,19.0829435788977,-24.021846724848846,0.0,0.0001868039631347196,0.00018943054386300794,2.626580728288346e-06,full,complete,generated_current,generated_current,/home/runner/work/money-making/money-making/projects/harv-extension/outputs/pm_native_geometry_warmup600_actions/28733449635/HYG/predictions/full/HYG.csv,42,all,True,True,True,36739,36739
PM_QDK,CP_REPO_FRESH,HYG,cluster_entry_loose,ex_post_descriptive,7344,121.335639781078,114.75267606056553,-6.582963720512472,0.0,0.28826252723311546,-6.523506825754026,-5.949921421768611,25.705199034709256,-31.766056234906674,12.40106687605746,0.00026238371031277234,0.0002656636160701998,3.279905757427437e-06,full,complete,generated_current,generated_current,/home/runner/work/money-making/money-making/projects/harv-extension/outputs/pm_native_geometry_warmup600_actions/28733449635/HYG/predictions/full/HYG.csv,42,all,True,True,True,36739,36739
PM_QDK,CP_REPO_FRESH,HYG,cluster_entry_strict,ex_post_descriptive,7344,121.335639781078,114.75267606056553,-6.582963720512472,0.0,0.28826252723311546,-6.523506825754026,-5.949921421768611,25.705199034709256,-31.766056234906674,12.40106687605746,0.00026238371031277234,0.0002656636160701998,3.279905757427437e-06,full,complete,generated_current,generated_current,/home/runner/work/money-making/money-making/projects/harv-extension/outputs/pm_native_geometry_warmup600_actions/28733449635/HYG/predictions/full/HYG.csv,42,all,True,True,True,36739,36739
PM_QDK,CP_REPO_FRESH,HYG,cluster_exit_loose,ex_post_descriptive,7344,138.01498347541784,134.3590472781426,-3.655936197275255,0.0,0.25612745098039214,-3.486611717032374,-3.006946656184501,23.54696918535722,-28.490606515997765,2.842170943040401e-14,0.0002072443882808674,0.00021580101316377717,8.556624882909749e-06,full,complete,generated_current,generated_current,/home/runner/work/money-making/money-making/projects/harv-extension/outputs/pm_native_geometry_warmup600_actions/28733449635/HYG/predictions/full/HYG.csv,42,all,True,True,True,36739,36739
PM_QDK,CP_REPO_FRESH,HYG,cluster_exit_strict,ex_post_descriptive,7344,138.01498347541784,134.3590472781426,-3.655936197275255,0.0,0.25612745098039214,-3.486611717032374,-3.006946656184501,23.54696918535722,-28.490606515997765,2.842170943040401e-14,0.0002072443882808674,0.00021580101316377717,8.556624882909749e-06,full,complete,generated_current,generated_current,/home/runner/work/money-making/money-making/projects/harv-extension/outputs/pm_native_geometry_warmup600_actions/28733449635/HYG/predictions/full/HYG.csv,42,all,True,True,True,36739,36739
PM_QDK,CP_REPO_FRESH,HYG,inflection_points,ex_post_descriptive,10574,113.16930253117869,108.54881886233485,-4.620483668843827,0.0,0.31189710610932475,-4.417904495196357,-4.323312881101854,26.78097771335722,-30.156223084855295,14.698820448412771,0.00020720426996847347,0.00020820645735431507,1.0021873858416115e-06,full,complete,generated_current,generated_current,/home/runner/work/money-making/money-making/projects/harv-extension/outputs/pm_native_geometry_warmup600_actions/28733449635/HYG/predictions/full/HYG.csv,42,all,True,True,True,36739,36739
PM_QDK,CP_REPO_FRESH,HYG,high_within_block_dispersion,ex_post_descriptive,4354,177.5949795409157,173.55285867460313,-4.042120866312508,0.0,0.16031235645383554,-4.049237995302885,-0.8652220193820896,15.21273226873694,-24.971576438498268,0.0,0.0002691340041457647,0.00029162125716332974,2.2487253017565043e-05,full,complete,generated_current,generated_current,/home/runner/work/money-making/money-making/projects/harv-extension/outputs/pm_native_geometry_warmup600_actions/28733449635/HYG/predictions/full/HYG.csv,42,all,True,True,True,36739,36739
PM_QDK,CP_REPO_FRESH,HYG,recent_spike_position,ex_post_descriptive,20233,178.31853196082622,176.69807245988906,-1.6204595009371814,0.0,0.17308357633568922,-1.5607039564119112,-0.04159117934967515,12.66137603544063,-18.47793386645306,0.0,0.00018996837860889594,0.00018848760370376437,-1.4807749051315592e-06,full,complete,generated_current,generated_current,/home/runner/work/money-making/money-making/projects/harv-extension/outputs/pm_native_geometry_warmup600_actions/28733449635/HYG/predictions/full/HYG.csv,42,all,True,True,True,36739,36739
PM_QDK,CP_REPO_FRESH,HYG,older_spike_position,ex_post_descriptive,8479,137.06143089726794,134.22206711391655,-2.839363783351377,0.0,0.2605260054251681,-2.6668982231330953,-2.45298305004522,23.862911667000258,-27.414543874130633,2.842170943040401e-14,0.0001650744316926764,0.00017877706689441096,1.3702635201734583e-05,full,complete,generated_current,generated_current,/home/runner/work/money-making/money-making/projects/harv-extension/outputs/pm_native_geometry_warmup600_actions/28733449635/HYG/predictions/full/HYG.csv,42,all,True,True,True,36739,36739
PM_QDK,CP_REPO_FRESH,HYG,same_average_different_path,ex_post_descriptive,616,164.06459645699252,158.76482065951006,-5.299775797482462,0.0,0.18506493506493507,-5.329338451765318,-2.5389127117302777,12.19458651953177,-24.49918291829378,0.0,0.00019487279403341564,0.0002142943505019378,1.942155646852213e-05,full,complete,generated_current,generated_current,/home/runner/work/money-making/money-making/projects/harv-extension/outputs/pm_native_geometry_warmup600_actions/28733449635/HYG/predictions/full/HYG.csv,42,all,True,True,True,36739,36739
PM_QDK,CP_REPO_FRESH,HYG,recent_ramp_high_dispersion,ex_post_descriptive,2276,167.8115230508455,161.80607809845293,-6.005444952392572,0.0,0.18233743409490333,-6.049192476159184,-2.67986993833887,20.193775560437686,-30.88068567118646,0.0,0.0003067125195195097,0.00033100914586756136,2.429662634805167e-05,full,complete,generated_current,generated_current,/home/runner/work/money-making/money-making/projects/harv-extension/outputs/pm_native_geometry_warmup600_actions/28733449635/HYG/predictions/full/HYG.csv,42,all,True,True,True,36739,36739
PM_QDK,CP_REPO_FRESH,HYG,entry_with_recent_spike,ex_post_descriptive,4053,127.10004505985198,119.45629306084888,-7.643751999003121,0.0,0.2758450530471256,-7.629160285972016,-6.767275828936435,25.851097260875576,-33.793258233419046,10.123715741127356,0.00028493678953088166,0.00029204910223637514,7.112312705493501e-06,full,complete,generated_current,generated_current,/home/runner/work/money-making/money-making/projects/harv-extension/outputs/pm_native_geometry_warmup600_actions/28733449635/HYG/predictions/full/HYG.csv,42,all,True,True,True,36739,36739
PM_QDK,CP_REPO_FRESH,HYG,entry_without_recent_spike,ex_post_descriptive,3291,114.23654084614304,108.95998092165689,-5.276559924486158,0.0,0.30355515041020964,-5.005871744872039,-4.992432862560697,25.541921540360953,-29.31068922098738,14.592598101311616,0.0002346086783860033,0.00023316881952461832,-1.4398588613850065e-06,full,complete,generated_current,generated_current,/home/runner/work/money-making/money-making/projects/harv-extension/outputs/pm_native_geometry_warmup600_actions/28733449635/HYG/predictions/full/HYG.csv,42,all,True,True,True,36739,36739
PM_QDK,CP_REPO_FRESH,HYG,same_average_recent_front_loaded,ex_post_descriptive,1361,137.41582766139152,130.13960267947914,-7.2762249819124145,0.0,0.23144746509919176,-7.248333689246933,-6.470408505216516,18.999081425741128,-27.534926948858317,2.724446215018247,0.00020124354333309318,0.0002032390180878156,1.9954747547224737e-06,full,complete,generated_current,generated_current,/home/runner/work/money-making/money-making/projects/harv-extension/outputs/pm_native_geometry_warmup600_actions/28733449635/HYG/predictions/full/HYG.csv,42,all,True,True,True,36739,36739
PM_QDK,CP_REPO_FRESH,HYG,same_average_back_loaded,ex_post_descriptive,2466,184.68766495341475,183.8427141069236,-0.8449508464911533,0.0,0.15085158150851583,-0.857517637628091,-4.463389018959089e-16,8.938496615031621,-13.421264338061903,0.0,0.00012777155934231324,0.00015475920215821175,2.698764281589851e-05,full,complete,generated_current,generated_current,/home/runner/work/money-making/money-making/projects/harv-extension/outputs/pm_native_geometry_warmup600_actions/28733449635/HYG/predictions/full/HYG.csv,42,all,True,True,True,36739,36739
PM_QDK,CP_REPO_FRESH,HYG,stable_low_dispersion,ex_post_descriptive,4352,87.32700120721996,85.04631514899737,-2.2806860582225967,0.0,0.39108455882352944,-2.175584843822438,-2.372566807241206,26.982463849073156,-28.093410058605258,20.253127411592075,0.00014213589287941005,0.00014517856989617245,3.0426770167623933e-06,full,complete,generated_current,generated_current,/home/runner/work/money-making/money-making/projects/harv-extension/outputs/pm_native_geometry_warmup600_actions/28733449635/HYG/predictions/full/HYG.csv,42,all,True,True,True,36739,36739
PM_QDK_2,CP_REPO_FRESH,HYG,all_observations,not_conditioned,36717,153.885326902099,154.33769909802902,0.45237219593003924,0.0,0.2428302965928589,0.44692948277288613,0.08228056023946871,24.313241914998013,-21.928912685819355,0.0,0.00047406977071826756,0.00018943054386300794,-0.00028463922685525967,full,complete,generated_current,generated_current,/home/runner/work/money-making/money-making/projects/harv-extension/outputs/pm_native_geometry_warmup600_actions/28733449635/HYG/predictions/full/HYG.csv,42,all,True,True,True,36739,36739
PM_QDK_2,CP_REPO_FRESH,HYG,cluster_entry_loose,ex_post_descriptive,7344,116.46928375080076,114.75267606056553,-1.7166076902352017,0.0,0.352124183006536,-1.7384774757886308,-1.2369625041389025,29.568464982152058,-32.7586676428586,10.522079727177676,0.00041214573782719706,0.0002656636160701998,-0.00014648212175699722,full,complete,generated_current,generated_current,/home/runner/work/money-making/money-making/projects/harv-extension/outputs/pm_native_geometry_warmup600_actions/28733449635/HYG/predictions/full/HYG.csv,42,all,True,True,True,36739,36739
PM_QDK_2,CP_REPO_FRESH,HYG,cluster_entry_strict,ex_post_descriptive,7344,116.46928375080076,114.75267606056553,-1.7166076902352017,0.0,0.352124183006536,-1.7384774757886308,-1.2369625041389025,29.568464982152058,-32.7586676428586,10.522079727177676,0.00041214573782719706,0.0002656636160701998,-0.00014648212175699722,full,complete,generated_current,generated_current,/home/runner/work/money-making/money-making/projects/harv-extension/outputs/pm_native_geometry_warmup600_actions/28733449635/HYG/predictions/full/HYG.csv,42,all,True,True,True,36739,36739
PM_QDK_2,CP_REPO_FRESH,HYG,cluster_exit_loose,ex_post_descriptive,7344,136.14835976673163,134.3590472781426,-1.7893124885890346,0.0,0.27627995642701525,-1.7945975052371845,-0.9497687644785349,22.82427371023021,-26.375848391417463,2.842170943040401e-14,0.00031645746691345497,0.00021580101316377717,-0.00010065645374967781,full,complete,generated_current,generated_current,/home/runner/work/money-making/money-making/projects/harv-extension/outputs/pm_native_geometry_warmup600_actions/28733449635/HYG/predictions/full/HYG.csv,42,all,True,True,True,36739,36739
PM_QDK_2,CP_REPO_FRESH,HYG,cluster_exit_strict,ex_post_descriptive,7344,136.14835976673163,134.3590472781426,-1.7893124885890346,0.0,0.27627995642701525,-1.7945975052371845,-0.9497687644785349,22.82427371023021,-26.375848391417463,2.842170943040401e-14,0.00031645746691345497,0.00021580101316377717,-0.00010065645374967781,full,complete,generated_current,generated_current,/home/runner/work/money-making/money-making/projects/harv-extension/outputs/pm_native_geometry_warmup600_actions/28733449635/HYG/predictions/full/HYG.csv,42,all,True,True,True,36739,36739
PM_QDK_2,CP_REPO_FRESH,HYG,inflection_points,ex_post_descriptive,10574,110.52664060670475,108.54881886233485,-1.977821744369878,0.0,0.3542651787403064,-2.013515899163537,-1.2936561731445684,24.4404249660369,-27.990870843141195,9.777028139942598,0.0002850433789470762,0.00020820645735431507,-7.683692159276118e-05,full,complete,generated_current,generated_current,/home/runner/work/money-making/money-making/projects/harv-extension/outputs/pm_native_geometry_warmup600_actions/28733449635/HYG/predictions/full/HYG.csv,42,all,True,True,True,36739,36739
PM_QDK_2,CP_REPO_FRESH,HYG,high_within_block_dispersion,ex_post_descriptive,4354,172.13613957828179,173.55285867460313,1.4167190963213798,0.0,0.21175930179145613,1.375874500105103,0.3697624319038888,34.82499974875738,-29.444103090773,0.0,0.0005922261285135975,0.00029162125716332974,-0.00030060487135026776,full,complete,generated_current,generated_current,/home/runner/work/money-making/money-making/projects/harv-extension/outputs/pm_native_geometry_warmup600_actions/28733449635/HYG/predictions/full/HYG.csv,42,all,True,True,True,36739,36739
PM_QDK_2,CP_REPO_FRESH,HYG,recent_spike_position,ex_post_descriptive,20233,174.87162093365671,176.69807245988906,1.8264515262323335,0.0,0.19394059210201156,1.8703649453422186,0.02631046206099657,26.231002472196785,-17.08776482016094,0.0,0.0006384742876338205,0.00018848760370376437,-0.000449986683930056,full,complete,generated_current,generated_current,/home/runner/work/money-making/money-making/projects/harv-extension/outputs/pm_native_geometry_warmup600_actions/28733449635/HYG/predictions/full/HYG.csv,42,all,True,True,True,36739,36739
PM_QDK_2,CP_REPO_FRESH,HYG,older_spike_position,ex_post_descriptive,8479,135.2523604767662,134.22206711391655,-1.0302933628496647,0.0,0.28163698549357236,-1.0980978265241625,-0.4068585943419786,21.03022839264686,-23.76301605209311,2.842170943040401e-14,0.00024562778320997864,0.00017877706689441096,-6.685071631556769e-05,full,complete,generated_current,generated_current,/home/runner/work/money-making/money-making/projects/harv-extension/outputs/pm_native_geometry_warmup600_actions/28733449635/HYG/predictions/full/HYG.csv,42,all,True,True,True,36739,36739
PM_QDK_2,CP_REPO_FRESH,HYG,same_average_different_path,ex_post_descriptive,616,157.22927034405046,158.76482065951006,1.5355503154596213,0.0,0.2418831168831169,1.570104455236254,0.838340864766,34.24172844880278,-31.015810033943932,0.0,0.0003223785155349993,0.0002142943505019378,-0.00010808416503306157,full,complete,generated_current,generated_current,/home/runner/work/money-making/money-making/projects/harv-extension/outputs/pm_native_geometry_warmup600_actions/28733449635/HYG/predictions/full/HYG.csv,42,all,True,True,True,36739,36739
PM_QDK_2,CP_REPO_FRESH,HYG,recent_ramp_high_dispersion,ex_post_descriptive,2276,160.62832582811654,161.80607809845293,1.1777522703363734,0.0,0.2526362038664323,1.1261030845336457,0.6882263676857916,38.02167008691031,-35.52202987534786,0.0,0.0006753552635203446,0.00033100914586756136,-0.0003443461176527832,full,complete,generated_current,generated_current,/home/runner/work/money-making/money-making/projects/harv-extension/outputs/pm_native_geometry_warmup600_actions/28733449635/HYG/predictions/full/HYG.csv,42,all,True,True,True,36739,36739
PM_QDK_2,CP_REPO_FRESH,HYG,entry_with_recent_spike,ex_post_descriptive,4053,120.64225031606648,119.45629306084888,-1.1859572552176096,0.0,0.3451764125339255,-1.2274897293684819,-0.8159203239957106,32.1421615596611,-34.63713902391291,9.431645602749626,0.00046734356053672435,0.00029204910223637514,-0.0001752944583003492,full,complete,generated_current,generated_current,/home/runner/work/money-making/money-making/projects/harv-extension/outputs/pm_native_geometry_warmup600_actions/28733449635/HYG/predictions/full/HYG.csv,42,all,True,True,True,36739,36739
PM_QDK_2,CP_REPO_FRESH,HYG,entry_without_recent_spike,ex_post_descriptive,3291,111.33010614854547,108.95998092165689,-2.37012522688859,0.0,0.36068064418109996,-2.427576233981178,-1.7536017634138061,26.53510229307442,-30.653079987183844,11.463481441199896,0.00034416738005092404,0.00023316881952461832,-0.00011099856052630573,full,complete,generated_current,generated_current,/home/runner/work/money-making/money-making/projects/harv-extension/outputs/pm_native_geometry_warmup600_actions/28733449635/HYG/predictions/full/HYG.csv,42,all,True,True,True,36739,36739
PM_QDK_2,CP_REPO_FRESH,HYG,same_average_recent_front_loaded,ex_post_descriptive,1361,129.63493831718216,130.13960267947914,0.5046643622969507,0.0,0.3409257898603968,0.43000819484864455,1.0230980649511674,38.00896230757083,-41.44085651253476,5.415422694616957,0.00035683273128369453,0.0002032390180878156,-0.00015359371319587892,full,complete,generated_current,generated_current,/home/runner/work/money-making/money-making/projects/harv-extension/outputs/pm_native_geometry_warmup600_actions/28733449635/HYG/predictions/full/HYG.csv,42,all,True,True,True,36739,36739
PM_QDK_2,CP_REPO_FRESH,HYG,same_average_back_loaded,ex_post_descriptive,2466,183.07753785847177,183.8427141069236,0.7651762484518334,0.0,0.15085158150851583,0.7007043842095909,4.895329891761582e-16,14.385871664489356,-10.250353936413667,0.0,0.00023026265724146265,0.00015475920215821175,-7.550345508325092e-05,full,complete,generated_current,generated_current,/home/runner/work/money-making/money-making/projects/harv-extension/outputs/pm_native_geometry_warmup600_actions/28733449635/HYG/predictions/full/HYG.csv,42,all,True,True,True,36739,36739
PM_QDK_2,CP_REPO_FRESH,HYG,stable_low_dispersion,ex_post_descriptive,4352,86.39782755115338,85.04631514899737,-1.351512402156014,0.0,0.42440257352941174,-1.3822296441671722,-0.7170730611031533,20.64346289467354,-24.274825118943745,13.652855749496226,0.0001633017842460463,0.00014517856989617245,-1.8123214349873858e-05,full,complete,generated_current,generated_current,/home/runner/work/money-making/money-making/projects/harv-extension/outputs/pm_native_geometry_warmup600_actions/28733449635/HYG/predictions/full/HYG.csv,42,all,True,True,True,36739,36739
PHQO,CP_REPO_FRESH,HYG,all_observations,not_conditioned,27889,141.20175110586945,141.2548149213225,0.0003567516084219429,0.0,0.28043314568467853,0.0002403435849993537,0.00010399702520949748,0.011444442444252514,-0.01092645667940537,2.842170943040401e-14,0.0001895719411365524,0.00018957981940982214,7.878273269747875e-09,full,complete,generated_current,generated_current,/home/runner/work/money-making/money-making/projects/harv-extension/outputs/pm_native_geometry_warmup600_actions/28733449635/HYG/predictions/full/HYG.csv,42,all,False,False,True,27911,27911
PHQO,CP_REPO_FRESH,HYG,cluster_entry_loose,ex_post_descriptive,5578,104.42932246446163,104.42995081817733,0.0006283537157062012,0.0,0.40659734671925424,0.0006042005409476335,0.00043551878668197117,0.01525627096587425,-0.015424734883131747,0.0030293859020815717,0.00026404440798633017,0.00026403752190169,-6.886084640128409e-09,full,complete,generated_current,generated_current,/home/runner/work/money-making/money-making/projects/harv-extension/outputs/pm_native_geometry_warmup600_actions/28733449635/HYG/predictions/full/HYG.csv,42,all,False,False,True,27911,27911
PHQO,CP_REPO_FRESH,HYG,cluster_entry_strict,ex_post_descriptive,5578,104.42932246446163,104.42995081817733,0.0006283537157062012,0.0,0.40659734671925424,0.0006042005409476335,0.00043551878668197117,0.01525627096587425,-0.015424734883131747,0.0030293859020815717,0.00026404440798633017,0.00026403752190169,-6.886084640128409e-09,full,complete,generated_current,generated_current,/home/runner/work/money-making/money-making/projects/harv-extension/outputs/pm_native_geometry_warmup600_actions/28733449635/HYG/predictions/full/HYG.csv,42,all,False,False,True,27911,27911
PHQO,CP_REPO_FRESH,HYG,cluster_exit_loose,ex_post_descriptive,5578,131.6748808920991,131.6752844319462,0.0004035398471161534,0.0,0.2990319110792399,2.2726080550635466e-05,3.5019838933722206e-05,0.014675174506705092,-0.013611295658279355,5.684341886080802e-14,0.0002162233830035381,0.00021619642226864083,-2.6960734897260373e-08,full,complete,generated_current,generated_current,/home/runner/work/money-making/money-making/projects/harv-extension/outputs/pm_native_geometry_warmup600_actions/28733449635/HYG/predictions/full/HYG.csv,42,all,False,False,True,27911,27911
PHQO,CP_REPO_FRESH,HYG,cluster_exit_strict,ex_post_descriptive,5578,131.6748808920991,131.6752844319462,0.0004035398471161534,0.0,0.2990319110792399,2.2726080550635466e-05,3.5019838933722206e-05,0.014675174506705092,-0.013611295658279355,5.684341886080802e-14,0.0002162233830035381,0.00021619642226864083,-2.6960734897260373e-08,full,complete,generated_current,generated_current,/home/runner/work/money-making/money-making/projects/harv-extension/outputs/pm_native_geometry_warmup600_actions/28733449635/HYG/predictions/full/HYG.csv,42,all,False,False,True,27911,27911
PHQO,CP_REPO_FRESH,HYG,inflection_points,ex_post_descriptive,8724,103.7322169050028,103.73243533448785,0.0002184294850377712,0.0,0.3790692342961944,-5.39416363931715e-05,2.0756199933151217e-05,0.012791207519692151,-0.012387287470147938,0.002378983489386366,0.0002019487659257998,0.00020193728573629038,-1.1480189509412083e-08,full,complete,generated_current,generated_current,/home/runner/work/money-making/money-making/projects/harv-extension/outputs/pm_native_geometry_warmup600_actions/28733449635/HYG/predictions/full/HYG.csv,42,all,False,False,True,27911,27911
PHQO,CP_REPO_FRESH,HYG,high_within_block_dispersion,ex_post_descriptive,3936,161.68392570207774,161.71542430287812,0.0022960258979323016,0.0,0.2680386178861789,0.00209613040516758,0.0008360729680176611,0.024293993289656007,-0.02216274107345707,0.0,0.0002710564310664903,0.0002710171765296768,-3.9254536813480133e-08,full,complete,generated_current,generated_current,/home/runner/work/money-making/money-making/projects/harv-extension/outputs/pm_native_geometry_warmup600_actions/28733449635/HYG/predictions/full/HYG.csv,42,all,False,False,True,27911,27911
PHQO,CP_REPO_FRESH,HYG,recent_spike_position,ex_post_descriptive,13281,160.28339191991986,160.34982495883816,0.0006434732718536106,0.0,0.23815977712521647,0.0006145087822228877,0.00010790312391166654,0.011475601702525857,-0.010364134405965758,0.0,0.00019880080023655615,0.0001988201061025693,1.9305866013154032e-08,full,complete,generated_current,generated_current,/home/runner/work/money-making/money-making/projects/harv-extension/outputs/pm_native_geometry_warmup600_actions/28733449635/HYG/predictions/full/HYG.csv,42,all,False,False,True,27911,27911
PHQO,CP_REPO_FRESH,HYG,older_spike_position,ex_post_descriptive,7494,133.91841471540013,133.9358928352659,-0.00015778701216998437,0.0,0.28809714438217243,-0.0002898719688458298,-5.488229161375634e-05,0.009459806095218215,-0.009993460524862927,2.842170943040401e-14,0.0001734493176028037,0.0001734386908013256,-1.0626801478103878e-08,full,complete,generated_current,generated_current,/home/runner/work/money-making/money-making/projects/harv-extension/outputs/pm_native_geometry_warmup600_actions/28733449635/HYG/predictions/full/HYG.csv,42,all,False,False,True,27911,27911
PHQO,CP_REPO_FRESH,HYG,same_average_different_path,ex_post_descriptive,894,147.29219033732053,147.2941166134064,0.0019262760858869258,0.0,0.3232662192393736,0.0017700199528508606,0.0007690716036629977,0.011769688486685748,-0.009381838837258486,2.842170943040401e-14,0.00023371174846268904,0.00023369662403813275,-1.5124424556305273e-08,full,complete,generated_current,generated_current,/home/runner/work/money-making/money-making/projects/harv-extension/outputs/pm_native_geometry_warmup600_actions/28733449635/HYG/predictions/full/HYG.csv,42,all,False,False,True,27911,27911
PHQO,CP_REPO_FRESH,HYG,recent_ramp_high_dispersion,ex_post_descriptive,1700,143.02210410698646,143.02397556998076,0.0018714629942711896,0.0,0.32294117647058823,0.001790916243714836,0.0012915706541206128,0.02533926390113439,-0.02460956144830679,2.842170943040401e-14,0.0003299325928887628,0.0003298247849466409,-1.078079421218543e-07,full,complete,generated_current,generated_current,/home/runner/work/money-making/money-making/projects/harv-extension/outputs/pm_native_geometry_warmup600_actions/28733449635/HYG/predictions/full/HYG.csv,42,all,False,False,True,27911,27911
PHQO,CP_REPO_FRESH,HYG,entry_with_recent_spike,ex_post_descriptive,3257,107.49173180457716,107.49272817283264,0.0009963682555041884,0.0,0.407737181455327,0.0009411277782683267,0.0006062278286325153,0.01588756789770228,-0.015813568432215666,0.0028368568680008366,0.00029250733532547513,0.0002924881967853178,-1.9138540157334768e-08,full,complete,generated_current,generated_current,/home/runner/work/money-making/money-making/projects/harv-extension/outputs/pm_native_geometry_warmup600_actions/28733449635/HYG/predictions/full/HYG.csv,42,all,False,False,True,27911,27911
PHQO,CP_REPO_FRESH,HYG,entry_without_recent_spike,ex_post_descriptive,2321,100.13192167999102,100.13203360830558,0.00011192831453341162,0.0,0.4049978457561396,8.903151010096889e-05,0.0002156573080693368,0.014364396151546987,-0.014929815968908815,0.003332313593460867,0.00022410310926009359,0.0002241134167332387,1.0307473145111191e-08,full,complete,generated_current,generated_current,/home/runner/work/money-making/money-making/projects/harv-extension/outputs/pm_native_geometry_warmup600_actions/28733449635/HYG/predictions/full/HYG.csv,42,all,False,False,True,27911,27911
PHQO,CP_REPO_FRESH,HYG,same_average_recent_front_loaded,ex_post_descriptive,1326,108.08274403372116,108.08526643197258,0.0025223982514588294,0.0,0.4298642533936652,0.002225378921501965,0.001122342053658087,0.014397378544520943,-0.01177192660760903,0.002037449582696027,0.00019206467021979414,0.00019205491451702256,-9.755702771614666e-09,full,complete,generated_current,generated_current,/home/runner/work/money-making/money-making/projects/harv-extension/outputs/pm_native_geometry_warmup600_actions/28733449635/HYG/predictions/full/HYG.csv,42,all,False,False,True,27911,27911
PHQO,CP_REPO_FRESH,HYG,same_average_back_loaded,ex_post_descriptive,1544,177.19277068965798,177.19321664007643,0.00044595041844211437,0.0,0.1567357512953368,0.0004077164388259496,1.3796946325438837e-16,0.007414717654417303,-0.0046856535012472994,0.0,0.0001630646038739651,0.0001630540638942889,-1.0539979676224037e-08,full,complete,generated_current,generated_current,/home/runner/work/money-making/money-making/projects/harv-extension/outputs/pm_native_geometry_warmup600_actions/28733449635/HYG/predictions/full/HYG.csv,42,all,False,False,True,27911,27911
PHQO,CP_REPO_FRESH,HYG,stable_low_dispersion,ex_post_descriptive,3935,85.05905372428292,85.05787902314376,-0.001174701139172899,0.0,0.3875476493011436,-0.0011052916570757551,-0.0005079115101981307,0.005402936175832102,-0.007254329752278237,0.0020321942290593142,0.0001451587837627588,0.0001451510831117242,-7.700651034548926e-09,full,complete,generated_current,generated_current,/home/runner/work/money-making/money-making/projects/harv-extension/outputs/pm_native_geometry_warmup600_actions/28733449635/HYG/predictions/full/HYG.csv,42,all,False,False,True,27911,27911
CP_REPO_FRESH,CP_REPO_FRESH,QQQ,all_observations,not_conditioned,36717,81.49578954051186,81.49578954051186,0.0,0.0,0.0,0.0,0.0,,,0.0,0.000532245601658939,0.000532245601658939,0.0,full,complete,generated_current,generated_current,/home/runner/work/money-making/money-making/projects/harv-extension/outputs/pm_native_geometry_warmup600_actions/28733449635/QQQ/predictions/full/QQQ.csv,42,all,True,True,True,36739,36739
CP_REPO_FRESH,CP_REPO_FRESH,QQQ,cluster_entry_loose,ex_post_descriptive,7344,82.43056943787046,82.43056943787046,0.0,0.0,0.0,0.0,0.0,,,0.0,0.0007274935317580001,0.0007274935317580001,0.0,full,complete,generated_current,generated_current,/home/runner/work/money-making/money-making/projects/harv-extension/outputs/pm_native_geometry_warmup600_actions/28733449635/QQQ/predictions/full/QQQ.csv,42,all,True,True,True,36739,36739
CP_REPO_FRESH,CP_REPO_FRESH,QQQ,cluster_entry_strict,ex_post_descriptive,7338,82.43154271985084,82.43154271985084,0.0,0.0,0.0,0.0,0.0,,,0.0,0.0007278811270666987,0.0007278811270666987,0.0,full,complete,generated_current,generated_current,/home/runner/work/money-making/money-making/projects/harv-extension/outputs/pm_native_geometry_warmup600_actions/28733449635/QQQ/predictions/full/QQQ.csv,42,all,True,True,True,36739,36739
CP_REPO_FRESH,CP_REPO_FRESH,QQQ,cluster_exit_loose,ex_post_descriptive,7344,80.37790857895014,80.37790857895014,0.0,0.0,0.0,0.0,0.0,,,0.0,0.0005795676173075585,0.0005795676173075585,0.0,full,complete,generated_current,generated_current,/home/runner/work/money-making/money-making/projects/harv-extension/outputs/pm_native_geometry_warmup600_actions/28733449635/QQQ/predictions/full/QQQ.csv,42,all,True,True,True,36739,36739
CP_REPO_FRESH,CP_REPO_FRESH,QQQ,cluster_exit_strict,ex_post_descriptive,7333,80.3152579031317,80.3152579031317,0.0,0.0,0.0,0.0,0.0,,,0.0,0.0005799273286126278,0.0005799273286126278,0.0,full,complete,generated_current,generated_current,/home/runner/work/money-making/money-making/projects/harv-extension/outputs/pm_native_geometry_warmup600_actions/28733449635/QQQ/predictions/full/QQQ.csv,42,all,True,True,True,36739,36739
CP_REPO_FRESH,CP_REPO_FRESH,QQQ,inflection_points,ex_post_descriptive,14999,80.62725699139614,80.62725699139614,0.0,0.0,0.0,0.0,0.0,,,0.0,0.0006105251248507447,0.0006105251248507447,0.0,full,complete,generated_current,generated_current,/home/runner/work/money-making/money-making/projects/harv-extension/outputs/pm_native_geometry_warmup600_actions/28733449635/QQQ/predictions/full/QQQ.csv,42,all,True,True,True,36739,36739
CP_REPO_FRESH,CP_REPO_FRESH,QQQ,high_within_block_dispersion,ex_post_descriptive,7344,89.7434974539479,89.7434974539479,0.0,0.0,0.0,0.0,0.0,,,0.0,0.0005452235109596478,0.0005452235109596478,0.0,full,complete,generated_current,generated_current,/home/runner/work/money-making/money-making/projects/harv-extension/outputs/pm_native_geometry_warmup600_actions/28733449635/QQQ/predictions/full/QQQ.csv,42,all,True,True,True,36739,36739
CP_REPO_FRESH,CP_REPO_FRESH,QQQ,recent_spike_position,ex_post_descriptive,11517,82.42572330761342,82.42572330761342,0.0,0.0,0.0,0.0,0.0,,,0.0,0.0005726429713144511,0.0005726429713144511,0.0,full,complete,generated_current,generated_current,/home/runner/work/money-making/money-making/projects/harv-extension/outputs/pm_native_geometry_warmup600_actions/28733449635/QQQ/predictions/full/QQQ.csv,42,all,True,True,True,36739,36739
CP_REPO_FRESH,CP_REPO_FRESH,QQQ,older_spike_position,ex_post_descriptive,10882,81.52595453682295,81.52595453682295,0.0,0.0,0.0,0.0,0.0,,,0.0,0.0005047067219285299,0.0005047067219285299,0.0,full,complete,generated_current,generated_current,/home/runner/work/money-making/money-making/projects/harv-extension/outputs/pm_native_geometry_warmup600_actions/28733449635/QQQ/predictions/full/QQQ.csv,42,all,True,True,True,36739,36739
CP_REPO_FRESH,CP_REPO_FRESH,QQQ,same_average_different_path,ex_post_descriptive,548,89.1124948600028,89.1124948600028,0.0,0.0,0.0,0.0,0.0,,,0.0,0.0004879788955100449,0.0004879788955100449,0.0,full,complete,generated_current,generated_current,/home/runner/work/money-making/money-making/projects/harv-extension/outputs/pm_native_geometry_warmup600_actions/28733449635/QQQ/predictions/full/QQQ.csv,42,all,True,True,True,36739,36739
CP_REPO_FRESH,CP_REPO_FRESH,QQQ,recent_ramp_high_dispersion,ex_post_descriptive,2892,95.64569695817043,95.64569695817043,0.0,0.0,0.0,0.0,0.0,,,0.0,0.0007359210267262333,0.0007359210267262333,0.0,full,complete,generated_current,generated_current,/home/runner/work/money-making/money-making/projects/harv-extension/outputs/pm_native_geometry_warmup600_actions/28733449635/QQQ/predictions/full/QQQ.csv,42,all,True,True,True,36739,36739
CP_REPO_FRESH,CP_REPO_FRESH,QQQ,entry_with_recent_spike,ex_post_descriptive,4491,83.59845142657828,83.59845142657828,0.0,0.0,0.0,0.0,0.0,,,0.0,0.0007503648972837269,0.0007503648972837269,0.0,full,complete,generated_current,generated_current,/home/runner/work/money-making/money-making/projects/harv-extension/outputs/pm_native_geometry_warmup600_actions/28733449635/QQQ/predictions/full/QQQ.csv,42,all,True,True,True,36739,36739
CP_REPO_FRESH,CP_REPO_FRESH,QQQ,entry_without_recent_spike,ex_post_descriptive,2853,80.59216845249132,80.59216845249132,0.0,0.0,0.0,0.0,0.0,,,0.0,0.0006914909721449472,0.0006914909721449472,0.0,full,complete,generated_current,generated_current,/home/runner/work/money-making/money-making/projects/harv-extension/outputs/pm_native_geometry_warmup600_actions/28733449635/QQQ/predictions/full/QQQ.csv,42,all,True,True,True,36739,36739
CP_REPO_FRESH,CP_REPO_FRESH,QQQ,same_average_recent_front_loaded,ex_post_descriptive,1488,77.82279669713228,77.82279669713228,0.0,0.0,0.0,0.0,0.0,,,0.0,0.000519016297944483,0.000519016297944483,0.0,full,complete,generated_current,generated_current,/home/runner/work/money-making/money-making/projects/harv-extension/outputs/pm_native_geometry_warmup600_actions/28733449635/QQQ/predictions/full/QQQ.csv,42,all,True,True,True,36739,36739
CP_REPO_FRESH,CP_REPO_FRESH,QQQ,same_average_back_loaded,ex_post_descriptive,1431,84.27838047653644,84.27838047653644,0.0,0.0,0.0,0.0,0.0,,,0.0,0.0004833533474066163,0.0004833533474066163,0.0,full,complete,generated_current,generated_current,/home/runner/work/money-making/money-making/projects/harv-extension/outputs/pm_native_geometry_warmup600_actions/28733449635/QQQ/predictions/full/QQQ.csv,42,all,True,True,True,36739,36739
CP_REPO_FRESH,CP_REPO_FRESH,QQQ,stable_low_dispersion,ex_post_descriptive,7344,78.55852398359973,78.55852398359973,0.0,0.0,0.0,0.0,0.0,,,0.0,0.0005506084775384909,0.0005506084775384909,0.0,full,complete,generated_current,generated_current,/home/runner/work/money-making/money-making/projects/harv-extension/outputs/pm_native_geometry_warmup600_actions/28733449635/QQQ/predictions/full/QQQ.csv,42,all,True,True,True,36739,36739
PM_QDK,CP_REPO_FRESH,QQQ,all_observations,not_conditioned,36717,82.02830505912664,81.49578954051186,-0.5325155186147436,-0.2924082903984413,0.46765803306370346,-0.47593186187149744,-0.6900987945209098,16.402579138621572,-16.01622134883806,9.687572995781338,0.0005506623392290291,0.000532245601658939,-1.841673757009028e-05,full,complete,generated_current,generated_current,/home/runner/work/money-making/money-making/projects/harv-extension/outputs/pm_native_geometry_warmup600_actions/28733449635/QQQ/predictions/full/QQQ.csv,42,all,True,True,True,36739,36739
PM_QDK,CP_REPO_FRESH,QQQ,cluster_entry_loose,ex_post_descriptive,7344,81.01845617628567,82.43056943787046,1.4121132615848062,0.0,0.48965141612200436,1.5639508981766184,0.5162343253202372,22.298040549606135,-19.074643175766354,12.37946598770798,0.0007218410185968389,0.0007274935317580001,5.652513161161229e-06,full,complete,generated_current,generated_current,/home/runner/work/money-making/money-making/projects/harv-extension/outputs/pm_native_geometry_warmup600_actions/28733449635/QQQ/predictions/full/QQQ.csv,42,all,True,True,True,36739,36739
PM_QDK,CP_REPO_FRESH,QQQ,cluster_entry_strict,ex_post_descriptive,7338,81.03541350388117,82.43154271985084,1.3961292159696737,0.0,0.4895066775688198,1.5483091228681218,0.5104297322416131,22.279465302188438,-19.0768297371994,12.37277125417378,0.0007222784382791436,0.0007278811270666987,5.60268878755514e-06,full,complete,generated_current,generated_current,/home/runner/work/money-making/money-making/projects/harv-extension/outputs/pm_native_geometry_warmup600_actions/28733449635/QQQ/predictions/full/QQQ.csv,42,all,True,True,True,36739,36739
PM_QDK,CP_REPO_FRESH,QQQ,cluster_exit_loose,ex_post_descriptive,7344,84.17968839164675,80.37790857895014,-3.801779812696624,-2.920660285904493,0.4040032679738562,-3.74873536064862,-3.395843341986378,19.026198355716048,-19.880066320889142,11.903721509737677,0.0006524056777089417,0.0005795676173075585,-7.283806040138312e-05,full,complete,generated_current,generated_current,/home/runner/work/money-making/money-making/projects/harv-extension/outputs/pm_native_geometry_warmup600_actions/28733449635/QQQ/predictions/full/QQQ.csv,42,all,True,True,True,36739,36739
PM_QDK,CP_REPO_FRESH,QQQ,cluster_exit_strict,ex_post_descriptive,7333,84.11396563594944,80.3152579031317,-3.7987077328177317,-2.9197637231886517,0.404200190917769,-3.7485022101600483,-3.3894446810462915,19.01405454059245,-19.87575677674497,11.904828703401591,0.0006528759823218218,0.0005799273286126278,-7.294865370919388e-05,full,complete,generated_current,generated_current,/home/runner/work/money-making/money-making/projects/harv-extension/outputs/pm_native_geometry_warmup600_actions/28733449635/QQQ/predictions/full/QQQ.csv,42,all,True,True,True,36739,36739
PM_QDK,CP_REPO_FRESH,QQQ,inflection_points,ex_post_descriptive,14999,81.84982964976832,80.62725699139614,-1.2225726583721752,-0.8774165874891366,0.4545636375758384,-1.1689885392444983,-1.2857454796567858,17.97250568869006,-17.70885117390485,10.75330243408608,0.0006450900349414539,0.0006105251248507447,-3.456491009070912e-05,full,complete,generated_current,generated_current,/home/runner/work/money-making/money-making/projects/harv-extension/outputs/pm_native_geometry_warmup600_actions/28733449635/QQQ/predictions/full/QQQ.csv,42,all,True,True,True,36739,36739
PM_QDK,CP_REPO_FRESH,QQQ,high_within_block_dispersion,ex_post_descriptive,7344,89.79054044554198,89.7434974539479,-0.047042991594099554,-1.2036938513849194,0.4415849673202614,0.0741078759913137,-1.062852852758346,26.199701034711705,-21.87464466303516,14.102247816870815,0.0005379718250897249,0.0005452235109596478,7.251685869922923e-06,full,complete,generated_current,generated_current,/home/runner/work/money-making/money-making/projects/harv-extension/outputs/pm_native_geometry_warmup600_actions/28733449635/QQQ/predictions/full/QQQ.csv,42,all,True,True,True,36739,36739
PM_QDK,CP_REPO_FRESH,QQQ,recent_spike_position,ex_post_descriptive,11517,81.40047502043339,82.42572330761342,1.0252482871800377,2.842170943040401e-14,0.5003038985847009,1.1429724744709389,0.45514422826676776,17.089860091189315,-15.651795073501956,9.86280481475,0.0005650160805025974,0.0005726429713144511,7.626890811853845e-06,full,complete,generated_current,generated_current,/home/runner/work/money-making/money-making/projects/harv-extension/outputs/pm_native_geometry_warmup600_actions/28733449635/QQQ/predictions/full/QQQ.csv,42,all,True,True,True,36739,36739
PM_QDK,CP_REPO_FRESH,QQQ,older_spike_position,ex_post_descriptive,10882,82.92997256345363,81.52595453682295,-1.4040180266306812,-0.8011521824736576,0.44881455614776694,-1.3905698323633702,-1.2304187298008749,15.618501747930415,-15.912284793654365,9.458362327500808,0.0005335681119588465,0.0005047067219285299,-2.8861390030316597e-05,full,complete,generated_current,generated_current,/home/runner/work/money-making/money-making/projects/harv-extension/outputs/pm_native_geometry_warmup600_actions/28733449635/QQQ/predictions/full/QQQ.csv,42,all,True,True,True,36739,36739
PM_QDK,CP_REPO_FRESH,QQQ,same_average_different_path,ex_post_descriptive,548,95.36801455375821,89.1124948600028,-6.25551969375543,-4.835975479596911,0.3193430656934307,-6.32146215523508,-6.374015756029351,14.33875924408232,-16.584658267855815,11.468574924774138,0.0005510621695016774,0.0004879788955100449,-6.308327399163254e-05,full,complete,generated_current,generated_current,/home/runner/work/money-making/money-making/projects/harv-extension/outputs/pm_native_geometry_warmup600_actions/28733449635/QQQ/predictions/full/QQQ.csv,42,all,True,True,True,36739,36739
PM_QDK,CP_REPO_FRESH,QQQ,recent_ramp_high_dispersion,ex_post_descriptive,2892,89.3288854366186,95.64569695817043,6.316811521551843,1.4176142158299,0.5259336099585062,6.525518610859436,4.697650484933314,32.32897800781239,-23.537057600574798,17.26892360825067,0.0006354555873415942,0.0007359210267262333,0.00010046543938463899,full,complete,generated_current,generated_current,/home/runner/work/money-making/money-making/projects/harv-extension/outputs/pm_native_geometry_warmup600_actions/28733449635/QQQ/predictions/full/QQQ.csv,42,all,True,True,True,36739,36739
PM_QDK,CP_REPO_FRESH,QQQ,entry_with_recent_spike,ex_post_descriptive,4491,80.90432017132252,83.59845142657828,2.694131255255738,0.23231754702110763,0.5092407036294812,2.8613551259896224,1.4777259195724124,22.883754189016752,-18.723035068835642,12.483755899653634,0.0007230549219589391,0.0007503648972837269,2.730997532478787e-05,full,complete,generated_current,generated_current,/home/runner/work/money-making/money-making/projects/harv-extension/outputs/pm_native_geometry_warmup600_actions/28733449635/QQQ/predictions/full/QQQ.csv,42,all,True,True,True,36739,36739
PM_QDK,CP_REPO_FRESH,QQQ,entry_without_recent_spike,ex_post_descriptive,2853,81.19812137021816,80.59216845249132,-0.6059529177268489,-1.245597372154009,0.45881528215913076,-0.4617342347543385,-0.9656177608523017,21.27471962269087,-19.574713210044376,12.199393703413797,0.0007199301738722709,0.0006914909721449472,-2.84392017273236e-05,full,complete,generated_current,generated_current,/home/runner/work/money-making/money-making/projects/harv-extension/outputs/pm_native_geometry_warmup600_actions/28733449635/QQQ/predictions/full/QQQ.csv,42,all,True,True,True,36739,36739
PM_QDK,CP_REPO_FRESH,QQQ,same_average_recent_front_loaded,ex_post_descriptive,1488,78.26708789395762,77.82279669713228,-0.444291196825353,-0.5166316539913964,0.46841397849462363,-0.47914461247116813,-0.4941170767918314,13.995106147426322,-13.526875695626327,9.059243410875816,0.0005192138319403765,0.000519016297944483,-1.9753399589361736e-07,full,complete,generated_current,generated_current,/home/runner/work/money-making/money-making/projects/harv-extension/outputs/pm_native_geometry_warmup600_actions/28733449635/QQQ/predictions/full/QQQ.csv,42,all,True,True,True,36739,36739
PM_QDK,CP_REPO_FRESH,QQQ,same_average_back_loaded,ex_post_descriptive,1431,87.75020677283828,84.27838047653644,-3.4718262963018427,-3.220315339603104,0.36617749825296997,-3.571634626880008,-3.7830346636171273,13.871615197924749,-14.00104095391362,8.943374200345545,0.0005194373368827205,0.0004833533474066163,-3.6083989476104174e-05,full,complete,generated_current,generated_current,/home/runner/work/money-making/money-making/projects/harv-extension/outputs/pm_native_geometry_warmup600_actions/28733449635/QQQ/predictions/full/QQQ.csv,42,all,True,True,True,36739,36739
PM_QDK,CP_REPO_FRESH,QQQ,stable_low_dispersion,ex_post_descriptive,7344,79.44519764167691,78.55852398359973,-0.8866736580771805,0.0,0.4824346405228758,-0.8680481733336297,-0.41843707237009553,13.505359053042222,-14.828482943220788,8.4655079756735,0.0005822096123207943,0.0005506084775384909,-3.160113478230345e-05,full,complete,generated_current,generated_current,/home/runner/work/money-making/money-making/projects/harv-extension/outputs/pm_native_geometry_warmup600_actions/28733449635/QQQ/predictions/full/QQQ.csv,42,all,True,True,True,36739,36739
PM_QDK_2,CP_REPO_FRESH,QQQ,all_observations,not_conditioned,36717,78.29493011251783,81.49578954051186,3.2008594279940525,7.334281956230939,0.5769806901435303,3.1847939151570164,3.666812888467609,26.319938303531487,-29.61385850219763,25.12905745850462,0.0004940698742328943,0.000532245601658939,3.8175727426044496e-05,full,complete,generated_current,generated_current,/home/runner/work/money-making/money-making/projects/harv-extension/outputs/pm_native_geometry_warmup600_actions/28733449635/QQQ/predictions/full/QQQ.csv,42,all,True,True,True,36739,36739
PM_QDK_2,CP_REPO_FRESH,QQQ,cluster_entry_loose,ex_post_descriptive,7344,81.27931966829027,82.43056943787046,1.1512497695802026,3.873248808944126,0.5273692810457516,1.275611684825562,0.5010640289755279,33.15506477528383,-35.426694497010416,31.026711235613433,0.0006775625630776357,0.0007274935317580001,4.9930968680364306e-05,full,complete,generated_current,generated_current,/home/runner/work/money-making/money-making/projects/harv-extension/outputs/pm_native_geometry_warmup600_actions/28733449635/QQQ/predictions/full/QQQ.csv,42,all,True,True,True,36739,36739
PM_QDK_2,CP_REPO_FRESH,QQQ,cluster_entry_strict,ex_post_descriptive,7338,81.28725190750428,82.43154271985084,1.1442908123465554,3.8562330112954992,0.5272553829381302,1.269110479147277,0.49839514792910267,33.14637031438436,-35.41563261387532,31.021462277286155,0.0006779358643680193,0.0007278811270666987,4.994526269867941e-05,full,complete,generated_current,generated_current,/home/runner/work/money-making/money-making/projects/harv-extension/outputs/pm_native_geometry_warmup600_actions/28733449635/QQQ/predictions/full/QQQ.csv,42,all,True,True,True,36739,36739
PM_QDK_2,CP_REPO_FRESH,QQQ,cluster_exit_loose,ex_post_descriptive,7344,79.173329159736,80.37790857895014,1.2045794192141308,4.741848306469726,0.559640522875817,1.269844140988112,1.985503426180705,23.892885743489575,-28.6388875484082,22.836567027211043,0.0005649546606566895,0.0005795676173075585,1.46129566508691e-05,full,complete,generated_current,generated_current,/home/runner/work/money-making/money-making/projects/harv-extension/outputs/pm_native_geometry_warmup600_actions/28733449635/QQQ/predictions/full/QQQ.csv,42,all,True,True,True,36739,36739
PM_QDK_2,CP_REPO_FRESH,QQQ,cluster_exit_strict,ex_post_descriptive,7333,79.13905451150981,80.3152579031317,1.1762033916218895,4.713713029947353,0.5591163234692486,1.2404652660619608,1.9598548211770397,23.894572418256942,-28.644644900317452,22.84417784873002,0.0005655088253856179,0.0005799273286126278,1.4418503227010033e-05,full,complete,generated_current,generated_current,/home/runner/work/money-making/money-making/projects/harv-extension/outputs/pm_native_geometry_warmup600_actions/28733449635/QQQ/predictions/full/QQQ.csv,42,all,True,True,True,36739,36739
PM_QDK_2,CP_REPO_FRESH,QQQ,inflection_points,ex_post_descriptive,14999,79.07194772075322,80.62725699139614,1.5553092706429323,5.242719628807194,0.5490366024401627,1.5731176292021274,1.76856091790773,27.441145319160057,-30.915293356660523,26.348039482164992,0.00058247772285575,0.0006105251248507447,2.804740199499486e-05,full,complete,generated_current,generated_current,/home/runner/work/money-making/money-making/projects/harv-extension/outputs/pm_native_geometry_warmup600_actions/28733449635/QQQ/predictions/full/QQQ.csv,42,all,True,True,True,36739,36739
PM_QDK_2,CP_REPO_FRESH,QQQ,high_within_block_dispersion,ex_post_descriptive,7344,84.14676420502572,89.7434974539479,5.596733248922167,7.223902191939416,0.6011710239651417,5.718570273046849,5.676378479118263,28.299762418555087,-30.53206194385881,22.717779962801387,0.00046557947950706907,0.0005452235109596478,7.964403145257864e-05,full,complete,generated_current,generated_current,/home/runner/work/money-making/money-making/projects/harv-extension/outputs/pm_native_geometry_warmup600_actions/28733449635/QQQ/predictions/full/QQQ.csv,42,all,True,True,True,36739,36739
PM_QDK_2,CP_REPO_FRESH,QQQ,recent_spike_position,ex_post_descriptive,11517,79.50069474627371,82.42572330761342,2.925028561339733,7.860988003248025,0.5649908830424589,2.9365926925638135,3.031575495105636,29.928306804365548,-33.46269238210199,29.208163623684648,0.0005196442440398034,0.0005726429713144511,5.299872727464781e-05,full,complete,generated_current,generated_current,/home/runner/work/money-making/money-making/projects/harv-extension/outputs/pm_native_geometry_warmup600_actions/28733449635/QQQ/predictions/full/QQQ.csv,42,all,True,True,True,36739,36739
PM_QDK_2,CP_REPO_FRESH,QQQ,older_spike_position,ex_post_descriptive,10882,77.80566224480692,81.52595453682295,3.7202922920160253,7.75571219246575,0.5918948722661276,3.680178212746982,4.498016428058737,24.349067497354323,-27.570645267474124,23.207067144527457,0.00047057678200722677,0.0005047067219285299,3.41299399213032e-05,full,complete,generated_current,generated_current,/home/runner/work/money-making/money-making/projects/harv-extension/outputs/pm_native_geometry_warmup600_actions/28733449635/QQQ/predictions/full/QQQ.csv,42,all,True,True,True,36739,36739
PM_QDK_2,CP_REPO_FRESH,QQQ,same_average_different_path,ex_post_descriptive,548,85.66216260903676,89.1124948600028,3.4503322509660226,7.345851085017401,0.6240875912408759,3.532832721644198,4.438746799739906,21.463668445913157,-28.091714097798548,19.86619960145459,0.0004516763383939463,0.0004879788955100449,3.630255711609854e-05,full,complete,generated_current,generated_current,/home/runner/work/money-making/money-making/projects/harv-extension/outputs/pm_native_geometry_warmup600_actions/28733449635/QQQ/predictions/full/QQQ.csv,42,all,True,True,True,36739,36739
PM_QDK_2,CP_REPO_FRESH,QQQ,recent_ramp_high_dispersion,ex_post_descriptive,2892,86.78499030493934,95.64569695817043,8.860706653231105,10.828569115113353,0.5995850622406639,9.04902071589595,8.457478344731035,38.174259689487954,-36.948089854670094,31.379928561788233,0.0005777884980804576,0.0007359210267262333,0.00015813252864577568,full,complete,generated_current,generated_current,/home/runner/work/money-making/money-making/projects/harv-extension/outputs/pm_native_geometry_warmup600_actions/28733449635/QQQ/predictions/full/QQQ.csv,42,all,True,True,True,36739,36739
PM_QDK_2,CP_REPO_FRESH,QQQ,entry_with_recent_spike,ex_post_descriptive,4491,81.830737168797,83.59845142657828,1.7677142577812692,5.223140970139241,0.5283901135604543,1.91597320490735,0.9001477446762559,36.47891351924864,-38.038537517891314,34.584454086952114,0.0006808120100262741,0.0007503648972837269,6.955288725745283e-05,full,complete,generated_current,generated_current,/home/runner/work/money-making/money-making/projects/harv-extension/outputs/pm_native_geometry_warmup600_actions/28733449635/QQQ/predictions/full/QQQ.csv,42,all,True,True,True,36739,36739
PM_QDK_2,CP_REPO_FRESH,QQQ,entry_without_recent_spike,ex_post_descriptive,2853,80.41131546402259,80.59216845249132,0.18085298846874498,2.7155480797836162,0.5257623554153522,0.21708478322558838,0.05527119436697055,27.896736062331495,-31.33368500181646,26.32823330861803,0.0006724475030543848,0.0006914909721449472,1.9043469090562537e-05,full,complete,generated_current,generated_current,/home/runner/work/money-making/money-making/projects/harv-extension/outputs/pm_native_geometry_warmup600_actions/28733449635/QQQ/predictions/full/QQQ.csv,42,all,True,True,True,36739,36739
PM_QDK_2,CP_REPO_FRESH,QQQ,same_average_recent_front_loaded,ex_post_descriptive,1488,79.36373855926541,77.82279669713228,-1.5409418621331368,0.0,0.4952956989247312,-1.5412059638736928,-1.893567878415068,29.545554725894643,-32.8349185864099,29.92114887369362,0.0005030882207189014,0.000519016297944483,1.5928077225581565e-05,full,complete,generated_current,generated_current,/home/runner/work/money-making/money-making/projects/harv-extension/outputs/pm_native_geometry_warmup600_actions/28733449635/QQQ/predictions/full/QQQ.csv,42,all,True,True,True,36739,36739
PM_QDK_2,CP_REPO_FRESH,QQQ,same_average_back_loaded,ex_post_descriptive,1431,79.29077010123724,84.27838047653644,4.987610375299196,9.135835490480158,0.6331236897274634,4.961895591116994,5.919559133131596,22.007531601982244,-25.654415199083687,21.40606589347494,0.0004303098023519528,0.0004833533474066163,5.3043545054663486e-05,full,complete,generated_current,generated_current,/home/runner/work/money-making/money-making/projects/harv-extension/outputs/pm_native_geometry_warmup600_actions/28733449635/QQQ/predictions/full/QQQ.csv,42,all,True,True,True,36739,36739
PM_QDK_2,CP_REPO_FRESH,QQQ,stable_low_dispersion,ex_post_descriptive,7344,75.4905408133955,78.55852398359973,3.067983170204219,8.27911956301517,0.5793845315904139,3.0430240276165654,3.780993152753628,26.212467662480396,-29.94710010157278,26.06422805980546,0.0005165600848501164,0.0005506084775384909,3.40483926883746e-05,full,complete,generated_current,generated_current,/home/runner/work/money-making/money-making/projects/harv-extension/outputs/pm_native_geometry_warmup600_actions/28733449635/QQQ/predictions/full/QQQ.csv,42,all,True,True,True,36739,36739
PHQO,CP_REPO_FRESH,QQQ,all_observations,not_conditioned,36717,81.49578954051186,81.49578954051186,4.791161007105845e-15,0.0,0.0005991774927145464,0.0,0.0,9.941502166942552e-12,-3.5663324145692363e-12,0.0,0.0005321825066196723,0.000532245601658939,6.309503926666829e-08,full,complete,generated_current,generated_current,/home/runner/work/money-making/money-making/projects/harv-extension/outputs/pm_native_geometry_warmup600_actions/28733449635/QQQ/predictions/full/QQQ.csv,42,all,True,True,True,36739,36739
PHQO,CP_REPO_FRESH,QQQ,cluster_entry_loose,ex_post_descriptive,7344,82.43056943787047,82.43056943787046,-1.7865157428935525e-15,0.0,0.0002723311546840959,0.0,0.0,7.041478511382593e-12,-1.3601564319287718e-11,0.0,0.0007274935317580001,0.0007274935317580001,-1.4763101477199136e-23,full,complete,generated_current,generated_current,/home/runner/work/money-making/money-making/projects/harv-extension/outputs/pm_native_geometry_warmup600_actions/28733449635/QQQ/predictions/full/QQQ.csv,42,all,True,True,True,36739,36739
PHQO,CP_REPO_FRESH,QQQ,cluster_entry_strict,ex_post_descriptive,7338,82.43154271985084,82.43154271985084,-1.7879765080144795e-15,0.0,0.0002725538293813028,0.0,0.0,7.041478511382593e-12,-1.3601564319287718e-11,0.0,0.0007278811270666987,0.0007278811270666987,-1.47751726967226e-23,full,complete,generated_current,generated_current,/home/runner/work/money-making/money-making/projects/harv-extension/outputs/pm_native_geometry_warmup600_actions/28733449635/QQQ/predictions/full/QQQ.csv,42,all,True,True,True,36739,36739
PHQO,CP_REPO_FRESH,QQQ,cluster_exit_loose,ex_post_descriptive,7344,80.37790857895011,80.37790857895014,6.005846993778352e-15,0.0,0.0009531590413943355,0.0,0.0,8.509764321778285e-12,-3.865352482534945e-12,0.0,0.0005795521651959177,0.0005795676173075585,1.5452111640783754e-08,full,complete,generated_current,generated_current,/home/runner/work/money-making/money-making/projects/harv-extension/outputs/pm_native_geometry_warmup600_actions/28733449635/QQQ/predictions/full/QQQ.csv,42,all,True,True,True,36739,36739
PHQO,CP_REPO_FRESH,QQQ,cluster_exit_strict,ex_post_descriptive,7333,80.3152579031317,80.3152579031317,6.014856173777202e-15,0.0,0.0009545888449474976,0.0,0.0,8.509764321778285e-12,-3.865352482534945e-12,0.0,0.0005799118533217661,0.0005799273286126278,1.5475290861845887e-08,full,complete,generated_current,generated_current,/home/runner/work/money-making/money-making/projects/harv-extension/outputs/pm_native_geometry_warmup600_actions/28733449635/QQQ/predictions/full/QQQ.csv,42,all,True,True,True,36739,36739
PHQO,CP_REPO_FRESH,QQQ,inflection_points,ex_post_descriptive,14999,80.62725699139615,80.62725699139614,1.6615965368881601e-15,0.0,0.00046669777985199013,0.0,0.0,7.456638481276708e-12,-6.8185457280378614e-12,0.0,0.0006104784391511743,0.0006105251248507447,4.6685699570379664e-08,full,complete,generated_current,generated_current,/home/runner/work/money-making/money-making/projects/harv-extension/outputs/pm_native_geometry_warmup600_actions/28733449635/QQQ/predictions/full/QQQ.csv,42,all,True,True,True,36739,36739
PHQO,CP_REPO_FRESH,QQQ,high_within_block_dispersion,ex_post_descriptive,7344,89.74349745394788,89.7434974539479,3.695059267034031e-15,0.0,0.0005446623093681918,0.0,0.0,6.807221453186685e-12,-2.3092638912203256e-14,0.0,0.0005451986262492983,0.0005452235109596478,2.488471034940249e-08,full,complete,generated_current,generated_current,/home/runner/work/money-making/money-making/projects/harv-extension/outputs/pm_native_geometry_warmup600_actions/28733449635/QQQ/predictions/full/QQQ.csv,42,all,True,True,True,36739,36739
PHQO,CP_REPO_FRESH,QQQ,recent_spike_position,ex_post_descriptive,11517,82.42572330761344,82.42572330761342,7.557652611844428e-17,0.0,0.0004341408352869671,0.0,0.0,5.616129783447832e-12,-9.070078021977679e-12,0.0,0.0005726340407390945,0.0005726429713144511,8.930575356655366e-09,full,complete,generated_current,generated_current,/home/runner/work/money-making/money-making/projects/harv-extension/outputs/pm_native_geometry_warmup600_actions/28733449635/QQQ/predictions/full/QQQ.csv,42,all,True,True,True,36739,36739
PHQO,CP_REPO_FRESH,QQQ,older_spike_position,ex_post_descriptive,10882,81.52595453682294,81.52595453682295,1.03676588644007e-14,0.0,0.0010108435949274031,0.0,0.0,1.1660732985257544e-11,-3.8617997688561445e-12,0.0,0.0005046406446324582,0.0005047067219285299,6.607729607175178e-08,full,complete,generated_current,generated_current,/home/runner/work/money-making/money-making/projects/harv-extension/outputs/pm_native_geometry_warmup600_actions/28733449635/QQQ/predictions/full/QQQ.csv,42,all,True,True,True,36739,36739
PHQO,CP_REPO_FRESH,QQQ,same_average_different_path,ex_post_descriptive,548,89.11249486000277,89.1124948600028,1.9656620208253865e-14,0.0,0.0018248175182481751,0.0,0.0,1.0771827874123119e-11,,0.0,0.00048797889551004467,0.0004879788955100449,1.8241503704956846e-19,full,complete,generated_current,generated_current,/home/runner/work/money-making/money-making/projects/harv-extension/outputs/pm_native_geometry_warmup600_actions/28733449635/QQQ/predictions/full/QQQ.csv,42,all,True,True,True,36739,36739
PHQO,CP_REPO_FRESH,QQQ,recent_ramp_high_dispersion,ex_post_descriptive,2892,95.64569695817043,95.64569695817043,1.0613916384798177e-15,0.0,0.00034578146611341634,0.0,0.0,3.069544618483633e-12,,0.0,0.0007359210267262333,0.0007359210267262333,3.4565504945768846e-20,full,complete,generated_current,generated_current,/home/runner/work/money-making/money-making/projects/harv-extension/outputs/pm_native_geometry_warmup600_actions/28733449635/QQQ/predictions/full/QQQ.csv,42,all,True,True,True,36739,36739
PHQO,CP_REPO_FRESH,QQQ,entry_with_recent_spike,ex_post_descriptive,4491,83.59845142657828,83.59845142657828,-2.9214365655333443e-15,0.0,0.00044533511467379205,0.0,0.0,7.041478511382593e-12,-1.3601564319287718e-11,0.0,0.000750364897283727,0.0007503648972837269,-2.414166494067033e-23,full,complete,generated_current,generated_current,/home/runner/work/money-making/money-making/projects/harv-extension/outputs/pm_native_geometry_warmup600_actions/28733449635/QQQ/predictions/full/QQQ.csv,42,all,True,True,True,36739,36739
PHQO,CP_REPO_FRESH,QQQ,entry_without_recent_spike,ex_post_descriptive,2853,80.59216845249132,80.59216845249132,0.0,0.0,0.0,0.0,0.0,,,0.0,0.0006914909721449472,0.0006914909721449472,0.0,full,complete,generated_current,generated_current,/home/runner/work/money-making/money-making/projects/harv-extension/outputs/pm_native_geometry_warmup600_actions/28733449635/QQQ/predictions/full/QQQ.csv,42,all,True,True,True,36739,36739
PHQO,CP_REPO_FRESH,QQQ,same_average_recent_front_loaded,ex_post_descriptive,1488,77.82279669713229,77.82279669713228,-9.684009866407816e-15,0.0,0.0,0.0,0.0,,-1.4409806681214832e-11,0.0,0.0005190162979444831,0.000519016297944483,-6.717973138653462e-20,full,complete,generated_current,generated_current,/home/runner/work/money-making/money-making/projects/harv-extension/outputs/pm_native_geometry_warmup600_actions/28733449635/QQQ/predictions/full/QQQ.csv,42,all,True,True,True,36739,36739
PHQO,CP_REPO_FRESH,QQQ,same_average_back_loaded,ex_post_descriptive,1431,84.27838047653644,84.27838047653644,7.527482791141243e-15,0.0,0.0006988120195667365,0.0,0.0,1.0771827874123119e-11,,0.0,0.00048335334740661623,0.0004833533474066163,6.98556536010926e-20,full,complete,generated_current,generated_current,/home/runner/work/money-making/money-making/projects/harv-extension/outputs/pm_native_geometry_warmup600_actions/28733449635/QQQ/predictions/full/QQQ.csv,42,all,True,True,True,36739,36739
PHQO,CP_REPO_FRESH,QQQ,stable_low_dispersion,ex_post_descriptive,7344,78.55852398359973,78.55852398359973,4.584084262025265e-15,0.0,0.0005446623093681918,0.0,0.0,8.427036846114788e-12,-4.263256414560601e-14,0.0,0.0005505071280602212,0.0005506084775384909,1.0134947826983929e-07,full,complete,generated_current,generated_current,/home/runner/work/money-making/money-making/projects/harv-extension/outputs/pm_native_geometry_warmup600_actions/28733449635/QQQ/predictions/full/QQQ.csv,42,all,True,True,True,36739,36739
CP_REPO_FRESH,CP_REPO_FRESH,SPY,all_observations,not_conditioned,36717,82.59257706370322,82.59257706370322,0.0,0.0,0.0,0.0,0.0,,,0.0,0.00039324834068081083,0.00039324834068081083,0.0,full,complete,generated_current,generated_current,/home/runner/work/money-making/money-making/projects/harv-extension/outputs/pm_native_geometry_warmup600_actions/28733449635/SPY/predictions/full/SPY.csv,42,all,True,True,True,36739,36739
CP_REPO_FRESH,CP_REPO_FRESH,SPY,cluster_entry_loose,ex_post_descriptive,7344,83.93737736969771,83.93737736969771,0.0,0.0,0.0,0.0,0.0,,,0.0,0.0005361499262601238,0.0005361499262601238,0.0,full,complete,generated_current,generated_current,/home/runner/work/money-making/money-making/projects/harv-extension/outputs/pm_native_geometry_warmup600_actions/28733449635/SPY/predictions/full/SPY.csv,42,all,True,True,True,36739,36739
CP_REPO_FRESH,CP_REPO_FRESH,SPY,cluster_entry_strict,ex_post_descriptive,7334,83.92052074713034,83.92052074713034,0.0,0.0,0.0,0.0,0.0,,,0.0,0.0005366371812726387,0.0005366371812726387,0.0,full,complete,generated_current,generated_current,/home/runner/work/money-making/money-making/projects/harv-extension/outputs/pm_native_geometry_warmup600_actions/28733449635/SPY/predictions/full/SPY.csv,42,all,True,True,True,36739,36739
CP_REPO_FRESH,CP_REPO_FRESH,SPY,cluster_exit_loose,ex_post_descriptive,7344,82.13499686799348,82.13499686799348,0.0,0.0,0.0,0.0,0.0,,,0.0,0.00045615671458464665,0.00045615671458464665,0.0,full,complete,generated_current,generated_current,/home/runner/work/money-making/money-making/projects/harv-extension/outputs/pm_native_geometry_warmup600_actions/28733449635/SPY/predictions/full/SPY.csv,42,all,True,True,True,36739,36739
CP_REPO_FRESH,CP_REPO_FRESH,SPY,cluster_exit_strict,ex_post_descriptive,7337,82.11758219589878,82.11758219589878,0.0,0.0,0.0,0.0,0.0,,,0.0,0.00045640101129765384,0.00045640101129765384,0.0,full,complete,generated_current,generated_current,/home/runner/work/money-making/money-making/projects/harv-extension/outputs/pm_native_geometry_warmup600_actions/28733449635/SPY/predictions/full/SPY.csv,42,all,True,True,True,36739,36739
CP_REPO_FRESH,CP_REPO_FRESH,SPY,inflection_points,ex_post_descriptive,15203,82.23971354067824,82.23971354067824,0.0,0.0,0.0,0.0,0.0,,,0.0,0.0004581454345131336,0.0004581454345131336,0.0,full,complete,generated_current,generated_current,/home/runner/work/money-making/money-making/projects/harv-extension/outputs/pm_native_geometry_warmup600_actions/28733449635/SPY/predictions/full/SPY.csv,42,all,True,True,True,36739,36739
CP_REPO_FRESH,CP_REPO_FRESH,SPY,high_within_block_dispersion,ex_post_descriptive,7344,94.41657567628855,94.41657567628855,0.0,0.0,0.0,0.0,0.0,,,0.0,0.00037484696090573196,0.00037484696090573196,0.0,full,complete,generated_current,generated_current,/home/runner/work/money-making/money-making/projects/harv-extension/outputs/pm_native_geometry_warmup600_actions/28733449635/SPY/predictions/full/SPY.csv,42,all,True,True,True,36739,36739
CP_REPO_FRESH,CP_REPO_FRESH,SPY,recent_spike_position,ex_post_descriptive,11528,83.1823085198264,83.1823085198264,0.0,0.0,0.0,0.0,0.0,,,0.0,0.00041682911230219436,0.00041682911230219436,0.0,full,complete,generated_current,generated_current,/home/runner/work/money-making/money-making/projects/harv-extension/outputs/pm_native_geometry_warmup600_actions/28733449635/SPY/predictions/full/SPY.csv,42,all,True,True,True,36739,36739
CP_REPO_FRESH,CP_REPO_FRESH,SPY,older_spike_position,ex_post_descriptive,10747,82.04916947396379,82.04916947396379,0.0,0.0,0.0,0.0,0.0,,,0.0,0.000374971958428021,0.000374971958428021,0.0,full,complete,generated_current,generated_current,/home/runner/work/money-making/money-making/projects/harv-extension/outputs/pm_native_geometry_warmup600_actions/28733449635/SPY/predictions/full/SPY.csv,42,all,True,True,True,36739,36739
CP_REPO_FRESH,CP_REPO_FRESH,SPY,same_average_different_path,ex_post_descriptive,668,91.12413108571911,91.12413108571911,0.0,0.0,0.0,0.0,0.0,,,0.0,0.00027933565765625435,0.00027933565765625435,0.0,full,complete,generated_current,generated_current,/home/runner/work/money-making/money-making/projects/harv-extension/outputs/pm_native_geometry_warmup600_actions/28733449635/SPY/predictions/full/SPY.csv,42,all,True,True,True,36739,36739
CP_REPO_FRESH,CP_REPO_FRESH,SPY,recent_ramp_high_dispersion,ex_post_descriptive,2650,99.77624205229966,99.77624205229966,0.0,0.0,0.0,0.0,0.0,,,0.0,0.0005379129245144534,0.0005379129245144534,0.0,full,complete,generated_current,generated_current,/home/runner/work/money-making/money-making/projects/harv-extension/outputs/pm_native_geometry_warmup600_actions/28733449635/SPY/predictions/full/SPY.csv,42,all,True,True,True,36739,36739
CP_REPO_FRESH,CP_REPO_FRESH,SPY,entry_with_recent_spike,ex_post_descriptive,4425,85.14980352367117,85.14980352367117,0.0,0.0,0.0,0.0,0.0,,,0.0,0.0005631193276118103,0.0005631193276118103,0.0,full,complete,generated_current,generated_current,/home/runner/work/money-making/money-making/projects/harv-extension/outputs/pm_native_geometry_warmup600_actions/28733449635/SPY/predictions/full/SPY.csv,42,all,True,True,True,36739,36739
CP_REPO_FRESH,CP_REPO_FRESH,SPY,entry_without_recent_spike,ex_post_descriptive,2919,82.09942405303704,82.09942405303704,0.0,0.0,0.0,0.0,0.0,,,0.0,0.000495266198620106,0.000495266198620106,0.0,full,complete,generated_current,generated_current,/home/runner/work/money-making/money-making/projects/harv-extension/outputs/pm_native_geometry_warmup600_actions/28733449635/SPY/predictions/full/SPY.csv,42,all,True,True,True,36739,36739
CP_REPO_FRESH,CP_REPO_FRESH,SPY,same_average_recent_front_loaded,ex_post_descriptive,1515,80.26019701108196,80.26019701108196,0.0,0.0,0.0,0.0,0.0,,,0.0,0.00035652258634722,0.00035652258634722,0.0,full,complete,generated_current,generated_current,/home/runner/work/money-making/money-making/projects/harv-extension/outputs/pm_native_geometry_warmup600_actions/28733449635/SPY/predictions/full/SPY.csv,42,all,True,True,True,36739,36739
CP_REPO_FRESH,CP_REPO_FRESH,SPY,same_average_back_loaded,ex_post_descriptive,1416,85.1202035307237,85.1202035307237,0.0,0.0,0.0,0.0,0.0,,,0.0,0.0003336154152911006,0.0003336154152911006,0.0,full,complete,generated_current,generated_current,/home/runner/work/money-making/money-making/projects/harv-extension/outputs/pm_native_geometry_warmup600_actions/28733449635/SPY/predictions/full/SPY.csv,42,all,True,True,True,36739,36739
CP_REPO_FRESH,CP_REPO_FRESH,SPY,stable_low_dispersion,ex_post_descriptive,7344,78.62756210553053,78.62756210553053,0.0,0.0,0.0,0.0,0.0,,,0.0,0.0004185696717890967,0.0004185696717890967,0.0,full,complete,generated_current,generated_current,/home/runner/work/money-making/money-making/projects/harv-extension/outputs/pm_native_geometry_warmup600_actions/28733449635/SPY/predictions/full/SPY.csv,42,all,True,True,True,36739,36739
PM_QDK,CP_REPO_FRESH,SPY,all_observations,not_conditioned,36717,84.98365824638479,82.59257706370322,-2.3910811826815546,-2.842170943040401e-14,0.46354549663643546,-2.37362187845994,-1.3560619121776112,21.072351140198617,-24.227749725440884,13.140659988281953,0.00043757136514304204,0.00039324834068081083,-4.4323024462231214e-05,full,complete,generated_current,generated_current,/home/runner/work/money-making/money-making/projects/harv-extension/outputs/pm_native_geometry_warmup600_actions/28733449635/SPY/predictions/full/SPY.csv,42,all,True,True,True,36739,36739
PM_QDK,CP_REPO_FRESH,SPY,cluster_entry_loose,ex_post_descriptive,7344,86.80326340318734,83.93737736969771,-2.8658860334896263,-0.5538711600036379,0.45778867102396514,-2.8321351519845477,-2.190098924726486,26.434384078596057,-29.110028152062437,16.664051543490082,0.0005866316425798742,0.0005361499262601238,-5.0481716319750254e-05,full,complete,generated_current,generated_current,/home/runner/work/money-making/money-making/projects/harv-extension/outputs/pm_native_geometry_warmup600_actions/28733449635/SPY/predictions/full/SPY.csv,42,all,True,True,True,36739,36739
PM_QDK,CP_REPO_FRESH,SPY,cluster_entry_strict,ex_post_descriptive,7334,86.79830225424695,83.92052074713034,-2.8777815071166226,-0.5611561007147792,0.45759476411235345,-2.8436162033159884,-2.2041595990680314,26.451411330999473,-29.121809170428715,16.6796647289545,0.0005872110290507676,0.0005366371812726387,-5.05738477781289e-05,full,complete,generated_current,generated_current,/home/runner/work/money-making/money-making/projects/harv-extension/outputs/pm_native_geometry_warmup600_actions/28733449635/SPY/predictions/full/SPY.csv,42,all,True,True,True,36739,36739
PM_QDK,CP_REPO_FRESH,SPY,cluster_exit_loose,ex_post_descriptive,7344,88.63849365169149,82.13499686799348,-6.503496783697988,-2.5265222609283704,0.41544117647058826,-6.524043168429056,-4.833813727052669,25.437874458556074,-31.025151039973426,17.232838896433023,0.0005675467887781032,0.00045615671458464665,-0.00011139007419345656,full,complete,generated_current,generated_current,/home/runner/work/money-making/money-making/projects/harv-extension/outputs/pm_native_geometry_warmup600_actions/28733449635/SPY/predictions/full/SPY.csv,42,all,True,True,True,36739,36739
PM_QDK,CP_REPO_FRESH,SPY,cluster_exit_strict,ex_post_descriptive,7337,88.61819010902462,82.11758219589878,-6.500607913125859,-2.5270961169287247,0.4154286493117078,-6.521212507558982,-4.8297428255109285,25.460015791674017,-31.029491924622793,17.246564526919613,0.0005678975635690225,0.00045640101129765384,-0.00011149655227136876,full,complete,generated_current,generated_current,/home/runner/work/money-making/money-making/projects/harv-extension/outputs/pm_native_geometry_warmup600_actions/28733449635/SPY/predictions/full/SPY.csv,42,all,True,True,True,36739,36739
PM_QDK,CP_REPO_FRESH,SPY,inflection_points,ex_post_descriptive,15203,86.11276946769615,82.23971354067824,-3.8730559270179064,-1.1702448743087555,0.4405709399460633,-3.895026268649348,-2.8137754732171674,23.605553501096157,-27.02603893496018,14.69113431534646,0.0005313265502898429,0.0004581454345131336,-7.318111577670919e-05,full,complete,generated_current,generated_current,/home/runner/work/money-making/money-making/projects/harv-extension/outputs/pm_native_geometry_warmup600_actions/28733449635/SPY/predictions/full/SPY.csv,42,all,True,True,True,36739,36739
PM_QDK,CP_REPO_FRESH,SPY,high_within_block_dispersion,ex_post_descriptive,7344,96.96636736758946,94.41657567628855,-2.549791691300926,0.0,0.4394063180827887,-2.539419687148315,-1.774808607822919,30.350857875404554,-31.990098312268856,17.85676094574059,0.0003967126385060968,0.00037484696090573196,-2.1865677600364824e-05,full,complete,generated_current,generated_current,/home/runner/work/money-making/money-making/projects/harv-extension/outputs/pm_native_geometry_warmup600_actions/28733449635/SPY/predictions/full/SPY.csv,42,all,True,True,True,36739,36739
PM_QDK,CP_REPO_FRESH,SPY,recent_spike_position,ex_post_descriptive,11528,83.89864348557322,83.1823085198264,-0.7163349657468112,0.0,0.4907182512144344,-0.6636944909897834,-0.17065296747283468,21.30936597266862,-23.32578645282789,13.16923820532591,0.00044149741088552163,0.00041682911230219436,-2.466829858332718e-05,full,complete,generated_current,generated_current,/home/runner/work/money-making/money-making/projects/harv-extension/outputs/pm_native_geometry_warmup600_actions/28733449635/SPY/predictions/full/SPY.csv,42,all,True,True,True,36739,36739
PM_QDK,CP_REPO_FRESH,SPY,older_spike_position,ex_post_descriptive,10747,85.65571622407067,82.04916947396379,-3.60654675010687,-0.19047761346143943,0.45128873173908995,-3.600298634797153,-2.124900482907807,20.417086305620934,-25.092410581981433,13.08973220215034,0.00042724211552233203,0.000374971958428021,-5.227015709431095e-05,full,complete,generated_current,generated_current,/home/runner/work/money-making/money-making/projects/harv-extension/outputs/pm_native_geometry_warmup600_actions/28733449635/SPY/predictions/full/SPY.csv,42,all,True,True,True,36739,36739
PM_QDK,CP_REPO_FRESH,SPY,same_average_different_path,ex_post_descriptive,668,94.17116682182953,91.12413108571911,-3.047035736110415,-1.7591963392613579,0.3787425149700599,-3.0026774940050545,-3.4871922263343613,19.45693398021583,-18.754782125920112,11.214966354903009,0.00030804395916359504,0.00027933565765625435,-2.8708301507340653e-05,full,complete,generated_current,generated_current,/home/runner/work/money-making/money-making/projects/harv-extension/outputs/pm_native_geometry_warmup600_actions/28733449635/SPY/predictions/full/SPY.csv,42,all,True,True,True,36739,36739
PM_QDK,CP_REPO_FRESH,SPY,recent_ramp_high_dispersion,ex_post_descriptive,2650,98.34859596486432,99.77624205229966,1.4276460874353496,0.0,0.4867924528301887,1.48264957897539,1.9455547311637775,36.51014646856222,-35.76781735156201,21.959952429332187,0.0004978168511101639,0.0005379129245144534,4.009607340428953e-05,full,complete,generated_current,generated_current,/home/runner/work/money-making/money-making/projects/harv-extension/outputs/pm_native_geometry_warmup600_actions/28733449635/SPY/predictions/full/SPY.csv,42,all,True,True,True,36739,36739
PM_QDK,CP_REPO_FRESH,SPY,entry_with_recent_spike,ex_post_descriptive,4425,86.60256681775549,85.14980352367117,-1.4527632940843394,0.0,0.480225988700565,-1.380724312338591,-0.9087811904595607,26.466305024695288,-28.603092539388722,16.588350394299113,0.000595909445877323,0.0005631193276118103,-3.279011826551256e-05,full,complete,generated_current,generated_current,/home/runner/work/money-making/money-making/projects/harv-extension/outputs/pm_native_geometry_warmup600_actions/28733449635/SPY/predictions/full/SPY.csv,42,all,True,True,True,36739,36739
PM_QDK,CP_REPO_FRESH,SPY,entry_without_recent_spike,ex_post_descriptive,2919,87.10750540063027,82.09942405303704,-5.008081347593222,-1.9515857089202342,0.4237752655018842,-5.041334292321425,-4.182462414369096,26.379548176849188,-29.810782680370384,16.78248416865176,0.0005725671411782946,0.000495266198620106,-7.73009425581887e-05,full,complete,generated_current,generated_current,/home/runner/work/money-making/money-making/projects/harv-extension/outputs/pm_native_geometry_warmup600_actions/28733449635/SPY/predictions/full/SPY.csv,42,all,True,True,True,36739,36739
PM_QDK,CP_REPO_FRESH,SPY,same_average_recent_front_loaded,ex_post_descriptive,1515,82.34392707977105,80.26019701108196,-2.0837300686890883,-0.6553167005834828,0.4448844884488449,-2.094850799224801,-1.6747534436707394,14.916704039278182,-16.63817327019832,9.885247303482586,0.0003738925510844962,0.00035652258634722,-1.7369964737276227e-05,full,complete,generated_current,generated_current,/home/runner/work/money-making/money-making/projects/harv-extension/outputs/pm_native_geometry_warmup600_actions/28733449635/SPY/predictions/full/SPY.csv,42,all,True,True,True,36739,36739
PM_QDK,CP_REPO_FRESH,SPY,same_average_back_loaded,ex_post_descriptive,1416,88.59801637660271,85.1202035307237,-3.4778128458790305,-1.630810098693182,0.4060734463276836,-3.4462766794573207,-3.172626265843453,17.120092307257558,-18.934148803125385,11.21864163555803,0.00036618472009647374,0.0003336154152911006,-3.2569304805373174e-05,full,complete,generated_current,generated_current,/home/runner/work/money-making/money-making/projects/harv-extension/outputs/pm_native_geometry_warmup600_actions/28733449635/SPY/predictions/full/SPY.csv,42,all,True,True,True,36739,36739
PM_QDK,CP_REPO_FRESH,SPY,stable_low_dispersion,ex_post_descriptive,7344,80.54431025865942,78.62756210553053,-1.916748153128881,-0.16063444454126952,0.47072440087145967,-1.8894222085125125,-0.928334143070852,18.676689737851493,-21.094934243651046,12.071201347582587,0.00047920701841111383,0.0004185696717890967,-6.063734662201714e-05,full,complete,generated_current,generated_current,/home/runner/work/money-making/money-making/projects/harv-extension/outputs/pm_native_geometry_warmup600_actions/28733449635/SPY/predictions/full/SPY.csv,42,all,True,True,True,36739,36739
PM_QDK_2,CP_REPO_FRESH,SPY,all_observations,not_conditioned,36717,80.01208900262408,82.59257706370322,2.580488061079146,4.974637823429362,0.5573712449274179,2.603734824554271,3.0321674686717137,24.199284344703717,-26.738588194399693,21.560132909326654,0.0003756253799855669,0.00039324834068081083,1.762296069524398e-05,full,complete,generated_current,generated_current,/home/runner/work/money-making/money-making/projects/harv-extension/outputs/pm_native_geometry_warmup600_actions/28733449635/SPY/predictions/full/SPY.csv,42,all,True,True,True,36739,36739
PM_QDK_2,CP_REPO_FRESH,SPY,cluster_entry_loose,ex_post_descriptive,7344,83.10338100724584,83.93737736969771,0.8339963624518654,2.590484199309781,0.523011982570806,0.9223410513252038,0.6752086818181222,29.547722327573666,-32.506185944403256,27.516114678330773,0.00051686110492537,0.0005361499262601238,1.9288821334753917e-05,full,complete,generated_current,generated_current,/home/runner/work/money-making/money-making/projects/harv-extension/outputs/pm_native_geometry_warmup600_actions/28733449635/SPY/predictions/full/SPY.csv,42,all,True,True,True,36739,36739
PM_QDK_2,CP_REPO_FRESH,SPY,cluster_entry_strict,ex_post_descriptive,7334,83.10575448456689,83.92052074713034,0.8147662625634318,2.5207455062982813,0.5226343059721843,0.9031869310070593,0.650637567812975,29.567701407936784,-32.51287211598469,27.522537589307333,0.0005174259292333548,0.0005366371812726387,1.9211252039283798e-05,full,complete,generated_current,generated_current,/home/runner/work/money-making/money-making/projects/harv-extension/outputs/pm_native_geometry_warmup600_actions/28733449635/SPY/predictions/full/SPY.csv,42,all,True,True,True,36739,36739
PM_QDK_2,CP_REPO_FRESH,SPY,cluster_exit_loose,ex_post_descriptive,7344,81.78664591810475,82.13499686799348,0.34835094988873183,1.7456217924693194,0.5241013071895425,0.4420244008135691,1.0428126535247482,22.05473757556977,-25.40277554840642,19.42567683178285,0.00046534306546590484,0.00045615671458464665,-9.186350881258168e-06,full,complete,generated_current,generated_current,/home/runner/work/money-making/money-making/projects/harv-extension/outputs/pm_native_geometry_warmup600_actions/28733449635/SPY/predictions/full/SPY.csv,42,all,True,True,True,36739,36739
PM_QDK_2,CP_REPO_FRESH,SPY,cluster_exit_strict,ex_post_descriptive,7337,81.77140053229297,82.11758219589878,0.3461816636058022,1.7247989113559612,0.5240561537413112,0.4394186628741771,1.039737490375415,22.06263790804929,-25.398428361288197,19.42664674808762,0.0004655277198012588,0.00045640101129765384,-9.126708503604994e-06,full,complete,generated_current,generated_current,/home/runner/work/money-making/money-making/projects/harv-extension/outputs/pm_native_geometry_warmup600_actions/28733449635/SPY/predictions/full/SPY.csv,42,all,True,True,True,36739,36739
PM_QDK_2,CP_REPO_FRESH,SPY,inflection_points,ex_post_descriptive,15203,80.95715690921146,82.23971354067824,1.282556631466783,3.417439038349496,0.5368019469841478,1.337919245057482,1.6433781638096923,24.911517516545644,-27.89984608141158,22.562473596575806,0.00045087988163182934,0.0004581454345131336,7.265552881304319e-06,full,complete,generated_current,generated_current,/home/runner/work/money-making/money-making/projects/harv-extension/outputs/pm_native_geometry_warmup600_actions/28733449635/SPY/predictions/full/SPY.csv,42,all,True,True,True,36739,36739
PM_QDK_2,CP_REPO_FRESH,SPY,high_within_block_dispersion,ex_post_descriptive,7344,89.80063198159479,94.41657567628855,4.6159436946937555,3.74414700400537,0.556781045751634,4.70053018169567,4.870892525874618,26.716390284734693,-27.111849363241895,19.23155596590746,0.00032579060317040903,0.00037484696090573196,4.905635773532299e-05,full,complete,generated_current,generated_current,/home/runner/work/money-making/money-making/projects/harv-extension/outputs/pm_native_geometry_warmup600_actions/28733449635/SPY/predictions/full/SPY.csv,42,all,True,True,True,36739,36739
PM_QDK_2,CP_REPO_FRESH,SPY,recent_spike_position,ex_post_descriptive,11528,80.2101889898156,83.1823085198264,2.972119530010787,6.73151481481267,0.5583795975017349,2.9488769814212112,3.184153042369734,27.64170711214583,-30.367168619513507,25.588762843918374,0.00038548863701499936,0.00041682911230219436,3.134047528719499e-05,full,complete,generated_current,generated_current,/home/runner/work/money-making/money-making/projects/harv-extension/outputs/pm_native_geometry_warmup600_actions/28733449635/SPY/predictions/full/SPY.csv,42,all,True,True,True,36739,36739
PM_QDK_2,CP_REPO_FRESH,SPY,older_spike_position,ex_post_descriptive,10747,79.45560891868226,82.04916947396379,2.593560555281536,4.769951884112373,0.5582022890108868,2.650433929389489,3.161167097576825,22.751317143665673,-25.03161010768373,19.91746275212411,0.0003617752420590309,0.000374971958428021,1.3196716368990082e-05,full,complete,generated_current,generated_current,/home/runner/work/money-making/money-making/projects/harv-extension/outputs/pm_native_geometry_warmup600_actions/28733449635/SPY/predictions/full/SPY.csv,42,all,True,True,True,36739,36739
PM_QDK_2,CP_REPO_FRESH,SPY,same_average_different_path,ex_post_descriptive,668,88.46684063153859,91.12413108571911,2.6572904541805156,3.433331424018842,0.5733532934131736,2.6741540943781934,3.2503577808887223,19.183747762274745,-23.81327081007967,15.963779759700818,0.000254865803450885,0.00027933565765625435,2.446985420536939e-05,full,complete,generated_current,generated_current,/home/runner/work/money-making/money-making/projects/harv-extension/outputs/pm_native_geometry_warmup600_actions/28733449635/SPY/predictions/full/SPY.csv,42,all,True,True,True,36739,36739
PM_QDK_2,CP_REPO_FRESH,SPY,recent_ramp_high_dispersion,ex_post_descriptive,2650,91.86535646193424,99.77624205229966,7.910885590365414,8.616682351691402,0.5849056603773585,8.065511265713038,7.986356305516401,34.38224794956501,-33.887460699536085,27.365782833359933,0.000429249540415512,0.0005379129245144534,0.00010866338409894143,full,complete,generated_current,generated_current,/home/runner/work/money-making/money-making/projects/harv-extension/outputs/pm_native_geometry_warmup600_actions/28733449635/SPY/predictions/full/SPY.csv,42,all,True,True,True,36739,36739
PM_QDK_2,CP_REPO_FRESH,SPY,entry_with_recent_spike,ex_post_descriptive,4425,83.65087661099999,85.14980352367117,1.498926912671171,4.345955245672571,0.5265536723163842,1.5985243384525665,1.1034996083500712,32.718259701056105,-35.02807927271807,30.67794705535703,0.000528961540310689,0.0005631193276118103,3.415778730112142e-05,full,complete,generated_current,generated_current,/home/runner/work/money-making/money-making/projects/harv-extension/outputs/pm_native_geometry_warmup600_actions/28733449635/SPY/predictions/full/SPY.csv,42,all,True,True,True,36739,36739
PM_QDK_2,CP_REPO_FRESH,SPY,entry_without_recent_spike,ex_post_descriptive,2919,82.27341593475111,82.09942405303704,-0.1739918817140913,1.5392141719884833,0.5176430284343954,-0.16009042472046897,0.20325327606238097,24.65867396211101,-28.698433631818517,22.43361590947329,0.00049851769054372,0.000495266198620106,-3.2514919236140863e-06,full,complete,generated_current,generated_current,/home/runner/work/money-making/money-making/projects/harv-extension/outputs/pm_native_geometry_warmup600_actions/28733449635/SPY/predictions/full/SPY.csv,42,all,True,True,True,36739,36739
PM_QDK_2,CP_REPO_FRESH,SPY,same_average_recent_front_loaded,ex_post_descriptive,1515,80.04544513775063,80.26019701108196,0.21475187333132667,3.132474183333784,0.5247524752475248,0.22644900333444096,0.40341402991723824,25.456930840283157,-29.50060878507874,25.43995815831269,0.0003369335372733422,0.00035652258634722,1.958904907387773e-05,full,complete,generated_current,generated_current,/home/runner/work/money-making/money-making/projects/harv-extension/outputs/pm_native_geometry_warmup600_actions/28733449635/SPY/predictions/full/SPY.csv,42,all,True,True,True,36739,36739
PM_QDK_2,CP_REPO_FRESH,SPY,same_average_back_loaded,ex_post_descriptive,1416,82.16879730499693,85.1202035307237,2.9514062257267657,4.329923455524018,0.5720338983050848,2.9549247504509855,3.4847353191485255,19.210301374940798,-21.15455929009842,16.822514891972762,0.0003066818782823741,0.0003336154152911006,2.693353700872652e-05,full,complete,generated_current,generated_current,/home/runner/work/money-making/money-making/projects/harv-extension/outputs/pm_native_geometry_warmup600_actions/28733449635/SPY/predictions/full/SPY.csv,42,all,True,True,True,36739,36739
PM_QDK_2,CP_REPO_FRESH,SPY,stable_low_dispersion,ex_post_descriptive,7344,75.86257573908424,78.62756210553053,2.764986366446328,6.261965747558078,0.5733932461873639,2.794844606440495,3.330737690007752,23.47464182731348,-26.437447613475342,22.13677908728242,0.00040872544087780684,0.0004185696717890967,9.844230911289881e-06,full,complete,generated_current,generated_current,/home/runner/work/money-making/money-making/projects/harv-extension/outputs/pm_native_geometry_warmup600_actions/28733449635/SPY/predictions/full/SPY.csv,42,all,True,True,True,36739,36739
PHQO,CP_REPO_FRESH,SPY,all_observations,not_conditioned,36717,82.58298338639186,82.59257706370322,1.127314544304792e-15,0.0,0.0009260015796497535,0.0,0.0,4.819386719766365e-12,-4.710420088171164e-12,0.0,0.00039321082041125603,0.00039324834068081083,3.7520269554786494e-08,full,complete,generated_current,generated_current,/home/runner/work/money-making/money-making/projects/harv-extension/outputs/pm_native_geometry_warmup600_actions/28733449635/SPY/predictions/full/SPY.csv,42,all,True,True,True,36739,36739
PHQO,CP_REPO_FRESH,SPY,cluster_entry_loose,ex_post_descriptive,7344,83.93737736969771,83.93737736969771,1.3501666499907678e-15,0.0,0.0005446623093681918,0.0,0.0,1.0317968701656355e-11,-1.567812546454661e-11,0.0,0.0005361493407971663,0.0005361499262601238,5.854629576285181e-10,full,complete,generated_current,generated_current,/home/runner/work/money-making/money-making/projects/harv-extension/outputs/pm_native_geometry_warmup600_actions/28733449635/SPY/predictions/full/SPY.csv,42,all,True,True,True,36739,36739
PHQO,CP_REPO_FRESH,SPY,cluster_entry_strict,ex_post_descriptive,7334,83.92052074713034,83.92052074713034,1.3520076189708478e-15,0.0,0.000545404963185165,0.0,0.0,1.0317968701656355e-11,-1.567812546454661e-11,0.0,0.000536636595011395,0.0005366371812726387,5.862612436356472e-10,full,complete,generated_current,generated_current,/home/runner/work/money-making/money-making/projects/harv-extension/outputs/pm_native_geometry_warmup600_actions/28733449635/SPY/predictions/full/SPY.csv,42,all,True,True,True,36739,36739
PHQO,CP_REPO_FRESH,SPY,cluster_exit_loose,ex_post_descriptive,7344,82.11894552615338,82.13499686799348,-8.939238200726918e-16,0.0,0.0008169934640522876,0.0,0.0,2.7882881189119266e-12,-3.8823018873775555e-12,0.0,0.0004561362502772532,0.00045615671458464665,2.0464307393487897e-08,full,complete,generated_current,generated_current,/home/runner/work/money-making/money-making/projects/harv-extension/outputs/pm_native_geometry_warmup600_actions/28733449635/SPY/predictions/full/SPY.csv,42,all,True,True,True,36739,36739
PHQO,CP_REPO_FRESH,SPY,cluster_exit_strict,ex_post_descriptive,7337,82.10151316402799,82.11758219589878,-8.94776800817036e-16,0.0,0.0008177729317159602,0.0,0.0,2.7882881189119266e-12,-3.8823018873775555e-12,0.0,0.0004563805274659109,0.00045640101129765384,2.048383174291606e-08,full,complete,generated_current,generated_current,/home/runner/work/money-making/money-making/projects/harv-extension/outputs/pm_native_geometry_warmup600_actions/28733449635/SPY/predictions/full/SPY.csv,42,all,True,True,True,36739,36739
PHQO,CP_REPO_FRESH,SPY,inflection_points,ex_post_descriptive,15203,82.23971354067824,82.23971354067824,1.6646261791571083e-15,0.0,0.0005919884233374992,0.0,0.0,5.419072598063697e-12,-2.1331219618952506e-12,0.0,0.0004581193802890199,0.0004581454345131336,2.6054224113732088e-08,full,complete,generated_current,generated_current,/home/runner/work/money-making/money-making/projects/harv-extension/outputs/pm_native_geometry_warmup600_actions/28733449635/SPY/predictions/full/SPY.csv,42,all,True,True,True,36739,36739
PHQO,CP_REPO_FRESH,SPY,high_within_block_dispersion,ex_post_descriptive,7344,94.4021968904621,94.41657567628855,-3.935962122600017e-15,0.0,0.0012254901960784314,0.0,0.0,2.193011204730687e-12,-4.863887070882811e-12,0.0,0.0003747956512889468,0.00037484696090573196,5.1309616785200235e-08,full,complete,generated_current,generated_current,/home/runner/work/money-making/money-making/projects/harv-extension/outputs/pm_native_geometry_warmup600_actions/28733449635/SPY/predictions/full/SPY.csv,42,all,True,True,True,36739,36739
PHQO,CP_REPO_FRESH,SPY,recent_spike_position,ex_post_descriptive,11528,83.17217425319328,83.1823085198264,2.2773874782568534e-15,0.0,0.0011276891047883415,0.0,0.0,7.557715137479066e-12,-7.999872369484566e-12,0.0,0.0004168079562194785,0.00041682911230219436,2.1156082715922855e-08,full,complete,generated_current,generated_current,/home/runner/work/money-making/money-making/projects/harv-extension/outputs/pm_native_geometry_warmup600_actions/28733449635/SPY/predictions/full/SPY.csv,42,all,True,True,True,36739,36739
PHQO,CP_REPO_FRESH,SPY,older_spike_position,ex_post_descriptive,10747,82.03819321949459,82.04916947396379,3.569244079316044e-15,0.0,0.0011165906764678516,0.0,0.0,5.448382485913801e-12,-3.860784707805059e-12,0.0,0.00037492255181219275,0.000374971958428021,4.9406615828300754e-08,full,complete,generated_current,generated_current,/home/runner/work/money-making/money-making/projects/harv-extension/outputs/pm_native_geometry_warmup600_actions/28733449635/SPY/predictions/full/SPY.csv,42,all,True,True,True,36739,36739
PHQO,CP_REPO_FRESH,SPY,same_average_different_path,ex_post_descriptive,668,91.12413108571917,91.12413108571911,-4.694049540283416e-14,0.0,0.0,0.0,0.0,,-1.567812546454661e-11,0.0,0.0002793356576562547,0.00027933565765625435,-2.9937289029184324e-19,full,complete,generated_current,generated_current,/home/runner/work/money-making/money-making/projects/harv-extension/outputs/pm_native_geometry_warmup600_actions/28733449635/SPY/predictions/full/SPY.csv,42,all,True,True,True,36739,36739
PHQO,CP_REPO_FRESH,SPY,recent_ramp_high_dispersion,ex_post_descriptive,2650,99.77624205229966,99.77624205229966,-2.1416830573146417e-15,0.0,0.0007547169811320754,0.0,0.0,9.78506164983628e-12,-2.524558340155636e-11,0.0,0.0005379113020088078,0.0005379129245144534,1.6225056455561377e-09,full,complete,generated_current,generated_current,/home/runner/work/money-making/money-making/projects/harv-extension/outputs/pm_native_geometry_warmup600_actions/28733449635/SPY/predictions/full/SPY.csv,42,all,True,True,True,36739,36739
PHQO,CP_REPO_FRESH,SPY,entry_with_recent_spike,ex_post_descriptive,4425,85.14980352367117,85.14980352367117,2.2376074627835018e-15,0.0,0.0006779661016949153,0.0,0.0,1.3752554650636739e-11,-1.567812546454661e-11,0.0,0.0005631193276118103,0.0005631193276118103,2.259979613212016e-20,full,complete,generated_current,generated_current,/home/runner/work/money-making/money-making/projects/harv-extension/outputs/pm_native_geometry_warmup600_actions/28733449635/SPY/predictions/full/SPY.csv,42,all,True,True,True,36739,36739
PHQO,CP_REPO_FRESH,SPY,entry_without_recent_spike,ex_post_descriptive,2919,82.09942405303704,82.09942405303704,4.868398326550875e-18,0.0,0.00034258307639602604,0.0,0.0,1.4210854715202004e-14,,0.0,0.0004952647256362208,0.000495266198620106,1.472983885140059e-09,full,complete,generated_current,generated_current,/home/runner/work/money-making/money-making/projects/harv-extension/outputs/pm_native_geometry_warmup600_actions/28733449635/SPY/predictions/full/SPY.csv,42,all,True,True,True,36739,36739
PHQO,CP_REPO_FRESH,SPY,same_average_recent_front_loaded,ex_post_descriptive,1515,80.26019701108197,80.26019701108196,-2.06971953327348e-14,0.0,0.0,0.0,0.0,,-1.567812546454661e-11,0.0,0.0003565225863472201,0.00035652258634722,-1.3200071994386224e-19,full,complete,generated_current,generated_current,/home/runner/work/money-making/money-making/projects/harv-extension/outputs/pm_native_geometry_warmup600_actions/28733449635/SPY/predictions/full/SPY.csv,42,all,True,True,True,36739,36739
PHQO,CP_REPO_FRESH,SPY,same_average_back_loaded,ex_post_descriptive,1416,85.1202035307237,85.1202035307237,0.0,0.0,0.0,0.0,0.0,,,0.0,0.0003336154152911006,0.0003336154152911006,0.0,full,complete,generated_current,generated_current,/home/runner/work/money-making/money-making/projects/harv-extension/outputs/pm_native_geometry_warmup600_actions/28733449635/SPY/predictions/full/SPY.csv,42,all,True,True,True,36739,36739
PHQO,CP_REPO_FRESH,SPY,stable_low_dispersion,ex_post_descriptive,7344,78.62756210553053,78.62756210553053,2.220929806559518e-15,0.0,0.0008169934640522876,0.0,0.0,9.480416451879137e-12,-1.014299755297543e-11,0.0,0.00041856104435007653,0.0004185696717890967,8.627439020238378e-09,full,complete,generated_current,generated_current,/home/runner/work/money-making/money-making/projects/harv-extension/outputs/pm_native_geometry_warmup600_actions/28733449635/SPY/predictions/full/SPY.csv,42,all,True,True,True,36739,36739
CP_REPO_FRESH,CP_REPO_FRESH,TLT,all_observations,not_conditioned,36717,84.26699779592526,84.26699779592526,0.0,0.0,0.0,0.0,0.0,,,0.0,0.0004526588534704098,0.0004526588534704098,0.0,full,complete,generated_current,generated_current,/home/runner/work/money-making/money-making/projects/harv-extension/outputs/pm_native_geometry_warmup600_actions/28733449635/TLT/predictions/full/TLT.csv,42,all,True,True,True,36739,36739
CP_REPO_FRESH,CP_REPO_FRESH,TLT,cluster_entry_loose,ex_post_descriptive,7344,83.70459993871154,83.70459993871154,0.0,0.0,0.0,0.0,0.0,,,0.0,0.0005453908185884672,0.0005453908185884672,0.0,full,complete,generated_current,generated_current,/home/runner/work/money-making/money-making/projects/harv-extension/outputs/pm_native_geometry_warmup600_actions/28733449635/TLT/predictions/full/TLT.csv,42,all,True,True,True,36739,36739
CP_REPO_FRESH,CP_REPO_FRESH,TLT,cluster_entry_strict,ex_post_descriptive,7294,83.5309826425591,83.5309826425591,0.0,0.0,0.0,0.0,0.0,,,0.0,0.0005467066470209954,0.0005467066470209954,0.0,full,complete,generated_current,generated_current,/home/runner/work/money-making/money-making/projects/harv-extension/outputs/pm_native_geometry_warmup600_actions/28733449635/TLT/predictions/full/TLT.csv,42,all,True,True,True,36739,36739
CP_REPO_FRESH,CP_REPO_FRESH,TLT,cluster_exit_loose,ex_post_descriptive,7344,83.52317991951085,83.52317991951085,0.0,0.0,0.0,0.0,0.0,,,0.0,0.00046315709762594635,0.00046315709762594635,0.0,full,complete,generated_current,generated_current,/home/runner/work/money-making/money-making/projects/harv-extension/outputs/pm_native_geometry_warmup600_actions/28733449635/TLT/predictions/full/TLT.csv,42,all,True,True,True,36739,36739
CP_REPO_FRESH,CP_REPO_FRESH,TLT,cluster_exit_strict,ex_post_descriptive,7293,83.13444890858366,83.13444890858366,0.0,0.0,0.0,0.0,0.0,,,0.0,0.0004625071653489427,0.0004625071653489427,0.0,full,complete,generated_current,generated_current,/home/runner/work/money-making/money-making/projects/harv-extension/outputs/pm_native_geometry_warmup600_actions/28733449635/TLT/predictions/full/TLT.csv,42,all,True,True,True,36739,36739
CP_REPO_FRESH,CP_REPO_FRESH,TLT,inflection_points,ex_post_descriptive,15527,82.47579325216547,82.47579325216547,0.0,0.0,0.0,0.0,0.0,,,0.0,0.0004774554898262105,0.0004774554898262105,0.0,full,complete,generated_current,generated_current,/home/runner/work/money-making/money-making/projects/harv-extension/outputs/pm_native_geometry_warmup600_actions/28733449635/TLT/predictions/full/TLT.csv,42,all,True,True,True,36739,36739
CP_REPO_FRESH,CP_REPO_FRESH,TLT,high_within_block_dispersion,ex_post_descriptive,7340,103.9110151263371,103.9110151263371,0.0,0.0,0.0,0.0,0.0,,,0.0,0.0004334717828516531,0.0004334717828516531,0.0,full,complete,generated_current,generated_current,/home/runner/work/money-making/money-making/projects/harv-extension/outputs/pm_native_geometry_warmup600_actions/28733449635/TLT/predictions/full/TLT.csv,42,all,True,True,True,36739,36739
CP_REPO_FRESH,CP_REPO_FRESH,TLT,recent_spike_position,ex_post_descriptive,11492,85.16020843455992,85.16020843455992,0.0,0.0,0.0,0.0,0.0,,,0.0,0.0004902652553529451,0.0004902652553529451,0.0,full,complete,generated_current,generated_current,/home/runner/work/money-making/money-making/projects/harv-extension/outputs/pm_native_geometry_warmup600_actions/28733449635/TLT/predictions/full/TLT.csv,42,all,True,True,True,36739,36739
CP_REPO_FRESH,CP_REPO_FRESH,TLT,older_spike_position,ex_post_descriptive,10911,83.82462858973844,83.82462858973844,0.0,0.0,0.0,0.0,0.0,,,0.0,0.00042879264619605527,0.00042879264619605527,0.0,full,complete,generated_current,generated_current,/home/runner/work/money-making/money-making/projects/harv-extension/outputs/pm_native_geometry_warmup600_actions/28733449635/TLT/predictions/full/TLT.csv,42,all,True,True,True,36739,36739
CP_REPO_FRESH,CP_REPO_FRESH,TLT,same_average_different_path,ex_post_descriptive,797,91.64137203653675,91.64137203653675,0.0,0.0,0.0,0.0,0.0,,,0.0,0.0004704264766176727,0.0004704264766176727,0.0,full,complete,generated_current,generated_current,/home/runner/work/money-making/money-making/projects/harv-extension/outputs/pm_native_geometry_warmup600_actions/28733449635/TLT/predictions/full/TLT.csv,42,all,True,True,True,36739,36739
CP_REPO_FRESH,CP_REPO_FRESH,TLT,recent_ramp_high_dispersion,ex_post_descriptive,2497,102.43760959683001,102.43760959683001,0.0,0.0,0.0,0.0,0.0,,,0.0,0.0005957048803870626,0.0005957048803870626,0.0,full,complete,generated_current,generated_current,/home/runner/work/money-making/money-making/projects/harv-extension/outputs/pm_native_geometry_warmup600_actions/28733449635/TLT/predictions/full/TLT.csv,42,all,True,True,True,36739,36739
CP_REPO_FRESH,CP_REPO_FRESH,TLT,entry_with_recent_spike,ex_post_descriptive,4389,85.23252093682042,85.23252093682042,0.0,0.0,0.0,0.0,0.0,,,0.0,0.0005866251114876372,0.0005866251114876372,0.0,full,complete,generated_current,generated_current,/home/runner/work/money-making/money-making/projects/harv-extension/outputs/pm_native_geometry_warmup600_actions/28733449635/TLT/predictions/full/TLT.csv,42,all,True,True,True,36739,36739
CP_REPO_FRESH,CP_REPO_FRESH,TLT,entry_without_recent_spike,ex_post_descriptive,2955,81.43521067959145,81.43521067959145,0.0,0.0,0.0,0.0,0.0,,,0.0,0.0004841463815209688,0.0004841463815209688,0.0,full,complete,generated_current,generated_current,/home/runner/work/money-making/money-making/projects/harv-extension/outputs/pm_native_geometry_warmup600_actions/28733449635/TLT/predictions/full/TLT.csv,42,all,True,True,True,36739,36739
CP_REPO_FRESH,CP_REPO_FRESH,TLT,same_average_recent_front_loaded,ex_post_descriptive,1401,82.46427601136222,82.46427601136222,0.0,0.0,0.0,0.0,0.0,,,0.0,0.0004961562218736708,0.0004961562218736708,0.0,full,complete,generated_current,generated_current,/home/runner/work/money-making/money-making/projects/harv-extension/outputs/pm_native_geometry_warmup600_actions/28733449635/TLT/predictions/full/TLT.csv,42,all,True,True,True,36739,36739
CP_REPO_FRESH,CP_REPO_FRESH,TLT,same_average_back_loaded,ex_post_descriptive,1412,84.57757835428873,84.57757835428873,0.0,0.0,0.0,0.0,0.0,,,0.0,0.00041683618724168935,0.00041683618724168935,0.0,full,complete,generated_current,generated_current,/home/runner/work/money-making/money-making/projects/harv-extension/outputs/pm_native_geometry_warmup600_actions/28733449635/TLT/predictions/full/TLT.csv,42,all,True,True,True,36739,36739
CP_REPO_FRESH,CP_REPO_FRESH,TLT,stable_low_dispersion,ex_post_descriptive,7340,76.01895977609156,76.01895977609156,0.0,0.0,0.0,0.0,0.0,,,0.0,0.0004694695417638102,0.0004694695417638102,0.0,full,complete,generated_current,generated_current,/home/runner/work/money-making/money-making/projects/harv-extension/outputs/pm_native_geometry_warmup600_actions/28733449635/TLT/predictions/full/TLT.csv,42,all,True,True,True,36739,36739
PM_QDK,CP_REPO_FRESH,TLT,all_observations,not_conditioned,36717,85.55166248240252,84.26699779592526,-1.2846646864772588,0.0,0.4092382275240352,-1.3267869038090796,-1.110521873473309,10.081888861248833,-11.116305485004224,5.825773426028263,0.00046611246382319906,0.0004526588534704098,-1.345361035278918e-05,full,complete,generated_current,generated_current,/home/runner/work/money-making/money-making/projects/harv-extension/outputs/pm_native_geometry_warmup600_actions/28733449635/TLT/predictions/full/TLT.csv,42,all,True,True,True,36739,36739
PM_QDK,CP_REPO_FRESH,TLT,cluster_entry_loose,ex_post_descriptive,7344,83.03424719127369,83.70459993871154,0.670352747437857,0.0,0.4696350762527233,0.7044873985281893,0.25196034929010924,13.059380885752187,-12.321478531257887,6.9233740165334225,0.000527161974938903,0.0005453908185884672,1.8228843649564148e-05,full,complete,generated_current,generated_current,/home/runner/work/money-making/money-making/projects/harv-extension/outputs/pm_native_geometry_warmup600_actions/28733449635/TLT/predictions/full/TLT.csv,42,all,True,True,True,36739,36739
PM_QDK,CP_REPO_FRESH,TLT,cluster_entry_strict,ex_post_descriptive,7294,82.82871657414003,83.5309826425591,0.7022660684190765,0.0,0.4707979160954209,0.7365470893977589,0.28370723020631,13.08869759174062,-12.314242061530162,6.928092255090031,0.000528078871434568,0.0005467066470209954,1.8627775586427265e-05,full,complete,generated_current,generated_current,/home/runner/work/money-making/money-making/projects/harv-extension/outputs/pm_native_geometry_warmup600_actions/28733449635/TLT/predictions/full/TLT.csv,42,all,True,True,True,36739,36739
PM_QDK,CP_REPO_FRESH,TLT,cluster_exit_loose,ex_post_descriptive,7344,85.94512603040161,83.52317991951085,-2.4219461108907696,-2.842170943040401e-14,0.38357843137254904,-2.3806379689716226,-1.959283345597689,9.952200160771925,-12.196465289133968,6.24033041145611,0.0004964671457577662,0.00046315709762594635,-3.3310048131819905e-05,full,complete,generated_current,generated_current,/home/runner/work/money-making/money-making/projects/harv-extension/outputs/pm_native_geometry_warmup600_actions/28733449635/TLT/predictions/full/TLT.csv,42,all,True,True,True,36739,36739
PM_QDK,CP_REPO_FRESH,TLT,cluster_exit_strict,ex_post_descriptive,7293,85.56510044152438,83.13444890858366,-2.43065153294071,-0.009687410999816848,0.384478266831208,-2.3904051352108877,-1.9665794043755058,9.93926452465521,-12.185045258383166,6.2735550705386345,0.0004957755822559518,0.0004625071653489427,-3.3268416907009147e-05,full,complete,generated_current,generated_current,/home/runner/work/money-making/money-making/projects/harv-extension/outputs/pm_native_geometry_warmup600_actions/28733449635/TLT/predictions/full/TLT.csv,42,all,True,True,True,36739,36739
PM_QDK,CP_REPO_FRESH,TLT,inflection_points,ex_post_descriptive,15527,83.35278393377125,82.47579325216547,-0.8769906816057919,0.0,0.42571005345527146,-0.90510088889662,-0.8225271002756983,10.346193562441306,-10.889041795383102,6.027958048242091,0.00048635608530850534,0.0004774554898262105,-8.9005954822948e-06,full,complete,generated_current,generated_current,/home/runner/work/money-making/money-making/projects/harv-extension/outputs/pm_native_geometry_warmup600_actions/28733449635/TLT/predictions/full/TLT.csv,42,all,True,True,True,36739,36739
PM_QDK,CP_REPO_FRESH,TLT,high_within_block_dispersion,ex_post_descriptive,7340,106.16481431479609,103.9110151263371,-2.2537991884589887,0.0,0.329700272479564,-2.251585509887523,-2.6133146189478516,17.750022338466326,-17.712991992371983,8.348954259437797,0.00045334691587816604,0.0004334717828516531,-1.9875133026512957e-05,full,complete,generated_current,generated_current,/home/runner/work/money-making/money-making/projects/harv-extension/outputs/pm_native_geometry_warmup600_actions/28733449635/TLT/predictions/full/TLT.csv,42,all,True,True,True,36739,36739
PM_QDK,CP_REPO_FRESH,TLT,recent_spike_position,ex_post_descriptive,11492,85.15692317480982,85.16020843455992,0.0032852597501175276,0.0,0.4461364427427776,0.014184363792402094,-0.21657601832227918,11.536611173671375,-11.358657048878706,6.2295575857256775,0.00048097041766199646,0.0004902652553529451,9.29483769094868e-06,full,complete,generated_current,generated_current,/home/runner/work/money-making/money-making/projects/harv-extension/outputs/pm_native_geometry_warmup600_actions/28733449635/TLT/predictions/full/TLT.csv,42,all,True,True,True,36739,36739
PM_QDK,CP_REPO_FRESH,TLT,older_spike_position,ex_post_descriptive,10911,85.91590719918217,83.82462858973844,-2.0912786094437372,-2.842170943040401e-14,0.3891485656676748,-2.098045426825769,-1.6265200287469779,8.931805622612224,-11.042062821532832,5.599806367539031,0.00045336752442672593,0.00042879264619605527,-2.4574878230670623e-05,full,complete,generated_current,generated_current,/home/runner/work/money-making/money-making/projects/harv-extension/outputs/pm_native_geometry_warmup600_actions/28733449635/TLT/predictions/full/TLT.csv,42,all,True,True,True,36739,36739
PM_QDK,CP_REPO_FRESH,TLT,same_average_different_path,ex_post_descriptive,797,93.49707658264272,91.64137203653675,-1.8557045461059658,0.0,0.38143036386449186,-1.8733874728594735,-1.4120859320470813,9.285497707499259,-11.440925070016569,6.25938741206309,0.0004965128113342761,0.0004704264766176727,-2.6086334716603393e-05,full,complete,generated_current,generated_current,/home/runner/work/money-making/money-making/projects/harv-extension/outputs/pm_native_geometry_warmup600_actions/28733449635/TLT/predictions/full/TLT.csv,42,all,True,True,True,36739,36739
PM_QDK,CP_REPO_FRESH,TLT,recent_ramp_high_dispersion,ex_post_descriptive,2497,99.6749453939399,102.43760959683001,2.7626642028901336,0.0,0.4561473768522227,2.792999328316538,1.8398541806277633,21.4759679749752,-18.16210445592564,10.30028736776211,0.0005300524731572066,0.0005957048803870626,6.565240722985607e-05,full,complete,generated_current,generated_current,/home/runner/work/money-making/money-making/projects/harv-extension/outputs/pm_native_geometry_warmup600_actions/28733449635/TLT/predictions/full/TLT.csv,42,all,True,True,True,36739,36739
PM_QDK,CP_REPO_FRESH,TLT,entry_with_recent_spike,ex_post_descriptive,4389,83.0290887175695,85.23252093682042,2.2034322192509386,2.842170943040401e-14,0.5007974481658692,2.254922966306638,1.4079655784359086,15.055396212019836,-12.968381430635235,7.707612295684604,0.0005407286700853054,0.0005866251114876372,4.589644140233184e-05,full,complete,generated_current,generated_current,/home/runner/work/money-making/money-making/projects/harv-extension/outputs/pm_native_geometry_warmup600_actions/28733449635/TLT/predictions/full/TLT.csv,42,all,True,True,True,36739,36739
PM_QDK,CP_REPO_FRESH,TLT,entry_without_recent_spike,ex_post_descriptive,2955,83.04190896490744,81.43521067959145,-1.6066982853159888,0.0,0.4233502538071066,-1.5790175415595569,-1.19441190985889,9.552393126250754,-11.515749816585133,5.9918959307462245,0.0005070116449904901,0.0004841463815209688,-2.2865263469521267e-05,full,complete,generated_current,generated_current,/home/runner/work/money-making/money-making/projects/harv-extension/outputs/pm_native_geometry_warmup600_actions/28733449635/TLT/predictions/full/TLT.csv,42,all,True,True,True,36739,36739
PM_QDK,CP_REPO_FRESH,TLT,same_average_recent_front_loaded,ex_post_descriptive,1401,82.42396716301577,82.46427601136222,0.04030884834643726,0.0,0.4603854389721627,-0.017784895399156765,-0.06928447078536455,8.454364795425827,-8.648385571340224,5.379521265067504,0.000495086499846276,0.0004961562218736708,1.0697220273947877e-06,full,complete,generated_current,generated_current,/home/runner/work/money-making/money-making/projects/harv-extension/outputs/pm_native_geometry_warmup600_actions/28733449635/TLT/predictions/full/TLT.csv,42,all,True,True,True,36739,36739
PM_QDK,CP_REPO_FRESH,TLT,same_average_back_loaded,ex_post_descriptive,1412,86.18248317791054,84.57757835428873,-1.6049048236218002,-2.842170943040401e-14,0.38243626062322944,-1.6565577421587188,-1.33595412101805,7.996569556215284,-9.286704049802868,4.966599117485451,0.00044051007209055783,0.00041683618724168935,-2.367388484886848e-05,full,complete,generated_current,generated_current,/home/runner/work/money-making/money-making/projects/harv-extension/outputs/pm_native_geometry_warmup600_actions/28733449635/TLT/predictions/full/TLT.csv,42,all,True,True,True,36739,36739
PM_QDK,CP_REPO_FRESH,TLT,stable_low_dispersion,ex_post_descriptive,7340,76.66269935460423,76.01895977609156,-0.6437395785126673,0.0,0.45749318801089917,-0.6688949611258694,-0.43668929406194446,8.15956810048881,-8.898858223746371,5.479132320850141,0.00047848638474969556,0.0004694695417638102,-9.016842985885381e-06,full,complete,generated_current,generated_current,/home/runner/work/money-making/money-making/projects/harv-extension/outputs/pm_native_geometry_warmup600_actions/28733449635/TLT/predictions/full/TLT.csv,42,all,True,True,True,36739,36739
PM_QDK_2,CP_REPO_FRESH,TLT,all_observations,not_conditioned,36717,83.54755076259322,84.26699779592526,0.7194470333320349,0.0,0.4854971811422502,0.6975472937181444,0.8822519746076306,17.95689355213564,-19.133731691805174,14.460459797788625,0.0004367702608911023,0.0004526588534704098,1.5888592579307642e-05,full,complete,generated_current,generated_current,/home/runner/work/money-making/money-making/projects/harv-extension/outputs/pm_native_geometry_warmup600_actions/28733449635/TLT/predictions/full/TLT.csv,42,all,True,True,True,36739,36739
PM_QDK_2,CP_REPO_FRESH,TLT,cluster_entry_loose,ex_post_descriptive,7344,82.88346727731704,83.70459993871154,0.8211326613944939,0.0,0.47889433551198257,0.8388491992421704,0.6023918041038124,24.0809381808345,-24.452055118655203,19.36197677529646,0.0005116686407330786,0.0005453908185884672,3.372217785538847e-05,full,complete,generated_current,generated_current,/home/runner/work/money-making/money-making/projects/harv-extension/outputs/pm_native_geometry_warmup600_actions/28733449635/TLT/predictions/full/TLT.csv,42,all,True,True,True,36739,36739
PM_QDK_2,CP_REPO_FRESH,TLT,cluster_entry_strict,ex_post_descriptive,7294,82.70251256899478,83.5309826425591,0.8284700735643257,0.0,0.4797093501508089,0.8458171707896275,0.6088675932065665,24.151410971341157,-24.527329250435923,19.469615990964634,0.0005127468237107676,0.0005467066470209954,3.395982331022771e-05,full,complete,generated_current,generated_current,/home/runner/work/money-making/money-making/projects/harv-extension/outputs/pm_native_geometry_warmup600_actions/28733449635/TLT/predictions/full/TLT.csv,42,all,True,True,True,36739,36739
PM_QDK_2,CP_REPO_FRESH,TLT,cluster_exit_loose,ex_post_descriptive,7344,84.14506718832055,83.52317991951085,-0.621887268809708,0.0,0.45669934640522875,-0.5779147199569994,-0.24352585721902972,14.898952329411243,-16.858802539407666,11.74603468076166,0.00046579908928473946,0.00046315709762594635,-2.641991658793039e-06,full,complete,generated_current,generated_current,/home/runner/work/money-making/money-making/projects/harv-extension/outputs/pm_native_geometry_warmup600_actions/28733449635/TLT/predictions/full/TLT.csv,42,all,True,True,True,36739,36739
PM_QDK_2,CP_REPO_FRESH,TLT,cluster_exit_strict,ex_post_descriptive,7293,83.75186888427415,83.13444890858366,-0.6174199756904839,0.0,0.45783628136569315,-0.5721727688422522,-0.23902631539364255,14.927112170697766,-16.877165037475326,11.778483191409578,0.0004650542684511843,0.0004625071653489427,-2.5471031022416405e-06,full,complete,generated_current,generated_current,/home/runner/work/money-making/money-making/projects/harv-extension/outputs/pm_native_geometry_warmup600_actions/28733449635/TLT/predictions/full/TLT.csv,42,all,True,True,True,36739,36739
PM_QDK_2,CP_REPO_FRESH,TLT,inflection_points,ex_post_descriptive,15527,82.04011124219936,82.47579325216547,0.43568200996610185,0.0,0.47845688156115157,0.42395842954680635,0.4631358302788818,18.65767613590918,-19.540987319538406,15.029032691639657,0.00046151922003169314,0.0004774554898262105,1.593626979451741e-05,full,complete,generated_current,generated_current,/home/runner/work/money-making/money-making/projects/harv-extension/outputs/pm_native_geometry_warmup600_actions/28733449635/TLT/predictions/full/TLT.csv,42,all,True,True,True,36739,36739
PM_QDK_2,CP_REPO_FRESH,TLT,high_within_block_dispersion,ex_post_descriptive,7340,101.99952303888338,103.9110151263371,1.9114920874537185,0.0,0.43923705722070844,1.894525601575334,1.5525228334060808,19.434102649869118,-18.509781127243148,8.708500986060045,0.00040230293217057424,0.0004334717828516531,3.116885068107882e-05,full,complete,generated_current,generated_current,/home/runner/work/money-making/money-making/projects/harv-extension/outputs/pm_native_geometry_warmup600_actions/28733449635/TLT/predictions/full/TLT.csv,42,all,True,True,True,36739,36739
PM_QDK_2,CP_REPO_FRESH,TLT,recent_spike_position,ex_post_descriptive,11492,83.56859112244295,85.16020843455992,1.591617312116975,0.0,0.49599721545422903,1.6043076876589086,1.5945766114864801,21.875186326961813,-22.456246499120745,17.985793456483346,0.0004562379828152965,0.0004902652553529451,3.40272725376487e-05,full,complete,generated_current,generated_current,/home/runner/work/money-making/money-making/projects/harv-extension/outputs/pm_native_geometry_warmup600_actions/28733449635/TLT/predictions/full/TLT.csv,42,all,True,True,True,36739,36739
PM_QDK_2,CP_REPO_FRESH,TLT,older_spike_position,ex_post_descriptive,10911,83.51671165119524,83.82462858973844,0.30791693854320634,0.0,0.48538172486481534,0.3562245876551419,0.6857038841040042,15.651534781613096,-17.552603506285152,12.940418552228198,0.00042002916997267557,0.00042879264619605527,8.763476223379647e-06,full,complete,generated_current,generated_current,/home/runner/work/money-making/money-making/projects/harv-extension/outputs/pm_native_geometry_warmup600_actions/28733449635/TLT/predictions/full/TLT.csv,42,all,True,True,True,36739,36739
PM_QDK_2,CP_REPO_FRESH,TLT,same_average_different_path,ex_post_descriptive,797,91.6066524303748,91.64137203653675,0.03471960616195095,0.0,0.437892095357591,-0.014407662416384926,0.07089283257752323,16.30841177071255,-16.60986563597538,11.829484067455127,0.0004610539194239435,0.0004704264766176727,9.372557193729233e-06,full,complete,generated_current,generated_current,/home/runner/work/money-making/money-making/projects/harv-extension/outputs/pm_native_geometry_warmup600_actions/28733449635/TLT/predictions/full/TLT.csv,42,all,True,True,True,36739,36739
PM_QDK_2,CP_REPO_FRESH,TLT,recent_ramp_high_dispersion,ex_post_descriptive,2497,96.4767525831757,102.43760959683001,5.960857013654309,2.842170943040401e-14,0.5086103323988787,5.935000660875469,5.710079771536018,30.11038734380153,-27.158060422712946,18.740859767018975,0.0004912244523176671,0.0005957048803870626,0.00010448042806939553,full,complete,generated_current,generated_current,/home/runner/work/money-making/money-making/projects/harv-extension/outputs/pm_native_geometry_warmup600_actions/28733449635/TLT/predictions/full/TLT.csv,42,all,True,True,True,36739,36739
PM_QDK_2,CP_REPO_FRESH,TLT,entry_with_recent_spike,ex_post_descriptive,4389,83.42289271790612,85.23252093682042,1.8096282189142952,0.0,0.48325358851674644,1.826309580609387,1.3281885884054454,27.690737395584446,-26.661205125049747,22.314286366546682,0.000529533395491886,0.0005866251114876372,5.709171599575128e-05,full,complete,generated_current,generated_current,/home/runner/work/money-making/money-making/projects/harv-extension/outputs/pm_native_geometry_warmup600_actions/28733449635/TLT/predictions/full/TLT.csv,42,all,True,True,True,36739,36739
PM_QDK_2,CP_REPO_FRESH,TLT,entry_without_recent_spike,ex_post_descriptive,2955,82.08226989703094,81.43521067959145,-0.647059217439485,0.0,0.47241962774957696,-0.5981910218731792,-0.25690045398133843,18.59642232518649,-21.244409720650932,15.798960519691036,0.00048513449229436285,0.0004841463815209688,-9.881107733940661e-07,full,complete,generated_current,generated_current,/home/runner/work/money-making/money-making/projects/harv-extension/outputs/pm_native_geometry_warmup600_actions/28733449635/TLT/predictions/full/TLT.csv,42,all,True,True,True,36739,36739
PM_QDK_2,CP_REPO_FRESH,TLT,same_average_recent_front_loaded,ex_post_descriptive,1401,82.23319463001266,82.46427601136222,0.23108138134954703,0.0,0.48037116345467523,0.1879794881908541,0.4424093277476685,20.138725872077476,-21.831051974649213,18.14182289287873,0.0004772830259072935,0.0004961562218736708,1.88731959663773e-05,full,complete,generated_current,generated_current,/home/runner/work/money-making/money-making/projects/harv-extension/outputs/pm_native_geometry_warmup600_actions/28733449635/TLT/predictions/full/TLT.csv,42,all,True,True,True,36739,36739
PM_QDK_2,CP_REPO_FRESH,TLT,same_average_back_loaded,ex_post_descriptive,1412,84.06119784173532,84.57757835428873,0.5163805125534227,0.0,0.4737960339943343,0.5886177998726146,0.9497880825907261,14.457589345807339,-15.209180252754551,11.736073485481892,0.0004050421135372149,0.00041683618724168935,1.1794073704474435e-05,full,complete,generated_current,generated_current,/home/runner/work/money-making/money-making/projects/harv-extension/outputs/pm_native_geometry_warmup600_actions/28733449635/TLT/predictions/full/TLT.csv,42,all,True,True,True,36739,36739
PM_QDK_2,CP_REPO_FRESH,TLT,stable_low_dispersion,ex_post_descriptive,7340,75.74626409234216,76.01895977609156,0.2726956837493823,0.2924778816270557,0.5119891008174386,0.3205055602302251,0.6314291332986606,18.433202347262817,-20.756059272537243,17.286152532669437,0.0004586226577574828,0.0004694695417638102,1.0846884006327362e-05,full,complete,generated_current,generated_current,/home/runner/work/money-making/money-making/projects/harv-extension/outputs/pm_native_geometry_warmup600_actions/28733449635/TLT/predictions/full/TLT.csv,42,all,True,True,True,36739,36739
PHQO,CP_REPO_FRESH,TLT,all_observations,not_conditioned,36717,84.26016011186582,84.26699779592526,-0.002619171816023599,-0.00015693907283775843,0.37557534656970887,-0.0026851369990757313,-0.001574973530203812,0.014944672327899793,-0.01577820554683799,0.004582188844281632,0.0004526699635639991,0.0004526588534704098,-1.1110093589305154e-08,full,complete,generated_current,generated_current,/home/runner/work/money-making/money-making/projects/harv-extension/outputs/pm_native_geometry_warmup600_actions/28733449635/TLT/predictions/full/TLT.csv,42,all,True,True,True,36739,36739
PHQO,CP_REPO_FRESH,TLT,cluster_entry_loose,ex_post_descriptive,7344,83.70890374459394,83.70459993871154,-0.00430380588239695,-0.0002025304594752697,0.39624183006535946,-0.004276450462066028,-0.0018175667345244708,0.015834942537660913,-0.020417038944787504,0.005383949980476643,0.0005454798563212904,0.0005453908185884672,-8.903773282335659e-08,full,complete,generated_current,generated_current,/home/runner/work/money-making/money-making/projects/harv-extension/outputs/pm_native_geometry_warmup600_actions/28733449635/TLT/predictions/full/TLT.csv,42,all,True,True,True,36739,36739
PHQO,CP_REPO_FRESH,TLT,cluster_entry_strict,ex_post_descriptive,7294,83.53530767281585,83.5309826425591,-0.004325030256748447,-0.0002159532847230139,0.3969015629284343,-0.004294437246360502,-0.001829017856208488,0.015845095002586067,-0.020464795327837654,0.005397217874062221,0.000546796097309615,0.0005467066470209954,-8.945028861973274e-08,full,complete,generated_current,generated_current,/home/runner/work/money-making/money-making/projects/harv-extension/outputs/pm_native_geometry_warmup600_actions/28733449635/TLT/predictions/full/TLT.csv,42,all,True,True,True,36739,36739
PHQO,CP_REPO_FRESH,TLT,cluster_exit_loose,ex_post_descriptive,7344,83.52530167156846,83.52317991951085,-0.0021217520576184315,-2.842170943040401e-14,0.3846677559912854,-0.0022486715576544455,-0.001861423887382547,0.020500315332720544,-0.019619737833978988,0.006900776369839434,0.0004631964203895106,0.00046315709762594635,-3.932276356426545e-08,full,complete,generated_current,generated_current,/home/runner/work/money-making/money-making/projects/harv-extension/outputs/pm_native_geometry_warmup600_actions/28733449635/TLT/predictions/full/TLT.csv,42,all,True,True,True,36739,36739
PHQO,CP_REPO_FRESH,TLT,cluster_exit_strict,ex_post_descriptive,7293,83.13660878780868,83.13444890858366,-0.002159879225022891,-5.684341886080802e-14,0.38488962018373785,-0.0022913305738715135,-0.001884379728921636,0.020498862360302537,-0.019633620635805295,0.006943273120782578,0.0004625466272884104,0.0004625071653489427,-3.9461939467731504e-08,full,complete,generated_current,generated_current,/home/runner/work/money-making/money-making/projects/harv-extension/outputs/pm_native_geometry_warmup600_actions/28733449635/TLT/predictions/full/TLT.csv,42,all,True,True,True,36739,36739
PHQO,CP_REPO_FRESH,TLT,inflection_points,ex_post_descriptive,15527,82.47845536460694,82.47579325216547,-0.0026621124414927025,-0.00010718651159180581,0.39118954079989693,-0.002787587850294546,-0.0016531687593902252,0.017319950137736337,-0.018244023532827155,0.00575305450099961,0.0004775027805468438,0.0004774554898262105,-4.7290720633267586e-08,full,complete,generated_current,generated_current,/home/runner/work/money-making/money-making/projects/harv-extension/outputs/pm_native_geometry_warmup600_actions/28733449635/TLT/predictions/full/TLT.csv,42,all,True,True,True,36739,36739
PHQO,CP_REPO_FRESH,TLT,high_within_block_dispersion,ex_post_descriptive,7340,103.91835877883017,103.9110151263371,-0.007343652493071504,0.0,0.2957765667574932,-0.007358527424225621,-0.006031137473026715,0.03290437125722911,-0.03449031351089412,0.007934974020908925,0.0004336051983487303,0.0004334717828516531,-1.334154970771573e-07,full,complete,generated_current,generated_current,/home/runner/work/money-making/money-making/projects/harv-extension/outputs/pm_native_geometry_warmup600_actions/28733449635/TLT/predictions/full/TLT.csv,42,all,True,True,True,36739,36739
PHQO,CP_REPO_FRESH,TLT,recent_spike_position,ex_post_descriptive,11492,85.14353287199673,85.16020843455992,-0.003313957291541846,-0.00012285168367043298,0.38191785589975635,-0.0032577316182676773,-0.0013194079968573734,0.01138503238048145,-0.014772865167407534,0.003914156716041228,0.0004902704739025087,0.0004902652553529451,-5.218549563456673e-09,full,complete,generated_current,generated_current,/home/runner/work/money-making/money-making/projects/harv-extension/outputs/pm_native_geometry_warmup600_actions/28733449635/TLT/predictions/full/TLT.csv,42,all,True,True,True,36739,36739
PHQO,CP_REPO_FRESH,TLT,older_spike_position,ex_post_descriptive,10911,83.82669406540715,83.82462858973844,-0.0020654756687213567,-0.0001388212229187502,0.37274310329025756,-0.002091804642760244,-0.0014339760143034464,0.013955112519384054,-0.013898658656924393,0.004500958713137493,0.00042882299169963065,0.00042879264619605527,-3.03455035754094e-08,full,complete,generated_current,generated_current,/home/runner/work/money-making/money-making/projects/harv-extension/outputs/pm_native_geometry_warmup600_actions/28733449635/TLT/predictions/full/TLT.csv,42,all,True,True,True,36739,36739
PHQO,CP_REPO_FRESH,TLT,same_average_different_path,ex_post_descriptive,797,91.64380559197627,91.64137203653675,-0.0024335554395184113,0.0,0.37892095357590966,-0.002534416500640411,-0.0015668963739446321,0.011389360244580022,-0.014230503913119946,0.004733027469001172,0.0004704639363303312,0.0004704264766176727,-3.7459712658472905e-08,full,complete,generated_current,generated_current,/home/runner/work/money-making/money-making/projects/harv-extension/outputs/pm_native_geometry_warmup600_actions/28733449635/TLT/predictions/full/TLT.csv,42,all,True,True,True,36739,36739
PHQO,CP_REPO_FRESH,TLT,recent_ramp_high_dispersion,ex_post_descriptive,2497,102.44951649141677,102.43760959683001,-0.011906894586735306,-0.0005269488069643558,0.31357629154985983,-0.011905875070818242,-0.009032268953579689,0.030965567808704138,-0.04052369022319324,0.008554146437436572,0.0005959429641796398,0.0005957048803870626,-2.3808379257722608e-07,full,complete,generated_current,generated_current,/home/runner/work/money-making/money-making/projects/harv-extension/outputs/pm_native_geometry_warmup600_actions/28733449635/TLT/predictions/full/TLT.csv,42,all,True,True,True,36739,36739
PHQO,CP_REPO_FRESH,TLT,entry_with_recent_spike,ex_post_descriptive,4389,85.23707515603806,85.23252093682042,-0.00455421921763202,-6.690367879969017e-05,0.4023695602642971,-0.00429113803537299,-0.0012423985375265092,0.010327028998641578,-0.01696671165458853,0.004274968438676918,0.0005867236937411752,0.0005866251114876372,-9.858225353804873e-08,full,complete,generated_current,generated_current,/home/runner/work/money-making/money-making/projects/harv-extension/outputs/pm_native_geometry_warmup600_actions/28733449635/TLT/predictions/full/TLT.csv,42,all,True,True,True,36739,36739
PHQO,CP_REPO_FRESH,TLT,entry_without_recent_spike,ex_post_descriptive,2955,81.43914255175866,81.43521067959145,-0.003931872167220392,-0.0004880570191971856,0.3871404399323181,-0.003975719718668318,-0.003022834762170742,0.024337543333035176,-0.025425793703046713,0.007574802836344929,0.000484221242975817,0.0004841463815209688,-7.486145484813366e-08,full,complete,generated_current,generated_current,/home/runner/work/money-making/money-making/projects/harv-extension/outputs/pm_native_geometry_warmup600_actions/28733449635/TLT/predictions/full/TLT.csv,42,all,True,True,True,36739,36739
PHQO,CP_REPO_FRESH,TLT,same_average_recent_front_loaded,ex_post_descriptive,1401,82.46516536672995,82.46427601136222,-0.0008893553677433838,0.0,0.4189864382583869,-0.0008902025292475569,-0.00046336389032966123,0.008814571824300857,-0.009455287969179797,0.003806131684996217,0.0004961743165511827,0.0004961562218736708,-1.809467751185017e-08,full,complete,generated_current,generated_current,/home/runner/work/money-making/money-making/projects/harv-extension/outputs/pm_native_geometry_warmup600_actions/28733449635/TLT/predictions/full/TLT.csv,42,all,True,True,True,36739,36739
PHQO,CP_REPO_FRESH,TLT,same_average_back_loaded,ex_post_descriptive,1412,84.57962759076061,84.57757835428873,-0.0020492364718628165,-2.842170943040401e-14,0.37677053824362605,-0.0020997188872312034,-0.0015257867828545458,0.01059537356300306,-0.011798424113122995,0.005125489921790738,0.00041686534764671105,0.00041683618724168935,-2.9160405021740223e-08,full,complete,generated_current,generated_current,/home/runner/work/money-making/money-making/projects/harv-extension/outputs/pm_native_geometry_warmup600_actions/28733449635/TLT/predictions/full/TLT.csv,42,all,True,True,True,36739,36739
PHQO,CP_REPO_FRESH,TLT,stable_low_dispersion,ex_post_descriptive,7340,76.00312666302874,76.01895977609156,-0.0010603383915832756,-0.00038644405475452004,0.40517711171662124,-0.0010587473682417436,-0.0007401200098350836,0.009418387146581046,-0.008948026707440423,0.003311326869805953,0.00046944679345013263,0.0004694695417638102,2.2748313677554264e-08,full,complete,generated_current,generated_current,/home/runner/work/money-making/money-making/projects/harv-extension/outputs/pm_native_geometry_warmup600_actions/28733449635/TLT/predictions/full/TLT.csv,42,all,True,True,True,36739,36739
