asset,origin,Date,Actual,Predicted_CP_REPO_FRESH,Predicted_FULL_SMAPE_ACTION,Predicted_FULL_MEAN_ACTION,Predicted_FULL_MEDIAN_ACTION,Predicted_NO_Q_SMAPE_ACTION,selected_bandwidth,full_effective_neighbors,no_q_effective_neighbors,mean_quotient_distance_share
AAPL,2182,2023-09-15 16:00:00,0.00021894115458008018,0.00076745983262,0.0005538461507725958,0.0008657930540811351,0.0004992926790918903,0.0005523946447707564,2.0,1260.4443704607756,1306.7321446916044,0.09697656963333695
AAPL,2431,2023-09-21 10:45:00,0.0004583476647218247,0.0004752877982844,0.0006623979045469988,0.000720341137911354,0.0006311139370097537,0.0006623979045469988,2.0,9.843696351411392,10.021983956714829,0.02930382136148432
AAPL,2644,2023-09-25 15:30:00,0.001077171584577754,0.0011531268290825,0.0008566533933363303,0.0010668084684279744,0.0007510197435823469,0.0008566533933363303,2.0,824.9177155948549,839.6882569269825,0.03120582906259002
AAPL,2684,2023-09-26 12:20:00,0.0007413110139045113,0.0006038034805071,0.0004522584734218898,0.0006089931235988842,0.00039179470458922203,0.0004522584734218898,2.0,835.6843532295075,814.9374142487516,0.2355020957721411
AAPL,3323,2023-10-06 13:35:00,0.0019497654989768928,0.0012154429361577,0.0008049734623530951,0.0009929013812481876,0.0006897832762290121,0.0007916032755373177,2.0,480.50974716959644,483.4170637659615,0.07297450427235505
AAPL,3426,2023-10-09 15:40:00,0.0002257846024495193,0.0011382458043699,0.0008549834101366559,0.0010617004767569792,0.0007534586805387678,0.0008519097490949741,2.0,1014.796671826351,1046.1463067100221,0.03999809453153582
AAPL,4795,2023-11-02 12:45:00,5.6713455282587466e-05,0.0008710712257271,0.000682555057498493,0.0009565010706571948,0.0005795085929451952,0.0006727588973821047,2.0,1276.0595685339604,1325.5857662979506,0.11486970700402446
AAPL,4890,2023-11-03 14:10:00,0.0008000914817030217,0.001674276149885,0.0013130478865363794,0.0015905150365723535,0.0012690544297654068,0.0013130478865363794,2.0,20.08345223523042,20.63686197452921,0.006846458837581437
AAPL,5082,2023-11-08 10:40:00,0.0,0.0007494699668202,0.0006637535505597215,0.0009261487458651946,0.0005702880108938365,0.0006360403810943803,2.0,1408.677541074848,1440.3681335724425,0.23276446330045963
AAPL,5339,2023-11-13 12:35:00,0.000644572187542181,0.0005646468095611,0.0005499037806979876,0.0007952296319949062,0.00047289709458467224,0.0005483959556137369,2.0,1025.1727169130997,1047.8216827372285,0.18264797335020688
AAPL,5360,2023-11-13 14:20:00,0.00016162486903159804,0.0006067559964056,0.0006042281307146709,0.0008617069954268944,0.0005193156690382218,0.000586510280742717,2.0,1161.5006709788574,1207.810899393186,0.11601461343778097
AAPL,5380,2023-11-13 16:00:00,0.0012989474940885261,0.0007839576975735,0.0006797326646673552,0.0009940079751195644,0.0005777007670776727,0.0006635604588358076,2.0,1417.7134576219091,1481.5288267209935,0.17639220708629813
AAPL,5985,2023-11-24 14:25:00,0.0003147128271451326,0.0006320752476749,0.0004534119325012205,0.000632563483395654,0.0003838876901458828,0.0004389574830427448,2.0,1112.5688610990019,1134.8051225393372,0.269320497897765
AAPL,6050,2023-11-27 13:20:00,0.00021060390748075107,0.0005347791388359,0.0003681981999885674,0.000454659458219855,0.00028062298486374043,0.0003465403754211793,2.0,831.1998308317434,814.8627123126336,0.21398425864671267
AAPL,6053,2023-11-27 13:35:00,0.0004214297064954684,0.0004773554842001,0.00040402874925529893,0.0005445556417356744,0.0003293446072145501,0.0003971293275466135,2.0,1061.178705818798,1055.8866021628264,0.26644649783861984
AAPL,6204,2023-11-29 13:10:00,0.0003670975734121203,0.0005912159254416,0.00039600600183757075,0.000506080282051004,0.0003140867952324332,0.000371599207991909,2.0,1050.9380761499754,1058.5897653607856,0.27082951324868243
AAPL,6370,2023-12-01 14:00:00,0.00042198544776435234,0.0006170785378742,0.0004534119325012206,0.0006332372371219654,0.00037594994937816564,0.0004302000496548921,2.0,1143.052793449211,1195.644468184808,0.27900231074515586
AAPL,7068,2023-12-14 13:40:00,0.0002019895982225584,0.0005604140830494,0.0004221413180731658,0.0006115464338799961,0.0003619722355110601,0.00042114129912827856,2.0,1114.6744731429621,1194.6330186471732,0.23824290970602746
AAPL,7285,2023-12-19 12:15:00,0.001121819504727481,0.000482595547685,0.0002702337538401868,0.00036563557098928646,0.0002107814730888771,0.0002702337538401868,2.0,794.9437134001815,866.9244069997818,0.33369529802174186
AAPL,7849,2023-12-29 13:45:00,0.0006177431824740806,0.0004422749408815,0.00036146756222245433,0.0004673970444855776,0.00025803122320952073,0.0003570790968132168,2.0,1440.0540437994107,1474.9460113916784,0.38504500309823836
AAPL,8602,2024-01-16 11:30:00,0.0002190340606720018,0.0013373163382622,0.000510464533800054,0.0007436297993750536,0.00032972468287957167,0.0005109078944220146,2.0,110.90964238595453,102.33302614896432,0.06605768706743899
AAPL,8934,2024-01-22 13:10:00,0.000884058405429549,0.0007312129937377,0.00048091053319383563,0.0007060415752690764,0.0003963378435617511,0.0004635471742244591,2.0,1187.0344494832875,1249.6339881337772,0.21919342015198434
AAPL,9016,2024-01-23 13:30:00,0.0002646124534867348,0.0008345002436252,0.0005559847060637038,0.0008581841323136321,0.0004659470457833941,0.0005480953823151331,2.0,1269.885772227466,1357.4049303108907,0.18188947942269867
AAPL,9113,2024-01-24 15:05:00,0.0006404190858500851,0.0006325911047662,0.0005126890653187235,0.000768127372395118,0.0004215851664466653,0.0005098659163124504,2.0,1267.499574799121,1345.5943402865746,0.1252363489718675
AAPL,9129,2024-01-25 09:55:00,0.00030991735785258827,0.0006541581030495,0.0006673511541309019,0.0007841533564872332,0.00037838860961217217,0.0006676081901575239,2.0,63.13978311463828,68.74059669363123,0.03988457931617671
AAPL,9544,2024-02-01 12:00:00,0.00021549402087491293,0.0007536317095077,0.0004097311196884163,0.0005148678312222777,0.0002987222855458946,0.00037800038250122565,2.0,1097.0806629291815,1052.5294684924309,0.19152345509530555
AAPL,9573,2024-02-01 14:25:00,0.0005411680350869706,0.000847975516186,0.0005289606047695036,0.0008376566919549599,0.0004604876133458203,0.000520616421588181,2.0,1320.9256381562598,1405.9575804411618,0.1775701118515376
AAPL,9661,2024-02-02 15:15:00,0.0030541035955797724,0.0017315518889471,0.0012196496221839126,0.001648706287891676,0.0012196496221839124,0.0012196496221839126,2.0,23.35182541340197,23.720035500351155,0.010521044371645728
AAPL,9900,2024-02-07 15:40:00,0.0006593957536454647,0.0012639781715694,0.0006915017571337619,0.0011096795757074636,0.0005798302088314574,0.0006866137011501009,2.0,781.404677880911,821.8675006753964,0.04630148584596782
AAPL,10006,2024-02-09 11:30:00,0.0,0.000421834044123,0.00025928903093388545,0.0002292671846131402,0.00010372905978904138,0.00026381743986284044,2.0,197.82676369108538,219.29214103731218,0.1372096034485709
AAPL,10310,2024-02-15 10:50:00,0.0004383321532021645,0.0007144532566733,0.0005571252482041132,0.0008806602555711993,0.0004914675866841621,0.0005496921862246623,2.0,1297.1666159251106,1372.0629751825672,0.1664225510464527
AAPL,10341,2024-02-15 13:25:00,0.0005998963995246776,0.0008655709537182,0.0005491186783414196,0.0008360967784013977,0.0004884800227392543,0.0005480953823151331,2.0,1352.646335789259,1434.162266029302,0.24024561863133623
AAPL,10873,2024-02-27 12:15:00,0.00027635760850182496,0.0003937835622352,0.00037629351337719187,0.0004904139296014157,0.00031175309407648636,0.00037122478086534913,2.0,721.8566368050061,751.8232601622409,0.27702552827728716
AAPL,11108,2024-03-01 12:20:00,0.002617438077187196,0.0007060249126248,0.0004924895445516657,0.000729856590542742,0.0004166449724353123,0.0004910653488397136,2.0,1412.3152859098677,1501.6670948410865,0.27980584082956683
AAPL,11244,2024-03-05 10:40:00,0.00017395842437542536,0.0005534422058684,0.00046524852864336045,0.0007223967896530268,0.0003730647310568948,0.0004633681800458975,2.0,88.147520415736,95.52076308701547,0.03262271422870948
AAPL,11295,2024-03-05 14:55:00,0.00017629947449652496,0.0015426310193511,0.0008584369082717844,0.0012611414494435992,0.000779385434435963,0.0008584369082717844,2.0,441.08221336620494,445.7275686405506,0.031479614774450514
AAPL,11519,2024-03-08 14:05:00,0.0008466728909010914,0.0007227314659153,0.0005249895122679347,0.0008023547287532031,0.0004361574597548096,0.0005246589837035918,2.0,1372.3099802242734,1439.6572499201022,0.20526828192515265
AAPL,11779,2024-03-14 09:45:00,0.0002898970885646273,0.0007848284384212,0.001263943966860304,0.001177772848030862,0.0007674977203375107,0.0010016079279068025,2.0,44.3672014794918,44.26385996966657,0.02165023989045939
AAPL,12362,2024-03-25 12:50:00,0.00040908161748638195,0.00049016494516,0.0005836008336050729,0.0008778181593953006,0.0004728753536166774,0.0005785363192895869,2.0,1236.3623791205746,1311.5866056111565,0.13993136878364704
AAPL,13689,2024-04-18 12:55:00,0.0010137452789814125,0.0009249254090103,0.0005884083723753501,0.0008951643876224429,0.0005193156690382569,0.0005861758899601639,2.0,1432.1931451215205,1501.8388626560202,0.1603361549021957
AAPL,14642,2024-05-06 14:20:00,0.0034814108820657584,0.0015380617539021,0.001079313259569629,0.0013194244307208971,0.0008783487609059579,0.0010642005398629824,2.0,378.73626993502035,390.9906402708134,0.022360298934346007
AAPL,15003,2024-05-13 11:55:00,0.0008091706442856015,0.0006868861369889,0.0005317420585544161,0.0008357065837957714,0.00043905384603000176,0.0005265775507101542,2.0,1381.837779789648,1422.396017637999,0.22273214595819
AAPL,15049,2024-05-13 15:45:00,0.0006986618223681684,0.0009715587723498,0.0005950964231799369,0.000997710130566831,0.0005174926236606221,0.0005943183343839233,2.0,1375.57912175776,1442.5296305112756,0.08556688674018213
AAPL,15575,2024-05-22 14:05:00,0.0009239689561847021,0.0006697225904537,0.0005297077902616586,0.0008169269123655871,0.0004203825543098521,0.0005172859844636518,2.0,1236.2176626320568,1266.4391128579382,0.17877606091174017
AAPL,15807,2024-05-28 13:55:00,0.00018354156612486385,0.0018050047505296,0.001463216627408536,0.00156076554065309,0.0013747079442334158,0.0014979516113670186,2.0,79.41548105016453,82.58647912984756,0.030995974908815584
AAPL,16066,2024-05-31 16:00:00,0.00023639730617156315,0.0009852599770749,0.0006533812712026048,0.0010246044582857394,0.0005519706807158467,0.0006533812712026048,2.0,1066.7505014518074,1113.0213458209569,0.055950610545815606
AAPL,17562,2024-07-01 10:40:00,0.0,0.0006305793515358,0.0004339126939329989,0.0008420022456611673,0.0003908244496048723,0.0004339126939329989,2.0,36.04156878198231,32.39893199939648,0.03733657242984944
AAPL,18082,2024-07-10 15:00:00,0.0015190645485287867,0.0007247153013963,0.0006889108592209392,0.0010319277646070062,0.0005820157308536934,0.0006786917172992889,2.0,1114.3679619464667,1163.223283287555,0.05390284064521903
AAPL,18164,2024-07-11 15:20:00,0.0004843787936798495,0.0013255179492781,0.0011125018530254772,0.00129589366125761,0.0009113238589030886,0.0011125018530254772,2.0,225.1029353449546,230.09484658973307,0.03177829887294449
AAPL,19065,2024-07-29 12:25:00,0.00036791759061078645,0.0009413142657986,0.0006740491348130487,0.0011000503943040024,0.0005866029092244103,0.0006575239763477222,2.0,1088.0414108199082,1143.7669642110486,0.0729256229345458
AAPL,19915,2024-08-13 11:45:00,0.00027493928597324794,0.0006636378764172,0.0005098611897516446,0.0008384118055867042,0.0004438370957146052,0.0005093653880591253,2.0,802.6788956293396,832.9760615791462,0.19426776785686214
AAPL,20220,2024-08-19 11:10:00,0.0007985449162197995,0.0006861164453098,0.0005511767763415676,0.0008934247896782209,0.00047868753497878604,0.0005501054507478121,2.0,964.7699367174566,993.5795900342774,0.15670758676987465
AAPL,20233,2024-08-19 12:15:00,0.00030964545842699086,0.00064286412086,0.0005298933275112339,0.0008181116130714148,0.0004412089195773133,0.0005214670724807101,2.0,823.5473254385702,842.5270763501354,0.18731942033805768
AAPL,20365,2024-08-21 10:15:00,0.00030893483927327774,0.0006828570479,0.0005713193100610563,0.0008733263336222316,0.00046912174569433524,0.0005501054507478121,2.0,1107.9620033379542,1122.0299424743716,0.17999481728283326
AAPL,20542,2024-08-23 12:00:00,0.0010170916480306672,0.0005054550651592,0.00039830940315495984,0.0006434182136605517,0.00034417484421649374,0.0003996364821713213,2.0,530.8307037116356,531.7077641651483,0.16365868736072073
AAPL,20721,2024-08-27 13:55:00,0.0030405148304012723,0.0012777844940522,0.0006273590769127913,0.0009560359057828008,0.0005357382154120697,0.0005988437887691871,2.0,1032.5320359359018,1069.2177886251197,0.08400166527094097
AAPL,20783,2024-08-28 12:35:00,0.0002189573260919689,0.0005855400524765,0.000407064842003351,0.0006939921331379019,0.00036411633919209194,0.0003999200213269466,2.0,636.8763090164559,630.8908426836031,0.1773986833578132
AAPL,20880,2024-08-29 14:10:00,0.0009104507359739828,0.0014095192564122,0.0008751570971916088,0.0012346979701498059,0.0007914892049016147,0.0008745081449325757,2.0,860.4448770914528,880.6682025151302,0.03087489760828414
AAPL,21514,2024-09-11 15:00:00,0.0013753268568656954,0.0012183612848872,0.0009178522902289598,0.0013992692991866343,0.000815615779984836,0.0009178522902289598,2.0,481.47559937522965,487.34429462642197,0.020044676970454832
AAPL,21706,2024-09-16 11:30:00,0.0,0.002063056614478,0.001038914202350564,0.0029421174977365522,0.0010389142023505642,0.001038914202350564,2.0,5.678041415002719,5.5323657370804336,0.010530569816464806
AAPL,22015,2024-09-20 11:15:00,0.00048318728839756613,0.0006580334632695,0.0005399082287186909,0.0008151886285576222,0.0004513653879384975,0.0005298933275112339,2.0,1088.424784266742,1076.021437189686,0.19636220310954494
AAPL,22611,2024-10-01 15:25:00,0.0007251729415927876,0.0012004791411646,0.0008457789460092088,0.001179947147910677,0.0007774953049449703,0.0008457789460092088,2.0,672.4103935102133,688.1319678380373,0.05726673336452949
AAPL,23046,2024-10-09 12:40:00,0.0001331292020869905,0.0007792121266914,0.0005693887984240609,0.0008705955048136007,0.0004526320631299421,0.0005266854054336526,2.0,1052.344593145991,1048.6305297686345,0.20339724942160256
AAPL,24025,2024-10-28 09:45:00,0.0,0.0010331191304202,0.0006192562242813976,0.0008881024419692793,0.0005140287112539673,0.0006109268823282963,2.0,1469.7095093357045,1519.8528267166494,0.18113236546671718
AAPL,24195,2024-10-30 10:55:00,0.0,0.0004913317939535,0.0005135667321643637,0.0007133366290387403,0.00043683383535815144,0.0005135667321643637,2.0,772.045304123425,753.9465150755506,0.17635264052205904
AAPL,24298,2024-10-31 13:00:00,8.700948408869812e-05,0.0006494441711996,0.000559946604340352,0.0008060755044170296,0.0004705379190657228,0.0005564974870610479,2.0,1232.4657827902329,1236.7996045891707,0.17804774746076482
AAPL,24842,2024-11-11 12:50:00,0.0003980099555027304,0.000508266056591,0.00046927327496718377,0.0006076129773606605,0.00037099760544327616,0.0004480286813294302,2.0,733.2084614509058,715.3869930545129,0.19782153133063227
AAPL,25074,2024-11-14 12:40:00,4.444543212795298e-05,0.0006897623542869,0.0005338553378861071,0.0007766598297339624,0.00044493882825259154,0.0005305978193109705,2.0,1348.3718570963235,1367.6632466063304,0.20289219940171044
AAPL,25225,2024-11-18 12:15:00,0.0,0.0006177269810678,0.0004368147538114464,0.0005237030050917866,0.0003492839714169355,0.0004353883733006663,2.0,690.5880052054135,682.2034014931297,0.19020969040865085
AAPL,25273,2024-11-19 09:45:00,0.0006170391134115748,0.0010383103205738,0.0008508554078364464,0.0010755621750987542,0.0007529477906422956,0.0008508554078364464,2.0,231.10468790615576,235.72568938002726,0.016927525114323824
AAPL,25952,2024-12-02 14:20:00,0.0,0.0005263108686654,0.0004795930189155941,0.0006860222953878627,0.0003955087832533539,0.0004698746375507736,2.0,1278.198564744646,1326.4402297621316,0.23116034903117774
AAPL,26477,2024-12-11 12:35:00,4.038527553407982e-05,0.0004817535468521,0.00031348664579717786,0.00035849867408925876,0.0002056132422170362,0.00032916392660617356,2.0,567.2611143418662,560.611536723031,0.19394737096903358
AAPL,26770,2024-12-17 11:00:00,0.00019965260513145211,0.0005182333347117,0.00042713139210808805,0.0005689161415551553,0.00032349373512998667,0.0004047763665870741,2.0,1384.4072617380148,1438.0066612305827,0.26495396593837583
AAPL,27449,2024-12-30 15:35:00,0.00031869970790038217,0.0008620293739751,0.0006757924406542186,0.0009918153530775584,0.0005297311738230476,0.0006693802389600122,2.0,758.5674240138973,800.5160377482396,0.05440944056175361
AAPL,27540,2025-01-02 10:10:00,0.0006769537341647551,0.0006581907275262,0.0005340216405669068,0.0007406074944243347,0.0004122537578385889,0.000524888473252905,2.0,1405.4742830359303,1502.4036815515385,0.18652091439295887
AAPL,27559,2025-01-02 11:45:00,0.0008799648581903712,0.0005313749112154,0.0004837734422107481,0.0006794793409375004,0.00039300452461034027,0.0004711610279945072,2.0,1342.0640408647873,1448.67863556937,0.24080712677062183
AAPL,27615,2025-01-03 09:55:00,0.00012323112012142988,0.0014199776234104,0.0005704041875646743,0.0009641953906233897,0.0003935028361119292,0.0005704041875646743,2.0,16.435924211746205,17.04070512834895,0.016195886338669505
AAPL,27697,2025-01-06 10:15:00,0.0002449279515857172,0.0008014212713107,0.000573434194367853,0.0008462255415502635,0.00038695531149038614,0.0005664576319785244,2.0,254.72865284302776,245.05322147469911,0.028536811726812734
AAPL,28042,2025-01-13 13:00:00,0.0008979810960917914,0.0009745871033108,0.0005817456688966527,0.0008536809158882272,0.00048433969303303176,0.0005664576319785247,2.0,1276.1409169503968,1361.6014961551925,0.16522605044898797
AAPL,28115,2025-01-14 12:35:00,8.505571154232942e-05,0.0009852950261029,0.0004113226920441647,0.000616531741482384,0.000329788114127633,0.00039888313253247257,2.0,1305.792268727981,1420.2434805863877,0.3662274920356299
AAPL,28220,2025-01-15 14:50:00,0.00037873209365529273,0.0013738866902404,0.0008094924072822136,0.001286967810634274,0.000699516539171317,0.0008073957888853206,2.0,248.7150062791108,253.00181612502416,0.021486114605107083
AAPL,28418,2025-01-21 11:50:00,0.00287833698111913,0.001085220421082,0.0006143748319265669,0.0008904584801436376,0.0005264543422459734,0.0006030114663656177,2.0,1183.8966322614708,1276.564681598732,0.14153220435359964
AAPL,30165,2025-02-21 14:25:00,4.796083145478296e-05,0.0005476827442415,0.000389209359156081,0.0006281584036036376,0.0003273724299811035,0.00037383954411585605,2.0,850.8467778468307,836.5235347288412,0.2173816207531583
AAPL,30465,2025-02-27 13:25:00,0.0013747756562965043,0.0008813567034334,0.0005476234812746216,0.0009123868753054267,0.0004929972088646075,0.000538889899874334,2.0,1157.9752739149321,1208.790613418377,0.1892545260158971
AAPL,31223,2025-03-13 11:35:00,0.00018536540207851916,0.0005353031725356,0.0005051355554454894,0.000763388257787645,0.00041923448398383943,0.0004968738456743798,2.0,977.1314328485845,1061.66137005985,0.29991756532953895
AAPL,31809,2025-03-24 14:55:00,0.0009092149555750586,0.0014888787512204,0.0009934971915447509,0.0014246391140772694,0.0008077352968087694,0.0009893644141182717,2.0,492.0891184826198,504.092773335606,0.021057420067408104
AAPL,31866,2025-03-25 13:10:00,0.00045171199611686373,0.0006551237544122,0.0004698365055419903,0.0007566823188344466,0.0004070998264984168,0.0004569339809910477,2.0,962.044025333129,1012.1022935111807,0.26132095912544784
AAPL,31910,2025-03-26 10:20:00,0.00017878693115156767,0.000626832100794,0.0005302390787789932,0.0009018786862770607,0.00046567746327647134,0.0005135507477652746,2.0,1051.2802060568895,1105.5361443220866,0.1386226359218978
AAPL,32169,2025-03-31 12:25:00,0.0005549389709561586,0.0010022585659784,0.0006539420676906686,0.0010762460848302438,0.000575065638968636,0.0006304383946868456,2.0,957.4614084909339,1001.0095427713203,0.04484945606871669
AAPL,32513,2025-04-04 15:05:00,0.007295927138381468,0.0042019637479266,0.004597633677649189,0.004034838084859552,0.004597633677649189,0.004597633677649189,2.0,1.606803367084274,1.616659476217797,0.002195681796037557
AAPL,33188,2025-04-17 12:50:00,0.0008118942953720589,0.0014687205695993,0.0009881559003835682,0.0015245016298318496,0.0009076881806826725,0.000984957099686132,2.0,642.2404519687583,658.7801312680135,0.02040104794936102
AAPL,33320,2025-04-22 10:50:00,0.00041019330934574574,0.0009711798152208,0.00027219525640996957,0.00031887206632541087,0.0002721952564099695,0.00027219525640996957,2.0,1.2159801503779804,1.2124826318601356,0.017671897786248048
AAPL,33808,2025-04-30 12:30:00,0.0013356231712653352,0.0008994602289428,0.0005983247087152032,0.0009389884049968949,0.0005161532620514615,0.0005857571077884352,2.0,657.1357151166508,678.453286465594,0.1634553106294079
AAPL,34204,2025-05-07 13:00:00,0.0014994005208167976,0.0009319637455665,0.0005996399341979422,0.0009399055804279227,0.0005398248421585696,0.0005996399341979422,2.0,659.228495311831,670.9294128614982,0.13037541455788365
AAPL,34683,2025-05-15 13:55:00,0.0022297611060092906,0.0011334990898939,0.000973105912710034,0.0016084741970244535,0.0008608733613111666,0.0009652265221434698,2.0,763.3829053147925,780.5154054034939,0.0577978303544816
AAPL,34695,2025-05-15 14:55:00,0.0007562866686814503,0.001223068394771,0.001015007699698891,0.0018225382817206569,0.0009370608213402643,0.001015007699698891,2.0,739.8638030157564,757.9215708975843,0.022974673170106482
AAPL,34763,2025-05-16 14:05:00,0.0012280285922345105,0.0007885155667584,0.000708645504447887,0.0012065102363695652,0.0006582040670164731,0.0007071064489789882,2.0,699.0604818643732,716.7420424895689,0.0392430963199378
AAPL,34765,2025-05-16 14:15:00,0.0011023142616891058,0.0008340125917696,0.0007157342545792203,0.0012059286655308604,0.0006594131462151522,0.0007109847437789286,2.0,738.3863637016739,760.5545027782297,0.05006705939625582
AAPL,35693,2025-06-04 13:35:00,0.00031953986531673404,0.0012270731150412,0.0006684926221808898,0.0010873460253278734,0.0005504541385517109,0.0006612195017277134,2.0,983.0430231291008,1017.1348994212818,0.08270400265441899
AAPL,36028,2025-06-10 15:30:00,0.0026434098838943577,0.0014158803871946,0.0010569531415712762,0.0014382608497519262,0.00091661245774095,0.0010510750041851959,2.0,522.8862111911915,534.2160406624023,0.017584750209425876
AMZN,770,2023-08-21 15:20:00,0.0015160614149024533,0.0012977306228644,0.0012837160019935037,0.00144557900381321,0.0010274261205378858,0.0012483282940744175,2.0,275.4425195978764,282.8935217204329,0.030648025731017717
AMZN,945,2023-08-24 10:25:00,0.0001456027958309433,0.0005115526856575,0.0007155635367939485,0.001002758695887492,0.000500518404500023,0.0006769717058722204,2.0,57.161813839069374,55.57676163082014,0.06006553530975762
AMZN,1560,2023-09-06 09:40:00,0.0,0.00094277874426,0.000889664260530116,0.001169046839169718,0.0007050816742934271,0.0008622099866675158,2.0,794.1353676020062,827.5026356033328,0.07353819182126597
AMZN,2456,2023-09-21 12:50:00,0.0018901254584604821,0.0011248024544316,0.0012055456553484675,0.0013702936852203356,0.0009200140491061374,0.0011895464018980987,2.0,939.6419617484504,970.8828458188174,0.06826041088486352
AMZN,2601,2023-09-25 11:55:00,0.0010777522213348556,0.001106669699313,0.000949078370199702,0.0012438763755353091,0.0007525587350957349,0.0009239924520419009,2.0,1297.8348434041536,1346.5167573243054,0.0983953771922703
AMZN,2978,2023-10-02 10:50:00,0.0008634562332451624,0.0008543327097605,0.0008794301859552974,0.0011442484448373055,0.0007050816742934271,0.0008646805131293563,2.0,1239.9662788967546,1281.3303618449252,0.1115586283722549
AMZN,3068,2023-10-03 11:50:00,0.0005440485114568715,0.0009742138960188,0.0007541478487140764,0.0010022452290931565,0.0005967477426081563,0.0007415647355034903,2.0,1209.2012983560285,1245.5034839785042,0.23153105312882316
AMZN,3160,2023-10-04 13:00:00,0.0003967466824508001,0.0012276578162483,0.0009201656947390837,0.0012321776117500236,0.0007508635282947551,0.0008954188818664441,2.0,1198.768513858519,1244.5375609548887,0.05439058565660414
AMZN,3390,2023-10-09 12:40:00,0.002056962750583368,0.0012783778319076,0.0009574441232294334,0.0012812248753746125,0.0007701194065642521,0.0009476428096050437,2.0,1268.4147621233794,1312.7366789234122,0.10129601161362077
AMZN,4076,2023-10-20 11:20:00,0.0012459120129051048,0.0004732645170156,0.0010540582213680151,0.0012219153133722883,0.001054058221368015,0.0010540582213680151,2.0,42.07143788405001,31.591237009893458,0.08169033786567197
AMZN,4155,2023-10-23 11:25:00,8.049909442873247e-05,0.0012881724983815,0.0009618468199060388,0.0012836608989397454,0.0007912644818602921,0.0009601536983432591,2.0,916.6943202883185,935.9359948482208,0.07734387207986658
AMZN,4207,2023-10-23 15:45:00,0.001189013655201359,0.0015209912369105,0.001151502043097892,0.0013958109879215958,0.000957684727007322,0.0011489411857135332,2.0,793.8096880962235,817.5272039049589,0.029754644677167687
AMZN,4238,2023-10-24 11:50:00,0.0,0.0008764880980529,0.0007119971820896418,0.0009620740514927444,0.0006140149091522802,0.0007104796035988566,2.0,939.6648087006041,942.0152596766806,0.1831987251954096
AMZN,4276,2023-10-24 15:00:00,0.0010526932371625688,0.0016208033988517,0.0012559707830034884,0.001469663730635692,0.0010777522213348556,0.001255970783003488,2.0,690.9450208597156,707.6655156736083,0.025091212610954174
AMZN,4277,2023-10-24 15:05:00,0.0017520298822647654,0.0015205736784032,0.001329234721276573,0.0014670943284096198,0.001151502043097892,0.0013478240318055257,2.0,507.2714445053156,515.9478732611215,0.018756560178410004
AMZN,4389,2023-10-26 11:25:00,0.0010030091111691661,0.0016510429460385,0.0010425976517855458,0.0012873248909421667,0.0007571586264810813,0.0010425976517855458,2.0,18.39143896374177,17.70285175516139,0.01968282603953965
AMZN,4517,2023-10-27 15:35:00,0.0008510645384255384,0.0025684589895221,0.0014291390422991627,0.0017053555370665462,0.001239846617683962,0.001425629894553279,2.0,377.83127844344756,382.61603176426524,0.03203769908290154
AMZN,4676,2023-10-31 15:50:00,0.0004544081071890288,0.0013452654526631,0.0010025063496255705,0.0013947739788286637,0.0008634562332451624,0.0009965122897390762,2.0,970.8903244882915,1007.9194310200215,0.03486201961258961
AMZN,4990,2023-11-06 16:00:00,0.0001784662614270637,0.0012050745318438,0.001140007248508801,0.0014339361187104714,0.0009916473599535815,0.001131605869312002,2.0,773.0902290414076,790.1220540867486,0.06266617997696232
AMZN,5462,2023-11-15 09:50:00,0.0,0.0016400772408068,0.0012483728191977094,0.0014674548527626094,0.0010398414216117886,0.0012483728191977094,2.0,531.422282087764,539.4036942376066,0.0411300388659896
AMZN,5468,2023-11-15 10:20:00,0.0,0.0010462232519947,0.0007992966615295945,0.0011773684702159188,0.0006519613400549868,0.0007978299449851313,2.0,1137.4010676672879,1184.3293019403081,0.14895854980991818
AMZN,6649,2023-12-07 11:15:00,0.000965650509580371,0.0006157599803008,0.0006209251984658222,0.0008235972565922312,0.0004729250501952905,0.0006122657424506837,2.0,1114.618324979792,1145.0077354126095,0.13204000326414853
AMZN,6966,2023-12-13 11:40:00,0.0,0.0007609245016494,0.0004785834022910042,0.0005565612249243965,0.00034205575842302785,0.0004782564228759743,2.0,733.692584285775,776.9573067134324,0.2560019980819122
AMZN,7542,2023-12-22 14:10:00,0.0012889666578651,0.0008428767746952,0.0006157846316848926,0.000875715077011792,0.0004926975288830658,0.0006103143308149495,2.0,1309.3360598980323,1365.3734887111061,0.2310269453016349
AMZN,7700,2023-12-27 14:20:00,0.0001951663799578484,0.0004684102564374,0.0004888780346696394,0.0006685105051705371,0.00036167874975216664,0.0004869395943316857,2.0,1156.6178351789295,1172.8528838252385,0.26726894069224016
AMZN,7913,2024-01-02 12:35:00,6.626246565063557e-05,0.0006491742856998,0.0006062851746900745,0.0007692739610000474,0.00046384279564448856,0.0005857277834958566,2.0,1379.0193759626272,1444.6324130722924,0.27876453003924956
AMZN,8571,2024-01-12 15:25:00,0.002989104121631393,0.0019848349056045,0.001137237972518195,0.0012616687803839175,0.000864620452254098,0.0011320140121516237,2.0,207.0181264433779,210.40829974872617,0.019324050850551097
AMZN,8843,2024-01-19 12:05:00,0.0003882992541670421,0.0005589520250061,0.00045414734617780074,0.0005552911505345007,0.0003251503849164972,0.00045512175292273865,2.0,978.0819923904877,999.7814073384916,0.2939261526619472
AMZN,9024,2024-01-23 14:10:00,0.0006447239188398343,0.0006358827620544,0.0005857277834958566,0.0007583902124235471,0.0004541473461778008,0.000582316990994809,2.0,1267.8824360215538,1325.3112815793397,0.26745997999189747
AMZN,9271,2024-01-26 15:15:00,1.896695229705794e-06,0.0012753202526941,0.0008447008423746922,0.0012881204734174147,0.0007365496332183271,0.000843744979473071,2.0,800.0018099743943,842.8820904418421,0.04484027291078949
AMZN,9615,2024-02-02 11:25:00,0.0005911912675881747,0.0044893727010886,0.0007675730309253182,0.0007678927666398681,0.0007675730309253181,0.0007675730309253182,2.0,1.000521289066211,1.0003478263163281,0.007220664858880882
AMZN,10157,2024-02-13 11:05:00,0.00017510579353078874,0.0004246243970972,0.000644953263246375,0.0008523107180030826,0.00041031252712703904,0.0006308243936790599,2.0,453.91353792854284,467.88862098794334,0.12095602979222499
AMZN,10201,2024-02-13 14:45:00,0.0014406122168607708,0.0029603317377083,0.0018622895186804207,0.0019705196607456045,0.0016158747012048667,0.0018622895186804207,2.0,9.438635758854401,9.74303060364153,0.011374802024551873
AMZN,10221,2024-02-14 09:55:00,5.8790675815661026e-05,0.001548624086773,0.0005273489121127878,0.0011507794811582255,0.0005273489121127878,0.0005273489121127878,2.0,9.347783769869993,9.52838816854994,0.014429967041673623
AMZN,10244,2024-02-14 11:50:00,0.0004116315367875656,0.000732411708113,0.0005006571229179727,0.0006754334078753845,0.0003879226789449784,0.0004715313066265501,2.0,1094.1625051240221,1084.6752625535312,0.24500328565646895
AMZN,10395,2024-02-16 11:25:00,0.0,0.0006429755537891,0.000470382698590065,0.0007079656719629103,0.00039406279243679813,0.00047153130662654997,2.0,860.1074487717491,895.8347897632946,0.17148931697672473
AMZN,10792,2024-02-26 12:00:00,0.0005697681197953433,0.000658631352478,0.0005819780952518751,0.0007416359396065807,0.0004585315607363315,0.0005778960102833684,2.0,1171.4324768332817,1174.8533572537033,0.20919730889659408
AMZN,10991,2024-02-28 15:35:00,0.0029404155061073765,0.0009548217248815,0.000781046642152419,0.0012439021099112076,0.000654236202596486,0.0007690239883897366,2.0,1189.2045167090744,1253.7305080738013,0.060148423280233135
AMZN,11241,2024-03-05 10:25:00,0.000340290384409052,0.0005452037978791,0.00031676645074657625,0.0010091209702459752,0.0003167664507465762,0.00031676645074657625,2.0,19.028885520267576,20.074370520017393,0.03175217937291411
AMZN,11276,2024-03-05 13:20:00,0.0009612938623723727,0.0012085758710412,0.0009488229378137763,0.001386945338257038,0.0008236971794719363,0.0009433406748729886,2.0,638.3236676271669,657.3344037036798,0.0739812687097153
AMZN,11325,2024-03-06 10:55:00,0.0005699629678378127,0.0006470823691157,0.0006387735764947879,0.0009386044841746887,0.0005272562294443816,0.0006317543316458258,2.0,1439.091125907853,1492.549299611424,0.15605869658890106
AMZN,11351,2024-03-06 13:05:00,0.006405878688841292,0.0007200392786797,0.0005236695823521765,0.0007375169265287365,0.000411244608210327,0.0005098789148065823,2.0,1277.5216678932702,1286.8929431116567,0.24635699218228502
AMZN,11840,2024-03-14 14:50:00,0.0005587216594111329,0.0011549072197242,0.0009145470771760652,0.0014788018327938233,0.0007377685522312252,0.0009003331840731091,2.0,779.1607054699205,809.6423042787969,0.03356006473169034
AMZN,11949,2024-03-18 10:55:00,0.000512455527228757,0.0006713071595322,0.0005243380352587081,0.0007449633233700518,0.00040065249655944394,0.0005129520502316954,2.0,1351.7861692677093,1349.7035951119922,0.17551197616682168
AMZN,12744,2024-04-02 12:10:00,0.003375857546238862,0.0009727890880262,0.0004587419083832933,0.0007099336030944609,0.00039054872591717224,0.00045498493647321643,2.0,1238.2158232054373,1255.6102533824755,0.2979850484134523
AMZN,13728,2024-04-19 09:40:00,5.617819725646655e-05,0.0031733090946228,0.0006792257088348488,0.0009517174905046026,0.0005098301738703014,0.0006667407736717559,2.0,1514.364673599183,1588.0202803359705,0.08380004616716732
AMZN,13950,2024-04-23 15:10:00,0.001547835450510725,0.001699478697601,0.0008629524293682132,0.0010509712086019338,0.0007787295977021538,0.000864479484765416,2.0,418.3328879015095,422.51821175505995,0.018905553867053556
AMZN,15409,2024-05-20 13:15:00,0.0006400373861924328,0.0007316967236278,0.0005504538358548654,0.0008876793074814969,0.00043301759810552545,0.000543035582174287,2.0,1043.3025152775028,1056.0841448675135,0.09909516870489535
AMZN,15542,2024-05-22 11:20:00,0.0009835528906105247,0.0005570564428569,0.0005300821751474413,0.0007223532325699468,0.0003675374131189821,0.0005294927583201793,2.0,956.8935490901374,976.090716268213,0.17542324573212467
AMZN,15692,2024-05-24 10:50:00,0.0004397295734024515,0.0005662614824574,0.0007952286701382466,0.0011629235493176137,0.0006547716717806734,0.000786428531712747,2.0,155.28383849930128,149.39918352386573,0.06321025543209338
AMZN,15797,2024-05-28 13:05:00,0.0006652991319301519,0.0005083867031744,0.0007043133927155071,0.0010365798911376764,0.0005284015974993237,0.0006969575406099487,2.0,1327.543245826044,1379.004137850613,0.11184490147067364
AMZN,16203,2024-06-04 14:25:00,0.0012395713989767723,0.0011870504201985,0.0010697898038931962,0.0013802984014816442,0.0009868439907994816,0.0010697898038931962,2.0,437.63563378407855,445.2146135317672,0.019574446383364183
AMZN,16327,2024-06-06 11:45:00,0.0004963463496358226,0.0005680888676539,0.0004431151063975779,0.0006079469496678357,0.00031572300830562194,0.0004492110806066838,2.0,623.4963607389482,613.3297872581853,0.12380394773438845
AMZN,17357,2024-06-26 13:05:00,0.0015558360390485815,0.0006626454227361,0.0006013722401940584,0.0008663608894361888,0.00044018928849887687,0.0005520287195112043,2.0,1275.0798933227466,1310.932929687676,0.17019654029541845
AMZN,18162,2024-07-11 15:10:00,0.0016507253650764203,0.0015144315904681,0.0011466154410972721,0.0012977052029296656,0.000963288097607059,0.0011466154410972721,2.0,498.52776503750533,507.3088591999984,0.022428588157480306
AMZN,18687,2024-07-22 13:25:00,0.0001082543979405652,0.0008494198025692,0.000550399053198218,0.0007896505578048893,0.0004231460975017083,0.0005369127645762234,2.0,1060.5443190931348,1066.8138225458372,0.21032164036153703
AMZN,18724,2024-07-23 10:00:00,0.0007647348381650908,0.0010999076150782,0.0008112274315248305,0.0010321641897130035,0.0006027929238919777,0.0008004002428306678,2.0,1331.2667760245483,1392.9467589188607,0.13819004129368004
AMZN,18939,2024-07-25 14:55:00,0.0012171509109823338,0.0018909436407308,0.0014063079589159977,0.0015028001128215463,0.0012549449198489544,0.0014063079589159977,2.0,112.59569189607944,114.35740906199675,0.010099037699675519
AMZN,19508,2024-08-06 10:20:00,0.0013034979034442058,0.0024069180359009,0.0008975074374854332,0.0019323030570948618,0.0009241391215176957,0.0008975074374854332,2.0,26.863979590247585,27.071837587130428,0.0067977181916936075
AMZN,19531,2024-08-06 12:15:00,0.00012346441154039838,0.0017049652939015,0.0010347435953293543,0.0013877183574210268,0.0008482664065002812,0.0010144967098043387,2.0,843.330475011471,863.6017965386291,0.03164199698174334
AMZN,19540,2024-08-06 13:00:00,0.0019220640198211742,0.0016152805272093,0.00109174154895594,0.0013914884203760198,0.0008951844941025912,0.0010809588905598545,2.0,1039.8092118919342,1070.5148450616953,0.039460538455537195
AMZN,19645,2024-08-07 15:15:00,0.0015281040932672567,0.0018513040406491,0.0013833340551382598,0.0016190582743539493,0.0011397249612333715,0.0013833340551382598,2.0,363.20415820767016,369.62991735862414,0.014156666588991345
AMZN,19925,2024-08-13 12:35:00,0.0011911853701530102,0.0009313323969696,0.0006001800720324851,0.0008865081180942768,0.0004611955294538013,0.0005509546892826466,2.0,983.4413678607588,1000.4960620078414,0.21778560316455056
AMZN,20546,2024-08-23 12:20:00,6.179794375835528e-06,0.0006994866045524,0.0005550313735204399,0.0009466461897306613,0.0004909749993565506,0.0005527610554761802,2.0,776.0160400530348,789.8975291526515,0.12966073600386124
AMZN,21847,2024-09-18 10:15:00,0.0001068718607409035,0.0007300469796082,0.0007145409378688503,0.0010492091826337746,0.0005675369051312811,0.0007108230207885785,2.0,965.3138490854683,972.0024516345956,0.07997445583225894
AMZN,21851,2024-09-18 10:35:00,0.0,0.0006282754680326,0.0006809283586032904,0.0009798124957655443,0.0005237277899103333,0.0006776598407059189,2.0,1012.2562984088439,1014.6088395772096,0.09499786975859657
AMZN,23429,2024-10-16 12:05:00,0.00021244954403264085,0.000723954182876,0.0005180005295831918,0.0007177321678664477,0.00041309104508764676,0.000517245770232514,2.0,736.4006155935117,721.5422923761088,0.18223281457858867
AMZN,23693,2024-10-21 14:35:00,0.001298340161980351,0.0011356909966374,0.0009205859908803155,0.0011493390684203164,0.0007007156298020115,0.0009016894025943593,2.0,1199.7596581192722,1250.818611856573,0.04375972113070393
AMZN,24120,2024-10-29 11:10:00,5.309969468933121e-05,0.0007953208344016,0.0006461687802236148,0.0008525718118964744,0.0005228689940172763,0.0006371557668110751,2.0,1600.3814453597681,1566.9555525933815,0.1981030470578727
AMZN,24178,2024-10-29 16:00:00,5.2730100990440794e-05,0.0007625821221305,0.0007236330105166975,0.0009743791699553159,0.0005911758815162124,0.0007200535207987752,2.0,1516.7223870994355,1588.834415468889,0.07515426893403182
AMZN,24560,2024-11-05 15:20:00,0.00030494003082397767,0.0009609875326575,0.0008186656208359921,0.0011460322513531956,0.0006819314660887274,0.0008158861370333218,2.0,1273.4870320832865,1323.688260626588,0.04458952230536968
AMZN,24579,2024-11-06 10:25:00,0.00014942843650947676,0.0008226819845833,0.000564812214958742,0.0004987222385041763,0.0005252376821207461,0.000564812214958742,2.0,5.803625277506528,6.135410971336589,0.011714297375497468
AMZN,24728,2024-11-08 09:50:00,0.000427421467813588,0.0015724598195044,0.0011157506674371437,0.0014444100601571953,0.000982640105272012,0.0011157506674371437,2.0,217.61282843148507,219.87219790025853,0.020678735278461913
AMZN,25561,2024-11-22 14:15:00,0.000852279900184994,0.0009362705548263,0.0006327111884595097,0.0008463214760083308,0.0005094243615008585,0.0006268871292711674,2.0,1144.6130461036232,1151.7075462944467,0.15690258200089402
AMZN,26106,2024-12-04 14:10:00,0.0007874198512413499,0.00089769232986,0.0006632556619871766,0.000981412359686323,0.0005863383340071735,0.0006390562082413877,2.0,1334.0810708987967,1372.7924232369512,0.11657529375408121
AMZN,26258,2024-12-06 13:50:00,9.019572478384725e-05,0.0008127248047747,0.0005863383340071735,0.0008591125850372727,0.0005096840069561052,0.0005794582227907417,2.0,1190.315481327951,1227.6419840648812,0.23363408148549342
AMZN,26297,2024-12-09 10:35:00,0.001713796477734598,0.0007522046375015,0.0007963368925710827,0.0011924953441667051,0.0006336562174544598,0.0007658800814751177,2.0,175.881414247448,163.78167898153092,0.019231794813225064
AMZN,26661,2024-12-13 14:55:00,0.0010019386170679841,0.0009784608434851,0.000663496651566362,0.0010605539355486716,0.0005987725342312541,0.000653328661303398,2.0,1311.7652340213654,1351.4846922346114,0.08910493131716951
AMZN,27382,2024-12-30 10:00:00,0.0,0.001052212822963,0.0008947212049303602,0.0013865097324349514,0.0007147452237664919,0.0008800845766343379,2.0,660.1132156023921,683.6504828894767,0.05064185861174048
AMZN,27514,2024-12-31 14:30:00,0.0015689793647852346,0.0008286431222264,0.000570260909813108,0.0008115874482895267,0.00047406846436356877,0.0005325759046527552,2.0,1169.9752699045196,1197.75112355549,0.2306382110985594
AMZN,27796,2025-01-07 12:00:00,0.0003081460636712699,0.00072131864374,0.0004514672762914243,0.0006235538227080367,0.00037824267203412425,0.0004513653879384974,2.0,1003.6324142079668,972.2362976042233,0.21458507291935508
AMZN,30059,2025-02-20 12:05:00,0.0007544992923891662,0.0009408669491638,0.0004663684819439767,0.0007043298890390652,0.0003910918029206383,0.000460800544358049,2.0,1174.1503404393109,1178.0140517861123,0.3239363332817806
AMZN,30094,2025-02-20 15:00:00,0.0014591824434171344,0.0013396770330376,0.0007456300495425959,0.001173309578900719,0.0006311423886362383,0.0007236660384351294,2.0,1240.1803748267062,1303.6008012719803,0.06197420176074435
AMZN,30112,2025-02-21 10:00:00,0.00026819238494384877,0.0012714090375886,0.0008029151111886154,0.0015133977422333755,0.0007013852645941804,0.0007874459037861853,2.0,546.5736990225198,559.8906937889133,0.0414656401790993
AMZN,30310,2025-02-25 13:30:00,0.0012208867031158902,0.0008587488698872,0.0005234115414805888,0.0008621106849403008,0.00046074264150433917,0.0005167513679714066,2.0,1380.301058376163,1428.4593486578142,0.10202278045579177
AMZN,30380,2025-02-26 12:50:00,0.000885512606508156,0.0010935666767429,0.0005072708935289993,0.0008478463273723606,0.0004517686987796068,0.0005056372227324486,2.0,1337.7118207854478,1382.894952541062,0.10200093517861551
AMZN,30736,2025-03-05 10:00:00,0.0002904584422802233,0.0011564329534884,0.0035587226169939952,0.0012389525352023054,0.00018628044574899285,0.0035587226169939952,2.0,2.41140075483557,2.340048212301095,0.00405020630316168
AMZN,30773,2025-03-05 13:05:00,0.0005852231330156239,0.0012858366549788,0.0005968367828615257,0.0009141214352903005,0.0005062009725908393,0.000576151765444671,2.0,1447.940169003989,1497.3579972929908,0.1372702942801875
AMZN,30859,2025-03-06 13:45:00,0.0012214487899451477,0.0009113531711547,0.0005704929039087438,0.0008834188407761691,0.0005056372227324484,0.000563962384068595,2.0,1420.3662593937245,1462.3838586977627,0.16982522163194824
AMZN,31585,2025-03-19 15:45:00,0.0007952033627552951,0.0010570628264327,0.0008029151111886154,0.001159445212004942,0.0006901470287043233,0.0008004981304453864,2.0,1248.2768714282133,1295.5475991961982,0.049497874534648226
AMZN,33356,2025-04-22 13:50:00,0.00099546489433786,0.002182514551391,0.0013871484160923294,0.0019019765857714909,0.0012130002839480499,0.0013855748502600612,2.0,647.0416596048796,661.6221328100937,0.01691595335004259
AMZN,34308,2025-05-08 15:10:00,0.004372455273821647,0.0016956553052188,0.001178276405505608,0.001853775753662715,0.0010887856168135138,0.0011760376540100649,2.0,688.7375852576946,706.9467379004092,0.017598400146517167
AMZN,34322,2025-05-09 09:50:00,0.000518457083367726,0.0013518175219059,0.0012453757882271445,0.0019480964748897107,0.0011504013977918154,0.0012405945656513298,2.0,677.3083955479824,695.0580433300983,0.04011863784448999
AMZN,34646,2025-05-15 10:50:00,0.000433829029965907,0.0007848473521408,0.0010171579345341596,0.0010733100326699996,0.0008862368013807978,0.0009417304992627655,2.0,30.150838513415465,28.979057643343182,0.008239861374524187
AMZN,34767,2025-05-16 14:25:00,0.0008985926701484459,0.0013293692999252,0.0009604610951245501,0.0016140086418906308,0.0008790558220721679,0.0009465713790490127,2.0,808.2591179384964,822.9318828750157,0.02983224500757532
AMZN,35295,2025-05-28 12:55:00,0.0002910784476963322,0.0009718765989485,0.0007301935337216852,0.0011226912521626164,0.0006470073199687931,0.0007298509342852984,2.0,835.3717606778108,832.8226976667388,0.13034552647302006
AMZN,36332,2025-06-16 14:50:00,0.0002691371325900401,0.0010970815485006,0.000898592670148446,0.0013734319851620548,0.0007834688482242188,0.0008943491852689699,2.0,1032.5679270046703,1065.7745957793031,0.028550126474895996
AMZN,36927,2025-06-27 12:25:00,0.001363946562894979,0.0008082987364065,0.0006021368883886802,0.0009221342607240089,0.0004955647061129142,0.0005975225972370442,2.0,1072.1649794821478,1074.4478673822475,0.21003710473470846
AMZN,37133,2025-07-02 10:05:00,0.00022626994100386413,0.0009134447177229,0.0009341429917969074,0.0011246746574507024,0.0007690425799378003,0.0009303464987363813,2.0,441.42965681221995,448.783447692472,0.04577751977176833
AMZN,37216,2025-07-03 10:30:00,4.535250233200354e-05,0.0008846545555289,0.0006590969748180085,0.0010045808695029095,0.000552715227557066,0.0006494410396654029,2.0,1489.2351067185184,1495.1857731042328,0.1684857302733912
EEM,2144,2023-09-15 12:50:00,0.00025429116475228784,0.0004334564424012,0.0005122294900063676,0.00043807673485523967,0.0,0.0005124263499264724,2.0,1193.9752293263023,1202.1160437302137,0.15902292662269787
EEM,2297,2023-09-19 12:35:00,0.0,0.0003042500343679,0.0005103342800223476,0.000412911965491638,0.0,0.0005102040927002075,2.0,1107.5558747814978,1124.6903106551806,0.20231555266663984
EEM,3253,2023-10-05 14:15:00,0.0008087343748517811,0.0004541383754276,0.0005122294900063882,0.0004618924475180812,0.00026402640417412385,0.0005132153050802289,2.0,1496.6343504322683,1517.7345863079763,0.11259369996175438
EEM,3597,2023-10-12 10:25:00,0.0,0.0003765883976907,0.0005122294900063882,0.0004313479872453374,0.0002563773889186282,0.0005130836438881248,2.0,942.1100980978114,986.9533177607753,0.06526403228687568
EEM,3797,2023-10-16 14:05:00,0.0,0.0004877044757565,0.0005175983552408202,0.0004743974315073765,0.00025877563400305154,0.000518403329391078,2.0,1824.3144660079668,1834.1698410352208,0.23719608872018888
EEM,4117,2023-10-20 14:45:00,0.0005422993625311492,0.0004879297767323,0.0005183361525924884,0.0004940842932855585,0.00026907036352311623,0.0005184033293909975,2.0,1368.5813571819829,1395.3981049045026,0.15636384554880448
EEM,5094,2023-11-08 11:40:00,0.0,0.000450372145403,0.0005376344215525309,0.0004712284291048946,0.0,0.0005374899350037276,2.0,919.6223419044334,939.0946203519254,0.14784120209754684
EEM,5130,2023-11-08 14:40:00,0.0020784626864132467,0.000475369554775,0.0005364806995623386,0.0005122540951943927,0.00025757806513957836,0.0005367686655985834,2.0,1611.8828786598492,1603.634243088436,0.20436374422910852
EEM,5191,2023-11-09 13:15:00,0.0,0.0004518040120001,0.0005356186523338266,0.0004545178320700795,0.0,0.0005361930423371899,2.0,1205.9128357657278,1216.7848162928426,0.22499173062072206
EEM,5233,2023-11-10 10:15:00,0.0,0.0004337820766932,0.0005351886667750196,0.0004729425488370047,0.0,0.0005356186523338264,2.0,1422.36044195163,1420.7078044756554,0.1547739299124979
EEM,5899,2023-11-22 13:45:00,0.0005046681913824538,0.0003813620568777,0.0005281225367007637,0.0003925514333581597,0.0,0.0005281225367007637,2.0,950.9601071428359,975.5876544676946,0.18275376214406402
EEM,6512,2023-12-05 12:50:00,0.0,0.0003299850633106,0.0005397349462935377,0.0003640568458538329,0.0,0.0005411255543296793,2.0,1353.8166930171105,1366.5716317675503,0.05543340313853739
EEM,6905,2023-12-12 13:05:00,0.0,0.0003735228152769,0.0005205622189392134,0.00028372742413687113,0.0,0.0005208333451069485,2.0,1150.5504470598808,1177.780357447775,0.18498696063528272
EEM,6995,2023-12-13 14:05:00,0.0,0.0003575660394871,0.0005205622189392131,0.0003041871402148348,0.0,0.0005208333451069485,2.0,1613.877920596162,1624.9543114426535,0.19445386428493125
EEM,7257,2023-12-19 09:55:00,0.0,0.0004019054989828,0.000512163903641298,0.0003433018933149089,0.0,0.000512295093171298,2.0,1551.6052984811272,1557.093333502713,0.12462975028724889
EEM,8241,2024-01-08 13:55:00,0.0,0.0003380865529986,0.0005112474548983198,0.00027573505113525796,0.0,0.0005113781752963521,2.0,1655.0364624878898,1681.07835627267,0.2577323741207534
EEM,8921,2024-01-22 12:05:00,0.0,0.0003754480920506,0.0005134129236124029,0.00031656036937416257,0.0,0.0005132153050802289,2.0,1280.4011708890896,1308.9735995738415,0.10994763420913443
EEM,8937,2024-01-22 13:25:00,0.0,0.0003543955503284,0.0005132153050802289,0.00031494083297207737,0.0,0.0005132153050802287,2.0,1296.5621469064904,1326.7969518539073,0.1854358580026214
EEM,8998,2024-01-23 12:00:00,0.0,0.0003460320537639,0.0005134788302807727,0.00031445800975117105,0.0,0.00051321530508031,2.0,1188.377030976044,1216.9250056694357,0.17413740405252826
EEM,9052,2024-01-24 10:00:00,0.0,0.0003996236632629,0.0010248527671298082,2.352333567075463e-06,0.0,0.0010094638081193713,2.0,3.7912828809818393,3.8429148758283374,0.012225091257328515
EEM,9761,2024-02-06 10:35:00,0.0,0.0002572767471298,0.0005107252409279502,1.9268973770169763e-08,0.0,0.0005107252409279502,2.0,3.2696540795195794,3.1393965518557687,0.012825395534684137
EEM,9807,2024-02-06 14:25:00,0.0005086470099491918,0.0003951034035867,0.0005138746259022086,0.0004636253366011884,0.0,0.0005138746259022089,2.0,1559.81583113114,1546.7213639043648,0.13059319051508697
EEM,9915,2024-02-08 10:25:00,0.0,0.0004214516418142,0.0005149531584454717,0.0004058471681243834,0.0,0.0005149531584454717,2.0,1685.9894725496392,1675.3146396282377,0.12039680236164163
EEM,10009,2024-02-09 11:45:00,0.0,0.000307808217077,0.0005142710321621984,0.0003166555623463623,0.0,0.0005142710321620995,2.0,1246.2564836754818,1271.9604342154662,0.11731711165545776
EEM,10308,2024-02-15 10:40:00,0.0,0.0004419817726137,0.0005197505314510076,0.00042337987143707104,0.0,0.0005197505314510076,2.0,1682.829324009464,1667.687121523021,0.09622655568313906
EEM,10591,2024-02-21 14:45:00,0.00024816974938133185,0.0005199082063625,0.0005264543422460843,0.0005395219476449628,0.000252876471191991,0.0005264543422460843,2.0,755.8064004213016,754.698534434315,0.03401169440396182
EEM,10905,2024-02-27 14:55:00,0.00012344916996122153,0.0004612769478442,0.0005182689932023362,0.0004014903513221165,0.0,0.000518537735238153,2.0,1712.4423034424378,1722.815255619075,0.23994198567016856
EEM,11736,2024-03-13 12:40:00,0.0,0.0003508712855331,0.0005059448628037116,0.00028704287692211115,0.0,0.0005059448628037116,2.0,1694.53982015465,1717.9416996612395,0.19625888493455887
EEM,11926,2024-03-15 15:30:00,0.0,0.0004501383939897,0.0004935834256179906,0.0003464968330801566,5.9261015158587595e-05,0.0004935834256180455,2.0,1449.286197394194,1458.7925102870306,0.12395093967881612
EEM,12874,2024-04-04 10:00:00,0.0,0.0003443823489195,0.00036726449577287985,0.0002536490673525651,0.0,0.00036726449577287996,2.0,1774.9435295075764,1779.35746442014,0.1429237705926224
EEM,12901,2024-04-04 12:15:00,0.0,0.0002551455063415,0.00048816207950135124,0.0002832308683150482,0.0,0.0004884004981088469,2.0,1761.1833502780232,1766.3202822739395,0.052622415189800764
EEM,13268,2024-04-11 10:20:00,0.0,0.0003734814165717,0.00036690515913355155,0.00025940284509498883,0.0,0.00036690515913355155,2.0,1956.9213313807795,1955.1364973382583,0.21139339045851357
EEM,13984,2024-04-24 11:30:00,0.0,0.0002945446234044,0.0004878048877215511,0.00031814246592290246,0.0,0.000487804887721551,2.0,1140.0958979823124,1173.9566889534024,0.16514042862001785
EEM,14279,2024-04-30 10:05:00,0.0,0.0003377253707381,0.00036703982794152273,0.00028551004593114105,0.0,0.0003670847395151729,2.0,1763.216206656364,1766.3212145159632,0.16739626813802402
EEM,14697,2024-05-07 12:25:00,0.0,0.0003031375907376,0.00037039323838481276,0.00031246054577295057,0.0,0.0003703932383848635,2.0,1827.8504835591636,1830.7416883010094,0.10199683865388631
EEM,14770,2024-05-08 12:00:00,0.0,0.0002914957909938,0.0004733727899044694,0.0003246545314193699,0.0,0.00047359697783160677,2.0,1503.9452585180186,1529.4038274743498,0.04440323843564511
EEM,15367,2024-05-20 09:45:00,0.0,0.0003496890351076,0.00036516341468405896,0.0003010166413840163,0.00011504170274414686,0.0003692080529295805,2.0,1632.447725365196,1647.983791657359,0.14490748337078102
EEM,15567,2024-05-22 13:25:00,0.0,0.0003782980355996,0.0004592422583583641,0.000315741556627334,0.0,0.00045934773430556484,2.0,1677.6001778058842,1686.4472673262308,0.23648634781965247
EEM,15631,2024-05-23 12:15:00,0.0,0.0002981259447872,0.0004711425293277339,0.0003487688486529279,0.0,0.0004711425293277339,2.0,1503.4389049340948,1528.3591446349749,0.11151334177586354
EEM,15684,2024-05-24 10:10:00,0.0,0.0003607186981693,0.0003716781310210809,0.0003085218768060514,0.0,0.00037507033008303916,2.0,1813.2720064670812,1814.5451327606704,0.1829174276412466
EEM,15690,2024-05-24 10:40:00,0.0,0.0003400081763059,0.0004610419629845783,0.00032405306153150465,0.0,0.0004610419629845783,2.0,1543.687228500245,1562.3605431697342,0.17562425725025274
EEM,15712,2024-05-24 12:30:00,0.0,0.0002958471175351,0.00048508368644622644,0.00037243351918244576,0.0,0.00048508368644622644,2.0,1041.4904893783157,1070.7762569703107,0.1501212544145243
EEM,15713,2024-05-24 12:35:00,0.0,0.0002908749802225,0.00048531910683206707,0.0003715229864622117,0.0,0.00048508368644629095,2.0,1045.2808964940057,1071.581095232333,0.15426194024326217
EEM,15735,2024-05-24 14:25:00,0.00011615076382176398,0.0003741854834197,0.00045903145171404566,0.00033891836374784815,0.0001217063227937943,0.00045934773430556484,2.0,1910.9384740481632,1914.8338128956361,0.17670371401526735
EEM,15973,2024-05-30 14:45:00,0.0005935775089697879,0.0004235811568344,0.0003699364984541808,0.00033636448747649517,0.0001253054321544837,0.0003703932383848634,2.0,1753.927487501982,1760.0075822558144,0.19500404360976922
EEM,16201,2024-06-04 14:15:00,0.0007205476473633915,0.000429273385311,0.0003614240145360854,0.00037706115841619394,0.0002355990115740717,0.00036220948177470775,2.0,1528.3134066038463,1541.193705874814,0.16024544105880567
EEM,16649,2024-06-12 12:35:00,0.009716867541810113,0.0003439103001458,0.0004645760826879836,0.00036424436263430486,0.00011554682547943242,0.0004645760826879836,2.0,1400.666346922291,1404.878278731512,0.054995675798322624
EEM,17137,2024-06-21 14:15:00,0.00035134977230905757,0.0004271262899584,0.00035601970351720896,0.0003524504494274208,0.00023199164934105792,0.00035610422359805033,2.0,1623.580764800976,1630.680092006742,0.1768813963550303
EEM,17508,2024-06-28 12:40:00,0.0,0.0003651183033657,0.0004614674747328633,0.00035866311905629174,0.00012056181821835495,0.0004619471152711291,2.0,1660.5157204669847,1640.644433760566,0.057997545746380094
EEM,18295,2024-07-15 13:15:00,0.00045197740882415384,0.0003039465678831,0.00046228098537042244,0.000350093147780493,0.00011861692677453547,0.0004632846967274816,2.0,1715.2800512338,1702.844244478751,0.0798131447352948
EEM,18493,2024-07-18 10:15:00,0.002753558417182807,0.0003404119692339,0.00045039973737407216,0.0003221762276246042,0.0001172539134836583,0.00045039973737407216,2.0,1707.0405926338058,1712.8401238908184,0.18960536904367561
EEM,19150,2024-07-30 13:00:00,0.0,0.000289488996272,0.00046827441736039686,0.000276472811048384,0.0,0.00046827441736039686,2.0,1111.1206453083807,1144.146814945369,0.16072006005461673
EEM,19335,2024-08-01 15:25:00,0.00035312813032486773,0.0004276788328026,0.0004529590497942593,0.00037764587457663845,0.00023383608197285848,0.00045325779812796605,2.0,1219.9321851648722,1244.2333538013831,0.08126046634263438
EEM,19426,2024-08-05 10:00:00,0.0,0.0002166302475768,0.00023334500164205496,0.00023325449352769748,0.00023334500164205496,0.00023334500164205496,2.0,1.0007760459347348,1.0008488862514828,0.009181565705473276
EEM,19520,2024-08-06 11:20:00,0.0012374707679880183,0.0004654076815151,0.000466690009637252,0.0002998674389318828,0.0,0.0004665267171155887,2.0,1627.4726721458467,1649.4012140543905,0.08333017972887707
EEM,19679,2024-08-08 11:35:00,0.0,0.0003107627599057,0.0004669624180113042,0.0003661200849845641,0.0,0.0004669624180113042,2.0,1645.1997371373668,1639.6742527530487,0.05869386152173854
EEM,19855,2024-08-12 13:15:00,0.0,0.0003150536821578,0.00047114252932772675,0.000339620350011337,0.0,0.0004712535431228885,2.0,1285.7080765378832,1310.0386104717481,0.12248825402961937
EEM,20110,2024-08-15 15:00:00,0.00011667930705717915,0.0004237186350637,0.0004607233437866632,0.00044143372799469635,0.00022880677367869968,0.0004608825983183696,2.0,1424.9800132202938,1438.7514019044825,0.12541534810736174
EEM,20392,2024-08-21 12:30:00,0.0,0.0003918137983018,0.0006728720675539446,0.0006714294695344319,0.00035097982226348014,0.0006728720675539446,2.0,321.22992118741433,317.99944375197236,0.027204704496587163
EEM,21217,2024-09-06 09:45:00,0.0,0.0003851144792401,0.0004604581640007013,0.00043847516721271185,0.00011982505556227685,0.00046051117553412926,2.0,1332.6723049631958,1351.248120673642,0.09934778041623911
EEM,21615,2024-09-13 10:25:00,0.0,0.0003927535841105,0.00046728972812939257,0.00038432409814400986,0.0,0.0004669624180113904,2.0,1668.0454253823605,1660.9989407914104,0.12311972928545374
EEM,21829,2024-09-17 15:15:00,0.0,0.0004116683089139,0.00046024623985850663,0.0004166209286956415,0.00011765397978158856,0.00046024623985850674,2.0,1361.8072969540613,1381.9749354086973,0.10130692672487181
EEM,22118,2024-09-23 13:20:00,0.0,0.0003073675652212,0.0004706989966878568,0.0003437815842975767,0.0,0.00047014575384077295,2.0,1633.4857012061398,1640.689793256198,0.15575171580111702
EEM,22166,2024-09-24 10:50:00,0.0,0.0003337587883114,0.00045787546587480873,0.0003300779834776949,0.00045787546587480873,0.00045787546587480873,2.0,2.694770618598481,2.6608724280331457,0.017478022821100597
EEM,22178,2024-09-24 11:50:00,0.0011122234491010277,0.0003473824138235,0.00046882326222055196,0.0003349764143658225,0.0,0.00046723514458225565,2.0,1584.4926694551823,1594.1604150402202,0.20283265025256292
EEM,22659,2024-10-02 12:55:00,0.0,0.0006254017350964,0.0004777260332108071,0.0005280139459085335,0.000321664078257324,0.0004780686119496665,2.0,1045.447593517645,1057.4967442630636,0.08654458621080893
EEM,22804,2024-10-04 12:00:00,0.0,0.0003697672597004,0.0005760700660492244,0.0004709513689177636,0.00011765397978158856,0.0005819028386485695,2.0,548.1097511169718,559.9914812759072,0.02209520247291066
EEM,22874,2024-10-07 11:20:00,0.0,0.0003510686708501,0.0005752747095313163,0.00048308139216316095,0.00011548010867944855,0.0005754733426928463,2.0,291.820880704151,331.0469507453797,0.039969380063726447
EEM,22950,2024-10-08 11:10:00,0.0,0.0004223813658667,0.0002115730463832392,0.00017900222003835615,0.00021157304638323918,0.0002115730463832392,2.0,1.9843822285264594,1.8383325600157074,0.01473061490743637
EEM,23349,2024-10-15 11:55:00,0.0015103263205226416,0.000766257544205,0.0008454872623722164,0.000525182716028354,0.00023383608197289832,0.0008454872623722164,2.0,16.051568704561436,16.588932525060418,0.02518048418210056
EEM,23424,2024-10-16 11:40:00,0.0,0.0005816473569102,0.00047562426580340155,0.0004295628869447392,0.0,0.00047562426580340155,2.0,758.4223144485736,781.299227054968,0.0906800044194857
EEM,23892,2024-10-24 11:40:00,0.0,0.0003615880891902,0.0005819028386485695,0.0004857518348675874,0.0,0.0005823772804517736,2.0,1077.4166792046708,1093.1231261127325,0.09115743039784156
EEM,24010,2024-10-25 15:00:00,0.00011015035534632994,0.0003947693081416,0.0005734273911355973,0.0005397356532823409,0.00021680216887104412,0.0005819028386485695,2.0,1542.8504437503502,1559.3822385966378,0.11668931002955296
EEM,24712,2024-11-07 15:00:00,0.0004380201559302016,0.0005185091132424,0.0006538797094354522,0.0005759520958723491,0.000321664078257324,0.0006542362025964107,2.0,1409.5325254304096,1420.331311617403,0.13827393181520461
EEM,25047,2024-11-14 10:25:00,0.0,0.0003359137060109,0.0006502655480028691,0.0005446813070397947,0.00021999780090925736,0.0006502655480028691,2.0,1422.2337353710109,1414.8417781754592,0.0806220849095484
EEM,25256,2024-11-18 14:50:00,0.0012737691992921252,0.0003853577176938,0.0005641749091816798,0.0004934443230597598,0.00021982853462891068,0.0005736905670512024,2.0,1608.7835484496811,1632.7119841187207,0.1735583931739912
EEM,26504,2024-12-11 14:50:00,0.0009072352629527682,0.0004817781561644,0.0005750238885723243,0.0004113535523277762,0.00011122851910680478,0.0005740198768486901,2.0,1817.6978297564951,1814.1127417174296,0.17342214350881732
EEM,26595,2024-12-12 15:55:00,0.0006814310314791943,0.0004481803191743,0.0005585032259111129,0.0004535618249672332,0.00011565373285319032,0.0005590652574753133,2.0,1184.195224291543,1213.0369397310817,0.07442734968828377
EEM,27104,2024-12-23 12:50:00,0.0,0.0003071443202093,0.0006621785916831292,0.00030964847350265076,0.0,0.0006618864003361321,2.0,1280.5831285972117,1309.5713742300413,0.2141223201054634
EEM,27289,2024-12-26 15:15:00,0.00023537719303694436,0.0004926818651413,0.0005738429586357339,0.0005539158400463149,0.00022753128653326803,0.0005738429586357339,2.0,572.106903576899,587.4216427731174,0.05947257544456004
EEM,27312,2024-12-27 10:40:00,0.0,0.0003324481456873,0.0004671805737856531,0.00030330884062484807,0.0,0.0004670520316116055,2.0,1586.0017096651425,1599.8538212149076,0.1906339127975643
EEM,27730,2025-01-06 13:00:00,0.0007005254226932939,0.0004615420439561,0.0005671184862485368,0.0004093475169615314,0.0,0.0005671184862484559,2.0,1111.752711882457,1129.829965269037,0.07123567216317088
EEM,28109,2025-01-14 12:05:00,0.0,0.0003033872098391,0.000678502796582725,0.00028957201797325183,0.0,0.0005955380633202796,2.0,1260.3317665154632,1288.3703521310615,0.17512138877023803
EEM,28588,2025-01-23 13:00:00,0.0,0.0002866909804957,0.000678963475217328,0.0002793541711563655,0.0,0.000678502796582725,2.0,1242.4993874540612,1271.818397063661,0.20500962813662824
EEM,28616,2025-01-23 15:20:00,0.00023518344416951305,0.0003732315416389,0.00047721308469475337,0.0003153095384714942,0.0,0.00047709924569117523,2.0,1838.8682793424082,1830.3050616687715,0.23895218897641962
EEM,29511,2025-02-10 11:55:00,0.0,0.000310072156678,0.0004769854609870402,0.00032847232630990093,0.0,0.00047675579265912696,2.0,1570.1212454622762,1579.0732889478397,0.05212197963813074
EEM,29599,2025-02-11 12:45:00,0.0006922810937609341,0.0003294594616731,0.0004769854609870402,0.0003024407185018958,0.0,0.0004758505918959618,2.0,1509.8973939919929,1530.6006643735575,0.24235267190927903
EEM,29743,2025-02-13 11:45:00,0.0,0.0003425963322922,0.00047709924569117523,0.0002766467909466211,0.0,0.0004769854609870402,2.0,1192.6629359130247,1220.4522605359596,0.21232715097773197
EEM,30373,2025-02-26 12:15:00,0.0,0.0002677184013026,0.00022343872286008782,0.0002128768989834286,0.0,0.00022393908950361859,2.0,18.576558979297015,19.57349936966547,0.016402284847560306
EEM,30502,2025-02-28 10:00:00,0.0,0.0005495280333032,0.000574085784181014,0.0004454894158227251,0.0,0.0005744815462184621,2.0,542.3302993154525,556.4285065687047,0.03471094969630874
EEM,30880,2025-03-06 15:30:00,0.00044913542187743666,0.0004355276993525,0.0005563901551200933,0.00047345587202818167,0.00011151379994833498,0.0005577026380094777,2.0,1458.2498255928313,1451.4000863242863,0.0945881965115702
EEM,32510,2025-04-04 14:50:00,0.005712172491920849,0.0009739500047413,0.0026937692302418546,0.0018667406413413082,0.002677051976001379,0.0026937692302418546,2.0,6.74054625390084,5.936862205884221,0.009003519737356892
EEM,33518,2025-04-24 14:20:00,0.0008083608038773937,0.0005429264009176,0.00047404599133764444,0.0005555018077428948,0.00011386279545467324,0.00047449585706381284,2.0,1283.7743027731688,1283.9430441472439,0.144939889343604
EEM,33783,2025-04-30 10:25:00,0.0,0.0004011391651502,0.00047180939775896174,0.0004851995434911608,0.0,0.0004739336581601461,2.0,1107.858482764379,1116.4509257640586,0.0955538882648289
EEM,33807,2025-04-30 12:25:00,0.0,0.0004405402383258,0.00047573740193154095,0.0004784258025106178,0.0,0.00047573740193154095,2.0,1150.5587592954303,1156.3213307389,0.06826801548769956
EEM,34081,2025-05-05 15:45:00,0.000327742287517313,0.0005298095599629,0.00046200047021796326,0.0005369161435657689,0.00022119000311380334,0.0004623208589051319,2.0,1301.2889514592118,1316.829333598005,0.16289623713172513
EEM,34158,2025-05-06 15:40:00,0.00022313020844795406,0.0005992116588264,0.00046136102317768804,0.0005502476945860888,0.00023062730729544336,0.00046168052528270027,2.0,1164.9048009592577,1186.0408729468722,0.06447383457359993
EEM,34333,2025-05-09 10:45:00,0.0,0.0004240981520834,0.0004713090696412234,0.0005930102103021451,0.00022289089582971293,0.000473260775515782,2.0,1347.1736463487298,1366.9283308047814,0.05749529169886339
EEM,36887,2025-06-26 15:35:00,0.0005081116503177399,0.0004104518444233,0.0003257152192087557,0.00033572436534237,0.00010977550919402978,0.0003257505865169475,2.0,1685.715264445103,1709.596725814267,0.1238970924075301
EEM,37088,2025-07-01 12:50:00,0.0,0.000247637407871,0.00043001505715310057,0.0003227657234837702,0.0,0.0004301537866090756,2.0,1538.239526215758,1562.7883670268384,0.2126038726568364
FXI,1310,2023-08-30 14:50:00,0.0014492258575948564,0.0009654886290834,0.0007567158893062838,0.0011435361374335655,0.0007147963134937593,0.0007567158893062838,2.0,777.9457590611156,804.1427373056463,0.140191955438659
FXI,1519,2023-09-05 12:45:00,0.001440922439512287,0.0009236753706925,0.0007204611262646571,0.0007929802616409846,0.0003732039602936774,0.0003849855677964903,2.0,623.2348872935235,629.9109991862213,0.28444329043186595
FXI,1621,2023-09-06 14:45:00,0.000902445688897491,0.001000845802356,0.0007452953577706449,0.0011055345815258846,0.0007149240697715864,0.0007452953577706449,2.0,1009.8121581378729,1032.9775555288995,0.1269258711344376
FXI,2130,2023-09-15 11:40:00,0.0003663674706668944,0.0007374988300998,0.0003808798370173658,0.0007484356244986096,0.00036879956162070936,0.0003808798370173659,2.0,1025.5742507578202,1034.9103397858403,0.2899213541861258
FXI,2464,2023-09-21 13:30:00,0.0015232295405215258,0.000639793486105,0.0003791469239731262,0.000654255254316207,0.00036852773588284045,0.0003791469239731262,2.0,1152.9425624996131,1150.8982638858972,0.25374709962728337
FXI,2511,2023-09-22 10:55:00,0.0003670398279415421,5.428639350182982e-05,0.0010662876432352515,0.00043626009479177035,0.0,0.0010662876432352515,2.0,2.5595044623154477,2.5991863576656375,0.016592858406281413
FXI,3303,2023-10-06 11:55:00,0.00038557933772485756,0.000731208976658,0.0003824823148559261,0.0006011419637334725,0.0003703703746040776,0.00038233607806617445,2.0,1300.291161819335,1292.2272731578828,0.2731365848252347
FXI,3802,2023-10-16 14:30:00,0.0015057409206668943,0.0007438745081847,0.0007225433840359981,0.0008239356954323258,0.00038372985889130614,0.0007245064616863176,2.0,1850.9581512292073,1884.2254672874105,0.20859939546962247
FXI,4064,2023-10-20 10:20:00,0.0007905138751589226,0.0004379534416911,0.0007328692156526957,0.000809753197383715,0.00038454143907814804,0.0007328692156526957,2.0,868.8267878463696,872.2474394794539,0.07546457171606878
FXI,4590,2023-10-30 15:10:00,0.0011578542397363597,0.0008494488528061,0.0005815212994811901,0.0009355164881589887,0.00039627502004590805,0.0005819028386485695,2.0,1528.7907228714594,1575.743009586177,0.13922154554209484
FXI,4860,2023-11-03 11:40:00,0.00038513383876772895,0.0007166274105802,0.0003920799893396521,0.0006123317196774674,0.00038204393969931954,0.0003923876840613694,2.0,1130.9725085324583,1135.7239937860966,0.2521956897287033
FXI,5175,2023-11-09 11:55:00,0.0,0.0006286100427721,0.0003891807793819273,0.0004966231331727811,0.00037914692397314964,0.0003891807793817932,2.0,833.7923633154081,829.5341869784356,0.11260184458203734
FXI,5338,2023-11-13 12:30:00,0.00038632413074648066,0.0007169711349462,0.0003907013138194389,0.0005756658476113044,0.00038262866355472547,0.0003907013138194389,2.0,1109.6972299123609,1116.2474283651093,0.26633955870952375
FXI,5352,2023-11-13 13:40:00,0.0007716049765543645,0.0007608151903786,0.0003943995318328908,0.0007454566725069176,0.0003882741264077312,0.00039424404216539257,2.0,1529.6075063599583,1529.6364205391958,0.30270579175248297
FXI,5567,2023-11-16 12:05:00,0.003800840759656226,0.000847221158536,0.00039115979376125754,0.000647186907881821,0.0003839508590074945,0.0003909172983299317,2.0,1299.9243726700925,1316.2937989885468,0.23659485506906638
FXI,6241,2023-11-30 09:45:00,0.0003980099555028136,0.0009765826398334,0.0007683442560092923,0.001105772446967766,0.000578424772706777,0.0007683442560092923,2.0,1209.5468179604209,1245.979396660971,0.0857813788859312
FXI,6338,2023-12-01 11:20:00,0.0,0.0006449585848534,0.00039486673760842866,0.0006886233936331922,0.00038365624871131534,0.0003948667376083624,2.0,1466.0462829119392,1461.5275741792707,0.12453505940107763
FXI,7276,2023-12-19 11:30:00,0.0,0.0004877481390375,0.00041502386982942457,0.0004978115249360948,0.000382921697192919,0.00041502386982942457,2.0,1366.318921376442,1373.9019052388355,0.2551839880937846
FXI,7311,2023-12-19 14:25:00,0.0,0.0005313914222487,0.00041710115307535926,0.0005500365025637266,0.00038321518001075935,0.00041710115307535926,2.0,1658.0066305870675,1648.6258921762583,0.24488449497784842
FXI,7331,2023-12-20 09:35:00,0.03788331790230148,0.0006005402245287,0.000421318733849613,0.0008067572764446291,0.0004033071238374693,0.00042114129912827856,2.0,1722.5506867204454,1757.2826541997792,0.1669483581864248
FXI,7495,2023-12-22 10:15:00,0.00043965707456950344,0.0003173601748578,0.0004195510864983177,0.00018907112151387377,0.0,0.0004195510864983177,2.0,6.020064862505721,6.182048995037454,0.014521984405377041
FXI,7528,2023-12-22 13:00:00,0.0008775779413590076,0.0007528735477219,0.00041937513720128683,0.0005862341199946619,0.0003873716879739369,0.00041937513720128683,2.0,1647.8261372630416,1654.371559199003,0.3696599109841371
FXI,7590,2023-12-26 11:40:00,0.0,0.0006127762997931,0.0004190236809687198,0.0005215945022553359,0.0003863241307464729,0.0004191993354196829,2.0,1496.4593094084114,1514.3465063026192,0.3953993160262232
FXI,7669,2023-12-27 11:45:00,0.0,0.0005892235770722,0.0004190236809687198,0.000476997221666783,0.0003858769100554258,0.0004191993354196829,2.0,1299.7864155743453,1308.4399212783717,0.2735504290950756
FXI,8047,2024-01-04 10:45:00,0.0004236390658570669,0.000776711713522,0.0004274417675679304,0.0006637508036068998,0.00041143798152912703,0.00042725913916372247,2.0,1931.4601271988263,1939.5543825220404,0.2119781311730645
FXI,8221,2024-01-08 12:15:00,0.0008798944694392958,0.0007172873824934,0.00042598509696355105,0.0005490786487727648,0.0004085801895451478,0.00042562247929193097,2.0,1792.3529487581457,1784.0361374573204,0.31000673486824193
FXI,8260,2024-01-08 15:30:00,0.002132267275235861,0.0008431777278936,0.00043010753351215144,0.0009077190745194908,0.00042096401379397466,0.00043010753351215133,2.0,1352.0744903040948,1396.6658633495545,0.10437864371653559
FXI,8646,2024-01-16 15:10:00,0.001573564447430552,0.0008768442674735,0.0006149431371401425,0.0009567489821272861,0.0004265301834763173,0.00044277175839599196,2.0,1392.933498327062,1436.9944300865043,0.13795621717705436
FXI,8711,2024-01-17 14:05:00,0.0009416196552610959,0.0008873167759308,0.0004398504579380939,0.0007724808975218091,0.00042256497565189695,0.00043946386117092544,2.0,1794.908493138403,1817.3354428192902,0.2321878788892027
FXI,8925,2024-01-22 12:25:00,0.0,0.0008392855044384,0.0004435573370571528,0.000732956913384496,0.0004243581646539036,0.0004435573370571368,2.0,1769.8614542953317,1791.5017534093777,0.29432273667234293
FXI,9199,2024-01-25 15:45:00,0.00047192592962075537,0.0010093515416311,0.0006566707032514799,0.0011603550683703832,0.0004584001913870953,0.0006566707032514797,2.0,977.396677197065,1011.3920532760485,0.09006806659846972
FXI,9314,2024-01-29 12:20:00,0.0,0.0006970349376661,0.0004404316301102674,0.0005814895534798318,0.00042256497565189695,0.0004404316301102674,2.0,1539.0270261935216,1544.0394312305496,0.33150656899375225
FXI,9342,2024-01-29 14:40:00,0.0002236886263660739,0.0010620705434615,0.00044316419958619275,0.0006410044282082084,0.0004265301834763173,0.00044316419958617096,2.0,1590.4675096880603,1614.86061238743,0.3739632526346684
FXI,9940,2024-02-08 12:30:00,0.00044772778898822526,0.0008598282427797,0.0004628558286752124,0.0007887322890815406,0.00044004401150133103,0.0004628558286751866,2.0,1554.1253127076498,1563.9873994220118,0.26382724890579573
FXI,10094,2024-02-12 12:20:00,0.0004461298311783019,0.0006741881344547,0.0004485310682956321,0.0004780090521433811,0.0004233904414736418,0.0004485310682956321,2.0,877.7661868774571,888.6648715696622,0.16772194693404116
FXI,12098,2024-03-20 10:20:00,0.0,0.0007369912440967,0.00044023773548345854,0.000776814405082641,0.0004200798213424005,0.00044023773548345854,2.0,1488.0285510905921,1498.0256700428029,0.2922853088419493
FXI,12233,2024-03-21 15:05:00,0.0006189648530041669,0.0008934407643091,0.0006113092396179323,0.0010765678728028973,0.00043094161408150576,0.0004513653879384974,2.0,1318.5319354772942,1369.5303653983772,0.13207337680093034
FXI,12475,2024-03-26 15:45:00,0.00020975354035999196,0.0006751923777195,0.000430200049654892,0.0008329524920856625,0.00041919933541976725,0.00043038520139261583,2.0,1570.3717020961278,1592.370430290784,0.20311935687715
FXI,12801,2024-04-03 10:25:00,0.0004110996974648996,0.0004497121192284,0.0004270766667519373,0.0008663691791396374,0.000417623727097038,0.0004270766667519373,2.0,955.7018033996095,989.4439003318427,0.0719830384016955
FXI,12816,2024-04-03 11:40:00,0.00041093076394987894,0.0003830423371243,0.0004238186119808494,0.000646929969713458,0.0004165798852162468,0.0004238186119808494,2.0,1340.5677595998957,1331.6306459306634,0.2636032719352141
FXI,12929,2024-04-04 14:35:00,0.0008141665420223059,0.0006958967882973,0.0004247186302962076,0.0007757241925386192,0.0004172751990443326,0.00042489909285944795,2.0,1807.619369254254,1813.950277688049,0.23485548002152282
FXI,13260,2024-04-11 09:40:00,0.00040379568487274145,0.0015129637298074,0.0004229224000444617,0.0008341776427405451,0.00041528239799497183,0.0004231013390810271,2.0,1504.8474910315613,1547.197771450934,0.1862753496506907
FXI,13326,2024-04-11 15:10:00,0.0006100661094144275,0.0007578505608088,0.000423818611980745,0.0008528772130834406,0.00041657988521629787,0.0004238186119808494,2.0,1366.3691719871185,1415.630784922029,0.1568236496177948
FXI,14167,2024-04-26 13:45:00,0.00019236318228022697,0.0008023067573361,0.00042060989053332065,0.0006832628630965547,0.0004138216487774923,0.00042060989053332076,2.0,1615.3557125870166,1655.667605732135,0.11434840206619305
FXI,14597,2024-05-06 10:35:00,0.0003654302982380813,0.0005968611810284,0.00042078687765838903,0.0007569184509373598,0.00041245618237858815,0.00042078687765838903,2.0,1664.6356285340717,1699.1749202062872,0.12601476636473413
FXI,14631,2024-05-06 13:25:00,0.0,0.0006136582116194,0.00042025636256281217,0.0007227337091857025,0.000409332793271668,0.00042025636256281217,2.0,1871.7233932365154,1913.158177021596,0.24685812463378407
FXI,14744,2024-05-08 09:50:00,0.0014992506556412233,0.0010502413959838,0.00041814761219765195,0.0006436430948498486,0.0004026575452028223,0.0004190236809687198,2.0,318.16094465569574,333.2142763617451,0.02789238175882164
FXI,14786,2024-05-08 13:20:00,0.0003760105327249878,0.0006557665544895,0.00041762372709703796,0.0006654417394017333,0.000404776366587263,0.00041762372709703806,2.0,1588.0547150674313,1567.9891144162243,0.24508201606045432
FXI,15075,2024-05-14 11:25:00,0.0003565698023159898,0.0008106754711935,0.0005385513100276697,0.0007657467205184536,0.0004093327932716628,0.00042025636256281217,2.0,1617.7419530006005,1649.4813957264005,0.12187500761360268
FXI,15602,2024-05-23 09:50:00,0.0007153076127602299,0.0010104037662018,0.0005401998870898693,0.0007554937119568726,0.00040363269972831426,0.0005519520547218814,2.0,1080.3052594840128,1121.0003978859884,0.06429045201396266
FXI,15638,2024-05-23 12:50:00,0.00035707909681332786,0.0006636015081141,0.00041382164877743345,0.0007174778720438616,0.0003882741264078185,0.0004136504712549195,2.0,1451.1748238612304,1434.0495266602907,0.23461305090494106
FXI,15702,2024-05-24 11:40:00,0.0,0.0006502635438691,0.00041296717497902864,0.0006613899081461328,0.0003856880128508912,0.00041330854070465817,2.0,1098.2438638625058,1110.9783883117711,0.27173567550966415
FXI,15715,2024-05-24 12:45:00,0.00036343812865965666,0.0006821109133473,0.0004195510864983177,0.0007819905723337236,0.0003964321161928768,0.0004193751372013856,2.0,1913.4141662087907,1924.3098097246584,0.23663666861649918
FXI,17735,2024-07-03 12:05:00,0.003762231676192442,0.0005724741460239,0.0003808798370174704,0.0006404432624455099,0.00037334329349081937,0.0003808798370174703,2.0,1602.0614589386603,1579.730801687794,0.30732364567471115
FXI,17739,2024-07-03 12:25:00,0.0003758692019443434,0.0006304781129445,0.0003820439396992662,0.0006977432968603901,0.0003757821722298312,0.0003818980378668175,2.0,2012.6580640307798,2020.8449001718088,0.2224014651225053
FXI,18098,2024-07-11 09:50:00,0.0,0.0009831058380625,0.0003723701402177192,0.0003534730728051569,0.0001909307881696711,0.0003723701402177192,2.0,32.562600907812126,33.59104155013632,0.02579110801793169
FXI,18285,2024-07-15 12:25:00,0.00018599460669271935,0.0006730578029012,0.00038197097485040486,0.0006624128963004289,0.00037629351337696993,0.00038189803786673013,2.0,1874.3209179805247,1868.1049111557759,0.32715413583674796
FXI,19253,2024-07-31 15:05:00,0.0007774538778383545,0.0007514676500517,0.000565557560554895,0.0007072067340323364,0.00038124285631410687,0.000565237885986539,2.0,1483.2568184795855,1536.2658330740417,0.1607449278914909
FXI,19424,2024-08-05 09:50:00,0.0004023335399272106,0.0008993477256202,0.0005712653682922084,0.0007095453331331237,0.00038617494204572927,0.0005713741703870343,2.0,1000.7277099625999,1031.8860512042675,0.03721487352070326
FXI,19905,2024-08-13 10:55:00,0.0,0.0004856997891173,0.0005700712743459742,0.0006532989844694627,0.0003823360780661744,0.0005706134248977352,2.0,1801.6582153317493,1813.8303292873084,0.2594256646060217
FXI,19958,2024-08-13 15:20:00,0.0001944957703301917,0.0006254043724815,0.000574437545714696,0.0007465082229395699,0.0003891807793817932,0.0005744375457146962,2.0,1729.6862178681092,1763.945852500247,0.18510402969833006
FXI,20022,2024-08-14 14:10:00,0.0,0.0007362047535565,0.0005796541559269848,0.0007466929911318591,0.00039269586210510706,0.0005795962826917924,2.0,1748.341892415314,1784.85859087179,0.1792618959629739
FXI,20233,2024-08-19 12:15:00,0.0,0.0005302736546836,0.00039424404216544017,0.0004960647713551689,0.0003781433208228107,0.00039424404216544017,2.0,803.674919295745,804.0555273188629,0.13464876509135004
FXI,20334,2024-08-20 14:10:00,0.0011452568535611303,0.0007052003010803,0.0005713741703870065,0.0006557553224787051,0.0003866228542263873,0.0005721369470458573,2.0,1872.9677850289927,1866.8925448963064,0.2647315103998815
FXI,20582,2024-08-23 15:20:00,0.000938296702465083,0.0009745268759903,0.0005993407431430053,0.0008633755874668579,0.000567268616894901,0.0005993407431430053,2.0,715.365675536343,732.1929798344979,0.026326474105182213
FXI,21019,2024-09-03 12:45:00,0.0,0.0005649061571621,0.000394555144199136,0.0005701554483783405,0.0003805899189612705,0.000394555144199136,2.0,1361.3415770030672,1365.9685493356449,0.3275981520868734
FXI,21433,2024-09-10 14:45:00,0.00019714144962806236,0.0005542537905502,0.00039769338364676547,0.0006417436592902908,0.00038797284676771524,0.00039737731498475375,2.0,1983.9279588217603,1975.741992330075,0.24532200878432486
FXI,21445,2024-09-10 15:45:00,0.0001969473172293796,0.0006294598663516,0.0005724644751318785,0.0007173100825592145,0.00039085402100085106,0.0005718097935272664,2.0,1774.0571015783903,1826.2996869067829,0.2888275360228665
FXI,22677,2024-10-02 14:25:00,0.008039090093626142,0.0024825602471482,0.0021789891889999347,0.0026142786538442707,0.0018921481520379623,0.0021789891889999347,2.0,40.16271468507381,39.9439315744306,0.005662659012398922
FXI,23906,2024-10-24 12:50:00,0.0003153082163912317,0.0009994894487264,0.0006207324842388616,0.0008887340852865587,0.00038722168925267613,0.0006201550586351495,2.0,1162.3254565704756,1167.6894464042746,0.19226713889955577
FXI,24180,2024-10-30 09:40:00,0.0,0.0021836119300475,0.0006791171738086844,0.0012793523037441675,0.0006230529796569481,0.0006786562866515843,2.0,1266.3191757945665,1284.9940161371608,0.09847232764820385
FXI,24397,2024-11-01 14:45:00,0.0004754789910552124,0.0009870854018039,0.0006719278410352442,0.001212828619072204,0.0006250000203450813,0.0006445375666252352,2.0,1342.4404429438275,1359.993313986553,0.15543591255836117
FXI,24884,2024-11-12 09:50:00,0.0,0.0016204598317391,0.0009161704717795295,0.0005737815389737938,0.0003071724797615035,0.0009161704717795295,2.0,7.094513954001745,7.363251254355205,0.017495585523741756
FXI,25467,2024-11-21 12:55:00,0.0006602839460753947,0.0007102711907029,0.00063011974359653,0.0008806776475374161,0.0004707728607935948,0.00063011974359653,2.0,1546.5305743775623,1562.0292916038215,0.3120483243638605
FXI,26086,2024-12-04 12:30:00,0.0,0.0006068852586644,0.0006257822482061452,0.0006932064379912284,0.0003309614460128229,0.0006255865077341985,2.0,1568.8355291430635,1570.2279082120367,0.3258958376347485
FXI,26166,2024-12-05 12:40:00,0.00033008747617758284,0.0005816213955223,0.0006224595484988428,0.0006771841741938648,0.0003299785543882518,0.0006201550586351495,2.0,1597.02021402671,1596.9988347969531,0.3488566503274485
FXI,26860,2024-12-18 12:00:00,0.0003273858271180141,0.000628249008763,0.00033778078348518687,0.0006216063241068345,0.0003295435851210957,0.0003374957845063471,2.0,1390.441189995546,1388.5953690826384,0.27979143489880487
FXI,27439,2024-12-30 14:45:00,0.0016347886590014256,0.0008578377931042,0.000645161312700759,0.0007631728141686527,0.0003319502105169425,0.0006420545966952266,2.0,1825.41432926383,1843.6287797602652,0.2041848282627463
FXI,27713,2025-01-06 11:35:00,0.0009783141168350374,0.0011356172229624,0.0004962368805826762,0.000665824284746742,0.00033079722431982684,0.0004953355999899758,2.0,1711.7380440637764,1747.3480305177338,0.13447968715745973
FXI,28060,2025-01-13 14:30:00,0.00034837136739722456,0.0006239939647643,0.000495008672759362,0.0006545380586164642,0.0003317299748449621,0.0004950086727593358,2.0,1743.6274910144857,1760.8352840788914,0.25723632204526087
FXI,28373,2025-01-17 14:35:00,0.00465117117573088,0.0008083539907335,0.000495008672759362,0.0006750206342076783,0.00033161996656093953,0.000494437587328732,2.0,1811.2765403482522,1842.8362930072155,0.2947094397504929
FXI,29634,2025-02-11 15:40:00,0.0013447891455126782,0.0009887291396345,0.000653594794509016,0.001315392104727346,0.0006077180375429016,0.000653594794509016,2.0,439.3475262608537,452.4604644784797,0.022060161380960466
FXI,29959,2025-02-19 10:15:00,0.0002826855142501205,0.0006182874000706,0.0005955926322578854,0.0008825004434245469,0.00034030968509481623,0.0005952381128127855,2.0,1475.4515746000627,1510.2160410065646,0.07699733749943531
FXI,30334,2025-02-25 15:30:00,0.0016600104547639474,0.0009310035271134,0.0006088280248943423,0.0010238076465706669,0.0005096407143350452,0.000604229625633943,2.0,1554.4510895594326,1592.9201066085357,0.11418324231878065
FXI,30491,2025-02-27 15:35:00,0.0004154261639749313,0.0013439189276922,0.000846620623449051,0.0014358254050970713,0.000653594794509084,0.000846143048650248,2.0,161.5719344419479,165.87444270789734,0.012566865950097978
FXI,30646,2025-03-03 15:30:00,0.0019974325374079414,0.0007621168041074,0.0005689900580249758,0.0009312999218408193,0.0004640730224830459,0.0005688282292173341,2.0,1597.1506479100285,1626.9184873655888,0.11940177560804437
FXI,31550,2025-03-19 12:50:00,0.0002606118717006197,0.0007275131032828,0.000555869065040503,0.0008350282324368177,0.0005329070203386545,0.0005555555698444163,2.0,1596.101932950006,1601.7830943150464,0.22632212180615716
FXI,31790,2025-03-24 13:20:00,0.00027089259274429013,0.0008233732239614,0.0005544774192516361,0.0008374600429222872,0.000535045491629958,0.0005543237392497142,2.0,1618.4574404745067,1619.156862239863,0.23666632089600306
FXI,31822,2025-03-24 16:00:00,0.00013621194599829656,0.0008512397647975,0.0005577244985616788,0.0009333901811151329,0.0005451076722604805,0.0005575690136085463,2.0,1674.5070843100068,1689.347589946832,0.16696231823616295
FXI,32012,2025-03-27 12:20:00,0.0010964913379288583,0.0006202158558729,0.0005485463659215943,0.000740217896813582,0.0005161290437155219,0.000548245627767561,2.0,1420.0518828908243,1411.5030656258893,0.25556357367931887
FXI,32756,2025-04-09 15:50:00,0.0026346137419592667,0.0017486287103618,0.0011302629064231249,0.0020299285294497205,0.0009811938644923221,0.001145194399185867,2.0,308.72366598132675,312.48182888452146,0.01989145233248983
FXI,32955,2025-04-14 12:55:00,0.0002999850029997593,0.0010280155173135,0.0005500550193691005,0.0007671787810983549,0.0005319149061583365,0.0005497526251708709,2.0,1239.8283959413172,1226.1112076044408,0.22507474812158562
FXI,33334,2025-04-22 12:00:00,0.0003008876207446385,0.0010901373528786,0.0005497526251708709,0.0008784188803950045,0.0005320564105296975,0.000549299656766917,2.0,1386.793799414706,1382.8060711822545,0.2211107911169751
FXI,33567,2025-04-25 11:55:00,0.0002956393221827843,0.0007142608925455,0.000549299656766917,0.0007732733155223075,0.00041302403010210674,0.000549299656766917,2.0,1145.1311268709069,1126.3119060304493,0.19781329156602925
FXI,34356,2025-05-09 12:40:00,0.0002846975108199628,0.0005853193178991,0.0005685048476024815,0.0007796609997938813,0.0003999452759783343,0.0005685048476024815,2.0,1502.543562715167,1501.8693803109052,0.17665345761541226
FXI,35142,2025-05-23 13:10:00,0.0,0.0006733812588756,0.00056129495847425,0.0008022279082247324,0.000420786877658389,0.00056129495847425,2.0,1760.7637044228873,1801.1865222694257,0.20629415126952227
FXI,35201,2025-05-27 11:35:00,0.0002807805718291954,0.0005464734830651,0.0005597537229838751,0.0007968978729860257,0.00041750748640705327,0.0005595971046983565,2.0,1760.0278094672572,1789.633147725311,0.2306915753346355
FXI,35706,2025-06-04 14:40:00,0.0005520287195112959,0.0006873190461825,0.0005598320650063153,0.0007438563488939146,0.00041744939032435625,0.0005597537229838751,2.0,1882.5056867600376,1920.8454917198214,0.23603561386228344
FXI,36454,2025-06-18 12:00:00,0.00027835769142848024,0.0005517375048476,0.00042078687765838903,0.0006194363604852507,0.00028461648121542803,0.00042096401379397466,2.0,1857.8549212062578,1854.269093168613,0.3536207945693347
FXI,36591,2025-06-23 10:25:00,0.0016699141091863527,0.0005208187006324,0.0004212595723323367,0.0005995604598738853,0.0002845354977227461,0.0004212595723323367,2.0,1926.3102829424704,1932.116845478492,0.08495625006797668
GLD,769,2023-08-21 15:15:00,0.0001711791393869865,0.0004244859479989,0.00039767079064036777,0.0004008418819729289,0.0003355141786213592,0.00039889449769611,2.0,320.6923443809009,330.71575594292096,0.09812985476983081
GLD,1013,2023-08-25 09:35:00,0.0,0.0002784411719415,0.00039402212662536476,0.0003119075565692005,0.00017054660227230098,0.00039598360013955094,2.0,535.2769181039558,555.2338790248272,0.07624623776173445
GLD,1272,2023-08-30 11:40:00,0.0,0.00016439787531,0.00044647840902420843,0.000280353172632172,0.0,0.0004496655688156242,2.0,409.68313845625084,429.3694805375242,0.13572496960970348
GLD,1526,2023-09-05 13:20:00,0.0007758406957578327,0.0003921349456323,0.0003959388043467937,0.0003241578233875812,0.00016978409163850557,0.00039623015829857425,2.0,822.3002767761724,842.9877725131206,0.1563800568250316
GLD,3089,2023-10-03 13:35:00,0.0006500029774445223,0.0005333778939661,0.0004498425626913487,0.00046224738446560025,0.0003463909986924764,0.0004498425626913488,2.0,273.9973830145415,277.5277256148287,0.04514294331929993
GLD,3661,2023-10-12 15:45:00,0.000345462923749034,0.0004497335933221,0.0003381424739161841,0.0003762368941583675,0.00022256844071417465,0.0003394049133158539,2.0,1313.4661834562967,1364.551662359286,0.1316662876700212
GLD,3757,2023-10-16 10:45:00,0.0003376287241571824,0.000410709722497,0.0003934020901047233,0.00041033970278116466,0.00023189750234359666,0.00040233353992747897,2.0,959.8943615196048,982.0639898132165,0.08281972460933847
GLD,3847,2023-10-17 11:45:00,0.0,0.0003460203159886,0.00039254171259710843,0.0002871667426663953,0.0,0.0003922667935855336,2.0,674.1775394473474,700.7007118052844,0.13338429562947107
GLD,3929,2023-10-18 12:05:00,0.0009965674615059587,0.0003976657948102,0.0003916850901990618,0.0003522196989458271,5.642929397008484e-05,0.00039179470458917357,2.0,1108.5840571736637,1114.6165473559954,0.23009364862422493
GLD,3932,2023-10-18 12:20:00,0.00011071132034563587,0.0004467489456756,0.00039048336758134704,0.0003626534393318341,0.00011206993175467292,0.0003913784959521685,2.0,1277.1717764238829,1304.6077818958443,0.25386714056642623
GLD,4309,2023-10-25 11:15:00,0.0004370390673224633,0.0004457357986654,0.00039028742376032806,0.0003651136162881634,0.00010899776565372037,0.0003914441543064256,2.0,1112.3444134409233,1131.9101259746424,0.20352633064056078
GLD,4424,2023-10-26 14:20:00,0.0013109741321520104,0.0009179677913403,0.00036630553108276006,0.0006895354155738318,0.00036630553108276006,0.00036630553108276006,2.0,3.129426978548356,3.1817889856727475,0.010862493688302608
GLD,5078,2023-11-08 10:20:00,0.00027468754464710863,0.0003634929986301,0.0004483551047477734,0.00043916246700776275,0.00016328752247464945,0.00045612635490635545,2.0,1140.7941954181317,1173.4790938220676,0.0871967587166372
GLD,5465,2023-11-15 10:05:00,0.0,0.0004707492253554,0.00044048013045632113,0.000456466788839657,0.00027990035730079813,0.0004412867994475697,2.0,884.1279824385297,920.9132910708921,0.05638926111904202
GLD,5877,2023-11-22 11:55:00,0.0,0.0002660812420306,0.00046685341650930213,0.00033651830738996223,0.0,0.00044883304164631177,2.0,505.0540688720145,527.4362820947077,0.0879539108085339
GLD,5997,2023-11-24 15:25:00,0.0007007897648059058,0.0004297476328232,0.0004425023580143853,0.0004214713039567519,0.00016625564614752624,0.000443606528290416,2.0,1213.9983318521008,1249.2439765369345,0.14130691853649643
GLD,6172,2023-11-29 10:30:00,0.0,0.0003197393886991,0.00044048013045632113,0.0003795364728972769,0.00010864251192159841,0.00044269825303833046,2.0,996.8262778351428,1040.8081215272014,0.07528656285873368
GLD,6683,2023-12-07 14:05:00,0.0008475923588432513,0.0004561106150697,0.0004762282810856108,0.0004245049343016575,0.0002643334846614615,0.00047728900754943264,2.0,1183.297075396837,1219.219594085501,0.11749860594495458
GLD,6893,2023-12-12 12:05:00,5.4278503012358306e-05,0.000240246016692,0.0004918704840252417,0.0003112466387439674,0.0,0.00048821504129553824,2.0,838.1107388774662,855.7104577198211,0.07479136977182223
GLD,6978,2023-12-13 12:40:00,0.00010887908987830208,0.0002578193346811,0.0004337453982553276,0.00027559410987895315,0.0,0.0004337453982553276,2.0,629.1580224476902,659.5793594307642,0.13395335419660917
GLD,7169,2023-12-15 15:35:00,0.0006888694864789001,0.0005735313914902,0.00043956044663765793,0.0004942674010964766,0.0002978820392941799,0.000440140852176014,2.0,699.4068030043925,728.3113310050016,0.06334875894824232
GLD,7624,2023-12-26 14:30:00,0.00015707217498714537,0.000364905234239,0.00048217300229648366,0.00042183233860037747,0.00015870916578746206,0.00047988483685077257,2.0,1331.999544227434,1377.379328227703,0.22418959802121793
GLD,7965,2024-01-03 10:25:00,0.0,0.0003648050057046,0.0004771371859903555,0.0003913493624149373,5.406720554974741e-05,0.0004771371859903555,2.0,1140.8327737489203,1186.8770900308452,0.09453266037119307
GLD,8237,2024-01-08 13:35:00,0.0,0.0004639720248625,0.0004772636972470249,0.00044723365849033713,0.00019057731370885584,0.0004770107417863779,2.0,1266.944556736333,1306.4695394246437,0.18240802334313377
GLD,9385,2024-01-30 11:45:00,0.0,0.0003552214362897,0.00037306871328234264,0.00032864596793731246,5.334472777316855e-07,0.0004226096206585516,2.0,184.23831171891823,237.5480663231166,0.079383588613839
GLD,9394,2024-01-30 12:30:00,0.0,0.0002813347906042,0.0004780241758799837,0.0003246700887216528,0.0,0.00047871068173050053,2.0,988.977098675876,1033.7142539241468,0.23188518061425648
GLD,10742,2024-02-23 14:20:00,5.329780147833824e-05,0.0004224779625845,0.00042476373156421295,0.00037938385886506615,0.00018738372225687204,0.00042476373156421295,2.0,350.6514534251933,339.84167035742223,0.05682460073743271
GLD,10788,2024-02-26 11:40:00,0.0,0.0002669530232464,0.0004791184312684343,0.0002936786232265417,0.0,0.0004799872095566051,2.0,1132.7470606984753,1153.0140204623478,0.11359255822607167
GLD,12084,2024-03-19 15:40:00,0.00025084660861495194,0.0004206340171351,0.00042477169160610453,0.0003795405583589131,0.000200714640623918,0.00042550928784149697,2.0,1022.0075782425886,1065.5753219788912,0.07435819041459575
GLD,12383,2024-03-25 14:35:00,0.0003722038231080554,0.0004975165585118,0.0004272591391636519,0.0003880726270254441,0.00015951083378238178,0.0004478094150175713,2.0,1223.6075654704944,1263.8964019285227,0.18790103589095447
GLD,12434,2024-03-26 12:20:00,0.000590144602550918,0.0004102908222709,0.00042467353860442395,0.0003744363459651753,0.00010667088407120487,0.00042614393656143217,2.0,1227.2887268102086,1282.446419852247,0.19290177608559875
GLD,12484,2024-03-27 10:00:00,0.0,0.0006495772015071,0.0005971932097461631,0.00028796165395931535,0.0,0.0005971932097461631,2.0,10.144895655093752,10.860719880641323,0.022955342822701938
GLD,12726,2024-04-02 10:40:00,0.0,0.0004034340967886,0.0007487059106262173,0.00029325751795411894,0.0,0.0007487059106262171,2.0,13.218359294575043,15.793841029675896,0.048174216390076366
GLD,12803,2024-04-03 10:35:00,0.0,0.0003872928578705,0.00048759082344914425,0.0005413586278091714,0.00029763381339811373,0.0004913097197405752,2.0,475.4729901207859,494.57431677350644,0.052082359441879555
GLD,12833,2024-04-03 13:05:00,9.4948727758539e-05,0.0005093488534644,0.0004339852686720837,0.00046783398909503224,0.0002216939893059267,0.00044813348233159207,2.0,1089.9964430962589,1138.7555469297758,0.17381448555468945
GLD,12980,2024-04-05 12:20:00,0.0002828720965538842,0.0004510873369186,0.00044663904863975084,0.0004167824462803139,0.00015997013924855212,0.00044663904863975084,2.0,1279.247091886837,1318.1885106385196,0.23018853738568215
GLD,13084,2024-04-08 14:30:00,4.645868662122698e-05,0.0007228712196429,0.0006458825215216902,0.0007469836837146286,0.0005295417608023489,0.0006359300691259077,2.0,245.23571212839727,250.52115605828126,0.0214860796477527
GLD,13211,2024-04-10 12:05:00,0.003170302914939793,0.0003659690676035,0.0004494269881645638,0.00039511553726073327,9.178101057331316e-05,0.00047087630949619675,2.0,1008.3578669464774,1050.7137385072133,0.21104281518712978
GLD,13219,2024-04-10 12:45:00,0.00036934441786434113,0.0009040412039297,0.0006930350260061005,0.0008162077412296771,0.0006930350260061005,0.0006930350260061005,2.0,42.45978740167966,42.27562701920047,0.03663455946036722
GLD,13727,2024-04-19 09:35:00,0.0,0.0008102772792206,0.0007228371672310121,0.0007953887100247596,0.000561146705789098,0.000709404366576105,2.0,357.03139564894883,369.375144207734,0.021768561530057115
GLD,13853,2024-04-22 13:35:00,0.002961045931412832,0.0008138562005115,0.0006910372744069323,0.000737545178631648,0.0005377264079903401,0.0006800408286554665,2.0,459.26065535374585,475.29953109421064,0.026185007595844655
GLD,13894,2024-04-23 10:30:00,0.0,0.000615807957796,0.00041228613241193145,0.00017885350891158903,0.0,0.00041228613241193145,2.0,2.0917165064199175,2.1874893345641344,0.013996465604666938
GLD,14072,2024-04-25 12:20:00,4.644573977287173e-05,0.0007203448324618,0.0005500137642095225,0.0006979214788066968,0.00044926994391034043,0.0005445634550982682,2.0,398.57305164785066,376.3846002377368,0.05354509111331882
GLD,14156,2024-04-26 12:50:00,0.0024422287096800646,0.0006686497101299,0.0004979335859490756,0.0006690326934899046,0.00037395410149258595,0.0004979335859490754,2.0,883.2973953284277,912.3711890894659,0.12121390661156242
GLD,14170,2024-04-26 14:00:00,0.0012921090860916066,0.0007441587807822,0.0006460246636937437,0.000774131790288624,0.0005366890299744832,0.0006432050207968755,2.0,662.7275232755915,683.799200301255,0.06265442358259972
GLD,14653,2024-05-06 15:15:00,0.000698340306319908,0.0006887316265148,0.0006475186387846113,0.0007403317847988161,0.0004940711562955917,0.0006475186387846113,2.0,732.8674362139294,754.7547415694926,0.03164584692621451
GLD,14720,2024-05-07 14:20:00,0.0002793816371310715,0.0005791506659238,0.0005865389483370206,0.0007436761442610541,0.0003722038231080554,0.0005861797034038801,2.0,755.4399149857991,777.3305787607051,0.09671549511725505
GLD,14725,2024-05-07 14:45:00,0.00037268238575390906,0.0005204267447986,0.0005211420914391861,0.0007584637041049985,0.00032068168037137324,0.0005179761375903988,2.0,724.3532891316044,734.9182024159567,0.07799710785531845
GLD,15361,2024-05-17 15:45:00,0.00031437361317006096,0.0007634447867425,0.0006556763067423978,0.0007591324097204117,0.000562805253967036,0.0006581261797304161,2.0,542.0565605288402,555.1007765768379,0.020908656729944783
GLD,15376,2024-05-20 10:30:00,0.0,0.0006143686443396,0.0001818347127475711,5.586967220688693e-05,0.0,0.0001818347127475711,2.0,2.6586590050606445,2.4954153058802775,0.015403772682650236
GLD,15833,2024-05-29 09:35:00,0.0,0.0005638055820302,0.0005653510300298919,0.0007008008151433874,0.00037064492640764835,0.0005799858646034519,2.0,894.5278854210554,921.9562709537283,0.06359644023127653
GLD,15848,2024-05-29 10:50:00,0.0,0.00057225013267,0.0005436506272620016,0.00048592456240613896,0.0002704652017929457,0.0005436506272620016,2.0,116.57585254845425,117.4972061803854,0.033935491358016934
GLD,16413,2024-06-07 12:25:00,0.0006429646398860818,0.0005775463674051,0.0005531483500494537,0.0006243635389274974,0.0003194086404376339,0.0005555859738998886,2.0,915.4371453700028,942.1081020150256,0.09192249466988726
GLD,16541,2024-06-11 10:05:00,0.0,0.0004045311341861,0.0005084941748303221,0.0005008552690127623,9.22339052489233e-05,0.0005107608125338046,2.0,756.9737153763245,801.9798134830243,0.10558431196450484
GLD,17039,2024-06-20 12:35:00,0.0,0.0004202739055036,0.0005125218516384875,0.0005043622099694144,0.00016943793404023137,0.00051247409633313,2.0,895.260278343934,896.1364746667047,0.13054628441070687
GLD,17052,2024-06-20 13:40:00,0.0006957897609678784,0.0004550245205669,0.0005098611897516446,0.0005862822726127709,0.0002772580159371707,0.0005117112199672833,2.0,1033.2951611223866,1076.8888239443586,0.14816530131342837
GLD,17255,2024-06-25 11:05:00,0.0006946535116205238,0.0002784552294414,0.00046464084099584317,0.00041425076494641715,9.22211463740151e-05,0.0004649432852957922,2.0,558.9607062203727,579.1852785456856,0.06273757697137014
GLD,17991,2024-07-09 13:55:00,0.0001370645347661114,0.0005178552192479,0.0005091767647676102,0.0005222115899041699,0.0002788881676530032,0.0005107608125338046,2.0,1211.1015024049,1267.579622412846,0.17145040666961367
GLD,18695,2024-07-22 14:05:00,0.000768378984221592,0.0005713876946757,0.0005513469545425317,0.0006434522608897266,0.00042395836421815937,0.0005513469545425319,2.0,704.46638785567,725.2284487712111,0.03013578623871311
GLD,19322,2024-08-01 14:20:00,0.00013251761399352702,0.000875111393435,0.001142455524560325,0.0012580389835566597,0.0009399127915860945,0.0012383623679451316,2.0,20.86648589054779,21.07142990761883,0.008588744471137558
GLD,19599,2024-08-07 11:25:00,0.0002707092599096614,0.0004205196378972,0.0005091296307705073,0.0004896683253781738,0.0002241901141550571,0.0005042055431914425,2.0,730.5706227404328,746.7178449703113,0.0898195798375331
GLD,19888,2024-08-12 16:00:00,8.795074763813015e-05,0.0006393911276842,0.0005270786786932685,0.0006089953483736325,0.00042318133951659524,0.000532880435376715,2.0,822.7016365805642,850.99003833759,0.03659720837498914
GLD,20048,2024-08-15 09:50:00,0.0,0.000569684616267,0.000531255546406591,0.0005953301888977113,0.0003149110402343718,0.0005290305638526555,2.0,773.1274497218401,811.8613073857316,0.07235646157692886
GLD,20066,2024-08-15 11:20:00,0.0,0.000366174914356,0.0006300063209007944,0.0006319837832692702,0.0002707092599096614,0.0006343452863372464,2.0,75.1602225564407,79.58006514143668,0.04258330137608344
GLD,20376,2024-08-21 11:10:00,0.0003881736478837502,0.0004373945245944,0.0004818116209806437,0.000542201202111755,0.00022420016684716168,0.00048339962708814934,2.0,648.7234525974759,645.5925578148243,0.09989125909473988
GLD,20592,2024-08-26 09:40:00,0.006790607294550778,0.0006312599896898,0.000593196071745941,0.000622248954785096,0.0004750901680913908,0.000593196071745941,2.0,382.93453012538333,391.88750561806,0.022152113186048566
GLD,21138,2024-09-05 09:40:00,0.00863936259070786,0.0004804016960913,0.0005167513679714068,0.0005725419755793373,0.0002642938963494311,0.0005179111035059547,2.0,946.2201958022906,996.0301072338387,0.055546349450897675
GLD,21324,2024-09-09 12:10:00,0.0002599428140448881,0.0003756676956496,0.0005586232231727377,0.0005266568849209381,0.00022758824832538305,0.0005572654976340394,2.0,450.14165475907356,479.8074026217895,0.0861402627292704
GLD,21805,2024-09-17 13:15:00,0.00012594722827791052,0.0005342627760187,0.0005193905933937593,0.0005508253630026623,0.00031150568749762687,0.0005384304881728174,2.0,928.6628652717627,970.5464268572969,0.09325561621030329
GLD,21876,2024-09-18 12:40:00,0.0,0.0004026447649938,0.000520607387029654,0.0004787426990615347,0.00012604247648137642,0.0005246819236277523,2.0,747.7211907886269,771.4838910901636,0.1418027454929395
GLD,22503,2024-09-30 12:55:00,0.0008179032570977822,0.0005218908086313,0.0006042817863438573,0.0006448739471536756,0.000442476740604588,0.0006042817863438573,2.0,90.15993352571695,85.89461490001733,0.01588532076651935
GLD,23160,2024-10-10 15:40:00,0.00028920242305315296,0.000574053844831,0.000516328912981294,0.0005269189906120019,0.0003445602583835413,0.000517397502164432,2.0,1132.633488582919,1184.7400207299465,0.060009133650991336
GLD,24671,2024-11-07 11:35:00,0.0,0.0004863897620559,0.0003894081046093244,0.0004086868738705582,0.00027921262222451576,0.0003894081046093244,2.0,93.67473334944013,83.7425270695295,0.050058698129205985
GLD,26048,2024-12-03 15:50:00,0.0002872678792712726,0.0005902593316867,0.0005774148473553721,0.0007409305825494141,0.0004921259941842122,0.000580936984677239,2.0,778.8601777796532,810.0191334748042,0.03777085696727236
GLD,26940,2024-12-19 12:10:00,0.00012429823305340246,0.0003898079516909,0.0004564031363583933,0.0004880222853471908,0.0002443394701846128,0.00045285194573955806,2.0,994.8100794893485,1033.9911300264216,0.20803590534777908
GLD,27185,2024-12-24 13:05:00,0.0,0.0003014382500397,0.00045557143940889663,0.00031376818597357136,0.0,0.00045557143940889663,2.0,380.020119380262,424.56708386092305,0.09177466609994751
GLD,27361,2024-12-27 14:45:00,0.0003727865840002372,0.0006659956276613,0.0005421975817354013,0.0006654198677306772,0.00045939819645276277,0.0005421975817354013,2.0,314.37459420931157,324.31505891064626,0.042716584744723715
GLD,27736,2025-01-06 13:30:00,0.000820008246030707,0.0005684388589494,0.0008100445967443456,0.0005625011440238683,0.0004172751990442782,0.0008564263079287578,2.0,10.43557379393287,10.649180397063516,0.0250206427413145
GLD,27992,2025-01-10 15:20:00,0.0005634029687443809,0.0007008773291424,0.000532645004705774,0.0006244593320357371,0.00044445343061797176,0.0005338918790444751,2.0,236.19135568716118,245.28649743067342,0.02409102316042134
GLD,28059,2025-01-13 14:25:00,0.0006091741817315234,0.0004716773577259,0.0004951312198857092,0.0005448724840680663,0.00029300349720935205,0.0004959907516742135,2.0,951.4991402381814,1014.5093319816335,0.07127326554986134
GLD,28299,2025-01-16 14:55:00,0.0009970687008649824,0.0005386141780437,0.0005175822812563367,0.0005647209960294243,0.00036505973188198957,0.0004959907516742137,2.0,772.9942412823339,821.5914285377224,0.054560601680955584
GLD,29299,2025-02-05 13:45:00,0.0015145781009652797,0.0004813852743169,0.00045545826098393255,0.00047542181713490094,0.0002864801836695831,0.00045545826098393255,2.0,1033.3045204415168,1037.2753327443995,0.12350202924664214
GLD,29343,2025-02-06 10:55:00,0.0,0.0003105763977848,0.0004956424867067772,0.00032886932757522386,7.969715086910571e-05,0.0004956424867067772,2.0,22.028768268230845,21.241368663754333,0.04194367789972647
GLD,30112,2025-02-21 10:00:00,0.0,0.0004917034927717,0.0004906972087828174,0.0007001332459578496,0.0003715262340251875,0.0004876859399267241,2.0,777.5405583548334,825.8491162196392,0.064723260536724
GLD,30192,2025-02-24 10:10:00,0.0007363228371851501,0.0004034309502182,0.00044331154444293686,0.0005606178532620062,0.0003247148626168833,0.00044400045129450627,2.0,239.19759221233903,244.14293306630236,0.03740667716361906
GLD,31122,2025-03-12 09:40:00,0.00044594745991562466,0.0004557353401921,0.00044573212237843357,0.0005684498316063991,0.00034082517891899047,0.00044533512203385854,2.0,1289.4201605843064,1330.5629985335602,0.11897723384181164
GLD,32612,2025-04-08 10:20:00,0.0,0.0007882440423769,0.0007059129791010836,0.0008818658170721476,0.0006430691153418745,0.000828872865232747,2.0,55.175565188101096,54.04415196961135,0.016911920595010777
GLD,32625,2025-04-08 11:25:00,0.0008278891101520133,0.0007489985925573,0.0005531483500494535,0.000673269790000954,0.00045150124929828654,0.0005532503598932583,2.0,709.4104859122608,737.3987212773102,0.07314940347124062
GLD,32804,2025-04-10 13:20:00,0.0010402220078070575,0.0007897741396361,0.0006666173122942447,0.0007838593356350513,0.00050505051578589,0.0006779602349185744,2.0,229.07347080307989,233.8600899077291,0.013945242883497891
GLD,32993,2025-04-15 09:35:00,0.008678821887481963,0.0005530902380781,0.0005205622189390559,0.0006505186737489055,0.00039347455205281714,0.0005205622189390559,2.0,987.1546220743992,1024.1302064387853,0.045379717816036384
GLD,34605,2025-05-14 13:55:00,0.0002167620983312925,0.0010560780971391,0.0008569127673067544,0.001049877798600491,0.0007360699108005694,0.0008411608515037016,2.0,320.7523579982309,322.7288264776191,0.008428664655551983
GLD,34973,2025-05-21 12:05:00,0.00048751018249880635,0.0007820333259836,0.0006142009923321172,0.0009949575982880388,0.000524109026672499,0.0006142009923321172,2.0,674.2732968812575,684.3161071998053,0.06027989688837086
GLD,35062,2025-05-22 13:00:00,0.0007225908479684016,0.0008645897815358,0.0007510595657142815,0.0010484906681126377,0.0006848901421961698,0.0007538882963544647,2.0,862.7032560299067,872.6856865231581,0.014868958596450892
GLD,35469,2025-05-30 14:25:00,0.00046242775390513505,0.0009937999445333,0.000793755829478076,0.0009953468442942324,0.0007225908479684016,0.0007887945762872742,2.0,415.95253498281295,419.9148094129978,0.0244584644327132
GLD,35788,2025-06-05 15:00:00,0.00025777348298049364,0.0009694728511511,0.0007789042969707808,0.0010117045410760121,0.0006847461185391552,0.000778904296970781,2.0,311.6171770954435,314.4015556372565,0.00830708855096879
GLD,35846,2025-06-06 13:20:00,0.001617495176669542,0.000912947806331,0.000747639282635239,0.0009548995055340933,0.0006842954468110194,0.0007422348061610236,2.0,549.0110178649344,554.9503093734698,0.028440451799586458
GLD,36055,2025-06-11 11:15:00,0.0013042062494242794,0.0005083084024912,0.0005557099337229548,0.0008106587746692056,0.0004867680321975869,0.0005568384820998271,2.0,850.3716302360366,860.3274658731978,0.13491959569854103
GLD,36180,2025-06-12 15:10:00,0.0005134293986932039,0.0006548840028521,0.0005584481855956842,0.0009533551104064497,0.0004875115880554289,0.0005568384820998271,2.0,878.7855338263788,896.6162582351118,0.020642500522052614
GLD,36272,2025-06-16 09:50:00,6.352634757395622e-05,0.0007466981769491,0.0006804154036383866,0.0008865424175361357,0.0005728736315638169,0.0006822446111466147,2.0,481.1145284260959,481.6577363253286,0.013051518727868925
GLD,36347,2025-06-17 09:35:00,0.006909816360186747,0.0005528483230517,0.0005560189189674899,0.0007853348247750931,0.00047745720844297667,0.0005563282480066142,2.0,806.1428931055832,811.4569272102389,0.035950338010792934
GOOGL,901,2023-08-23 13:15:00,0.00023115152085042575,0.0009563588646516,0.0009587544597427652,0.0010306076396641264,0.0007140307336569516,0.0009269273025795028,2.0,497.33329228890454,508.09355968254965,0.11937720428211544
GOOGL,906,2023-08-23 13:40:00,0.001631476468340088,0.0012490863491765,0.0013299434778587197,0.0015498450847446761,0.0010063088668998584,0.0013299434778587197,2.0,176.55885114554917,178.04946930169973,0.03853647345609394
GOOGL,1046,2023-08-25 12:20:00,0.0005391458520092126,0.0009795870395325,0.0007674597460344376,0.0007819175253066422,0.0005151726134384311,0.0007659900795825346,2.0,442.59336299962047,443.66121410451535,0.16815496233605712
GOOGL,1053,2023-08-25 12:55:00,0.0003839508590075087,0.0008201095102486,0.0006967832124903281,0.0007474986074136478,0.00046948357669853255,0.0006946856826784851,2.0,438.3258680038337,437.2356713765939,0.18122287537649304
GOOGL,1133,2023-08-28 13:05:00,0.000686001780018273,0.0009747210866823,0.0007708317656016169,0.0008387051336325496,0.0005367892464309608,0.0007680491929019748,2.0,535.4857084333341,537.8399984258909,0.22120814826931307
GOOGL,1457,2023-09-01 14:05:00,0.001770564829937056,0.0018306492171758,0.0014179635944237545,0.0016383706976865445,0.0012268058585138018,0.0014179635944237545,2.0,137.50533060797028,140.97611436479824,0.011700079031927801
GOOGL,1941,2023-09-12 15:25:00,0.0006070259012215478,0.0011853079670456,0.001027296832347209,0.0012032460207051414,0.0007578628631019169,0.0010262425765067956,2.0,798.3594572940531,825.0139352020076,0.03901785723224108
GOOGL,2055,2023-09-14 11:55:00,0.0,0.0004838033649355,0.0007384433949501128,0.0007738458132484179,0.00043930297968175686,0.0007384433949501126,2.0,410.6503768213515,381.0276510524581,0.04621224675088133
GOOGL,2761,2023-09-27 12:15:00,0.0006203474144351085,0.0006429576341146,0.0006166178706242635,0.0007069127633272301,0.00036934441786456307,0.0006162853596181088,2.0,1063.3528812190302,1072.4786962834928,0.22046982789201922
GOOGL,2877,2023-09-28 15:25:00,0.002358850583938501,0.0011183991971719,0.0009762765590415844,0.001137028730068127,0.0007656828624129922,0.0009834454160927036,2.0,856.2220416460781,876.2200289942595,0.02611092618168251
GOOGL,3392,2023-10-09 12:50:00,0.001587346164902086,0.0008797588559741,0.0009236453858618712,0.0010022215969404291,0.0005867865842839997,0.0009056267084904725,2.0,1272.091153736625,1295.8115820500263,0.08650084754428324
GOOGL,3675,2023-10-13 10:25:00,0.0,0.0004157964113879,0.0008489200875341119,0.0008408384336502266,0.00045561546843292405,0.0008489200875341119,2.0,294.42395847270734,292.9867087049411,0.04599810401777338
GOOGL,3847,2023-10-17 11:45:00,7.212665443659616e-05,0.000587876594655,0.0005923732124353044,0.0007156774853552559,0.0003667705891105811,0.0005923732124353046,2.0,803.2432679188132,800.2418901934499,0.12151799585475019
GOOGL,4063,2023-10-20 10:15:00,0.00978091477950295,0.0007527035556632,0.0007341066252456723,0.0008239313056431336,0.00037323523012104394,0.0007326544396891897,2.0,1238.6123623443978,1243.1174367013261,0.09766251170785496
GOOGL,4266,2023-10-24 14:10:00,0.0010093364470317864,0.0012658250334601,0.0010958888595384644,0.0011987251200297811,0.0008857396504676068,0.0010958888595384644,2.0,788.6324865940921,804.6114101683894,0.023647680077566752
GOOGL,5047,2023-11-07 14:15:00,0.00045976150586566445,0.0007487904536854,0.0008007484257367067,0.0009042664568151974,0.0005136443992417906,0.0007780804038408501,2.0,1190.0253299060805,1197.1975726275512,0.1984527924769906
GOOGL,5103,2023-11-08 12:25:00,0.0,0.0006108522761158,0.0006952760139484612,0.0007075303921810821,0.0004066859220719349,0.0006939358002359475,2.0,674.3897453889991,671.8989255313937,0.10054254675884582
GOOGL,5725,2023-11-20 12:15:00,0.0,0.000660943471981,0.0006605747240096785,0.0007618595125827344,0.00043446778380745905,0.0006519141152978077,2.0,1110.8099247126006,1110.6149241545384,0.21034643693146624
GOOGL,5933,2023-11-24 10:05:00,0.0,0.000848523420653,0.0008216006736209856,0.0010300032961829974,0.0004933305604483722,0.0008132185418409852,2.0,1241.324648446481,1292.295584083673,0.08315378245284737
GOOGL,6342,2023-12-01 11:40:00,0.0005277243893439576,0.0005844207647431,0.0005789131068402262,0.0006324125936946917,0.0003621482674572249,0.0005789131068402262,2.0,1179.289874172329,1181.8698934320673,0.2490615428566209
GOOGL,6439,2023-12-04 13:15:00,0.0005360493293731397,0.0008696675099336,0.0007649939173563233,0.0009908915970435479,0.0005407498452079579,0.0007636502852972221,2.0,1305.1732842526117,1348.084583845624,0.1722647668047721
GOOGL,6663,2023-12-07 12:25:00,0.0006747385644153678,0.0010301020680243,0.000861090506844684,0.0011238930356201222,0.0006128389957394318,0.0008337439373329331,2.0,1187.4360750623127,1240.1468788151822,0.08357241074122049
GOOGL,7832,2023-12-29 12:20:00,7.13750401789097e-05,0.0005265434582278,0.0004297070896172588,0.0004651199888803802,0.00022673166404795696,0.000426560506965476,2.0,1025.2987991149714,1031.750617515002,0.21794832060944408
GOOGL,7864,2023-12-29 15:00:00,0.0005708577292175085,0.0008411940553544,0.0008126524834775933,0.0009936425675300417,0.0005951938275551296,0.000805501449888223,2.0,1160.1901767982692,1218.452409936205,0.0805557616437923
GOOGL,9136,2024-01-25 10:30:00,0.0,0.0007586211435574,0.000715973396375849,0.0009373080019181453,0.0005475751683719156,0.000709320500729163,2.0,1354.9259600946193,1397.1104861100296,0.11261172694819989
GOOGL,9165,2024-01-25 12:55:00,0.0002003807240448965,0.0006437909027498,0.0005860376696917159,0.0007239592837442804,0.0004244181997642207,0.0005789131068401991,2.0,1491.7853406673544,1535.405239402742,0.29795027676000435
GOOGL,9742,2024-02-05 15:30:00,0.0026171681686163206,0.0012836977164264,0.0009208429905162682,0.00132015339130562,0.0006765442379695935,0.0009208429905162682,2.0,234.12393580029922,240.49034252863834,0.02574089989558708
GOOGL,10084,2024-02-12 11:30:00,0.00013427324625755335,0.0008396835359399,0.0005596754028839384,0.0007397093198892809,0.00041508129271161583,0.0005528298116057684,2.0,1484.1856129627004,1514.8214797500455,0.23083491837808182
GOOGL,11106,2024-03-01 12:10:00,0.0,0.0008513616914291,0.0005571418766582891,0.0008505172648479023,0.0004554200610995819,0.0005531738489835446,2.0,1499.3667491536341,1525.482067038635,0.24193637469138302
GOOGL,11555,2024-03-11 10:35:00,0.001262673321101612,0.000489681988741,0.0009706046241741465,0.0005675808865809144,0.00035093876478789563,0.0009706046241741465,2.0,4.7212675004245295,4.475314682053916,0.016033253320166804
GOOGL,11804,2024-03-14 11:50:00,0.0,0.0006198644363108,0.0004978240814426664,0.0007097565715820727,0.0003772588417628236,0.000494612269401647,2.0,1045.2806413620754,1057.194746696327,0.2909128529971591
GOOGL,11916,2024-03-15 14:40:00,0.0007082153270520293,0.0012304800898515,0.0008136840878419417,0.0012744932488172433,0.000626544626991503,0.0008092698620812413,2.0,953.9870212594076,982.387939137989,0.03127110761708633
GOOGL,12133,2024-03-20 13:15:00,0.00013613777163479254,0.0006919578542623,0.0005294406961019048,0.0008134199986997771,0.0004155700295296538,0.0005291205384418778,2.0,1194.4865038341943,1201.2008452404523,0.15439990369692705
GOOGL,12584,2024-03-28 11:50:00,0.00033140016873323526,0.0002777386687221,0.0005292405521786943,0.0008156334461627977,0.00037871615677044897,0.0005285063213457287,2.0,1220.689835468175,1205.7286736008439,0.18272739867679894
GOOGL,12672,2024-04-01 12:40:00,6.612226008308188e-05,0.0006127565654468,0.0005068607327658522,0.0007930421711358328,0.0003720930275490746,0.0005061643696050641,2.0,1020.0285751157757,1012.9783442402329,0.20898463390306218
GOOGL,13003,2024-04-05 14:15:00,0.002543318263631389,0.0018184499525294,0.0011611230045735443,0.0016821484516918368,0.0010523151903134864,0.001080278276686325,2.0,182.50451835643156,182.21470516581368,0.009900653224746904
GOOGL,13874,2024-04-22 15:20:00,0.0015231308137855371,0.0011471055732874,0.0008963102497248985,0.0011756431850237924,0.0007506995507124376,0.0008891712240329146,2.0,629.3231948994419,645.4587804586631,0.01971311246952256
GOOGL,14412,2024-05-01 14:40:00,0.0007260846207538789,0.0010362894866508,0.0007832339472516067,0.0012249530808258178,0.0006022709338342436,0.0007790184761665496,2.0,1286.4544740861459,1333.4860697022411,0.047421121368855144
GOOGL,14590,2024-05-06 10:00:00,0.0005384224353098869,0.0013654857178614,0.0009087959080534146,0.0012699793440166581,0.0007862348828012537,0.0009087959080534146,2.0,472.49325595087373,478.12285741818675,0.02668963404578966
GOOGL,14846,2024-05-09 11:50:00,0.0007687077219734444,0.0006983643243257,0.0006504488326115904,0.0010146116942069728,0.00041534399980004265,0.000647878221560643,2.0,1120.3544222535108,1101.4803229002887,0.1294054747004919
GOOGL,15011,2024-05-13 12:35:00,0.0022449422406502187,0.0009872593308101,0.0006541506087912846,0.0010781561760376647,0.0004744677154428038,0.0006488450785643233,2.0,1150.7426046761645,1150.171853968841,0.13210526207449239
GOOGL,15209,2024-05-16 09:35:00,0.0,0.0008185719398579,0.0006487508829960908,0.001080923461905862,0.0004655535477088318,0.0006485505123883831,2.0,1191.010331433106,1213.1952783414663,0.14759031626446137
GOOGL,16531,2024-06-10 15:45:00,0.0012971478981803125,0.0010436459189959,0.0006501259812605989,0.0010244138225276905,0.0004744677154428038,0.0006487508829960908,2.0,1372.3677039947602,1417.4832736239102,0.10886481110025839
GOOGL,17328,2024-06-26 10:40:00,0.0014135814891240658,0.0005115856483981,0.0006219081472531457,0.0008435252663997375,0.00035514138551680203,0.0006198405517813129,2.0,1148.5974335583228,1182.5835425440437,0.0753775626377175
GOOGL,18141,2024-07-11 13:25:00,0.0003151260530279489,0.0007638822376565,0.000639553497191465,0.0008518451273244975,0.00039245910255202655,0.0006337805219011861,2.0,1559.1738284047267,1580.2483903883422,0.13150319299892177
GOOGL,18564,2024-07-19 09:40:00,0.00494633125842695,0.001043667576984,0.0008531695765361185,0.0009372901313558307,0.000690883029101855,0.0008531695765361185,2.0,763.0473044357842,782.7162978181489,0.024358680790955666
GOOGL,18652,2024-07-22 10:30:00,0.0,0.0010210367727767,0.0007091293607237393,0.0008723449436763683,0.000451009140579803,0.0007078104452532769,2.0,1377.7167487921733,1428.7653019199352,0.10823016242089188
GOOGL,18698,2024-07-22 14:20:00,0.0014883005806487072,0.001171814780298,0.0008651455065409009,0.0009865650028671384,0.0006524796587137063,0.0008628400258193772,2.0,1136.6485495630666,1161.3632056591327,0.03354404916751802
GOOGL,18847,2024-07-24 13:45:00,0.0034492704505502472,0.002057412306922,0.0012064712184562771,0.001373527646136876,0.0009627253937647007,0.0012021126455364147,2.0,277.46984036551606,275.8590544395372,0.014061462456011054
GOOGL,19425,2024-08-05 09:55:00,0.0003796507258964794,0.0029899347917759,0.0009677511927114915,0.0009677511927114831,0.0009677511927114916,0.0009677511927114915,2.0,1.00000000000002,1.0000000000000253,0.0029562892858035305
GOOGL,19525,2024-08-06 11:45:00,0.0021864759608708475,0.0009765842105997,0.0007545799164688802,0.001036819281203893,0.0005337603542789638,0.0007235286248570253,2.0,1295.9822881338437,1330.2170062294583,0.13890569037533326
GOOGL,20205,2024-08-19 09:55:00,0.0006729681205923981,0.0011115431267885,0.0008651455065409009,0.001185698208887284,0.0006875215121282104,0.0008651455065409009,2.0,967.0439056348257,988.9692957472965,0.04916844777936405
GOOGL,20695,2024-08-27 11:45:00,0.0,0.0005867438694687,0.0005618153023956428,0.0009070596005580557,0.00042294934674374574,0.0005499373821038378,2.0,722.6173053011993,717.8942225464268,0.14817615989021238
GOOGL,21052,2024-09-03 15:30:00,0.0009112763211733877,0.0013338756726343,0.0009309542953200071,0.0014586701361366608,0.0008108529993621036,0.0009534025272296468,2.0,367.69748454627273,369.64475966974464,0.014323208589873276
GOOGL,21067,2024-09-04 10:15:00,0.00229182682438301,0.0007957702596631,0.0007844016538454835,0.0011418201974012472,0.0006124073925246461,0.0007728874247701269,2.0,862.3752744161325,895.6797805985898,0.05731013990702358
GOOGL,21146,2024-09-05 10:20:00,0.00044701300274982924,0.0009396478198563,0.0007579512358899894,0.0011386447394897818,0.0005806225047374747,0.0007465043126867082,2.0,1152.1796897518554,1186.4792314411256,0.07773525091401448
GOOGL,21187,2024-09-05 13:45:00,0.004731123791012438,0.0019467899189347,0.0021100982197887917,0.0011314832441016987,0.001006721430478429,0.0021100982197887917,2.0,7.492339714162876,7.476677423176513,0.004628242501569293
GOOGL,21508,2024-09-11 14:30:00,0.00381184154987991,0.0013480178365533,0.0012488295797567581,0.0015040066185944378,0.001007525998490205,0.0012488295797567581,2.0,466.4907629480633,474.86705783383684,0.013609646043841522
GOOGL,22125,2024-09-23 13:55:00,0.0006081800400326048,0.0012657521411306,0.0010786958633604896,0.0012591804605611451,0.0008801710614747154,0.0010786958633604896,2.0,545.3140084766461,545.4489782039652,0.02920722025529978
GOOGL,22714,2024-10-03 11:00:00,0.0009692271173087489,0.0007021697204696,0.0005779069730638012,0.000769210110085632,0.0004187980557187145,0.0005880623515544449,2.0,980.8526306380654,952.4872864549706,0.15377284865716234
GOOGL,22754,2024-10-03 14:20:00,0.0009084578040529086,0.0012698173047254,0.0008517888078892742,0.0010455269350537841,0.0005978001134509371,0.0008480223416923078,2.0,1464.1502169325684,1514.2356127516891,0.07184534690666798
GOOGL,22951,2024-10-08 11:15:00,0.0014668136109940405,0.0005842167320103,0.0007347988818767739,0.0009213595633431972,0.0004833252873209234,0.0007249879486230506,2.0,821.397244443959,783.2504626189424,0.05999108207160442
GOOGL,23229,2024-10-11 14:55:00,0.0006665621325845081,0.001125386483304,0.0010015023370896006,0.0011275275617279802,0.000685935237196224,0.000959846498264721,2.0,1204.564688582063,1242.2802939159667,0.04191668858912397
GOOGL,23936,2024-10-24 15:20:00,0.0003137390024842403,0.0010857234224247,0.0008511764801897518,0.0010188279359837926,0.0006235969271677029,0.0008447985054688561,2.0,1079.993055024304,1110.7216378924973,0.03679179082712343
GOOGL,24041,2024-10-28 11:05:00,0.0019655147934086814,0.0007370569006857,0.0008022958433251029,0.0009746338394805511,0.0006712433509090363,0.0008022958433251031,2.0,205.10645991806965,166.7986879991096,0.018446080151791867
GOOGL,24140,2024-10-29 12:50:00,0.0,0.0008983597265471,0.0006059871716165063,0.000876900240972509,0.0004448257309708235,0.0005955971801205708,2.0,1503.7969636563048,1534.4300697336823,0.10223296964728697
GOOGL,24209,2024-10-30 12:05:00,0.003091363212647947,0.0017068838798191,0.0009996423681126326,0.001198693146245748,0.0007369004925742636,0.0009937066071092544,2.0,850.2005420240947,870.1619827190444,0.025223889500413724
GOOGL,24278,2024-10-31 11:20:00,0.0013275232101687018,0.0019921698632765,0.0006141751820625536,0.0006165648563711028,0.0006141751820625536,0.0006141751820625536,2.0,1.0091318337276163,1.0088318617263834,0.009679364016589972
GOOGL,25525,2024-11-22 11:15:00,0.0011986815939303392,0.0011042176826509,0.000853346388489859,0.0011012560185756346,0.0006518711896368235,0.0008351727503289534,2.0,1001.0709914459037,1037.849157526224,0.07317498056912237
GOOGL,25615,2024-11-25 12:15:00,0.0002412836300764032,0.0007064608073668,0.000541532550314082,0.0007051906699348644,0.00037133309004482484,0.0005260959163229384,2.0,1121.288131996079,1112.437556089121,0.1968409291179748
GOOGL,25769,2024-11-27 12:05:00,0.0002956043652729315,0.0006118847618948,0.00048487699033236524,0.0005461761000248447,0.0003021604494965512,0.00048487699033236524,2.0,721.3434454518731,702.6135429096597,0.11019808191528244
GOOGL,26168,2024-12-05 12:50:00,0.00068508794641173,0.0008156549358189,0.0005897965372977326,0.0008460244314632505,0.00047164250373163554,0.0005815306048972922,2.0,1425.0634988343968,1448.2458640959744,0.21211645864584702
GOOGL,26678,2024-12-16 09:50:00,0.00036711682594056677,0.0011879859625867,0.0009684679026253993,0.0013712843228035833,0.0007001575640480205,0.0009498650124962068,2.0,581.5207972186352,593.2330366638007,0.019448442373180403
GOOGL,27882,2025-01-08 12:40:00,0.0012471421279737515,0.0010771946194586,0.0008009153746210572,0.0011565774975064616,0.0006793301021580129,0.0007681172642718919,2.0,1127.3828761442237,1167.6400604258627,0.05103004851126281
GOOGL,28006,2025-01-13 10:00:00,0.0,0.0013645744937853,0.0021842018148409857,0.0005989472811905822,0.00010360010369284672,0.0021842018148409857,2.0,3.5787114208363695,3.3596163511288455,0.003382320966659033
GOOGL,28583,2025-01-23 12:35:00,5.0346129651822714e-05,0.0006986849630703,0.0006283380665414028,0.0009469580609454593,0.000553636764371856,0.0006268282695839479,2.0,1241.489667299695,1265.1403388568863,0.14791620561020719
GOOGL,28720,2025-01-27 11:00:00,0.003566749126127273,0.0010515193099161,0.0005936800239137094,0.0009204623546830284,0.0005936800239137093,0.0005936800239137094,2.0,7.039418027146596,7.221859460974134,0.00644703634924515
GOOGL,28788,2025-01-28 10:10:00,0.0011884156719440798,0.0010706583804231,0.0006671970274961356,0.002205257456690485,0.000606091235281922,0.0006671970274961356,2.0,53.57186574800991,52.82201438366707,0.007524700653498367
GOOGL,28830,2025-01-28 13:40:00,0.001400306221607682,0.0010729019891619,0.0006289638029035008,0.0009205199901243166,0.0005575690136084751,0.0006274181947952687,2.0,1135.3907616438962,1149.072939641431,0.13560139456899536
GOOGL,28858,2025-01-28 16:00:00,0.00212763310674105,0.001207856760599,0.001137891919612949,0.0015736351863358871,0.0008496286604224385,0.0011371861041482088,2.0,442.0605291369766,449.36573528306013,0.012931845407964446
GOOGL,29016,2025-01-31 09:40:00,0.020850234085979323,0.001549667206171,0.001629038142290041,0.0018877270023498688,0.0011726020360144811,0.001629038142290041,2.0,130.1501656195712,131.15425913628476,0.0065387941144391445
GOOGL,29698,2025-02-12 14:30:00,0.0032795875254693204,0.0006699993715875,0.0007136303697698463,0.001140444841636638,0.0006140620395594097,0.0006900291071762542,2.0,1125.6491298144324,1146.957922083895,0.030413546437722868
GOOGL,29719,2025-02-13 09:45:00,5.451225164189322e-05,0.0009416159330289,0.0007647014213738846,0.0012143828593120989,0.0006546645078333589,0.0007569331519639714,2.0,863.9740799169252,887.7252941818163,0.03576041120495792
GOOGL,29844,2025-02-14 13:40:00,0.0004850575427234345,0.0010913739262707,0.0006542362025966327,0.001027530820747667,0.0005671711204144169,0.0006432936857417076,2.0,1267.8765347281471,1295.9301270336941,0.07794373372192882
GOOGL,30933,2025-03-07 13:25:00,0.00040559724749913935,0.0008137489603813,0.000495540148891661,0.0007663048716919815,0.0004363239774703552,0.0004921502141761827,2.0,1172.8294853008847,1167.9673736268874,0.19893548207601414
GOOGL,31318,2025-03-14 13:00:00,0.0007910189344277116,0.0010027712936955,0.0005998963995246776,0.0009301007334789574,0.0005245519572413323,0.0005948357617597787,2.0,1276.7131647882825,1287.8152049155447,0.12330352013681171
GOOGL,31469,2025-03-18 12:35:00,0.0018891501398353753,0.0008583840781124,0.0005926979784698211,0.0008789990193325838,0.000495466491828332,0.0005824825351887293,2.0,1230.7090545703422,1238.6372214864325,0.13992253193832763
GOOGL,31967,2025-03-26 15:05:00,0.0010015952673587995,0.0011706926639872,0.0007621728156020479,0.001152346178386668,0.0006581611027636633,0.0007345639877045513,2.0,975.9622242183278,993.1921966283489,0.01980353956324535
GOOGL,32818,2025-04-10 14:30:00,0.00012860082322253054,0.0034229958087626,0.0023102544759311845,0.002693660906627519,0.002310254475931185,0.0023102544759311845,2.0,10.436977990580264,10.54506585303801,0.002464284345368919
GOOGL,33545,2025-04-25 10:05:00,0.0017811558470160309,0.0009582726064887,0.0017983306066784066,0.0017992272504875925,0.0017983306066784066,0.0017983306066784066,2.0,1.0002607785230029,1.0002570984519823,0.0019045652693578986
GOOGL,33788,2025-04-30 10:50:00,0.0005636802203552395,0.0007304966187314,0.0007159904840478265,0.0010929390062998522,0.0006520257484785752,0.0007116286892585421,2.0,746.6729567674101,740.5387680896696,0.10954814228594832
GOOGL,34073,2025-05-05 15:05:00,0.0004850101644078139,0.0011402817845137,0.0011635867821486027,0.001649335115010302,0.0010305841899090774,0.0011635867821486027,2.0,699.7989181454925,707.4464603886645,0.01112788861095769
GOOGL,34170,2025-05-07 10:10:00,0.000610687041879939,0.0008956595163995,0.0008065267056297717,0.001202415597318813,0.0007182689428466185,0.0008065267056297715,2.0,858.4665799424617,863.5998028640504,0.09702875561175944
GOOGL,34354,2025-05-09 12:30:00,0.0007776050158546732,0.0008640638090889,0.0009066183757900877,0.0012521095072176528,0.000776498033062662,0.0009030510837526619,2.0,888.3144125576052,892.3201133224915,0.0346963732191699
GOOGL,34555,2025-05-14 09:45:00,6.249804695636429e-05,0.0011236542817494,0.001002694826128218,0.0015465211508486035,0.0008643576509002501,0.0009985666567647804,2.0,1011.4695761298283,1024.5416521094407,0.02484139286602923
GOOGL,34804,2025-05-19 11:00:00,0.0003685051018238906,0.0008379679698829,0.000932690880608774,0.0010836200696382693,0.0009326908806087739,0.000932690880608774,2.0,8.953677703257666,9.116212127232556,0.010299140923280567
GOOGL,36324,2025-06-16 14:10:00,0.0005695734049293306,0.0010188377673109,0.0007467187802093227,0.001140369164178809,0.0006315850122387935,0.0007493443587809796,2.0,1223.3325789576506,1232.0276901974064,0.08074868145548118
GOOGL,37085,2025-07-01 12:35:00,0.0006258712616468718,0.0008454961048257,0.0005965519475369871,0.0009811346033575126,0.0005359216491743791,0.0005954862320909791,2.0,1113.8746925058465,1113.5252352346631,0.17761173038709993
GOOGL,37196,2025-07-02 15:20:00,0.0007519881074276578,0.0011282808362395,0.0006381752886515048,0.0011191575276577762,0.0005820044396620258,0.000636882203910566,2.0,1396.51542220876,1423.9681011175446,0.0343082301925578
GOOGL,37309,2025-07-07 11:45:00,0.00033588983129446525,0.0007300686763442,0.0005603810737847626,0.0008641210463855666,0.0004857611365175666,0.0005603810737847626,2.0,926.914516078956,914.3209213317708,0.13539496339552964
HYG,736,2023-08-21 12:30:00,0.0,9.38439739978837e-05,0.001802102940567013,6.567278288975997e-05,0.0,0.0006724497597218543,1.0,115.42318871225281,127.65692276190197,0.15757401826943232
HYG,896,2023-08-23 12:50:00,0.0,0.0001771767946913,0.00013403927370778942,3.014411082642725e-05,0.0,0.00013403927370778942,1.0,4.210869330065568,4.577139828899612,0.04695278979657886
HYG,1615,2023-09-06 14:15:00,0.00026876301982643036,0.0003550761598646,0.0005368767325789137,0.0003495817715171275,0.0003345264808905244,0.0005368767325789137,1.0,13.729438556167997,30.279669726184352,0.1026927244810947
HYG,1645,2023-09-07 10:15:00,0.0,0.0001815047173022,0.0002008906157356793,7.392902015725929e-05,0.0,0.00020229947133967998,1.0,231.81445992637694,265.00096786730484,0.15585838543462932
HYG,1710,2023-09-07 15:40:00,0.0001341201718746356,0.0003401469913178,0.00020229947133967998,0.00016191403467481698,6.878177366629966e-05,0.00020210866778141523,1.0,232.2970093778984,277.6253596100755,0.09951752266597531
HYG,1886,2023-09-12 10:50:00,0.0,0.0001341431229372,0.0006143870485787214,6.901958771252665e-05,0.0,0.0005402485274567798,1.0,499.2743594103205,512.2170307834213,0.18380703503949944
HYG,2217,2023-09-18 12:25:00,0.0,9.30998621671956e-05,0.001405669765242344,0.00012897767237830086,0.0,0.0013395849290565834,1.0,510.4979653242944,549.1080827377401,0.23995440169183688
HYG,2294,2023-09-19 12:20:00,0.0,0.0001220131809621,0.0005345807010034183,0.0002469321594178677,0.0,0.00026777346524971637,1.0,9.737174389514301,10.110852593737656,0.0653209294069622
HYG,2361,2023-09-20 11:25:00,0.0,6.611027703559134e-05,0.0013395849290565834,0.0001339680660668498,0.0,0.001335113682969436,1.0,532.4324677515067,574.073080742806,0.23664577880414878
HYG,2737,2023-09-27 10:15:00,0.0,0.0001862744667876,0.00020086371464542158,4.781741641414074e-05,0.0,0.00020083682075859003,1.0,426.3312163044309,482.30716667838453,0.13648893747319157
HYG,3042,2023-10-03 09:40:00,0.0,0.0001395606901074,0.00020246330421786125,0.000195205420631069,0.00013477997190038273,0.00020280547644293065,1.0,136.21612491675242,168.55540947431098,0.05534723467524702
HYG,3086,2023-10-03 13:20:00,0.000412853511678547,0.0001075841140173,0.0003346832254539745,0.0004308703722323731,0.00033468322545397456,0.0003346832254539745,1.0,19.294498865370045,18.551819276576467,0.040552025109268135
HYG,3326,2023-10-06 13:50:00,0.0007618520297849006,0.0006035212754988,0.00013768415277172225,0.00017789634694134312,0.00013768415277172223,0.00013768415277172225,1.0,1.4731606495395282,1.7228194166608257,0.01688560800160269
HYG,3539,2023-10-11 12:05:00,0.0,9.70853402045091e-05,0.0010722424294960613,0.00016187554866812847,0.0,0.0010712373814988586,1.0,576.9439425589914,621.3420931737804,0.23207686428956723
HYG,3850,2023-10-17 12:00:00,0.0,0.0001323723072057,0.0006828269299107778,0.00014572341793767468,0.0,0.0005471956360886393,1.0,686.1976009225224,725.210721575629,0.10100450582067422
HYG,3907,2023-10-18 10:15:00,0.0,0.0002047234189506,0.00013563919993679168,6.748756311729638e-05,0.0,0.00013650945349170745,1.0,294.02784184594975,326.45894475628745,0.08347695797090164
HYG,4298,2023-10-25 10:20:00,0.0,0.0001541261037948,0.00016459000065942965,4.808422433441218e-05,0.0,0.00013562080443908097,1.0,346.58302631598053,426.7005903917835,0.19138932422519198
HYG,4373,2023-10-26 10:05:00,0.0,0.0002196841700853,0.00014214774538725666,5.9033377386711754e-05,0.0,0.0001421477453872566,1.0,288.61066089599717,377.28611517710857,0.17952783684882592
HYG,4568,2023-10-30 13:20:00,0.00027643400314243937,0.0002204967856798,0.0006913239127738227,0.00025434387976148987,0.0,0.0006913239127738227,1.0,5.139141234153715,5.569711683321652,0.018227360734240465
HYG,4723,2023-11-01 13:15:00,0.0,0.0006494330569256,0.000415081292711642,0.0004150812924093102,0.000415081292711642,0.000415081292711642,1.0,1.000000001755112,1.0000000024047,0.014964947790657454
HYG,4975,2023-11-06 14:45:00,0.0001344628212327272,0.0003440842927722,0.00020734699593935444,0.0002773559652591541,0.00020626353677578461,0.00026996018251279966,1.0,47.624147936784794,74.64657615031686,0.0877184789464385
HYG,5422,2023-11-14 13:00:00,0.0,0.0001152073535223,0.001381215689198619,0.0002343420193600108,0.0,0.001099807644540026,1.0,562.8255352636515,599.2413831601442,0.22710147575133346
HYG,6038,2023-11-27 12:20:00,0.0,0.0001037316997101,0.0019337022600007352,0.00018492111089949683,0.0,0.0019337022600007347,1.0,671.2325460497118,711.6849821204637,0.27300873364842104
HYG,6354,2023-12-01 12:40:00,0.0,0.0001010391881791,0.001387925274848076,0.00016068570306524378,0.0,0.001381215689198619,1.0,737.1591820520964,776.183956313701,0.29803776321065467
HYG,6842,2023-12-11 14:20:00,0.004097553813233599,0.000310717274648,0.0008091706442856755,7.390571007748297e-07,0.0,0.0008091706442856755,1.0,1.0853826742410402,1.0866279711425455,0.011378587024768993
HYG,7086,2023-12-14 15:10:00,0.0,0.00034432895122,0.00047591529606156213,0.00039864744783739295,0.00047591529606156213,0.000476109514179874,1.0,10.243285497324578,8.263226961529362,0.05164934590791953
HYG,8119,2024-01-05 10:15:00,0.0,9.448239427452046e-05,0.00013339558480397995,2.7753967394035718e-05,0.0,0.00013378821345809753,1.0,457.6565526888463,516.5379068714436,0.20649758590884268
HYG,8421,2024-01-10 15:55:00,0.0001938047100610688,0.0002244175636025,0.00013163090712693735,9.478791790883955e-05,0.0,0.00013163090712693735,1.0,81.18709016128744,99.36436107290238,0.1023582551737339
HYG,8744,2024-01-18 10:20:00,0.0,0.0004024056930613,0.00019395506768417684,3.2288086162128844e-05,0.0,0.00019334967998566537,1.0,245.13788325166692,306.7402140222029,0.12195533408562582
HYG,8758,2024-01-18 11:30:00,0.0,0.0001771675038151,0.003165394360253114,0.0005757244527603628,0.0,0.0005261081273527099,1.0,10.72944096388175,13.652972252196804,0.05305952744410515
HYG,9385,2024-01-30 11:45:00,0.0,0.0001002003735844,0.0015531973093995486,0.00013204335934921565,0.0,0.0013199579529974393,1.0,851.2155180852968,898.3196929500963,0.34971634180398853
HYG,9659,2024-02-02 15:05:00,0.0005829959679294842,0.0003656944178796,0.00019362958720579946,0.00019039927456811163,0.00019362958720579943,0.00019362958720579946,1.0,2.367197795485003,3.50284340134676,0.02116123103956832
HYG,9850,2024-02-07 11:30:00,0.0,7.632812388061309e-05,0.0020626538188372933,0.00012131494437923772,0.0,0.0015531973093995486,1.0,842.2883549154446,885.6118707498985,0.3439486350584358
HYG,10549,2024-02-21 11:15:00,0.0,8.833412624855982e-05,0.001293577568650537,0.00011240853265608622,0.0,0.00103950113310489,1.0,943.9203528630773,982.177095118452,0.3101507665696078
HYG,11154,2024-03-04 09:40:00,0.0,0.0001723620490749,0.0002592352574465743,0.0001181165850343675,0.0,0.0002577319601895124,1.0,29.908199793225894,45.581345128126515,0.043742270971426155
HYG,11531,2024-03-08 15:05:00,0.00019304398245334722,0.0004567689829482,0.00038767203431837576,0.00012967687310421448,0.0,0.00038767203431837576,1.0,10.678746526667853,10.980662255907644,0.047129290445957484
HYG,12312,2024-03-22 15:10:00,0.0003214297221593863,0.0002296511688794,0.000129558852289701,9.055053168765559e-05,0.0,0.00012955885228970105,1.0,254.72248518822073,318.8129768379401,0.11218413412490866
HYG,12519,2024-03-27 12:55:00,0.0,9.752906148744362e-05,0.0006517630420384214,7.838098767633504e-05,0.0,0.0003901931505576337,1.0,1096.6132053533738,1159.401737976711,0.4445634996435849
HYG,12666,2024-04-01 12:10:00,0.0,0.0001401128728753,0.0019373593402263107,4.572139759271866e-05,0.0,0.0019373593402263107,1.0,1.1629911150931502,1.1378533441885654,0.004980159321385787
HYG,13237,2024-04-10 14:15:00,0.0009128252573595779,0.0004611432846249,6.519117313839658e-05,3.1593995992546386e-05,0.0,0.00013038659644270108,1.0,2.1527524780863625,3.3378260288791566,0.012050412864775152
HYG,13902,2024-04-23 11:10:00,0.0,9.210189353818124e-05,0.0009886308269394348,8.281483246716102e-05,0.0,0.000647458747124359,1.0,1035.450859046597,1102.8251106769117,0.32429033879027536
HYG,14994,2024-05-13 11:10:00,0.0,0.0001020787912363,0.0011727149692417256,0.00011182014614950131,0.0,0.0007266242021325292,1.0,890.8809917386109,976.811074738736,0.35308217685005566
HYG,14999,2024-05-13 11:35:00,0.0,9.9415653709973e-05,0.0011727149692417256,0.00013138659920999414,0.0,0.0011727149692417251,1.0,793.4900078494758,869.1875579176573,0.338616560166428
HYG,15125,2024-05-14 15:35:00,0.0004547373969938735,0.0001928893934779,0.00013131114193898005,8.50798079511396e-05,0.0,0.00013101008796405453,1.0,329.1586280025287,423.7862851494503,0.15444455772143295
HYG,15282,2024-05-16 15:40:00,0.0001292323599627958,0.0001540069116868,0.0001318913217422918,0.0001107393203833285,6.514445785819482e-05,0.00013185654027544994,1.0,311.77356514532454,387.6542081569101,0.09962743480000609
HYG,16243,2024-06-05 11:15:00,0.0,0.0001093022604897,0.00032489684810952247,9.632338388050954e-05,0.0,0.0003244962224665161,1.0,1008.9843923956438,1110.1953589982008,0.2752206634521115
HYG,16273,2024-06-05 13:45:00,0.0,0.0001991228800483,0.0002649185520811171,0.000218486990832603,0.00012924071100360227,0.00025985837864663896,1.0,83.30862597283524,115.70834245520747,0.10131017273231292
HYG,17210,2024-06-24 13:50:00,0.00038744673092168267,0.0001201721757264,0.00025952118487313424,9.201760492560568e-05,0.0,0.00025930247779146535,1.0,1100.6298779371884,1241.2218326974612,0.22392168050643863
HYG,17482,2024-06-28 10:30:00,0.0,0.0001066293000311,0.00025853154228819416,6.557957903174795e-05,0.0,0.0001944075436250359,1.0,1256.1343742823146,1337.3482486840321,0.4053989417097337
HYG,17490,2024-06-28 11:10:00,0.0,9.348441833354158e-05,0.0003244962224665161,7.46394663265421e-05,0.0,0.00032359318147942334,1.0,1079.2432923835051,1189.055067803115,0.4381266223007967
HYG,17509,2024-06-28 12:45:00,0.0,8.92601898613409e-05,0.00032489684810952247,8.307955497300708e-05,0.0,0.00032489684810952247,1.0,971.5968576787916,1066.606745404377,0.41304305867156615
HYG,17715,2024-07-03 10:25:00,0.0,0.0001001891108202,0.00012985326599220545,5.535049620298846e-05,0.0,0.0001295420689680098,1.0,1080.161904686537,1169.072041920923,0.3379813907788753
HYG,17749,2024-07-03 13:15:00,0.0,0.0001499282124516,0.00013015749074716008,0.00018449760251815987,0.00012959243198339428,0.00013015749074716008,1.0,9.870092503959071,12.710001455229278,0.07639148821249124
HYG,18079,2024-07-10 14:45:00,6.458070976439142e-05,0.0001586545787447,0.00012956724558168902,7.035749429670779e-05,0.0,0.00012956724558168896,1.0,428.18168981844616,585.1119673447065,0.1333325485286475
HYG,18569,2024-07-19 10:05:00,0.0,0.000126432385476,0.00012950012968102433,7.205350489928451e-05,0.0,0.00012956724558168896,1.0,409.85334717050955,501.1389690790912,0.16603661973278072
HYG,18695,2024-07-22 14:05:00,0.00019196928550385204,0.0001850032208811,6.505969229075856e-05,0.0001355955155218094,6.483612671260044e-05,6.505969229075856e-05,1.0,28.81846378744514,52.22080599187102,0.1427735632687994
HYG,18952,2024-07-25 16:00:00,6.392022757771515e-05,0.0001533642028862,0.00012955046008516574,0.00010240342126222672,6.458905217828939e-05,0.000129567245581791,1.0,348.12196477506575,506.2045704637946,0.2574455038680143
HYG,19066,2024-07-29 12:30:00,0.0,7.86253320329392e-05,0.0005178999274170566,8.093970098368304e-05,0.0,0.000512919162363854,1.0,922.2240921628801,1016.2882954550938,0.40404800381930345
HYG,19769,2024-08-09 12:35:00,0.0,0.0001367377366753,0.00019386733073091219,0.00014619093129310834,0.0,0.00019384227760759572,1.0,607.4943056836577,744.1700425768249,0.12928252370023943
HYG,19843,2024-08-12 12:15:00,0.0,8.523406720307873e-05,0.0009049189422377247,9.121180270485685e-05,0.0,0.0008960000599435073,1.0,786.9444379839928,871.1597742476159,0.3493165778084288
HYG,21045,2024-09-03 14:55:00,0.0001267668126182376,0.0001570919444941,0.00019025271960226907,0.00010930386187045365,6.368818267940127e-05,0.00019025271960226907,1.0,429.1158806983723,579.1982074525039,0.21481948364683348
HYG,21507,2024-09-11 14:25:00,0.00025308446829166087,0.0001372403424228,0.0001900959990517191,7.539474488573632e-05,0.0,0.00019007191111174236,1.0,728.2961480197778,841.3984523503353,0.17817550103906984
HYG,22137,2024-09-23 14:55:00,6.24005491450787e-05,0.000175373107767,0.0001276650071948315,0.00012893213904473276,0.0001254547737186653,0.0001275591557314126,1.0,358.6445984951493,520.2370706845741,0.2521639593309057
HYG,22161,2024-09-24 10:25:00,0.0,9.670738239548952e-05,0.0002520478904332736,6.846739405373849e-05,0.0,0.00018987942713464737,1.0,1015.9332506871376,1119.0518963809725,0.41993447051666155
HYG,22697,2024-10-03 09:35:00,0.0,0.0001387784503688,0.00012664640341144597,9.761482946358616e-05,6.268609937793469e-05,0.00012663838426343004,1.0,511.3244793282253,636.4803412789514,0.18891824200913523
HYG,23449,2024-10-16 13:45:00,0.0,0.0001362401881091,0.00018827073387059915,0.00010871785311047725,0.0,0.00018873266074712124,1.0,427.1714190063742,733.5903605982569,0.20729621547083948
HYG,23544,2024-10-17 15:10:00,0.000188448130209968,0.000156998684313,0.00012633440734374698,0.00012191895626264252,0.00012466496307369845,0.00012613521711961242,1.0,289.13407289830656,372.99749625251974,0.22779104468252576
HYG,24526,2024-11-05 12:30:00,0.0,5.418094809065849e-05,0.0005669112935681269,6.343549246721168e-05,0.0,0.0005605905033290661,1.0,839.9409712112172,950.5941746237147,0.36824629569183076
HYG,25221,2024-11-18 11:55:00,0.0,6.133479683473054e-05,0.000503397946698961,6.303429105432885e-05,0.0,0.0003787161567703379,1.0,907.8947909947162,1015.0789134378423,0.38913657396297086
HYG,25231,2024-11-18 12:45:00,0.0,0.0001882283121752,0.00025242963657956367,3.3203928269671464e-05,0.0,0.00025242963657956367,1.0,2.0129660100456377,2.1196334378135435,0.029540292552219058
HYG,25467,2024-11-21 12:55:00,0.0,7.26365079096326e-05,0.000503651483827017,6.637358106936108e-05,0.0,0.0003785250187143057,1.0,947.437813144444,1050.7815504484424,0.39980993722197256
HYG,26525,2024-12-12 10:05:00,0.0,7.498518278743703e-05,0.00012589701640709755,4.901202913258655e-05,0.0,0.0001257861636877087,1.0,848.1672045896984,975.222950000118,0.39961866953850084
HYG,26694,2024-12-16 11:10:00,0.0,5.741048867639146e-05,0.00037558685887529783,5.481298033384469e-05,0.0,0.0002508308785961941,1.0,1328.1934766007248,1444.2369007884731,0.39228126879044267
HYG,27015,2024-12-20 11:55:00,0.0,3.736558651828176e-05,0.0003768134190162123,6.977034999773834e-05,0.0,0.00037558685887529783,1.0,1182.224769612712,1284.525048186669,0.4860365596716875
HYG,28024,2025-01-13 11:30:00,0.0,6.621110702925692e-05,0.0005011903375177571,6.415018121762064e-05,0.0,0.00037558685887529783,1.0,1221.484525419749,1319.1892436083692,0.5013825568597533
HYG,28207,2025-01-15 13:45:00,0.0,8.907833705249356e-05,0.0005011903375177573,7.052059933139798e-05,0.0,0.00037572797736772827,1.0,1200.2276784921698,1297.869697291886,0.49280372190913485
HYG,28343,2025-01-17 12:05:00,0.0,8.960424145434827e-05,0.0005011903375177573,7.575764197147865e-05,0.0,0.00037544584634750236,1.0,1196.0576282429329,1292.4755313515439,0.49448489951577396
HYG,28761,2025-01-27 14:25:00,0.0,0.0002974815055705,0.00037924278313090833,5.36501051472844e-05,0.0,0.00037924278313090833,1.0,1.4554744633570116,1.3391493267905485,0.023725266411583706
HYG,29445,2025-02-07 12:55:00,0.0,6.910188420056471e-05,0.00043896780562524345,6.99884032333842e-05,0.0,0.0003785727851384218,1.0,1145.1345471410286,1222.947437942648,0.4656038158926091
HYG,30084,2025-02-20 14:10:00,0.0,6.726520600801672e-05,0.0006895903479863733,6.647646258911894e-05,0.0,0.0003784295220185807,1.0,1167.0267525087502,1260.9314154247083,0.47937153566126545
HYG,30449,2025-02-27 12:05:00,0.0,6.207898432769987e-05,0.00043896780562524334,6.792123281479379e-05,0.0,0.00037742970819815765,1.0,1166.118723613046,1269.7875107585528,0.4789356655078174
HYG,30503,2025-02-28 10:05:00,0.0,0.0001049653841017,0.00012555716006205762,2.808997842476644e-05,0.0,0.00012558081141710888,1.0,457.39157775449553,572.5774220342875,0.24704651618081094
HYG,30745,2025-03-05 10:45:00,0.0,7.159286936804209e-05,0.00018857843347206408,4.612971442458711e-05,0.0,0.0001882943674165259,1.0,1437.3130400199148,1584.9575467500179,0.3858925959784534
HYG,31256,2025-03-13 14:20:00,6.34336642669818e-05,0.0003433904796842,6.305766625662993e-05,0.00023052445740110364,6.305766625662992e-05,6.305766625662993e-05,1.0,3.2512761421775735,4.327135395668289,0.018848343988899802
HYG,31591,2025-03-20 09:45:00,0.0,0.0001029198630689,0.00012649421305853452,4.74169267394965e-05,0.0,0.00012649421305853452,1.0,391.052902413553,515.6202193821844,0.2328868232308295
HYG,31677,2025-03-21 10:25:00,0.0,8.427925414726637e-05,0.00012649421305853452,3.8915000232743853e-05,0.0,0.00012640626991912738,1.0,1020.1878942757133,984.1612675951362,0.21612687524011412
HYG,31705,2025-03-21 12:45:00,0.0,5.873111068245864e-05,0.00037511722853118476,6.244817945879264e-05,0.0,0.0003147524497986951,1.0,1055.6312893652344,1156.0433608383814,0.43362853567649107
HYG,32062,2025-03-28 10:00:00,0.0,0.0001026933181175,0.00012649421305853452,4.326333510294677e-05,0.0,0.0001264942130584636,1.0,472.5042221427263,602.6662337500899,0.25017185952919085
HYG,32936,2025-04-14 11:20:00,0.0,0.000485668028112,0.0003171884443124505,1.7693869079587735e-24,0.0,0.0003171884443124505,1.0,1.0000000000000084,1.0000000000000075,0.014409550079419126
HYG,33428,2025-04-23 13:20:00,0.0011468621836851246,0.0002715718963384,0.00012647021643272553,0.0002406069291333189,7.430922338311011e-05,0.00012647021643272553,1.0,28.53421622445004,14.824202280498383,0.09918254066997143
HYG,35240,2025-05-27 14:50:00,6.304176519026306e-05,0.0001730768127241,0.00019083362546387173,0.00010923461594909248,0.0,0.00019082148707838265,1.0,397.48820611742843,449.1156264689526,0.1407503348912837
HYG,35418,2025-05-30 10:10:00,0.0,0.0001179586453927,0.00019083362546374667,4.387365926978604e-05,0.0,0.00019083362546374667,1.0,383.18583333265843,553.3343715219734,0.269186453343535
HYG,35575,2025-06-03 10:15:00,0.0,0.0001126916996625,0.00025228634633964544,8.078835782919307e-05,0.0,0.000252206810920735,1.0,589.3678375403179,685.5784595602756,0.27329224293163645
HYG,35822,2025-06-06 11:20:00,0.0,5.338031341176179e-05,0.0005020765816282574,0.00012624898010269584,0.0,0.0005020765816282574,1.0,675.4809534183554,733.9657726509574,0.28703121643615825
HYG,35995,2025-06-10 12:45:00,0.0,5.654750471256783e-05,0.0005042864453819267,0.00010936348146544882,0.0,0.0005042864453819265,1.0,661.4860115605011,730.4038056947459,0.2862433407943363
HYG,36121,2025-06-12 10:15:00,0.0,8.434833308535209e-05,0.00018898233071453337,7.36064098722132e-05,0.0,0.00018893472361519563,1.0,796.9567303630806,878.3973198630872,0.3169262021621474
HYG,36566,2025-06-20 14:50:00,0.0001255571600620576,0.0001301282568361,0.00018868517933898096,0.00010638707572790555,0.0,0.00018857843347206413,1.0,672.5056760767434,861.4440219697709,0.2820605459751232
HYG,36930,2025-06-27 12:40:00,0.0,7.02218746368683e-05,0.0002519050331350704,7.410108116403128e-05,0.0,0.00025158815152509474,1.0,958.7321143669948,1090.8625339932635,0.19039092391420426
HYG,36984,2025-06-30 10:40:00,0.0,6.876393514465951e-05,0.00018893472361519742,6.530243184058698e-05,0.0,0.0001887089170563518,1.0,1166.5370922058296,1234.068545168656,0.35069707264959943
HYG,37133,2025-07-02 10:05:00,0.0,8.123228354076839e-05,0.00012594458454942185,4.921934018889975e-05,0.0,0.00012594458454948403,1.0,739.2423287385258,1015.924800034995,0.4293485697323812
QQQ,901,2023-08-23 13:15:00,0.00027416790213961737,0.0005181350946851,0.0004941525384692519,0.0006867953366248114,0.00044464843821629806,0.0004921529054334173,2.0,481.91118225383127,500.46080488854136,0.08199142120471851
QQQ,1412,2023-09-01 10:20:00,0.00010562450498337465,0.0005941063847293,0.0004363953811348171,0.0006147774515820887,0.00038159616686342916,0.0004248539628431107,2.0,711.0621605053263,727.7916703444934,0.19968681023634596
QQQ,1587,2023-09-06 11:55:00,5.303492350942909e-05,0.0005163072353983,0.0004019023431418219,0.0005829131189551574,0.00036942238592034267,0.0004017731642791848,2.0,723.9478257043396,751.1753283377718,0.10005647317781913
QQQ,1932,2023-09-12 14:40:00,0.0006937218453722968,0.0007792895050183,0.0005997165156301791,0.0008095195289123022,0.0005343450392976537,0.0005968691677236354,2.0,973.880293729186,1007.3829530806051,0.04079621896676949
QQQ,1947,2023-09-12 15:55:00,0.0002672082102261219,0.0005819466997258,0.0005338503379059604,0.0007719471524788599,0.00047780846099097427,0.0005304477102948855,2.0,1118.2110038471333,1159.0978162289823,0.052053542618115185
QQQ,2780,2023-09-27 13:50:00,0.0012641338855995227,0.0007859620675208,0.0004161522622447098,0.0006084862016873352,0.0003721128076321677,0.0004218519362285388,2.0,1666.4850961154168,1701.3641367329167,0.3236363483944875
QQQ,3011,2023-10-02 13:35:00,0.004263923411362765,0.0006826593676605,0.0004248539628431107,0.0006213371967498387,0.00038773645485347033,0.0004252491758435481,2.0,1668.9338600386195,1700.6849109613663,0.21159774361361233
QQQ,3630,2023-10-12 13:10:00,0.0005112956072689935,0.0005723741902824,0.0004229224000444632,0.0006119124118532951,0.00037446171566564483,0.0004236151378674168,2.0,1571.968625859634,1629.4603479604111,0.07779899462918245
QQQ,3940,2023-10-18 13:00:00,0.00010939123787099667,0.0004822146834988,0.00038992870369267975,0.0005413216913413491,0.0003487171268856967,0.0003989096522548064,2.0,1190.1204545723263,1229.2439908811375,0.08501024104101132
QQQ,4292,2023-10-25 09:50:00,0.0003362851729931466,0.0007678427049401,0.0006144511673254001,0.0008331505394012404,0.0005419482965093583,0.0006144511673254001,2.0,1020.7016555154795,1049.086938826578,0.03493702740967952
QQQ,4316,2023-10-25 11:50:00,0.0002797672354864465,0.00053085169224,0.00040532325083714453,0.0005756899070840623,0.000362596754547975,0.00040713850056864364,2.0,1284.3468911942834,1304.2101214996492,0.22480291664267507
QQQ,4370,2023-10-26 09:50:00,0.0003453634985113827,0.0014326232812129,0.0003587542985505725,0.00036904757775890816,0.0003587542985505725,0.0003587542985505725,2.0,3.7999790084742058,3.8200508902396964,0.007565874199893704
QQQ,4623,2023-10-31 11:25:00,0.0003716887578350887,0.0005737621471899,0.00042424564458777266,0.0006245795375741922,0.00039004820375824117,0.00043188382996464387,2.0,1359.554206573429,1399.932196854598,0.088340650996655
QQQ,5402,2023-11-14 11:20:00,0.0004233476276382169,0.000431231006529,0.00035761935927120187,0.0005279513374094249,0.0003333889012375737,0.0003517363636962608,2.0,1113.6307298228783,1077.8727334635084,0.1491061932083732
QQQ,5616,2023-11-17 09:40:00,0.00010360278700774046,0.0009066038144555,0.0004995975568124365,0.0007909435162478972,0.00045365683435121787,0.0004935834256179906,2.0,1237.3354130065807,1289.192677637637,0.04780904845270364
QQQ,5759,2023-11-20 15:05:00,0.0007208877529566095,0.0005560873493965,0.0004436926392081867,0.0006720392766503514,0.00040891433814525227,0.00044218439809598227,2.0,1380.7883800770944,1443.9386175906764,0.06184814932064667
QQQ,5926,2023-11-22 16:00:00,0.00033365395368257497,0.00068212176746,0.000542725748958582,0.0008542595074750078,0.0004810345164276201,0.0005197417226669345,2.0,943.6944158554275,970.1337053344866,0.10479575636610058
QQQ,6213,2023-11-29 13:55:00,0.0001250431190285651,0.000460005743856,0.00030744792842937144,0.0004457034430840345,0.00027614392796918084,0.00028616397390888375,2.0,1272.4769035366992,1275.9775199225578,0.3114945913833606
QQQ,6795,2023-12-11 10:25:00,0.0003573798986319242,0.000536141832636,0.0003834308911513213,0.0006032888425501781,0.0003440761589170379,0.0003742137955844171,2.0,1173.8553489713277,1215.0696657804526,0.1530847821903903
QQQ,7099,2023-12-15 09:45:00,0.00019768217712470818,0.0006151581299034,0.0004389532327089381,0.0006809352171917256,0.00038009394207776125,0.00043733841685970583,2.0,1042.5279756527061,1100.5600384372146,0.058856018675075915
QQQ,7372,2023-12-20 13:00:00,0.00014701198174126644,0.000306354917073,0.0002711496762816339,0.0003799093072198444,0.00023361756910380145,0.0002578582309743317,2.0,1397.5794492990753,1449.9319346211569,0.33639115583042223
QQQ,7909,2024-01-02 12:15:00,7.143129851589439e-05,0.00046866698137,0.00033570478952827754,0.0005156248739321572,0.0002929329936728027,0.00033380837141862936,2.0,1570.7846977510774,1677.0988113681954,0.24102322994938127
QQQ,8034,2024-01-04 09:40:00,5.007511267965722e-05,0.0006925224913318,0.00043652985145022115,0.0006834043909945704,0.0003821051575220118,0.0004335420402320229,2.0,617.1227620125761,656.9162781259001,0.04675223912130693
QQQ,8089,2024-01-04 14:15:00,0.00022682309156310743,0.0005073967014561,0.0003339112597647491,0.00047630883437930707,0.0002831002064949768,0.00031203682287675796,2.0,1624.7053919949778,1738.4961840868998,0.2909391198054784
QQQ,8157,2024-01-05 13:25:00,0.0003286438415179662,0.0004609044913239,0.00030744792842937144,0.0004409176994507658,0.0002589667242233018,0.000293255134066351,2.0,1472.2710868589193,1594.829706930556,0.1803342445384072
QQQ,8364,2024-01-10 11:10:00,0.00014743101483809414,0.0001360813568872,0.000324088503927377,0.0004133320785438189,0.00022883586212065716,0.0002830200834504944,2.0,96.54331595845323,94.07187349124074,0.07719806267260504
QQQ,8602,2024-01-16 11:30:00,0.0001720387828813731,0.0005565149649595,0.00034702427039369455,0.000514511000938688,0.00030458399138976686,0.00034223135173170173,2.0,1405.4517249508433,1478.6417451452492,0.0791266438583428
QQQ,9573,2024-02-01 14:25:00,0.0003100442434118486,0.0005646536915462,0.0003336113458799069,0.0005314643388281612,0.0002992891904122426,0.0003296832715603853,2.0,1616.918920086602,1689.9260270887007,0.24246555835707218
QQQ,10704,2024-02-23 11:10:00,0.000251287851554792,0.0004041532667304,0.00030980889628814165,0.0005668115541401785,0.00029792939293795556,0.00030524672390285976,2.0,1535.5804735772713,1549.0284083964482,0.13078794321594586
QQQ,10981,2024-02-28 14:45:00,0.0012171737812381432,0.0005805051399212,0.00040047619251740564,0.0007849187863652511,0.0003691684819681486,0.00039193592349472193,2.0,1178.929387418274,1230.8593336651315,0.047105791612555535
QQQ,12314,2024-03-22 15:20:00,1.1450701754155644e-05,0.0007015818151434,0.00036191726061766223,0.0007040674028510114,0.00034092846514675445,0.0003596798887801814,2.0,1346.8759092710595,1412.7140938130972,0.05671162027736975
QQQ,12394,2024-03-25 15:30:00,4.493776120816934e-05,0.0007167171116936,0.00036463912526007666,0.0006742063385206053,0.00034194659127493725,0.00036278711596694204,2.0,1432.441075649131,1503.145304082248,0.06051335273737356
QQQ,12629,2024-03-28 15:35:00,0.0008542205757152732,0.0004190248550451,0.0003349522724332423,0.0005729019437592877,0.00031307303802383075,0.0003222316873695507,2.0,1584.5115120358419,1656.937184912405,0.10047107095594167
QQQ,12859,2024-04-03 15:15:00,6.760791916665612e-05,0.0006353663374836,0.00036073409779293535,0.000665055137886141,0.00034000884350562027,0.00036073409779293535,2.0,1264.4367986137877,1315.9598521314203,0.04959653736867167
QQQ,13186,2024-04-10 10:00:00,0.0012891700210180903,0.0004024870302872,0.0004050313954698197,0.0006400920803310468,0.00036669493684346834,0.0004084874673843898,2.0,334.1369759663947,348.03908718472195,0.024268200047246422
QQQ,13221,2024-04-10 12:55:00,0.00020630136117472998,0.0006296330002585,0.00015884361879175794,0.0005402208789711872,0.0002922957604198214,0.00015884361879175794,2.0,7.985552757847411,8.419033789003532,0.022102146198570084
QQQ,13497,2024-04-16 09:55:00,0.0,0.0008359468521095,0.0003647388738090458,0.00027948191677583536,0.0003647388738090458,0.0003647388738090458,2.0,2.414949752402114,2.6535212087137143,0.011304588992231081
QQQ,14119,2024-04-26 09:45:00,0.00011669564621782641,0.001291140607348,0.00018581316539735624,0.0001679611230547277,0.00018581316539735624,0.00018581316539735624,2.0,1.8029990388053942,1.811457345423536,0.002331270699531089
QQQ,15221,2024-05-16 10:35:00,6.612954780831168e-05,0.0002804682200234,0.0004022668976761403,0.0006011694662420093,0.00036569757218678635,0.0003944452874327497,2.0,1347.367972867225,1372.3479730872295,0.046136467773036545
QQQ,16445,2024-06-07 15:05:00,0.0003408298300320435,0.0006366574593366,0.00037798357333204463,0.0005946411895802626,0.0003410680008960538,0.00037351929074030195,2.0,1560.449772065092,1631.7331737151299,0.07787398206291453
QQQ,16517,2024-06-10 14:35:00,0.0004104868647832266,0.0005195794492941,0.0003632740942961579,0.0005640000491898695,0.00032280576329991894,0.00035370841531591924,2.0,1601.876855113947,1682.5728245893024,0.092397502780833
QQQ,16528,2024-06-10 15:30:00,0.0006246029128638589,0.0005804762101345,0.00035505847742229744,0.0005707252868565652,0.00031935844708396767,0.00035039310084084506,2.0,1572.8588853178499,1656.7017946639276,0.08852334597314963
QQQ,16565,2024-06-11 12:05:00,0.0004530206849058625,0.0004031404002067,0.0002944271504908766,0.00047055074643485145,0.0002647954470654529,0.0002860068368304268,2.0,1348.8998179420885,1413.310650242453,0.1320516353704967
QQQ,17016,2024-06-20 10:40:00,8.188834528696216e-05,0.0003655810155214,0.00034407122613751946,0.0005386113543312301,0.00030846915646773657,0.00033175198526097516,2.0,1300.2346311904278,1341.644182193129,0.051968710051467054
QQQ,17589,2024-07-01 12:55:00,0.0006454904389620401,0.0004657202835224,0.00030909853865858773,0.0004929175208768707,0.00028492214147364775,0.000307503077454019,2.0,1443.298360964555,1489.7541470289916,0.14574359436525416
QQQ,17843,2024-07-05 14:35:00,0.00014181379872025982,0.0006162384930922,0.0004369219955701356,0.0006767743623777812,0.00039778126974752823,0.00043666760932161103,2.0,1199.5258337885682,1234.4480928964858,0.037638538628367024
QQQ,18156,2024-07-11 14:40:00,0.00030124414056925046,0.0008255411914083,0.0004890627876243639,0.0007278503429323316,0.00043962025891995486,0.0004934305596615706,2.0,607.7715101400048,617.4453520637396,0.07010722620461679
QQQ,18566,2024-07-19 09:50:00,0.0008569249461063478,0.0011607654643319,0.000851302440250195,0.0009210592197894472,0.0007174070535446346,0.000851302440250195,2.0,28.197187150451793,28.559715164134506,0.00667853816869463
QQQ,19161,2024-07-30 13:55:00,0.0013244678491474843,0.0007923961984214,0.000498090662796461,0.0007633800834169551,0.0004528051355031225,0.0004914719684084271,2.0,768.360714228821,763.810002967754,0.030013179085613278
QQQ,19308,2024-08-01 13:10:00,0.0020508057125895414,0.0004941522297318,0.0003420848566693005,0.0005332662592720615,0.00031008713696939477,0.00034014626617271955,2.0,1487.2069666260138,1530.5269089040348,0.2265461602544894
QQQ,19692,2024-08-08 12:40:00,0.0018914074086621839,0.0016966841575646,0.00032817820370857436,0.0003369919686333744,0.00032817820370857436,0.00032817820370857436,2.0,5.668371370546006,5.375272146806514,0.0056974355690618825
QQQ,19902,2024-08-13 10:40:00,2.2119244850002777e-05,0.000811009914195,0.0004343913934700545,0.0008165932704886475,0.00041460472286502896,0.0004341489198963291,2.0,324.0745492837176,322.3828181736649,0.0469517884763755
QQQ,19981,2024-08-14 10:45:00,4.319747727401182e-05,0.000513221113389,0.0004170054896649282,0.0006477362564303907,0.0003702180215053523,0.00041344524506747393,2.0,1052.0429096983091,1071.991246445508,0.035083647368506735
QQQ,20524,2024-08-23 10:30:00,4.180602007302674e-05,0.0007566801132413,0.00047696567788286506,0.0007876890881111202,0.000438555280656126,0.00047696567788286506,2.0,1005.6536456006279,1036.7348186630593,0.03345107037497363
QQQ,20726,2024-08-27 14:20:00,0.0004843481926366352,0.0007164813655073,0.0005707851564027695,0.0009159935733314811,0.000538334835727365,0.00056843901864314,2.0,929.0049192332581,946.4193215681283,0.09405428105580166
QQQ,21224,2024-09-06 10:20:00,0.0002632271665632367,0.0006451762694335,0.0004806436537857613,0.0008232353351325847,0.0004660624734027975,0.0004806436537857613,2.0,610.8161874211592,631.3709111862363,0.018958249781698588
QQQ,21264,2024-09-06 13:40:00,0.006906812468978234,0.0008682048876108,0.0004953853876467449,0.0008222443215670409,0.0004660624734027975,0.000495479424731129,2.0,1127.1023457872805,1157.201105117204,0.11729355612050459
QQQ,21344,2024-09-09 13:50:00,0.0010355274954539355,0.0007367987311341,0.00044271575210007936,0.0006953003898761201,0.00040763347878900456,0.00044210061666823976,2.0,1097.438087195017,1128.7796974929618,0.1406577344960699
QQQ,21527,2024-09-12 09:35:00,0.028138061928655214,0.001058804058886,0.000752862018244453,0.001491797049137479,0.0007286911743601758,0.000752862018244453,2.0,213.656460247313,216.2394690466836,0.008674676871777615
QQQ,21842,2024-09-18 09:50:00,8.439174653721613e-05,0.0008509426756494,0.0006507478581782005,0.0010204625735371758,0.0005882125820360828,0.0006506659060249585,2.0,751.1293775552053,772.5400144851917,0.023659413662587073
QQQ,21874,2024-09-18 12:30:00,0.00036284317556779523,0.000472643978374,0.00037445392574014076,0.000582546853117531,0.00034629847888537356,0.00035885041600113466,2.0,834.695174996283,847.5450998801643,0.1746223814031917
QQQ,21881,2024-09-18 13:05:00,0.00021068155560903816,0.0004767243283623,0.00037445392574014076,0.0005893942513446292,0.0003529937016896772,0.0003628431755677953,2.0,876.6624547668429,897.0193546366341,0.18468139524575153
QQQ,22226,2024-09-24 15:50:00,0.0007939413416031024,0.000812311228972,0.000477927052495007,0.000814613392717455,0.0004636264097208352,0.000477927052495007,2.0,950.7792023165525,985.361751846487,0.0347252473648149
QQQ,22948,2024-10-08 11:00:00,0.00016525852668317791,0.0003691688430902,0.0003953350516007687,0.0006111348993317788,0.00036221572929716654,0.0003944621662039506,2.0,1326.3782621108196,1360.450033347396,0.0547749359403498
QQQ,23394,2024-10-15 15:40:00,0.0010022474245704532,0.0010570539543126,0.0007255132609392356,0.0011170349946927048,0.0006507478581782005,0.0007255132609392356,2.0,172.89848364359045,175.83240685274524,0.008993122535477339
QQQ,24138,2024-10-29 12:40:00,0.00011124491245171762,0.0004478470681791,0.00034193879628772214,0.0004945910014411401,0.0003084166939561454,0.00034123185027849215,2.0,1687.6183970839957,1723.8379892811786,0.10770833842712678
QQQ,24262,2024-10-31 10:00:00,6.106808075095194e-05,0.0002028965708071,6.23746010828423e-05,7.964253552971204e-05,6.237460108284228e-05,6.23746010828423e-05,2.0,1.2344676892024358,1.235668176906608,0.004215147297553492
QQQ,24392,2024-11-01 14:20:00,0.00012259409111844757,0.0008450663647605,0.00044643763804852867,0.0006713961402329807,0.00040972198551415486,0.00044542836267690976,2.0,1362.5092962021345,1402.752665834888,0.04206667871724065
QQQ,24564,2024-11-05 15:40:00,0.0007767555835269492,0.0006634514516149,0.00045695509542741867,0.0006635484361574048,0.00041575720378530016,0.0004511987607052438,2.0,1307.8573390759623,1346.290122112431,0.041037434358831205
QQQ,24681,2024-11-07 12:25:00,0.0004534208710420853,0.0004791226255623,0.00030280702339927144,0.00044584900816192096,0.00028110878387147773,0.00030280702339927144,2.0,1306.5733666905473,1324.8273291955559,0.11535563480074991
QQQ,24948,2024-11-12 15:10:00,0.0014797798607528421,0.0005865949298855,0.0003304556186872628,0.00048600600539823983,0.0003024837851149818,0.00032566329034821066,2.0,1700.0217743902342,1725.3717078074242,0.2869969170323136
QQQ,25005,2024-11-13 13:25:00,0.00042986381794808904,0.0005411543818243,0.0004257346521075565,0.0006195585071288323,0.00038432364569146265,0.0004257346521075564,2.0,1494.161052441478,1532.303930459705,0.035918952592626806
QQQ,26392,2024-12-10 12:00:00,5.734986285390293e-05,0.0003742118647821,0.000273101458888916,0.00039299729426767264,0.0002485398297867999,0.00026303809145541296,2.0,1332.9641932189631,1329.6347769836905,0.30209937847232976
QQQ,26402,2024-12-10 12:50:00,0.00019290657747095925,0.0003387940737717,0.00026303809145541296,0.0003819413481350482,0.00024220894676781765,0.0002606960599525719,2.0,1221.9174499305102,1230.6404046979787,0.24991264912998395
QQQ,26425,2024-12-10 14:45:00,0.0020598060241388085,0.0004046437682851,0.0002937249999399185,0.0004263579904100653,0.0002679169473493018,0.0002924632248345303,2.0,1451.5795901458303,1502.4574289635966,0.13371883937973952
QQQ,26565,2024-12-12 13:25:00,0.00011362345200282751,0.0003524570868103,0.0002558224212784811,0.0003745153352721764,0.00023017608572094864,0.0002485398297867999,2.0,1276.0627473556333,1259.660693278064,0.26343105623259716
QQQ,26903,2024-12-18 15:35:00,0.0003919263228689816,0.0005320744063498,0.00034894342339132525,0.0005475272475593506,0.0003115987545281373,0.00034836865237110933,2.0,1512.9052416171203,1568.4138350147898,0.06937597283493664
QQQ,27779,2025-01-07 10:35:00,0.00047630389088134897,0.0005215139925004,0.000385019886386403,0.0006786580024181313,0.0003538142139870899,0.00038069134006298304,2.0,931.1353539919337,947.3831383782547,0.030973653418249217
QQQ,29561,2025-02-11 09:35:00,0.005193829597472543,0.0005508383033054,0.0003813155432285959,0.0006189921530887881,0.0003429159318051582,0.00037912536234086436,2.0,1365.5480692960991,1403.142179845197,0.08594332026047263
QQQ,29639,2025-02-12 09:35:00,0.0034263140104431556,0.0006413445946292,0.0004221028458679109,0.0007198090717519549,0.00038971161833821884,0.0004193671430123545,2.0,1355.6573633609216,1399.915603978678,0.0465514833069208
QQQ,29719,2025-02-13 09:45:00,0.00026461026842224887,0.0010182229140899,0.0006990563024980427,0.0012760090611354728,0.0006861717604592514,0.0006990563024980424,2.0,117.99596776269537,118.0598947763217,0.009403617008367475
QQQ,29797,2025-02-14 09:45:00,0.00020489703995462777,0.0008036639066741,0.0004533091646073302,0.001164835023057943,0.0006006568017882283,0.0004533091646073302,2.0,70.31355225541371,71.97440437823057,0.009353382445057176
QQQ,30081,2025-02-20 13:55:00,5.5717031782567465e-05,0.0003715129420627,0.0003065192843786297,0.0004758588043208262,0.0002734802329905436,0.00030371481412619263,2.0,1006.9544023602268,1034.382610132055,0.3007478841071843
QQQ,30244,2025-02-24 14:30:00,0.0008711791771016498,0.0005015338856007,0.00034056079339252665,0.0005456334802265007,0.0003073126464712949,0.00033807360694288087,2.0,1295.1896973950788,1340.6627728386416,0.12266776583775302
QQQ,30733,2025-03-05 09:45:00,0.0006189169151896186,0.0022154818847353,0.0004582449299677363,0.0007055530320801624,0.00045824492996773624,0.0004582449299677363,2.0,1.71308436558607,1.7192035322320618,0.001124710219279352
QQQ,31461,2025-03-18 11:55:00,0.0003117368965858956,0.000717295419648,0.0004259191205269546,0.0006638934674799764,0.00039830436669865645,0.0004237337552315965,2.0,1279.9447772215192,1331.708999034954,0.07251569328754413
QQQ,32151,2025-03-31 10:55:00,0.00017271530084616795,0.0005353449892417,0.0003584871879223296,0.00028498920003744416,0.0003584871879223296,0.0003584871879223296,2.0,3.6879458172883846,3.1385252821354306,0.006624834508967791
QQQ,32476,2025-04-04 12:00:00,0.002793745662849449,0.0024824937150529,0.0011610847946225628,0.001390060783064562,0.0011610847946225628,0.00130921637994211,2.0,7.341429580916373,7.3404812379901685,0.0017106183404247209
QQQ,33017,2025-04-15 11:35:00,0.0016811680433084192,0.0005393297002303,0.0004558658234678142,0.0006631573334517999,0.00042636651110641816,0.000454353689703904,2.0,836.7035228489492,847.7980080336396,0.14864405457454233
QQQ,33177,2025-04-17 11:55:00,0.0007599633795206748,0.0008777419793439,0.0005653253799939087,0.0008132322994161324,0.0005290837451338453,0.0005613271999647714,2.0,954.2728132193437,978.6937620364532,0.031797501397552476
QQQ,33307,2025-04-22 09:45:00,0.0003883983187769218,0.0019967857813067,0.0010803803989503408,0.0009615210981682832,0.001080380398950341,0.0010803803989503408,2.0,1.450289645467018,1.4427649303439254,0.0010309297983309175
QQQ,33502,2025-04-24 13:00:00,0.0011149973104704937,0.0008967574720794,0.0005078978218785257,0.0007556955243449544,0.00046944684376725864,0.0005045685497594259,2.0,906.5627868866638,918.9971768848663,0.10525957636035732
QQQ,33538,2025-04-24 16:00:00,0.002704990791685735,0.0011318639698816,0.0006309281161576274,0.0009651783683965467,0.0005774267550264718,0.0006306730153760195,2.0,801.0535139952515,819.3854127031398,0.0199060064193231
QQQ,34071,2025-05-05 14:55:00,0.0005548078349668207,0.0009077629818838,0.0006797253308335033,0.0010218003873637559,0.0006415840829165155,0.0006780148806629304,2.0,903.1733379660104,922.1779673232526,0.02134884815572513
QQQ,34136,2025-05-06 13:50:00,0.003174142641055462,0.0008947391222542,0.0005310566108591703,0.0008098920094386263,0.0004973784115965775,0.0005291621370394858,2.0,915.0555134876793,930.3627382328186,0.10935318782971105
QQQ,34860,2025-05-19 15:40:00,0.001807553757277519,0.0007094776635465,0.0005964562449945409,0.0008831022107972313,0.0005428039835506747,0.0005963687695517022,2.0,968.4184245306977,985.6559457622859,0.020394222624741665
QQQ,35047,2025-05-22 11:45:00,0.0004283906209023341,0.0006131532441731,0.000489636046994546,0.0007121136033234124,0.00044758838185082755,0.00048677209980643136,2.0,915.4857928510968,926.6506526019444,0.04484861580758919
QQQ,35137,2025-05-23 12:45:00,0.0004749183823309503,0.0007878776360345,0.0009883822698846171,0.0011631097476869263,0.000707721701907491,0.0009510492481810385,2.0,35.574292835172756,36.562434425342026,0.0049050564317987665
QQQ,35792,2025-06-05 15:20:00,0.0016828689494173673,0.0008724812426889,0.0006547198138771751,0.0010847960492266196,0.0006093750995475359,0.0006547198138771751,2.0,709.6860266011331,719.7496692502093,0.014429550085516087
QQQ,36898,2025-06-27 10:00:00,0.00029190155827308744,0.0003632674669278,0.0004389328809954197,0.0006593962983780538,0.00037944184560441435,0.0004389328809954197,2.0,1023.1529980484823,1073.9733786727734,0.0786940905449868
SPY,1167,2023-08-28 15:55:00,0.0004987644348334503,0.000501610879736,0.00036488027770842477,0.0006092079109225551,0.0003583667474016301,0.000364406590681526,2.0,622.8467045268284,645.6665605953614,0.046895950675391644
SPY,1486,2023-09-05 10:00:00,0.0002442680298605658,0.000374151292978,0.00033649262837830585,0.0005080590712278784,0.0003171582646312856,0.000333805967546318,2.0,956.7595513987593,993.8614520769952,0.2001321473683625
SPY,1960,2023-09-13 10:30:00,4.4918585072120254e-05,0.0003422790709081,0.00031644854584738714,0.00044957056964781323,0.00029554522625404336,0.00031419722867206674,2.0,1329.2790583269727,1334.8363853363755,0.2378592935926473
SPY,1994,2023-09-13 13:20:00,0.00019072942844606476,0.0006220500249915,0.00043404469115807204,0.0006056094801008612,0.0003802774014062624,0.00043404469115807204,2.0,639.2441388188265,653.3443490038669,0.03217422861457382
SPY,2033,2023-09-14 10:05:00,0.0001339196037981264,0.0004115633828303,0.0003370975929444257,0.000494208223229725,0.00031644854584738714,0.00033635681047227935,2.0,1350.9143247750899,1420.6988651582385,0.225555206865955
SPY,2179,2023-09-15 15:45:00,0.00011238859492368727,0.000469376701808,0.0003581195868515638,0.000529060551998859,0.0003363568104722794,0.00035769377323532426,2.0,1251.126644844791,1305.4810485943183,0.07078173816002332
SPY,2187,2023-09-18 09:55:00,2.2531403143994104e-05,0.0004440771478732,0.00036225807629951777,0.0005447052075886321,0.0003374995813290308,0.0003592115345526964,2.0,1137.5187599565118,1183.9695982457995,0.0503840947106557
SPY,3021,2023-10-02 14:25:00,0.0006550933742301313,0.0005161430896362,0.0003923605151022343,0.0005509643488032124,0.0003615492424253745,0.00039460093591424047,2.0,1315.5339654639156,1364.6551594081,0.06007870167127006
SPY,3613,2023-10-12 11:45:00,0.00025105844087637314,0.000358583859354,0.00031525141561284525,0.000410937399735499,0.0002874166787785822,0.000312814213253538,2.0,1214.4271220114615,1269.2855811910415,0.12100946387819034
SPY,3853,2023-10-17 12:15:00,9.204077412796863e-05,0.000420845338575,0.0003332259636072997,0.0004350927936777147,0.00029502876744464437,0.00033180335425781577,2.0,1523.3123202390045,1554.3623385194544,0.28129768696949287
SPY,4005,2023-10-19 11:55:00,0.0007445496981846243,0.0003968650820154,0.00033298731268461743,0.000447134439954486,0.0002926906168525474,0.0003280763041167052,2.0,1376.8883252152866,1440.3810592218674,0.11436979509699072
SPY,4061,2023-10-20 10:05:00,0.00021143884210270822,0.0003272538902804,0.00011622366094382074,0.00029644262868507075,0.00020534115222889848,0.00011545610948821868,2.0,4.856724339079561,4.203309322501227,0.0332063139125592
SPY,4149,2023-10-23 10:55:00,0.00014321176270417106,0.0003150334272826,0.00014102383326155215,0.00020409108622844387,0.00014102383326155215,0.00014102383326155215,2.0,5.361718097207108,5.640043296064744,0.03757601911308305
SPY,4837,2023-11-03 09:45:00,0.0002790697692531255,0.0006983914047185,0.0004745180947799074,0.0007036329221343211,0.00044559622684076637,0.0004745180947799074,2.0,729.4017659724148,751.9951313974055,0.03179647962926038
SPY,5198,2023-11-09 13:50:00,0.00038767203431839273,0.0003174758122437,0.00030489592731063454,0.00040580062042976377,0.0002774309908209615,0.00029887462432085464,2.0,923.64960419767,938.1673502442569,0.18305591619246078
SPY,5292,2023-11-10 15:10:00,0.00010318931997395394,0.0004943943780781,0.0003910608149396325,0.0005283504992299253,0.0003550926237228261,0.0003910608149396325,2.0,1432.0732499676815,1497.862405529812,0.0832674280282087
SPY,5452,2023-11-14 15:30:00,0.0010699240928817584,0.0003800637899333,0.000402570041044725,0.000559103946610152,0.0003616941794613465,0.00040078743478511286,2.0,1515.4885422902457,1571.056873062134,0.21852304070208262
SPY,6219,2023-11-29 14:25:00,0.0003500021910866508,0.0002947908221901,0.0002758364115135124,0.00036370118164939205,0.0002442574779324566,0.0002661279607322299,2.0,1266.7931132640604,1335.3895130622263,0.29730654971775466
SPY,7648,2023-12-27 10:00:00,0.0,0.0002812413923897,0.00024262243321627043,0.0003606155447553256,0.0002196137003851578,0.0002408240572978125,2.0,1502.6859922039791,1642.4417025619703,0.3108518037735274
SPY,7895,2024-01-02 11:05:00,0.00021050415823445882,0.0003110275563283,0.00025425344968190366,0.00037651271815506657,0.0002320210094884756,0.0002435756923502918,2.0,1246.0757146800793,1391.9584600498285,0.1597144508202711
SPY,8073,2024-01-04 12:55:00,0.00017040129546211274,0.0003513131350738,0.00022239025132788964,0.00033149177475100624,0.00019959415920690042,0.0002195630703738735,2.0,1616.6652916111227,1733.6572159974232,0.3812884870970056
SPY,8414,2024-01-10 15:20:00,0.0005585503130295327,0.0005101216387455,0.00030772612617812874,0.00043244006590002835,0.00026178581706700103,0.00030435444483733153,2.0,1107.4450158100192,1206.607123428901,0.10015840434262006
SPY,8416,2024-01-10 15:30:00,0.0007586134596245562,0.0004497199906456,0.00030806469602207215,0.0004393061577106131,0.0002627188474621518,0.00030626531565956816,2.0,1052.9195626606845,1145.0092428886962,0.09890171606570955
SPY,8474,2024-01-11 13:50:00,0.0005875810716132716,0.0005293785832866,0.0002966690678331169,0.00041247391922205644,0.0002527433194438511,0.00027466340173002714,2.0,1203.0855928377794,1305.1082636169722,0.16869639716387064
SPY,9180,2024-01-25 14:10:00,2.0524819638946902e-05,0.0003664044184812,0.00023315211161271032,0.0003531787928700142,0.0002104841554181696,0.00023265405504631738,2.0,1511.835465199423,1602.0853821873268,0.34237039887715326
SPY,9201,2024-01-25 15:55:00,0.00024639645313763935,0.0004697064266573,0.0003360779732523931,0.0005123406208468721,0.0002830055204965353,0.00032313173196355904,2.0,876.1272249569739,947.4066407586366,0.0771142783451936
SPY,9954,2024-02-08 13:40:00,0.0010446802621587397,0.00030328766039,0.00026577529877278244,0.0003576113519357627,0.0002274912890987533,0.0002536837000686057,2.0,1189.9307021008563,1295.8902292921439,0.16421130015074548
SPY,9987,2024-02-09 09:55:00,2.0046306969776103e-05,0.0003748153666421,0.00027546166489453457,0.0004013038798587827,0.00024195499755107303,0.00026853123902620976,2.0,1444.6811274958518,1551.6757343542101,0.2587236613392892
SPY,10085,2024-02-12 11:35:00,0.0,0.000294033346384,0.0001467028536336429,0.00015355695741525217,0.00012398852176378098,0.00014670285363364285,2.0,214.39175077577875,277.94051698486396,0.1709848006446753
SPY,10336,2024-02-15 13:00:00,0.0001600288055263667,0.0003104655594312,0.00020883366474550014,0.00028747193208208325,0.000184020856216293,0.00019205634618299565,2.0,1120.2198631224735,1112.4436698576894,0.28879753710682904
SPY,10375,2024-02-16 09:45:00,0.0001392023706422308,0.0006778013382491,0.0002144082340974692,0.00022977629438128845,0.0002144082340974692,0.0002144082340974692,2.0,10.254008727836505,11.098961611665194,0.019908989891369425
SPY,10461,2024-02-20 10:25:00,0.00030153481447878347,0.0001697763059131,0.0002639299179881604,0.00047633866636622276,0.0002348545513863677,0.0002639299179881604,2.0,265.0891256872092,256.83135631249525,0.04529433985428212
SPY,11472,2024-03-08 10:10:00,7.757199654810737e-05,0.0003775276794182,0.0002766180895131758,0.0004980057982219691,0.0002555609084355133,0.00027526543626429337,2.0,1050.234857158376,1125.8028499660425,0.06906822552782976
SPY,11984,2024-03-18 13:50:00,0.000505657257784436,0.0004722784602498,0.00028203062233683155,0.0004857261961088103,0.0002557720887896859,0.00028132786939019194,2.0,557.1299917058855,568.6517292661348,0.04342488793083489
SPY,12118,2024-03-20 12:00:00,0.0,0.0002853440797652,0.00019514860628253603,0.0003072396856821313,0.00017728575555392905,0.000195091498531437,2.0,1148.0205332384762,1158.1825150764541,0.31102374478661954
SPY,12992,2024-04-05 13:20:00,0.00029176351801483237,0.0005235243780151,0.0002524285737669739,0.0004130428814998185,0.00023004811941271862,0.0002513607329765288,2.0,1533.7770715523327,1644.0399347583168,0.25278874924911415
SPY,13363,2024-04-12 11:45:00,0.000367750243666233,0.0003511344507822,0.0002484875721214723,0.0004069814380468314,0.00023000843465665078,0.00024560007589703107,2.0,1345.6027008048698,1449.267833040774,0.08731174690222052
SPY,13893,2024-04-23 10:25:00,0.00015976993163871,0.0004463206681443,0.00039862872249146373,0.0005197554574755167,0.0003390878569227209,0.00038848530071734387,2.0,597.168601244764,627.3057510128742,0.040193308984322156
SPY,14325,2024-04-30 13:55:00,3.9295818929948365e-05,0.0004796325373028,0.00037870105990599895,0.0005182352631676712,0.0003211944568037151,0.00037556458669764153,2.0,1114.0220152868726,1162.7672095793412,0.05026460028971113
SPY,14573,2024-05-03 15:05:00,0.00019632480037928897,0.0007314182328432,0.0005401689911113939,0.0006531250769076335,0.0004572610145379353,0.0005401689911113939,2.0,238.33510871219963,238.5692995720185,0.018730442428137508
SPY,15104,2024-05-14 13:50:00,5.7514786108778406e-05,0.000437449117322,0.0003593316470102487,0.0005109675694526569,0.00030797659621307425,0.0003562547119525353,2.0,1404.0242690956584,1451.247584986385,0.15520157451717043
SPY,15834,2024-05-29 09:40:00,0.0064744944129687745,0.0003013691785273,0.0002668521793594399,0.0004136113110133094,0.0002398530192203761,0.0002639815982444394,2.0,1287.0089043673415,1364.653583972246,0.12360115136006825
SPY,15857,2024-05-29 11:35:00,7.596042465522621e-05,0.0004066653792281,0.00019846389014677374,0.0003168981729249733,0.00017750954160388735,0.00019365958578625782,2.0,459.616388456543,393.8590639729336,0.1526490834201084
SPY,15931,2024-05-30 11:15:00,0.00015270672702788577,0.0002125904224709,0.00023650614316692822,0.00032790616324385587,0.00019164063606695776,0.00023366305893372411,2.0,499.84136878286756,381.65972529041295,0.14204872902691176
SPY,16442,2024-06-07 14:50:00,9.328619277829334e-05,0.0004842218166785,0.0003233752798269123,0.000530559845519837,0.0002965383645846773,0.000321006073547612,2.0,1043.5578797400028,1092.7629898100831,0.048270449412185966
SPY,17326,2024-06-26 10:30:00,0.00011004530209359434,0.0003002088722976,0.00025288357655937085,0.000386574007925492,0.00022488334271424318,0.0002469018577663576,2.0,1525.9707663637241,1586.9430590018205,0.17806058995106686
SPY,17944,2024-07-09 10:00:00,0.00021561017763556785,0.0002839399604866,0.00023895521541554684,0.0003535571285325892,0.00020568244572853275,0.00022640655166330696,2.0,1519.6915147842974,1547.5693692590144,0.2916749532739592
SPY,19145,2024-07-30 12:35:00,0.00018322736735219478,0.0003057206504905,0.00025143126165993557,0.0003576286132436261,0.00021605660767146326,0.00023980151927715664,2.0,1245.7190989047358,1301.7416056459797,0.2873351511299305
SPY,19268,2024-08-01 09:50:00,0.0,0.0005121139676394,0.00036822241049403826,0.000506185345240614,0.0003123134182368466,0.00036668989446832646,2.0,1099.0480416259109,1167.1914958575105,0.07764201501464198
SPY,19964,2024-08-13 15:50:00,0.0009628773520661051,0.0004993706044954,0.0003344188275542061,0.0005215061650509279,0.0003019028783619215,0.0003340509273138108,2.0,1066.47934191836,1151.659651900305,0.08182315748078184
SPY,20500,2024-08-22 15:00:00,0.0002853321463853675,0.0004874009440414,0.00042802875579913335,0.0005936820907121727,0.0003726807322831524,0.0004115484119534246,2.0,1074.423647351544,1141.83300895554,0.06686090680863296
SPY,20541,2024-08-23 11:55:00,8.940145730322316e-05,0.0003384124579284,0.0002693754015530205,0.0003946556182053735,0.00023559901157396064,0.0002610673941653771,2.0,916.8748423539296,963.8993306988751,0.21935520045018506
SPY,20596,2024-08-26 10:00:00,1.7754263242867998e-05,0.0005657114090752,0.0011029674497518038,0.0019751647839508276,0.0009134332401652847,0.0009042954647890404,2.0,12.832866512653831,13.451085081973222,0.022298895246442744
SPY,21429,2024-09-10 14:25:00,0.00021948453440636046,0.0006801236695495,0.00047347623487557365,0.0006905902978814627,0.00043724039548530047,0.0004847852123583443,2.0,380.1938552426796,371.0831723090283,0.11337827827597621
SPY,21563,2024-09-12 12:35:00,0.0005580005724791349,0.0005611493065427,0.0002843079785307496,0.00039521066981050806,0.00023981921435785655,0.00027056521237570064,2.0,898.8596050495177,931.8416679776417,0.21541678515740492
SPY,21619,2024-09-13 10:45:00,0.0,0.0002461133510651,7.349428585227993e-05,0.00030501685777227066,7.121873055621609e-05,7.349428585227993e-05,2.0,11.547242542121351,12.3746267968861,0.04108712559774602
SPY,22272,2024-09-25 13:10:00,0.0003835104562358151,0.0002778193869066,0.00023143821148164599,0.00035793801219581047,0.0002143239872465726,0.0002306240731555456,2.0,967.520283767866,993.9663451457045,0.22426725475748727
SPY,22283,2024-09-25 14:05:00,0.0002711793255504338,0.0003248223875413,0.00027259593273942545,0.0004159632207533472,0.0002495543684967795,0.0002675967155092038,2.0,1199.9366547253221,1275.1549228902554,0.13882881567028038
SPY,22506,2024-09-30 13:10:00,0.00047332299918628474,0.0002826647905496,0.00023221542550652148,0.000355912626914863,0.000214415896186611,0.00023093252431934938,2.0,1234.367833252676,1268.9236748565668,0.28447894649488265
SPY,22573,2024-10-01 12:15:00,0.00019175622612773574,0.00027159654623,0.00023143821148164599,0.0003506486749383205,0.0002131741640987083,0.0002288913744357014,2.0,1220.9767271371913,1253.3944144423097,0.29251874603814193
SPY,22625,2024-10-02 10:05:00,0.0005469735736407355,0.0005713908554101,0.0004100223787041516,0.0006116345655027751,0.0003619647485858103,0.00040481911299033123,2.0,689.3234962203821,719.2947386317658,0.035891918070759206
SPY,22628,2024-10-02 10:20:00,0.0012699758294886327,0.0004780952662694,0.0003620958145078971,0.0005473432100823401,0.0003043567801062954,0.00033881681925500057,2.0,990.3802384258897,1048.9905210395377,0.053041082385378774
SPY,22854,2024-10-07 09:40:00,0.0003333655032670148,0.0005992253649644,0.0004223864899123089,0.0006035437210654116,0.0003570599720153622,0.0004212891510140613,2.0,786.710443370133,826.3750259906424,0.045828565453012275
SPY,22867,2024-10-07 10:45:00,0.0,0.0004081401956624,0.0002853321463853675,0.0004443137396050495,0.0002626073422596566,0.00028054425769627727,2.0,1530.7708947053789,1607.5128617733933,0.25284021505599374
SPY,23086,2024-10-09 16:00:00,0.00024265113818442135,0.0003703621227172,0.00027926135553424174,0.00042774440928851235,0.00024982601532525314,0.00027147379787795614,2.0,1378.0308430650443,1472.1540273826743,0.10754736004410538
SPY,23295,2024-10-14 13:55:00,0.00017155307036296588,0.0004302369175557,0.0002716688811242673,0.00042047795958380016,0.0002472187898870428,0.00026732964577628896,2.0,1417.3164623646187,1505.9948637615125,0.11834523737999114
SPY,23747,2024-10-22 12:35:00,0.0009455731847956983,0.0003222707763818,0.00022848907306477403,0.0003718946226773691,0.00021025335606768254,0.0002269018310240355,2.0,1475.4681553267098,1554.766049966307,0.3173173706046041
SPY,24636,2024-11-06 15:10:00,0.002027551532454661,0.0008699829085016,0.0004016800759567198,0.0006141526699649244,0.0003296636593026234,0.0003960099846268785,2.0,731.7694096475581,765.6188141021793,0.04047168005950565
SPY,25465,2024-11-21 12:45:00,0.0007258793164592381,0.0004125018730478,0.00028954246352581696,0.0004111601097470779,0.00025076273797141414,0.00028509857056848613,2.0,1550.4624490175754,1655.235932492263,0.12815125376661263
SPY,25481,2024-11-21 14:05:00,0.00038780930385291356,0.0004168701988796,0.0003014469476203621,0.00043012122916073807,0.0002583779049591227,0.0003006111016845155,2.0,1433.0583917382385,1526.4014272928048,0.08898624595614961
SPY,26321,2024-12-09 12:35:00,3.290610243963288e-05,0.0002482645808947,0.00023609963514223924,0.0003228757827919666,0.0002139055039460388,0.00023085929228728084,2.0,1292.230793330853,1376.3585603362728,0.1654465670288668
SPY,26457,2024-12-11 10:55:00,0.0,0.0002265972116748,0.00014955755916719733,0.00018872623210696023,0.00011602562521828219,0.00015001125112510012,2.0,385.45433240034356,396.760770554143,0.17354239588690015
SPY,26566,2024-12-12 13:30:00,0.0003791844283064885,0.0002175551238672,0.00019888294147128976,0.0002737462380829614,0.00017508535455745973,0.0001983274392512405,2.0,1163.5599023075754,1155.5493276568502,0.27188806974257784
SPY,26855,2024-12-18 11:35:00,3.30071130360579e-05,0.000165153330855,0.0001486019040289102,0.00019585299679700542,0.00011661710452937056,0.00014835450159496094,2.0,462.77525328827466,559.2221753724443,0.3255788430564278
SPY,28143,2025-01-14 14:55:00,0.0008056705928934824,0.0005713165553295,0.0004565476622051236,0.0006531789077750176,0.0003317299748451134,0.00044092459208072276,2.0,235.31585586264097,240.45810830782116,0.03607740673522485
SPY,28771,2025-01-27 15:15:00,0.00032624926569587825,0.0007488817534743,0.00045641918568273526,0.0006635021950373485,0.0003722504273104823,0.0004508289591394942,2.0,648.8340399965488,681.9304482936121,0.0458317618071813
SPY,28832,2025-01-28 13:50:00,0.000449861300354988,0.0005002588892643,0.0003027143408809318,0.000540046549034424,0.0002810650379310292,0.0002945278480043737,2.0,1083.854368527053,1162.8417885816348,0.08172138987591483
SPY,29174,2025-02-04 09:50:00,0.00018445698431598622,0.0007410629308761,0.00030922522149869275,0.0006600810789703285,0.0002522386190697134,0.00030922522149869275,2.0,21.618899821653432,21.540392948110213,0.013235178068137848
SPY,29454,2025-02-07 13:40:00,0.0014526822933935636,0.0003822443668359,0.0002515849613833617,0.0004064419282167516,0.0002406305556096826,0.0002503316907957274,2.0,1101.2066097334575,1161.490575653501,0.23197607415445465
SPY,29747,2025-02-13 12:05:00,0.00031494758040800155,0.0003896954685541,0.00018135804248978156,0.000268106967227829,0.0001501113328535811,0.00018135804248978156,2.0,137.84416657050556,213.9029205365468,0.1848590452223935
SPY,30038,2025-02-20 10:20:00,0.0,0.0002407388119967,0.00021432163164309548,0.00032428727717717274,0.0001833807071964551,0.00020572604221364018,2.0,795.3676291912208,721.9183015343972,0.1501513332646625
SPY,30578,2025-03-03 09:50:00,0.00023514789231097088,0.0010726986198407,0.00020097472810458008,0.00031711161854707334,0.00020097472810458005,0.00020097472810458008,2.0,4.801515687108613,4.839833122254638,0.009447430772357915
SPY,30920,2025-03-07 12:20:00,0.0009229671434590024,0.0004058147319194,0.00021690707285522745,0.0003161997729545376,0.00018427158333061475,0.0002146826420815593,2.0,1006.1590876523048,988.9853043479652,0.26816538827981695
SPY,30997,2025-03-10 12:15:00,7.041261797044258e-05,0.0006372517592123,0.00040173978461028475,0.0006344124005389948,0.0003551166426375872,0.0003987413694985047,2.0,902.2941569331289,944.4391924811583,0.047958174809667256
SPY,31130,2025-03-12 10:20:00,0.00017879811952017268,0.0009199931219594,0.0004813146859515955,0.001019423254568119,0.0004202269287221341,0.0004813146859515956,2.0,52.79452382287121,53.69046697755118,0.009540145191786498
SPY,31216,2025-03-13 11:00:00,0.0005548048929346327,0.0005826662180834,0.0003379919928075322,0.0004990968750483344,0.00029831452515771554,0.0003344313861581657,2.0,1279.3279536287891,1287.576019249103,0.18879703352343608
SPY,31557,2025-03-19 13:25:00,0.00032020493389192884,0.0003547051810999,0.00028651605107210575,0.0004046057763304623,0.00023231887529410024,0.00027996473150561287,2.0,982.8773759747353,1037.2050889603454,0.2181257188080268
SPY,31689,2025-03-21 11:25:00,0.00026663585699193405,0.0009035974567123,0.0003964731182831867,0.0006111918066648329,0.00039647311828318674,0.0003964731182831867,2.0,11.975867987169385,12.662627009342387,0.016587179220486595
SPY,32007,2025-03-27 11:55:00,0.00010553718436581019,0.0004665930931127,0.0003359182685096255,0.0005024361664629187,0.00030066411623439534,0.00033540727141981275,2.0,1058.9637560598667,1122.1481834156034,0.07399402996830255
SPY,32100,2025-03-28 13:10:00,0.0015051310091763338,0.0005354940889764,0.0003464117550705014,0.0005323486676549571,0.00032126220626467337,0.00034785633884109257,2.0,1072.9562547356713,1127.9996727578591,0.056537127374955844
SPY,33222,2025-04-17 15:40:00,0.001459314760206819,0.0009096711846779,0.0006621746414318566,0.0010245511958771193,0.0006089497947472145,0.0006582969156714046,2.0,370.87289453527404,373.3497422086672,0.011441756942102253
SPY,33716,2025-04-29 11:20:00,0.0005990252405047168,0.00069789048798,0.0004840888881715755,0.0008759472761014049,0.0004613937722711915,0.00047727213371613186,2.0,71.00489960167006,77.79939805965375,0.03624517324251231
SPY,34281,2025-05-08 12:55:00,0.0010069337952763554,0.0008617798795071,0.0005011634255604345,0.0008352731205266287,0.00047286243421682835,0.0004920980510017339,2.0,868.7235822770486,899.2186965696301,0.02659716257279991
SPY,34476,2025-05-13 09:40:00,3.441866868926396e-05,0.00087714657078,0.0005805311142995091,0.0009585206613330374,0.0005214561330815407,0.0005681867248822964,2.0,808.725375178997,836.186658749514,0.020986211039997916
SPY,34479,2025-05-13 09:55:00,0.00012042285640381122,0.0005127742974806,0.0006590255566386218,0.001154397436610524,0.0005926616578981202,0.0006590255566386216,2.0,606.960719213011,618.372735996496,0.017017429503974127
SPY,35454,2025-05-30 13:10:00,0.0005102474810934645,0.0003634166797416,0.0003918662252944061,0.0006300618518200506,0.00037053266558114686,0.00039185954892377746,2.0,995.7493817416027,1014.9298231734883,0.03269568627618936
SPY,36304,2025-06-16 12:30:00,1.3637253384179053e-05,0.0004191438563771,0.00030527619252410413,0.0004684060480658667,0.0002857193897901074,0.00030484707074804286,2.0,1158.9741144628574,1133.206284719952,0.24859291890781732
SPY,36601,2025-06-23 11:15:00,0.0004881127805726925,0.0004608184648622,0.0003561887838190611,0.000513474896924442,0.00032080986943703845,0.0003538779158132381,2.0,1544.7698472356778,1595.6600981837114,0.06379203233466031
SPY,36797,2025-06-25 14:35:00,0.0001316222443493565,0.0003408434891215,0.0003211656650804576,0.0004781051820607079,0.0002913328498389934,0.00031643725230101746,2.0,1401.5816388048306,1443.4487794159563,0.07876721272076788
SPY,36863,2025-06-26 13:35:00,9.850114105119037e-05,0.00030002205493,0.00029615965760428043,0.0004488915119538486,0.0002680067017717513,0.0002889981680370701,2.0,1264.513298063916,1292.2798840577204,0.08663122975566337
TLT,800,2023-08-22 11:20:00,0.00032263268548941566,0.0004258605248015,0.0005380683476600813,0.0006161501054319162,0.0004005343263973173,0.0005380683476601115,2.0,407.2644318313375,413.61915376528196,0.1403533723951075
TLT,804,2023-08-22 11:40:00,0.00010757893614797108,0.000533946776821,0.0005288487087137168,0.0006209580975213055,0.00037319200024148907,0.0005295768804590892,2.0,426.4137199506383,430.4064357557876,0.127393279867761
TLT,973,2023-08-24 12:45:00,0.00010529086611459178,0.0006886933853268,0.0005793285217988175,0.000718138692917282,0.0004840661651601579,0.0005809194533730345,2.0,574.9337320531451,593.8819641101663,0.17009657813987394
TLT,2253,2023-09-18 15:25:00,0.00037641492122986983,0.000554261992998,0.0005200177585253012,0.0005910240296698205,0.00036109463650973376,0.0005225954575634871,2.0,1294.0461424562718,1332.697444809742,0.08765875352497443
TLT,2309,2023-09-19 13:35:00,0.0008624194567084974,0.0005959382280133,0.0005267871375047803,0.0006068199722804049,0.00041339397033536383,0.000527122246992378,2.0,1342.8642179958188,1365.172728456828,0.13045455845812343
TLT,2502,2023-09-22 10:10:00,0.0,0.0005535423596596,0.0005253480551609957,0.0006012546517702366,0.0003910780679157398,0.0005265097789190758,2.0,1526.9308035873776,1573.2995962446014,0.14464943811926986
TLT,2652,2023-09-26 09:40:00,0.000223189377112263,0.0005574446420431,0.0005244663675052187,0.0006155967800123856,0.0004201680734082397,0.0005252711510114509,2.0,1413.591428883211,1454.8917659709757,0.061804118758801575
TLT,2683,2023-09-26 12:15:00,0.0005555864357591604,0.0005255756775687,0.0005250170751144216,0.00060065670963774,0.0003695198922929339,0.0005253480551609957,2.0,1566.8498658639498,1600.695319414209,0.1495572664317438
TLT,2885,2023-09-29 09:35:00,0.008231427206885453,0.0007508139997135,0.0005850597193718136,0.0006723040031514973,0.0005029255008214622,0.0005870267265726302,2.0,917.723913174823,936.6299934760935,0.02944688513729339
TLT,3878,2023-10-17 14:20:00,0.0005301446240857092,0.0009325398987883,0.0008521517345662405,0.0009424320215356105,0.0007380702637262386,0.0008521517345662403,2.0,296.02443490247526,295.6099113088144,0.024541043459203406
TLT,4115,2023-10-20 14:35:00,0.002048070109311161,0.0008820685257738,0.0007507910472265313,0.0008900695742729745,0.0005961112683755773,0.0007497333030906728,2.0,746.6185206674091,755.0030565089628,0.02199814611584016
TLT,4210,2023-10-23 16:00:00,0.0019464264307678843,0.0009625074803087,0.0007845335230079013,0.0009534868965562009,0.0006428049892631979,0.0007805966384658314,2.0,616.0470509959079,623.8327628367331,0.021066434878951417
TLT,5022,2023-11-07 12:10:00,0.0009170106098813723,0.0007454418308851,0.000801419700573463,0.0009464774265934173,0.0006030272148004631,0.0008014197005734628,2.0,1255.9639508312766,1279.9925787768698,0.11615223513256671
TLT,5205,2023-11-09 14:25:00,0.0014617419817558798,0.0009382373203227,0.0008149232831775976,0.0009669664463189966,0.0006859887080879117,0.0008149232831775979,2.0,800.0052895186745,810.5132701565925,0.026167124548601282
TLT,5581,2023-11-16 13:15:00,0.00044822950100517026,0.0006980615186021,0.0006955715559830756,0.0007959735199618105,0.0005651314080894671,0.0006955715559830756,2.0,996.4033736579738,992.4551305298755,0.15484927106366725
TLT,6123,2023-11-28 12:55:00,0.0008792175530661727,0.0006374643692434,0.0006000600240059373,0.0006902791188148689,0.0004571951159762244,0.0005997001678981117,2.0,915.4787372245414,941.2858683787557,0.17248096258503864
TLT,6271,2023-11-30 12:15:00,0.0007590956282742533,0.0006354359602516,0.0005695734049293306,0.0006536995261528934,0.00044597168247247423,0.0005683432946392234,2.0,984.2826614681065,974.4630556947902,0.17049539096272712
TLT,6282,2023-11-30 13:10:00,0.0004336043428369099,0.0006054372092483,0.0005560189189674899,0.0006106115440764152,0.0004388852385567462,0.0005566379214140887,2.0,834.2509553741219,836.4696227353427,0.16472544158523902
TLT,6902,2023-12-12 12:50:00,0.0006307821908055922,0.00052595615771,0.0004551143553353206,0.0005549733642489551,0.00035883021735423864,0.0004547004739020663,2.0,1027.9103936768847,1022.2559250127143,0.18776670808332654
TLT,6985,2023-12-13 13:15:00,0.0010524101160778391,0.0006410490211788,0.0005494203753393448,0.0006398570533897305,0.0004349244387356793,0.0005491186783414196,2.0,1189.4358985576935,1196.07119695808,0.1363665117386126
TLT,7465,2023-12-21 14:15:00,0.0012049404008315106,0.0005586799004382,0.0005683432946392234,0.0007105969185798231,0.00044081993219914287,0.0005641749091816798,2.0,1358.2983320235564,1409.6639032945693,0.09238830365069652
TLT,7484,2023-12-21 15:50:00,0.001411432838407736,0.0006810448062534,0.0006534678629001769,0.0007598098124667847,0.000493463798287115,0.000650265548002937,2.0,1265.9952191087593,1321.9296354324033,0.0838231167984149
TLT,8116,2024-01-05 10:00:00,0.00010345005957605283,0.0005487667755012,0.0005041593250221109,0.0006268663218691607,0.0004039588016960476,0.0005036514838270853,2.0,329.56405850916593,331.6691879923231,0.05041498936505503
TLT,8483,2024-01-11 14:35:00,0.0006751668697624161,0.0009385196519524,0.0007410955117194782,0.0013433516299817133,0.0007035203364009917,0.0007410955117194782,2.0,66.52129365893167,67.22027293994175,0.013819766804298453
TLT,8673,2024-01-17 10:55:00,0.0,0.0005641257847463,0.0005051888263295405,0.0006278839881749838,0.0004041220503575809,0.0005043118771467148,2.0,1435.4139183549612,1481.0721531055888,0.1591626835686904
TLT,8847,2024-01-19 12:25:00,0.0,0.0005038921924052,0.0004193311729334422,0.0005057347906514565,0.00031310337885592267,0.0004159733837020295,2.0,1244.221803618205,1241.3956982500974,0.23174703044879988
TLT,9448,2024-01-31 10:30:00,0.00020826825025829546,0.0002271883494448,0.00031448189367623005,0.0005682319854197499,0.00031448189367623,0.00031448189367623005,2.0,9.061318161831641,9.705471965351819,0.026344678515655653
TLT,9945,2024-02-08 12:55:00,0.00021251726782793183,0.0004918258582262,0.0004237288198993028,0.0005054865473650572,0.00031507640863507393,0.0004237288198993028,2.0,1188.821190232134,1184.444462201831,0.25518823032720944
TLT,10130,2024-02-12 15:20:00,0.0004266894299096414,0.0005410703132906,0.00042575838854945155,0.0005862919020281862,0.0003208384605887269,0.0004252152716348504,2.0,1461.8320992193514,1490.901312072671,0.18523676425186267
TLT,10831,2024-02-26 15:15:00,0.00026684456462548517,0.0006338076023882,0.00042623475524086426,0.0005836249172580272,0.0003224592923087985,0.0004260758479457591,2.0,1511.5188975004285,1556.8457006401625,0.14230730762795865
TLT,11017,2024-02-29 11:15:00,0.0,0.000437888948802,0.0004249893816623445,0.0004995806454994733,0.0003177797812877361,0.00042489909285939776,2.0,1336.0670263481666,1326.2478737295155,0.2515724082883831
TLT,12230,2024-03-21 14:50:00,0.00032298003187579844,0.000598730893028,0.0004843527258805919,0.000577828399094998,0.00042209677195048927,0.0004843527258805918,2.0,896.974867714158,926.6358403653315,0.04637303015792496
TLT,12341,2024-03-25 11:05:00,0.00010668373616543343,0.0003206991663979,0.0003233455514268284,0.0004232126170141109,0.00021493820609345016,0.0003233978360530584,2.0,1186.7356470765399,1192.5974556782835,0.25298505371213126
TLT,12462,2024-03-26 14:40:00,0.00016061246922670965,0.0005701332192976,0.0004262822854522296,0.0005072455956526901,0.00032052994558314077,0.00042623475524086426,2.0,1610.975282309758,1666.1043904630926,0.1473527651672869
TLT,12639,2024-04-01 09:55:00,0.0,0.000883362090368,0.0007478233348884706,0.0006411712671436343,0.0003210788276098765,0.0007478233348884706,2.0,5.665168906004988,5.445746332724545,0.01611680187592466
TLT,12653,2024-04-01 11:05:00,0.0,0.0002038936853956,0.00042185193622867737,0.0004199199686889706,0.0002163331538992517,0.0004231013390810271,2.0,225.87952569788067,249.49852638904662,0.09038650035778435
TLT,13486,2024-04-15 15:30:00,0.0006752194719740305,0.0006655099073345,0.00044252683541049366,0.0005457194317974355,0.0003750905434934378,0.00043970540446810753,2.0,1119.5325705927346,1160.355940655996,0.040564055070764236
TLT,13572,2024-04-17 09:40:00,0.001807910096955002,0.0006160302821558,0.0005239168139959053,0.0005847516457182231,0.00041810390490948027,0.0005221634877109337,2.0,1147.1628807929494,1190.531619304395,0.045934188211989635
TLT,13663,2024-04-18 10:45:00,0.00022346368808088133,0.0003274782761814,0.00042557719548587316,0.0004722783735443787,0.00031241864351998775,0.0004253056948744958,2.0,1338.9191620479146,1322.9450397164017,0.08041812012432248
TLT,14680,2024-05-07 11:00:00,0.00011038136773707541,0.0003488807338701,0.0004454839142613588,0.0005418046493143916,0.0003323179205326811,0.00044267375667547833,2.0,1002.4346241265943,976.3602249522401,0.09220645424474236
TLT,15039,2024-05-13 14:55:00,0.00027832264400641017,0.000401548668513,0.00043431053885738854,0.0005413276680879772,0.0003264950782662996,0.0004345936617728605,2.0,1478.8777506018728,1491.1492130909498,0.19492473007107256
TLT,16831,2024-06-14 14:45:00,0.0003169907042604602,0.0006483323680169,0.0004297378665188914,0.0005164846066473001,0.0003301964698979642,0.0004297378665188914,2.0,1248.0782929887216,1284.2831809958293,0.04720259858867738
TLT,17312,2024-06-25 15:50:00,0.00015922299213639863,0.0004733574016988,0.0003300874761775622,0.0004923944560024107,0.00026771611543187964,0.00033001485366342164,2.0,1663.4270281527376,1705.2907496141047,0.15293151219751872
TLT,17952,2024-07-09 10:40:00,0.00021607605961333786,0.0004097963689646,0.0003290736606233024,0.0004871389054540335,0.00022084805743465417,0.00032900148347429694,2.0,1212.471015556001,1193.3663411096595,0.21536212053421333
TLT,18259,2024-07-15 10:15:00,0.0,0.0004645350500085,0.0003756674850308474,0.0005043633402515978,0.00031943779220678926,0.000375284818772578,2.0,1536.1141842641211,1570.5011806581583,0.09442686291867497
TLT,18507,2024-07-18 11:25:00,0.00021331058101367104,0.00041746923125,0.00032972468287957167,0.00050317883923109,0.0003165391743655392,0.0003298334371059895,2.0,1484.3010479973368,1519.713540631913,0.2481531024200247
TLT,19957,2024-08-13 15:15:00,0.0,0.0004929154947149,0.00042467353860442395,0.0005441137152704494,0.0003244821833673803,0.000422386489912328,2.0,1699.94350665331,1741.1271172097167,0.08283787888378581
TLT,20215,2024-08-19 10:45:00,0.0003067955231917836,0.0004296297466642,0.00041545492911648134,0.0005196144266742035,0.00032149172435717675,0.00041526084167979236,2.0,1284.8559453867401,1292.0668587305045,0.06662196593662074
TLT,20276,2024-08-19 15:50:00,0.0007340034293790585,0.000578627350679,0.00041653650503318607,0.0005297017363396659,0.00032280626524465005,0.0004164931338841594,2.0,1711.1117734099714,1753.7349962571952,0.07903508875949526
TLT,20761,2024-08-28 10:45:00,0.0003051726792413581,0.000372980484356,0.000410088174703554,0.0005136913220176122,0.0003210788276098765,0.00040950041522292444,2.0,1721.3479752710552,1727.612216141089,0.112186299022714
TLT,20901,2024-08-29 15:55:00,0.0004610682385644253,0.0004495345038767,0.00040945849686610796,0.0004946041884791852,0.00031212610147799,0.00040924903374549315,2.0,1812.0442304740181,1840.1672885420587,0.1172900179720806
TLT,21198,2024-09-05 14:40:00,0.0014131424578379052,0.0005287216200261,0.0004316857394904037,0.0005849704021699985,0.00040477636658729614,0.0004316424676366013,2.0,1637.6008073587964,1677.166070256751,0.09973296021028355
TLT,21472,2024-09-11 11:30:00,0.0001979022369411684,0.0002484812716256,0.0004095423421631685,0.0005409181941551983,0.0003240965836179195,0.00040924903374547255,2.0,1301.1097439975454,1302.3771573973997,0.048047373988441715
TLT,21887,2024-09-18 13:35:00,9.97306773095327e-07,0.0005136250679962,0.00040883074976647124,0.0005429651407235891,0.0003506525843551088,0.00040849673770656386,2.0,1718.6895795031487,1754.6032953124213,0.09310476254307236
TLT,22193,2024-09-24 13:05:00,0.00010217113674266216,0.000533833434183,0.0004050222817619175,0.0005059201122244224,0.00030682690089865977,0.00040477636658729614,2.0,1789.4328849953508,1809.0559736155064,0.20419537045438352
TLT,22220,2024-09-24 15:20:00,0.00046977963329296644,0.0004922671366487,0.0004060089377738113,0.0005238939565171412,0.00031152648227027565,0.0004055972474991435,2.0,1831.4376151916763,1872.676044365908,0.1317092364333079
TLT,22942,2024-10-08 10:30:00,0.00021088148538709453,0.000402558191227,0.00039761431935387203,0.00048467744444318303,0.0003046767910635065,0.00039670733437050475,2.0,1632.8168886410986,1637.0854145240623,0.2188594982703052
TLT,24476,2024-11-04 14:50:00,0.0009211346862465818,0.000533820816218,0.00040666938340036074,0.0005224062345880417,0.00032462262904776564,0.0004064214646472547,2.0,1723.1070300606523,1758.8773142113862,0.10183221609523699
TLT,24952,2024-11-12 15:30:00,0.0006542005357890893,0.0005782293530387,0.0004336983695867597,0.0005815878088715577,0.000378102470272684,0.00043351035684884574,2.0,1706.4476940890297,1731.305017316989,0.12839481314571763
TLT,24971,2024-11-13 10:35:00,0.0005496015527188268,0.000547777313828,0.00044331154444293686,0.000617751937736926,0.00042341484701584006,0.00044319162794857715,2.0,1415.0726090397486,1446.5334213481794,0.0777200556000275
TLT,25120,2024-11-15 10:00:00,0.0007727549095698807,0.0007675201065214,0.0004498065691372593,0.0006476654649054847,0.00043206541793531475,0.0004498065691372593,2.0,1309.7904219335192,1339.581882062703,0.06272751549349154
TLT,25883,2024-11-29 15:05:00,0.0005330206405179968,0.0005514296809675,0.00043308792361642626,0.0005421819368168904,0.0003327233436117565,0.0004329941613438862,2.0,1566.9487431323748,1579.5031508851034,0.1136252058791295
TLT,25946,2024-12-02 13:50:00,0.00042909247601069186,0.0005406594182905,0.00043516101644047484,0.0005606912220146265,0.0003836772773093124,0.00043501903894286795,2.0,1636.69970275926,1650.994664104241,0.12900893583888665
TLT,26629,2024-12-13 12:15:00,0.00010995656726675888,0.0004581013110028,0.00033246523274046286,0.0004628287901279449,0.00032564450762671436,0.00033107101775656505,2.0,1187.527651323456,1176.7926037163056,0.15904195988468267
TLT,26814,2024-12-17 14:40:00,0.0003136534243755695,0.0006411631888653,0.0005496015527187792,0.0007322586683942361,0.0004662570707908826,0.0005494807545254278,2.0,993.0928795376142,1017.5147271588645,0.06009151605388413
TLT,27041,2024-12-20 14:05:00,0.0014658625841816838,0.0005492879241976,0.00044198895747156355,0.0006199645983758003,0.0004274139761221402,0.00044179368953616537,2.0,1684.9702066963223,1716.966342626468,0.0670294563300337
TLT,27332,2024-12-27 12:20:00,0.00022920009268340198,0.0004122556994495,0.00033114410590140463,0.00044553020639061225,0.00031967606431322615,0.0003309249382139343,2.0,1329.7273369208738,1311.8709014818342,0.24108380493119258
TLT,27355,2024-12-27 14:15:00,6.86108700212825e-06,0.0004654222779158,0.0004270766667518434,0.000509280047920993,0.0003310344857816884,0.00042671218910762397,2.0,1753.2709581133463,1770.2832881568113,0.23253129907236317
TLT,27503,2024-12-31 13:35:00,0.00045336054273062133,0.0004994596644278,0.00042771600309895834,0.0005260553668141586,0.0003327233436118544,0.0004270766667518434,2.0,1790.4052023494485,1815.8080496532034,0.19924310713210455
TLT,27723,2025-01-06 12:25:00,0.00022912132074104347,0.0005124791372745,0.00034405642864761515,0.0004887469785001778,0.0003306696089651035,0.0003434655709533619,2.0,1795.9259964154398,1827.8333297600016,0.37229420128326673
TLT,27739,2025-01-06 13:45:00,0.0008032589794459971,0.0005571034532056,0.0004410143401136385,0.0005586227074818807,0.0003626172265439439,0.0004405771632011911,2.0,1723.6208954179892,1768.04834424094,0.13575655681102833
TLT,27954,2025-01-10 12:10:00,0.00011650259231441982,0.0004213468690221,0.0003411222956495219,0.0004534002716421609,0.00032256330584502763,0.00034077355926991797,2.0,1693.1423575093513,1691.0313077081469,0.24663921352664775
TLT,28181,2025-01-15 11:35:00,0.00011699327302024677,0.000590478200711,0.0003871574396414326,0.0005102132342376545,0.0003403869097369427,0.0003516792721315051,2.0,1714.3522636123457,1738.0133660816991,0.09388262787164131
TLT,28474,2025-01-22 10:00:00,0.0001137332955448697,0.0004906186805768,0.0004280658943521861,0.0005376474521575031,0.00034504665107587643,0.0004267804812711671,2.0,1778.7354723224594,1824.4918915708033,0.09054559045340807
TLT,28631,2025-01-24 10:05:00,0.0002300172523079029,0.0004700426090346,0.00045423575616355635,0.0005589438254949595,0.00037128276341971933,0.00045387496524099927,2.0,1560.7480641469474,1603.7829781640794,0.05849065257038428
TLT,29028,2025-01-31 10:40:00,0.0001132823563942457,0.0004699304374627,0.0003514958451962158,0.0005243667622920562,0.00034330835148646,0.0003511030523514867,2.0,1886.0992295164301,1925.613480950822,0.22612006490987924
TLT,29480,2025-02-07 15:50:00,0.0010112928554453556,0.0005004092407334,0.0004554252612019743,0.0005849641837683766,0.00039726455503889563,0.000455216522344157,2.0,1638.792239086115,1681.2296561200221,0.06674680328413396
TLT,29651,2025-02-12 10:35:00,0.00033973161529395177,0.0004166896117263,0.0003461006033623606,0.00047822832998631543,0.00034015534088393704,0.0003458013981781829,2.0,1733.2391330162905,1734.751941998914,0.2469970288691391
TLT,30138,2025-02-21 12:10:00,0.0,0.0004600261908235,0.0003415106186074923,0.0004558963598860165,0.00033350008646598604,0.000341471746531259,2.0,1303.7643863570854,1280.3605632939643,0.2235934633295315
TLT,30260,2025-02-24 15:50:00,0.0007782966814934248,0.0006184268165208,0.0004485461196826868,0.0005442838479552019,0.00034296112512939325,0.0004480286813294443,2.0,1779.7699327021603,1821.4672857990927,0.09450297602865505
TLT,30288,2025-02-25 11:40:00,0.00011046672201235898,0.000482581208826,0.0003422118324618455,0.0004836689126949596,0.0003374008916898224,0.0003419777747776198,2.0,1539.4016741615646,1527.486534303821,0.23910304688397505
TLT,30816,2025-03-06 10:10:00,0.000885935827602926,0.0005398012247505,0.0005499340217786652,0.0007317986913387845,0.0004922471179879344,0.0005519809219693508,2.0,354.7969000709108,360.40838385520595,0.025048636302084953
TLT,30842,2025-03-06 12:20:00,0.00011093238682409207,0.0004942504007502,0.000341471746531259,0.00047628174954853826,0.00033525172130504066,0.00034135518337943566,2.0,1492.9126689485454,1481.1640715743029,0.2825693159121386
TLT,30958,2025-03-07 15:30:00,0.00044072279250176403,0.0005806539973769,0.0005482456277674096,0.0007328464330018341,0.00047089126969694666,0.0005482456277674096,2.0,676.9817466216698,693.8794789715579,0.019992049493576997
TLT,31147,2025-03-12 11:45:00,0.0002213613733443498,0.0004761851231454,0.0003395393615327054,0.0004759795693610923,0.0003302288873181632,0.0003395009368885229,2.0,1288.4760912135446,1275.1721849000483,0.2517450247940897
TLT,31325,2025-03-14 13:35:00,0.00022216051188283026,0.0005304720863617,0.00044350815673198114,0.0005537334907067868,0.0003389639035901446,0.0004433606811706759,2.0,1676.8891416410495,1700.663040544087,0.111920522901811
TLT,31632,2025-03-20 13:10:00,0.0007595898580185516,0.0005593773369022,0.00044635841083502474,0.0005813647562564315,0.0003822734393820726,0.00044568245863061003,2.0,1698.0305606724512,1727.1224086598706,0.17909851511321814
TLT,31932,2025-03-26 12:10:00,0.00011207621194138593,0.0005374139668817,0.00033881077742369187,0.0005062146893044441,0.00033121722632366106,0.00033877251749648944,2.0,1382.5773540630255,1373.8728012645054,0.28131025821985606
TLT,33166,2025-04-17 11:00:00,0.00022693747969854068,0.0006294952103504,0.0004433606811706759,0.0005979370136578549,0.00038617494204595137,0.0004432869801630025,2.0,1158.764569508872,1159.2087079698451,0.13801228802337265
TLT,34008,2025-05-05 09:40:00,0.00011425307067565129,0.0007394626275891,0.00044792833895625824,0.0006261077877477065,0.00038617494204595137,0.0004466778410392065,2.0,1291.0135534775125,1295.768227068011,0.11442432688018392
TLT,34164,2025-05-07 09:40:00,0.00011417480174537865,0.0012161043542713,0.0005112619760867072,0.0006835467229336702,0.0004435573370571367,0.0005008208000954969,2.0,1423.6929419102912,1445.2455057744387,0.09857673997063628
TLT,34800,2025-05-19 10:40:00,0.0003538779158133621,0.0002662255563321,0.0005316603878756175,0.00030694226230411245,0.0005316603878756175,0.0005316603878756175,2.0,2.8634105455305003,2.852494454177307,0.009205019631592941
TLT,35021,2025-05-22 09:35:00,0.009482058645176922,0.0006349654235639,0.0004617338186617009,0.0006809515308684019,0.00044531033299189835,0.0004614142428155234,2.0,1463.0918927297787,1486.2602401069523,0.04508214577640135
TLT,35198,2025-05-27 11:20:00,0.0007029053710213593,0.0005141385944961,0.00045573659214230046,0.0006327649373895859,0.00039982865019306624,0.0004550625789565173,2.0,813.8248787330635,812.6792883517132,0.0545538516921755
TLT,35252,2025-05-27 15:50:00,0.0003525965503085097,0.000605680608779,0.00046778155454806915,0.0006821883921429835,0.00045284330182747634,0.0004676509299652372,2.0,1530.497153485418,1555.470235311467,0.04032561529834293
TLT,35674,2025-06-04 12:00:00,0.0015266282102998783,0.0004492589465208,0.0004510599986264239,0.000589897836884772,0.00035006085717674334,0.00044923630584808643,2.0,1239.176533784784,1224.4908421021914,0.22603465832115716
TLT,36295,2025-06-16 11:45:00,0.0003493043058163773,0.0005113036228312,0.0004088904522636153,0.0005954805989459583,0.0003511852538288089,0.0004510599986264239,2.0,1415.2873652108537,1414.7145490232012,0.1720628214360033
TLT,36486,2025-06-18 14:40:00,0.0003457814695586764,0.0005975056495513,0.00046625481669950104,0.0006361290767309237,0.0004290726790364544,0.00046641791890339316,2.0,1782.66120850553,1808.5245094594177,0.06358300616566648
TLT,36894,2025-06-27 09:40:00,0.00022802417155012514,0.0007769249300554,0.0004612373780657421,0.0006096677438445613,0.0003526300359784574,0.0004612546207239423,2.0,1714.8644830281394,1735.2811305132363,0.15510628695437745
TLT,36967,2025-06-27 15:45:00,0.00042683361251277,0.0005736428401772,0.0004631774052234732,0.0006280891341581843,0.0004042387373499882,0.0004636606087471221,2.0,1718.3256231263179,1733.9913776389487,0.12630965833513802
